Date,Price,Cash,Inventory,Avg_Cost,Total_Value
2026-04-29 17:40:00,53.7598991394043,1000.0,0,0.0,1000.0
2026-04-29 17:45:00,53.77000045776367,1000.0,0,0.0,1000.0
2026-04-29 17:50:00,53.775001525878906,1000.0,0,0.0,1000.0
2026-04-29 17:55:00,53.790000915527344,1000.0,0,0.0,1000.0
2026-04-29 18:00:00,53.730098724365234,1000.0,0,0.0,1000.0
2026-04-29 18:05:00,53.71500015258789,1000.0,0,0.0,1000.0
2026-04-29 18:10:00,53.729698181152344,1000.0,0,0.0,1000.0
2026-04-29 18:15:00,53.77000045776367,1000.0,0,0.0,1000.0
2026-04-29 18:20:00,53.77000045776367,1000.0,0,0.0,1000.0
2026-04-29 18:25:00,53.74449920654297,1000.0,0,0.0,1000.0
2026-04-29 18:30:00,53.744998931884766,1000.0,0,0.0,1000.0
2026-04-29 18:35:00,53.76499938964844,1000.0,0,0.0,1000.0
2026-04-29 18:40:00,53.72999954223633,1000.0,0,0.0,1000.0
2026-04-29 18:45:00,53.775001525878906,1000.0,0,0.0,1000.0
2026-04-29 18:50:00,53.79499816894531,1000.0,0,0.0,1000.0
2026-04-29 18:55:00,53.84000015258789,1000.0,0,0.0,1000.0
2026-04-29 19:00:00,53.834999084472656,1000.0,0,0.0,1000.0
2026-04-29 19:05:00,53.83000183105469,1000.0,0,0.0,1000.0
2026-04-29 19:10:00,53.86000061035156,1000.0,0,0.0,1000.0
2026-04-29 19:15:00,53.869998931884766,1000.0,0,0.0,1000.0
2026-04-29 19:20:00,53.86989974975586,1000.0,0,0.0,1000.0
2026-04-29 19:25:00,53.8650016784668,1000.0,0,0.0,1000.0
2026-04-29 19:30:00,53.829898834228516,1000.0,0,0.0,1000.0
2026-04-29 19:35:00,53.839900970458984,1000.0,0,0.0,1000.0
2026-04-29 19:40:00,53.82320022583008,1000.0,0,0.0,1000.0
2026-04-29 19:45:00,53.825801849365234,1000.0,0,0.0,1000.0
2026-04-29 19:50:00,53.839698791503906,1000.0,0,0.0,1000.0
2026-04-29 19:55:00,53.875,1000.0,0,0.0,1000.0
2026-04-30 13:30:00,53.90999984741211,1000.0,0,0.0,1000.0
2026-04-30 13:35:00,53.8650016784668,1000.0,0,0.0,1000.0
2026-04-30 13:40:00,53.91999816894531,1000.0,0,0.0,1000.0
2026-04-30 13:45:00,53.88999938964844,1000.0,0,0.0,1000.0
2026-04-30 13:50:00,53.80149841308594,1000.0,0,0.0,1000.0
2026-04-30 13:55:00,53.810001373291016,1000.0,0,0.0,1000.0
2026-04-30 14:00:00,53.85499954223633,1000.0,0,0.0,1000.0
2026-04-30 14:05:00,53.790000915527344,1000.0,0,0.0,1000.0
2026-04-30 14:10:00,53.814998626708984,1000.0,0,0.0,1000.0
2026-04-30 14:15:00,53.782100677490234,1000.0,0,0.0,1000.0
2026-04-30 14:20:00,53.818599700927734,1000.0,0,0.0,1000.0
2026-04-30 14:25:00,53.79970169067383,1000.0,0,0.0,1000.0
2026-04-30 14:30:00,53.78150177001953,1000.0,0,0.0,1000.0
2026-04-30 14:35:00,53.749900817871094,1000.0,0,0.0,1000.0
2026-04-30 14:40:00,53.82500076293945,1000.0,0,0.0,1000.0
2026-04-30 14:45:00,53.86899948120117,1000.0,0,0.0,1000.0
2026-04-30 14:50:00,53.92250061035156,1000.0,0,0.0,1000.0
2026-04-30 14:55:00,53.95000076293945,1000.0,0,0.0,1000.0
2026-04-30 15:00:00,53.959999084472656,1000.0,0,0.0,1000.0
2026-04-30 15:05:00,53.989898681640625,1000.0,0,0.0,1000.0
2026-04-30 15:10:00,53.98500061035156,1000.0,0,0.0,1000.0
2026-04-30 15:15:00,53.98979949951172,1000.0,0,0.0,1000.0
2026-04-30 15:20:00,53.97999954223633,1000.0,0,0.0,1000.0
2026-04-30 15:25:00,53.9900016784668,1000.0,0,0.0,1000.0
2026-04-30 15:30:00,53.994998931884766,1000.0,0,0.0,1000.0
2026-04-30 15:35:00,53.95500183105469,1000.0,0,0.0,1000.0
2026-04-30 15:40:00,53.94419860839844,1000.0,0,0.0,1000.0
2026-04-30 15:45:00,53.95989990234375,1000.0,0,0.0,1000.0
2026-04-30 15:50:00,53.994998931884766,1000.0,0,0.0,1000.0
2026-04-30 15:55:00,53.974998474121094,1000.0,0,0.0,1000.0
2026-04-30 16:00:00,53.970001220703125,1000.0,0,0.0,1000.0
2026-04-30 16:05:00,53.97999954223633,1000.0,0,0.0,1000.0
2026-04-30 16:10:00,54.01499938964844,1000.0,0,0.0,1000.0
2026-04-30 16:15:00,54.02000045776367,1000.0,0,0.0,1000.0
2026-04-30 16:20:00,53.994998931884766,1000.0,0,0.0,1000.0
2026-04-30 16:25:00,54.0,1000.0,0,0.0,1000.0
2026-04-30 16:30:00,54.00910186767578,1000.0,0,0.0,1000.0
2026-04-30 16:35:00,54.002498626708984,1000.0,0,0.0,1000.0
2026-04-30 16:40:00,53.97909927368164,1000.0,0,0.0,1000.0
2026-04-30 16:45:00,53.989898681640625,1000.0,0,0.0,1000.0
2026-04-30 16:50:00,53.95000076293945,1000.0,0,0.0,1000.0
2026-04-30 16:55:00,53.95000076293945,1000.0,0,0.0,1000.0
2026-04-30 17:00:00,54.0,1000.0,0,0.0,1000.0
2026-04-30 17:05:00,54.0,1000.0,0,0.0,1000.0
2026-04-30 17:10:00,54.03499984741211,1000.0,0,0.0,1000.0
2026-04-30 17:15:00,54.025001525878906,1000.0,0,0.0,1000.0
2026-04-30 17:20:00,54.03499984741211,1000.0,0,0.0,1000.0
2026-04-30 17:25:00,54.04999923706055,1000.0,0,0.0,1000.0
2026-04-30 17:30:00,54.07500076293945,1000.0,0,0.0,1000.0
2026-04-30 17:35:00,54.084999084472656,1000.0,0,0.0,1000.0
2026-04-30 17:40:00,54.080101013183594,1000.0,0,0.0,1000.0
2026-04-30 17:45:00,54.091400146484375,1000.0,0,0.0,1000.0
2026-04-30 17:50:00,54.10499954223633,1000.0,0,0.0,1000.0
2026-04-30 17:55:00,54.130001068115234,1000.0,0,0.0,1000.0
2026-04-30 18:00:00,54.16849899291992,1000.0,0,0.0,1000.0
2026-04-30 18:05:00,54.154998779296875,1000.0,0,0.0,1000.0
2026-04-30 18:10:00,54.154998779296875,1000.0,0,0.0,1000.0
2026-04-30 18:15:00,54.1599006652832,1000.0,0,0.0,1000.0
2026-04-30 18:20:00,54.14500045776367,1000.0,0,0.0,1000.0
2026-04-30 18:25:00,54.14500045776367,1000.0,0,0.0,1000.0
2026-04-30 18:30:00,54.15769958496094,1000.0,0,0.0,1000.0
2026-04-30 18:35:00,54.165000915527344,1000.0,0,0.0,1000.0
2026-04-30 18:40:00,54.160701751708984,1000.0,0,0.0,1000.0
2026-04-30 18:45:00,54.154998779296875,1000.0,0,0.0,1000.0
2026-04-30 18:50:00,54.154998779296875,1000.0,0,0.0,1000.0
2026-04-30 18:55:00,54.1349983215332,1000.0,0,0.0,1000.0
2026-04-30 19:00:00,54.13999938964844,1000.0,0,0.0,1000.0
2026-04-30 19:05:00,54.16130065917969,1000.0,0,0.0,1000.0
2026-04-30 19:10:00,54.185001373291016,1000.0,0,0.0,1000.0
2026-04-30 19:15:00,54.185001373291016,1000.0,0,0.0,1000.0
2026-04-30 19:20:00,54.185001373291016,1000.0,0,0.0,1000.0
2026-04-30 19:25:00,54.17499923706055,1000.0,0,0.0,1000.0
2026-04-30 19:30:00,54.185001373291016,1000.0,0,0.0,1000.0
2026-04-30 19:35:00,54.185001373291016,1000.0,0,0.0,1000.0
2026-04-30 19:40:00,54.20009994506836,1000.0,0,0.0,1000.0
2026-04-30 19:45:00,54.20500183105469,1000.0,0,0.0,1000.0
2026-04-30 19:50:00,54.17499923706055,1000.0,0,0.0,1000.0
2026-04-30 19:55:00,54.16999816894531,1000.0,0,0.0,1000.0
2026-05-01 13:30:00,54.43000030517578,1000.0,0,0.0,1000.0
2026-05-01 13:35:00,54.489898681640625,1000.0,0,0.0,1000.0
2026-05-01 13:40:00,54.505001068115234,1000.0,0,0.0,1000.0
2026-05-01 13:45:00,54.5,1000.0,0,0.0,1000.0
2026-05-01 13:50:00,54.51499938964844,1000.0,0,0.0,1000.0
2026-05-01 13:55:00,54.619998931884766,1000.0,0,0.0,1000.0
2026-05-01 14:00:00,54.650001525878906,1000.0,0,0.0,1000.0
2026-05-01 14:05:00,54.6349983215332,1000.0,0,0.0,1000.0
2026-05-01 14:10:00,54.64500045776367,1000.0,0,0.0,1000.0
2026-05-01 14:15:00,54.62990188598633,1000.0,0,0.0,1000.0
2026-05-01 14:20:00,54.64500045776367,1000.0,0,0.0,1000.0
2026-05-01 14:25:00,54.625,1000.0,0,0.0,1000.0
2026-05-01 14:30:00,54.529998779296875,1000.0,0,0.0,1000.0
2026-05-01 14:35:00,54.52000045776367,1000.0,0,0.0,1000.0
2026-05-01 14:40:00,54.54999923706055,1000.0,0,0.0,1000.0
2026-05-01 14:45:00,54.55500030517578,1000.0,0,0.0,1000.0
2026-05-01 14:50:00,54.54999923706055,1000.0,0,0.0,1000.0
2026-05-01 14:55:00,54.55500030517578,1000.0,0,0.0,1000.0
2026-05-01 15:00:00,54.505001068115234,1000.0,0,0.0,1000.0
2026-05-01 15:05:00,54.5099983215332,1000.0,0,0.0,1000.0
2026-05-01 15:10:00,54.56999969482422,1000.0,0,0.0,1000.0
2026-05-01 15:15:00,54.580101013183594,1000.0,0,0.0,1000.0
2026-05-01 15:20:00,54.595001220703125,1000.0,0,0.0,1000.0
2026-05-01 15:25:00,54.59989929199219,1000.0,0,0.0,1000.0
2026-05-01 15:30:00,54.599998474121094,1000.0,0,0.0,1000.0
2026-05-01 15:35:00,54.64500045776367,1000.0,0,0.0,1000.0
2026-05-01 15:40:00,54.64289855957031,1000.0,0,0.0,1000.0
2026-05-01 15:45:00,54.66999816894531,1000.0,0,0.0,1000.0
2026-05-01 15:50:00,54.621498107910156,1000.0,0,0.0,1000.0
2026-05-01 15:55:00,54.6349983215332,1000.0,0,0.0,1000.0
2026-05-01 16:00:00,54.619998931884766,1000.0,0,0.0,1000.0
2026-05-01 16:05:00,54.57500076293945,1000.0,0,0.0,1000.0
2026-05-01 16:10:00,54.56990051269531,1000.0,0,0.0,1000.0
2026-05-01 16:15:00,54.591400146484375,1000.0,0,0.0,1000.0
2026-05-01 16:20:00,54.58000183105469,1000.0,0,0.0,1000.0
2026-05-01 16:25:00,54.55500030517578,1000.0,0,0.0,1000.0
2026-05-01 16:30:00,54.54140090942383,1000.0,0,0.0,1000.0
2026-05-01 16:35:00,54.56999969482422,1000.0,0,0.0,1000.0
2026-05-01 16:40:00,54.53499984741211,1000.0,0,0.0,1000.0
2026-05-01 16:45:00,54.53499984741211,1000.0,0,0.0,1000.0
2026-05-01 16:50:00,54.5629997253418,1000.0,0,0.0,1000.0
2026-05-01 16:55:00,54.564998626708984,1000.0,0,0.0,1000.0
2026-05-01 17:00:00,54.57500076293945,1000.0,0,0.0,1000.0
2026-05-01 17:05:00,54.57500076293945,1000.0,0,0.0,1000.0
2026-05-01 17:10:00,54.592498779296875,1000.0,0,0.0,1000.0
2026-05-01 17:15:00,54.619998931884766,1000.0,0,0.0,1000.0
2026-05-01 17:20:00,54.625,1000.0,0,0.0,1000.0
2026-05-01 17:25:00,54.63010025024414,1000.0,0,0.0,1000.0
2026-05-01 17:30:00,54.625,1000.0,0,0.0,1000.0
2026-05-01 17:35:00,54.62139892578125,1000.0,0,0.0,1000.0
2026-05-01 17:40:00,54.6349983215332,1000.0,0,0.0,1000.0
2026-05-01 17:45:00,54.63990020751953,1000.0,0,0.0,1000.0
2026-05-01 17:50:00,54.63880157470703,1000.0,0,0.0,1000.0
2026-05-01 17:55:00,54.63859939575195,1000.0,0,0.0,1000.0
2026-05-01 18:00:00,54.619998931884766,1000.0,0,0.0,1000.0
2026-05-01 18:05:00,54.625,1000.0,0,0.0,1000.0
2026-05-01 18:10:00,54.56999969482422,1000.0,0,0.0,1000.0
2026-05-01 18:15:00,54.584999084472656,1000.0,0,0.0,1000.0
2026-05-01 18:20:00,54.599998474121094,1000.0,0,0.0,1000.0
2026-05-01 18:25:00,54.595001220703125,1000.0,0,0.0,1000.0
2026-05-01 18:30:00,54.57279968261719,1000.0,0,0.0,1000.0
2026-05-01 18:35:00,54.560001373291016,1000.0,0,0.0,1000.0
2026-05-01 18:40:00,54.540000915527344,1000.0,0,0.0,1000.0
2026-05-01 18:45:00,54.525001525878906,1000.0,0,0.0,1000.0
2026-05-01 18:50:00,54.529998779296875,1000.0,0,0.0,1000.0
2026-05-01 18:55:00,54.54990005493164,1000.0,0,0.0,1000.0
2026-05-01 19:00:00,54.56999969482422,1000.0,0,0.0,1000.0
2026-05-01 19:05:00,54.595001220703125,1000.0,0,0.0,1000.0
2026-05-01 19:10:00,54.61009979248047,1000.0,0,0.0,1000.0
2026-05-01 19:15:00,54.62009811401367,1000.0,0,0.0,1000.0
2026-05-01 19:20:00,54.6349983215332,1000.0,0,0.0,1000.0
2026-05-01 19:25:00,54.650001525878906,1000.0,0,0.0,1000.0
2026-05-01 19:30:00,54.63999938964844,1000.0,0,0.0,1000.0
2026-05-01 19:35:00,54.625,1000.0,0,0.0,1000.0
2026-05-01 19:40:00,54.625,1000.0,0,0.0,1000.0
2026-05-01 19:45:00,54.6150016784668,1000.0,0,0.0,1000.0
2026-05-01 19:50:00,54.584999084472656,1000.0,0,0.0,1000.0
2026-05-01 19:55:00,54.560001373291016,1000.0,0,0.0,1000.0
2026-05-04 13:30:00,54.560001373291016,1000.0,0,0.0,1000.0
2026-05-04 13:35:00,54.57500076293945,1000.0,0,0.0,1000.0
2026-05-04 13:40:00,54.60089874267578,1000.0,0,0.0,1000.0
2026-05-04 13:45:00,54.63209915161133,1000.0,0,0.0,1000.0
2026-05-04 13:50:00,54.63990020751953,1000.0,0,0.0,1000.0
2026-05-04 13:55:00,54.665000915527344,1000.0,0,0.0,1000.0
2026-05-04 14:00:00,54.639801025390625,1000.0,0,0.0,1000.0
2026-05-04 14:05:00,54.6150016784668,1000.0,0,0.0,1000.0
2026-05-04 14:10:00,54.67499923706055,1000.0,0,0.0,1000.0
2026-05-04 14:15:00,54.69900131225586,1000.0,0,0.0,1000.0
2026-05-04 14:20:00,54.689998626708984,1000.0,0,0.0,1000.0
2026-05-04 14:25:00,54.65800094604492,1000.0,0,0.0,1000.0
2026-05-04 14:30:00,54.681400299072266,1000.0,0,0.0,1000.0
2026-05-04 14:35:00,54.70100021362305,1000.0,0,0.0,1000.0
2026-05-04 14:40:00,54.726600646972656,1000.0,0,0.0,1000.0
2026-05-04 14:45:00,54.730098724365234,1000.0,0,0.0,1000.0
2026-05-04 14:50:00,54.72269821166992,1000.0,0,0.0,1000.0
2026-05-04 14:55:00,54.654998779296875,1000.0,0,0.0,1000.0
2026-05-04 15:00:00,54.67499923706055,1000.0,0,0.0,1000.0
2026-05-04 15:05:00,54.669898986816406,1000.0,0,0.0,1000.0
2026-05-04 15:10:00,54.61000061035156,1000.0,0,0.0,1000.0
2026-05-04 15:15:00,54.5,1000.0,0,0.0,1000.0
2026-05-04 15:20:00,54.43000030517578,1000.0,0,0.0,1000.0
2026-05-04 15:25:00,54.4900016784668,1000.0,0,0.0,1000.0
2026-05-04 15:30:00,54.46500015258789,1000.0,0,0.0,1000.0
2026-05-04 15:35:00,54.43000030517578,1000.0,0,0.0,1000.0
2026-05-04 15:40:00,54.470001220703125,1000.0,0,0.0,1000.0
2026-05-04 15:45:00,54.42499923706055,1000.0,0,0.0,1000.0
2026-05-04 15:50:00,54.46500015258789,1000.0,0,0.0,1000.0
2026-05-04 15:55:00,54.415000915527344,1000.0,0,0.0,1000.0
2026-05-04 16:00:00,54.404998779296875,1000.0,0,0.0,1000.0
2026-05-04 16:05:00,54.30860137939453,1000.0,0,0.0,1000.0
2026-05-04 16:10:00,54.30139923095703,1000.0,0,0.0,1000.0
2026-05-04 16:15:00,54.38999938964844,1000.0,0,0.0,1000.0
2026-05-04 16:20:00,54.40999984741211,1000.0,0,0.0,1000.0
2026-05-04 16:25:00,54.39500045776367,1000.0,0,0.0,1000.0
2026-05-04 16:30:00,54.43009948730469,1000.0,0,0.0,1000.0
2026-05-04 16:35:00,54.375,1000.0,0,0.0,1000.0
2026-05-04 16:40:00,54.404998779296875,1000.0,0,0.0,1000.0
2026-05-04 16:45:00,54.400001525878906,1000.0,0,0.0,1000.0
2026-05-04 16:50:00,54.37139892578125,1000.0,0,0.0,1000.0
2026-05-04 16:55:00,54.38890075683594,1000.0,0,0.0,1000.0
2026-05-04 17:00:00,54.439998626708984,1000.0,0,0.0,1000.0
2026-05-04 17:05:00,54.439998626708984,1000.0,0,0.0,1000.0
2026-05-04 17:10:00,54.44499969482422,1000.0,0,0.0,1000.0
2026-05-04 17:15:00,54.51499938964844,1000.0,0,0.0,1000.0
2026-05-04 17:20:00,54.540000915527344,1000.0,0,0.0,1000.0
2026-05-04 17:25:00,54.52399826049805,1000.0,0,0.0,1000.0
2026-05-04 17:30:00,54.505001068115234,1000.0,0,0.0,1000.0
2026-05-04 17:35:00,54.4900016784668,1000.0,0,0.0,1000.0
2026-05-04 17:40:00,54.499900817871094,1000.0,0,0.0,1000.0
2026-05-04 17:45:00,54.494998931884766,1000.0,0,0.0,1000.0
2026-05-04 17:50:00,54.51499938964844,1000.0,0,0.0,1000.0
2026-05-04 17:55:00,54.53499984741211,1000.0,0,0.0,1000.0
2026-05-04 18:00:00,54.55500030517578,1000.0,0,0.0,1000.0
2026-05-04 18:05:00,54.53499984741211,1000.0,0,0.0,1000.0
2026-05-04 18:10:00,54.52000045776367,1000.0,0,0.0,1000.0
2026-05-04 18:15:00,54.493099212646484,1000.0,0,0.0,1000.0
2026-05-04 18:20:00,54.47990036010742,1000.0,0,0.0,1000.0
2026-05-04 18:25:00,54.494998931884766,1000.0,0,0.0,1000.0
2026-05-04 18:30:00,54.474998474121094,1000.0,0,0.0,1000.0
2026-05-04 18:35:00,54.46500015258789,1000.0,0,0.0,1000.0
2026-05-04 18:40:00,54.42499923706055,1000.0,0,0.0,1000.0
2026-05-04 18:45:00,54.45500183105469,1000.0,0,0.0,1000.0
2026-05-04 18:50:00,54.435001373291016,1000.0,0,0.0,1000.0
2026-05-04 18:55:00,54.474998474121094,1000.0,0,0.0,1000.0
2026-05-04 19:00:00,54.46500015258789,1000.0,0,0.0,1000.0
2026-05-04 19:05:00,54.4901008605957,1000.0,0,0.0,1000.0
2026-05-04 19:10:00,54.5,1000.0,0,0.0,1000.0
2026-05-04 19:15:00,54.494998931884766,1000.0,0,0.0,1000.0
2026-05-04 19:20:00,54.494998931884766,1000.0,0,0.0,1000.0
2026-05-04 19:25:00,54.5099983215332,1000.0,0,0.0,1000.0
2026-05-04 19:30:00,54.525001525878906,1000.0,0,0.0,1000.0
2026-05-04 19:35:00,54.500099182128906,1000.0,0,0.0,1000.0
2026-05-04 19:40:00,54.48849868774414,1000.0,0,0.0,1000.0
2026-05-04 19:45:00,54.51499938964844,1000.0,0,0.0,1000.0
2026-05-04 19:50:00,54.47990036010742,1000.0,0,0.0,1000.0
2026-05-04 19:55:00,54.5,1000.0,0,0.0,1000.0
2026-05-05 13:30:00,54.869998931884766,1000.0,0,0.0,1000.0
2026-05-05 13:35:00,54.90999984741211,1000.0,0,0.0,1000.0
2026-05-05 13:40:00,54.939998626708984,1000.0,0,0.0,1000.0
2026-05-05 13:45:00,54.935001373291016,1000.0,0,0.0,1000.0
2026-05-05 13:50:00,54.93009948730469,1000.0,0,0.0,1000.0
2026-05-05 13:55:00,54.935001373291016,1000.0,0,0.0,1000.0
2026-05-05 14:00:00,54.95500183105469,1000.0,0,0.0,1000.0
2026-05-05 14:05:00,54.96139907836914,1000.0,0,0.0,1000.0
2026-05-05 14:10:00,54.904998779296875,1000.0,0,0.0,1000.0
2026-05-05 14:15:00,54.88999938964844,1000.0,0,0.0,1000.0
2026-05-05 14:20:00,54.974998474121094,1000.0,0,0.0,1000.0
2026-05-05 14:25:00,54.994998931884766,1000.0,0,0.0,1000.0
2026-05-05 14:30:00,54.99190139770508,1000.0,0,0.0,1000.0
2026-05-05 14:35:00,54.95500183105469,1000.0,0,0.0,1000.0
2026-05-05 14:40:00,54.94499969482422,1000.0,0,0.0,1000.0
2026-05-05 14:45:00,54.96009826660156,1000.0,0,0.0,1000.0
2026-05-05 14:50:00,54.96989822387695,1000.0,0,0.0,1000.0
2026-05-05 14:55:00,54.959999084472656,1000.0,0,0.0,1000.0
2026-05-05 15:00:00,55.0,1000.0,0,0.0,1000.0
2026-05-05 15:05:00,54.98500061035156,1000.0,0,0.0,1000.0
2026-05-05 15:10:00,55.0099983215332,1000.0,0,0.0,1000.0
2026-05-05 15:15:00,54.994998931884766,1000.0,0,0.0,1000.0
2026-05-05 15:20:00,55.0,1000.0,0,0.0,1000.0
2026-05-05 15:25:00,55.005001068115234,1000.0,0,0.0,1000.0
2026-05-05 15:30:00,54.98500061035156,1000.0,0,0.0,1000.0
2026-05-05 15:35:00,55.0099983215332,1000.0,0,0.0,1000.0
2026-05-05 15:40:00,55.00849914550781,1000.0,0,0.0,1000.0
2026-05-05 15:45:00,55.01499938964844,1000.0,0,0.0,1000.0
2026-05-05 15:50:00,55.005001068115234,1000.0,0,0.0,1000.0
2026-05-05 15:55:00,54.99100112915039,1000.0,0,0.0,1000.0
2026-05-05 16:00:00,55.0098991394043,1000.0,0,0.0,1000.0
2026-05-05 16:05:00,55.019798278808594,1000.0,0,0.0,1000.0
2026-05-05 16:10:00,55.025001525878906,1000.0,0,0.0,1000.0
2026-05-05 16:15:00,55.0099983215332,1000.0,0,0.0,1000.0
2026-05-05 16:20:00,55.007301330566406,1000.0,0,0.0,1000.0
2026-05-05 16:25:00,54.96500015258789,1000.0,0,0.0,1000.0
2026-05-05 16:30:00,54.96369934082031,1000.0,0,0.0,1000.0
2026-05-05 16:35:00,54.951499938964844,1000.0,0,0.0,1000.0
2026-05-05 16:40:00,54.959999084472656,1000.0,0,0.0,1000.0
2026-05-05 16:45:00,54.98320007324219,1000.0,0,0.0,1000.0
2026-05-05 16:50:00,54.98500061035156,1000.0,0,0.0,1000.0
2026-05-05 16:55:00,54.990299224853516,1000.0,0,0.0,1000.0
2026-05-05 17:00:00,54.999900817871094,1000.0,0,0.0,1000.0
2026-05-05 17:05:00,54.974998474121094,1000.0,0,0.0,1000.0
2026-05-05 17:10:00,54.989898681640625,1000.0,0,0.0,1000.0
2026-05-05 17:15:00,55.0098991394043,1000.0,0,0.0,1000.0
2026-05-05 17:20:00,54.99319839477539,1000.0,0,0.0,1000.0
2026-05-05 17:25:00,55.019901275634766,1000.0,0,0.0,1000.0
2026-05-05 17:30:00,55.01499938964844,1000.0,0,0.0,1000.0
2026-05-05 17:35:00,55.013099670410156,1000.0,0,0.0,1000.0
2026-05-05 17:40:00,55.025001525878906,1000.0,0,0.0,1000.0
2026-05-05 17:45:00,55.02980041503906,1000.0,0,0.0,1000.0
2026-05-05 17:50:00,55.04140090942383,1000.0,0,0.0,1000.0
2026-05-05 17:55:00,55.040000915527344,1000.0,0,0.0,1000.0
2026-05-05 18:00:00,55.04999923706055,1000.0,0,0.0,1000.0
2026-05-05 18:05:00,55.055198669433594,1000.0,0,0.0,1000.0
2026-05-05 18:10:00,55.07500076293945,1000.0,0,0.0,1000.0
2026-05-05 18:15:00,55.067501068115234,1000.0,0,0.0,1000.0
2026-05-05 18:20:00,55.059898376464844,1000.0,0,0.0,1000.0
2026-05-05 18:25:00,55.064998626708984,1000.0,0,0.0,1000.0
2026-05-05 18:30:00,55.057498931884766,1000.0,0,0.0,1000.0
2026-05-05 18:35:00,55.05009841918945,1000.0,0,0.0,1000.0
2026-05-05 18:40:00,55.064998626708984,1000.0,0,0.0,1000.0
2026-05-05 18:45:00,55.060001373291016,1000.0,0,0.0,1000.0
2026-05-05 18:50:00,55.040000915527344,1000.0,0,0.0,1000.0
2026-05-05 18:55:00,55.052799224853516,1000.0,0,0.0,1000.0
2026-05-05 19:00:00,55.05500030517578,1000.0,0,0.0,1000.0
2026-05-05 19:05:00,55.064998626708984,1000.0,0,0.0,1000.0
2026-05-05 19:10:00,55.064998626708984,1000.0,0,0.0,1000.0
2026-05-05 19:15:00,55.064998626708984,1000.0,0,0.0,1000.0
2026-05-05 19:20:00,55.05500030517578,1000.0,0,0.0,1000.0
2026-05-05 19:25:00,55.05500030517578,1000.0,0,0.0,1000.0
2026-05-05 19:30:00,55.04499816894531,1000.0,0,0.0,1000.0
2026-05-05 19:35:00,55.04499816894531,1000.0,0,0.0,1000.0
2026-05-05 19:40:00,55.03499984741211,1000.0,0,0.0,1000.0
2026-05-05 19:45:00,55.025001525878906,1000.0,0,0.0,1000.0
2026-05-05 19:50:00,54.97999954223633,1000.0,0,0.0,1000.0
2026-05-05 19:55:00,55.00740051269531,1000.0,0,0.0,1000.0
2026-05-06 13:30:00,55.41999816894531,1000.0,0,0.0,1000.0
2026-05-06 13:35:00,55.400001525878906,1000.0,0,0.0,1000.0
2026-05-06 13:40:00,55.46979904174805,1000.0,0,0.0,1000.0
2026-05-06 13:45:00,55.43000030517578,1000.0,0,0.0,1000.0
2026-05-06 13:50:00,55.474998474121094,1000.0,0,0.0,1000.0
2026-05-06 13:55:00,55.435001373291016,1000.0,0,0.0,1000.0
2026-05-06 14:00:00,55.375,1000.0,0,0.0,1000.0
2026-05-06 14:05:00,55.44499969482422,1000.0,0,0.0,1000.0
2026-05-06 14:10:00,55.45000076293945,1000.0,0,0.0,1000.0
2026-05-06 14:15:00,55.36000061035156,1000.0,0,0.0,1000.0
2026-05-06 14:20:00,55.400001525878906,1000.0,0,0.0,1000.0
2026-05-06 14:25:00,55.380001068115234,1000.0,0,0.0,1000.0
2026-05-06 14:30:00,55.46500015258789,1000.0,0,0.0,1000.0
2026-05-06 14:35:00,55.47999954223633,1000.0,0,0.0,1000.0
2026-05-06 14:40:00,55.5099983215332,1000.0,0,0.0,1000.0
2026-05-06 14:45:00,55.529998779296875,1000.0,0,0.0,1000.0
2026-05-06 14:50:00,55.5359001159668,1000.0,0,0.0,1000.0
2026-05-06 14:55:00,55.529998779296875,1000.0,0,0.0,1000.0
2026-05-06 15:00:00,55.547298431396484,1000.0,0,0.0,1000.0
2026-05-06 15:05:00,55.53499984741211,1000.0,0,0.0,1000.0
2026-05-06 15:10:00,55.525001525878906,1000.0,0,0.0,1000.0
2026-05-06 15:15:00,55.579898834228516,1000.0,0,0.0,1000.0
2026-05-06 15:20:00,55.57929992675781,1000.0,0,0.0,1000.0
2026-05-06 15:25:00,55.579898834228516,1000.0,0,0.0,1000.0
2026-05-06 15:30:00,55.56999969482422,1000.0,0,0.0,1000.0
2026-05-06 15:35:00,55.540000915527344,1000.0,0,0.0,1000.0
2026-05-06 15:40:00,55.540000915527344,1000.0,0,0.0,1000.0
2026-05-06 15:45:00,55.54999923706055,1000.0,0,0.0,1000.0
2026-05-06 15:50:00,55.564998626708984,1000.0,0,0.0,1000.0
2026-05-06 15:55:00,55.54999923706055,1000.0,0,0.0,1000.0
2026-05-06 16:00:00,55.5724983215332,1000.0,0,0.0,1000.0
2026-05-06 16:05:00,55.564998626708984,1000.0,0,0.0,1000.0
2026-05-06 16:10:00,55.599998474121094,1000.0,0,0.0,1000.0
2026-05-06 16:15:00,55.562801361083984,1000.0,0,0.0,1000.0
2026-05-06 16:20:00,55.56999969482422,1000.0,0,0.0,1000.0
2026-05-06 16:25:00,55.56800079345703,1000.0,0,0.0,1000.0
2026-05-06 16:30:00,55.56990051269531,1000.0,0,0.0,1000.0
2026-05-06 16:35:00,55.56990051269531,1000.0,0,0.0,1000.0
2026-05-06 16:40:00,55.564998626708984,1000.0,0,0.0,1000.0
2026-05-06 16:45:00,55.53499984741211,1000.0,0,0.0,1000.0
2026-05-06 16:50:00,55.5099983215332,1000.0,0,0.0,1000.0
2026-05-06 16:55:00,55.525001525878906,1000.0,0,0.0,1000.0
2026-05-06 17:00:00,55.55500030517578,1000.0,0,0.0,1000.0
2026-05-06 17:05:00,55.564998626708984,1000.0,0,0.0,1000.0
2026-05-06 17:10:00,55.584999084472656,1000.0,0,0.0,1000.0
2026-05-06 17:15:00,55.580101013183594,1000.0,0,0.0,1000.0
2026-05-06 17:20:00,55.584999084472656,1000.0,0,0.0,1000.0
2026-05-06 17:25:00,55.589900970458984,1000.0,0,0.0,1000.0
2026-05-06 17:30:00,55.595001220703125,1000.0,0,0.0,1000.0
2026-05-06 17:35:00,55.60499954223633,1000.0,0,0.0,1000.0
2026-05-06 17:40:00,55.6150016784668,1000.0,0,0.0,1000.0
2026-05-06 17:45:00,55.595001220703125,1000.0,0,0.0,1000.0
2026-05-06 17:50:00,55.60499954223633,1000.0,0,0.0,1000.0
2026-05-06 17:55:00,55.600101470947266,1000.0,0,0.0,1000.0
2026-05-06 18:00:00,55.5974006652832,1000.0,0,0.0,1000.0
2026-05-06 18:05:00,55.625,1000.0,0,0.0,1000.0
2026-05-06 18:10:00,55.625,1000.0,0,0.0,1000.0
2026-05-06 18:15:00,55.63999938964844,1000.0,0,0.0,1000.0
2026-05-06 18:20:00,55.64500045776367,1000.0,0,0.0,1000.0
2026-05-06 18:25:00,55.64500045776367,1000.0,0,0.0,1000.0
2026-05-06 18:30:00,55.6599006652832,1000.0,0,0.0,1000.0
2026-05-06 18:35:00,55.65999984741211,1000.0,0,0.0,1000.0
2026-05-06 18:40:00,55.65999984741211,1000.0,0,0.0,1000.0
2026-05-06 18:45:00,55.64500045776367,1000.0,0,0.0,1000.0
2026-05-06 18:50:00,55.65250015258789,1000.0,0,0.0,1000.0
2026-05-06 18:55:00,55.64500045776367,1000.0,0,0.0,1000.0
2026-05-06 19:00:00,55.6599006652832,1000.0,0,0.0,1000.0
2026-05-06 19:05:00,55.67499923706055,1000.0,0,0.0,1000.0
2026-05-06 19:10:00,55.685001373291016,1000.0,0,0.0,1000.0
2026-05-06 19:15:00,55.689998626708984,1000.0,0,0.0,1000.0
2026-05-06 19:20:00,55.704898834228516,1000.0,0,0.0,1000.0
2026-05-06 19:25:00,55.71009826660156,1000.0,0,0.0,1000.0
2026-05-06 19:30:00,55.685001373291016,1000.0,0,0.0,1000.0
2026-05-06 19:35:00,55.69499969482422,1000.0,0,0.0,1000.0
2026-05-06 19:40:00,55.68000030517578,1000.0,0,0.0,1000.0
2026-05-06 19:45:00,55.673301696777344,1000.0,0,0.0,1000.0
2026-05-06 19:50:00,55.710601806640625,1000.0,0,0.0,1000.0
2026-05-06 19:55:00,55.739898681640625,1000.0,0,0.0,1000.0
2026-05-07 13:30:00,55.81340026855469,1000.0,0,0.0,1000.0
2026-05-07 13:35:00,55.82500076293945,1000.0,0,0.0,1000.0
2026-05-07 13:40:00,55.78499984741211,1000.0,0,0.0,1000.0
2026-05-07 13:45:00,55.775001525878906,1000.0,0,0.0,1000.0
2026-05-07 13:50:00,55.84510040283203,1000.0,0,0.0,1000.0
2026-05-07 13:55:00,55.834999084472656,1000.0,0,0.0,1000.0
2026-05-07 14:00:00,55.86000061035156,1000.0,0,0.0,1000.0
2026-05-07 14:05:00,55.89500045776367,1000.0,0,0.0,1000.0
2026-05-07 14:10:00,55.89500045776367,1000.0,0,0.0,1000.0
2026-05-07 14:15:00,55.904998779296875,1000.0,0,0.0,1000.0
2026-05-07 14:20:00,55.91999816894531,1000.0,0,0.0,1000.0
2026-05-07 14:25:00,55.939998626708984,1000.0,0,0.0,1000.0
2026-05-07 14:30:00,55.93000030517578,1000.0,0,0.0,1000.0
2026-05-07 14:35:00,55.970001220703125,1000.0,0,0.0,1000.0
2026-05-07 14:40:00,55.96860122680664,1000.0,0,0.0,1000.0
2026-05-07 14:45:00,55.94499969482422,1000.0,0,0.0,1000.0
2026-05-07 14:50:00,55.999000549316406,1000.0,0,0.0,1000.0
2026-05-07 14:55:00,56.005001068115234,1000.0,0,0.0,1000.0
2026-05-07 15:00:00,55.96139907836914,1000.0,0,0.0,1000.0
2026-05-07 15:05:00,55.95500183105469,1000.0,0,0.0,1000.0
2026-05-07 15:10:00,55.939998626708984,1000.0,0,0.0,1000.0
2026-05-07 15:15:00,55.939998626708984,1000.0,0,0.0,1000.0
2026-05-07 15:20:00,55.91999816894531,1000.0,0,0.0,1000.0
2026-05-07 15:25:00,55.915000915527344,1000.0,0,0.0,1000.0
2026-05-07 15:30:00,55.96500015258789,1000.0,0,0.0,1000.0
2026-05-07 15:35:00,55.95690155029297,1000.0,0,0.0,1000.0
2026-05-07 15:40:00,55.95500183105469,1000.0,0,0.0,1000.0
2026-05-07 15:45:00,55.91170120239258,1000.0,0,0.0,1000.0
2026-05-07 15:50:00,55.89500045776367,1000.0,0,0.0,1000.0
2026-05-07 15:55:00,55.82500076293945,1000.0,0,0.0,1000.0
2026-05-07 16:00:00,55.79999923706055,1000.0,0,0.0,1000.0
2026-05-07 16:05:00,55.77880096435547,1000.0,0,0.0,1000.0
2026-05-07 16:10:00,55.724998474121094,1000.0,0,0.0,1000.0
2026-05-07 16:15:00,55.66999816894531,1000.0,0,0.0,1000.0
2026-05-07 16:20:00,55.744998931884766,1000.0,0,0.0,1000.0
2026-05-07 16:25:00,55.779998779296875,1000.0,0,0.0,1000.0
2026-05-07 16:30:00,55.810001373291016,1000.0,0,0.0,1000.0
2026-05-07 16:35:00,55.7421989440918,1000.0,0,0.0,1000.0
2026-05-07 16:40:00,55.757301330566406,1000.0,0,0.0,1000.0
2026-05-07 16:45:00,55.75,1000.0,0,0.0,1000.0
2026-05-07 16:50:00,55.7400016784668,1000.0,0,0.0,1000.0
2026-05-07 16:55:00,55.724998474121094,1000.0,0,0.0,1000.0
2026-05-07 17:00:00,55.724998474121094,1000.0,0,0.0,1000.0
2026-05-07 17:05:00,55.70000076293945,1000.0,0,0.0,1000.0
2026-05-07 17:10:00,55.69499969482422,1000.0,0,0.0,1000.0
2026-05-07 17:15:00,55.64500045776367,1000.0,0,0.0,1000.0
2026-05-07 17:20:00,55.70500183105469,1000.0,0,0.0,1000.0
2026-05-07 17:25:00,55.600101470947266,1000.0,0,0.0,1000.0
2026-05-07 17:30:00,55.65449905395508,1000.0,0,0.0,1000.0
2026-05-07 17:35:00,55.68000030517578,1000.0,0,0.0,1000.0
2026-05-07 17:40:00,55.65999984741211,1000.0,0,0.0,1000.0
2026-05-07 17:45:00,55.63999938964844,1000.0,0,0.0,1000.0
2026-05-07 17:50:00,55.64500045776367,1000.0,0,0.0,1000.0
2026-05-07 17:55:00,55.7400016784668,1000.0,0,0.0,1000.0
2026-05-07 18:00:00,55.724998474121094,1000.0,0,0.0,1000.0
2026-05-07 18:05:00,55.69499969482422,1000.0,0,0.0,1000.0
2026-05-07 18:10:00,55.70500183105469,1000.0,0,0.0,1000.0
2026-05-07 18:15:00,55.72999954223633,1000.0,0,0.0,1000.0
2026-05-07 18:20:00,55.692298889160156,1000.0,0,0.0,1000.0
2026-05-07 18:25:00,55.68000030517578,1000.0,0,0.0,1000.0
2026-05-07 18:30:00,55.720001220703125,1000.0,0,0.0,1000.0
2026-05-07 18:35:00,55.70000076293945,1000.0,0,0.0,1000.0
2026-05-07 18:40:00,55.6234016418457,1000.0,0,0.0,1000.0
2026-05-07 18:45:00,55.625,1000.0,0,0.0,1000.0
2026-05-07 18:50:00,55.630001068115234,1000.0,0,0.0,1000.0
2026-05-07 18:55:00,55.67499923706055,1000.0,0,0.0,1000.0
2026-05-07 19:00:00,55.650001525878906,1000.0,0,0.0,1000.0
2026-05-07 19:05:00,55.64979934692383,1000.0,0,0.0,1000.0
2026-05-07 19:10:00,55.68000030517578,1000.0,0,0.0,1000.0
2026-05-07 19:15:00,55.63990020751953,1000.0,0,0.0,1000.0
2026-05-07 19:20:00,55.6150016784668,1000.0,0,0.0,1000.0
2026-05-07 19:25:00,55.619998931884766,1000.0,0,0.0,1000.0
2026-05-07 19:30:00,55.67499923706055,1000.0,0,0.0,1000.0
2026-05-07 19:35:00,55.71500015258789,1000.0,0,0.0,1000.0
2026-05-07 19:40:00,55.72990036010742,1000.0,0,0.0,1000.0
2026-05-07 19:45:00,55.720001220703125,1000.0,0,0.0,1000.0
2026-05-07 19:50:00,55.69139862060547,1000.0,0,0.0,1000.0
2026-05-07 19:55:00,55.724998474121094,1000.0,0,0.0,1000.0
2026-05-08 13:30:00,56.064998626708984,1000.0,0,0.0,1000.0
2026-05-08 13:35:00,56.064998626708984,1000.0,0,0.0,1000.0
2026-05-08 13:40:00,56.095001220703125,1000.0,0,0.0,1000.0
2026-05-08 13:45:00,56.169898986816406,1000.0,0,0.0,1000.0
2026-05-08 13:50:00,56.154998779296875,1000.0,0,0.0,1000.0
2026-05-08 13:55:00,56.20000076293945,1000.0,0,0.0,1000.0
2026-05-08 14:00:00,56.215999603271484,1000.0,0,0.0,1000.0
2026-05-08 14:05:00,56.209999084472656,1000.0,0,0.0,1000.0
2026-05-08 14:10:00,56.20500183105469,1000.0,0,0.0,1000.0
2026-05-08 14:15:00,56.220001220703125,1000.0,0,0.0,1000.0
2026-05-08 14:20:00,56.25899887084961,1000.0,0,0.0,1000.0
2026-05-08 14:25:00,56.220001220703125,1000.0,0,0.0,1000.0
2026-05-08 14:30:00,56.229000091552734,1000.0,0,0.0,1000.0
2026-05-08 14:35:00,56.224998474121094,1000.0,0,0.0,1000.0
2026-05-08 14:40:00,56.24850082397461,1000.0,0,0.0,1000.0
2026-05-08 14:45:00,56.2599983215332,1000.0,0,0.0,1000.0
2026-05-08 14:50:00,56.27000045776367,1000.0,0,0.0,1000.0
2026-05-08 14:55:00,56.279998779296875,1000.0,0,0.0,1000.0
2026-05-08 15:00:00,56.28499984741211,1000.0,0,0.0,1000.0
2026-05-08 15:05:00,56.275001525878906,1000.0,0,0.0,1000.0
2026-05-08 15:10:00,56.26499938964844,1000.0,0,0.0,1000.0
2026-05-08 15:15:00,56.255001068115234,1000.0,0,0.0,1000.0
2026-05-08 15:20:00,56.28139877319336,1000.0,0,0.0,1000.0
2026-05-08 15:25:00,56.29990005493164,1000.0,0,0.0,1000.0
2026-05-08 15:30:00,56.30500030517578,1000.0,0,0.0,1000.0
2026-05-08 15:35:00,56.32550048828125,1000.0,0,0.0,1000.0
2026-05-08 15:40:00,56.29999923706055,1000.0,0,0.0,1000.0
2026-05-08 15:45:00,56.323299407958984,1000.0,0,0.0,1000.0
2026-05-08 15:50:00,56.33000183105469,1000.0,0,0.0,1000.0
2026-05-08 15:55:00,56.30500030517578,1000.0,0,0.0,1000.0
2026-05-08 16:00:00,56.32500076293945,1000.0,0,0.0,1000.0
2026-05-08 16:05:00,56.31999969482422,1000.0,0,0.0,1000.0
2026-05-08 16:10:00,56.345001220703125,1000.0,0,0.0,1000.0
2026-05-08 16:15:00,56.33000183105469,1000.0,0,0.0,1000.0
2026-05-08 16:20:00,56.34299850463867,1000.0,0,0.0,1000.0
2026-05-08 16:25:00,56.3650016784668,1000.0,0,0.0,1000.0
2026-05-08 16:30:00,56.36989974975586,1000.0,0,0.0,1000.0
2026-05-08 16:35:00,56.35499954223633,1000.0,0,0.0,1000.0
2026-05-08 16:40:00,56.317100524902344,1000.0,0,0.0,1000.0
2026-05-08 16:45:00,56.36000061035156,1000.0,0,0.0,1000.0
2026-05-08 16:50:00,56.3650016784668,1000.0,0,0.0,1000.0
2026-05-08 16:55:00,56.375,1000.0,0,0.0,1000.0
2026-05-08 17:00:00,56.41999816894531,1000.0,0,0.0,1000.0
2026-05-08 17:05:00,56.41999816894531,1000.0,0,0.0,1000.0
2026-05-08 17:10:00,56.40010070800781,1000.0,0,0.0,1000.0
2026-05-08 17:15:00,56.4119987487793,1000.0,0,0.0,1000.0
2026-05-08 17:20:00,56.43009948730469,1000.0,0,0.0,1000.0
2026-05-08 17:25:00,56.439998626708984,1000.0,0,0.0,1000.0
2026-05-08 17:30:00,56.429901123046875,1000.0,0,0.0,1000.0
2026-05-08 17:35:00,56.40999984741211,1000.0,0,0.0,1000.0
2026-05-08 17:40:00,56.404998779296875,1000.0,0,0.0,1000.0
2026-05-08 17:45:00,56.390098571777344,1000.0,0,0.0,1000.0
2026-05-08 17:50:00,56.399898529052734,1000.0,0,0.0,1000.0
2026-05-08 17:55:00,56.39139938354492,1000.0,0,0.0,1000.0
2026-05-08 18:00:00,56.415000915527344,1000.0,0,0.0,1000.0
2026-05-08 18:05:00,56.404998779296875,1000.0,0,0.0,1000.0
2026-05-08 18:10:00,56.42499923706055,1000.0,0,0.0,1000.0
2026-05-08 18:15:00,56.404998779296875,1000.0,0,0.0,1000.0
2026-05-08 18:20:00,56.42499923706055,1000.0,0,0.0,1000.0
2026-05-08 18:25:00,56.42499923706055,1000.0,0,0.0,1000.0
2026-05-08 18:30:00,56.42499923706055,1000.0,0,0.0,1000.0
2026-05-08 18:35:00,56.410099029541016,1000.0,0,0.0,1000.0
2026-05-08 18:40:00,56.410099029541016,1000.0,0,0.0,1000.0
2026-05-08 18:45:00,56.399898529052734,1000.0,0,0.0,1000.0
2026-05-08 18:50:00,56.400001525878906,1000.0,0,0.0,1000.0
2026-05-08 18:55:00,56.3650016784668,1000.0,0,0.0,1000.0
2026-05-08 19:00:00,56.39500045776367,1000.0,0,0.0,1000.0
2026-05-08 19:05:00,56.43989944458008,1000.0,0,0.0,1000.0
2026-05-08 19:10:00,56.436798095703125,1000.0,0,0.0,1000.0
2026-05-08 19:15:00,56.440101623535156,1000.0,0,0.0,1000.0
2026-05-08 19:20:00,56.42449951171875,1000.0,0,0.0,1000.0
2026-05-08 19:25:00,56.400001525878906,1000.0,0,0.0,1000.0
2026-05-08 19:30:00,56.419898986816406,1000.0,0,0.0,1000.0
2026-05-08 19:35:00,56.435001373291016,1000.0,0,0.0,1000.0
2026-05-08 19:40:00,56.45500183105469,1000.0,0,0.0,1000.0
2026-05-08 19:45:00,56.459999084472656,1000.0,0,0.0,1000.0
2026-05-08 19:50:00,56.48149871826172,1000.0,0,0.0,1000.0
2026-05-08 19:55:00,56.5,1000.0,0,0.0,1000.0
2026-05-11 13:30:00,56.595001220703125,1000.0,0,0.0,1000.0
2026-05-11 13:35:00,56.540000915527344,1000.0,0,0.0,1000.0
2026-05-11 13:40:00,56.5786018371582,1000.0,0,0.0,1000.0
2026-05-11 13:45:00,56.540000915527344,1000.0,0,0.0,1000.0
2026-05-11 13:50:00,56.49549865722656,1000.0,0,0.0,1000.0
2026-05-11 13:55:00,56.474998474121094,1000.0,0,0.0,1000.0
2026-05-11 14:00:00,56.519901275634766,1000.0,0,0.0,1000.0
2026-05-11 14:05:00,56.54010009765625,1000.0,0,0.0,1000.0
2026-05-11 14:10:00,56.57979965209961,1000.0,0,0.0,1000.0
2026-05-11 14:15:00,56.584999084472656,1000.0,0,0.0,1000.0
2026-05-11 14:20:00,56.56990051269531,1000.0,0,0.0,1000.0
2026-05-11 14:25:00,56.435001373291016,1000.0,0,0.0,1000.0
2026-05-11 14:30:00,56.48500061035156,1000.0,0,0.0,1000.0
2026-05-11 14:35:00,56.525001525878906,1000.0,0,0.0,1000.0
2026-05-11 14:40:00,56.53499984741211,1000.0,0,0.0,1000.0
2026-05-11 14:45:00,56.54999923706055,1000.0,0,0.0,1000.0
2026-05-11 14:50:00,56.58000183105469,1000.0,0,0.0,1000.0
2026-05-11 14:55:00,56.564998626708984,1000.0,0,0.0,1000.0
2026-05-11 15:00:00,56.57500076293945,1000.0,0,0.0,1000.0
2026-05-11 15:05:00,56.58000183105469,1000.0,0,0.0,1000.0
2026-05-11 15:10:00,56.54010009765625,1000.0,0,0.0,1000.0
2026-05-11 15:15:00,56.55500030517578,1000.0,0,0.0,1000.0
2026-05-11 15:20:00,56.584999084472656,1000.0,0,0.0,1000.0
2026-05-11 15:25:00,56.60499954223633,1000.0,0,0.0,1000.0
2026-05-11 15:30:00,56.60499954223633,1000.0,0,0.0,1000.0
2026-05-11 15:35:00,56.60499954223633,1000.0,0,0.0,1000.0
2026-05-11 15:40:00,56.60499954223633,1000.0,0,0.0,1000.0
2026-05-11 15:45:00,56.62009811401367,1000.0,0,0.0,1000.0
2026-05-11 15:50:00,56.64500045776367,1000.0,0,0.0,1000.0
2026-05-11 15:55:00,56.640098571777344,1000.0,0,0.0,1000.0
2026-05-11 16:00:00,56.654998779296875,1000.0,0,0.0,1000.0
2026-05-11 16:05:00,56.665000915527344,1000.0,0,0.0,1000.0
2026-05-11 16:10:00,56.654998779296875,1000.0,0,0.0,1000.0
2026-05-11 16:15:00,56.64500045776367,1000.0,0,0.0,1000.0
2026-05-11 16:20:00,56.64500045776367,1000.0,0,0.0,1000.0
2026-05-11 16:25:00,56.654998779296875,1000.0,0,0.0,1000.0
2026-05-11 16:30:00,56.64500045776367,1000.0,0,0.0,1000.0
2026-05-11 16:35:00,56.625,1000.0,0,0.0,1000.0
2026-05-11 16:40:00,56.584999084472656,1000.0,0,0.0,1000.0
2026-05-11 16:45:00,56.59000015258789,1000.0,0,0.0,1000.0
2026-05-11 16:50:00,56.574501037597656,1000.0,0,0.0,1000.0
2026-05-11 16:55:00,56.57500076293945,1000.0,0,0.0,1000.0
2026-05-11 17:00:00,56.595001220703125,1000.0,0,0.0,1000.0
2026-05-11 17:05:00,56.595001220703125,1000.0,0,0.0,1000.0
2026-05-11 17:10:00,56.564998626708984,1000.0,0,0.0,1000.0
2026-05-11 17:15:00,56.564998626708984,1000.0,0,0.0,1000.0
2026-05-11 17:20:00,56.595001220703125,1000.0,0,0.0,1000.0
2026-05-11 17:25:00,56.61940002441406,1000.0,0,0.0,1000.0
2026-05-11 17:30:00,56.629798889160156,1000.0,0,0.0,1000.0
2026-05-11 17:35:00,56.64500045776367,1000.0,0,0.0,1000.0
2026-05-11 17:40:00,56.654998779296875,1000.0,0,0.0,1000.0
2026-05-11 17:45:00,56.64500045776367,1000.0,0,0.0,1000.0
2026-05-11 17:50:00,56.638999938964844,1000.0,0,0.0,1000.0
2026-05-11 17:55:00,56.62990188598633,1000.0,0,0.0,1000.0
2026-05-11 18:00:00,56.64500045776367,1000.0,0,0.0,1000.0
2026-05-11 18:05:00,56.654998779296875,1000.0,0,0.0,1000.0
2026-05-11 18:10:00,56.63999938964844,1000.0,0,0.0,1000.0
2026-05-11 18:15:00,56.640098571777344,1000.0,0,0.0,1000.0
2026-05-11 18:20:00,56.64500045776367,1000.0,0,0.0,1000.0
2026-05-11 18:25:00,56.654998779296875,1000.0,0,0.0,1000.0
2026-05-11 18:30:00,56.6349983215332,1000.0,0,0.0,1000.0
2026-05-11 18:35:00,56.630001068115234,1000.0,0,0.0,1000.0
2026-05-11 18:40:00,56.630001068115234,1000.0,0,0.0,1000.0
2026-05-11 18:45:00,56.61349868774414,1000.0,0,0.0,1000.0
2026-05-11 18:50:00,56.60499954223633,1000.0,0,0.0,1000.0
2026-05-11 18:55:00,56.55500030517578,1000.0,0,0.0,1000.0
2026-05-11 19:00:00,56.5458984375,1000.0,0,0.0,1000.0
2026-05-11 19:05:00,56.595001220703125,1000.0,0,0.0,1000.0
2026-05-11 19:10:00,56.5890007019043,1000.0,0,0.0,1000.0
2026-05-11 19:15:00,56.57500076293945,1000.0,0,0.0,1000.0
2026-05-11 19:20:00,56.550201416015625,1000.0,0,0.0,1000.0
2026-05-11 19:25:00,56.540000915527344,1000.0,0,0.0,1000.0
2026-05-11 19:30:00,56.559898376464844,1000.0,0,0.0,1000.0
2026-05-11 19:35:00,56.54999923706055,1000.0,0,0.0,1000.0
2026-05-11 19:40:00,56.55500030517578,1000.0,0,0.0,1000.0
2026-05-11 19:45:00,56.56999969482422,1000.0,0,0.0,1000.0
2026-05-11 19:50:00,56.59000015258789,1000.0,0,0.0,1000.0
2026-05-11 19:55:00,56.59000015258789,1000.0,0,0.0,1000.0
2026-05-12 13:30:00,56.3650016784668,1000.0,0,0.0,1000.0
2026-05-12 13:35:00,56.3849983215332,1000.0,0,0.0,1000.0
2026-05-12 13:40:00,56.43000030517578,1000.0,0,0.0,1000.0
2026-05-12 13:45:00,56.3650016784668,1000.0,0,0.0,1000.0
2026-05-12 13:50:00,56.369998931884766,1000.0,0,0.0,1000.0
2026-05-12 13:55:00,56.24140167236328,1000.0,0,0.0,1000.0
2026-05-12 14:00:00,56.22999954223633,1000.0,0,0.0,1000.0
2026-05-12 14:05:00,56.269901275634766,1000.0,0,0.0,1000.0
2026-05-12 14:10:00,56.334999084472656,1000.0,0,0.0,1000.0
2026-05-12 14:15:00,56.36989974975586,1000.0,0,0.0,1000.0
2026-05-12 14:20:00,56.31990051269531,1000.0,0,0.0,1000.0
2026-05-12 14:25:00,56.209999084472656,1000.0,0,0.0,1000.0
2026-05-12 14:30:00,56.14189910888672,1000.0,0,0.0,1000.0
2026-05-12 14:35:00,56.224998474121094,1000.0,0,0.0,1000.0
2026-05-12 14:40:00,56.20989990234375,1000.0,0,0.0,1000.0
2026-05-12 14:45:00,56.14500045776367,1000.0,0,0.0,1000.0
2026-05-12 14:50:00,56.18000030517578,1000.0,0,0.0,1000.0
2026-05-12 14:55:00,56.118499755859375,1000.0,0,0.0,1000.0
2026-05-12 15:00:00,56.070098876953125,1000.0,0,0.0,1000.0
2026-05-12 15:05:00,56.130001068115234,1000.0,0,0.0,1000.0
2026-05-12 15:10:00,56.05500030517578,1000.0,0,0.0,1000.0
2026-05-12 15:15:00,56.02000045776367,1000.0,0,0.0,1000.0
2026-05-12 15:20:00,55.95000076293945,1000.0,0,0.0,1000.0
2026-05-12 15:25:00,55.94990158081055,1000.0,0,0.0,1000.0
2026-05-12 15:30:00,55.994998931884766,1000.0,0,0.0,1000.0
2026-05-12 15:35:00,56.025001525878906,1000.0,0,0.0,1000.0
2026-05-12 15:40:00,56.019901275634766,1000.0,0,0.0,1000.0
2026-05-12 15:45:00,55.997501373291016,1000.0,0,0.0,1000.0
2026-05-12 15:50:00,55.95000076293945,1000.0,0,0.0,1000.0
2026-05-12 15:55:00,55.900001525878906,1000.0,0,0.0,1000.0
2026-05-12 16:00:00,55.96070098876953,1000.0,0,0.0,1000.0
2026-05-12 16:05:00,55.9375,1000.0,0,0.0,1000.0
2026-05-12 16:10:00,55.994998931884766,1000.0,0,0.0,1000.0
2026-05-12 16:15:00,55.95830154418945,1000.0,0,0.0,1000.0
2026-05-12 16:20:00,55.9213981628418,1000.0,0,0.0,1000.0
2026-05-12 16:25:00,55.91999816894531,1000.0,0,0.0,1000.0
2026-05-12 16:30:00,55.88990020751953,1000.0,0,0.0,1000.0
2026-05-12 16:35:00,55.8849983215332,1000.0,0,0.0,1000.0
2026-05-12 16:40:00,55.86280059814453,1000.0,0,0.0,1000.0
2026-05-12 16:45:00,55.834999084472656,1000.0,0,0.0,1000.0
2026-05-12 16:50:00,55.80500030517578,1000.0,0,0.0,1000.0
2026-05-12 16:55:00,55.790000915527344,1000.0,0,0.0,1000.0
2026-05-12 17:00:00,55.8650016784668,1000.0,0,0.0,1000.0
2026-05-12 17:05:00,55.88990020751953,1000.0,0,0.0,1000.0
2026-05-12 17:10:00,55.91999816894531,1000.0,0,0.0,1000.0
2026-05-12 17:15:00,55.96969985961914,1000.0,0,0.0,1000.0
2026-05-12 17:20:00,56.005001068115234,1000.0,0,0.0,1000.0
2026-05-12 17:25:00,55.989898681640625,1000.0,0,0.0,1000.0
2026-05-12 17:30:00,56.029998779296875,1000.0,0,0.0,1000.0
2026-05-12 17:35:00,56.00130081176758,1000.0,0,0.0,1000.0
2026-05-12 17:40:00,56.0,1000.0,0,0.0,1000.0
2026-05-12 17:45:00,55.9900016784668,1000.0,0,0.0,1000.0
2026-05-12 17:50:00,56.01860046386719,1000.0,0,0.0,1000.0
2026-05-12 17:55:00,56.029998779296875,1000.0,0,0.0,1000.0
2026-05-12 18:00:00,56.0458984375,1000.0,0,0.0,1000.0
2026-05-12 18:05:00,56.029998779296875,1000.0,0,0.0,1000.0
2026-05-12 18:10:00,56.060001373291016,1000.0,0,0.0,1000.0
2026-05-12 18:15:00,56.060001373291016,1000.0,0,0.0,1000.0
2026-05-12 18:20:00,56.08000183105469,1000.0,0,0.0,1000.0
2026-05-12 18:25:00,56.10900115966797,1000.0,0,0.0,1000.0
2026-05-12 18:30:00,56.099998474121094,1000.0,0,0.0,1000.0
2026-05-12 18:35:00,56.11000061035156,1000.0,0,0.0,1000.0
2026-05-12 18:40:00,56.099998474121094,1000.0,0,0.0,1000.0
2026-05-12 18:45:00,56.0900993347168,1000.0,0,0.0,1000.0
2026-05-12 18:50:00,56.10499954223633,1000.0,0,0.0,1000.0
2026-05-12 18:55:00,56.064998626708984,1000.0,0,0.0,1000.0
2026-05-12 19:00:00,56.10369873046875,1000.0,0,0.0,1000.0
2026-05-12 19:05:00,56.11000061035156,1000.0,0,0.0,1000.0
2026-05-12 19:10:00,56.17499923706055,1000.0,0,0.0,1000.0
2026-05-12 19:15:00,56.18840026855469,1000.0,0,0.0,1000.0
2026-05-12 19:20:00,56.1796989440918,1000.0,0,0.0,1000.0
2026-05-12 19:25:00,56.17499923706055,1000.0,0,0.0,1000.0
2026-05-12 19:30:00,56.244998931884766,1000.0,0,0.0,1000.0
2026-05-12 19:35:00,56.255001068115234,1000.0,0,0.0,1000.0
2026-05-12 19:40:00,56.278499603271484,1000.0,0,0.0,1000.0
2026-05-12 19:45:00,56.279998779296875,1000.0,0,0.0,1000.0
2026-05-12 19:50:00,56.31999969482422,1000.0,0,0.0,1000.0
2026-05-12 19:55:00,56.31999969482422,1000.0,0,0.0,1000.0
2026-05-13 13:30:00,56.4197998046875,1000.0,0,0.0,1000.0
2026-05-13 13:35:00,56.3302001953125,1000.0,0,0.0,1000.0
2026-05-13 13:40:00,56.34989929199219,1000.0,0,0.0,1000.0
2026-05-13 13:45:00,56.26860046386719,1000.0,0,0.0,1000.0
2026-05-13 13:50:00,56.369998931884766,1000.0,0,0.0,1000.0
2026-05-13 13:55:00,56.314998626708984,1000.0,0,0.0,1000.0
2026-05-13 14:00:00,56.314998626708984,1000.0,0,0.0,1000.0
2026-05-13 14:05:00,56.28499984741211,1000.0,0,0.0,1000.0
2026-05-13 14:10:00,56.3203010559082,1000.0,0,0.0,1000.0
2026-05-13 14:15:00,56.30500030517578,1000.0,0,0.0,1000.0
2026-05-13 14:20:00,56.4099006652832,1000.0,0,0.0,1000.0
2026-05-13 14:25:00,56.38999938964844,1000.0,0,0.0,1000.0
2026-05-13 14:30:00,56.436798095703125,1000.0,0,0.0,1000.0
2026-05-13 14:35:00,56.399898529052734,1000.0,0,0.0,1000.0
2026-05-13 14:40:00,56.43000030517578,1000.0,0,0.0,1000.0
2026-05-13 14:45:00,56.435001373291016,1000.0,0,0.0,1000.0
2026-05-13 14:50:00,56.47999954223633,1000.0,0,0.0,1000.0
2026-05-13 14:55:00,56.47999954223633,1000.0,0,0.0,1000.0
2026-05-13 15:00:00,56.5,1000.0,0,0.0,1000.0
2026-05-13 15:05:00,56.4901008605957,1000.0,0,0.0,1000.0
2026-05-13 15:10:00,56.489898681640625,1000.0,0,0.0,1000.0
2026-05-13 15:15:00,56.494998931884766,1000.0,0,0.0,1000.0
2026-05-13 15:20:00,56.470001220703125,1000.0,0,0.0,1000.0
2026-05-13 15:25:00,56.46500015258789,1000.0,0,0.0,1000.0
2026-05-13 15:30:00,56.474998474121094,1000.0,0,0.0,1000.0
2026-05-13 15:35:00,56.48500061035156,1000.0,0,0.0,1000.0
2026-05-13 15:40:00,56.53990173339844,1000.0,0,0.0,1000.0
2026-05-13 15:45:00,56.519901275634766,1000.0,0,0.0,1000.0
2026-05-13 15:50:00,56.494998931884766,1000.0,0,0.0,1000.0
2026-05-13 15:55:00,56.46500015258789,1000.0,0,0.0,1000.0
2026-05-13 16:00:00,56.52000045776367,1000.0,0,0.0,1000.0
2026-05-13 16:05:00,56.525001525878906,1000.0,0,0.0,1000.0
2026-05-13 16:10:00,56.54999923706055,1000.0,0,0.0,1000.0
2026-05-13 16:15:00,56.54499816894531,1000.0,0,0.0,1000.0
2026-05-13 16:20:00,56.595001220703125,1000.0,0,0.0,1000.0
2026-05-13 16:25:00,56.6150016784668,1000.0,0,0.0,1000.0
2026-05-13 16:30:00,56.6150016784668,1000.0,0,0.0,1000.0
2026-05-13 16:35:00,56.61000061035156,1000.0,0,0.0,1000.0
2026-05-13 16:40:00,56.61000061035156,1000.0,0,0.0,1000.0
2026-05-13 16:45:00,56.60499954223633,1000.0,0,0.0,1000.0
2026-05-13 16:50:00,56.61009979248047,1000.0,0,0.0,1000.0
2026-05-13 16:55:00,56.625,1000.0,0,0.0,1000.0
2026-05-13 17:00:00,56.654998779296875,1000.0,0,0.0,1000.0
2026-05-13 17:05:00,56.654998779296875,1000.0,0,0.0,1000.0
2026-05-13 17:10:00,56.665000915527344,1000.0,0,0.0,1000.0
2026-05-13 17:15:00,56.665000915527344,1000.0,0,0.0,1000.0
2026-05-13 17:20:00,56.64500045776367,1000.0,0,0.0,1000.0
2026-05-13 17:25:00,56.669898986816406,1000.0,0,0.0,1000.0
2026-05-13 17:30:00,56.6599006652832,1000.0,0,0.0,1000.0
2026-05-13 17:35:00,56.654998779296875,1000.0,0,0.0,1000.0
2026-05-13 17:40:00,56.665000915527344,1000.0,0,0.0,1000.0
2026-05-13 17:45:00,56.665000915527344,1000.0,0,0.0,1000.0
2026-05-13 17:50:00,56.669898986816406,1000.0,0,0.0,1000.0
2026-05-13 17:55:00,56.625,1000.0,0,0.0,1000.0
2026-05-13 18:00:00,56.665000915527344,1000.0,0,0.0,1000.0
2026-05-13 18:05:00,56.6775016784668,1000.0,0,0.0,1000.0
2026-05-13 18:10:00,56.71500015258789,1000.0,0,0.0,1000.0
2026-05-13 18:15:00,56.7400016784668,1000.0,0,0.0,1000.0
2026-05-13 18:20:00,56.744998931884766,1000.0,0,0.0,1000.0
2026-05-13 18:25:00,56.744998931884766,1000.0,0,0.0,1000.0
2026-05-13 18:30:00,56.73500061035156,1000.0,0,0.0,1000.0
2026-05-13 18:35:00,56.71500015258789,1000.0,0,0.0,1000.0
2026-05-13 18:40:00,56.70500183105469,1000.0,0,0.0,1000.0
2026-05-13 18:45:00,56.70500183105469,1000.0,0,0.0,1000.0
2026-05-13 18:50:00,56.689998626708984,1000.0,0,0.0,1000.0
2026-05-13 18:55:00,56.650001525878906,1000.0,0,0.0,1000.0
2026-05-13 19:00:00,56.67499923706055,1000.0,0,0.0,1000.0
2026-05-13 19:05:00,56.70500183105469,1000.0,0,0.0,1000.0
2026-05-13 19:10:00,56.71500015258789,1000.0,0,0.0,1000.0
2026-05-13 19:15:00,56.724998474121094,1000.0,0,0.0,1000.0
2026-05-13 19:20:00,56.69369888305664,1000.0,0,0.0,1000.0
2026-05-13 19:25:00,56.70989990234375,1000.0,0,0.0,1000.0
2026-05-13 19:30:00,56.70500183105469,1000.0,0,0.0,1000.0
2026-05-13 19:35:00,56.71500015258789,1000.0,0,0.0,1000.0
2026-05-13 19:40:00,56.724998474121094,1000.0,0,0.0,1000.0
2026-05-13 19:45:00,56.724998474121094,1000.0,0,0.0,1000.0
2026-05-13 19:50:00,56.6349983215332,1000.0,0,0.0,1000.0
2026-05-13 19:55:00,56.665000915527344,1000.0,0,0.0,1000.0
2026-05-14 13:30:00,56.750099182128906,1000.0,0,0.0,1000.0
2026-05-14 13:35:00,56.790000915527344,1000.0,0,0.0,1000.0
2026-05-14 13:40:00,56.834999084472656,1000.0,0,0.0,1000.0
2026-05-14 13:45:00,56.8650016784668,1000.0,0,0.0,1000.0
2026-05-14 13:50:00,56.81010055541992,1000.0,0,0.0,1000.0
2026-05-14 13:55:00,56.75,1000.0,0,0.0,1000.0
2026-05-14 14:00:00,56.79999923706055,1000.0,0,0.0,1000.0
2026-05-14 14:05:00,56.7599983215332,1000.0,0,0.0,1000.0
2026-05-14 14:10:00,56.79930114746094,1000.0,0,0.0,1000.0
2026-05-14 14:15:00,56.845001220703125,1000.0,0,0.0,1000.0
2026-05-14 14:20:00,56.8385009765625,1000.0,0,0.0,1000.0
2026-05-14 14:25:00,56.82500076293945,1000.0,0,0.0,1000.0
2026-05-14 14:30:00,56.82500076293945,1000.0,0,0.0,1000.0
2026-05-14 14:35:00,56.8849983215332,1000.0,0,0.0,1000.0
2026-05-14 14:40:00,56.897499084472656,1000.0,0,0.0,1000.0
2026-05-14 14:45:00,56.915000915527344,1000.0,0,0.0,1000.0
2026-05-14 14:50:00,56.9099006652832,1000.0,0,0.0,1000.0
2026-05-14 14:55:00,56.8849983215332,1000.0,0,0.0,1000.0
2026-05-14 15:00:00,56.90739822387695,1000.0,0,0.0,1000.0
2026-05-14 15:05:00,56.93000030517578,1000.0,0,0.0,1000.0
2026-05-14 15:10:00,56.959999084472656,1000.0,0,0.0,1000.0
2026-05-14 15:15:00,56.97990036010742,1000.0,0,0.0,1000.0
2026-05-14 15:20:00,56.971500396728516,1000.0,0,0.0,1000.0
2026-05-14 15:25:00,56.974998474121094,1000.0,0,0.0,1000.0
2026-05-14 15:30:00,56.959999084472656,1000.0,0,0.0,1000.0
2026-05-14 15:35:00,56.959999084472656,1000.0,0,0.0,1000.0
2026-05-14 15:40:00,56.95500183105469,1000.0,0,0.0,1000.0
2026-05-14 15:45:00,56.96500015258789,1000.0,0,0.0,1000.0
2026-05-14 15:50:00,56.974998474121094,1000.0,0,0.0,1000.0
2026-05-14 15:55:00,56.97999954223633,1000.0,0,0.0,1000.0
2026-05-14 16:00:00,57.0,1000.0,0,0.0,1000.0
2026-05-14 16:05:00,56.9828987121582,1000.0,0,0.0,1000.0
2026-05-14 16:10:00,56.97999954223633,1000.0,0,0.0,1000.0
2026-05-14 16:15:00,56.974998474121094,1000.0,0,0.0,1000.0
2026-05-14 16:20:00,56.98500061035156,1000.0,0,0.0,1000.0
2026-05-14 16:25:00,56.94499969482422,1000.0,0,0.0,1000.0
2026-05-14 16:30:00,56.9359016418457,1000.0,0,0.0,1000.0
2026-05-14 16:35:00,56.94499969482422,1000.0,0,0.0,1000.0
2026-05-14 16:40:00,56.94990158081055,1000.0,0,0.0,1000.0
2026-05-14 16:45:00,56.96500015258789,1000.0,0,0.0,1000.0
2026-05-14 16:50:00,56.95500183105469,1000.0,0,0.0,1000.0
2026-05-14 16:55:00,56.940101623535156,1000.0,0,0.0,1000.0
2026-05-14 17:00:00,56.974998474121094,1000.0,0,0.0,1000.0
2026-05-14 17:05:00,56.90999984741211,1000.0,0,0.0,1000.0
2026-05-14 17:10:00,56.880001068115234,1000.0,0,0.0,1000.0
2026-05-14 17:15:00,56.83000183105469,1000.0,0,0.0,1000.0
2026-05-14 17:20:00,56.845001220703125,1000.0,0,0.0,1000.0
2026-05-14 17:25:00,56.849998474121094,1000.0,0,0.0,1000.0
2026-05-14 17:30:00,56.8849983215332,1000.0,0,0.0,1000.0
2026-05-14 17:35:00,56.92499923706055,1000.0,0,0.0,1000.0
2026-05-14 17:40:00,56.92499923706055,1000.0,0,0.0,1000.0
2026-05-14 17:45:00,56.959999084472656,1000.0,0,0.0,1000.0
2026-05-14 17:50:00,56.970001220703125,1000.0,0,0.0,1000.0
2026-05-14 17:55:00,56.96500015258789,1000.0,0,0.0,1000.0
2026-05-14 18:00:00,56.87990188598633,1000.0,0,0.0,1000.0
2026-05-14 18:05:00,56.87990188598633,1000.0,0,0.0,1000.0
2026-05-14 18:10:00,56.915000915527344,1000.0,0,0.0,1000.0
2026-05-14 18:15:00,56.935001373291016,1000.0,0,0.0,1000.0
2026-05-14 18:20:00,56.899898529052734,1000.0,0,0.0,1000.0
2026-05-14 18:25:00,56.900001525878906,1000.0,0,0.0,1000.0
2026-05-14 18:30:00,56.915000915527344,1000.0,0,0.0,1000.0
2026-05-14 18:35:00,56.90999984741211,1000.0,0,0.0,1000.0
2026-05-14 18:40:00,56.89500045776367,1000.0,0,0.0,1000.0
2026-05-14 18:45:00,56.91999816894531,1000.0,0,0.0,1000.0
2026-05-14 18:50:00,56.93000030517578,1000.0,0,0.0,1000.0
2026-05-14 18:55:00,56.935001373291016,1000.0,0,0.0,1000.0
2026-05-14 19:00:00,56.95500183105469,1000.0,0,0.0,1000.0
2026-05-14 19:05:00,56.95500183105469,1000.0,0,0.0,1000.0
2026-05-14 19:10:00,56.933998107910156,1000.0,0,0.0,1000.0
2026-05-14 19:15:00,56.95000076293945,1000.0,0,0.0,1000.0
2026-05-14 19:20:00,56.94499969482422,1000.0,0,0.0,1000.0
2026-05-14 19:25:00,56.92499923706055,1000.0,0,0.0,1000.0
2026-05-14 19:30:00,56.94499969482422,1000.0,0,0.0,1000.0
2026-05-14 19:35:00,56.95500183105469,1000.0,0,0.0,1000.0
2026-05-14 19:40:00,56.967201232910156,1000.0,0,0.0,1000.0
2026-05-14 19:45:00,56.959999084472656,1000.0,0,0.0,1000.0
2026-05-14 19:50:00,56.94499969482422,1000.0,0,0.0,1000.0
2026-05-14 19:55:00,56.92499923706055,1000.0,0,0.0,1000.0
2026-05-15 13:30:00,56.40999984741211,1000.0,0,0.0,1000.0
2026-05-15 13:35:00,56.32500076293945,1000.0,0,0.0,1000.0
2026-05-15 13:40:00,56.337398529052734,1000.0,0,0.0,1000.0
2026-05-15 13:45:00,56.39500045776367,1000.0,0,0.0,1000.0
2026-05-15 13:50:00,56.44499969482422,1000.0,0,0.0,1000.0
2026-05-15 13:55:00,56.29999923706055,1000.0,0,0.0,1000.0
2026-05-15 14:00:00,56.337398529052734,1000.0,0,0.0,1000.0
2026-05-15 14:05:00,56.375,1000.0,0,0.0,1000.0
2026-05-15 14:10:00,56.474998474121094,1000.0,0,0.0,1000.0
2026-05-15 14:15:00,56.53499984741211,1000.0,0,0.0,1000.0
2026-05-15 14:20:00,56.540000915527344,1000.0,0,0.0,1000.0
2026-05-15 14:25:00,56.46500015258789,1000.0,0,0.0,1000.0
2026-05-15 14:30:00,56.529998779296875,1000.0,0,0.0,1000.0
2026-05-15 14:35:00,56.52000045776367,1000.0,0,0.0,1000.0
2026-05-15 14:40:00,56.54499816894531,1000.0,0,0.0,1000.0
2026-05-15 14:45:00,56.46500015258789,1000.0,0,0.0,1000.0
2026-05-15 14:50:00,56.4900016784668,1000.0,0,0.0,1000.0
2026-05-15 14:55:00,56.46500015258789,1000.0,0,0.0,1000.0
2026-05-15 15:00:00,56.46500015258789,1000.0,0,0.0,1000.0
2026-05-15 15:05:00,56.505001068115234,1000.0,0,0.0,1000.0
2026-05-15 15:10:00,56.46500015258789,1000.0,0,0.0,1000.0
2026-05-15 15:15:00,56.505001068115234,1000.0,0,0.0,1000.0
2026-05-15 15:20:00,56.528099060058594,1000.0,0,0.0,1000.0
2026-05-15 15:25:00,56.525001525878906,1000.0,0,0.0,1000.0
2026-05-15 15:30:00,56.54999923706055,1000.0,0,0.0,1000.0
2026-05-15 15:35:00,56.529998779296875,1000.0,0,0.0,1000.0
2026-05-15 15:40:00,56.45500183105469,1000.0,0,0.0,1000.0
2026-05-15 15:45:00,56.44499969482422,1000.0,0,0.0,1000.0
2026-05-15 15:50:00,56.40999984741211,1000.0,0,0.0,1000.0
2026-05-15 15:55:00,56.45500183105469,1000.0,0,0.0,1000.0
2026-05-15 16:00:00,56.45930099487305,1000.0,0,0.0,1000.0
2026-05-15 16:05:00,56.474998474121094,1000.0,0,0.0,1000.0
2026-05-15 16:10:00,56.474998474121094,1000.0,0,0.0,1000.0
2026-05-15 16:15:00,56.457401275634766,1000.0,0,0.0,1000.0
2026-05-15 16:20:00,56.52000045776367,1000.0,0,0.0,1000.0
2026-05-15 16:25:00,56.525001525878906,1000.0,0,0.0,1000.0
2026-05-15 16:30:00,56.54499816894531,1000.0,0,0.0,1000.0
2026-05-15 16:35:00,56.52009963989258,1000.0,0,0.0,1000.0
2026-05-15 16:40:00,56.529998779296875,1000.0,0,0.0,1000.0
2026-05-15 16:45:00,56.53499984741211,1000.0,0,0.0,1000.0
2026-05-15 16:50:00,56.46500015258789,1000.0,0,0.0,1000.0
2026-05-15 16:55:00,56.505001068115234,1000.0,0,0.0,1000.0
2026-05-15 17:00:00,56.52000045776367,1000.0,0,0.0,1000.0
2026-05-15 17:05:00,56.54499816894531,1000.0,0,0.0,1000.0
2026-05-15 17:10:00,56.55979919433594,1000.0,0,0.0,1000.0
2026-05-15 17:15:00,56.560001373291016,1000.0,0,0.0,1000.0
2026-05-15 17:20:00,56.60499954223633,1000.0,0,0.0,1000.0
2026-05-15 17:25:00,56.627601623535156,1000.0,0,0.0,1000.0
2026-05-15 17:30:00,56.649898529052734,1000.0,0,0.0,1000.0
2026-05-15 17:35:00,56.64500045776367,1000.0,0,0.0,1000.0
2026-05-15 17:40:00,56.6349983215332,1000.0,0,0.0,1000.0
2026-05-15 17:45:00,56.619998931884766,1000.0,0,0.0,1000.0
2026-05-15 17:50:00,56.64500045776367,1000.0,0,0.0,1000.0
2026-05-15 17:55:00,56.65449905395508,1000.0,0,0.0,1000.0
2026-05-15 18:00:00,56.66999816894531,1000.0,0,0.0,1000.0
2026-05-15 18:05:00,56.67499923706055,1000.0,0,0.0,1000.0
2026-05-15 18:10:00,56.67499923706055,1000.0,0,0.0,1000.0
2026-05-15 18:15:00,56.59000015258789,1000.0,0,0.0,1000.0
2026-05-15 18:20:00,56.630001068115234,1000.0,0,0.0,1000.0
2026-05-15 18:25:00,56.58000183105469,1000.0,0,0.0,1000.0
2026-05-15 18:30:00,56.525001525878906,1000.0,0,0.0,1000.0
2026-05-15 18:35:00,56.57500076293945,1000.0,0,0.0,1000.0
2026-05-15 18:40:00,56.56999969482422,1000.0,0,0.0,1000.0
2026-05-15 18:45:00,56.57149887084961,1000.0,0,0.0,1000.0
2026-05-15 18:50:00,56.609901428222656,1000.0,0,0.0,1000.0
2026-05-15 18:55:00,56.595001220703125,1000.0,0,0.0,1000.0
2026-05-15 19:00:00,56.54999923706055,1000.0,0,0.0,1000.0
2026-05-15 19:05:00,56.529998779296875,1000.0,0,0.0,1000.0
2026-05-15 19:10:00,56.519901275634766,1000.0,0,0.0,1000.0
2026-05-15 19:15:00,56.5,1000.0,0,0.0,1000.0
2026-05-15 19:20:00,56.487098693847656,1000.0,0,0.0,1000.0
2026-05-15 19:25:00,56.48500061035156,1000.0,0,0.0,1000.0
2026-05-15 19:30:00,56.505001068115234,1000.0,0,0.0,1000.0
2026-05-15 19:35:00,56.529998779296875,1000.0,0,0.0,1000.0
2026-05-15 19:40:00,56.4900016784668,1000.0,0,0.0,1000.0
2026-05-15 19:45:00,56.494998931884766,1000.0,0,0.0,1000.0
2026-05-15 19:50:00,56.41999816894531,1000.0,0,0.0,1000.0
2026-05-15 19:55:00,56.404998779296875,1000.0,0,0.0,1000.0
2026-05-18 13:30:00,56.51499938964844,1000.0,0,0.0,1000.0
2026-05-18 13:35:00,56.5,1000.0,0,0.0,1000.0
2026-05-18 13:40:00,56.3650016784668,1000.0,0,0.0,1000.0
2026-05-18 13:45:00,56.3650016784668,1000.0,0,0.0,1000.0
2026-05-18 13:50:00,56.494998931884766,1000.0,0,0.0,1000.0
2026-05-18 13:55:00,56.470001220703125,1000.0,0,0.0,1000.0
2026-05-18 14:00:00,56.375,1000.0,0,0.0,1000.0
2026-05-18 14:05:00,56.4900016784668,1000.0,0,0.0,1000.0
2026-05-18 14:10:00,56.494998931884766,1000.0,0,0.0,1000.0
2026-05-18 14:15:00,56.48400115966797,1000.0,0,0.0,1000.0
2026-05-18 14:20:00,56.439998626708984,1000.0,0,0.0,1000.0
2026-05-18 14:25:00,56.375,1000.0,0,0.0,1000.0
2026-05-18 14:30:00,56.220001220703125,1000.0,0,0.0,1000.0
2026-05-18 14:35:00,56.26499938964844,1000.0,0,0.0,1000.0
2026-05-18 14:40:00,56.30500030517578,1000.0,0,0.0,1000.0
2026-05-18 14:45:00,56.220001220703125,1000.0,0,0.0,1000.0
2026-05-18 14:50:00,56.2599983215332,1000.0,0,0.0,1000.0
2026-05-18 14:55:00,56.29999923706055,1000.0,0,0.0,1000.0
2026-05-18 15:00:00,56.279998779296875,1000.0,0,0.0,1000.0
2026-05-18 15:05:00,56.209999084472656,1000.0,0,0.0,1000.0
2026-05-18 15:10:00,56.275001525878906,1000.0,0,0.0,1000.0
2026-05-18 15:15:00,56.19499969482422,1000.0,0,0.0,1000.0
2026-05-18 15:20:00,56.189998626708984,1000.0,0,0.0,1000.0
2026-05-18 15:25:00,56.1349983215332,1000.0,0,0.0,1000.0
2026-05-18 15:30:00,56.2041015625,1000.0,0,0.0,1000.0
2026-05-18 15:35:00,56.224998474121094,1000.0,0,0.0,1000.0
2026-05-18 15:40:00,56.19499969482422,1000.0,0,0.0,1000.0
2026-05-18 15:45:00,56.224998474121094,1000.0,0,0.0,1000.0
2026-05-18 15:50:00,56.22999954223633,1000.0,0,0.0,1000.0
2026-05-18 15:55:00,56.180999755859375,1000.0,0,0.0,1000.0
2026-05-18 16:00:00,56.154998779296875,1000.0,0,0.0,1000.0
2026-05-18 16:05:00,56.20000076293945,1000.0,0,0.0,1000.0
2026-05-18 16:10:00,56.22999954223633,1000.0,0,0.0,1000.0
2026-05-18 16:15:00,56.2400016784668,1000.0,0,0.0,1000.0
2026-05-18 16:20:00,56.20000076293945,1000.0,0,0.0,1000.0
2026-05-18 16:25:00,56.0453987121582,1000.0,0,0.0,1000.0
2026-05-18 16:30:00,56.09000015258789,1000.0,0,0.0,1000.0
2026-05-18 16:35:00,56.125,1000.0,0,0.0,1000.0
2026-05-18 16:40:00,56.10900115966797,1000.0,0,0.0,1000.0
2026-05-18 16:45:00,56.1150016784668,1000.0,0,0.0,1000.0
2026-05-18 16:50:00,56.22999954223633,1000.0,0,0.0,1000.0
2026-05-18 16:55:00,56.209999084472656,1000.0,0,0.0,1000.0
2026-05-18 17:00:00,56.20989990234375,1000.0,0,0.0,1000.0
2026-05-18 17:05:00,56.224998474121094,1000.0,0,0.0,1000.0
2026-05-18 17:10:00,56.20989990234375,1000.0,0,0.0,1000.0
2026-05-18 17:15:00,56.21989822387695,1000.0,0,0.0,1000.0
2026-05-18 17:20:00,56.18000030517578,1000.0,0,0.0,1000.0
2026-05-18 17:25:00,56.220001220703125,1000.0,0,0.0,1000.0
2026-05-18 17:30:00,56.185001373291016,1000.0,0,0.0,1000.0
2026-05-18 17:35:00,56.17499923706055,1000.0,0,0.0,1000.0
2026-05-18 17:40:00,56.22999954223633,1000.0,0,0.0,1000.0
2026-05-18 17:45:00,56.1968994140625,1000.0,0,0.0,1000.0
2026-05-18 17:50:00,56.224998474121094,1000.0,0,0.0,1000.0
2026-05-18 17:55:00,56.23500061035156,1000.0,0,0.0,1000.0
2026-05-18 18:00:00,56.15999984741211,1000.0,0,0.0,1000.0
2026-05-18 18:05:00,56.1349983215332,1000.0,0,0.0,1000.0
2026-05-18 18:10:00,56.10499954223633,1000.0,0,0.0,1000.0
2026-05-18 18:15:00,56.040000915527344,1000.0,0,0.0,1000.0
2026-05-18 18:20:00,56.04999923706055,1000.0,0,0.0,1000.0
2026-05-18 18:25:00,56.07500076293945,1000.0,0,0.0,1000.0
2026-05-18 18:30:00,56.06999969482422,1000.0,0,0.0,1000.0
2026-05-18 18:35:00,56.03879928588867,1000.0,0,0.0,1000.0
2026-05-18 18:40:00,56.04999923706055,1000.0,0,0.0,1000.0
2026-05-18 18:45:00,56.005001068115234,1000.0,0,0.0,1000.0
2026-05-18 18:50:00,55.999900817871094,1000.0,0,0.0,1000.0
2026-05-18 18:55:00,56.01499938964844,1000.0,0,0.0,1000.0
2026-05-18 19:00:00,56.19499969482422,1000.0,0,0.0,1000.0
2026-05-18 19:05:00,56.147701263427734,1000.0,0,0.0,1000.0
2026-05-18 19:10:00,56.165000915527344,1000.0,0,0.0,1000.0
2026-05-18 19:15:00,56.1150016784668,1000.0,0,0.0,1000.0
2026-05-18 19:20:00,56.11000061035156,1000.0,0,0.0,1000.0
2026-05-18 19:25:00,56.118099212646484,1000.0,0,0.0,1000.0
2026-05-18 19:30:00,56.152000427246094,1000.0,0,0.0,1000.0
2026-05-18 19:35:00,56.23500061035156,1000.0,0,0.0,1000.0
2026-05-18 19:40:00,56.279998779296875,1000.0,0,0.0,1000.0
2026-05-18 19:45:00,56.307701110839844,1000.0,0,0.0,1000.0
2026-05-18 19:50:00,56.34989929199219,1000.0,0,0.0,1000.0
2026-05-18 19:55:00,56.345001220703125,1000.0,0,0.0,1000.0
2026-05-19 13:30:00,56.17499923706055,1000.0,0,0.0,1000.0
2026-05-19 13:35:00,56.275001525878906,1000.0,0,0.0,1000.0
2026-05-19 13:40:00,56.117401123046875,1000.0,0,0.0,1000.0
2026-05-19 13:45:00,56.154998779296875,1000.0,0,0.0,1000.0
2026-05-19 13:50:00,56.224998474121094,1000.0,0,0.0,1000.0
2026-05-19 13:55:00,56.154998779296875,1000.0,0,0.0,1000.0
2026-05-19 14:00:00,56.125,1000.0,0,0.0,1000.0
2026-05-19 14:05:00,55.974998474121094,1000.0,0,0.0,1000.0
2026-05-19 14:10:00,55.90299987792969,1000.0,0,0.0,1000.0
2026-05-19 14:15:00,55.869998931884766,1000.0,0,0.0,1000.0
2026-05-19 14:20:00,55.89500045776367,1000.0,0,0.0,1000.0
2026-05-19 14:25:00,55.87990188598633,1000.0,0,0.0,1000.0
2026-05-19 14:30:00,55.869998931884766,1000.0,0,0.0,1000.0
2026-05-19 14:35:00,55.95069885253906,1000.0,0,0.0,1000.0
2026-05-19 14:40:00,55.9202995300293,1000.0,0,0.0,1000.0
2026-05-19 14:45:00,55.880001068115234,1000.0,0,0.0,1000.0
2026-05-19 14:50:00,55.915000915527344,1000.0,0,0.0,1000.0
2026-05-19 14:55:00,55.9900016784668,1000.0,0,0.0,1000.0
2026-05-19 15:00:00,56.0098991394043,1000.0,0,0.0,1000.0
2026-05-19 15:05:00,55.974998474121094,1000.0,0,0.0,1000.0
2026-05-19 15:10:00,56.029998779296875,1000.0,0,0.0,1000.0
2026-05-19 15:15:00,55.98500061035156,1000.0,0,0.0,1000.0
2026-05-19 15:20:00,55.91999816894531,1000.0,0,0.0,1000.0
2026-05-19 15:25:00,55.95500183105469,1000.0,0,0.0,1000.0
2026-05-19 15:30:00,56.0,1000.0,0,0.0,1000.0
2026-05-19 15:35:00,56.04499816894531,1000.0,0,0.0,1000.0
2026-05-19 15:40:00,56.062801361083984,1000.0,0,0.0,1000.0
2026-05-19 15:45:00,56.060001373291016,1000.0,0,0.0,1000.0
2026-05-19 15:50:00,56.025001525878906,1000.0,0,0.0,1000.0
2026-05-19 15:55:00,56.01499938964844,1000.0,0,0.0,1000.0
2026-05-19 16:00:00,56.08000183105469,1000.0,0,0.0,1000.0
2026-05-19 16:05:00,56.0,1000.0,0,0.0,1000.0
2026-05-19 16:10:00,56.0098991394043,1000.0,0,0.0,1000.0
2026-05-19 16:15:00,56.06999969482422,1000.0,0,0.0,1000.0
2026-05-19 16:20:00,56.09000015258789,1000.0,0,0.0,1000.0
2026-05-19 16:25:00,56.132999420166016,1000.0,0,0.0,1000.0
2026-05-19 16:30:00,56.17499923706055,1000.0,0,0.0,1000.0
2026-05-19 16:35:00,56.20500183105469,1000.0,0,0.0,1000.0
2026-05-19 16:40:00,56.22990036010742,1000.0,0,0.0,1000.0
2026-05-19 16:45:00,56.220001220703125,1000.0,0,0.0,1000.0
2026-05-19 16:50:00,56.275001525878906,1000.0,0,0.0,1000.0
2026-05-19 16:55:00,56.26499938964844,1000.0,0,0.0,1000.0
2026-05-19 17:00:00,56.30500030517578,1000.0,0,0.0,1000.0
2026-05-19 17:05:00,56.32500076293945,1000.0,0,0.0,1000.0
2026-05-19 17:10:00,56.32500076293945,1000.0,0,0.0,1000.0
2026-05-19 17:15:00,56.35499954223633,1000.0,0,0.0,1000.0
2026-05-19 17:20:00,56.36000061035156,1000.0,0,0.0,1000.0
2026-05-19 17:25:00,56.330101013183594,1000.0,0,0.0,1000.0
2026-05-19 17:30:00,56.339900970458984,1000.0,0,0.0,1000.0
2026-05-19 17:35:00,56.35499954223633,1000.0,0,0.0,1000.0
2026-05-19 17:40:00,56.345001220703125,1000.0,0,0.0,1000.0
2026-05-19 17:45:00,56.311500549316406,1000.0,0,0.0,1000.0
2026-05-19 17:50:00,56.27000045776367,1000.0,0,0.0,1000.0
2026-05-19 17:55:00,56.31999969482422,1000.0,0,0.0,1000.0
2026-05-19 18:00:00,56.334999084472656,1000.0,0,0.0,1000.0
2026-05-19 18:05:00,56.359901428222656,1000.0,0,0.0,1000.0
2026-05-19 18:10:00,56.334999084472656,1000.0,0,0.0,1000.0
2026-05-19 18:15:00,56.314998626708984,1000.0,0,0.0,1000.0
2026-05-19 18:20:00,56.290000915527344,1000.0,0,0.0,1000.0
2026-05-19 18:25:00,56.26499938964844,1000.0,0,0.0,1000.0
2026-05-19 18:30:00,56.28499984741211,1000.0,0,0.0,1000.0
2026-05-19 18:35:00,56.2598991394043,1000.0,0,0.0,1000.0
2026-05-19 18:40:00,56.25659942626953,1000.0,0,0.0,1000.0
2026-05-19 18:45:00,56.269901275634766,1000.0,0,0.0,1000.0
2026-05-19 18:50:00,56.21030044555664,1000.0,0,0.0,1000.0
2026-05-19 18:55:00,56.19499969482422,1000.0,0,0.0,1000.0
2026-05-19 19:00:00,56.20500183105469,1000.0,0,0.0,1000.0
2026-05-19 19:05:00,56.255001068115234,1000.0,0,0.0,1000.0
2026-05-19 19:10:00,56.310001373291016,1000.0,0,0.0,1000.0
2026-05-19 19:15:00,56.25,1000.0,0,0.0,1000.0
2026-05-19 19:20:00,56.17499923706055,1000.0,0,0.0,1000.0
2026-05-19 19:25:00,56.21500015258789,1000.0,0,0.0,1000.0
2026-05-19 19:30:00,56.20000076293945,1000.0,0,0.0,1000.0
2026-05-19 19:35:00,56.179901123046875,1000.0,0,0.0,1000.0
2026-05-19 19:40:00,56.1599006652832,1000.0,0,0.0,1000.0
2026-05-19 19:45:00,56.14500045776367,1000.0,0,0.0,1000.0
2026-05-19 19:50:00,56.09000015258789,1000.0,0,0.0,1000.0
2026-05-19 19:55:00,56.14139938354492,1000.0,0,0.0,1000.0
2026-05-20 13:30:00,55.736900329589844,1000.0,0,0.0,1000.0
2026-05-20 13:35:00,55.647098541259766,1000.0,0,0.0,1000.0
2026-05-20 13:40:00,55.75,1000.0,0,0.0,1000.0
2026-05-20 13:45:00,55.73500061035156,1000.0,0,0.0,1000.0
2026-05-20 13:50:00,55.679901123046875,1000.0,0,0.0,1000.0
2026-05-20 13:55:00,55.6879997253418,1000.0,0,0.0,1000.0
2026-05-20 14:00:00,55.66999816894531,1000.0,0,0.0,1000.0
2026-05-20 14:05:00,55.666500091552734,1000.0,0,0.0,1000.0
2026-05-20 14:10:00,55.685001373291016,1000.0,0,0.0,1000.0
2026-05-20 14:15:00,55.790000915527344,1000.0,0,0.0,1000.0
2026-05-20 14:20:00,55.744998931884766,1000.0,0,0.0,1000.0
2026-05-20 14:25:00,55.79999923706055,1000.0,0,0.0,1000.0
2026-05-20 14:30:00,55.834999084472656,1000.0,0,0.0,1000.0
2026-05-20 14:35:00,55.81340026855469,1000.0,0,0.0,1000.0
2026-05-20 14:40:00,55.834999084472656,1000.0,0,0.0,1000.0
2026-05-20 14:45:00,55.80500030517578,1000.0,0,0.0,1000.0
2026-05-20 14:50:00,55.86000061035156,1000.0,0,0.0,1000.0
2026-05-20 14:55:00,55.8849983215332,1000.0,0,0.0,1000.0
2026-05-20 15:00:00,55.85749816894531,1000.0,0,0.0,1000.0
2026-05-20 15:05:00,55.869998931884766,1000.0,0,0.0,1000.0
2026-05-20 15:10:00,55.86989974975586,1000.0,0,0.0,1000.0
2026-05-20 15:15:00,55.94499969482422,1000.0,0,0.0,1000.0
2026-05-20 15:20:00,55.935001373291016,1000.0,0,0.0,1000.0
2026-05-20 15:25:00,55.904998779296875,1000.0,0,0.0,1000.0
2026-05-20 15:30:00,55.94499969482422,1000.0,0,0.0,1000.0
2026-05-20 15:35:00,55.947200775146484,1000.0,0,0.0,1000.0
2026-05-20 15:40:00,55.94499969482422,1000.0,0,0.0,1000.0
2026-05-20 15:45:00,55.974998474121094,1000.0,0,0.0,1000.0
2026-05-20 15:50:00,55.97999954223633,1000.0,0,0.0,1000.0
2026-05-20 15:55:00,55.95500183105469,1000.0,0,0.0,1000.0
2026-05-20 16:00:00,55.94499969482422,1000.0,0,0.0,1000.0
2026-05-20 16:05:00,55.94499969482422,1000.0,0,0.0,1000.0
2026-05-20 16:10:00,55.935001373291016,1000.0,0,0.0,1000.0
2026-05-20 16:15:00,55.8849983215332,1000.0,0,0.0,1000.0
2026-05-20 16:20:00,55.869998931884766,1000.0,0,0.0,1000.0
2026-05-20 16:25:00,55.867000579833984,1000.0,0,0.0,1000.0
2026-05-20 16:30:00,55.86009979248047,1000.0,0,0.0,1000.0
2026-05-20 16:35:00,55.8650016784668,1000.0,0,0.0,1000.0
2026-05-20 16:40:00,55.915000915527344,1000.0,0,0.0,1000.0
2026-05-20 16:45:00,55.8849983215332,1000.0,0,0.0,1000.0
2026-05-20 16:50:00,55.89500045776367,1000.0,0,0.0,1000.0
2026-05-20 16:55:00,55.900001525878906,1000.0,0,0.0,1000.0
2026-05-20 17:00:00,55.88669967651367,1000.0,0,0.0,1000.0
2026-05-20 17:05:00,55.875,1000.0,0,0.0,1000.0
2026-05-20 17:10:00,55.9275016784668,1000.0,0,0.0,1000.0
2026-05-20 17:15:00,55.91699981689453,1000.0,0,0.0,1000.0
2026-05-20 17:20:00,55.90650177001953,1000.0,0,0.0,1000.0
2026-05-20 17:25:00,55.93989944458008,1000.0,0,0.0,1000.0
2026-05-20 17:30:00,55.92499923706055,1000.0,0,0.0,1000.0
2026-05-20 17:35:00,55.94499969482422,1000.0,0,0.0,1000.0
2026-05-20 17:40:00,55.95500183105469,1000.0,0,0.0,1000.0
2026-05-20 17:45:00,55.935001373291016,1000.0,0,0.0,1000.0
2026-05-20 17:50:00,55.93989944458008,1000.0,0,0.0,1000.0
2026-05-20 17:55:00,55.939998626708984,1000.0,0,0.0,1000.0
2026-05-20 18:00:00,55.95500183105469,1000.0,0,0.0,1000.0
2026-05-20 18:05:00,55.95500183105469,1000.0,0,0.0,1000.0
2026-05-20 18:10:00,55.94990158081055,1000.0,0,0.0,1000.0
2026-05-20 18:15:00,55.944000244140625,1000.0,0,0.0,1000.0
2026-05-20 18:20:00,55.91999816894531,1000.0,0,0.0,1000.0
2026-05-20 18:25:00,55.94499969482422,1000.0,0,0.0,1000.0
2026-05-20 18:30:00,55.95500183105469,1000.0,0,0.0,1000.0
2026-05-20 18:35:00,55.98500061035156,1000.0,0,0.0,1000.0
2026-05-20 18:40:00,55.95000076293945,1000.0,0,0.0,1000.0
2026-05-20 18:45:00,55.95000076293945,1000.0,0,0.0,1000.0
2026-05-20 18:50:00,55.95000076293945,1000.0,0,0.0,1000.0
2026-05-20 18:55:00,55.94200134277344,1000.0,0,0.0,1000.0
2026-05-20 19:00:00,55.95000076293945,1000.0,0,0.0,1000.0
2026-05-20 19:05:00,55.96500015258789,1000.0,0,0.0,1000.0
2026-05-20 19:10:00,55.9900016784668,1000.0,0,0.0,1000.0
2026-05-20 19:15:00,55.98500061035156,1000.0,0,0.0,1000.0
2026-05-20 19:20:00,55.9901008605957,1000.0,0,0.0,1000.0
2026-05-20 19:25:00,55.994998931884766,1000.0,0,0.0,1000.0
2026-05-20 19:30:00,55.994998931884766,1000.0,0,0.0,1000.0
2026-05-20 19:35:00,56.0,1000.0,0,0.0,1000.0
2026-05-20 19:40:00,56.005001068115234,1000.0,0,0.0,1000.0
2026-05-20 19:45:00,56.01499938964844,1000.0,0,0.0,1000.0
2026-05-20 19:50:00,56.01499938964844,1000.0,0,0.0,1000.0
2026-05-20 19:55:00,56.04499816894531,1000.0,0,0.0,1000.0
2026-05-21 13:30:00,55.93000030517578,1000.0,0,0.0,1000.0
2026-05-21 13:35:00,55.84000015258789,1000.0,0,0.0,1000.0
2026-05-21 13:40:00,55.85499954223633,1000.0,0,0.0,1000.0
2026-05-21 13:45:00,55.850101470947266,1000.0,0,0.0,1000.0
2026-05-21 13:50:00,55.94850158691406,1000.0,0,0.0,1000.0
2026-05-21 13:55:00,55.95610046386719,1000.0,0,0.0,1000.0
2026-05-21 14:00:00,55.97999954223633,1000.0,0,0.0,1000.0
2026-05-21 14:05:00,55.994998931884766,1000.0,0,0.0,1000.0
2026-05-21 14:10:00,55.93000030517578,1000.0,0,0.0,1000.0
2026-05-21 14:15:00,55.8400993347168,1000.0,0,0.0,1000.0
2026-05-21 14:20:00,55.79999923706055,1000.0,0,0.0,1000.0
2026-05-21 14:25:00,55.84000015258789,1000.0,0,0.0,1000.0
2026-05-21 14:30:00,55.84989929199219,1000.0,0,0.0,1000.0
2026-05-21 14:35:00,55.904998779296875,1000.0,0,0.0,1000.0
2026-05-21 14:40:00,55.89500045776367,1000.0,0,0.0,1000.0
2026-05-21 14:45:00,55.84000015258789,1000.0,0,0.0,1000.0
2026-05-21 14:50:00,55.87990188598633,1000.0,0,0.0,1000.0
2026-05-21 14:55:00,55.88999938964844,1000.0,0,0.0,1000.0
2026-05-21 15:00:00,55.869998931884766,1000.0,0,0.0,1000.0
2026-05-21 15:05:00,55.80139923095703,1000.0,0,0.0,1000.0
2026-05-21 15:10:00,55.8922004699707,1000.0,0,0.0,1000.0
2026-05-21 15:15:00,55.904998779296875,1000.0,0,0.0,1000.0
2026-05-21 15:20:00,55.900001525878906,1000.0,0,0.0,1000.0
2026-05-21 15:25:00,55.900001525878906,1000.0,0,0.0,1000.0
2026-05-21 15:30:00,55.834999084472656,1000.0,0,0.0,1000.0
2026-05-21 15:35:00,55.915000915527344,1000.0,0,0.0,1000.0
2026-05-21 15:40:00,55.915000915527344,1000.0,0,0.0,1000.0
2026-05-21 15:45:00,55.96500015258789,1000.0,0,0.0,1000.0
2026-05-21 15:50:00,55.95500183105469,1000.0,0,0.0,1000.0
2026-05-21 15:55:00,55.93080139160156,1000.0,0,0.0,1000.0
2026-05-21 16:00:00,55.9536018371582,1000.0,0,0.0,1000.0
2026-05-21 16:05:00,55.970001220703125,1000.0,0,0.0,1000.0
2026-05-21 16:10:00,55.93949890136719,1000.0,0,0.0,1000.0
2026-05-21 16:15:00,55.91999816894531,1000.0,0,0.0,1000.0
2026-05-21 16:20:00,55.89500045776367,1000.0,0,0.0,1000.0
2026-05-21 16:25:00,55.904998779296875,1000.0,0,0.0,1000.0
2026-05-21 16:30:00,55.929901123046875,1000.0,0,0.0,1000.0
2026-05-21 16:35:00,55.915000915527344,1000.0,0,0.0,1000.0
2026-05-21 16:40:00,55.919898986816406,1000.0,0,0.0,1000.0
2026-05-21 16:45:00,55.8849983215332,1000.0,0,0.0,1000.0
2026-05-21 16:50:00,55.904998779296875,1000.0,0,0.0,1000.0
2026-05-21 16:55:00,55.93000030517578,1000.0,0,0.0,1000.0
2026-05-21 17:00:00,55.95500183105469,1000.0,0,0.0,1000.0
2026-05-21 17:05:00,55.96500015258789,1000.0,0,0.0,1000.0
2026-05-21 17:10:00,56.02730178833008,1000.0,0,0.0,1000.0
2026-05-21 17:15:00,56.10499954223633,1000.0,0,0.0,1000.0
2026-05-21 17:20:00,56.09989929199219,1000.0,0,0.0,1000.0
2026-05-21 17:25:00,56.099998474121094,1000.0,0,0.0,1000.0
2026-05-21 17:30:00,56.125,1000.0,0,0.0,1000.0
2026-05-21 17:35:00,56.14500045776367,1000.0,0,0.0,1000.0
2026-05-21 17:40:00,56.18000030517578,1000.0,0,0.0,1000.0
2026-05-21 17:45:00,56.19499969482422,1000.0,0,0.0,1000.0
2026-05-21 17:50:00,56.23500061035156,1000.0,0,0.0,1000.0
2026-05-21 17:55:00,56.185001373291016,1000.0,0,0.0,1000.0
2026-05-21 18:00:00,56.15999984741211,1000.0,0,0.0,1000.0
2026-05-21 18:05:00,56.16999816894531,1000.0,0,0.0,1000.0
2026-05-21 18:10:00,56.1349983215332,1000.0,0,0.0,1000.0
2026-05-21 18:15:00,56.154998779296875,1000.0,0,0.0,1000.0
2026-05-21 18:20:00,56.15999984741211,1000.0,0,0.0,1000.0
2026-05-21 18:25:00,56.154998779296875,1000.0,0,0.0,1000.0
2026-05-21 18:30:00,56.149898529052734,1000.0,0,0.0,1000.0
2026-05-21 18:35:00,56.13010025024414,1000.0,0,0.0,1000.0
2026-05-21 18:40:00,56.154998779296875,1000.0,0,0.0,1000.0
2026-05-21 18:45:00,56.095001220703125,1000.0,0,0.0,1000.0
2026-05-21 18:50:00,56.0,1000.0,0,0.0,1000.0
2026-05-21 18:55:00,56.005001068115234,1000.0,0,0.0,1000.0
2026-05-21 19:00:00,56.05500030517578,1000.0,0,0.0,1000.0
2026-05-21 19:05:00,56.089900970458984,1000.0,0,0.0,1000.0
2026-05-21 19:10:00,56.09000015258789,1000.0,0,0.0,1000.0
2026-05-21 19:15:00,56.1150016784668,1000.0,0,0.0,1000.0
2026-05-21 19:20:00,56.1150016784668,1000.0,0,0.0,1000.0
2026-05-21 19:25:00,56.125,1000.0,0,0.0,1000.0
2026-05-21 19:30:00,56.10499954223633,1000.0,0,0.0,1000.0
2026-05-21 19:35:00,56.12009811401367,1000.0,0,0.0,1000.0
2026-05-21 19:40:00,56.1150016784668,1000.0,0,0.0,1000.0
2026-05-21 19:45:00,56.12929916381836,1000.0,0,0.0,1000.0
2026-05-21 19:50:00,56.119998931884766,1000.0,0,0.0,1000.0
2026-05-21 19:55:00,56.13999938964844,1000.0,0,0.0,1000.0
2026-05-22 13:30:00,56.3849983215332,1000.0,0,0.0,1000.0
2026-05-22 13:35:00,56.439998626708984,1000.0,0,0.0,1000.0
2026-05-22 13:40:00,56.3849983215332,1000.0,0,0.0,1000.0
2026-05-22 13:45:00,56.375,1000.0,0,0.0,1000.0
2026-05-22 13:50:00,56.3650016784668,1000.0,0,0.0,1000.0
2026-05-22 13:55:00,56.386199951171875,1000.0,0,0.0,1000.0
2026-05-22 14:00:00,56.310001373291016,1000.0,0,0.0,1000.0
2026-05-22 14:05:00,56.30500030517578,1000.0,0,0.0,1000.0
2026-05-22 14:10:00,56.30500030517578,1000.0,0,0.0,1000.0
2026-05-22 14:15:00,56.29499816894531,1000.0,0,0.0,1000.0
2026-05-22 14:20:00,56.25,1000.0,0,0.0,1000.0
2026-05-22 14:25:00,56.30500030517578,1000.0,0,0.0,1000.0
2026-05-22 14:30:00,56.3400993347168,1000.0,0,0.0,1000.0
2026-05-22 14:35:00,56.36000061035156,1000.0,0,0.0,1000.0
2026-05-22 14:40:00,56.38990020751953,1000.0,0,0.0,1000.0
2026-05-22 14:45:00,56.3849983215332,1000.0,0,0.0,1000.0
2026-05-22 14:50:00,56.37350082397461,1000.0,0,0.0,1000.0
2026-05-22 14:55:00,56.39500045776367,1000.0,0,0.0,1000.0
2026-05-22 15:00:00,56.42499923706055,1000.0,0,0.0,1000.0
2026-05-22 15:05:00,56.439998626708984,1000.0,0,0.0,1000.0
2026-05-22 15:10:00,56.435001373291016,1000.0,0,0.0,1000.0
2026-05-22 15:15:00,56.44860076904297,1000.0,0,0.0,1000.0
2026-05-22 15:20:00,56.42499923706055,1000.0,0,0.0,1000.0
2026-05-22 15:25:00,56.45500183105469,1000.0,0,0.0,1000.0
2026-05-22 15:30:00,56.439998626708984,1000.0,0,0.0,1000.0
2026-05-22 15:35:00,56.44499969482422,1000.0,0,0.0,1000.0
2026-05-22 15:40:00,56.44499969482422,1000.0,0,0.0,1000.0
2026-05-22 15:45:00,56.41999816894531,1000.0,0,0.0,1000.0
2026-05-22 15:50:00,56.439998626708984,1000.0,0,0.0,1000.0
2026-05-22 15:55:00,56.45000076293945,1000.0,0,0.0,1000.0
2026-05-22 16:00:00,56.439998626708984,1000.0,0,0.0,1000.0
2026-05-22 16:05:00,56.42499923706055,1000.0,0,0.0,1000.0
2026-05-22 16:10:00,56.438499450683594,1000.0,0,0.0,1000.0
2026-05-22 16:15:00,56.400001525878906,1000.0,0,0.0,1000.0
2026-05-22 16:20:00,56.4010009765625,1000.0,0,0.0,1000.0
2026-05-22 16:25:00,56.415000915527344,1000.0,0,0.0,1000.0
2026-05-22 16:30:00,56.40660095214844,1000.0,0,0.0,1000.0
2026-05-22 16:35:00,56.39500045776367,1000.0,0,0.0,1000.0
2026-05-22 16:40:00,56.400001525878906,1000.0,0,0.0,1000.0
2026-05-22 16:45:00,56.404998779296875,1000.0,0,0.0,1000.0
2026-05-22 16:50:00,56.42499923706055,1000.0,0,0.0,1000.0
2026-05-22 16:55:00,56.43669891357422,1000.0,0,0.0,1000.0
2026-05-22 17:00:00,56.45500183105469,1000.0,0,0.0,1000.0
2026-05-22 17:05:00,56.45140075683594,1000.0,0,0.0,1000.0
2026-05-22 17:10:00,56.45500183105469,1000.0,0,0.0,1000.0
2026-05-22 17:15:00,56.400001525878906,1000.0,0,0.0,1000.0
2026-05-22 17:20:00,56.439998626708984,1000.0,0,0.0,1000.0
2026-05-22 17:25:00,56.4900016784668,1000.0,0,0.0,1000.0
2026-05-22 17:30:00,56.45500183105469,1000.0,0,0.0,1000.0
2026-05-22 17:35:00,56.474998474121094,1000.0,0,0.0,1000.0
2026-05-22 17:40:00,56.46989822387695,1000.0,0,0.0,1000.0
2026-05-22 17:45:00,56.45989990234375,1000.0,0,0.0,1000.0
2026-05-22 17:50:00,56.43000030517578,1000.0,0,0.0,1000.0
2026-05-22 17:55:00,56.435001373291016,1000.0,0,0.0,1000.0
2026-05-22 18:00:00,56.41999816894531,1000.0,0,0.0,1000.0
2026-05-22 18:05:00,56.432701110839844,1000.0,0,0.0,1000.0
2026-05-22 18:10:00,56.41510009765625,1000.0,0,0.0,1000.0
2026-05-22 18:15:00,56.42499923706055,1000.0,0,0.0,1000.0
2026-05-22 18:20:00,56.42499923706055,1000.0,0,0.0,1000.0
2026-05-22 18:25:00,56.415000915527344,1000.0,0,0.0,1000.0
2026-05-22 18:30:00,56.400001525878906,1000.0,0,0.0,1000.0
2026-05-22 18:35:00,56.4099006652832,1000.0,0,0.0,1000.0
2026-05-22 18:40:00,56.42829895019531,1000.0,0,0.0,1000.0
2026-05-22 18:45:00,56.40729904174805,1000.0,0,0.0,1000.0
2026-05-22 18:50:00,56.419898986816406,1000.0,0,0.0,1000.0
2026-05-22 18:55:00,56.404998779296875,1000.0,0,0.0,1000.0
2026-05-22 19:00:00,56.380001068115234,1000.0,0,0.0,1000.0
2026-05-22 19:05:00,56.359901428222656,1000.0,0,0.0,1000.0
2026-05-22 19:10:00,56.34510040283203,1000.0,0,0.0,1000.0
2026-05-22 19:15:00,56.34989929199219,1000.0,0,0.0,1000.0
2026-05-22 19:20:00,56.32500076293945,1000.0,0,0.0,1000.0
2026-05-22 19:25:00,56.290000915527344,1000.0,0,0.0,1000.0
2026-05-22 19:30:00,56.314998626708984,1000.0,0,0.0,1000.0
2026-05-22 19:35:00,56.31010055541992,1000.0,0,0.0,1000.0
2026-05-22 19:40:00,56.30500030517578,1000.0,0,0.0,1000.0
2026-05-22 19:45:00,56.290401458740234,1000.0,0,0.0,1000.0
2026-05-22 19:50:00,56.28499984741211,1000.0,0,0.0,1000.0
2026-05-22 19:55:00,56.29999923706055,1000.0,0,0.0,1000.0
2026-05-26 13:30:00,56.64500045776367,1000.0,0,0.0,1000.0
2026-05-26 13:35:00,56.64250183105469,1000.0,0,0.0,1000.0
2026-05-26 13:40:00,56.72990036010742,1000.0,0,0.0,1000.0
2026-05-26 13:45:00,56.76499938964844,1000.0,0,0.0,1000.0
2026-05-26 13:50:00,56.7484016418457,1000.0,0,0.0,1000.0
2026-05-26 13:55:00,56.779998779296875,1000.0,0,0.0,1000.0
2026-05-26 14:00:00,56.779998779296875,1000.0,0,0.0,1000.0
2026-05-26 14:05:00,56.78499984741211,1000.0,0,0.0,1000.0
2026-05-26 14:10:00,56.810001373291016,1000.0,0,0.0,1000.0
2026-05-26 14:15:00,56.83000183105469,1000.0,0,0.0,1000.0
2026-05-26 14:20:00,56.84000015258789,1000.0,0,0.0,1000.0
2026-05-26 14:25:00,56.840999603271484,1000.0,0,0.0,1000.0
2026-05-26 14:30:00,56.855499267578125,1000.0,0,0.0,1000.0
2026-05-26 14:35:00,56.869998931884766,1000.0,0,0.0,1000.0
2026-05-26 14:40:00,56.880001068115234,1000.0,0,0.0,1000.0
2026-05-26 14:45:00,56.86000061035156,1000.0,0,0.0,1000.0
2026-05-26 14:50:00,56.85710144042969,1000.0,0,0.0,1000.0
2026-05-26 14:55:00,56.84000015258789,1000.0,0,0.0,1000.0
2026-05-26 15:00:00,56.83000183105469,1000.0,0,0.0,1000.0
2026-05-26 15:05:00,56.82500076293945,1000.0,0,0.0,1000.0
2026-05-26 15:10:00,56.81999969482422,1000.0,0,0.0,1000.0
2026-05-26 15:15:00,56.80500030517578,1000.0,0,0.0,1000.0
2026-05-26 15:20:00,56.799800872802734,1000.0,0,0.0,1000.0
2026-05-26 15:25:00,56.78219985961914,1000.0,0,0.0,1000.0
2026-05-26 15:30:00,56.78499984741211,1000.0,0,0.0,1000.0
2026-05-26 15:35:00,56.775001525878906,1000.0,0,0.0,1000.0
2026-05-26 15:40:00,56.75,1000.0,0,0.0,1000.0
2026-05-26 15:45:00,56.72999954223633,1000.0,0,0.0,1000.0
2026-05-26 15:50:00,56.689998626708984,1000.0,0,0.0,1000.0
2026-05-26 15:55:00,56.71500015258789,1000.0,0,0.0,1000.0
2026-05-26 16:00:00,56.744998931884766,1000.0,0,0.0,1000.0
2026-05-26 16:05:00,56.724998474121094,1000.0,0,0.0,1000.0
2026-05-26 16:10:00,56.720001220703125,1000.0,0,0.0,1000.0
2026-05-26 16:15:00,56.7400016784668,1000.0,0,0.0,1000.0
2026-05-26 16:20:00,56.755001068115234,1000.0,0,0.0,1000.0
2026-05-26 16:25:00,56.77989959716797,1000.0,0,0.0,1000.0
2026-05-26 16:30:00,56.79499816894531,1000.0,0,0.0,1000.0
2026-05-26 16:35:00,56.779998779296875,1000.0,0,0.0,1000.0
2026-05-26 16:40:00,56.744998931884766,1000.0,0,0.0,1000.0
2026-05-26 16:45:00,56.73500061035156,1000.0,0,0.0,1000.0
2026-05-26 16:50:00,56.755001068115234,1000.0,0,0.0,1000.0
2026-05-26 16:55:00,56.75,1000.0,0,0.0,1000.0
2026-05-26 17:00:00,56.77989959716797,1000.0,0,0.0,1000.0
2026-05-26 17:05:00,56.755001068115234,1000.0,0,0.0,1000.0
2026-05-26 17:10:00,56.77000045776367,1000.0,0,0.0,1000.0
2026-05-26 17:15:00,56.744998931884766,1000.0,0,0.0,1000.0
2026-05-26 17:20:00,56.7400016784668,1000.0,0,0.0,1000.0
2026-05-26 17:25:00,56.744998931884766,1000.0,0,0.0,1000.0
2026-05-26 17:30:00,56.76499938964844,1000.0,0,0.0,1000.0
2026-05-26 17:35:00,56.76499938964844,1000.0,0,0.0,1000.0
2026-05-26 17:40:00,56.77000045776367,1000.0,0,0.0,1000.0
2026-05-26 17:45:00,56.79010009765625,1000.0,0,0.0,1000.0
2026-05-26 17:50:00,56.78499984741211,1000.0,0,0.0,1000.0
2026-05-26 17:55:00,56.775001525878906,1000.0,0,0.0,1000.0
2026-05-26 18:00:00,56.790000915527344,1000.0,0,0.0,1000.0
2026-05-26 18:05:00,56.79499816894531,1000.0,0,0.0,1000.0
2026-05-26 18:10:00,56.80500030517578,1000.0,0,0.0,1000.0
2026-05-26 18:15:00,56.82500076293945,1000.0,0,0.0,1000.0
2026-05-26 18:20:00,56.8286018371582,1000.0,0,0.0,1000.0
2026-05-26 18:25:00,56.81999969482422,1000.0,0,0.0,1000.0
2026-05-26 18:30:00,56.834999084472656,1000.0,0,0.0,1000.0
2026-05-26 18:35:00,56.82500076293945,1000.0,0,0.0,1000.0
2026-05-26 18:40:00,56.81990051269531,1000.0,0,0.0,1000.0
2026-05-26 18:45:00,56.79999923706055,1000.0,0,0.0,1000.0
2026-05-26 18:50:00,56.814998626708984,1000.0,0,0.0,1000.0
2026-05-26 18:55:00,56.79499816894531,1000.0,0,0.0,1000.0
2026-05-26 19:00:00,56.79999923706055,1000.0,0,0.0,1000.0
2026-05-26 19:05:00,56.827999114990234,1000.0,0,0.0,1000.0
2026-05-26 19:10:00,56.828399658203125,1000.0,0,0.0,1000.0
2026-05-26 19:15:00,56.83720016479492,1000.0,0,0.0,1000.0
2026-05-26 19:20:00,56.834999084472656,1000.0,0,0.0,1000.0
2026-05-26 19:25:00,56.81999969482422,1000.0,0,0.0,1000.0
2026-05-26 19:30:00,56.8400993347168,1000.0,0,0.0,1000.0
2026-05-26 19:35:00,56.85499954223633,1000.0,0,0.0,1000.0
2026-05-26 19:40:00,56.869998931884766,1000.0,0,0.0,1000.0
2026-05-26 19:45:00,56.869998931884766,1000.0,0,0.0,1000.0
2026-05-26 19:50:00,56.87990188598633,1000.0,0,0.0,1000.0
2026-05-26 19:55:00,56.84000015258789,1000.0,0,0.0,1000.0
2026-05-27 13:30:00,56.93000030517578,1000.0,0,0.0,1000.0
2026-05-27 13:35:00,56.8650016784668,1000.0,0,0.0,1000.0
2026-05-27 13:40:00,56.7599983215332,1000.0,0,0.0,1000.0
2026-05-27 13:45:00,56.78730010986328,1000.0,0,0.0,1000.0
2026-05-27 13:50:00,56.814998626708984,1000.0,0,0.0,1000.0
2026-05-27 13:55:00,56.845001220703125,1000.0,0,0.0,1000.0
2026-05-27 14:00:00,56.87689971923828,1000.0,0,0.0,1000.0
2026-05-27 14:05:00,56.80500030517578,1000.0,0,0.0,1000.0
2026-05-27 14:10:00,56.80500030517578,1000.0,0,0.0,1000.0
2026-05-27 14:15:00,56.82500076293945,1000.0,0,0.0,1000.0
2026-05-27 14:20:00,56.755001068115234,1000.0,0,0.0,1000.0
2026-05-27 14:25:00,56.70500183105469,1000.0,0,0.0,1000.0
2026-05-27 14:30:00,56.72999954223633,1000.0,0,0.0,1000.0
2026-05-27 14:35:00,56.78139877319336,1000.0,0,0.0,1000.0
2026-05-27 14:40:00,56.78499984741211,1000.0,0,0.0,1000.0
2026-05-27 14:45:00,56.77000045776367,1000.0,0,0.0,1000.0
2026-05-27 14:50:00,56.78499984741211,1000.0,0,0.0,1000.0
2026-05-27 14:55:00,56.724998474121094,1000.0,0,0.0,1000.0
2026-05-27 15:00:00,56.72010040283203,1000.0,0,0.0,1000.0
2026-05-27 15:05:00,56.744998931884766,1000.0,0,0.0,1000.0
2026-05-27 15:10:00,56.73500061035156,1000.0,0,0.0,1000.0
2026-05-27 15:15:00,56.689998626708984,1000.0,0,0.0,1000.0
2026-05-27 15:20:00,56.709999084472656,1000.0,0,0.0,1000.0
2026-05-27 15:25:00,56.72999954223633,1000.0,0,0.0,1000.0
2026-05-27 15:30:00,56.7599983215332,1000.0,0,0.0,1000.0
2026-05-27 15:35:00,56.70989990234375,1000.0,0,0.0,1000.0
2026-05-27 15:40:00,56.68000030517578,1000.0,0,0.0,1000.0
2026-05-27 15:45:00,56.690399169921875,1000.0,0,0.0,1000.0
2026-05-27 15:50:00,56.71500015258789,1000.0,0,0.0,1000.0
2026-05-27 15:55:00,56.724998474121094,1000.0,0,0.0,1000.0
2026-05-27 16:00:00,56.720001220703125,1000.0,0,0.0,1000.0
2026-05-27 16:05:00,56.7599983215332,1000.0,0,0.0,1000.0
2026-05-27 16:10:00,56.789798736572266,1000.0,0,0.0,1000.0
2026-05-27 16:15:00,56.779998779296875,1000.0,0,0.0,1000.0
2026-05-27 16:20:00,56.80500030517578,1000.0,0,0.0,1000.0
2026-05-27 16:25:00,56.7859992980957,1000.0,0,0.0,1000.0
2026-05-27 16:30:00,56.77989959716797,1000.0,0,0.0,1000.0
2026-05-27 16:35:00,56.80509948730469,1000.0,0,0.0,1000.0
2026-05-27 16:40:00,56.82500076293945,1000.0,0,0.0,1000.0
2026-05-27 16:45:00,56.84109878540039,1000.0,0,0.0,1000.0
2026-05-27 16:50:00,56.800201416015625,1000.0,0,0.0,1000.0
2026-05-27 16:55:00,56.78499984741211,1000.0,0,0.0,1000.0
2026-05-27 17:00:00,56.76679992675781,1000.0,0,0.0,1000.0
2026-05-27 17:05:00,56.69499969482422,1000.0,0,0.0,1000.0
2026-05-27 17:10:00,56.71500015258789,1000.0,0,0.0,1000.0
2026-05-27 17:15:00,56.73350143432617,1000.0,0,0.0,1000.0
2026-05-27 17:20:00,56.76499938964844,1000.0,0,0.0,1000.0
2026-05-27 17:25:00,56.75,1000.0,0,0.0,1000.0
2026-05-27 17:30:00,56.76499938964844,1000.0,0,0.0,1000.0
2026-05-27 17:35:00,56.77000045776367,1000.0,0,0.0,1000.0
2026-05-27 17:40:00,56.742401123046875,1000.0,0,0.0,1000.0
2026-05-27 17:45:00,56.75600051879883,1000.0,0,0.0,1000.0
2026-05-27 17:50:00,56.77000045776367,1000.0,0,0.0,1000.0
2026-05-27 17:55:00,56.775001525878906,1000.0,0,0.0,1000.0
2026-05-27 18:00:00,56.77000045776367,1000.0,0,0.0,1000.0
2026-05-27 18:05:00,56.78990173339844,1000.0,0,0.0,1000.0
2026-05-27 18:10:00,56.779998779296875,1000.0,0,0.0,1000.0
2026-05-27 18:15:00,56.80500030517578,1000.0,0,0.0,1000.0
2026-05-27 18:20:00,56.829898834228516,1000.0,0,0.0,1000.0
2026-05-27 18:25:00,56.845001220703125,1000.0,0,0.0,1000.0
2026-05-27 18:30:00,56.845001220703125,1000.0,0,0.0,1000.0
2026-05-27 18:35:00,56.834999084472656,1000.0,0,0.0,1000.0
2026-05-27 18:40:00,56.84000015258789,1000.0,0,0.0,1000.0
2026-05-27 18:45:00,56.845001220703125,1000.0,0,0.0,1000.0
2026-05-27 18:50:00,56.84000015258789,1000.0,0,0.0,1000.0
2026-05-27 18:55:00,56.834999084472656,1000.0,0,0.0,1000.0
2026-05-27 19:00:00,56.845001220703125,1000.0,0,0.0,1000.0
2026-05-27 19:05:00,56.83549880981445,1000.0,0,0.0,1000.0
2026-05-27 19:10:00,56.839900970458984,1000.0,0,0.0,1000.0
2026-05-27 19:15:00,56.83760070800781,1000.0,0,0.0,1000.0
2026-05-27 19:20:00,56.839900970458984,1000.0,0,0.0,1000.0
2026-05-27 19:25:00,56.81809997558594,1000.0,0,0.0,1000.0
2026-05-27 19:30:00,56.84000015258789,1000.0,0,0.0,1000.0
2026-05-27 19:35:00,56.86000061035156,1000.0,0,0.0,1000.0
2026-05-27 19:40:00,56.85499954223633,1000.0,0,0.0,1000.0
2026-05-27 19:45:00,56.84000015258789,1000.0,0,0.0,1000.0
2026-05-27 19:50:00,56.84000015258789,1000.0,0,0.0,1000.0
2026-05-27 19:55:00,56.84000015258789,1000.0,0,0.0,1000.0
2026-05-28 13:30:00,56.81840133666992,1000.0,0,0.0,1000.0
2026-05-28 13:35:00,56.78499984741211,1000.0,0,0.0,1000.0
2026-05-28 13:40:00,56.7599983215332,1000.0,0,0.0,1000.0
2026-05-28 13:45:00,56.7401008605957,1000.0,0,0.0,1000.0
2026-05-28 13:50:00,56.759300231933594,1000.0,0,0.0,1000.0
2026-05-28 13:55:00,56.793399810791016,1000.0,0,0.0,1000.0
2026-05-28 14:00:00,56.79669952392578,1000.0,0,0.0,1000.0
2026-05-28 14:05:00,56.84989929199219,1000.0,0,0.0,1000.0
2026-05-28 14:10:00,56.959999084472656,1000.0,0,0.0,1000.0
2026-05-28 14:15:00,56.935001373291016,1000.0,0,0.0,1000.0
2026-05-28 14:20:00,56.89500045776367,1000.0,0,0.0,1000.0
2026-05-28 14:25:00,56.94200134277344,1000.0,0,0.0,1000.0
2026-05-28 14:30:00,56.926998138427734,1000.0,0,0.0,1000.0
2026-05-28 14:35:00,56.935001373291016,1000.0,0,0.0,1000.0
2026-05-28 14:40:00,56.97999954223633,1000.0,0,0.0,1000.0
2026-05-28 14:45:00,56.94990158081055,1000.0,0,0.0,1000.0
2026-05-28 14:50:00,56.974998474121094,1000.0,0,0.0,1000.0
2026-05-28 14:55:00,56.994998931884766,1000.0,0,0.0,1000.0
2026-05-28 15:00:00,57.03990173339844,1000.0,0,0.0,1000.0
2026-05-28 15:05:00,57.03499984741211,1000.0,0,0.0,1000.0
2026-05-28 15:10:00,57.025001525878906,1000.0,0,0.0,1000.0
2026-05-28 15:15:00,57.03900146484375,1000.0,0,0.0,1000.0
2026-05-28 15:20:00,57.03390121459961,1000.0,0,0.0,1000.0
2026-05-28 15:25:00,57.064998626708984,1000.0,0,0.0,1000.0
2026-05-28 15:30:00,57.079898834228516,1000.0,0,0.0,1000.0
2026-05-28 15:35:00,57.084999084472656,1000.0,0,0.0,1000.0
2026-05-28 15:40:00,57.064998626708984,1000.0,0,0.0,1000.0
2026-05-28 15:45:00,57.05500030517578,1000.0,0,0.0,1000.0
2026-05-28 15:50:00,57.064998626708984,1000.0,0,0.0,1000.0
2026-05-28 15:55:00,57.06990051269531,1000.0,0,0.0,1000.0
2026-05-28 16:00:00,57.05630111694336,1000.0,0,0.0,1000.0
2026-05-28 16:05:00,57.07609939575195,1000.0,0,0.0,1000.0
2026-05-28 16:10:00,57.079898834228516,1000.0,0,0.0,1000.0
2026-05-28 16:15:00,57.0900993347168,1000.0,0,0.0,1000.0
2026-05-28 16:20:00,57.119998931884766,1000.0,0,0.0,1000.0
2026-05-28 16:25:00,57.10860061645508,1000.0,0,0.0,1000.0
2026-05-28 16:30:00,57.095001220703125,1000.0,0,0.0,1000.0
2026-05-28 16:35:00,57.09000015258789,1000.0,0,0.0,1000.0
2026-05-28 16:40:00,57.10499954223633,1000.0,0,0.0,1000.0
2026-05-28 16:45:00,57.1150016784668,1000.0,0,0.0,1000.0
2026-05-28 16:50:00,57.10499954223633,1000.0,0,0.0,1000.0
2026-05-28 16:55:00,57.1349983215332,1000.0,0,0.0,1000.0
2026-05-28 17:00:00,57.130001068115234,1000.0,0,0.0,1000.0
2026-05-28 17:05:00,57.119998931884766,1000.0,0,0.0,1000.0
2026-05-28 17:10:00,57.125,1000.0,0,0.0,1000.0
2026-05-28 17:15:00,57.1150016784668,1000.0,0,0.0,1000.0
2026-05-28 17:20:00,57.12670135498047,1000.0,0,0.0,1000.0
2026-05-28 17:25:00,57.1150016784668,1000.0,0,0.0,1000.0
2026-05-28 17:30:00,57.095001220703125,1000.0,0,0.0,1000.0
2026-05-28 17:35:00,57.1150016784668,1000.0,0,0.0,1000.0
2026-05-28 17:40:00,57.125,1000.0,0,0.0,1000.0
2026-05-28 17:45:00,57.13990020751953,1000.0,0,0.0,1000.0
2026-05-28 17:50:00,57.14670181274414,1000.0,0,0.0,1000.0
2026-05-28 17:55:00,57.125,1000.0,0,0.0,1000.0
2026-05-28 18:00:00,57.1349983215332,1000.0,0,0.0,1000.0
2026-05-28 18:05:00,57.1349983215332,1000.0,0,0.0,1000.0
2026-05-28 18:10:00,57.11140060424805,1000.0,0,0.0,1000.0
2026-05-28 18:15:00,57.117801666259766,1000.0,0,0.0,1000.0
2026-05-28 18:20:00,57.125,1000.0,0,0.0,1000.0
2026-05-28 18:25:00,57.125,1000.0,0,0.0,1000.0
2026-05-28 18:30:00,57.11000061035156,1000.0,0,0.0,1000.0
2026-05-28 18:35:00,57.11000061035156,1000.0,0,0.0,1000.0
2026-05-28 18:40:00,57.10499954223633,1000.0,0,0.0,1000.0
2026-05-28 18:45:00,57.09270095825195,1000.0,0,0.0,1000.0
2026-05-28 18:50:00,57.11989974975586,1000.0,0,0.0,1000.0
2026-05-28 18:55:00,57.11000061035156,1000.0,0,0.0,1000.0
2026-05-28 19:00:00,57.109901428222656,1000.0,0,0.0,1000.0
2026-05-28 19:05:00,57.1150016784668,1000.0,0,0.0,1000.0
2026-05-28 19:10:00,57.10499954223633,1000.0,0,0.0,1000.0
2026-05-28 19:15:00,57.0968017578125,1000.0,0,0.0,1000.0
2026-05-28 19:20:00,57.095001220703125,1000.0,0,0.0,1000.0
2026-05-28 19:25:00,57.11000061035156,1000.0,0,0.0,1000.0
2026-05-28 19:30:00,57.116600036621094,1000.0,0,0.0,1000.0
2026-05-28 19:35:00,57.12770080566406,1000.0,0,0.0,1000.0
2026-05-28 19:40:00,57.1150016784668,1000.0,0,0.0,1000.0
2026-05-28 19:45:00,57.1150016784668,1000.0,0,0.0,1000.0
2026-05-28 19:50:00,57.09000015258789,1000.0,0,0.0,1000.0
2026-05-28 19:55:00,57.10219955444336,1000.0,0,0.0,1000.0
2026-05-29 13:30:00,57.19499969482422,1000.0,0,0.0,1000.0
2026-05-29 13:35:00,57.2400016784668,1000.0,0,0.0,1000.0
2026-05-29 13:40:00,57.27000045776367,1000.0,0,0.0,1000.0
2026-05-29 13:45:00,57.29499816894531,1000.0,0,0.0,1000.0
2026-05-29 13:50:00,57.314998626708984,1000.0,0,0.0,1000.0
2026-05-29 13:55:00,57.31399917602539,1000.0,0,0.0,1000.0
2026-05-29 14:00:00,57.32849884033203,1000.0,0,0.0,1000.0
2026-05-29 14:05:00,57.310001373291016,1000.0,0,0.0,1000.0
2026-05-29 14:10:00,57.28499984741211,1000.0,0,0.0,1000.0
2026-05-29 14:15:00,57.23139953613281,1000.0,0,0.0,1000.0
2026-05-29 14:20:00,57.220001220703125,1000.0,0,0.0,1000.0
2026-05-29 14:25:00,57.224998474121094,1000.0,0,0.0,1000.0
2026-05-29 14:30:00,57.25979995727539,1000.0,0,0.0,1000.0
2026-05-29 14:35:00,57.181400299072266,1000.0,0,0.0,1000.0
2026-05-29 14:40:00,57.12990188598633,1000.0,0,0.0,1000.0
2026-05-29 14:45:00,57.130001068115234,1000.0,0,0.0,1000.0
2026-05-29 14:50:00,57.16999816894531,1000.0,0,0.0,1000.0
2026-05-29 14:55:00,57.19240188598633,1000.0,0,0.0,1000.0
2026-05-29 15:00:00,57.20880126953125,1000.0,0,0.0,1000.0
2026-05-29 15:05:00,57.22990036010742,1000.0,0,0.0,1000.0
2026-05-29 15:10:00,57.255001068115234,1000.0,0,0.0,1000.0
2026-05-29 15:15:00,57.23500061035156,1000.0,0,0.0,1000.0
2026-05-29 15:20:00,57.22999954223633,1000.0,0,0.0,1000.0
2026-05-29 15:25:00,57.224998474121094,1000.0,0,0.0,1000.0
2026-05-29 15:30:00,57.23979949951172,1000.0,0,0.0,1000.0
2026-05-29 15:35:00,57.244998931884766,1000.0,0,0.0,1000.0
2026-05-29 15:40:00,57.20500183105469,1000.0,0,0.0,1000.0
2026-05-29 15:45:00,57.19990158081055,1000.0,0,0.0,1000.0
2026-05-29 15:50:00,57.220001220703125,1000.0,0,0.0,1000.0
2026-05-29 15:55:00,57.209999084472656,1000.0,0,0.0,1000.0
2026-05-29 16:00:00,57.244998931884766,1000.0,0,0.0,1000.0
2026-05-29 16:05:00,57.275001525878906,1000.0,0,0.0,1000.0
2026-05-29 16:10:00,57.275001525878906,1000.0,0,0.0,1000.0
2026-05-29 16:15:00,57.255001068115234,1000.0,0,0.0,1000.0
2026-05-29 16:20:00,57.269901275634766,1000.0,0,0.0,1000.0
2026-05-29 16:25:00,57.244998931884766,1000.0,0,0.0,1000.0
2026-05-29 16:30:00,57.26499938964844,1000.0,0,0.0,1000.0
2026-05-29 16:35:00,57.27000045776367,1000.0,0,0.0,1000.0
2026-05-29 16:40:00,57.261600494384766,1000.0,0,0.0,1000.0
2026-05-29 16:45:00,57.255001068115234,1000.0,0,0.0,1000.0
2026-05-29 16:50:00,57.2401008605957,1000.0,0,0.0,1000.0
2026-05-29 16:55:00,57.23500061035156,1000.0,0,0.0,1000.0
2026-05-29 17:00:00,57.239898681640625,1000.0,0,0.0,1000.0
2026-05-29 17:05:00,57.244998931884766,1000.0,0,0.0,1000.0
2026-05-29 17:10:00,57.23500061035156,1000.0,0,0.0,1000.0
2026-05-29 17:15:00,57.23500061035156,1000.0,0,0.0,1000.0
2026-05-29 17:20:00,57.224998474121094,1000.0,0,0.0,1000.0
2026-05-29 17:25:00,57.21979904174805,1000.0,0,0.0,1000.0
2026-05-29 17:30:00,57.20000076293945,1000.0,0,0.0,1000.0
2026-05-29 17:35:00,57.21500015258789,1000.0,0,0.0,1000.0
2026-05-29 17:40:00,57.19499969482422,1000.0,0,0.0,1000.0
2026-05-29 17:45:00,57.19499969482422,1000.0,0,0.0,1000.0
2026-05-29 17:50:00,57.185001373291016,1000.0,0,0.0,1000.0
2026-05-29 17:55:00,57.150001525878906,1000.0,0,0.0,1000.0
2026-05-29 18:00:00,57.169898986816406,1000.0,0,0.0,1000.0
2026-05-29 18:05:00,57.190101623535156,1000.0,0,0.0,1000.0
2026-05-29 18:10:00,57.185001373291016,1000.0,0,0.0,1000.0
2026-05-29 18:15:00,57.19499969482422,1000.0,0,0.0,1000.0
2026-05-29 18:20:00,57.20500183105469,1000.0,0,0.0,1000.0
2026-05-29 18:25:00,57.22010040283203,1000.0,0,0.0,1000.0
2026-05-29 18:30:00,57.244998931884766,1000.0,0,0.0,1000.0
2026-05-29 18:35:00,57.21989822387695,1000.0,0,0.0,1000.0
2026-05-29 18:40:00,57.22370147705078,1000.0,0,0.0,1000.0
2026-05-29 18:45:00,57.18989944458008,1000.0,0,0.0,1000.0
2026-05-29 18:50:00,57.185001373291016,1000.0,0,0.0,1000.0
2026-05-29 18:55:00,57.15999984741211,1000.0,0,0.0,1000.0
2026-05-29 19:00:00,57.185001373291016,1000.0,0,0.0,1000.0
2026-05-29 19:05:00,57.20690155029297,1000.0,0,0.0,1000.0
2026-05-29 19:10:00,57.20899963378906,1000.0,0,0.0,1000.0
2026-05-29 19:15:00,57.20500183105469,1000.0,0,0.0,1000.0
2026-05-29 19:20:00,57.21500015258789,1000.0,0,0.0,1000.0
2026-05-29 19:25:00,57.224998474121094,1000.0,0,0.0,1000.0
2026-05-29 19:30:00,57.244998931884766,1000.0,0,0.0,1000.0
2026-05-29 19:35:00,57.269901275634766,1000.0,0,0.0,1000.0
2026-05-29 19:40:00,57.26499938964844,1000.0,0,0.0,1000.0
2026-05-29 19:45:00,57.275001525878906,1000.0,0,0.0,1000.0
2026-05-29 19:50:00,57.244998931884766,1000.0,0,0.0,1000.0
2026-05-29 19:55:00,57.244998931884766,1000.0,0,0.0,1000.0
2026-06-01 13:30:00,57.21839904785156,1000.0,0,0.0,1000.0
2026-06-01 13:35:00,57.29100036621094,1000.0,0,0.0,1000.0
2026-06-01 13:40:00,57.26499938964844,1000.0,0,0.0,1000.0
2026-06-01 13:45:00,57.275001525878906,1000.0,0,0.0,1000.0
2026-06-01 13:50:00,57.209999084472656,1000.0,0,0.0,1000.0
2026-06-01 13:55:00,57.099998474121094,1000.0,0,0.0,1000.0
2026-06-01 14:00:00,57.09000015258789,1000.0,0,0.0,1000.0
2026-06-01 14:05:00,57.20000076293945,1000.0,0,0.0,1000.0
2026-06-01 14:10:00,57.17499923706055,1000.0,0,0.0,1000.0
2026-06-01 14:15:00,57.18989944458008,1000.0,0,0.0,1000.0
2026-06-01 14:20:00,57.255001068115234,1000.0,0,0.0,1000.0
2026-06-01 14:25:00,57.217098236083984,1000.0,0,0.0,1000.0
2026-06-01 14:30:00,57.2599983215332,1000.0,0,0.0,1000.0
2026-06-01 14:35:00,57.25,1000.0,0,0.0,1000.0
2026-06-01 14:40:00,57.278099060058594,1000.0,0,0.0,1000.0
2026-06-01 14:45:00,57.290000915527344,1000.0,0,0.0,1000.0
2026-06-01 14:50:00,57.28990173339844,1000.0,0,0.0,1000.0
2026-06-01 14:55:00,57.290000915527344,1000.0,0,0.0,1000.0
2026-06-01 15:00:00,57.28990173339844,1000.0,0,0.0,1000.0
2026-06-01 15:05:00,57.29499816894531,1000.0,0,0.0,1000.0
2026-06-01 15:10:00,57.314998626708984,1000.0,0,0.0,1000.0
2026-06-01 15:15:00,57.339900970458984,1000.0,0,0.0,1000.0
2026-06-01 15:20:00,57.36859893798828,1000.0,0,0.0,1000.0
2026-06-01 15:25:00,57.36159896850586,1000.0,0,0.0,1000.0
2026-06-01 15:30:00,57.43000030517578,1000.0,0,0.0,1000.0
2026-06-01 15:35:00,57.44990158081055,1000.0,0,0.0,1000.0
2026-06-01 15:40:00,57.44990158081055,1000.0,0,0.0,1000.0
2026-06-01 15:45:00,57.404998779296875,1000.0,0,0.0,1000.0
2026-06-01 15:50:00,57.42499923706055,1000.0,0,0.0,1000.0
2026-06-01 15:55:00,57.3849983215332,1000.0,0,0.0,1000.0
2026-06-01 16:00:00,57.404998779296875,1000.0,0,0.0,1000.0
2026-06-01 16:05:00,57.397098541259766,1000.0,0,0.0,1000.0
2026-06-01 16:10:00,57.35499954223633,1000.0,0,0.0,1000.0
2026-06-01 16:15:00,57.34510040283203,1000.0,0,0.0,1000.0
2026-06-01 16:20:00,57.38349914550781,1000.0,0,0.0,1000.0
2026-06-01 16:25:00,57.404998779296875,1000.0,0,0.0,1000.0
2026-06-01 16:30:00,57.435001373291016,1000.0,0,0.0,1000.0
2026-06-01 16:35:00,57.439998626708984,1000.0,0,0.0,1000.0
2026-06-01 16:40:00,57.42499923706055,1000.0,0,0.0,1000.0
2026-06-01 16:45:00,57.43000030517578,1000.0,0,0.0,1000.0
2026-06-01 16:50:00,57.48500061035156,1000.0,0,0.0,1000.0
2026-06-01 16:55:00,57.499900817871094,1000.0,0,0.0,1000.0
2026-06-01 17:00:00,57.46500015258789,1000.0,0,0.0,1000.0
2026-06-01 17:05:00,57.439998626708984,1000.0,0,0.0,1000.0
2026-06-01 17:10:00,57.450199127197266,1000.0,0,0.0,1000.0
2026-06-01 17:15:00,57.45000076293945,1000.0,0,0.0,1000.0
2026-06-01 17:20:00,57.470001220703125,1000.0,0,0.0,1000.0
2026-06-01 17:25:00,57.529998779296875,1000.0,0,0.0,1000.0
2026-06-01 17:30:00,57.5,1000.0,0,0.0,1000.0
2026-06-01 17:35:00,57.53499984741211,1000.0,0,0.0,1000.0
2026-06-01 17:40:00,57.60499954223633,1000.0,0,0.0,1000.0
2026-06-01 17:45:00,57.629398345947266,1000.0,0,0.0,1000.0
2026-06-01 17:50:00,57.654998779296875,1000.0,0,0.0,1000.0
2026-06-01 17:55:00,57.6349983215332,1000.0,0,0.0,1000.0
2026-06-01 18:00:00,57.62649917602539,1000.0,0,0.0,1000.0
2026-06-01 18:05:00,57.6150016784668,1000.0,0,0.0,1000.0
2026-06-01 18:10:00,57.57500076293945,1000.0,0,0.0,1000.0
2026-06-01 18:15:00,57.595001220703125,1000.0,0,0.0,1000.0
2026-06-01 18:20:00,57.595001220703125,1000.0,0,0.0,1000.0
2026-06-01 18:25:00,57.595001220703125,1000.0,0,0.0,1000.0
2026-06-01 18:30:00,57.607398986816406,1000.0,0,0.0,1000.0
2026-06-01 18:35:00,57.584999084472656,1000.0,0,0.0,1000.0
2026-06-01 18:40:00,57.59000015258789,1000.0,0,0.0,1000.0
2026-06-01 18:45:00,57.57500076293945,1000.0,0,0.0,1000.0
2026-06-01 18:50:00,57.57500076293945,1000.0,0,0.0,1000.0
2026-06-01 18:55:00,57.57500076293945,1000.0,0,0.0,1000.0
2026-06-01 19:00:00,57.57500076293945,1000.0,0,0.0,1000.0
2026-06-01 19:05:00,57.58000183105469,1000.0,0,0.0,1000.0
2026-06-01 19:10:00,57.584999084472656,1000.0,0,0.0,1000.0
2026-06-01 19:15:00,57.564998626708984,1000.0,0,0.0,1000.0
2026-06-01 19:20:00,57.564998626708984,1000.0,0,0.0,1000.0
2026-06-01 19:25:00,57.564998626708984,1000.0,0,0.0,1000.0
2026-06-01 19:30:00,57.52009963989258,1000.0,0,0.0,1000.0
2026-06-01 19:35:00,57.529998779296875,1000.0,0,0.0,1000.0
2026-06-01 19:40:00,57.51499938964844,1000.0,0,0.0,1000.0
2026-06-01 19:45:00,57.494998931884766,1000.0,0,0.0,1000.0
2026-06-01 19:50:00,57.489898681640625,1000.0,0,0.0,1000.0
2026-06-01 19:55:00,57.470001220703125,1000.0,0,0.0,1000.0
2026-06-02 13:30:00,57.3650016784668,1000.0,0,0.0,1000.0
2026-06-02 13:35:00,57.345001220703125,1000.0,0,0.0,1000.0
2026-06-02 13:40:00,57.393001556396484,1000.0,0,0.0,1000.0
2026-06-02 13:45:00,57.46500015258789,1000.0,0,0.0,1000.0
2026-06-02 13:50:00,57.47990036010742,1000.0,0,0.0,1000.0
2026-06-02 13:55:00,57.529998779296875,1000.0,0,0.0,1000.0
2026-06-02 14:00:00,57.53499984741211,1000.0,0,0.0,1000.0
2026-06-02 14:05:00,57.560001373291016,1000.0,0,0.0,1000.0
2026-06-02 14:10:00,57.58000183105469,1000.0,0,0.0,1000.0
2026-06-02 14:15:00,57.57500076293945,1000.0,0,0.0,1000.0
2026-06-02 14:20:00,57.5099983215332,1000.0,0,0.0,1000.0
2026-06-02 14:25:00,57.479000091552734,1000.0,0,0.0,1000.0
2026-06-02 14:30:00,57.525001525878906,1000.0,0,0.0,1000.0
2026-06-02 14:35:00,57.54499816894531,1000.0,0,0.0,1000.0
2026-06-02 14:40:00,57.564998626708984,1000.0,0,0.0,1000.0
2026-06-02 14:45:00,57.560001373291016,1000.0,0,0.0,1000.0
2026-06-02 14:50:00,57.58000183105469,1000.0,0,0.0,1000.0
2026-06-02 14:55:00,57.59989929199219,1000.0,0,0.0,1000.0
2026-06-02 15:00:00,57.564998626708984,1000.0,0,0.0,1000.0
2026-06-02 15:05:00,57.6150016784668,1000.0,0,0.0,1000.0
2026-06-02 15:10:00,57.619998931884766,1000.0,0,0.0,1000.0
2026-06-02 15:15:00,57.630001068115234,1000.0,0,0.0,1000.0
2026-06-02 15:20:00,57.630001068115234,1000.0,0,0.0,1000.0
2026-06-02 15:25:00,57.62910079956055,1000.0,0,0.0,1000.0
2026-06-02 15:30:00,57.6349983215332,1000.0,0,0.0,1000.0
2026-06-02 15:35:00,57.64500045776367,1000.0,0,0.0,1000.0
2026-06-02 15:40:00,57.6349983215332,1000.0,0,0.0,1000.0
2026-06-02 15:45:00,57.63999938964844,1000.0,0,0.0,1000.0
2026-06-02 15:50:00,57.654998779296875,1000.0,0,0.0,1000.0
2026-06-02 15:55:00,57.665000915527344,1000.0,0,0.0,1000.0
2026-06-02 16:00:00,57.63999938964844,1000.0,0,0.0,1000.0
2026-06-02 16:05:00,57.685001373291016,1000.0,0,0.0,1000.0
2026-06-02 16:10:00,57.688499450683594,1000.0,0,0.0,1000.0
2026-06-02 16:15:00,57.64500045776367,1000.0,0,0.0,1000.0
2026-06-02 16:20:00,57.650001525878906,1000.0,0,0.0,1000.0
2026-06-02 16:25:00,57.62310028076172,1000.0,0,0.0,1000.0
2026-06-02 16:30:00,57.6150016784668,1000.0,0,0.0,1000.0
2026-06-02 16:35:00,57.60499954223633,1000.0,0,0.0,1000.0
2026-06-02 16:40:00,57.61000061035156,1000.0,0,0.0,1000.0
2026-06-02 16:45:00,57.63999938964844,1000.0,0,0.0,1000.0
2026-06-02 16:50:00,57.659000396728516,1000.0,0,0.0,1000.0
2026-06-02 16:55:00,57.66999816894531,1000.0,0,0.0,1000.0
2026-06-02 17:00:00,57.67499923706055,1000.0,0,0.0,1000.0
2026-06-02 17:05:00,57.66400146484375,1000.0,0,0.0,1000.0
2026-06-02 17:10:00,57.67259979248047,1000.0,0,0.0,1000.0
2026-06-02 17:15:00,57.619998931884766,1000.0,0,0.0,1000.0
2026-06-02 17:20:00,57.609901428222656,1000.0,0,0.0,1000.0
2026-06-02 17:25:00,57.599998474121094,1000.0,0,0.0,1000.0
2026-06-02 17:30:00,57.589900970458984,1000.0,0,0.0,1000.0
2026-06-02 17:35:00,57.560001373291016,1000.0,0,0.0,1000.0
2026-06-02 17:40:00,57.58290100097656,1000.0,0,0.0,1000.0
2026-06-02 17:45:00,57.60639953613281,1000.0,0,0.0,1000.0
2026-06-02 17:50:00,57.60499954223633,1000.0,0,0.0,1000.0
2026-06-02 17:55:00,57.584999084472656,1000.0,0,0.0,1000.0
2026-06-02 18:00:00,57.57500076293945,1000.0,0,0.0,1000.0
2026-06-02 18:05:00,57.60499954223633,1000.0,0,0.0,1000.0
2026-06-02 18:10:00,57.619998931884766,1000.0,0,0.0,1000.0
2026-06-02 18:15:00,57.595001220703125,1000.0,0,0.0,1000.0
2026-06-02 18:20:00,57.595001220703125,1000.0,0,0.0,1000.0
2026-06-02 18:25:00,57.60499954223633,1000.0,0,0.0,1000.0
2026-06-02 18:30:00,57.61989974975586,1000.0,0,0.0,1000.0
2026-06-02 18:35:00,57.57059860229492,1000.0,0,0.0,1000.0
2026-06-02 18:40:00,57.57500076293945,1000.0,0,0.0,1000.0
2026-06-02 18:45:00,57.589900970458984,1000.0,0,0.0,1000.0
2026-06-02 18:50:00,57.58399963378906,1000.0,0,0.0,1000.0
2026-06-02 18:55:00,57.60499954223633,1000.0,0,0.0,1000.0
2026-06-02 19:00:00,57.64500045776367,1000.0,0,0.0,1000.0
2026-06-02 19:05:00,57.6349983215332,1000.0,0,0.0,1000.0
2026-06-02 19:10:00,57.650001525878906,1000.0,0,0.0,1000.0
2026-06-02 19:15:00,57.64500045776367,1000.0,0,0.0,1000.0
2026-06-02 19:20:00,57.65999984741211,1000.0,0,0.0,1000.0
2026-06-02 19:25:00,57.6349983215332,1000.0,0,0.0,1000.0
2026-06-02 19:30:00,57.65999984741211,1000.0,0,0.0,1000.0
2026-06-02 19:35:00,57.640098571777344,1000.0,0,0.0,1000.0
2026-06-02 19:40:00,57.660701751708984,1000.0,0,0.0,1000.0
2026-06-02 19:45:00,57.689998626708984,1000.0,0,0.0,1000.0
2026-06-02 19:50:00,57.689998626708984,1000.0,0,0.0,1000.0
2026-06-02 19:55:00,57.70500183105469,1000.0,0,0.0,1000.0
2026-06-03 13:30:00,57.709999084472656,1000.0,0,0.0,1000.0
2026-06-03 13:35:00,57.71500015258789,1000.0,0,0.0,1000.0
2026-06-03 13:40:00,57.56999969482422,1000.0,0,0.0,1000.0
2026-06-03 13:45:00,57.41809844970703,1000.0,0,0.0,1000.0
2026-06-03 13:50:00,57.494998931884766,1000.0,0,0.0,1000.0
2026-06-03 13:55:00,57.48509979248047,1000.0,0,0.0,1000.0
2026-06-03 14:00:00,57.579898834228516,1000.0,0,0.0,1000.0
2026-06-03 14:05:00,57.584999084472656,1000.0,0,0.0,1000.0
2026-06-03 14:10:00,57.66699981689453,1000.0,0,0.0,1000.0
2026-06-03 14:15:00,57.665000915527344,1000.0,0,0.0,1000.0
2026-06-03 14:20:00,57.665000915527344,1000.0,0,0.0,1000.0
2026-06-03 14:25:00,57.71500015258789,1000.0,0,0.0,1000.0
2026-06-03 14:30:00,57.70000076293945,1000.0,0,0.0,1000.0
2026-06-03 14:35:00,57.70500183105469,1000.0,0,0.0,1000.0
2026-06-03 14:40:00,57.69499969482422,1000.0,0,0.0,1000.0
2026-06-03 14:45:00,57.654998779296875,1000.0,0,0.0,1000.0
2026-06-03 14:50:00,57.65999984741211,1000.0,0,0.0,1000.0
2026-06-03 14:55:00,57.62269973754883,1000.0,0,0.0,1000.0
2026-06-03 15:00:00,57.685001373291016,1000.0,0,0.0,1000.0
2026-06-03 15:05:00,57.667999267578125,1000.0,0,0.0,1000.0
2026-06-03 15:10:00,57.67900085449219,1000.0,0,0.0,1000.0
2026-06-03 15:15:00,57.65999984741211,1000.0,0,0.0,1000.0
2026-06-03 15:20:00,57.58639907836914,1000.0,0,0.0,1000.0
2026-06-03 15:25:00,57.6349983215332,1000.0,0,0.0,1000.0
2026-06-03 15:30:00,57.599998474121094,1000.0,0,0.0,1000.0
2026-06-03 15:35:00,57.571800231933594,1000.0,0,0.0,1000.0
2026-06-03 15:40:00,57.54499816894531,1000.0,0,0.0,1000.0
2026-06-03 15:45:00,57.54499816894531,1000.0,0,0.0,1000.0
2026-06-03 15:50:00,57.54499816894531,1000.0,0,0.0,1000.0
2026-06-03 15:55:00,57.55500030517578,1000.0,0,0.0,1000.0
2026-06-03 16:00:00,57.53499984741211,1000.0,0,0.0,1000.0
2026-06-03 16:05:00,57.53499984741211,1000.0,0,0.0,1000.0
2026-06-03 16:10:00,57.56679916381836,1000.0,0,0.0,1000.0
2026-06-03 16:15:00,57.5099983215332,1000.0,0,0.0,1000.0
2026-06-03 16:20:00,57.46500015258789,1000.0,0,0.0,1000.0
2026-06-03 16:25:00,57.4651985168457,1000.0,0,0.0,1000.0
2026-06-03 16:30:00,57.48509979248047,1000.0,0,0.0,1000.0
2026-06-03 16:35:00,57.44499969482422,1000.0,0,0.0,1000.0
2026-06-03 16:40:00,57.42499923706055,1000.0,0,0.0,1000.0
2026-06-03 16:45:00,57.494998931884766,1000.0,0,0.0,1000.0
2026-06-03 16:50:00,57.505001068115234,1000.0,0,0.0,1000.0
2026-06-03 16:55:00,57.54499816894531,1000.0,0,0.0,1000.0
2026-06-03 17:00:00,57.494998931884766,1000.0,0,0.0,1000.0
2026-06-03 17:05:00,57.5099983215332,1000.0,0,0.0,1000.0
2026-06-03 17:10:00,57.45000076293945,1000.0,0,0.0,1000.0
2026-06-03 17:15:00,57.44499969482422,1000.0,0,0.0,1000.0
2026-06-03 17:20:00,57.470001220703125,1000.0,0,0.0,1000.0
2026-06-03 17:25:00,57.505001068115234,1000.0,0,0.0,1000.0
2026-06-03 17:30:00,57.51499938964844,1000.0,0,0.0,1000.0
2026-06-03 17:35:00,57.540000915527344,1000.0,0,0.0,1000.0
2026-06-03 17:40:00,57.564998626708984,1000.0,0,0.0,1000.0
2026-06-03 17:45:00,57.5723991394043,1000.0,0,0.0,1000.0
2026-06-03 17:50:00,57.59000015258789,1000.0,0,0.0,1000.0
2026-06-03 17:55:00,57.60499954223633,1000.0,0,0.0,1000.0
2026-06-03 18:00:00,57.6150016784668,1000.0,0,0.0,1000.0
2026-06-03 18:05:00,57.599998474121094,1000.0,0,0.0,1000.0
2026-06-03 18:10:00,57.57500076293945,1000.0,0,0.0,1000.0
2026-06-03 18:15:00,57.584999084472656,1000.0,0,0.0,1000.0
2026-06-03 18:20:00,57.619998931884766,1000.0,0,0.0,1000.0
2026-06-03 18:25:00,57.64500045776367,1000.0,0,0.0,1000.0
2026-06-03 18:30:00,57.6349983215332,1000.0,0,0.0,1000.0
2026-06-03 18:35:00,57.599998474121094,1000.0,0,0.0,1000.0
2026-06-03 18:40:00,57.6150016784668,1000.0,0,0.0,1000.0
2026-06-03 18:45:00,57.625,1000.0,0,0.0,1000.0
2026-06-03 18:50:00,57.625,1000.0,0,0.0,1000.0
2026-06-03 18:55:00,57.609901428222656,1000.0,0,0.0,1000.0
2026-06-03 19:00:00,57.595001220703125,1000.0,0,0.0,1000.0
2026-06-03 19:05:00,57.599998474121094,1000.0,0,0.0,1000.0
2026-06-03 19:10:00,57.58810043334961,1000.0,0,0.0,1000.0
2026-06-03 19:15:00,57.595001220703125,1000.0,0,0.0,1000.0
2026-06-03 19:20:00,57.57500076293945,1000.0,0,0.0,1000.0
2026-06-03 19:25:00,57.584999084472656,1000.0,0,0.0,1000.0
2026-06-03 19:30:00,57.60499954223633,1000.0,0,0.0,1000.0
2026-06-03 19:35:00,57.659000396728516,1000.0,0,0.0,1000.0
2026-06-03 19:40:00,57.65999984741211,1000.0,0,0.0,1000.0
2026-06-03 19:45:00,57.65999984741211,1000.0,0,0.0,1000.0
2026-06-03 19:50:00,57.60499954223633,1000.0,0,0.0,1000.0
2026-06-03 19:55:00,57.56999969482422,1000.0,0,0.0,1000.0
2026-06-04 13:30:00,57.185001373291016,1000.0,0,0.0,1000.0
2026-06-04 13:35:00,57.179901123046875,1000.0,0,0.0,1000.0
2026-06-04 13:40:00,57.01499938964844,1000.0,0,0.0,1000.0
2026-06-04 13:45:00,57.039100646972656,1000.0,0,0.0,1000.0
2026-06-04 13:50:00,57.05500030517578,1000.0,0,0.0,1000.0
2026-06-04 13:55:00,57.064998626708984,1000.0,0,0.0,1000.0
2026-06-04 14:00:00,56.97999954223633,1000.0,0,0.0,1000.0
2026-06-04 14:05:00,56.95989990234375,1000.0,0,0.0,1000.0
2026-06-04 14:10:00,57.108299255371094,1000.0,0,0.0,1000.0
2026-06-04 14:15:00,57.10499954223633,1000.0,0,0.0,1000.0
2026-06-04 14:20:00,57.16510009765625,1000.0,0,0.0,1000.0
2026-06-04 14:25:00,57.19850158691406,1000.0,0,0.0,1000.0
2026-06-04 14:30:00,57.19139862060547,1000.0,0,0.0,1000.0
2026-06-04 14:35:00,57.168800354003906,1000.0,0,0.0,1000.0
2026-06-04 14:40:00,57.14500045776367,1000.0,0,0.0,1000.0
2026-06-04 14:45:00,57.15760040283203,1000.0,0,0.0,1000.0
2026-06-04 14:50:00,57.18000030517578,1000.0,0,0.0,1000.0
2026-06-04 14:55:00,57.21989822387695,1000.0,0,0.0,1000.0
2026-06-04 15:00:00,57.244998931884766,1000.0,0,0.0,1000.0
2026-06-04 15:05:00,57.339900970458984,1000.0,0,0.0,1000.0
2026-06-04 15:10:00,57.358001708984375,1000.0,0,0.0,1000.0
2026-06-04 15:15:00,57.369998931884766,1000.0,0,0.0,1000.0
2026-06-04 15:20:00,57.375,1000.0,0,0.0,1000.0
2026-06-04 15:25:00,57.34000015258789,1000.0,0,0.0,1000.0
2026-06-04 15:30:00,57.334999084472656,1000.0,0,0.0,1000.0
2026-06-04 15:35:00,57.334999084472656,1000.0,0,0.0,1000.0
2026-06-04 15:40:00,57.306400299072266,1000.0,0,0.0,1000.0
2026-06-04 15:45:00,57.23500061035156,1000.0,0,0.0,1000.0
2026-06-04 15:50:00,57.279998779296875,1000.0,0,0.0,1000.0
2026-06-04 15:55:00,57.29999923706055,1000.0,0,0.0,1000.0
2026-06-04 16:00:00,57.314998626708984,1000.0,0,0.0,1000.0
2026-06-04 16:05:00,57.349998474121094,1000.0,0,0.0,1000.0
2026-06-04 16:10:00,57.349998474121094,1000.0,0,0.0,1000.0
2026-06-04 16:15:00,57.369998931884766,1000.0,0,0.0,1000.0
2026-06-04 16:20:00,57.400001525878906,1000.0,0,0.0,1000.0
2026-06-04 16:25:00,57.400001525878906,1000.0,0,0.0,1000.0
2026-06-04 16:30:00,57.345001220703125,1000.0,0,0.0,1000.0
2026-06-04 16:35:00,57.3849983215332,1000.0,0,0.0,1000.0
2026-06-04 16:40:00,57.39500045776367,1000.0,0,0.0,1000.0
2026-06-04 16:45:00,57.39500045776367,1000.0,0,0.0,1000.0
2026-06-04 16:50:00,57.404998779296875,1000.0,0,0.0,1000.0
2026-06-04 16:55:00,57.40119934082031,1000.0,0,0.0,1000.0
2026-06-04 17:00:00,57.399898529052734,1000.0,0,0.0,1000.0
2026-06-04 17:05:00,57.41999816894531,1000.0,0,0.0,1000.0
2026-06-04 17:10:00,57.419898986816406,1000.0,0,0.0,1000.0
2026-06-04 17:15:00,57.416500091552734,1000.0,0,0.0,1000.0
2026-06-04 17:20:00,57.41999816894531,1000.0,0,0.0,1000.0
2026-06-04 17:25:00,57.45000076293945,1000.0,0,0.0,1000.0
2026-06-04 17:30:00,57.474998474121094,1000.0,0,0.0,1000.0
2026-06-04 17:35:00,57.45500183105469,1000.0,0,0.0,1000.0
2026-06-04 17:40:00,57.47930145263672,1000.0,0,0.0,1000.0
2026-06-04 17:45:00,57.4900016784668,1000.0,0,0.0,1000.0
2026-06-04 17:50:00,57.494998931884766,1000.0,0,0.0,1000.0
2026-06-04 17:55:00,57.5099983215332,1000.0,0,0.0,1000.0
2026-06-04 18:00:00,57.540000915527344,1000.0,0,0.0,1000.0
2026-06-04 18:05:00,57.54499816894531,1000.0,0,0.0,1000.0
2026-06-04 18:10:00,57.560001373291016,1000.0,0,0.0,1000.0
2026-06-04 18:15:00,57.5525016784668,1000.0,0,0.0,1000.0
2026-06-04 18:20:00,57.53860092163086,1000.0,0,0.0,1000.0
2026-06-04 18:25:00,57.54999923706055,1000.0,0,0.0,1000.0
2026-06-04 18:30:00,57.53850173950195,1000.0,0,0.0,1000.0
2026-06-04 18:35:00,57.52000045776367,1000.0,0,0.0,1000.0
2026-06-04 18:40:00,57.52000045776367,1000.0,0,0.0,1000.0
2026-06-04 18:45:00,57.54499816894531,1000.0,0,0.0,1000.0
2026-06-04 18:50:00,57.540000915527344,1000.0,0,0.0,1000.0
2026-06-04 18:55:00,57.5098991394043,1000.0,0,0.0,1000.0
2026-06-04 19:00:00,57.51499938964844,1000.0,0,0.0,1000.0
2026-06-04 19:05:00,57.5275993347168,1000.0,0,0.0,1000.0
2026-06-04 19:10:00,57.49259948730469,1000.0,0,0.0,1000.0
2026-06-04 19:15:00,57.474998474121094,1000.0,0,0.0,1000.0
2026-06-04 19:20:00,57.51499938964844,1000.0,0,0.0,1000.0
2026-06-04 19:25:00,57.55500030517578,1000.0,0,0.0,1000.0
2026-06-04 19:30:00,57.54499816894531,1000.0,0,0.0,1000.0
2026-06-04 19:35:00,57.54499816894531,1000.0,0,0.0,1000.0
2026-06-04 19:40:00,57.494998931884766,1000.0,0,0.0,1000.0
2026-06-04 19:45:00,57.48500061035156,1000.0,0,0.0,1000.0
2026-06-04 19:50:00,57.45009994506836,1000.0,0,0.0,1000.0
2026-06-04 19:55:00,57.38999938964844,1000.0,0,0.0,1000.0
2026-06-05 13:30:00,56.76499938964844,1000.0,0,0.0,1000.0
2026-06-05 13:35:00,56.689998626708984,1000.0,0,0.0,1000.0
2026-06-05 13:40:00,56.57889938354492,1000.0,0,0.0,1000.0
2026-06-05 13:45:00,56.439998626708984,1000.0,0,0.0,1000.0
2026-06-05 13:50:00,56.51499938964844,1000.0,0,0.0,1000.0
2026-06-05 13:55:00,56.30929946899414,1000.0,0,0.0,1000.0
2026-06-05 14:00:00,56.330101013183594,1000.0,0,0.0,1000.0
2026-06-05 14:05:00,56.41999816894531,1000.0,0,0.0,1000.0
2026-06-05 14:10:00,56.470001220703125,1000.0,0,0.0,1000.0
2026-06-05 14:15:00,56.59000015258789,1000.0,0,0.0,1000.0
2026-06-05 14:20:00,56.474998474121094,1000.0,0,0.0,1000.0
2026-06-05 14:25:00,56.39500045776367,1000.0,0,0.0,1000.0
2026-06-05 14:30:00,56.51499938964844,1000.0,0,0.0,1000.0
2026-06-05 14:35:00,56.5,1000.0,0,0.0,1000.0
2026-06-05 14:40:00,56.42499923706055,1000.0,0,0.0,1000.0
2026-06-05 14:45:00,56.38999938964844,1000.0,0,0.0,1000.0
2026-06-05 14:50:00,56.40999984741211,1000.0,0,0.0,1000.0
2026-06-05 14:55:00,56.45000076293945,1000.0,0,0.0,1000.0
2026-06-05 15:00:00,56.3849983215332,1000.0,0,0.0,1000.0
2026-06-05 15:05:00,56.32500076293945,1000.0,0,0.0,1000.0
2026-06-05 15:10:00,56.23500061035156,1000.0,0,0.0,1000.0
2026-06-05 15:15:00,56.275001525878906,1000.0,0,0.0,1000.0
2026-06-05 15:20:00,56.20989990234375,1000.0,0,0.0,1000.0
2026-06-05 15:25:00,56.21500015258789,1000.0,0,0.0,1000.0
2026-06-05 15:30:00,56.17499923706055,1000.0,0,0.0,1000.0
2026-06-05 15:35:00,56.08140182495117,1000.0,0,0.0,1000.0
2026-06-05 15:40:00,56.089900970458984,1000.0,0,0.0,1000.0
2026-06-05 15:45:00,56.095001220703125,1000.0,0,0.0,1000.0
2026-06-05 15:50:00,56.13999938964844,1000.0,0,0.0,1000.0
2026-06-05 15:55:00,56.125,1000.0,0,0.0,1000.0
2026-06-05 16:00:00,56.04999923706055,1000.0,0,0.0,1000.0
2026-06-05 16:05:00,55.974998474121094,1000.0,0,0.0,1000.0
2026-06-05 16:10:00,56.0,1000.0,0,0.0,1000.0
2026-06-05 16:15:00,55.904998779296875,1000.0,0,0.0,1000.0
2026-06-05 16:20:00,55.95500183105469,1000.0,0,0.0,1000.0
2026-06-05 16:25:00,55.9099006652832,1000.0,0,0.0,1000.0
2026-06-05 16:30:00,55.84000015258789,1000.0,0,0.0,1000.0
2026-06-05 16:35:00,55.814998626708984,1000.0,0,0.0,1000.0
2026-06-05 16:40:00,55.720001220703125,1000.0,0,0.0,1000.0
2026-06-05 16:45:00,55.73500061035156,1000.0,0,0.0,1000.0
2026-06-05 16:50:00,55.84859848022461,1000.0,0,0.0,1000.0
2026-06-05 16:55:00,55.81990051269531,1000.0,0,0.0,1000.0
2026-06-05 17:00:00,55.75,1000.0,0,0.0,1000.0
2026-06-05 17:05:00,55.69499969482422,1000.0,0,0.0,1000.0
2026-06-05 17:10:00,55.670101165771484,1000.0,0,0.0,1000.0
2026-06-05 17:15:00,55.654998779296875,1000.0,0,0.0,1000.0
2026-06-05 17:20:00,55.73500061035156,1000.0,0,0.0,1000.0
2026-06-05 17:25:00,55.7327995300293,1000.0,0,0.0,1000.0
2026-06-05 17:30:00,55.76499938964844,1000.0,0,0.0,1000.0
2026-06-05 17:35:00,55.828399658203125,1000.0,0,0.0,1000.0
2026-06-05 17:40:00,55.70500183105469,1000.0,0,0.0,1000.0
2026-06-05 17:45:00,55.71500015258789,1000.0,0,0.0,1000.0
2026-06-05 17:50:00,55.756099700927734,1000.0,0,0.0,1000.0
2026-06-05 17:55:00,55.79999923706055,1000.0,0,0.0,1000.0
2026-06-05 18:00:00,55.68000030517578,1000.0,0,0.0,1000.0
2026-06-05 18:05:00,55.6599006652832,1000.0,0,0.0,1000.0
2026-06-05 18:10:00,55.525001525878906,1000.0,0,0.0,1000.0
2026-06-05 18:15:00,55.45000076293945,1000.0,0,0.0,1000.0
2026-06-05 18:20:00,55.45500183105469,1000.0,0,0.0,1000.0
2026-06-05 18:25:00,55.415000915527344,1000.0,0,0.0,1000.0
2026-06-05 18:30:00,55.35499954223633,1000.0,0,0.0,1000.0
2026-06-05 18:35:00,55.33000183105469,1000.0,0,0.0,1000.0
2026-06-05 18:40:00,55.29499816894531,1000.0,0,0.0,1000.0
2026-06-05 18:45:00,55.25979995727539,1000.0,0,0.0,1000.0
2026-06-05 18:50:00,55.25,1000.0,0,0.0,1000.0
2026-06-05 18:55:00,55.334999084472656,1000.0,0,0.0,1000.0
2026-06-05 19:00:00,55.33570098876953,1000.0,0,0.0,1000.0
2026-06-05 19:05:00,55.20000076293945,1000.0,0,0.0,1000.0
2026-06-05 19:10:00,55.099998474121094,1000.0,0,0.0,1000.0
2026-06-05 19:15:00,55.0088996887207,1000.0,0,0.0,1000.0
2026-06-05 19:20:00,55.084999084472656,1000.0,0,0.0,1000.0
2026-06-05 19:25:00,55.255001068115234,1000.0,0,0.0,1000.0
2026-06-05 19:30:00,55.17499923706055,1000.0,0,0.0,1000.0
2026-06-05 19:35:00,55.255001068115234,1000.0,0,0.0,1000.0
2026-06-05 19:40:00,55.154998779296875,1000.0,0,0.0,1000.0
2026-06-05 19:45:00,55.25979995727539,1000.0,0,0.0,1000.0
2026-06-05 19:50:00,55.224998474121094,1000.0,0,0.0,1000.0
2026-06-05 19:55:00,55.02000045776367,1000.0,0,0.0,1000.0
2026-06-08 13:30:00,55.73500061035156,1000.0,0,0.0,1000.0
2026-06-08 13:35:00,55.767601013183594,1000.0,0,0.0,1000.0
2026-06-08 13:40:00,55.88999938964844,1000.0,0,0.0,1000.0
2026-06-08 13:45:00,55.834999084472656,1000.0,0,0.0,1000.0
2026-06-08 13:50:00,55.875,1000.0,0,0.0,1000.0
2026-06-08 13:55:00,55.6349983215332,1000.0,0,0.0,1000.0
2026-06-08 14:00:00,55.650001525878906,1000.0,0,0.0,1000.0
2026-06-08 14:05:00,55.792701721191406,1000.0,0,0.0,1000.0
2026-06-08 14:10:00,55.76499938964844,1000.0,0,0.0,1000.0
2026-06-08 14:15:00,55.73500061035156,1000.0,0,0.0,1000.0
2026-06-08 14:20:00,55.820098876953125,1000.0,0,0.0,1000.0
2026-06-08 14:25:00,55.897499084472656,1000.0,0,0.0,1000.0
2026-06-08 14:30:00,55.95920181274414,1000.0,0,0.0,1000.0
2026-06-08 14:35:00,56.02000045776367,1000.0,0,0.0,1000.0
2026-06-08 14:40:00,55.970001220703125,1000.0,0,0.0,1000.0
2026-06-08 14:45:00,56.06999969482422,1000.0,0,0.0,1000.0
2026-06-08 14:50:00,56.119998931884766,1000.0,0,0.0,1000.0
2026-06-08 14:55:00,56.179901123046875,1000.0,0,0.0,1000.0
2026-06-08 15:00:00,56.209999084472656,1000.0,0,0.0,1000.0
2026-06-08 15:05:00,56.25,1000.0,0,0.0,1000.0
2026-06-08 15:10:00,56.239898681640625,1000.0,0,0.0,1000.0
2026-06-08 15:15:00,56.27000045776367,1000.0,0,0.0,1000.0
2026-06-08 15:20:00,56.255001068115234,1000.0,0,0.0,1000.0
2026-06-08 15:25:00,56.084999084472656,1000.0,0,0.0,1000.0
2026-06-08 15:30:00,55.99800109863281,1000.0,0,0.0,1000.0
2026-06-08 15:35:00,56.13840103149414,1000.0,0,0.0,1000.0
2026-06-08 15:40:00,56.15999984741211,1000.0,0,0.0,1000.0
2026-06-08 15:45:00,56.119998931884766,1000.0,0,0.0,1000.0
2026-06-08 15:50:00,56.13750076293945,1000.0,0,0.0,1000.0
2026-06-08 15:55:00,56.04499816894531,1000.0,0,0.0,1000.0
2026-06-08 16:00:00,56.095001220703125,1000.0,0,0.0,1000.0
2026-06-08 16:05:00,56.05009841918945,1000.0,0,0.0,1000.0
2026-06-08 16:10:00,56.099998474121094,1000.0,0,0.0,1000.0
2026-06-08 16:15:00,56.17250061035156,1000.0,0,0.0,1000.0
2026-06-08 16:20:00,56.10499954223633,1000.0,0,0.0,1000.0
2026-06-08 16:25:00,56.017398834228516,1000.0,0,0.0,1000.0
2026-06-08 16:30:00,56.005001068115234,1000.0,0,0.0,1000.0
2026-06-08 16:35:00,55.9900016784668,1000.0,0,0.0,1000.0
2026-06-08 16:40:00,56.01499938964844,1000.0,0,0.0,1000.0
2026-06-08 16:45:00,56.07500076293945,1000.0,0,0.0,1000.0
2026-06-08 16:50:00,56.059898376464844,1000.0,0,0.0,1000.0
2026-06-08 16:55:00,56.02109909057617,1000.0,0,0.0,1000.0
2026-06-08 17:00:00,55.915000915527344,1000.0,0,0.0,1000.0
2026-06-08 17:05:00,55.915000915527344,1000.0,0,0.0,1000.0
2026-06-08 17:10:00,55.92499923706055,1000.0,0,0.0,1000.0
2026-06-08 17:15:00,55.880001068115234,1000.0,0,0.0,1000.0
2026-06-08 17:20:00,55.89500045776367,1000.0,0,0.0,1000.0
2026-06-08 17:25:00,56.040000915527344,1000.0,0,0.0,1000.0
2026-06-08 17:30:00,56.0,1000.0,0,0.0,1000.0
2026-06-08 17:35:00,55.96500015258789,1000.0,0,0.0,1000.0
2026-06-08 17:40:00,55.908599853515625,1000.0,0,0.0,1000.0
2026-06-08 17:45:00,55.9900016784668,1000.0,0,0.0,1000.0
2026-06-08 17:50:00,56.029998779296875,1000.0,0,0.0,1000.0
2026-06-08 17:55:00,55.97990036010742,1000.0,0,0.0,1000.0
2026-06-08 18:00:00,56.019901275634766,1000.0,0,0.0,1000.0
2026-06-08 18:05:00,56.04010009765625,1000.0,0,0.0,1000.0
2026-06-08 18:10:00,56.0099983215332,1000.0,0,0.0,1000.0
2026-06-08 18:15:00,56.005001068115234,1000.0,0,0.0,1000.0
2026-06-08 18:20:00,56.02000045776367,1000.0,0,0.0,1000.0
2026-06-08 18:25:00,56.04499816894531,1000.0,0,0.0,1000.0
2026-06-08 18:30:00,56.040000915527344,1000.0,0,0.0,1000.0
2026-06-08 18:35:00,55.970001220703125,1000.0,0,0.0,1000.0
2026-06-08 18:40:00,55.95000076293945,1000.0,0,0.0,1000.0
2026-06-08 18:45:00,55.974998474121094,1000.0,0,0.0,1000.0
2026-06-08 18:50:00,55.97999954223633,1000.0,0,0.0,1000.0
2026-06-08 18:55:00,55.96009826660156,1000.0,0,0.0,1000.0
2026-06-08 19:00:00,55.939998626708984,1000.0,0,0.0,1000.0
2026-06-08 19:05:00,55.869998931884766,1000.0,0,0.0,1000.0
2026-06-08 19:10:00,55.79990005493164,1000.0,0,0.0,1000.0
2026-06-08 19:15:00,55.760101318359375,1000.0,0,0.0,1000.0
2026-06-08 19:20:00,55.717498779296875,1000.0,0,0.0,1000.0
2026-06-08 19:25:00,55.779998779296875,1000.0,0,0.0,1000.0
2026-06-08 19:30:00,55.82500076293945,1000.0,0,0.0,1000.0
2026-06-08 19:35:00,55.80500030517578,1000.0,0,0.0,1000.0
2026-06-08 19:40:00,55.78499984741211,1000.0,0,0.0,1000.0
2026-06-08 19:45:00,55.797298431396484,1000.0,0,0.0,1000.0
2026-06-08 19:50:00,55.80500030517578,1000.0,0,0.0,1000.0
2026-06-08 19:55:00,55.814998626708984,1000.0,0,0.0,1000.0
2026-06-09 13:30:00,56.150001525878906,1000.0,0,0.0,1000.0
2026-06-09 13:35:00,56.20500183105469,1000.0,0,0.0,1000.0
2026-06-09 13:40:00,56.334999084472656,1000.0,0,0.0,1000.0
2026-06-09 13:45:00,56.46500015258789,1000.0,0,0.0,1000.0
2026-06-09 13:50:00,56.28070068359375,1000.0,0,0.0,1000.0
2026-06-09 13:55:00,56.20000076293945,1000.0,0,0.0,1000.0
2026-06-09 14:00:00,56.17499923706055,1000.0,0,0.0,1000.0
2026-06-09 14:05:00,56.12009811401367,1000.0,0,0.0,1000.0
2026-06-09 14:10:00,55.8849983215332,1000.0,0,0.0,1000.0
2026-06-09 14:15:00,55.724998474121094,1000.0,0,0.0,1000.0
2026-06-09 14:20:00,55.90449905395508,1000.0,0,0.0,1000.0
2026-06-09 14:25:00,55.79499816894531,1000.0,0,0.0,1000.0
2026-06-09 14:30:00,55.790000915527344,1000.0,0,0.0,1000.0
2026-06-09 14:35:00,55.78499984741211,1000.0,0,0.0,1000.0
2026-06-09 14:40:00,55.540000915527344,1000.0,0,0.0,1000.0
2026-06-09 14:45:00,55.21500015258789,1000.0,0,0.0,1000.0
2026-06-09 14:50:00,55.35240173339844,1000.0,0,0.0,1000.0
2026-06-09 14:55:00,55.43899917602539,1000.0,0,0.0,1000.0
2026-06-09 15:00:00,55.38999938964844,1000.0,0,0.0,1000.0
2026-06-09 15:05:00,55.480098724365234,1000.0,0,0.0,1000.0
2026-06-09 15:10:00,55.45500183105469,1000.0,0,0.0,1000.0
2026-06-09 15:15:00,55.30009841918945,1000.0,0,0.0,1000.0
2026-06-09 15:20:00,55.060001373291016,1000.0,0,0.0,1000.0
2026-06-09 15:25:00,54.775001525878906,1000.0,0,0.0,1000.0
2026-06-09 15:30:00,54.755001068115234,1000.0,0,0.0,1000.0
2026-06-09 15:35:00,54.779998779296875,1000.0,0,0.0,1000.0
2026-06-09 15:40:00,54.834999084472656,1000.0,0,0.0,1000.0
2026-06-09 15:45:00,54.869998931884766,1000.0,0,0.0,1000.0
2026-06-09 15:50:00,54.744998931884766,1000.0,0,0.0,1000.0
2026-06-09 15:55:00,54.474998474121094,1000.0,0,0.0,1000.0
2026-06-09 16:00:00,54.5099983215332,1000.0,0,0.0,1000.0
2026-06-09 16:05:00,54.29499816894531,1000.0,0,0.0,1000.0
2026-06-09 16:10:00,54.31999969482422,1000.0,0,0.0,1000.0
2026-06-09 16:15:00,54.01499938964844,1000.0,0,0.0,1000.0
2026-06-09 16:20:00,54.165000915527344,1000.0,0,0.0,1000.0
2026-06-09 16:25:00,54.165000915527344,1000.0,0,0.0,1000.0
2026-06-09 16:30:00,54.099300384521484,1000.0,0,0.0,1000.0
2026-06-09 16:35:00,53.68989944458008,1000.0,0,0.0,1000.0
2026-06-09 16:40:00,53.8849983215332,1000.0,0,0.0,1000.0
2026-06-09 16:45:00,53.869998931884766,1000.0,0,0.0,1000.0
2026-06-09 16:50:00,53.72999954223633,1000.0,0,0.0,1000.0
2026-06-09 16:55:00,54.08000183105469,1000.0,0,0.0,1000.0
2026-06-09 17:00:00,54.334999084472656,1000.0,0,0.0,1000.0
2026-06-09 17:05:00,54.3125,1000.0,0,0.0,1000.0
2026-06-09 17:10:00,54.380001068115234,1000.0,0,0.0,1000.0
2026-06-09 17:15:00,54.52000045776367,1000.0,0,0.0,1000.0
2026-06-09 17:20:00,54.52989959716797,1000.0,0,0.0,1000.0
2026-06-09 17:25:00,54.559898376464844,1000.0,0,0.0,1000.0
2026-06-09 17:30:00,54.658599853515625,1000.0,0,0.0,1000.0
2026-06-09 17:35:00,54.69499969482422,1000.0,0,0.0,1000.0
2026-06-09 17:40:00,54.787498474121094,1000.0,0,0.0,1000.0
2026-06-09 17:45:00,54.51499938964844,1000.0,0,0.0,1000.0
2026-06-09 17:50:00,54.64929962158203,1000.0,0,0.0,1000.0
2026-06-09 17:55:00,54.70000076293945,1000.0,0,0.0,1000.0
2026-06-09 18:00:00,54.69449996948242,1000.0,0,0.0,1000.0
2026-06-09 18:05:00,54.7599983215332,1000.0,0,0.0,1000.0
2026-06-09 18:10:00,54.76499938964844,1000.0,0,0.0,1000.0
2026-06-09 18:15:00,54.899898529052734,1000.0,0,0.0,1000.0
2026-06-09 18:20:00,54.95000076293945,1000.0,0,0.0,1000.0
2026-06-09 18:25:00,54.95000076293945,1000.0,0,0.0,1000.0
2026-06-09 18:30:00,55.029300689697266,1000.0,0,0.0,1000.0
2026-06-09 18:35:00,55.029998779296875,1000.0,0,0.0,1000.0
2026-06-09 18:40:00,54.87739944458008,1000.0,0,0.0,1000.0
2026-06-09 18:45:00,54.96500015258789,1000.0,0,0.0,1000.0
2026-06-09 18:50:00,54.970001220703125,1000.0,0,0.0,1000.0
2026-06-09 18:55:00,55.130001068115234,1000.0,0,0.0,1000.0
2026-06-09 19:00:00,55.220001220703125,1000.0,0,0.0,1000.0
2026-06-09 19:05:00,55.09000015258789,1000.0,0,0.0,1000.0
2026-06-09 19:10:00,54.939998626708984,1000.0,0,0.0,1000.0
2026-06-09 19:15:00,54.775001525878906,1000.0,0,0.0,1000.0
2026-06-09 19:20:00,54.81999969482422,1000.0,0,0.0,1000.0
2026-06-09 19:25:00,54.91999816894531,1000.0,0,0.0,1000.0
2026-06-09 19:30:00,54.970001220703125,1000.0,0,0.0,1000.0
2026-06-09 19:35:00,54.866600036621094,1000.0,0,0.0,1000.0
2026-06-09 19:40:00,54.86000061035156,1000.0,0,0.0,1000.0
2026-06-09 19:45:00,54.810001373291016,1000.0,0,0.0,1000.0
2026-06-09 19:50:00,55.064998626708984,1000.0,0,0.0,1000.0
2026-06-09 19:55:00,55.209999084472656,1000.0,0,0.0,1000.0
2026-06-10 13:30:00,54.64500045776367,1000.0,0,0.0,1000.0
2026-06-10 13:35:00,54.93000030517578,1000.0,0,0.0,1000.0
2026-06-10 13:40:00,55.14500045776367,1000.0,0,0.0,1000.0
2026-06-10 13:45:00,55.255001068115234,1000.0,0,0.0,1000.0
2026-06-10 13:50:00,55.064998626708984,1000.0,0,0.0,1000.0
2026-06-10 13:55:00,55.04999923706055,1000.0,0,0.0,1000.0
2026-06-10 14:00:00,55.154998779296875,1000.0,0,0.0,1000.0
2026-06-10 14:05:00,55.244998931884766,1000.0,0,0.0,1000.0
2026-06-10 14:10:00,55.178001403808594,1000.0,0,0.0,1000.0
2026-06-10 14:15:00,55.16999816894531,1000.0,0,0.0,1000.0
2026-06-10 14:20:00,55.369998931884766,1000.0,0,0.0,1000.0
2026-06-10 14:25:00,55.3125,1000.0,0,0.0,1000.0
2026-06-10 14:30:00,55.428001403808594,1000.0,0,0.0,1000.0
2026-06-10 14:35:00,55.2599983215332,1000.0,0,0.0,1000.0
2026-06-10 14:40:00,55.150001525878906,1000.0,0,0.0,1000.0
2026-06-10 14:45:00,55.06999969482422,1000.0,0,0.0,1000.0
2026-06-10 14:50:00,55.040000915527344,1000.0,0,0.0,1000.0
2026-06-10 14:55:00,54.81999969482422,1000.0,0,0.0,1000.0
2026-06-10 15:00:00,54.82500076293945,1000.0,0,0.0,1000.0
2026-06-10 15:05:00,54.720001220703125,1000.0,0,0.0,1000.0
2026-06-10 15:10:00,54.57500076293945,1000.0,0,0.0,1000.0
2026-06-10 15:15:00,54.51499938964844,1000.0,0,0.0,1000.0
2026-06-10 15:20:00,54.70000076293945,1000.0,0,0.0,1000.0
2026-06-10 15:25:00,54.63999938964844,1000.0,0,0.0,1000.0
2026-06-10 15:30:00,54.599998474121094,1000.0,0,0.0,1000.0
2026-06-10 15:35:00,54.58000183105469,1000.0,0,0.0,1000.0
2026-06-10 15:40:00,54.7400016784668,1000.0,0,0.0,1000.0
2026-06-10 15:45:00,54.474998474121094,1000.0,0,0.0,1000.0
2026-06-10 15:50:00,54.62900161743164,1000.0,0,0.0,1000.0
2026-06-10 15:55:00,54.724998474121094,1000.0,0,0.0,1000.0
2026-06-10 16:00:00,54.689998626708984,1000.0,0,0.0,1000.0
2026-06-10 16:05:00,54.599998474121094,1000.0,0,0.0,1000.0
2026-06-10 16:10:00,54.5,1000.0,0,0.0,1000.0
2026-06-10 16:15:00,54.540000915527344,1000.0,0,0.0,1000.0
2026-06-10 16:20:00,54.4900016784668,1000.0,0,0.0,1000.0
2026-06-10 16:25:00,54.52899932861328,1000.0,0,0.0,1000.0
2026-06-10 16:30:00,54.63999938964844,1000.0,0,0.0,1000.0
2026-06-10 16:35:00,54.68000030517578,1000.0,0,0.0,1000.0
2026-06-10 16:40:00,54.55500030517578,1000.0,0,0.0,1000.0
2026-06-10 16:45:00,54.46500015258789,1000.0,0,0.0,1000.0
2026-06-10 16:50:00,54.48139953613281,1000.0,0,0.0,1000.0
2026-06-10 16:55:00,54.4900016784668,1000.0,0,0.0,1000.0
2026-06-10 17:00:00,54.589900970458984,1000.0,0,0.0,1000.0
2026-06-10 17:05:00,54.4213981628418,1000.0,0,0.0,1000.0
2026-06-10 17:10:00,54.3650016784668,1000.0,0,0.0,1000.0
2026-06-10 17:15:00,54.361698150634766,1000.0,0,0.0,1000.0
2026-06-10 17:20:00,54.400001525878906,1000.0,0,0.0,1000.0
2026-06-10 17:25:00,54.41999816894531,1000.0,0,0.0,1000.0
2026-06-10 17:30:00,54.400001525878906,1000.0,0,0.0,1000.0
2026-06-10 17:35:00,54.33000183105469,1000.0,0,0.0,1000.0
2026-06-10 17:40:00,54.31999969482422,1000.0,0,0.0,1000.0
2026-06-10 17:45:00,54.567501068115234,1000.0,0,0.0,1000.0
2026-06-10 17:50:00,54.529998779296875,1000.0,0,0.0,1000.0
2026-06-10 17:55:00,54.59000015258789,1000.0,0,0.0,1000.0
2026-06-10 18:00:00,54.66999816894531,1000.0,0,0.0,1000.0
2026-06-10 18:05:00,54.56010055541992,1000.0,0,0.0,1000.0
2026-06-10 18:10:00,54.599998474121094,1000.0,0,0.0,1000.0
2026-06-10 18:15:00,54.505001068115234,1000.0,0,0.0,1000.0
2026-06-10 18:20:00,54.51499938964844,1000.0,0,0.0,1000.0
2026-06-10 18:25:00,54.48500061035156,1000.0,0,0.0,1000.0
2026-06-10 18:30:00,54.44499969482422,1000.0,0,0.0,1000.0
2026-06-10 18:35:00,54.380001068115234,1000.0,0,0.0,1000.0
2026-06-10 18:40:00,54.38999938964844,1000.0,0,0.0,1000.0
2026-06-10 18:45:00,54.349998474121094,1000.0,0,0.0,1000.0
2026-06-10 18:50:00,54.30500030517578,1000.0,0,0.0,1000.0
2026-06-10 18:55:00,54.290000915527344,1000.0,0,0.0,1000.0
2026-06-10 19:00:00,54.314998626708984,1000.0,0,0.0,1000.0
2026-06-10 19:05:00,54.3650016784668,1000.0,0,0.0,1000.0
2026-06-10 19:10:00,54.27000045776367,1000.0,0,0.0,1000.0
2026-06-10 19:15:00,54.17499923706055,1000.0,0,0.0,1000.0
2026-06-10 19:20:00,54.165000915527344,1000.0,0,0.0,1000.0
2026-06-10 19:25:00,54.19499969482422,1000.0,0,0.0,1000.0
2026-06-10 19:30:00,54.29800033569336,1000.0,0,0.0,1000.0
2026-06-10 19:35:00,54.3650016784668,1000.0,0,0.0,1000.0
2026-06-10 19:40:00,54.32500076293945,1000.0,0,0.0,1000.0
2026-06-10 19:45:00,54.26499938964844,1000.0,0,0.0,1000.0
2026-06-10 19:50:00,54.29999923706055,1000.0,0,0.0,1000.0
2026-06-10 19:55:00,54.15999984741211,1000.0,0,0.0,1000.0
