Date,Price,Cash,Inventory,Avg_Cost,Total_Value
2026-04-29 17:40:00,445.5199890136719,1000.0,0,0.0,1000.0
2026-04-29 17:45:00,446.1189880371094,1000.0,0,0.0,1000.0
2026-04-29 17:50:00,446.3599853515625,1000.0,0,0.0,1000.0
2026-04-29 17:55:00,447.0,1000.0,0,0.0,1000.0
2026-04-29 18:00:00,446.239990234375,1000.0,0,0.0,1000.0
2026-04-29 18:05:00,445.57000732421875,1000.0,0,0.0,1000.0
2026-04-29 18:10:00,445.54998779296875,1000.0,0,0.0,1000.0
2026-04-29 18:15:00,446.0799865722656,1000.0,0,0.0,1000.0
2026-04-29 18:20:00,446.6600036621094,1000.0,0,0.0,1000.0
2026-04-29 18:25:00,446.3374938964844,1000.0,0,0.0,1000.0
2026-04-29 18:30:00,445.7699890136719,1000.0,0,0.0,1000.0
2026-04-29 18:35:00,446.7099914550781,1000.0,0,0.0,1000.0
2026-04-29 18:40:00,445.75,1000.0,0,0.0,1000.0
2026-04-29 18:45:00,447.0350036621094,1000.0,0,0.0,1000.0
2026-04-29 18:50:00,447.6400146484375,1000.0,0,0.0,1000.0
2026-04-29 18:55:00,448.3999938964844,1000.0,0,0.0,1000.0
2026-04-29 19:00:00,448.260009765625,1000.0,0,0.0,1000.0
2026-04-29 19:05:00,448.5400085449219,1000.0,0,0.0,1000.0
2026-04-29 19:10:00,449.760009765625,1000.0,0,0.0,1000.0
2026-04-29 19:15:00,449.6400146484375,1000.0,0,0.0,1000.0
2026-04-29 19:20:00,449.4599914550781,1000.0,0,0.0,1000.0
2026-04-29 19:25:00,449.4599914550781,1000.0,0,0.0,1000.0
2026-04-29 19:30:00,448.9200134277344,1000.0,0,0.0,1000.0
2026-04-29 19:35:00,449.19000244140625,1000.0,0,0.0,1000.0
2026-04-29 19:40:00,448.9800109863281,1000.0,0,0.0,1000.0
2026-04-29 19:45:00,448.7799987792969,1000.0,0,0.0,1000.0
2026-04-29 19:50:00,449.010009765625,1000.0,0,0.0,1000.0
2026-04-29 19:55:00,450.2300109863281,1000.0,0,0.0,1000.0
2026-04-30 13:30:00,451.81719970703125,1000.0,0,0.0,1000.0
2026-04-30 13:35:00,452.54010009765625,1000.0,0,0.0,1000.0
2026-04-30 13:40:00,454.364990234375,1000.0,0,0.0,1000.0
2026-04-30 13:45:00,453.8898010253906,1000.0,0,0.0,1000.0
2026-04-30 13:50:00,451.94000244140625,1000.0,0,0.0,1000.0
2026-04-30 13:55:00,453.1499938964844,1000.0,0,0.0,1000.0
2026-04-30 14:00:00,453.8500061035156,1000.0,0,0.0,1000.0
2026-04-30 14:05:00,452.43499755859375,1000.0,0,0.0,1000.0
2026-04-30 14:10:00,453.1000061035156,1000.0,0,0.0,1000.0
2026-04-30 14:15:00,452.2698974609375,1000.0,0,0.0,1000.0
2026-04-30 14:20:00,452.7300109863281,1000.0,0,0.0,1000.0
2026-04-30 14:25:00,451.5,1000.0,0,0.0,1000.0
2026-04-30 14:30:00,451.4200134277344,1000.0,0,0.0,1000.0
2026-04-30 14:35:00,449.6199951171875,1000.0,0,0.0,1000.0
2026-04-30 14:40:00,451.46099853515625,1000.0,0,0.0,1000.0
2026-04-30 14:45:00,452.7149963378906,1000.0,0,0.0,1000.0
2026-04-30 14:50:00,454.4800109863281,1000.0,0,0.0,1000.0
2026-04-30 14:55:00,455.5,1000.0,0,0.0,1000.0
2026-04-30 15:00:00,455.739990234375,1000.0,0,0.0,1000.0
2026-04-30 15:05:00,457.05999755859375,1000.0,0,0.0,1000.0
2026-04-30 15:10:00,457.2300109863281,1000.0,0,0.0,1000.0
2026-04-30 15:15:00,457.260009765625,1000.0,0,0.0,1000.0
2026-04-30 15:20:00,457.30999755859375,1000.0,0,0.0,1000.0
2026-04-30 15:25:00,458.3005065917969,1000.0,0,0.0,1000.0
2026-04-30 15:30:00,459.20001220703125,1000.0,0,0.0,1000.0
2026-04-30 15:35:00,457.8699951171875,1000.0,0,0.0,1000.0
2026-04-30 15:40:00,456.93499755859375,1000.0,0,0.0,1000.0
2026-04-30 15:45:00,456.5799865722656,1000.0,0,0.0,1000.0
2026-04-30 15:50:00,457.8674011230469,1000.0,0,0.0,1000.0
2026-04-30 15:55:00,457.1499938964844,1000.0,0,0.0,1000.0
2026-04-30 16:00:00,457.260009765625,1000.0,0,0.0,1000.0
2026-04-30 16:05:00,457.70001220703125,1000.0,0,0.0,1000.0
2026-04-30 16:10:00,458.70001220703125,1000.0,0,0.0,1000.0
2026-04-30 16:15:00,458.6000061035156,1000.0,0,0.0,1000.0
2026-04-30 16:20:00,458.25,1000.0,0,0.0,1000.0
2026-04-30 16:25:00,458.69000244140625,1000.0,0,0.0,1000.0
2026-04-30 16:30:00,458.3999938964844,1000.0,0,0.0,1000.0
2026-04-30 16:35:00,458.8500061035156,1000.0,0,0.0,1000.0
2026-04-30 16:40:00,458.3699951171875,1000.0,0,0.0,1000.0
2026-04-30 16:45:00,457.94000244140625,1000.0,0,0.0,1000.0
2026-04-30 16:50:00,457.5050048828125,1000.0,0,0.0,1000.0
2026-04-30 16:55:00,457.6499938964844,1000.0,0,0.0,1000.0
2026-04-30 17:00:00,458.60809326171875,1000.0,0,0.0,1000.0
2026-04-30 17:05:00,458.8599853515625,1000.0,0,0.0,1000.0
2026-04-30 17:10:00,459.06500244140625,1000.0,0,0.0,1000.0
2026-04-30 17:15:00,458.8599853515625,1000.0,0,0.0,1000.0
2026-04-30 17:20:00,459.0,1000.0,0,0.0,1000.0
2026-04-30 17:25:00,459.17999267578125,1000.0,0,0.0,1000.0
2026-04-30 17:30:00,459.9750061035156,1000.0,0,0.0,1000.0
2026-04-30 17:35:00,460.510009765625,1000.0,0,0.0,1000.0
2026-04-30 17:40:00,460.29998779296875,1000.0,0,0.0,1000.0
2026-04-30 17:45:00,460.5450134277344,1000.0,0,0.0,1000.0
2026-04-30 17:50:00,461.0799865722656,1000.0,0,0.0,1000.0
2026-04-30 17:55:00,461.3900146484375,1000.0,0,0.0,1000.0
2026-04-30 18:00:00,461.3299865722656,1000.0,0,0.0,1000.0
2026-04-30 18:05:00,460.760009765625,1000.0,0,0.0,1000.0
2026-04-30 18:10:00,460.6700134277344,1000.0,0,0.0,1000.0
2026-04-30 18:15:00,460.510009765625,1000.0,0,0.0,1000.0
2026-04-30 18:20:00,460.31500244140625,1000.0,0,0.0,1000.0
2026-04-30 18:25:00,460.3500061035156,1000.0,0,0.0,1000.0
2026-04-30 18:30:00,460.4100036621094,1000.0,0,0.0,1000.0
2026-04-30 18:35:00,460.17999267578125,1000.0,0,0.0,1000.0
2026-04-30 18:40:00,459.92999267578125,1000.0,0,0.0,1000.0
2026-04-30 18:45:00,459.82501220703125,1000.0,0,0.0,1000.0
2026-04-30 18:50:00,459.75,1000.0,0,0.0,1000.0
2026-04-30 18:55:00,459.0899963378906,1000.0,0,0.0,1000.0
2026-04-30 19:00:00,459.2799987792969,1000.0,0,0.0,1000.0
2026-04-30 19:05:00,459.8800048828125,1000.0,0,0.0,1000.0
2026-04-30 19:10:00,460.510009765625,1000.0,0,0.0,1000.0
2026-04-30 19:15:00,460.9700012207031,1000.0,0,0.0,1000.0
2026-04-30 19:20:00,460.4700012207031,1000.0,0,0.0,1000.0
2026-04-30 19:25:00,460.19000244140625,1000.0,0,0.0,1000.0
2026-04-30 19:30:00,460.489990234375,1000.0,0,0.0,1000.0
2026-04-30 19:35:00,460.1499938964844,1000.0,0,0.0,1000.0
2026-04-30 19:40:00,460.4599914550781,1000.0,0,0.0,1000.0
2026-04-30 19:45:00,460.5950012207031,1000.0,0,0.0,1000.0
2026-04-30 19:50:00,460.1700134277344,1000.0,0,0.0,1000.0
2026-04-30 19:55:00,461.54998779296875,1000.0,0,0.0,1000.0
2026-05-01 13:30:00,458.0299987792969,1000.0,0,0.0,1000.0
2026-05-01 13:35:00,461.2699890136719,1000.0,0,0.0,1000.0
2026-05-01 13:40:00,462.510009765625,1000.0,0,0.0,1000.0
2026-05-01 13:45:00,460.3599853515625,1000.0,0,0.0,1000.0
2026-05-01 13:50:00,460.32501220703125,1000.0,0,0.0,1000.0
2026-05-01 13:55:00,463.926513671875,1000.0,0,0.0,1000.0
2026-05-01 14:00:00,464.6199951171875,1000.0,0,0.0,1000.0
2026-05-01 14:05:00,463.364990234375,1000.0,0,0.0,1000.0
2026-05-01 14:10:00,463.6600036621094,1000.0,0,0.0,1000.0
2026-05-01 14:15:00,463.1700134277344,1000.0,0,0.0,1000.0
2026-05-01 14:20:00,463.45001220703125,1000.0,0,0.0,1000.0
2026-05-01 14:25:00,462.6499938964844,1000.0,0,0.0,1000.0
2026-05-01 14:30:00,460.2250061035156,1000.0,0,0.0,1000.0
2026-05-01 14:35:00,461.0299987792969,1000.0,0,0.0,1000.0
2026-05-01 14:40:00,461.8500061035156,1000.0,0,0.0,1000.0
2026-05-01 14:45:00,461.1099853515625,1000.0,0,0.0,1000.0
2026-05-01 14:50:00,461.32000732421875,1000.0,0,0.0,1000.0
2026-05-01 14:55:00,460.739990234375,1000.0,0,0.0,1000.0
2026-05-01 15:00:00,461.07501220703125,1000.0,0,0.0,1000.0
2026-05-01 15:05:00,461.2040100097656,1000.0,0,0.0,1000.0
2026-05-01 15:10:00,461.95001220703125,1000.0,0,0.0,1000.0
2026-05-01 15:15:00,463.2699890136719,1000.0,0,0.0,1000.0
2026-05-01 15:20:00,463.07501220703125,1000.0,0,0.0,1000.0
2026-05-01 15:25:00,462.8699951171875,1000.0,0,0.0,1000.0
2026-05-01 15:30:00,462.8299865722656,1000.0,0,0.0,1000.0
2026-05-01 15:35:00,462.94000244140625,1000.0,0,0.0,1000.0
2026-05-01 15:40:00,463.1400146484375,1000.0,0,0.0,1000.0
2026-05-01 15:45:00,463.0450134277344,1000.0,0,0.0,1000.0
2026-05-01 15:50:00,463.1400146484375,1000.0,0,0.0,1000.0
2026-05-01 15:55:00,463.6000061035156,1000.0,0,0.0,1000.0
2026-05-01 16:00:00,463.5299987792969,1000.0,0,0.0,1000.0
2026-05-01 16:05:00,463.35791015625,1000.0,0,0.0,1000.0
2026-05-01 16:10:00,463.2799987792969,1000.0,0,0.0,1000.0
2026-05-01 16:15:00,463.9700012207031,1000.0,0,0.0,1000.0
2026-05-01 16:20:00,463.70001220703125,1000.0,0,0.0,1000.0
2026-05-01 16:25:00,462.860107421875,1000.0,0,0.0,1000.0
2026-05-01 16:30:00,463.18499755859375,1000.0,0,0.0,1000.0
2026-05-01 16:35:00,463.760009765625,1000.0,0,0.0,1000.0
2026-05-01 16:40:00,463.3900146484375,1000.0,0,0.0,1000.0
2026-05-01 16:45:00,463.6499938964844,1000.0,0,0.0,1000.0
2026-05-01 16:50:00,463.7149963378906,1000.0,0,0.0,1000.0
2026-05-01 16:55:00,463.3800048828125,1000.0,0,0.0,1000.0
2026-05-01 17:00:00,463.8599853515625,1000.0,0,0.0,1000.0
2026-05-01 17:05:00,464.05999755859375,1000.0,0,0.0,1000.0
2026-05-01 17:10:00,464.2349853515625,1000.0,0,0.0,1000.0
2026-05-01 17:15:00,464.4200134277344,1000.0,0,0.0,1000.0
2026-05-01 17:20:00,464.260009765625,1000.0,0,0.0,1000.0
2026-05-01 17:25:00,464.32000732421875,1000.0,0,0.0,1000.0
2026-05-01 17:30:00,464.6000061035156,1000.0,0,0.0,1000.0
2026-05-01 17:35:00,464.260009765625,1000.0,0,0.0,1000.0
2026-05-01 17:40:00,464.79998779296875,1000.0,0,0.0,1000.0
2026-05-01 17:45:00,465.1300048828125,1000.0,0,0.0,1000.0
2026-05-01 17:50:00,464.8299865722656,1000.0,0,0.0,1000.0
2026-05-01 17:55:00,464.9599914550781,1000.0,0,0.0,1000.0
2026-05-01 18:00:00,464.9100036621094,1000.0,0,0.0,1000.0
2026-05-01 18:05:00,465.1199951171875,1000.0,0,0.0,1000.0
2026-05-01 18:10:00,464.8699951171875,1000.0,0,0.0,1000.0
2026-05-01 18:15:00,465.0299987792969,1000.0,0,0.0,1000.0
2026-05-01 18:20:00,465.0906066894531,1000.0,0,0.0,1000.0
2026-05-01 18:25:00,465.1700134277344,1000.0,0,0.0,1000.0
2026-05-01 18:30:00,465.1400146484375,1000.0,0,0.0,1000.0
2026-05-01 18:35:00,464.7650146484375,1000.0,0,0.0,1000.0
2026-05-01 18:40:00,464.3399963378906,1000.0,0,0.0,1000.0
2026-05-01 18:45:00,464.1098937988281,1000.0,0,0.0,1000.0
2026-05-01 18:50:00,464.4800109863281,1000.0,0,0.0,1000.0
2026-05-01 18:55:00,464.80499267578125,1000.0,0,0.0,1000.0
2026-05-01 19:00:00,464.9599914550781,1000.0,0,0.0,1000.0
2026-05-01 19:05:00,465.375,1000.0,0,0.0,1000.0
2026-05-01 19:10:00,465.3800048828125,1000.0,0,0.0,1000.0
2026-05-01 19:15:00,465.92999267578125,1000.0,0,0.0,1000.0
2026-05-01 19:20:00,466.3999938964844,1000.0,0,0.0,1000.0
2026-05-01 19:25:00,466.6181945800781,1000.0,0,0.0,1000.0
2026-05-01 19:30:00,466.2799987792969,1000.0,0,0.0,1000.0
2026-05-01 19:35:00,465.82501220703125,1000.0,0,0.0,1000.0
2026-05-01 19:40:00,465.8900146484375,1000.0,0,0.0,1000.0
2026-05-01 19:45:00,465.8500061035156,1000.0,0,0.0,1000.0
2026-05-01 19:50:00,466.0,1000.0,0,0.0,1000.0
2026-05-01 19:55:00,465.57000732421875,1000.0,0,0.0,1000.0
2026-05-04 13:30:00,466.3110046386719,1000.0,0,0.0,1000.0
2026-05-04 13:35:00,466.1000061035156,1000.0,0,0.0,1000.0
2026-05-04 13:40:00,466.1600036621094,1000.0,0,0.0,1000.0
2026-05-04 13:45:00,465.8699951171875,1000.0,0,0.0,1000.0
2026-05-04 13:50:00,467.30999755859375,1000.0,0,0.0,1000.0
2026-05-04 13:55:00,468.6400146484375,1000.0,0,0.0,1000.0
2026-05-04 14:00:00,469.17999267578125,1000.0,0,0.0,1000.0
2026-05-04 14:05:00,468.5799865722656,1000.0,0,0.0,1000.0
2026-05-04 14:10:00,468.2300109863281,1000.0,0,0.0,1000.0
2026-05-04 14:15:00,466.8299865722656,1000.0,0,0.0,1000.0
2026-05-04 14:20:00,466.80999755859375,1000.0,0,0.0,1000.0
2026-05-04 14:25:00,464.9814147949219,1000.0,0,0.0,1000.0
2026-05-04 14:30:00,465.2349853515625,1000.0,0,0.0,1000.0
2026-05-04 14:35:00,466.2900085449219,1000.0,0,0.0,1000.0
2026-05-04 14:40:00,467.010009765625,1000.0,0,0.0,1000.0
2026-05-04 14:45:00,466.3205871582031,1000.0,0,0.0,1000.0
2026-05-04 14:50:00,466.4200134277344,1000.0,0,0.0,1000.0
2026-05-04 14:55:00,465.6300048828125,1000.0,0,0.0,1000.0
2026-05-04 15:00:00,465.7250061035156,1000.0,0,0.0,1000.0
2026-05-04 15:05:00,465.8399963378906,1000.0,0,0.0,1000.0
2026-05-04 15:10:00,464.239990234375,1000.0,0,0.0,1000.0
2026-05-04 15:15:00,462.79998779296875,1000.0,0,0.0,1000.0
2026-05-04 15:20:00,460.67999267578125,1000.0,0,0.0,1000.0
2026-05-04 15:25:00,462.4700012207031,1000.0,0,0.0,1000.0
2026-05-04 15:30:00,462.5504150390625,1000.0,0,0.0,1000.0
2026-05-04 15:35:00,461.2799987792969,1000.0,0,0.0,1000.0
2026-05-04 15:40:00,462.3500061035156,1000.0,0,0.0,1000.0
2026-05-04 15:45:00,461.8999938964844,1000.0,0,0.0,1000.0
2026-05-04 15:50:00,462.4200134277344,1000.0,0,0.0,1000.0
2026-05-04 15:55:00,461.9649963378906,1000.0,0,0.0,1000.0
2026-05-04 16:00:00,461.17498779296875,1000.0,0,0.0,1000.0
2026-05-04 16:05:00,459.54998779296875,1000.0,0,0.0,1000.0
2026-05-04 16:10:00,458.81500244140625,1000.0,0,0.0,1000.0
2026-05-04 16:15:00,460.2699890136719,1000.0,0,0.0,1000.0
2026-05-04 16:20:00,460.8599853515625,1000.0,0,0.0,1000.0
2026-05-04 16:25:00,461.0299987792969,1000.0,0,0.0,1000.0
2026-05-04 16:30:00,461.2900085449219,1000.0,0,0.0,1000.0
2026-05-04 16:35:00,460.04998779296875,1000.0,0,0.0,1000.0
2026-05-04 16:40:00,460.6199951171875,1000.0,0,0.0,1000.0
2026-05-04 16:45:00,461.0799865722656,1000.0,0,0.0,1000.0
2026-05-04 16:50:00,460.8500061035156,1000.0,0,0.0,1000.0
2026-05-04 16:55:00,460.95001220703125,1000.0,0,0.0,1000.0
2026-05-04 17:00:00,462.07000732421875,1000.0,0,0.0,1000.0
2026-05-04 17:05:00,462.2950134277344,1000.0,0,0.0,1000.0
2026-05-04 17:10:00,462.3599853515625,1000.0,0,0.0,1000.0
2026-05-04 17:15:00,463.2598876953125,1000.0,0,0.0,1000.0
2026-05-04 17:20:00,463.7900085449219,1000.0,0,0.0,1000.0
2026-05-04 17:25:00,463.54998779296875,1000.0,0,0.0,1000.0
2026-05-04 17:30:00,462.82000732421875,1000.0,0,0.0,1000.0
2026-05-04 17:35:00,462.9100036621094,1000.0,0,0.0,1000.0
2026-05-04 17:40:00,462.7799987792969,1000.0,0,0.0,1000.0
2026-05-04 17:45:00,462.6000061035156,1000.0,0,0.0,1000.0
2026-05-04 17:50:00,462.8599853515625,1000.0,0,0.0,1000.0
2026-05-04 17:55:00,463.07000732421875,1000.0,0,0.0,1000.0
2026-05-04 18:00:00,463.0150146484375,1000.0,0,0.0,1000.0
2026-05-04 18:05:00,462.82000732421875,1000.0,0,0.0,1000.0
2026-05-04 18:10:00,462.9200134277344,1000.0,0,0.0,1000.0
2026-05-04 18:15:00,462.340087890625,1000.0,0,0.0,1000.0
2026-05-04 18:20:00,462.1300048828125,1000.0,0,0.0,1000.0
2026-05-04 18:25:00,462.67999267578125,1000.0,0,0.0,1000.0
2026-05-04 18:30:00,462.6600036621094,1000.0,0,0.0,1000.0
2026-05-04 18:35:00,462.29998779296875,1000.0,0,0.0,1000.0
2026-05-04 18:40:00,461.42498779296875,1000.0,0,0.0,1000.0
2026-05-04 18:45:00,461.610595703125,1000.0,0,0.0,1000.0
2026-05-04 18:50:00,461.7799987792969,1000.0,0,0.0,1000.0
2026-05-04 18:55:00,462.489990234375,1000.0,0,0.0,1000.0
2026-05-04 19:00:00,462.4775085449219,1000.0,0,0.0,1000.0
2026-05-04 19:05:00,462.7850036621094,1000.0,0,0.0,1000.0
2026-05-04 19:10:00,462.6499938964844,1000.0,0,0.0,1000.0
2026-05-04 19:15:00,462.260009765625,1000.0,0,0.0,1000.0
2026-05-04 19:20:00,462.3599853515625,1000.0,0,0.0,1000.0
2026-05-04 19:25:00,462.5299987792969,1000.0,0,0.0,1000.0
2026-05-04 19:30:00,463.0799865722656,1000.0,0,0.0,1000.0
2026-05-04 19:35:00,462.739990234375,1000.0,0,0.0,1000.0
2026-05-04 19:40:00,463.19000244140625,1000.0,0,0.0,1000.0
2026-05-04 19:45:00,463.7749938964844,1000.0,0,0.0,1000.0
2026-05-04 19:50:00,463.0400085449219,1000.0,0,0.0,1000.0
2026-05-04 19:55:00,462.1600036621094,1000.0,0,0.0,1000.0
2026-05-05 13:30:00,470.7900085449219,1000.0,0,0.0,1000.0
2026-05-05 13:35:00,474.4049987792969,1000.0,0,0.0,1000.0
2026-05-05 13:40:00,475.7300109863281,1000.0,0,0.0,1000.0
2026-05-05 13:45:00,474.9150085449219,1000.0,0,0.0,1000.0
2026-05-05 13:50:00,475.7850036621094,1000.0,0,0.0,1000.0
2026-05-05 13:55:00,476.3800048828125,1000.0,0,0.0,1000.0
2026-05-05 14:00:00,476.1099853515625,1000.0,0,0.0,1000.0
2026-05-05 14:05:00,476.77410888671875,1000.0,0,0.0,1000.0
2026-05-05 14:10:00,475.7799987792969,1000.0,0,0.0,1000.0
2026-05-05 14:15:00,476.0299987792969,1000.0,0,0.0,1000.0
2026-05-05 14:20:00,478.2699890136719,1000.0,0,0.0,1000.0
2026-05-05 14:25:00,479.7099914550781,1000.0,0,0.0,1000.0
2026-05-05 14:30:00,479.6099853515625,1000.0,0,0.0,1000.0
2026-05-05 14:35:00,478.29998779296875,1000.0,0,0.0,1000.0
2026-05-05 14:40:00,477.94000244140625,1000.0,0,0.0,1000.0
2026-05-05 14:45:00,478.55999755859375,1000.0,0,0.0,1000.0
2026-05-05 14:50:00,479.739990234375,1000.0,0,0.0,1000.0
2026-05-05 14:55:00,479.1000061035156,1000.0,0,0.0,1000.0
2026-05-05 15:00:00,479.8399963378906,1000.0,0,0.0,1000.0
2026-05-05 15:05:00,480.3500061035156,1000.0,0,0.0,1000.0
2026-05-05 15:10:00,481.6000061035156,1000.0,0,0.0,1000.0
2026-05-05 15:15:00,481.5400085449219,1000.0,0,0.0,1000.0
2026-05-05 15:20:00,481.7900085449219,1000.0,0,0.0,1000.0
2026-05-05 15:25:00,481.5899963378906,1000.0,0,0.0,1000.0
2026-05-05 15:30:00,481.8999938964844,1000.0,0,0.0,1000.0
2026-05-05 15:35:00,483.0137023925781,1000.0,0,0.0,1000.0
2026-05-05 15:40:00,483.125,1000.0,0,0.0,1000.0
2026-05-05 15:45:00,484.45001220703125,1000.0,0,0.0,1000.0
2026-05-05 15:50:00,484.364990234375,1000.0,0,0.0,1000.0
2026-05-05 15:55:00,483.8887939453125,1000.0,0,0.0,1000.0
2026-05-05 16:00:00,484.07000732421875,1000.0,0,0.0,1000.0
2026-05-05 16:05:00,484.6400146484375,1000.0,0,0.0,1000.0
2026-05-05 16:10:00,485.5299987792969,1000.0,0,0.0,1000.0
2026-05-05 16:15:00,485.260009765625,1000.0,0,0.0,1000.0
2026-05-05 16:20:00,484.81500244140625,1000.0,0,0.0,1000.0
2026-05-05 16:25:00,483.4049987792969,1000.0,0,0.0,1000.0
2026-05-05 16:30:00,482.7300109863281,1000.0,0,0.0,1000.0
2026-05-05 16:35:00,481.9700012207031,1000.0,0,0.0,1000.0
2026-05-05 16:40:00,482.7900085449219,1000.0,0,0.0,1000.0
2026-05-05 16:45:00,483.5899963378906,1000.0,0,0.0,1000.0
2026-05-05 16:50:00,483.5849914550781,1000.0,0,0.0,1000.0
2026-05-05 16:55:00,484.0899963378906,1000.0,0,0.0,1000.0
2026-05-05 17:00:00,484.67999267578125,1000.0,0,0.0,1000.0
2026-05-05 17:05:00,484.3999938964844,1000.0,0,0.0,1000.0
2026-05-05 17:10:00,484.2900085449219,1000.0,0,0.0,1000.0
2026-05-05 17:15:00,485.32501220703125,1000.0,0,0.0,1000.0
2026-05-05 17:20:00,485.0799865722656,1000.0,0,0.0,1000.0
2026-05-05 17:25:00,485.6400146484375,1000.0,0,0.0,1000.0
2026-05-05 17:30:00,485.2049865722656,1000.0,0,0.0,1000.0
2026-05-05 17:35:00,485.1600036621094,1000.0,0,0.0,1000.0
2026-05-05 17:40:00,485.1449890136719,1000.0,0,0.0,1000.0
2026-05-05 17:45:00,485.2099914550781,1000.0,0,0.0,1000.0
2026-05-05 17:50:00,485.0199890136719,1000.0,0,0.0,1000.0
2026-05-05 17:55:00,485.010009765625,1000.0,0,0.0,1000.0
2026-05-05 18:00:00,485.57501220703125,1000.0,0,0.0,1000.0
2026-05-05 18:05:00,485.4599914550781,1000.0,0,0.0,1000.0
2026-05-05 18:10:00,485.510009765625,1000.0,0,0.0,1000.0
2026-05-05 18:15:00,485.2099914550781,1000.0,0,0.0,1000.0
2026-05-05 18:20:00,484.8299865722656,1000.0,0,0.0,1000.0
2026-05-05 18:25:00,485.375,1000.0,0,0.0,1000.0
2026-05-05 18:30:00,485.9200134277344,1000.0,0,0.0,1000.0
2026-05-05 18:35:00,485.94000244140625,1000.0,0,0.0,1000.0
2026-05-05 18:40:00,485.55999755859375,1000.0,0,0.0,1000.0
2026-05-05 18:45:00,485.0299987792969,1000.0,0,0.0,1000.0
2026-05-05 18:50:00,484.5299987792969,1000.0,0,0.0,1000.0
2026-05-05 18:55:00,484.9599914550781,1000.0,0,0.0,1000.0
2026-05-05 19:00:00,484.3800048828125,1000.0,0,0.0,1000.0
2026-05-05 19:05:00,484.7099914550781,1000.0,0,0.0,1000.0
2026-05-05 19:10:00,483.75,1000.0,0,0.0,1000.0
2026-05-05 19:15:00,483.1000061035156,1000.0,0,0.0,1000.0
2026-05-05 19:20:00,482.2900085449219,1000.0,0,0.0,1000.0
2026-05-05 19:25:00,482.375,1000.0,0,0.0,1000.0
2026-05-05 19:30:00,482.94000244140625,1000.0,0,0.0,1000.0
2026-05-05 19:35:00,482.7296142578125,1000.0,0,0.0,1000.0
2026-05-05 19:40:00,482.6449890136719,1000.0,0,0.0,1000.0
2026-05-05 19:45:00,482.2349853515625,1000.0,0,0.0,1000.0
2026-05-05 19:50:00,480.80999755859375,1000.0,0,0.0,1000.0
2026-05-05 19:55:00,482.6549987792969,1000.0,0,0.0,1000.0
2026-05-06 13:30:00,501.69000244140625,1000.0,0,0.0,1000.0
2026-05-06 13:35:00,499.3699951171875,1000.0,0,0.0,1000.0
2026-05-06 13:40:00,501.30999755859375,1000.0,0,0.0,1000.0
2026-05-06 13:45:00,498.7550048828125,1000.0,0,0.0,1000.0
2026-05-06 13:50:00,499.5350036621094,1000.0,0,0.0,1000.0
2026-05-06 13:55:00,497.4599914550781,1000.0,0,0.0,1000.0
2026-05-06 14:00:00,493.29998779296875,1000.0,0,0.0,1000.0
2026-05-06 14:05:00,495.0,1000.0,0,0.0,1000.0
2026-05-06 14:10:00,494.4200134277344,1000.0,0,0.0,1000.0
2026-05-06 14:15:00,489.706787109375,1000.0,0,0.0,1000.0
2026-05-06 14:20:00,490.29998779296875,1000.0,0,0.0,1000.0
2026-05-06 14:25:00,489.6700134277344,1000.0,0,0.0,1000.0
2026-05-06 14:30:00,493.2699890136719,1000.0,0,0.0,1000.0
2026-05-06 14:35:00,493.4700012207031,1000.0,0,0.0,1000.0
2026-05-06 14:40:00,494.8999938964844,1000.0,0,0.0,1000.0
2026-05-06 14:45:00,496.8699951171875,1000.0,0,0.0,1000.0
2026-05-06 14:50:00,497.7099914550781,1000.0,0,0.0,1000.0
2026-05-06 14:55:00,496.9750061035156,1000.0,0,0.0,1000.0
2026-05-06 15:00:00,497.9200134277344,1000.0,0,0.0,1000.0
2026-05-06 15:05:00,498.57000732421875,1000.0,0,0.0,1000.0
2026-05-06 15:10:00,499.82000732421875,1000.0,0,0.0,1000.0
2026-05-06 15:15:00,501.8900146484375,1000.0,0,0.0,1000.0
2026-05-06 15:20:00,501.8500061035156,1000.0,0,0.0,1000.0
2026-05-06 15:25:00,502.28009033203125,1000.0,0,0.0,1000.0
2026-05-06 15:30:00,501.6199951171875,1000.0,0,0.0,1000.0
2026-05-06 15:35:00,501.260009765625,1000.0,0,0.0,1000.0
2026-05-06 15:40:00,501.3299865722656,1000.0,0,0.0,1000.0
2026-05-06 15:45:00,500.489990234375,1000.0,0,0.0,1000.0
2026-05-06 15:50:00,501.1297912597656,1000.0,0,0.0,1000.0
2026-05-06 15:55:00,500.2809143066406,1000.0,0,0.0,1000.0
2026-05-06 16:00:00,501.3800048828125,1000.0,0,0.0,1000.0
2026-05-06 16:05:00,501.4100036621094,1000.0,0,0.0,1000.0
2026-05-06 16:10:00,502.0849914550781,1000.0,0,0.0,1000.0
2026-05-06 16:15:00,499.989990234375,1000.0,0,0.0,1000.0
2026-05-06 16:20:00,500.5899963378906,1000.0,0,0.0,1000.0
2026-05-06 16:25:00,500.7300109863281,1000.0,0,0.0,1000.0
2026-05-06 16:30:00,501.3550109863281,1000.0,0,0.0,1000.0
2026-05-06 16:35:00,501.8999938964844,1000.0,0,0.0,1000.0
2026-05-06 16:40:00,501.45001220703125,1000.0,0,0.0,1000.0
2026-05-06 16:45:00,500.32000732421875,1000.0,0,0.0,1000.0
2026-05-06 16:50:00,499.75,1000.0,0,0.0,1000.0
2026-05-06 16:55:00,500.17999267578125,1000.0,0,0.0,1000.0
2026-05-06 17:00:00,501.0899963378906,1000.0,0,0.0,1000.0
2026-05-06 17:05:00,500.95001220703125,1000.0,0,0.0,1000.0
2026-05-06 17:10:00,501.5799865722656,1000.0,0,0.0,1000.0
2026-05-06 17:15:00,501.5799865722656,1000.0,0,0.0,1000.0
2026-05-06 17:20:00,501.5299987792969,1000.0,0,0.0,1000.0
2026-05-06 17:25:00,501.760009765625,1000.0,0,0.0,1000.0
2026-05-06 17:30:00,501.7200012207031,1000.0,0,0.0,1000.0
2026-05-06 17:35:00,502.1199951171875,1000.0,0,0.0,1000.0
2026-05-06 17:40:00,502.8699951171875,1000.0,0,0.0,1000.0
2026-05-06 17:45:00,501.3599853515625,1000.0,0,0.0,1000.0
2026-05-06 17:50:00,502.0199890136719,1000.0,0,0.0,1000.0
2026-05-06 17:55:00,501.9750061035156,1000.0,0,0.0,1000.0
2026-05-06 18:00:00,501.8999938964844,1000.0,0,0.0,1000.0
2026-05-06 18:05:00,502.44000244140625,1000.0,0,0.0,1000.0
2026-05-06 18:10:00,501.7550048828125,1000.0,0,0.0,1000.0
2026-05-06 18:15:00,501.7099914550781,1000.0,0,0.0,1000.0
2026-05-06 18:20:00,501.9599914550781,1000.0,0,0.0,1000.0
2026-05-06 18:25:00,502.32989501953125,1000.0,0,0.0,1000.0
2026-05-06 18:30:00,503.2799987792969,1000.0,0,0.0,1000.0
2026-05-06 18:35:00,503.3900146484375,1000.0,0,0.0,1000.0
2026-05-06 18:40:00,503.3999938964844,1000.0,0,0.0,1000.0
2026-05-06 18:45:00,502.6400146484375,1000.0,0,0.0,1000.0
2026-05-06 18:50:00,502.7699890136719,1000.0,0,0.0,1000.0
2026-05-06 18:55:00,502.2099914550781,1000.0,0,0.0,1000.0
2026-05-06 19:00:00,502.2699890136719,1000.0,0,0.0,1000.0
2026-05-06 19:05:00,503.5799865722656,1000.0,0,0.0,1000.0
2026-05-06 19:10:00,503.9599914550781,1000.0,0,0.0,1000.0
2026-05-06 19:15:00,504.489990234375,1000.0,0,0.0,1000.0
2026-05-06 19:20:00,504.6099853515625,1000.0,0,0.0,1000.0
2026-05-06 19:25:00,505.0950012207031,1000.0,0,0.0,1000.0
2026-05-06 19:30:00,504.2900085449219,1000.0,0,0.0,1000.0
2026-05-06 19:35:00,504.7200012207031,1000.0,0,0.0,1000.0
2026-05-06 19:40:00,504.3349914550781,1000.0,0,0.0,1000.0
2026-05-06 19:45:00,504.57000732421875,1000.0,0,0.0,1000.0
2026-05-06 19:50:00,504.6400146484375,1000.0,0,0.0,1000.0
2026-05-06 19:55:00,506.57000732421875,1000.0,0,0.0,1000.0
2026-05-07 13:30:00,500.1099853515625,1000.0,0,0.0,1000.0
2026-05-07 13:35:00,499.5000915527344,1000.0,0,0.0,1000.0
2026-05-07 13:40:00,494.43499755859375,1000.0,0,0.0,1000.0
2026-05-07 13:45:00,496.42999267578125,1000.0,0,0.0,1000.0
2026-05-07 13:50:00,498.3399963378906,1000.0,0,0.0,1000.0
2026-05-07 13:55:00,497.3900146484375,1000.0,0,0.0,1000.0
2026-05-07 14:00:00,497.1700134277344,1000.0,0,0.0,1000.0
2026-05-07 14:05:00,498.42999267578125,1000.0,0,0.0,1000.0
2026-05-07 14:10:00,498.4200134277344,1000.0,0,0.0,1000.0
2026-05-07 14:15:00,500.3299865722656,1000.0,0,0.0,1000.0
2026-05-07 14:20:00,500.9599914550781,1000.0,0,0.0,1000.0
2026-05-07 14:25:00,502.0,1000.0,0,0.0,1000.0
2026-05-07 14:30:00,502.010009765625,1000.0,0,0.0,1000.0
2026-05-07 14:35:00,503.4200134277344,1000.0,0,0.0,1000.0
2026-05-07 14:40:00,502.0199890136719,1000.0,0,0.0,1000.0
2026-05-07 14:45:00,500.010009765625,1000.0,0,0.0,1000.0
2026-05-07 14:50:00,501.69500732421875,1000.0,0,0.0,1000.0
2026-05-07 14:55:00,501.625,1000.0,0,0.0,1000.0
2026-05-07 15:00:00,500.6400146484375,1000.0,0,0.0,1000.0
2026-05-07 15:05:00,500.4100036621094,1000.0,0,0.0,1000.0
2026-05-07 15:10:00,499.57000732421875,1000.0,0,0.0,1000.0
2026-05-07 15:15:00,499.8599853515625,1000.0,0,0.0,1000.0
2026-05-07 15:20:00,499.489990234375,1000.0,0,0.0,1000.0
2026-05-07 15:25:00,500.1400146484375,1000.0,0,0.0,1000.0
2026-05-07 15:30:00,501.4100036621094,1000.0,0,0.0,1000.0
2026-05-07 15:35:00,500.9200134277344,1000.0,0,0.0,1000.0
2026-05-07 15:40:00,501.4599914550781,1000.0,0,0.0,1000.0
2026-05-07 15:45:00,499.0101013183594,1000.0,0,0.0,1000.0
2026-05-07 15:50:00,497.9800109863281,1000.0,0,0.0,1000.0
2026-05-07 15:55:00,495.81500244140625,1000.0,0,0.0,1000.0
2026-05-07 16:00:00,495.93499755859375,1000.0,0,0.0,1000.0
2026-05-07 16:05:00,494.8399963378906,1000.0,0,0.0,1000.0
2026-05-07 16:10:00,493.1700134277344,1000.0,0,0.0,1000.0
2026-05-07 16:15:00,491.8500061035156,1000.0,0,0.0,1000.0
2026-05-07 16:20:00,493.739990234375,1000.0,0,0.0,1000.0
2026-05-07 16:25:00,493.95001220703125,1000.0,0,0.0,1000.0
2026-05-07 16:30:00,495.3299865722656,1000.0,0,0.0,1000.0
2026-05-07 16:35:00,492.82000732421875,1000.0,0,0.0,1000.0
2026-05-07 16:40:00,493.5350036621094,1000.0,0,0.0,1000.0
2026-05-07 16:45:00,493.3500061035156,1000.0,0,0.0,1000.0
2026-05-07 16:50:00,493.94500732421875,1000.0,0,0.0,1000.0
2026-05-07 16:55:00,493.5,1000.0,0,0.0,1000.0
2026-05-07 17:00:00,492.6600036621094,1000.0,0,0.0,1000.0
2026-05-07 17:05:00,492.0199890136719,1000.0,0,0.0,1000.0
2026-05-07 17:10:00,491.3999938964844,1000.0,0,0.0,1000.0
2026-05-07 17:15:00,489.5199890136719,1000.0,0,0.0,1000.0
2026-05-07 17:20:00,491.510009765625,1000.0,0,0.0,1000.0
2026-05-07 17:25:00,489.9599914550781,1000.0,0,0.0,1000.0
2026-05-07 17:30:00,491.5249938964844,1000.0,0,0.0,1000.0
2026-05-07 17:35:00,492.875,1000.0,0,0.0,1000.0
2026-05-07 17:40:00,492.2049865722656,1000.0,0,0.0,1000.0
2026-05-07 17:45:00,491.864990234375,1000.0,0,0.0,1000.0
2026-05-07 17:50:00,491.135009765625,1000.0,0,0.0,1000.0
2026-05-07 17:55:00,493.489990234375,1000.0,0,0.0,1000.0
2026-05-07 18:00:00,493.4750061035156,1000.0,0,0.0,1000.0
2026-05-07 18:05:00,491.6300048828125,1000.0,0,0.0,1000.0
2026-05-07 18:10:00,491.67999267578125,1000.0,0,0.0,1000.0
2026-05-07 18:15:00,491.9849853515625,1000.0,0,0.0,1000.0
2026-05-07 18:20:00,490.9800109863281,1000.0,0,0.0,1000.0
2026-05-07 18:25:00,490.20001220703125,1000.0,0,0.0,1000.0
2026-05-07 18:30:00,490.8900146484375,1000.0,0,0.0,1000.0
2026-05-07 18:35:00,490.79998779296875,1000.0,0,0.0,1000.0
2026-05-07 18:40:00,489.7300109863281,1000.0,0,0.0,1000.0
2026-05-07 18:45:00,489.5775146484375,1000.0,0,0.0,1000.0
2026-05-07 18:50:00,489.29998779296875,1000.0,0,0.0,1000.0
2026-05-07 18:55:00,490.1400146484375,1000.0,0,0.0,1000.0
2026-05-07 19:00:00,489.8550109863281,1000.0,0,0.0,1000.0
2026-05-07 19:05:00,489.5799865722656,1000.0,0,0.0,1000.0
2026-05-07 19:10:00,491.3900146484375,1000.0,0,0.0,1000.0
2026-05-07 19:15:00,490.4100036621094,1000.0,0,0.0,1000.0
2026-05-07 19:20:00,489.25,1000.0,0,0.0,1000.0
2026-05-07 19:25:00,489.510009765625,1000.0,0,0.0,1000.0
2026-05-07 19:30:00,491.239990234375,1000.0,0,0.0,1000.0
2026-05-07 19:35:00,492.55999755859375,1000.0,0,0.0,1000.0
2026-05-07 19:40:00,493.0199890136719,1000.0,0,0.0,1000.0
2026-05-07 19:45:00,493.54998779296875,1000.0,0,0.0,1000.0
2026-05-07 19:50:00,493.4200134277344,1000.0,0,0.0,1000.0
2026-05-07 19:55:00,492.489990234375,1000.0,0,0.0,1000.0
2026-05-08 13:30:00,506.7300109863281,1000.0,0,0.0,1000.0
2026-05-08 13:35:00,507.2099914550781,1000.0,0,0.0,1000.0
2026-05-08 13:40:00,508.1000061035156,1000.0,0,0.0,1000.0
2026-05-08 13:45:00,509.1199951171875,1000.0,0,0.0,1000.0
2026-05-08 13:50:00,509.79180908203125,1000.0,0,0.0,1000.0
2026-05-08 13:55:00,510.8949890136719,1000.0,0,0.0,1000.0
2026-05-08 14:00:00,510.6199951171875,1000.0,0,0.0,1000.0
2026-05-08 14:05:00,510.8500061035156,1000.0,0,0.0,1000.0
2026-05-08 14:10:00,509.4599914550781,1000.0,0,0.0,1000.0
2026-05-08 14:15:00,509.9700012207031,1000.0,0,0.0,1000.0
2026-05-08 14:20:00,511.05999755859375,1000.0,0,0.0,1000.0
2026-05-08 14:25:00,508.9599914550781,1000.0,0,0.0,1000.0
2026-05-08 14:30:00,510.0799865722656,1000.0,0,0.0,1000.0
2026-05-08 14:35:00,509.0400085449219,1000.0,0,0.0,1000.0
2026-05-08 14:40:00,509.8800048828125,1000.0,0,0.0,1000.0
2026-05-08 14:45:00,510.2300109863281,1000.0,0,0.0,1000.0
2026-05-08 14:50:00,510.42999267578125,1000.0,0,0.0,1000.0
2026-05-08 14:55:00,511.1499938964844,1000.0,0,0.0,1000.0
2026-05-08 15:00:00,511.4200134277344,1000.0,0,0.0,1000.0
2026-05-08 15:05:00,511.67999267578125,1000.0,0,0.0,1000.0
2026-05-08 15:10:00,511.0,1000.0,0,0.0,1000.0
2026-05-08 15:15:00,510.45001220703125,1000.0,0,0.0,1000.0
2026-05-08 15:20:00,511.1499938964844,1000.0,0,0.0,1000.0
2026-05-08 15:25:00,511.44000244140625,1000.0,0,0.0,1000.0
2026-05-08 15:30:00,511.6499938964844,1000.0,0,0.0,1000.0
2026-05-08 15:35:00,512.3400268554688,1000.0,0,0.0,1000.0
2026-05-08 15:40:00,511.57501220703125,1000.0,0,0.0,1000.0
2026-05-08 15:45:00,512.280029296875,1000.0,0,0.0,1000.0
2026-05-08 15:50:00,513.010009765625,1000.0,0,0.0,1000.0
2026-05-08 15:55:00,512.27001953125,1000.0,0,0.0,1000.0
2026-05-08 16:00:00,512.5900268554688,1000.0,0,0.0,1000.0
2026-05-08 16:05:00,512.1699829101562,1000.0,0,0.0,1000.0
2026-05-08 16:10:00,512.155029296875,1000.0,0,0.0,1000.0
2026-05-08 16:15:00,512.219970703125,1000.0,0,0.0,1000.0
2026-05-08 16:20:00,513.219970703125,1000.0,0,0.0,1000.0
2026-05-08 16:25:00,514.25,1000.0,0,0.0,1000.0
2026-05-08 16:30:00,514.1400146484375,1000.0,0,0.0,1000.0
2026-05-08 16:35:00,514.2849731445312,1000.0,0,0.0,1000.0
2026-05-08 16:40:00,512.8800048828125,1000.0,0,0.0,1000.0
2026-05-08 16:45:00,514.52001953125,1000.0,0,0.0,1000.0
2026-05-08 16:50:00,515.5599975585938,1000.0,0,0.0,1000.0
2026-05-08 16:55:00,516.3300170898438,1000.0,0,0.0,1000.0
2026-05-08 17:00:00,518.4099731445312,1000.0,0,0.0,1000.0
2026-05-08 17:05:00,518.6300048828125,1000.0,0,0.0,1000.0
2026-05-08 17:10:00,518.0750122070312,1000.0,0,0.0,1000.0
2026-05-08 17:15:00,517.5549926757812,1000.0,0,0.0,1000.0
2026-05-08 17:20:00,518.905029296875,1000.0,0,0.0,1000.0
2026-05-08 17:25:00,519.0650024414062,1000.0,0,0.0,1000.0
2026-05-08 17:30:00,518.97998046875,1000.0,0,0.0,1000.0
2026-05-08 17:35:00,518.2000122070312,1000.0,0,0.0,1000.0
2026-05-08 17:40:00,518.125,1000.0,0,0.0,1000.0
2026-05-08 17:45:00,517.3900146484375,1000.0,0,0.0,1000.0
2026-05-08 17:50:00,517.2899780273438,1000.0,0,0.0,1000.0
2026-05-08 17:55:00,516.75,1000.0,0,0.0,1000.0
2026-05-08 18:00:00,517.0250244140625,1000.0,0,0.0,1000.0
2026-05-08 18:05:00,517.2999877929688,1000.0,0,0.0,1000.0
2026-05-08 18:10:00,517.9099731445312,1000.0,0,0.0,1000.0
2026-05-08 18:15:00,516.489990234375,1000.0,0,0.0,1000.0
2026-05-08 18:20:00,517.4000244140625,1000.0,0,0.0,1000.0
2026-05-08 18:25:00,517.3088989257812,1000.0,0,0.0,1000.0
2026-05-08 18:30:00,517.2100219726562,1000.0,0,0.0,1000.0
2026-05-08 18:35:00,517.22998046875,1000.0,0,0.0,1000.0
2026-05-08 18:40:00,517.3499755859375,1000.0,0,0.0,1000.0
2026-05-08 18:45:00,517.4000244140625,1000.0,0,0.0,1000.0
2026-05-08 18:50:00,517.7849731445312,1000.0,0,0.0,1000.0
2026-05-08 18:55:00,516.219970703125,1000.0,0,0.0,1000.0
2026-05-08 19:00:00,517.7899780273438,1000.0,0,0.0,1000.0
2026-05-08 19:05:00,519.1749877929688,1000.0,0,0.0,1000.0
2026-05-08 19:10:00,519.0650024414062,1000.0,0,0.0,1000.0
2026-05-08 19:15:00,519.469970703125,1000.0,0,0.0,1000.0
2026-05-08 19:20:00,518.5599975585938,1000.0,0,0.0,1000.0
2026-05-08 19:25:00,516.8699951171875,1000.0,0,0.0,1000.0
2026-05-08 19:30:00,517.5599975585938,1000.0,0,0.0,1000.0
2026-05-08 19:35:00,518.2550048828125,1000.0,0,0.0,1000.0
2026-05-08 19:40:00,518.5700073242188,1000.0,0,0.0,1000.0
2026-05-08 19:45:00,518.4000244140625,1000.0,0,0.0,1000.0
2026-05-08 19:50:00,518.5700073242188,1000.0,0,0.0,1000.0
2026-05-08 19:55:00,520.2000122070312,1000.0,0,0.0,1000.0
2026-05-11 13:30:00,529.8099975585938,1000.0,0,0.0,1000.0
2026-05-11 13:35:00,527.9099731445312,1000.0,0,0.0,1000.0
2026-05-11 13:40:00,528.9099731445312,1000.0,0,0.0,1000.0
2026-05-11 13:45:00,526.5499877929688,1000.0,0,0.0,1000.0
2026-05-11 13:50:00,524.3699951171875,1000.0,0,0.0,1000.0
2026-05-11 13:55:00,522.1257934570312,1000.0,0,0.0,1000.0
2026-05-11 14:00:00,525.2550048828125,1000.0,0,0.0,1000.0
2026-05-11 14:05:00,526.989990234375,1000.0,0,0.0,1000.0
2026-05-11 14:10:00,528.72998046875,1000.0,0,0.0,1000.0
2026-05-11 14:15:00,528.346923828125,1000.0,0,0.0,1000.0
2026-05-11 14:20:00,526.7100219726562,1000.0,0,0.0,1000.0
2026-05-11 14:25:00,522.3300170898438,1000.0,0,0.0,1000.0
2026-05-11 14:30:00,525.0,1000.0,0,0.0,1000.0
2026-05-11 14:35:00,526.6300048828125,1000.0,0,0.0,1000.0
2026-05-11 14:40:00,527.0499877929688,1000.0,0,0.0,1000.0
2026-05-11 14:45:00,527.1300048828125,1000.0,0,0.0,1000.0
2026-05-11 14:50:00,528.8900146484375,1000.0,0,0.0,1000.0
2026-05-11 14:55:00,528.0800170898438,1000.0,0,0.0,1000.0
2026-05-11 15:00:00,528.8599853515625,1000.0,0,0.0,1000.0
2026-05-11 15:05:00,529.0850219726562,1000.0,0,0.0,1000.0
2026-05-11 15:10:00,527.8499755859375,1000.0,0,0.0,1000.0
2026-05-11 15:15:00,527.7100219726562,1000.0,0,0.0,1000.0
2026-05-11 15:20:00,529.0372924804688,1000.0,0,0.0,1000.0
2026-05-11 15:25:00,529.1900024414062,1000.0,0,0.0,1000.0
2026-05-11 15:30:00,529.10498046875,1000.0,0,0.0,1000.0
2026-05-11 15:35:00,529.0399780273438,1000.0,0,0.0,1000.0
2026-05-11 15:40:00,529.3800048828125,1000.0,0,0.0,1000.0
2026-05-11 15:45:00,530.530029296875,1000.0,0,0.0,1000.0
2026-05-11 15:50:00,531.0150146484375,1000.0,0,0.0,1000.0
2026-05-11 15:55:00,531.030029296875,1000.0,0,0.0,1000.0
2026-05-11 16:00:00,531.8099975585938,1000.0,0,0.0,1000.0
2026-05-11 16:05:00,532.239990234375,1000.0,0,0.0,1000.0
2026-05-11 16:10:00,532.4600219726562,1000.0,0,0.0,1000.0
2026-05-11 16:15:00,531.0399780273438,1000.0,0,0.0,1000.0
2026-05-11 16:20:00,531.0,1000.0,0,0.0,1000.0
2026-05-11 16:25:00,530.969970703125,1000.0,0,0.0,1000.0
2026-05-11 16:30:00,530.9000244140625,1000.0,0,0.0,1000.0
2026-05-11 16:35:00,529.6699829101562,1000.0,0,0.0,1000.0
2026-05-11 16:40:00,529.625,1000.0,0,0.0,1000.0
2026-05-11 16:45:00,530.0900268554688,1000.0,0,0.0,1000.0
2026-05-11 16:50:00,530.0800170898438,1000.0,0,0.0,1000.0
2026-05-11 16:55:00,530.135009765625,1000.0,0,0.0,1000.0
2026-05-11 17:00:00,531.1699829101562,1000.0,0,0.0,1000.0
2026-05-11 17:05:00,531.0599975585938,1000.0,0,0.0,1000.0
2026-05-11 17:10:00,530.0999755859375,1000.0,0,0.0,1000.0
2026-05-11 17:15:00,529.6599731445312,1000.0,0,0.0,1000.0
2026-05-11 17:20:00,530.719970703125,1000.0,0,0.0,1000.0
2026-05-11 17:25:00,531.7100219726562,1000.0,0,0.0,1000.0
2026-05-11 17:30:00,531.7299194335938,1000.0,0,0.0,1000.0
2026-05-11 17:35:00,532.22998046875,1000.0,0,0.0,1000.0
2026-05-11 17:40:00,531.9600219726562,1000.0,0,0.0,1000.0
2026-05-11 17:45:00,532.1500244140625,1000.0,0,0.0,1000.0
2026-05-11 17:50:00,531.9299926757812,1000.0,0,0.0,1000.0
2026-05-11 17:55:00,531.4000244140625,1000.0,0,0.0,1000.0
2026-05-11 18:00:00,531.22998046875,1000.0,0,0.0,1000.0
2026-05-11 18:05:00,532.5,1000.0,0,0.0,1000.0
2026-05-11 18:10:00,532.5800170898438,1000.0,0,0.0,1000.0
2026-05-11 18:15:00,532.5900268554688,1000.0,0,0.0,1000.0
2026-05-11 18:20:00,532.27001953125,1000.0,0,0.0,1000.0
2026-05-11 18:25:00,532.760009765625,1000.0,0,0.0,1000.0
2026-05-11 18:30:00,533.010009765625,1000.0,0,0.0,1000.0
2026-05-11 18:35:00,533.1649780273438,1000.0,0,0.0,1000.0
2026-05-11 18:40:00,532.7999877929688,1000.0,0,0.0,1000.0
2026-05-11 18:45:00,532.4949951171875,1000.0,0,0.0,1000.0
2026-05-11 18:50:00,533.1599731445312,1000.0,0,0.0,1000.0
2026-05-11 18:55:00,531.1900024414062,1000.0,0,0.0,1000.0
2026-05-11 19:00:00,531.1506958007812,1000.0,0,0.0,1000.0
2026-05-11 19:05:00,532.8099975585938,1000.0,0,0.0,1000.0
2026-05-11 19:10:00,531.969970703125,1000.0,0,0.0,1000.0
2026-05-11 19:15:00,531.989990234375,1000.0,0,0.0,1000.0
2026-05-11 19:20:00,531.3099975585938,1000.0,0,0.0,1000.0
2026-05-11 19:25:00,529.5900268554688,1000.0,0,0.0,1000.0
2026-05-11 19:30:00,529.56201171875,1000.0,0,0.0,1000.0
2026-05-11 19:35:00,529.530029296875,1000.0,0,0.0,1000.0
2026-05-11 19:40:00,530.3800048828125,1000.0,0,0.0,1000.0
2026-05-11 19:45:00,531.4400024414062,1000.0,0,0.0,1000.0
2026-05-11 19:50:00,532.3800048828125,1000.0,0,0.0,1000.0
2026-05-11 19:55:00,532.8699951171875,1000.0,0,0.0,1000.0
2026-05-12 13:30:00,520.1199951171875,1000.0,0,0.0,1000.0
2026-05-12 13:35:00,522.6799926757812,1000.0,0,0.0,1000.0
2026-05-12 13:40:00,523.8900146484375,1000.0,0,0.0,1000.0
2026-05-12 13:45:00,521.3800048828125,1000.0,0,0.0,1000.0
2026-05-12 13:50:00,521.6400146484375,1000.0,0,0.0,1000.0
2026-05-12 13:55:00,515.4630126953125,1000.0,0,0.0,1000.0
2026-05-12 14:00:00,516.3300170898438,1000.0,0,0.0,1000.0
2026-05-12 14:05:00,517.8499755859375,1000.0,0,0.0,1000.0
2026-05-12 14:10:00,518.8800048828125,1000.0,0,0.0,1000.0
2026-05-12 14:15:00,519.8350219726562,1000.0,0,0.0,1000.0
2026-05-12 14:20:00,517.0999755859375,1000.0,0,0.0,1000.0
2026-05-12 14:25:00,513.0650024414062,1000.0,0,0.0,1000.0
2026-05-12 14:30:00,510.04998779296875,1000.0,0,0.0,1000.0
2026-05-12 14:35:00,513.2999877929688,1000.0,0,0.0,1000.0
2026-05-12 14:40:00,511.95001220703125,1000.0,0,0.0,1000.0
2026-05-12 14:45:00,509.9700012207031,1000.0,0,0.0,1000.0
2026-05-12 14:50:00,511.4800109863281,1000.0,0,0.0,1000.0
2026-05-12 14:55:00,508.760009765625,1000.0,0,0.0,1000.0
2026-05-12 15:00:00,507.32501220703125,1000.0,0,0.0,1000.0
2026-05-12 15:05:00,508.1499938964844,1000.0,0,0.0,1000.0
2026-05-12 15:10:00,505.04998779296875,1000.0,0,0.0,1000.0
2026-05-12 15:15:00,503.8900146484375,1000.0,0,0.0,1000.0
2026-05-12 15:20:00,501.6300048828125,1000.0,0,0.0,1000.0
2026-05-12 15:25:00,500.8699951171875,1000.0,0,0.0,1000.0
2026-05-12 15:30:00,504.3800048828125,1000.0,0,0.0,1000.0
2026-05-12 15:35:00,505.0,1000.0,0,0.0,1000.0
2026-05-12 15:40:00,503.5899963378906,1000.0,0,0.0,1000.0
2026-05-12 15:45:00,503.1700134277344,1000.0,0,0.0,1000.0
2026-05-12 15:50:00,501.0199890136719,1000.0,0,0.0,1000.0
2026-05-12 15:55:00,499.239990234375,1000.0,0,0.0,1000.0
2026-05-12 16:00:00,501.4100036621094,1000.0,0,0.0,1000.0
2026-05-12 16:05:00,500.7200012207031,1000.0,0,0.0,1000.0
2026-05-12 16:10:00,502.6499938964844,1000.0,0,0.0,1000.0
2026-05-12 16:15:00,500.6099853515625,1000.0,0,0.0,1000.0
2026-05-12 16:20:00,499.5799865722656,1000.0,0,0.0,1000.0
2026-05-12 16:25:00,499.239990234375,1000.0,0,0.0,1000.0
2026-05-12 16:30:00,498.4100036621094,1000.0,0,0.0,1000.0
2026-05-12 16:35:00,498.0450134277344,1000.0,0,0.0,1000.0
2026-05-12 16:40:00,497.05999755859375,1000.0,0,0.0,1000.0
2026-05-12 16:45:00,497.2825927734375,1000.0,0,0.0,1000.0
2026-05-12 16:50:00,496.6099853515625,1000.0,0,0.0,1000.0
2026-05-12 16:55:00,496.2699890136719,1000.0,0,0.0,1000.0
2026-05-12 17:00:00,498.69000244140625,1000.0,0,0.0,1000.0
2026-05-12 17:05:00,499.6099853515625,1000.0,0,0.0,1000.0
2026-05-12 17:10:00,502.3699951171875,1000.0,0,0.0,1000.0
2026-05-12 17:15:00,503.44000244140625,1000.0,0,0.0,1000.0
2026-05-12 17:20:00,504.6600036621094,1000.0,0,0.0,1000.0
2026-05-12 17:25:00,503.55999755859375,1000.0,0,0.0,1000.0
2026-05-12 17:30:00,505.04998779296875,1000.0,0,0.0,1000.0
2026-05-12 17:35:00,503.7300109863281,1000.0,0,0.0,1000.0
2026-05-12 17:40:00,503.1600036621094,1000.0,0,0.0,1000.0
2026-05-12 17:45:00,503.45001220703125,1000.0,0,0.0,1000.0
2026-05-12 17:50:00,504.2300109863281,1000.0,0,0.0,1000.0
2026-05-12 17:55:00,504.8399963378906,1000.0,0,0.0,1000.0
2026-05-12 18:00:00,506.1400146484375,1000.0,0,0.0,1000.0
2026-05-12 18:05:00,505.5400085449219,1000.0,0,0.0,1000.0
2026-05-12 18:10:00,507.260009765625,1000.0,0,0.0,1000.0
2026-05-12 18:15:00,507.0950012207031,1000.0,0,0.0,1000.0
2026-05-12 18:20:00,506.80999755859375,1000.0,0,0.0,1000.0
2026-05-12 18:25:00,508.489990234375,1000.0,0,0.0,1000.0
2026-05-12 18:30:00,508.7099914550781,1000.0,0,0.0,1000.0
2026-05-12 18:35:00,508.4200134277344,1000.0,0,0.0,1000.0
2026-05-12 18:40:00,507.7200012207031,1000.0,0,0.0,1000.0
2026-05-12 18:45:00,507.125,1000.0,0,0.0,1000.0
2026-05-12 18:50:00,507.4100036621094,1000.0,0,0.0,1000.0
2026-05-12 18:55:00,505.760009765625,1000.0,0,0.0,1000.0
2026-05-12 19:00:00,507.4599914550781,1000.0,0,0.0,1000.0
2026-05-12 19:05:00,507.8550109863281,1000.0,0,0.0,1000.0
2026-05-12 19:10:00,510.0400085449219,1000.0,0,0.0,1000.0
2026-05-12 19:15:00,510.489990234375,1000.0,0,0.0,1000.0
2026-05-12 19:20:00,509.7300109863281,1000.0,0,0.0,1000.0
2026-05-12 19:25:00,509.8399963378906,1000.0,0,0.0,1000.0
2026-05-12 19:30:00,512.9099731445312,1000.0,0,0.0,1000.0
2026-05-12 19:35:00,513.6199951171875,1000.0,0,0.0,1000.0
2026-05-12 19:40:00,513.9199829101562,1000.0,0,0.0,1000.0
2026-05-12 19:45:00,514.6400146484375,1000.0,0,0.0,1000.0
2026-05-12 19:50:00,515.5900268554688,1000.0,0,0.0,1000.0
2026-05-12 19:55:00,516.1900024414062,1000.0,0,0.0,1000.0
2026-05-13 13:30:00,525.47998046875,1000.0,0,0.0,1000.0
2026-05-13 13:35:00,521.8599853515625,1000.0,0,0.0,1000.0
2026-05-13 13:40:00,522.9299926757812,1000.0,0,0.0,1000.0
2026-05-13 13:45:00,519.739990234375,1000.0,0,0.0,1000.0
2026-05-13 13:50:00,523.260009765625,1000.0,0,0.0,1000.0
2026-05-13 13:55:00,519.9099731445312,1000.0,0,0.0,1000.0
2026-05-13 14:00:00,520.5850219726562,1000.0,0,0.0,1000.0
2026-05-13 14:05:00,517.7999877929688,1000.0,0,0.0,1000.0
2026-05-13 14:10:00,518.7100219726562,1000.0,0,0.0,1000.0
2026-05-13 14:15:00,519.1599731445312,1000.0,0,0.0,1000.0
2026-05-13 14:20:00,522.8099975585938,1000.0,0,0.0,1000.0
2026-05-13 14:25:00,522.7951049804688,1000.0,0,0.0,1000.0
2026-05-13 14:30:00,524.635009765625,1000.0,0,0.0,1000.0
2026-05-13 14:35:00,524.3300170898438,1000.0,0,0.0,1000.0
2026-05-13 14:40:00,524.875,1000.0,0,0.0,1000.0
2026-05-13 14:45:00,524.9099731445312,1000.0,0,0.0,1000.0
2026-05-13 14:50:00,527.25,1000.0,0,0.0,1000.0
2026-05-13 14:55:00,527.1849975585938,1000.0,0,0.0,1000.0
2026-05-13 15:00:00,527.1799926757812,1000.0,0,0.0,1000.0
2026-05-13 15:05:00,527.3300170898438,1000.0,0,0.0,1000.0
2026-05-13 15:10:00,526.4600219726562,1000.0,0,0.0,1000.0
2026-05-13 15:15:00,526.5,1000.0,0,0.0,1000.0
2026-05-13 15:20:00,525.969970703125,1000.0,0,0.0,1000.0
2026-05-13 15:25:00,525.22998046875,1000.0,0,0.0,1000.0
2026-05-13 15:30:00,524.6199951171875,1000.0,0,0.0,1000.0
2026-05-13 15:35:00,524.9400024414062,1000.0,0,0.0,1000.0
2026-05-13 15:40:00,526.3699951171875,1000.0,0,0.0,1000.0
2026-05-13 15:45:00,525.6400146484375,1000.0,0,0.0,1000.0
2026-05-13 15:50:00,524.9299926757812,1000.0,0,0.0,1000.0
2026-05-13 15:55:00,523.5700073242188,1000.0,0,0.0,1000.0
2026-05-13 16:00:00,525.4299926757812,1000.0,0,0.0,1000.0
2026-05-13 16:05:00,526.0399780273438,1000.0,0,0.0,1000.0
2026-05-13 16:10:00,526.9400024414062,1000.0,0,0.0,1000.0
2026-05-13 16:15:00,526.969970703125,1000.0,0,0.0,1000.0
2026-05-13 16:20:00,528.0900268554688,1000.0,0,0.0,1000.0
2026-05-13 16:25:00,528.739990234375,1000.0,0,0.0,1000.0
2026-05-13 16:30:00,528.27001953125,1000.0,0,0.0,1000.0
2026-05-13 16:35:00,528.1400146484375,1000.0,0,0.0,1000.0
2026-05-13 16:40:00,528.0999755859375,1000.0,0,0.0,1000.0
2026-05-13 16:45:00,527.739990234375,1000.0,0,0.0,1000.0
2026-05-13 16:50:00,527.9000244140625,1000.0,0,0.0,1000.0
2026-05-13 16:55:00,527.5999755859375,1000.0,0,0.0,1000.0
2026-05-13 17:00:00,529.02001953125,1000.0,0,0.0,1000.0
2026-05-13 17:05:00,528.969970703125,1000.0,0,0.0,1000.0
2026-05-13 17:10:00,529.77001953125,1000.0,0,0.0,1000.0
2026-05-13 17:15:00,529.5700073242188,1000.0,0,0.0,1000.0
2026-05-13 17:20:00,529.4025268554688,1000.0,0,0.0,1000.0
2026-05-13 17:25:00,530.4000244140625,1000.0,0,0.0,1000.0
2026-05-13 17:30:00,529.8200073242188,1000.0,0,0.0,1000.0
2026-05-13 17:35:00,530.1950073242188,1000.0,0,0.0,1000.0
2026-05-13 17:40:00,530.5750122070312,1000.0,0,0.0,1000.0
2026-05-13 17:45:00,529.989990234375,1000.0,0,0.0,1000.0
2026-05-13 17:50:00,530.4400024414062,1000.0,0,0.0,1000.0
2026-05-13 17:55:00,529.0999755859375,1000.0,0,0.0,1000.0
2026-05-13 18:00:00,530.0150146484375,1000.0,0,0.0,1000.0
2026-05-13 18:05:00,530.2301025390625,1000.0,0,0.0,1000.0
2026-05-13 18:10:00,530.969970703125,1000.0,0,0.0,1000.0
2026-05-13 18:15:00,531.4500122070312,1000.0,0,0.0,1000.0
2026-05-13 18:20:00,531.5,1000.0,0,0.0,1000.0
2026-05-13 18:25:00,531.6099853515625,1000.0,0,0.0,1000.0
2026-05-13 18:30:00,530.8701171875,1000.0,0,0.0,1000.0
2026-05-13 18:35:00,530.4285888671875,1000.0,0,0.0,1000.0
2026-05-13 18:40:00,530.1834106445312,1000.0,0,0.0,1000.0
2026-05-13 18:45:00,529.780029296875,1000.0,0,0.0,1000.0
2026-05-13 18:50:00,528.9199829101562,1000.0,0,0.0,1000.0
2026-05-13 18:55:00,527.9149780273438,1000.0,0,0.0,1000.0
2026-05-13 19:00:00,528.6699829101562,1000.0,0,0.0,1000.0
2026-05-13 19:05:00,529.6199951171875,1000.0,0,0.0,1000.0
2026-05-13 19:10:00,529.9749755859375,1000.0,0,0.0,1000.0
2026-05-13 19:15:00,530.39501953125,1000.0,0,0.0,1000.0
2026-05-13 19:20:00,529.77001953125,1000.0,0,0.0,1000.0
2026-05-13 19:25:00,529.9000244140625,1000.0,0,0.0,1000.0
2026-05-13 19:30:00,529.0250244140625,1000.0,0,0.0,1000.0
2026-05-13 19:35:00,529.5650024414062,1000.0,0,0.0,1000.0
2026-05-13 19:40:00,529.3400268554688,1000.0,0,0.0,1000.0
2026-05-13 19:45:00,529.7999877929688,1000.0,0,0.0,1000.0
2026-05-13 19:50:00,527.1500244140625,1000.0,0,0.0,1000.0
2026-05-13 19:55:00,528.1400146484375,1000.0,0,0.0,1000.0
2026-05-14 13:30:00,525.2000122070312,1000.0,0,0.0,1000.0
2026-05-14 13:35:00,530.0599975585938,1000.0,0,0.0,1000.0
2026-05-14 13:40:00,529.9299926757812,1000.0,0,0.0,1000.0
2026-05-14 13:45:00,532.2000122070312,1000.0,0,0.0,1000.0
2026-05-14 13:50:00,530.47998046875,1000.0,0,0.0,1000.0
2026-05-14 13:55:00,528.239990234375,1000.0,0,0.0,1000.0
2026-05-14 14:00:00,529.6251220703125,1000.0,0,0.0,1000.0
2026-05-14 14:05:00,526.1599731445312,1000.0,0,0.0,1000.0
2026-05-14 14:10:00,528.72998046875,1000.0,0,0.0,1000.0
2026-05-14 14:15:00,530.6400146484375,1000.0,0,0.0,1000.0
2026-05-14 14:20:00,529.75,1000.0,0,0.0,1000.0
2026-05-14 14:25:00,529.2050170898438,1000.0,0,0.0,1000.0
2026-05-14 14:30:00,530.0900268554688,1000.0,0,0.0,1000.0
2026-05-14 14:35:00,532.5499267578125,1000.0,0,0.0,1000.0
2026-05-14 14:40:00,531.3200073242188,1000.0,0,0.0,1000.0
2026-05-14 14:45:00,531.9299926757812,1000.0,0,0.0,1000.0
2026-05-14 14:50:00,531.780029296875,1000.0,0,0.0,1000.0
2026-05-14 14:55:00,530.4849853515625,1000.0,0,0.0,1000.0
2026-05-14 15:00:00,530.5,1000.0,0,0.0,1000.0
2026-05-14 15:05:00,532.3400268554688,1000.0,0,0.0,1000.0
2026-05-14 15:10:00,532.2100219726562,1000.0,0,0.0,1000.0
2026-05-14 15:15:00,532.8300170898438,1000.0,0,0.0,1000.0
2026-05-14 15:20:00,532.260009765625,1000.0,0,0.0,1000.0
2026-05-14 15:25:00,531.8599853515625,1000.0,0,0.0,1000.0
2026-05-14 15:30:00,530.9849853515625,1000.0,0,0.0,1000.0
2026-05-14 15:35:00,531.3798828125,1000.0,0,0.0,1000.0
2026-05-14 15:40:00,531.4349975585938,1000.0,0,0.0,1000.0
2026-05-14 15:45:00,530.9495239257812,1000.0,0,0.0,1000.0
2026-05-14 15:50:00,531.6300048828125,1000.0,0,0.0,1000.0
2026-05-14 15:55:00,530.510009765625,1000.0,0,0.0,1000.0
2026-05-14 16:00:00,531.1199951171875,1000.0,0,0.0,1000.0
2026-05-14 16:05:00,530.9600219726562,1000.0,0,0.0,1000.0
2026-05-14 16:10:00,531.905029296875,1000.0,0,0.0,1000.0
2026-05-14 16:15:00,531.2100219726562,1000.0,0,0.0,1000.0
2026-05-14 16:20:00,531.7899780273438,1000.0,0,0.0,1000.0
2026-05-14 16:25:00,530.530029296875,1000.0,0,0.0,1000.0
2026-05-14 16:30:00,530.6600952148438,1000.0,0,0.0,1000.0
2026-05-14 16:35:00,530.5499877929688,1000.0,0,0.0,1000.0
2026-05-14 16:40:00,530.4500122070312,1000.0,0,0.0,1000.0
2026-05-14 16:45:00,531.1599731445312,1000.0,0,0.0,1000.0
2026-05-14 16:50:00,531.77001953125,1000.0,0,0.0,1000.0
2026-05-14 16:55:00,531.3862915039062,1000.0,0,0.0,1000.0
2026-05-14 17:00:00,532.0250244140625,1000.0,0,0.0,1000.0
2026-05-14 17:05:00,530.2310180664062,1000.0,0,0.0,1000.0
2026-05-14 17:10:00,528.4400024414062,1000.0,0,0.0,1000.0
2026-05-14 17:15:00,526.4500122070312,1000.0,0,0.0,1000.0
2026-05-14 17:20:00,526.530029296875,1000.0,0,0.0,1000.0
2026-05-14 17:25:00,527.1199951171875,1000.0,0,0.0,1000.0
2026-05-14 17:30:00,527.6699829101562,1000.0,0,0.0,1000.0
2026-05-14 17:35:00,528.5,1000.0,0,0.0,1000.0
2026-05-14 17:40:00,529.2899780273438,1000.0,0,0.0,1000.0
2026-05-14 17:45:00,530.219970703125,1000.0,0,0.0,1000.0
2026-05-14 17:50:00,531.0900268554688,1000.0,0,0.0,1000.0
2026-05-14 17:55:00,531.1400146484375,1000.0,0,0.0,1000.0
2026-05-14 18:00:00,528.8400268554688,1000.0,0,0.0,1000.0
2026-05-14 18:05:00,528.4400024414062,1000.0,0,0.0,1000.0
2026-05-14 18:10:00,530.1900024414062,1000.0,0,0.0,1000.0
2026-05-14 18:15:00,530.3400268554688,1000.0,0,0.0,1000.0
2026-05-14 18:20:00,528.530029296875,1000.0,0,0.0,1000.0
2026-05-14 18:25:00,529.6599731445312,1000.0,0,0.0,1000.0
2026-05-14 18:30:00,530.219970703125,1000.0,0,0.0,1000.0
2026-05-14 18:35:00,529.9450073242188,1000.0,0,0.0,1000.0
2026-05-14 18:40:00,529.4199829101562,1000.0,0,0.0,1000.0
2026-05-14 18:45:00,530.27001953125,1000.0,0,0.0,1000.0
2026-05-14 18:50:00,531.3499755859375,1000.0,0,0.0,1000.0
2026-05-14 18:55:00,531.530029296875,1000.0,0,0.0,1000.0
2026-05-14 19:00:00,531.6699829101562,1000.0,0,0.0,1000.0
2026-05-14 19:05:00,531.6088256835938,1000.0,0,0.0,1000.0
2026-05-14 19:10:00,531.3150024414062,1000.0,0,0.0,1000.0
2026-05-14 19:15:00,531.489990234375,1000.0,0,0.0,1000.0
2026-05-14 19:20:00,531.9600219726562,1000.0,0,0.0,1000.0
2026-05-14 19:25:00,531.1300048828125,1000.0,0,0.0,1000.0
2026-05-14 19:30:00,531.6099853515625,1000.0,0,0.0,1000.0
2026-05-14 19:35:00,532.0200805664062,1000.0,0,0.0,1000.0
2026-05-14 19:40:00,532.510009765625,1000.0,0,0.0,1000.0
2026-05-14 19:45:00,532.760009765625,1000.0,0,0.0,1000.0
2026-05-14 19:50:00,532.2000122070312,1000.0,0,0.0,1000.0
2026-05-14 19:55:00,529.780029296875,1000.0,0,0.0,1000.0
2026-05-15 13:30:00,511.864990234375,1000.0,0,0.0,1000.0
2026-05-15 13:35:00,508.8800048828125,1000.0,0,0.0,1000.0
2026-05-15 13:40:00,510.04998779296875,1000.0,0,0.0,1000.0
2026-05-15 13:45:00,510.8599853515625,1000.0,0,0.0,1000.0
2026-05-15 13:50:00,511.45001220703125,1000.0,0,0.0,1000.0
2026-05-15 13:55:00,506.5199890136719,1000.0,0,0.0,1000.0
2026-05-15 14:00:00,507.1600036621094,1000.0,0,0.0,1000.0
2026-05-15 14:05:00,509.6499938964844,1000.0,0,0.0,1000.0
2026-05-15 14:10:00,513.611328125,1000.0,0,0.0,1000.0
2026-05-15 14:15:00,516.0,1000.0,0,0.0,1000.0
2026-05-15 14:20:00,514.7899780273438,1000.0,0,0.0,1000.0
2026-05-15 14:25:00,512.8699951171875,1000.0,0,0.0,1000.0
2026-05-15 14:30:00,513.8499755859375,1000.0,0,0.0,1000.0
2026-05-15 14:35:00,512.8099975585938,1000.0,0,0.0,1000.0
2026-05-15 14:40:00,514.239990234375,1000.0,0,0.0,1000.0
2026-05-15 14:45:00,511.7099914550781,1000.0,0,0.0,1000.0
2026-05-15 14:50:00,511.1600036621094,1000.0,0,0.0,1000.0
2026-05-15 14:55:00,510.2799987792969,1000.0,0,0.0,1000.0
2026-05-15 15:00:00,510.6700134277344,1000.0,0,0.0,1000.0
2026-05-15 15:05:00,512.280029296875,1000.0,0,0.0,1000.0
2026-05-15 15:10:00,511.19000244140625,1000.0,0,0.0,1000.0
2026-05-15 15:15:00,511.3900146484375,1000.0,0,0.0,1000.0
2026-05-15 15:20:00,512.77001953125,1000.0,0,0.0,1000.0
2026-05-15 15:25:00,513.780029296875,1000.0,0,0.0,1000.0
2026-05-15 15:30:00,514.2650146484375,1000.0,0,0.0,1000.0
2026-05-15 15:35:00,515.0349731445312,1000.0,0,0.0,1000.0
2026-05-15 15:40:00,513.7999877929688,1000.0,0,0.0,1000.0
2026-05-15 15:45:00,513.3699951171875,1000.0,0,0.0,1000.0
2026-05-15 15:50:00,512.1300048828125,1000.0,0,0.0,1000.0
2026-05-15 15:55:00,512.97998046875,1000.0,0,0.0,1000.0
2026-05-15 16:00:00,513.280029296875,1000.0,0,0.0,1000.0
2026-05-15 16:05:00,513.3049926757812,1000.0,0,0.0,1000.0
2026-05-15 16:10:00,513.0399780273438,1000.0,0,0.0,1000.0
2026-05-15 16:15:00,512.0999755859375,1000.0,0,0.0,1000.0
2026-05-15 16:20:00,513.3499755859375,1000.0,0,0.0,1000.0
2026-05-15 16:25:00,513.4000244140625,1000.0,0,0.0,1000.0
2026-05-15 16:30:00,513.89501953125,1000.0,0,0.0,1000.0
2026-05-15 16:35:00,513.7899780273438,1000.0,0,0.0,1000.0
2026-05-15 16:40:00,514.8900146484375,1000.0,0,0.0,1000.0
2026-05-15 16:45:00,514.0850219726562,1000.0,0,0.0,1000.0
2026-05-15 16:50:00,512.4600219726562,1000.0,0,0.0,1000.0
2026-05-15 16:55:00,513.3499755859375,1000.0,0,0.0,1000.0
2026-05-15 17:00:00,513.5800170898438,1000.0,0,0.0,1000.0
2026-05-15 17:05:00,513.8200073242188,1000.0,0,0.0,1000.0
2026-05-15 17:10:00,514.1699829101562,1000.0,0,0.0,1000.0
2026-05-15 17:15:00,513.9249877929688,1000.0,0,0.0,1000.0
2026-05-15 17:20:00,514.79248046875,1000.0,0,0.0,1000.0
2026-05-15 17:25:00,515.5700073242188,1000.0,0,0.0,1000.0
2026-05-15 17:30:00,515.9799194335938,1000.0,0,0.0,1000.0
2026-05-15 17:35:00,516.8250122070312,1000.0,0,0.0,1000.0
2026-05-15 17:40:00,516.2100219726562,1000.0,0,0.0,1000.0
2026-05-15 17:45:00,515.8150024414062,1000.0,0,0.0,1000.0
2026-05-15 17:50:00,516.969970703125,1000.0,0,0.0,1000.0
2026-05-15 17:55:00,517.625,1000.0,0,0.0,1000.0
2026-05-15 18:00:00,518.3049926757812,1000.0,0,0.0,1000.0
2026-05-15 18:05:00,518.1300048828125,1000.0,0,0.0,1000.0
2026-05-15 18:10:00,518.2100219726562,1000.0,0,0.0,1000.0
2026-05-15 18:15:00,515.8499755859375,1000.0,0,0.0,1000.0
2026-05-15 18:20:00,517.0800170898438,1000.0,0,0.0,1000.0
2026-05-15 18:25:00,515.530029296875,1000.0,0,0.0,1000.0
2026-05-15 18:30:00,514.8099975585938,1000.0,0,0.0,1000.0
2026-05-15 18:35:00,516.0150146484375,1000.0,0,0.0,1000.0
2026-05-15 18:40:00,515.469970703125,1000.0,0,0.0,1000.0
2026-05-15 18:45:00,515.52001953125,1000.0,0,0.0,1000.0
2026-05-15 18:50:00,516.4299926757812,1000.0,0,0.0,1000.0
2026-05-15 18:55:00,516.3099975585938,1000.0,0,0.0,1000.0
2026-05-15 19:00:00,515.4500122070312,1000.0,0,0.0,1000.0
2026-05-15 19:05:00,514.02001953125,1000.0,0,0.0,1000.0
2026-05-15 19:10:00,513.9550170898438,1000.0,0,0.0,1000.0
2026-05-15 19:15:00,513.280029296875,1000.0,0,0.0,1000.0
2026-05-15 19:20:00,512.7000122070312,1000.0,0,0.0,1000.0
2026-05-15 19:25:00,512.8599853515625,1000.0,0,0.0,1000.0
2026-05-15 19:30:00,513.77001953125,1000.0,0,0.0,1000.0
2026-05-15 19:35:00,514.0549926757812,1000.0,0,0.0,1000.0
2026-05-15 19:40:00,512.8300170898438,1000.0,0,0.0,1000.0
2026-05-15 19:45:00,512.6300048828125,1000.0,0,0.0,1000.0
2026-05-15 19:50:00,510.7650146484375,1000.0,0,0.0,1000.0
2026-05-15 19:55:00,508.79998779296875,1000.0,0,0.0,1000.0
2026-05-18 13:30:00,515.0,1000.0,0,0.0,1000.0
2026-05-18 13:35:00,509.7900085449219,1000.0,0,0.0,1000.0
2026-05-18 13:40:00,504.05999755859375,1000.0,0,0.0,1000.0
2026-05-18 13:45:00,501.5899963378906,1000.0,0,0.0,1000.0
2026-05-18 13:50:00,506.2900085449219,1000.0,0,0.0,1000.0
2026-05-18 13:55:00,503.04998779296875,1000.0,0,0.0,1000.0
2026-05-18 14:00:00,499.9100036621094,1000.0,0,0.0,1000.0
2026-05-18 14:05:00,503.2099914550781,1000.0,0,0.0,1000.0
2026-05-18 14:10:00,504.2300109863281,1000.0,0,0.0,1000.0
2026-05-18 14:15:00,501.5299987792969,1000.0,0,0.0,1000.0
2026-05-18 14:20:00,500.03009033203125,1000.0,0,0.0,1000.0
2026-05-18 14:25:00,497.9750061035156,1000.0,0,0.0,1000.0
2026-05-18 14:30:00,494.8500061035156,1000.0,0,0.0,1000.0
2026-05-18 14:35:00,496.1199951171875,1000.0,0,0.0,1000.0
2026-05-18 14:40:00,496.2650146484375,1000.0,0,0.0,1000.0
2026-05-18 14:45:00,493.45001220703125,1000.0,0,0.0,1000.0
2026-05-18 14:50:00,495.4849853515625,1000.0,0,0.0,1000.0
2026-05-18 14:55:00,496.95001220703125,1000.0,0,0.0,1000.0
2026-05-18 15:00:00,500.2300109863281,1000.0,0,0.0,1000.0
2026-05-18 15:05:00,496.3599853515625,1000.0,0,0.0,1000.0
2026-05-18 15:10:00,498.42999267578125,1000.0,0,0.0,1000.0
2026-05-18 15:15:00,496.07000732421875,1000.0,0,0.0,1000.0
2026-05-18 15:20:00,496.42498779296875,1000.0,0,0.0,1000.0
2026-05-18 15:25:00,495.0,1000.0,0,0.0,1000.0
2026-05-18 15:30:00,496.9501037597656,1000.0,0,0.0,1000.0
2026-05-18 15:35:00,498.0350036621094,1000.0,0,0.0,1000.0
2026-05-18 15:40:00,498.0,1000.0,0,0.0,1000.0
2026-05-18 15:45:00,497.95001220703125,1000.0,0,0.0,1000.0
2026-05-18 15:50:00,497.8949890136719,1000.0,0,0.0,1000.0
2026-05-18 15:55:00,496.4800109863281,1000.0,0,0.0,1000.0
2026-05-18 16:00:00,495.1600036621094,1000.0,0,0.0,1000.0
2026-05-18 16:05:00,495.2900085449219,1000.0,0,0.0,1000.0
2026-05-18 16:10:00,495.8349914550781,1000.0,0,0.0,1000.0
2026-05-18 16:15:00,495.8900146484375,1000.0,0,0.0,1000.0
2026-05-18 16:20:00,494.3999938964844,1000.0,0,0.0,1000.0
2026-05-18 16:25:00,490.9049987792969,1000.0,0,0.0,1000.0
2026-05-18 16:30:00,491.3399963378906,1000.0,0,0.0,1000.0
2026-05-18 16:35:00,492.2799987792969,1000.0,0,0.0,1000.0
2026-05-18 16:40:00,492.80999755859375,1000.0,0,0.0,1000.0
2026-05-18 16:45:00,492.25,1000.0,0,0.0,1000.0
2026-05-18 16:50:00,495.7099914550781,1000.0,0,0.0,1000.0
2026-05-18 16:55:00,495.04998779296875,1000.0,0,0.0,1000.0
2026-05-18 17:00:00,494.6050109863281,1000.0,0,0.0,1000.0
2026-05-18 17:05:00,494.04998779296875,1000.0,0,0.0,1000.0
2026-05-18 17:10:00,493.6400146484375,1000.0,0,0.0,1000.0
2026-05-18 17:15:00,493.2799987792969,1000.0,0,0.0,1000.0
2026-05-18 17:20:00,492.25,1000.0,0,0.0,1000.0
2026-05-18 17:25:00,493.2699890136719,1000.0,0,0.0,1000.0
2026-05-18 17:30:00,492.427490234375,1000.0,0,0.0,1000.0
2026-05-18 17:35:00,492.2550048828125,1000.0,0,0.0,1000.0
2026-05-18 17:40:00,493.5799865722656,1000.0,0,0.0,1000.0
2026-05-18 17:45:00,491.79998779296875,1000.0,0,0.0,1000.0
2026-05-18 17:50:00,492.54998779296875,1000.0,0,0.0,1000.0
2026-05-18 17:55:00,492.9200134277344,1000.0,0,0.0,1000.0
2026-05-18 18:00:00,491.0299987792969,1000.0,0,0.0,1000.0
2026-05-18 18:05:00,490.4599914550781,1000.0,0,0.0,1000.0
2026-05-18 18:10:00,490.08990478515625,1000.0,0,0.0,1000.0
2026-05-18 18:15:00,488.6300048828125,1000.0,0,0.0,1000.0
2026-05-18 18:20:00,488.3550109863281,1000.0,0,0.0,1000.0
2026-05-18 18:25:00,489.1099853515625,1000.0,0,0.0,1000.0
2026-05-18 18:30:00,488.82501220703125,1000.0,0,0.0,1000.0
2026-05-18 18:35:00,487.94000244140625,1000.0,0,0.0,1000.0
2026-05-18 18:40:00,489.010009765625,1000.0,0,0.0,1000.0
2026-05-18 18:45:00,487.4453125,1000.0,0,0.0,1000.0
2026-05-18 18:50:00,487.635009765625,1000.0,0,0.0,1000.0
2026-05-18 18:55:00,489.135009765625,1000.0,0,0.0,1000.0
2026-05-18 19:00:00,492.4750061035156,1000.0,0,0.0,1000.0
2026-05-18 19:05:00,491.7099914550781,1000.0,0,0.0,1000.0
2026-05-18 19:10:00,491.68499755859375,1000.0,0,0.0,1000.0
2026-05-18 19:15:00,490.3450012207031,1000.0,0,0.0,1000.0
2026-05-18 19:20:00,490.0950012207031,1000.0,0,0.0,1000.0
2026-05-18 19:25:00,489.69000244140625,1000.0,0,0.0,1000.0
2026-05-18 19:30:00,490.17059326171875,1000.0,0,0.0,1000.0
2026-05-18 19:35:00,493.17999267578125,1000.0,0,0.0,1000.0
2026-05-18 19:40:00,494.4800109863281,1000.0,0,0.0,1000.0
2026-05-18 19:45:00,495.79998779296875,1000.0,0,0.0,1000.0
2026-05-18 19:50:00,497.16009521484375,1000.0,0,0.0,1000.0
2026-05-18 19:55:00,495.9800109863281,1000.0,0,0.0,1000.0
2026-05-19 13:30:00,492.1643981933594,1000.0,0,0.0,1000.0
2026-05-19 13:35:00,497.1499938964844,1000.0,0,0.0,1000.0
2026-05-19 13:40:00,492.3999938964844,1000.0,0,0.0,1000.0
2026-05-19 13:45:00,490.06500244140625,1000.0,0,0.0,1000.0
2026-05-19 13:50:00,492.06500244140625,1000.0,0,0.0,1000.0
2026-05-19 13:55:00,487.8500061035156,1000.0,0,0.0,1000.0
2026-05-19 14:00:00,486.8900146484375,1000.0,0,0.0,1000.0
2026-05-19 14:05:00,482.260009765625,1000.0,0,0.0,1000.0
2026-05-19 14:10:00,480.57000732421875,1000.0,0,0.0,1000.0
2026-05-19 14:15:00,479.2900085449219,1000.0,0,0.0,1000.0
2026-05-19 14:20:00,481.114990234375,1000.0,0,0.0,1000.0
2026-05-19 14:25:00,481.6300048828125,1000.0,0,0.0,1000.0
2026-05-19 14:30:00,481.0199890136719,1000.0,0,0.0,1000.0
2026-05-19 14:35:00,484.5299987792969,1000.0,0,0.0,1000.0
2026-05-19 14:40:00,482.7300109863281,1000.0,0,0.0,1000.0
2026-05-19 14:45:00,482.05999755859375,1000.0,0,0.0,1000.0
2026-05-19 14:50:00,484.760009765625,1000.0,0,0.0,1000.0
2026-05-19 14:55:00,486.2799987792969,1000.0,0,0.0,1000.0
2026-05-19 15:00:00,486.739990234375,1000.0,0,0.0,1000.0
2026-05-19 15:05:00,485.32000732421875,1000.0,0,0.0,1000.0
2026-05-19 15:10:00,487.7200012207031,1000.0,0,0.0,1000.0
2026-05-19 15:15:00,487.54998779296875,1000.0,0,0.0,1000.0
2026-05-19 15:20:00,486.989990234375,1000.0,0,0.0,1000.0
2026-05-19 15:25:00,488.4800109863281,1000.0,0,0.0,1000.0
2026-05-19 15:30:00,489.8999938964844,1000.0,0,0.0,1000.0
2026-05-19 15:35:00,491.54998779296875,1000.0,0,0.0,1000.0
2026-05-19 15:40:00,493.0400085449219,1000.0,0,0.0,1000.0
2026-05-19 15:45:00,492.05999755859375,1000.0,0,0.0,1000.0
2026-05-19 15:50:00,491.5050048828125,1000.0,0,0.0,1000.0
2026-05-19 15:55:00,491.9700012207031,1000.0,0,0.0,1000.0
2026-05-19 16:00:00,494.1099853515625,1000.0,0,0.0,1000.0
2026-05-19 16:05:00,492.6700134277344,1000.0,0,0.0,1000.0
2026-05-19 16:10:00,492.82000732421875,1000.0,0,0.0,1000.0
2026-05-19 16:15:00,493.8399963378906,1000.0,0,0.0,1000.0
2026-05-19 16:20:00,494.6700134277344,1000.0,0,0.0,1000.0
2026-05-19 16:25:00,497.2099914550781,1000.0,0,0.0,1000.0
2026-05-19 16:30:00,498.7699890136719,1000.0,0,0.0,1000.0
2026-05-19 16:35:00,499.8450012207031,1000.0,0,0.0,1000.0
2026-05-19 16:40:00,500.75,1000.0,0,0.0,1000.0
2026-05-19 16:45:00,499.30999755859375,1000.0,0,0.0,1000.0
2026-05-19 16:50:00,500.4800109863281,1000.0,0,0.0,1000.0
2026-05-19 16:55:00,500.3500061035156,1000.0,0,0.0,1000.0
2026-05-19 17:00:00,501.69000244140625,1000.0,0,0.0,1000.0
2026-05-19 17:05:00,502.4100036621094,1000.0,0,0.0,1000.0
2026-05-19 17:10:00,503.0199890136719,1000.0,0,0.0,1000.0
2026-05-19 17:15:00,505.1099853515625,1000.0,0,0.0,1000.0
2026-05-19 17:20:00,504.9750061035156,1000.0,0,0.0,1000.0
2026-05-19 17:25:00,503.8800048828125,1000.0,0,0.0,1000.0
2026-05-19 17:30:00,503.8699951171875,1000.0,0,0.0,1000.0
2026-05-19 17:35:00,504.3800048828125,1000.0,0,0.0,1000.0
2026-05-19 17:40:00,503.7900085449219,1000.0,0,0.0,1000.0
2026-05-19 17:45:00,502.7099914550781,1000.0,0,0.0,1000.0
2026-05-19 17:50:00,501.29998779296875,1000.0,0,0.0,1000.0
2026-05-19 17:55:00,503.0299987792969,1000.0,0,0.0,1000.0
2026-05-19 18:00:00,503.8999938964844,1000.0,0,0.0,1000.0
2026-05-19 18:05:00,504.0603942871094,1000.0,0,0.0,1000.0
2026-05-19 18:10:00,503.7300109863281,1000.0,0,0.0,1000.0
2026-05-19 18:15:00,502.45001220703125,1000.0,0,0.0,1000.0
2026-05-19 18:20:00,501.30999755859375,1000.0,0,0.0,1000.0
2026-05-19 18:25:00,501.0350036621094,1000.0,0,0.0,1000.0
2026-05-19 18:30:00,501.3699951171875,1000.0,0,0.0,1000.0
2026-05-19 18:35:00,500.4849853515625,1000.0,0,0.0,1000.0
2026-05-19 18:40:00,500.6449890136719,1000.0,0,0.0,1000.0
2026-05-19 18:45:00,501.1000061035156,1000.0,0,0.0,1000.0
2026-05-19 18:50:00,499.82000732421875,1000.0,0,0.0,1000.0
2026-05-19 18:55:00,499.1400146484375,1000.0,0,0.0,1000.0
2026-05-19 19:00:00,500.3900146484375,1000.0,0,0.0,1000.0
2026-05-19 19:05:00,501.1600036621094,1000.0,0,0.0,1000.0
2026-05-19 19:10:00,503.0299987792969,1000.0,0,0.0,1000.0
2026-05-19 19:15:00,500.0199890136719,1000.0,0,0.0,1000.0
2026-05-19 19:20:00,497.8699951171875,1000.0,0,0.0,1000.0
2026-05-19 19:25:00,499.3900146484375,1000.0,0,0.0,1000.0
2026-05-19 19:30:00,499.2539978027344,1000.0,0,0.0,1000.0
2026-05-19 19:35:00,498.1899108886719,1000.0,0,0.0,1000.0
2026-05-19 19:40:00,497.4599914550781,1000.0,0,0.0,1000.0
2026-05-19 19:45:00,496.1700134277344,1000.0,0,0.0,1000.0
2026-05-19 19:50:00,494.9700012207031,1000.0,0,0.0,1000.0
2026-05-19 19:55:00,496.7699890136719,1000.0,0,0.0,1000.0
2026-05-20 13:30:00,509.8999938964844,1000.0,0,0.0,1000.0
2026-05-20 13:35:00,508.6499938964844,1000.0,0,0.0,1000.0
2026-05-20 13:40:00,512.239990234375,1000.0,0,0.0,1000.0
2026-05-20 13:45:00,511.681884765625,1000.0,0,0.0,1000.0
2026-05-20 13:50:00,509.2799987792969,1000.0,0,0.0,1000.0
2026-05-20 13:55:00,511.3949890136719,1000.0,0,0.0,1000.0
2026-05-20 14:00:00,511.5199890136719,1000.0,0,0.0,1000.0
2026-05-20 14:05:00,512.9462280273438,1000.0,0,0.0,1000.0
2026-05-20 14:10:00,512.7000122070312,1000.0,0,0.0,1000.0
2026-05-20 14:15:00,514.1500244140625,1000.0,0,0.0,1000.0
2026-05-20 14:20:00,514.3250122070312,1000.0,0,0.0,1000.0
2026-05-20 14:25:00,516.4199829101562,1000.0,0,0.0,1000.0
2026-05-20 14:30:00,515.364990234375,1000.0,0,0.0,1000.0
2026-05-20 14:35:00,514.969970703125,1000.0,0,0.0,1000.0
2026-05-20 14:40:00,515.7999877929688,1000.0,0,0.0,1000.0
2026-05-20 14:45:00,514.2650146484375,1000.0,0,0.0,1000.0
2026-05-20 14:50:00,515.3300170898438,1000.0,0,0.0,1000.0
2026-05-20 14:55:00,515.22998046875,1000.0,0,0.0,1000.0
2026-05-20 15:00:00,514.7249755859375,1000.0,0,0.0,1000.0
2026-05-20 15:05:00,515.969970703125,1000.0,0,0.0,1000.0
2026-05-20 15:10:00,515.905029296875,1000.0,0,0.0,1000.0
2026-05-20 15:15:00,518.1099853515625,1000.0,0,0.0,1000.0
2026-05-20 15:20:00,516.8499755859375,1000.0,0,0.0,1000.0
2026-05-20 15:25:00,516.8499755859375,1000.0,0,0.0,1000.0
2026-05-20 15:30:00,517.52001953125,1000.0,0,0.0,1000.0
2026-05-20 15:35:00,517.3150024414062,1000.0,0,0.0,1000.0
2026-05-20 15:40:00,517.1699829101562,1000.0,0,0.0,1000.0
2026-05-20 15:45:00,517.739990234375,1000.0,0,0.0,1000.0
2026-05-20 15:50:00,518.239990234375,1000.0,0,0.0,1000.0
2026-05-20 15:55:00,518.2849731445312,1000.0,0,0.0,1000.0
2026-05-20 16:00:00,517.1199951171875,1000.0,0,0.0,1000.0
2026-05-20 16:05:00,517.0399780273438,1000.0,0,0.0,1000.0
2026-05-20 16:10:00,516.0399780273438,1000.0,0,0.0,1000.0
2026-05-20 16:15:00,513.9739990234375,1000.0,0,0.0,1000.0
2026-05-20 16:20:00,513.510009765625,1000.0,0,0.0,1000.0
2026-05-20 16:25:00,514.0733032226562,1000.0,0,0.0,1000.0
2026-05-20 16:30:00,514.719970703125,1000.0,0,0.0,1000.0
2026-05-20 16:35:00,514.1199951171875,1000.0,0,0.0,1000.0
2026-05-20 16:40:00,515.8599853515625,1000.0,0,0.0,1000.0
2026-05-20 16:45:00,515.2999877929688,1000.0,0,0.0,1000.0
2026-05-20 16:50:00,515.8599853515625,1000.0,0,0.0,1000.0
2026-05-20 16:55:00,515.1134033203125,1000.0,0,0.0,1000.0
2026-05-20 17:00:00,514.8499755859375,1000.0,0,0.0,1000.0
2026-05-20 17:05:00,514.8499755859375,1000.0,0,0.0,1000.0
2026-05-20 17:10:00,515.7349853515625,1000.0,0,0.0,1000.0
2026-05-20 17:15:00,515.1500244140625,1000.0,0,0.0,1000.0
2026-05-20 17:20:00,515.4000244140625,1000.0,0,0.0,1000.0
2026-05-20 17:25:00,516.0900268554688,1000.0,0,0.0,1000.0
2026-05-20 17:30:00,515.5549926757812,1000.0,0,0.0,1000.0
2026-05-20 17:35:00,515.6749877929688,1000.0,0,0.0,1000.0
2026-05-20 17:40:00,515.4099731445312,1000.0,0,0.0,1000.0
2026-05-20 17:45:00,515.8200073242188,1000.0,0,0.0,1000.0
2026-05-20 17:50:00,516.010009765625,1000.0,0,0.0,1000.0
2026-05-20 17:55:00,516.75,1000.0,0,0.0,1000.0
2026-05-20 18:00:00,517.6699829101562,1000.0,0,0.0,1000.0
2026-05-20 18:05:00,517.1300048828125,1000.0,0,0.0,1000.0
2026-05-20 18:10:00,516.719970703125,1000.0,0,0.0,1000.0
2026-05-20 18:15:00,516.3400268554688,1000.0,0,0.0,1000.0
2026-05-20 18:20:00,515.7470092773438,1000.0,0,0.0,1000.0
2026-05-20 18:25:00,516.4299926757812,1000.0,0,0.0,1000.0
2026-05-20 18:30:00,516.4979858398438,1000.0,0,0.0,1000.0
2026-05-20 18:35:00,517.280029296875,1000.0,0,0.0,1000.0
2026-05-20 18:40:00,516.3400268554688,1000.0,0,0.0,1000.0
2026-05-20 18:45:00,516.1199951171875,1000.0,0,0.0,1000.0
2026-05-20 18:50:00,515.9000244140625,1000.0,0,0.0,1000.0
2026-05-20 18:55:00,515.7800903320312,1000.0,0,0.0,1000.0
2026-05-20 19:00:00,517.0,1000.0,0,0.0,1000.0
2026-05-20 19:05:00,518.3499755859375,1000.0,0,0.0,1000.0
2026-05-20 19:10:00,518.2750244140625,1000.0,0,0.0,1000.0
2026-05-20 19:15:00,518.260009765625,1000.0,0,0.0,1000.0
2026-05-20 19:20:00,518.8699951171875,1000.0,0,0.0,1000.0
2026-05-20 19:25:00,518.6199951171875,1000.0,0,0.0,1000.0
2026-05-20 19:30:00,519.2100219726562,1000.0,0,0.0,1000.0
2026-05-20 19:35:00,518.7999877929688,1000.0,0,0.0,1000.0
2026-05-20 19:40:00,518.0999755859375,1000.0,0,0.0,1000.0
2026-05-20 19:45:00,518.5900268554688,1000.0,0,0.0,1000.0
2026-05-20 19:50:00,518.7150268554688,1000.0,0,0.0,1000.0
2026-05-20 19:55:00,520.0800170898438,1000.0,0,0.0,1000.0
2026-05-21 13:30:00,521.4000244140625,1000.0,0,0.0,1000.0
2026-05-21 13:35:00,519.9600219726562,1000.0,0,0.0,1000.0
2026-05-21 13:40:00,520.9500122070312,1000.0,0,0.0,1000.0
2026-05-21 13:45:00,520.8599853515625,1000.0,0,0.0,1000.0
2026-05-21 13:50:00,522.8800048828125,1000.0,0,0.0,1000.0
2026-05-21 13:55:00,523.52001953125,1000.0,0,0.0,1000.0
2026-05-21 14:00:00,524.7999877929688,1000.0,0,0.0,1000.0
2026-05-21 14:05:00,523.9299926757812,1000.0,0,0.0,1000.0
2026-05-21 14:10:00,522.0850219726562,1000.0,0,0.0,1000.0
2026-05-21 14:15:00,518.3201293945312,1000.0,0,0.0,1000.0
2026-05-21 14:20:00,517.4249877929688,1000.0,0,0.0,1000.0
2026-05-21 14:25:00,518.0599975585938,1000.0,0,0.0,1000.0
2026-05-21 14:30:00,518.7100219726562,1000.0,0,0.0,1000.0
2026-05-21 14:35:00,520.3062744140625,1000.0,0,0.0,1000.0
2026-05-21 14:40:00,520.2000122070312,1000.0,0,0.0,1000.0
2026-05-21 14:45:00,517.9749755859375,1000.0,0,0.0,1000.0
2026-05-21 14:50:00,518.3436279296875,1000.0,0,0.0,1000.0
2026-05-21 14:55:00,518.1300048828125,1000.0,0,0.0,1000.0
2026-05-21 15:00:00,517.0349731445312,1000.0,0,0.0,1000.0
2026-05-21 15:05:00,515.85498046875,1000.0,0,0.0,1000.0
2026-05-21 15:10:00,517.8300170898438,1000.0,0,0.0,1000.0
2026-05-21 15:15:00,517.64501953125,1000.0,0,0.0,1000.0
2026-05-21 15:20:00,518.14501953125,1000.0,0,0.0,1000.0
2026-05-21 15:25:00,517.5700073242188,1000.0,0,0.0,1000.0
2026-05-21 15:30:00,515.9400024414062,1000.0,0,0.0,1000.0
2026-05-21 15:35:00,518.094970703125,1000.0,0,0.0,1000.0
2026-05-21 15:40:00,518.22998046875,1000.0,0,0.0,1000.0
2026-05-21 15:45:00,519.52001953125,1000.0,0,0.0,1000.0
2026-05-21 15:50:00,519.239990234375,1000.0,0,0.0,1000.0
2026-05-21 15:55:00,518.27001953125,1000.0,0,0.0,1000.0
2026-05-21 16:00:00,519.510009765625,1000.0,0,0.0,1000.0
2026-05-21 16:05:00,520.5850219726562,1000.0,0,0.0,1000.0
2026-05-21 16:10:00,519.6900024414062,1000.0,0,0.0,1000.0
2026-05-21 16:15:00,518.969970703125,1000.0,0,0.0,1000.0
2026-05-21 16:20:00,518.6599731445312,1000.0,0,0.0,1000.0
2026-05-21 16:25:00,518.8599853515625,1000.0,0,0.0,1000.0
2026-05-21 16:30:00,519.9099731445312,1000.0,0,0.0,1000.0
2026-05-21 16:35:00,519.6199951171875,1000.0,0,0.0,1000.0
2026-05-21 16:40:00,519.3400268554688,1000.0,0,0.0,1000.0
2026-05-21 16:45:00,518.8699951171875,1000.0,0,0.0,1000.0
2026-05-21 16:50:00,519.030029296875,1000.0,0,0.0,1000.0
2026-05-21 16:55:00,519.5,1000.0,0,0.0,1000.0
2026-05-21 17:00:00,519.8599853515625,1000.0,0,0.0,1000.0
2026-05-21 17:05:00,520.4199829101562,1000.0,0,0.0,1000.0
2026-05-21 17:10:00,521.4451293945312,1000.0,0,0.0,1000.0
2026-05-21 17:15:00,523.344970703125,1000.0,0,0.0,1000.0
2026-05-21 17:20:00,523.1950073242188,1000.0,0,0.0,1000.0
2026-05-21 17:25:00,522.989990234375,1000.0,0,0.0,1000.0
2026-05-21 17:30:00,523.9099731445312,1000.0,0,0.0,1000.0
2026-05-21 17:35:00,524.2960815429688,1000.0,0,0.0,1000.0
2026-05-21 17:40:00,524.8099975585938,1000.0,0,0.0,1000.0
2026-05-21 17:45:00,525.3099975585938,1000.0,0,0.0,1000.0
2026-05-21 17:50:00,526.47998046875,1000.0,0,0.0,1000.0
2026-05-21 17:55:00,524.7753295898438,1000.0,0,0.0,1000.0
2026-05-21 18:00:00,524.1699829101562,1000.0,0,0.0,1000.0
2026-05-21 18:05:00,524.2550048828125,1000.0,0,0.0,1000.0
2026-05-21 18:10:00,523.2999877929688,1000.0,0,0.0,1000.0
2026-05-21 18:15:00,523.9099731445312,1000.0,0,0.0,1000.0
2026-05-21 18:20:00,523.9099731445312,1000.0,0,0.0,1000.0
2026-05-21 18:25:00,523.9000244140625,1000.0,0,0.0,1000.0
2026-05-21 18:30:00,523.52001953125,1000.0,0,0.0,1000.0
2026-05-21 18:35:00,522.780029296875,1000.0,0,0.0,1000.0
2026-05-21 18:40:00,523.0800170898438,1000.0,0,0.0,1000.0
2026-05-21 18:45:00,521.4749755859375,1000.0,0,0.0,1000.0
2026-05-21 18:50:00,519.6300048828125,1000.0,0,0.0,1000.0
2026-05-21 18:55:00,520.9299926757812,1000.0,0,0.0,1000.0
2026-05-21 19:00:00,521.47998046875,1000.0,0,0.0,1000.0
2026-05-21 19:05:00,522.2050170898438,1000.0,0,0.0,1000.0
2026-05-21 19:10:00,522.780029296875,1000.0,0,0.0,1000.0
2026-05-21 19:15:00,523.1599731445312,1000.0,0,0.0,1000.0
2026-05-21 19:20:00,523.3200073242188,1000.0,0,0.0,1000.0
2026-05-21 19:25:00,523.2999877929688,1000.0,0,0.0,1000.0
2026-05-21 19:30:00,521.9387817382812,1000.0,0,0.0,1000.0
2026-05-21 19:35:00,522.9000244140625,1000.0,0,0.0,1000.0
2026-05-21 19:40:00,522.6599731445312,1000.0,0,0.0,1000.0
2026-05-21 19:45:00,523.0999755859375,1000.0,0,0.0,1000.0
2026-05-21 19:50:00,524.5700073242188,1000.0,0,0.0,1000.0
2026-05-21 19:55:00,525.0850219726562,1000.0,0,0.0,1000.0
2026-05-22 13:30:00,533.6099853515625,1000.0,0,0.0,1000.0
2026-05-22 13:35:00,534.5399780273438,1000.0,0,0.0,1000.0
2026-05-22 13:40:00,534.0549926757812,1000.0,0,0.0,1000.0
2026-05-22 13:45:00,534.1900024414062,1000.0,0,0.0,1000.0
2026-05-22 13:50:00,535.0599975585938,1000.0,0,0.0,1000.0
2026-05-22 13:55:00,536.5399780273438,1000.0,0,0.0,1000.0
2026-05-22 14:00:00,534.885009765625,1000.0,0,0.0,1000.0
2026-05-22 14:05:00,535.5900268554688,1000.0,0,0.0,1000.0
2026-05-22 14:10:00,536.5150146484375,1000.0,0,0.0,1000.0
2026-05-22 14:15:00,534.8099975585938,1000.0,0,0.0,1000.0
2026-05-22 14:20:00,533.5800170898438,1000.0,0,0.0,1000.0
2026-05-22 14:25:00,535.9600219726562,1000.0,0,0.0,1000.0
2026-05-22 14:30:00,537.530029296875,1000.0,0,0.0,1000.0
2026-05-22 14:35:00,537.6500244140625,1000.0,0,0.0,1000.0
2026-05-22 14:40:00,538.6199951171875,1000.0,0,0.0,1000.0
2026-05-22 14:45:00,537.9199829101562,1000.0,0,0.0,1000.0
2026-05-22 14:50:00,536.9099731445312,1000.0,0,0.0,1000.0
2026-05-22 14:55:00,537.9600219726562,1000.0,0,0.0,1000.0
2026-05-22 15:00:00,539.02001953125,1000.0,0,0.0,1000.0
2026-05-22 15:05:00,539.6400146484375,1000.0,0,0.0,1000.0
2026-05-22 15:10:00,539.280029296875,1000.0,0,0.0,1000.0
2026-05-22 15:15:00,539.60498046875,1000.0,0,0.0,1000.0
2026-05-22 15:20:00,538.6300048828125,1000.0,0,0.0,1000.0
2026-05-22 15:25:00,539.3300170898438,1000.0,0,0.0,1000.0
2026-05-22 15:30:00,538.8350219726562,1000.0,0,0.0,1000.0
2026-05-22 15:35:00,539.1599731445312,1000.0,0,0.0,1000.0
2026-05-22 15:40:00,539.239990234375,1000.0,0,0.0,1000.0
2026-05-22 15:45:00,538.0499877929688,1000.0,0,0.0,1000.0
2026-05-22 15:50:00,538.9000244140625,1000.0,0,0.0,1000.0
2026-05-22 15:55:00,538.52001953125,1000.0,0,0.0,1000.0
2026-05-22 16:00:00,538.530029296875,1000.0,0,0.0,1000.0
2026-05-22 16:05:00,538.77001953125,1000.0,0,0.0,1000.0
2026-05-22 16:10:00,539.3499755859375,1000.0,0,0.0,1000.0
2026-05-22 16:15:00,538.0,1000.0,0,0.0,1000.0
2026-05-22 16:20:00,538.0399780273438,1000.0,0,0.0,1000.0
2026-05-22 16:25:00,539.0399780273438,1000.0,0,0.0,1000.0
2026-05-22 16:30:00,538.239990234375,1000.0,0,0.0,1000.0
2026-05-22 16:35:00,538.6900024414062,1000.0,0,0.0,1000.0
2026-05-22 16:40:00,538.780029296875,1000.0,0,0.0,1000.0
2026-05-22 16:45:00,539.1900024414062,1000.0,0,0.0,1000.0
2026-05-22 16:50:00,539.5499877929688,1000.0,0,0.0,1000.0
2026-05-22 16:55:00,540.0800170898438,1000.0,0,0.0,1000.0
2026-05-22 17:00:00,541.2050170898438,1000.0,0,0.0,1000.0
2026-05-22 17:05:00,541.3150024414062,1000.0,0,0.0,1000.0
2026-05-22 17:10:00,540.780029296875,1000.0,0,0.0,1000.0
2026-05-22 17:15:00,539.60498046875,1000.0,0,0.0,1000.0
2026-05-22 17:20:00,540.8499755859375,1000.0,0,0.0,1000.0
2026-05-22 17:25:00,541.5150146484375,1000.0,0,0.0,1000.0
2026-05-22 17:30:00,540.469970703125,1000.0,0,0.0,1000.0
2026-05-22 17:35:00,540.9199829101562,1000.0,0,0.0,1000.0
2026-05-22 17:40:00,540.510009765625,1000.0,0,0.0,1000.0
2026-05-22 17:45:00,540.6500244140625,1000.0,0,0.0,1000.0
2026-05-22 17:50:00,540.5225219726562,1000.0,0,0.0,1000.0
2026-05-22 17:55:00,540.890625,1000.0,0,0.0,1000.0
2026-05-22 18:00:00,540.780029296875,1000.0,0,0.0,1000.0
2026-05-22 18:05:00,541.0850219726562,1000.0,0,0.0,1000.0
2026-05-22 18:10:00,540.5399780273438,1000.0,0,0.0,1000.0
2026-05-22 18:15:00,540.239990234375,1000.0,0,0.0,1000.0
2026-05-22 18:20:00,540.4650268554688,1000.0,0,0.0,1000.0
2026-05-22 18:25:00,540.1599731445312,1000.0,0,0.0,1000.0
2026-05-22 18:30:00,539.3250122070312,1000.0,0,0.0,1000.0
2026-05-22 18:35:00,539.2550048828125,1000.0,0,0.0,1000.0
2026-05-22 18:40:00,539.905029296875,1000.0,0,0.0,1000.0
2026-05-22 18:45:00,539.530029296875,1000.0,0,0.0,1000.0
2026-05-22 18:50:00,539.8200073242188,1000.0,0,0.0,1000.0
2026-05-22 18:55:00,539.4500122070312,1000.0,0,0.0,1000.0
2026-05-22 19:00:00,537.9500122070312,1000.0,0,0.0,1000.0
2026-05-22 19:05:00,537.6900024414062,1000.0,0,0.0,1000.0
2026-05-22 19:10:00,537.6312255859375,1000.0,0,0.0,1000.0
2026-05-22 19:15:00,537.5499877929688,1000.0,0,0.0,1000.0
2026-05-22 19:20:00,536.5,1000.0,0,0.0,1000.0
2026-05-22 19:25:00,536.25,1000.0,0,0.0,1000.0
2026-05-22 19:30:00,537.030029296875,1000.0,0,0.0,1000.0
2026-05-22 19:35:00,537.5700073242188,1000.0,0,0.0,1000.0
2026-05-22 19:40:00,537.0650024414062,1000.0,0,0.0,1000.0
2026-05-22 19:45:00,537.3049926757812,1000.0,0,0.0,1000.0
2026-05-22 19:50:00,536.52001953125,1000.0,0,0.0,1000.0
2026-05-22 19:55:00,537.0700073242188,1000.0,0,0.0,1000.0
2026-05-26 13:30:00,556.0399780273438,1000.0,0,0.0,1000.0
2026-05-26 13:35:00,559.9459228515625,1000.0,0,0.0,1000.0
2026-05-26 13:40:00,561.219970703125,1000.0,0,0.0,1000.0
2026-05-26 13:45:00,563.0599975585938,1000.0,0,0.0,1000.0
2026-05-26 13:50:00,563.8400268554688,1000.0,0,0.0,1000.0
2026-05-26 13:55:00,564.3499755859375,1000.0,0,0.0,1000.0
2026-05-26 14:00:00,562.9400024414062,1000.0,0,0.0,1000.0
2026-05-26 14:05:00,564.22998046875,1000.0,0,0.0,1000.0
2026-05-26 14:10:00,565.8499755859375,1000.0,0,0.0,1000.0
2026-05-26 14:15:00,566.8800048828125,1000.0,0,0.0,1000.0
2026-05-26 14:20:00,567.8900146484375,1000.0,0,0.0,1000.0
2026-05-26 14:25:00,567.9500122070312,1000.0,0,0.0,1000.0
2026-05-26 14:30:00,569.6300048828125,1000.0,0,0.0,1000.0
2026-05-26 14:35:00,570.4099731445312,1000.0,0,0.0,1000.0
2026-05-26 14:40:00,570.530029296875,1000.0,0,0.0,1000.0
2026-05-26 14:45:00,568.625,1000.0,0,0.0,1000.0
2026-05-26 14:50:00,569.010009765625,1000.0,0,0.0,1000.0
2026-05-26 14:55:00,567.6519775390625,1000.0,0,0.0,1000.0
2026-05-26 15:00:00,566.9920043945312,1000.0,0,0.0,1000.0
2026-05-26 15:05:00,566.5499877929688,1000.0,0,0.0,1000.0
2026-05-26 15:10:00,567.2899169921875,1000.0,0,0.0,1000.0
2026-05-26 15:15:00,565.7100219726562,1000.0,0,0.0,1000.0
2026-05-26 15:20:00,565.0900268554688,1000.0,0,0.0,1000.0
2026-05-26 15:25:00,564.5750122070312,1000.0,0,0.0,1000.0
2026-05-26 15:30:00,563.989990234375,1000.0,0,0.0,1000.0
2026-05-26 15:35:00,562.9099731445312,1000.0,0,0.0,1000.0
2026-05-26 15:40:00,563.0700073242188,1000.0,0,0.0,1000.0
2026-05-26 15:45:00,561.27001953125,1000.0,0,0.0,1000.0
2026-05-26 15:50:00,559.6300048828125,1000.0,0,0.0,1000.0
2026-05-26 15:55:00,560.6799926757812,1000.0,0,0.0,1000.0
2026-05-26 16:00:00,563.47998046875,1000.0,0,0.0,1000.0
2026-05-26 16:05:00,562.9774780273438,1000.0,0,0.0,1000.0
2026-05-26 16:10:00,563.3599853515625,1000.0,0,0.0,1000.0
2026-05-26 16:15:00,563.219970703125,1000.0,0,0.0,1000.0
2026-05-26 16:20:00,564.6300048828125,1000.0,0,0.0,1000.0
2026-05-26 16:25:00,565.0399780273438,1000.0,0,0.0,1000.0
2026-05-26 16:30:00,565.1400146484375,1000.0,0,0.0,1000.0
2026-05-26 16:35:00,564.6400146484375,1000.0,0,0.0,1000.0
2026-05-26 16:40:00,563.260009765625,1000.0,0,0.0,1000.0
2026-05-26 16:45:00,563.2598876953125,1000.0,0,0.0,1000.0
2026-05-26 16:50:00,564.1300048828125,1000.0,0,0.0,1000.0
2026-05-26 16:55:00,564.9099731445312,1000.0,0,0.0,1000.0
2026-05-26 17:00:00,565.989990234375,1000.0,0,0.0,1000.0
2026-05-26 17:05:00,565.0401000976562,1000.0,0,0.0,1000.0
2026-05-26 17:10:00,565.6950073242188,1000.0,0,0.0,1000.0
2026-05-26 17:15:00,564.9450073242188,1000.0,0,0.0,1000.0
2026-05-26 17:20:00,564.8200073242188,1000.0,0,0.0,1000.0
2026-05-26 17:25:00,565.7150268554688,1000.0,0,0.0,1000.0
2026-05-26 17:30:00,566.2249755859375,1000.0,0,0.0,1000.0
2026-05-26 17:35:00,566.2899780273438,1000.0,0,0.0,1000.0
2026-05-26 17:40:00,566.3900146484375,1000.0,0,0.0,1000.0
2026-05-26 17:45:00,567.739990234375,1000.0,0,0.0,1000.0
2026-05-26 17:50:00,567.593017578125,1000.0,0,0.0,1000.0
2026-05-26 17:55:00,567.4500122070312,1000.0,0,0.0,1000.0
2026-05-26 18:00:00,568.0650024414062,1000.0,0,0.0,1000.0
2026-05-26 18:05:00,567.6849975585938,1000.0,0,0.0,1000.0
2026-05-26 18:10:00,567.5399780273438,1000.0,0,0.0,1000.0
2026-05-26 18:15:00,567.8300170898438,1000.0,0,0.0,1000.0
2026-05-26 18:20:00,568.2100219726562,1000.0,0,0.0,1000.0
2026-05-26 18:25:00,569.0700073242188,1000.0,0,0.0,1000.0
2026-05-26 18:30:00,569.3300170898438,1000.0,0,0.0,1000.0
2026-05-26 18:35:00,568.5800170898438,1000.0,0,0.0,1000.0
2026-05-26 18:40:00,568.3300170898438,1000.0,0,0.0,1000.0
2026-05-26 18:45:00,568.0900268554688,1000.0,0,0.0,1000.0
2026-05-26 18:50:00,568.9199829101562,1000.0,0,0.0,1000.0
2026-05-26 18:55:00,567.8300170898438,1000.0,0,0.0,1000.0
2026-05-26 19:00:00,568.330078125,1000.0,0,0.0,1000.0
2026-05-26 19:05:00,570.0250244140625,1000.0,0,0.0,1000.0
2026-05-26 19:10:00,570.3499145507812,1000.0,0,0.0,1000.0
2026-05-26 19:15:00,570.6699829101562,1000.0,0,0.0,1000.0
2026-05-26 19:20:00,570.8400268554688,1000.0,0,0.0,1000.0
2026-05-26 19:25:00,570.5115966796875,1000.0,0,0.0,1000.0
2026-05-26 19:30:00,570.6300048828125,1000.0,0,0.0,1000.0
2026-05-26 19:35:00,571.35498046875,1000.0,0,0.0,1000.0
2026-05-26 19:40:00,571.469970703125,1000.0,0,0.0,1000.0
2026-05-26 19:45:00,572.0200805664062,1000.0,0,0.0,1000.0
2026-05-26 19:50:00,572.4000244140625,1000.0,0,0.0,1000.0
2026-05-26 19:55:00,570.2849731445312,1000.0,0,0.0,1000.0
2026-05-27 13:30:00,577.1699829101562,1000.0,0,0.0,1000.0
2026-05-27 13:35:00,568.8400268554688,1000.0,0,0.0,1000.0
2026-05-27 13:40:00,561.8800048828125,1000.0,0,0.0,1000.0
2026-05-27 13:45:00,563.5900268554688,1000.0,0,0.0,1000.0
2026-05-27 13:50:00,565.9500122070312,1000.0,0,0.0,1000.0
2026-05-27 13:55:00,567.4000244140625,1000.0,0,0.0,1000.0
2026-05-27 14:00:00,566.094970703125,1000.0,0,0.0,1000.0
2026-05-27 14:05:00,562.7849731445312,1000.0,0,0.0,1000.0
2026-05-27 14:10:00,560.7100219726562,1000.0,0,0.0,1000.0
2026-05-27 14:15:00,560.969970703125,1000.0,0,0.0,1000.0
2026-05-27 14:20:00,557.6649780273438,1000.0,0,0.0,1000.0
2026-05-27 14:25:00,553.9249877929688,1000.0,0,0.0,1000.0
2026-05-27 14:30:00,555.760009765625,1000.0,0,0.0,1000.0
2026-05-27 14:35:00,557.6300048828125,1000.0,0,0.0,1000.0
2026-05-27 14:40:00,558.22998046875,1000.0,0,0.0,1000.0
2026-05-27 14:45:00,557.510009765625,1000.0,0,0.0,1000.0
2026-05-27 14:50:00,559.5,1000.0,0,0.0,1000.0
2026-05-27 14:55:00,555.8599853515625,1000.0,0,0.0,1000.0
2026-05-27 15:00:00,554.469970703125,1000.0,0,0.0,1000.0
2026-05-27 15:05:00,556.5700073242188,1000.0,0,0.0,1000.0
2026-05-27 15:10:00,556.6500244140625,1000.0,0,0.0,1000.0
2026-05-27 15:15:00,554.0750122070312,1000.0,0,0.0,1000.0
2026-05-27 15:20:00,554.9550170898438,1000.0,0,0.0,1000.0
2026-05-27 15:25:00,556.7849731445312,1000.0,0,0.0,1000.0
2026-05-27 15:30:00,557.8200073242188,1000.0,0,0.0,1000.0
2026-05-27 15:35:00,554.389892578125,1000.0,0,0.0,1000.0
2026-05-27 15:40:00,554.969970703125,1000.0,0,0.0,1000.0
2026-05-27 15:45:00,554.530029296875,1000.0,0,0.0,1000.0
2026-05-27 15:50:00,555.239990234375,1000.0,0,0.0,1000.0
2026-05-27 15:55:00,556.72998046875,1000.0,0,0.0,1000.0
2026-05-27 16:00:00,557.22998046875,1000.0,0,0.0,1000.0
2026-05-27 16:05:00,558.9450073242188,1000.0,0,0.0,1000.0
2026-05-27 16:10:00,561.0,1000.0,0,0.0,1000.0
2026-05-27 16:15:00,560.8099975585938,1000.0,0,0.0,1000.0
2026-05-27 16:20:00,562.2000122070312,1000.0,0,0.0,1000.0
2026-05-27 16:25:00,560.719970703125,1000.0,0,0.0,1000.0
2026-05-27 16:30:00,560.4500122070312,1000.0,0,0.0,1000.0
2026-05-27 16:35:00,560.72998046875,1000.0,0,0.0,1000.0
2026-05-27 16:40:00,561.9749755859375,1000.0,0,0.0,1000.0
2026-05-27 16:45:00,562.8400268554688,1000.0,0,0.0,1000.0
2026-05-27 16:50:00,560.97998046875,1000.0,0,0.0,1000.0
2026-05-27 16:55:00,559.7000122070312,1000.0,0,0.0,1000.0
2026-05-27 17:00:00,559.2650146484375,1000.0,0,0.0,1000.0
2026-05-27 17:05:00,556.0,1000.0,0,0.0,1000.0
2026-05-27 17:10:00,556.7000122070312,1000.0,0,0.0,1000.0
2026-05-27 17:15:00,558.4249877929688,1000.0,0,0.0,1000.0
2026-05-27 17:20:00,560.3499755859375,1000.0,0,0.0,1000.0
2026-05-27 17:25:00,559.989990234375,1000.0,0,0.0,1000.0
2026-05-27 17:30:00,559.97998046875,1000.0,0,0.0,1000.0
2026-05-27 17:35:00,559.3300170898438,1000.0,0,0.0,1000.0
2026-05-27 17:40:00,558.5900268554688,1000.0,0,0.0,1000.0
2026-05-27 17:45:00,559.8049926757812,1000.0,0,0.0,1000.0
2026-05-27 17:50:00,560.27001953125,1000.0,0,0.0,1000.0
2026-05-27 17:55:00,559.5999755859375,1000.0,0,0.0,1000.0
2026-05-27 18:00:00,560.0499877929688,1000.0,0,0.0,1000.0
2026-05-27 18:05:00,560.27001953125,1000.0,0,0.0,1000.0
2026-05-27 18:10:00,560.030029296875,1000.0,0,0.0,1000.0
2026-05-27 18:15:00,559.760009765625,1000.0,0,0.0,1000.0
2026-05-27 18:20:00,560.9349975585938,1000.0,0,0.0,1000.0
2026-05-27 18:25:00,562.2550048828125,1000.0,0,0.0,1000.0
2026-05-27 18:30:00,562.35498046875,1000.0,0,0.0,1000.0
2026-05-27 18:35:00,561.85009765625,1000.0,0,0.0,1000.0
2026-05-27 18:40:00,562.3150024414062,1000.0,0,0.0,1000.0
2026-05-27 18:45:00,561.72998046875,1000.0,0,0.0,1000.0
2026-05-27 18:50:00,561.7999877929688,1000.0,0,0.0,1000.0
2026-05-27 18:55:00,561.5850219726562,1000.0,0,0.0,1000.0
2026-05-27 19:00:00,562.3099975585938,1000.0,0,0.0,1000.0
2026-05-27 19:05:00,561.4299926757812,1000.0,0,0.0,1000.0
2026-05-27 19:10:00,561.469970703125,1000.0,0,0.0,1000.0
2026-05-27 19:15:00,561.9199829101562,1000.0,0,0.0,1000.0
2026-05-27 19:20:00,562.7899780273438,1000.0,0,0.0,1000.0
2026-05-27 19:25:00,560.9600830078125,1000.0,0,0.0,1000.0
2026-05-27 19:30:00,562.4400024414062,1000.0,0,0.0,1000.0
2026-05-27 19:35:00,563.4000244140625,1000.0,0,0.0,1000.0
2026-05-27 19:40:00,563.72998046875,1000.0,0,0.0,1000.0
2026-05-27 19:45:00,563.3900146484375,1000.0,0,0.0,1000.0
2026-05-27 19:50:00,563.1799926757812,1000.0,0,0.0,1000.0
2026-05-27 19:55:00,563.610595703125,1000.0,0,0.0,1000.0
2026-05-28 13:30:00,562.8900146484375,1000.0,0,0.0,1000.0
2026-05-28 13:35:00,561.27001953125,1000.0,0,0.0,1000.0
2026-05-28 13:40:00,559.47998046875,1000.0,0,0.0,1000.0
2026-05-28 13:45:00,555.72998046875,1000.0,0,0.0,1000.0
2026-05-28 13:50:00,556.1300048828125,1000.0,0,0.0,1000.0
2026-05-28 13:55:00,556.9000244140625,1000.0,0,0.0,1000.0
2026-05-28 14:00:00,555.969970703125,1000.0,0,0.0,1000.0
2026-05-28 14:05:00,559.5750122070312,1000.0,0,0.0,1000.0
2026-05-28 14:10:00,564.2899780273438,1000.0,0,0.0,1000.0
2026-05-28 14:15:00,563.4500122070312,1000.0,0,0.0,1000.0
2026-05-28 14:20:00,560.1699829101562,1000.0,0,0.0,1000.0
2026-05-28 14:25:00,562.60498046875,1000.0,0,0.0,1000.0
2026-05-28 14:30:00,561.780029296875,1000.0,0,0.0,1000.0
2026-05-28 14:35:00,563.5599975585938,1000.0,0,0.0,1000.0
2026-05-28 14:40:00,563.6799926757812,1000.0,0,0.0,1000.0
2026-05-28 14:45:00,563.4896850585938,1000.0,0,0.0,1000.0
2026-05-28 14:50:00,564.5800170898438,1000.0,0,0.0,1000.0
2026-05-28 14:55:00,566.2949829101562,1000.0,0,0.0,1000.0
2026-05-28 15:00:00,568.8599853515625,1000.0,0,0.0,1000.0
2026-05-28 15:05:00,570.5499877929688,1000.0,0,0.0,1000.0
2026-05-28 15:10:00,569.3511962890625,1000.0,0,0.0,1000.0
2026-05-28 15:15:00,569.8400268554688,1000.0,0,0.0,1000.0
2026-05-28 15:20:00,570.4400024414062,1000.0,0,0.0,1000.0
2026-05-28 15:25:00,572.2999877929688,1000.0,0,0.0,1000.0
2026-05-28 15:30:00,573.7550048828125,1000.0,0,0.0,1000.0
2026-05-28 15:35:00,572.9600219726562,1000.0,0,0.0,1000.0
2026-05-28 15:40:00,571.489990234375,1000.0,0,0.0,1000.0
2026-05-28 15:45:00,570.9299926757812,1000.0,0,0.0,1000.0
2026-05-28 15:50:00,571.6799926757812,1000.0,0,0.0,1000.0
2026-05-28 15:55:00,571.8200073242188,1000.0,0,0.0,1000.0
2026-05-28 16:00:00,571.27001953125,1000.0,0,0.0,1000.0
2026-05-28 16:05:00,572.0900268554688,1000.0,0,0.0,1000.0
2026-05-28 16:10:00,572.1900024414062,1000.0,0,0.0,1000.0
2026-05-28 16:15:00,573.0399780273438,1000.0,0,0.0,1000.0
2026-05-28 16:20:00,573.6599731445312,1000.0,0,0.0,1000.0
2026-05-28 16:25:00,573.72998046875,1000.0,0,0.0,1000.0
2026-05-28 16:30:00,573.1699829101562,1000.0,0,0.0,1000.0
2026-05-28 16:35:00,574.010009765625,1000.0,0,0.0,1000.0
2026-05-28 16:40:00,574.510009765625,1000.0,0,0.0,1000.0
2026-05-28 16:45:00,575.0700073242188,1000.0,0,0.0,1000.0
2026-05-28 16:50:00,574.5650024414062,1000.0,0,0.0,1000.0
2026-05-28 16:55:00,575.739990234375,1000.0,0,0.0,1000.0
2026-05-28 17:00:00,575.4547729492188,1000.0,0,0.0,1000.0
2026-05-28 17:05:00,575.1525268554688,1000.0,0,0.0,1000.0
2026-05-28 17:10:00,575.010009765625,1000.0,0,0.0,1000.0
2026-05-28 17:15:00,573.8350219726562,1000.0,0,0.0,1000.0
2026-05-28 17:20:00,573.6754760742188,1000.0,0,0.0,1000.0
2026-05-28 17:25:00,572.3400268554688,1000.0,0,0.0,1000.0
2026-05-28 17:30:00,570.8599853515625,1000.0,0,0.0,1000.0
2026-05-28 17:35:00,572.5250244140625,1000.0,0,0.0,1000.0
2026-05-28 17:40:00,572.8530883789062,1000.0,0,0.0,1000.0
2026-05-28 17:45:00,572.6799926757812,1000.0,0,0.0,1000.0
2026-05-28 17:50:00,572.9500122070312,1000.0,0,0.0,1000.0
2026-05-28 17:55:00,572.1900024414062,1000.0,0,0.0,1000.0
2026-05-28 18:00:00,572.89501953125,1000.0,0,0.0,1000.0
2026-05-28 18:05:00,572.7899169921875,1000.0,0,0.0,1000.0
2026-05-28 18:10:00,571.5900268554688,1000.0,0,0.0,1000.0
2026-05-28 18:15:00,572.27001953125,1000.0,0,0.0,1000.0
2026-05-28 18:20:00,573.1799926757812,1000.0,0,0.0,1000.0
2026-05-28 18:25:00,572.77001953125,1000.0,0,0.0,1000.0
2026-05-28 18:30:00,571.864990234375,1000.0,0,0.0,1000.0
2026-05-28 18:35:00,571.1749877929688,1000.0,0,0.0,1000.0
2026-05-28 18:40:00,571.1799926757812,1000.0,0,0.0,1000.0
2026-05-28 18:45:00,569.989990234375,1000.0,0,0.0,1000.0
2026-05-28 18:50:00,571.4099731445312,1000.0,0,0.0,1000.0
2026-05-28 18:55:00,570.969970703125,1000.0,0,0.0,1000.0
2026-05-28 19:00:00,571.239990234375,1000.0,0,0.0,1000.0
2026-05-28 19:05:00,572.0499877929688,1000.0,0,0.0,1000.0
2026-05-28 19:10:00,570.655029296875,1000.0,0,0.0,1000.0
2026-05-28 19:15:00,569.7999877929688,1000.0,0,0.0,1000.0
2026-05-28 19:20:00,569.8400268554688,1000.0,0,0.0,1000.0
2026-05-28 19:25:00,570.280029296875,1000.0,0,0.0,1000.0
2026-05-28 19:30:00,570.22998046875,1000.0,0,0.0,1000.0
2026-05-28 19:35:00,571.2550048828125,1000.0,0,0.0,1000.0
2026-05-28 19:40:00,570.8599853515625,1000.0,0,0.0,1000.0
2026-05-28 19:45:00,570.9199829101562,1000.0,0,0.0,1000.0
2026-05-28 19:50:00,569.8599853515625,1000.0,0,0.0,1000.0
2026-05-28 19:55:00,569.6799926757812,1000.0,0,0.0,1000.0
2026-05-29 13:30:00,574.0700073242188,1000.0,0,0.0,1000.0
2026-05-29 13:35:00,577.5250244140625,1000.0,0,0.0,1000.0
2026-05-29 13:40:00,577.4199829101562,1000.0,0,0.0,1000.0
2026-05-29 13:45:00,580.260009765625,1000.0,0,0.0,1000.0
2026-05-29 13:50:00,580.1699829101562,1000.0,0,0.0,1000.0
2026-05-29 13:55:00,580.5250244140625,1000.0,0,0.0,1000.0
2026-05-29 14:00:00,578.989990234375,1000.0,0,0.0,1000.0
2026-05-29 14:05:00,577.719970703125,1000.0,0,0.0,1000.0
2026-05-29 14:10:00,577.6400146484375,1000.0,0,0.0,1000.0
2026-05-29 14:15:00,575.4500122070312,1000.0,0,0.0,1000.0
2026-05-29 14:20:00,573.4500122070312,1000.0,0,0.0,1000.0
2026-05-29 14:25:00,572.6900024414062,1000.0,0,0.0,1000.0
2026-05-29 14:30:00,573.875,1000.0,0,0.0,1000.0
2026-05-29 14:35:00,569.02001953125,1000.0,0,0.0,1000.0
2026-05-29 14:40:00,565.3400268554688,1000.0,0,0.0,1000.0
2026-05-29 14:45:00,567.489990234375,1000.0,0,0.0,1000.0
2026-05-29 14:50:00,570.010009765625,1000.0,0,0.0,1000.0
2026-05-29 14:55:00,569.9400024414062,1000.0,0,0.0,1000.0
2026-05-29 15:00:00,569.2949829101562,1000.0,0,0.0,1000.0
2026-05-29 15:05:00,569.27001953125,1000.0,0,0.0,1000.0
2026-05-29 15:10:00,570.9000244140625,1000.0,0,0.0,1000.0
2026-05-29 15:15:00,569.8599853515625,1000.0,0,0.0,1000.0
2026-05-29 15:20:00,569.9349975585938,1000.0,0,0.0,1000.0
2026-05-29 15:25:00,570.0050048828125,1000.0,0,0.0,1000.0
2026-05-29 15:30:00,570.239990234375,1000.0,0,0.0,1000.0
2026-05-29 15:35:00,570.25,1000.0,0,0.0,1000.0
2026-05-29 15:40:00,569.1699829101562,1000.0,0,0.0,1000.0
2026-05-29 15:45:00,568.7575073242188,1000.0,0,0.0,1000.0
2026-05-29 15:50:00,568.7750854492188,1000.0,0,0.0,1000.0
2026-05-29 15:55:00,567.8300170898438,1000.0,0,0.0,1000.0
2026-05-29 16:00:00,569.2025146484375,1000.0,0,0.0,1000.0
2026-05-29 16:05:00,570.4349975585938,1000.0,0,0.0,1000.0
2026-05-29 16:10:00,569.9249877929688,1000.0,0,0.0,1000.0
2026-05-29 16:15:00,569.1649780273438,1000.0,0,0.0,1000.0
2026-05-29 16:20:00,570.155029296875,1000.0,0,0.0,1000.0
2026-05-29 16:25:00,569.030029296875,1000.0,0,0.0,1000.0
2026-05-29 16:30:00,568.4949951171875,1000.0,0,0.0,1000.0
2026-05-29 16:35:00,568.5900268554688,1000.0,0,0.0,1000.0
2026-05-29 16:40:00,568.3900146484375,1000.0,0,0.0,1000.0
2026-05-29 16:45:00,569.2650146484375,1000.0,0,0.0,1000.0
2026-05-29 16:50:00,569.030029296875,1000.0,0,0.0,1000.0
2026-05-29 16:55:00,569.4500122070312,1000.0,0,0.0,1000.0
2026-05-29 17:00:00,568.9600219726562,1000.0,0,0.0,1000.0
2026-05-29 17:05:00,568.9500122070312,1000.0,0,0.0,1000.0
2026-05-29 17:10:00,568.7899780273438,1000.0,0,0.0,1000.0
2026-05-29 17:15:00,568.6099853515625,1000.0,0,0.0,1000.0
2026-05-29 17:20:00,567.9500122070312,1000.0,0,0.0,1000.0
2026-05-29 17:25:00,567.6400146484375,1000.0,0,0.0,1000.0
2026-05-29 17:30:00,567.719970703125,1000.0,0,0.0,1000.0
2026-05-29 17:35:00,567.7899780273438,1000.0,0,0.0,1000.0
2026-05-29 17:40:00,566.27001953125,1000.0,0,0.0,1000.0
2026-05-29 17:45:00,566.0499877929688,1000.0,0,0.0,1000.0
2026-05-29 17:50:00,565.6649780273438,1000.0,0,0.0,1000.0
2026-05-29 17:55:00,564.9400024414062,1000.0,0,0.0,1000.0
2026-05-29 18:00:00,566.0599975585938,1000.0,0,0.0,1000.0
2026-05-29 18:05:00,567.3400268554688,1000.0,0,0.0,1000.0
2026-05-29 18:10:00,566.8300170898438,1000.0,0,0.0,1000.0
2026-05-29 18:15:00,567.1400146484375,1000.0,0,0.0,1000.0
2026-05-29 18:20:00,567.3400268554688,1000.0,0,0.0,1000.0
2026-05-29 18:25:00,567.97998046875,1000.0,0,0.0,1000.0
2026-05-29 18:30:00,568.5,1000.0,0,0.0,1000.0
2026-05-29 18:35:00,567.4749755859375,1000.0,0,0.0,1000.0
2026-05-29 18:40:00,568.4398803710938,1000.0,0,0.0,1000.0
2026-05-29 18:45:00,566.9600219726562,1000.0,0,0.0,1000.0
2026-05-29 18:50:00,567.0499877929688,1000.0,0,0.0,1000.0
2026-05-29 18:55:00,566.0900268554688,1000.0,0,0.0,1000.0
2026-05-29 19:00:00,566.3300170898438,1000.0,0,0.0,1000.0
2026-05-29 19:05:00,567.2650146484375,1000.0,0,0.0,1000.0
2026-05-29 19:10:00,566.8250122070312,1000.0,0,0.0,1000.0
2026-05-29 19:15:00,566.5499877929688,1000.0,0,0.0,1000.0
2026-05-29 19:20:00,566.35498046875,1000.0,0,0.0,1000.0
2026-05-29 19:25:00,566.780029296875,1000.0,0,0.0,1000.0
2026-05-29 19:30:00,567.9199829101562,1000.0,0,0.0,1000.0
2026-05-29 19:35:00,569.0900268554688,1000.0,0,0.0,1000.0
2026-05-29 19:40:00,569.6099853515625,1000.0,0,0.0,1000.0
2026-05-29 19:45:00,569.8049926757812,1000.0,0,0.0,1000.0
2026-05-29 19:50:00,568.5800170898438,1000.0,0,0.0,1000.0
2026-05-29 19:55:00,569.1199951171875,1000.0,0,0.0,1000.0
2026-06-01 13:30:00,566.5700073242188,1000.0,0,0.0,1000.0
2026-06-01 13:35:00,569.875,1000.0,0,0.0,1000.0
2026-06-01 13:40:00,566.9099731445312,1000.0,0,0.0,1000.0
2026-06-01 13:45:00,564.885009765625,1000.0,0,0.0,1000.0
2026-06-01 13:50:00,561.4249877929688,1000.0,0,0.0,1000.0
2026-06-01 13:55:00,558.2899780273438,1000.0,0,0.0,1000.0
2026-06-01 14:00:00,558.0650024414062,1000.0,0,0.0,1000.0
2026-06-01 14:05:00,561.7000122070312,1000.0,0,0.0,1000.0
2026-06-01 14:10:00,560.6546020507812,1000.0,0,0.0,1000.0
2026-06-01 14:15:00,562.9600219726562,1000.0,0,0.0,1000.0
2026-06-01 14:20:00,566.469970703125,1000.0,0,0.0,1000.0
2026-06-01 14:25:00,566.3298950195312,1000.0,0,0.0,1000.0
2026-06-01 14:30:00,568.7000122070312,1000.0,0,0.0,1000.0
2026-06-01 14:35:00,567.52001953125,1000.0,0,0.0,1000.0
2026-06-01 14:40:00,567.469970703125,1000.0,0,0.0,1000.0
2026-06-01 14:45:00,568.1926879882812,1000.0,0,0.0,1000.0
2026-06-01 14:50:00,568.8400268554688,1000.0,0,0.0,1000.0
2026-06-01 14:55:00,568.0499877929688,1000.0,0,0.0,1000.0
2026-06-01 15:00:00,568.469970703125,1000.0,0,0.0,1000.0
2026-06-01 15:05:00,569.530029296875,1000.0,0,0.0,1000.0
2026-06-01 15:10:00,570.1799926757812,1000.0,0,0.0,1000.0
2026-06-01 15:15:00,570.969970703125,1000.0,0,0.0,1000.0
2026-06-01 15:20:00,571.6599731445312,1000.0,0,0.0,1000.0
2026-06-01 15:25:00,572.27001953125,1000.0,0,0.0,1000.0
2026-06-01 15:30:00,573.27099609375,1000.0,0,0.0,1000.0
2026-06-01 15:35:00,573.60498046875,1000.0,0,0.0,1000.0
2026-06-01 15:40:00,573.7899780273438,1000.0,0,0.0,1000.0
2026-06-01 15:45:00,572.1799926757812,1000.0,0,0.0,1000.0
2026-06-01 15:50:00,572.8023071289062,1000.0,0,0.0,1000.0
2026-06-01 15:55:00,570.780029296875,1000.0,0,0.0,1000.0
2026-06-01 16:00:00,571.22998046875,1000.0,0,0.0,1000.0
2026-06-01 16:05:00,571.630126953125,1000.0,0,0.0,1000.0
2026-06-01 16:10:00,570.5999755859375,1000.0,0,0.0,1000.0
2026-06-01 16:15:00,571.1400146484375,1000.0,0,0.0,1000.0
2026-06-01 16:20:00,572.0,1000.0,0,0.0,1000.0
2026-06-01 16:25:00,572.0349731445312,1000.0,0,0.0,1000.0
2026-06-01 16:30:00,572.0,1000.0,0,0.0,1000.0
2026-06-01 16:35:00,572.7899780273438,1000.0,0,0.0,1000.0
2026-06-01 16:40:00,572.010009765625,1000.0,0,0.0,1000.0
2026-06-01 16:45:00,572.280029296875,1000.0,0,0.0,1000.0
2026-06-01 16:50:00,574.1998901367188,1000.0,0,0.0,1000.0
2026-06-01 16:55:00,574.5800170898438,1000.0,0,0.0,1000.0
2026-06-01 17:00:00,573.0999755859375,1000.0,0,0.0,1000.0
2026-06-01 17:05:00,573.2349853515625,1000.0,0,0.0,1000.0
2026-06-01 17:10:00,573.8400268554688,1000.0,0,0.0,1000.0
2026-06-01 17:15:00,574.0499877929688,1000.0,0,0.0,1000.0
2026-06-01 17:20:00,573.8900146484375,1000.0,0,0.0,1000.0
2026-06-01 17:25:00,574.9733276367188,1000.0,0,0.0,1000.0
2026-06-01 17:30:00,574.3400268554688,1000.0,0,0.0,1000.0
2026-06-01 17:35:00,575.0999755859375,1000.0,0,0.0,1000.0
2026-06-01 17:40:00,575.9177856445312,1000.0,0,0.0,1000.0
2026-06-01 17:45:00,577.1799926757812,1000.0,0,0.0,1000.0
2026-06-01 17:50:00,577.2899780273438,1000.0,0,0.0,1000.0
2026-06-01 17:55:00,577.0800170898438,1000.0,0,0.0,1000.0
2026-06-01 18:00:00,576.60498046875,1000.0,0,0.0,1000.0
2026-06-01 18:05:00,575.8109741210938,1000.0,0,0.0,1000.0
2026-06-01 18:10:00,574.9299926757812,1000.0,0,0.0,1000.0
2026-06-01 18:15:00,574.8895874023438,1000.0,0,0.0,1000.0
2026-06-01 18:20:00,574.9400024414062,1000.0,0,0.0,1000.0
2026-06-01 18:25:00,575.010009765625,1000.0,0,0.0,1000.0
2026-06-01 18:30:00,575.3455810546875,1000.0,0,0.0,1000.0
2026-06-01 18:35:00,574.4600219726562,1000.0,0,0.0,1000.0
2026-06-01 18:40:00,574.6799926757812,1000.0,0,0.0,1000.0
2026-06-01 18:45:00,574.0700073242188,1000.0,0,0.0,1000.0
2026-06-01 18:50:00,574.125,1000.0,0,0.0,1000.0
2026-06-01 18:55:00,573.9199829101562,1000.0,0,0.0,1000.0
2026-06-01 19:00:00,573.6500244140625,1000.0,0,0.0,1000.0
2026-06-01 19:05:00,573.6500244140625,1000.0,0,0.0,1000.0
2026-06-01 19:10:00,573.1599731445312,1000.0,0,0.0,1000.0
2026-06-01 19:15:00,572.22998046875,1000.0,0,0.0,1000.0
2026-06-01 19:20:00,572.4400024414062,1000.0,0,0.0,1000.0
2026-06-01 19:25:00,572.655029296875,1000.0,0,0.0,1000.0
2026-06-01 19:30:00,571.0850219726562,1000.0,0,0.0,1000.0
2026-06-01 19:35:00,571.7899780273438,1000.0,0,0.0,1000.0
2026-06-01 19:40:00,571.2000122070312,1000.0,0,0.0,1000.0
2026-06-01 19:45:00,570.25,1000.0,0,0.0,1000.0
2026-06-01 19:50:00,571.2100219726562,1000.0,0,0.0,1000.0
2026-06-01 19:55:00,571.75,1000.0,0,0.0,1000.0
2026-06-02 13:30:00,587.4749755859375,1000.0,0,0.0,1000.0
2026-06-02 13:35:00,590.3099975585938,1000.0,0,0.0,1000.0
2026-06-02 13:40:00,590.4299926757812,1000.0,0,0.0,1000.0
2026-06-02 13:45:00,591.4000244140625,1000.0,0,0.0,1000.0
2026-06-02 13:50:00,592.6400146484375,1000.0,0,0.0,1000.0
2026-06-02 13:55:00,594.3599853515625,1000.0,0,0.0,1000.0
2026-06-02 14:00:00,594.3099975585938,1000.0,0,0.0,1000.0
2026-06-02 14:05:00,593.6900024414062,1000.0,0,0.0,1000.0
2026-06-02 14:10:00,593.1199951171875,1000.0,0,0.0,1000.0
2026-06-02 14:15:00,591.6749877929688,1000.0,0,0.0,1000.0
2026-06-02 14:20:00,590.2050170898438,1000.0,0,0.0,1000.0
2026-06-02 14:25:00,590.0,1000.0,0,0.0,1000.0
2026-06-02 14:30:00,592.5700073242188,1000.0,0,0.0,1000.0
2026-06-02 14:35:00,593.1300048828125,1000.0,0,0.0,1000.0
2026-06-02 14:40:00,594.719970703125,1000.0,0,0.0,1000.0
2026-06-02 14:45:00,594.75,1000.0,0,0.0,1000.0
2026-06-02 14:50:00,594.8125,1000.0,0,0.0,1000.0
2026-06-02 14:55:00,595.6099853515625,1000.0,0,0.0,1000.0
2026-06-02 15:00:00,595.2999877929688,1000.0,0,0.0,1000.0
2026-06-02 15:05:00,596.9099731445312,1000.0,0,0.0,1000.0
2026-06-02 15:10:00,598.6199951171875,1000.0,0,0.0,1000.0
2026-06-02 15:15:00,599.0999755859375,1000.0,0,0.0,1000.0
2026-06-02 15:20:00,598.8099975585938,1000.0,0,0.0,1000.0
2026-06-02 15:25:00,598.9000244140625,1000.0,0,0.0,1000.0
2026-06-02 15:30:00,599.2000122070312,1000.0,0,0.0,1000.0
2026-06-02 15:35:00,599.3400268554688,1000.0,0,0.0,1000.0
2026-06-02 15:40:00,598.405029296875,1000.0,0,0.0,1000.0
2026-06-02 15:45:00,598.530029296875,1000.0,0,0.0,1000.0
2026-06-02 15:50:00,600.6099853515625,1000.0,0,0.0,1000.0
2026-06-02 15:55:00,600.8150024414062,1000.0,0,0.0,1000.0
2026-06-02 16:00:00,599.969970703125,1000.0,0,0.0,1000.0
2026-06-02 16:05:00,600.6599731445312,1000.0,0,0.0,1000.0
2026-06-02 16:10:00,600.2949829101562,1000.0,0,0.0,1000.0
2026-06-02 16:15:00,598.8499755859375,1000.0,0,0.0,1000.0
2026-06-02 16:20:00,598.3200073242188,1000.0,0,0.0,1000.0
2026-06-02 16:25:00,596.72998046875,1000.0,0,0.0,1000.0
2026-06-02 16:30:00,597.4099731445312,1000.0,0,0.0,1000.0
2026-06-02 16:35:00,596.4400024414062,1000.0,0,0.0,1000.0
2026-06-02 16:40:00,597.3499755859375,1000.0,0,0.0,1000.0
2026-06-02 16:45:00,597.7000122070312,1000.0,0,0.0,1000.0
2026-06-02 16:50:00,598.4299926757812,1000.0,0,0.0,1000.0
2026-06-02 16:55:00,598.64501953125,1000.0,0,0.0,1000.0
2026-06-02 17:00:00,598.8778076171875,1000.0,0,0.0,1000.0
2026-06-02 17:05:00,598.6900024414062,1000.0,0,0.0,1000.0
2026-06-02 17:10:00,598.27001953125,1000.0,0,0.0,1000.0
2026-06-02 17:15:00,596.489990234375,1000.0,0,0.0,1000.0
2026-06-02 17:20:00,596.3499755859375,1000.0,0,0.0,1000.0
2026-06-02 17:25:00,596.3814697265625,1000.0,0,0.0,1000.0
2026-06-02 17:30:00,596.2999877929688,1000.0,0,0.0,1000.0
2026-06-02 17:35:00,594.9650268554688,1000.0,0,0.0,1000.0
2026-06-02 17:40:00,595.8099975585938,1000.0,0,0.0,1000.0
2026-06-02 17:45:00,596.7449951171875,1000.0,0,0.0,1000.0
2026-06-02 17:50:00,596.8400268554688,1000.0,0,0.0,1000.0
2026-06-02 17:55:00,597.1199951171875,1000.0,0,0.0,1000.0
2026-06-02 18:00:00,597.0,1000.0,0,0.0,1000.0
2026-06-02 18:05:00,597.4600219726562,1000.0,0,0.0,1000.0
2026-06-02 18:10:00,598.3510131835938,1000.0,0,0.0,1000.0
2026-06-02 18:15:00,598.4199829101562,1000.0,0,0.0,1000.0
2026-06-02 18:20:00,598.530029296875,1000.0,0,0.0,1000.0
2026-06-02 18:25:00,599.2000122070312,1000.0,0,0.0,1000.0
2026-06-02 18:30:00,599.2000122070312,1000.0,0,0.0,1000.0
2026-06-02 18:35:00,597.3200073242188,1000.0,0,0.0,1000.0
2026-06-02 18:40:00,597.5800170898438,1000.0,0,0.0,1000.0
2026-06-02 18:45:00,598.6400146484375,1000.0,0,0.0,1000.0
2026-06-02 18:50:00,599.0250244140625,1000.0,0,0.0,1000.0
2026-06-02 18:55:00,599.6300048828125,1000.0,0,0.0,1000.0
2026-06-02 19:00:00,600.77001953125,1000.0,0,0.0,1000.0
2026-06-02 19:05:00,600.6900024414062,1000.0,0,0.0,1000.0
2026-06-02 19:10:00,601.4299926757812,1000.0,0,0.0,1000.0
2026-06-02 19:15:00,601.260009765625,1000.0,0,0.0,1000.0
2026-06-02 19:20:00,601.6199951171875,1000.0,0,0.0,1000.0
2026-06-02 19:25:00,600.4500122070312,1000.0,0,0.0,1000.0
2026-06-02 19:30:00,600.8350219726562,1000.0,0,0.0,1000.0
2026-06-02 19:35:00,600.9099731445312,1000.0,0,0.0,1000.0
2026-06-02 19:40:00,601.885009765625,1000.0,0,0.0,1000.0
2026-06-02 19:45:00,603.114990234375,1000.0,0,0.0,1000.0
2026-06-02 19:50:00,603.8499755859375,1000.0,0,0.0,1000.0
2026-06-02 19:55:00,604.8200073242188,1000.0,0,0.0,1000.0
2026-06-03 13:30:00,613.9500122070312,1000.0,0,0.0,1000.0
2026-06-03 13:35:00,613.530029296875,1000.0,0,0.0,1000.0
2026-06-03 13:40:00,606.4600219726562,1000.0,0,0.0,1000.0
2026-06-03 13:45:00,599.6649780273438,1000.0,0,0.0,1000.0
2026-06-03 13:50:00,603.3150024414062,1000.0,0,0.0,1000.0
2026-06-03 13:55:00,604.1099853515625,1000.0,0,0.0,1000.0
2026-06-03 14:00:00,607.3599853515625,1000.0,0,0.0,1000.0
2026-06-03 14:05:00,609.3300170898438,1000.0,0,0.0,1000.0
2026-06-03 14:10:00,614.10498046875,1000.0,0,0.0,1000.0
2026-06-03 14:15:00,612.8900146484375,1000.0,0,0.0,1000.0
2026-06-03 14:20:00,613.3800048828125,1000.0,0,0.0,1000.0
2026-06-03 14:25:00,617.280029296875,1000.0,0,0.0,1000.0
2026-06-03 14:30:00,616.2999877929688,1000.0,0,0.0,1000.0
2026-06-03 14:35:00,616.3298950195312,1000.0,0,0.0,1000.0
2026-06-03 14:40:00,615.1500244140625,1000.0,0,0.0,1000.0
2026-06-03 14:45:00,615.5499877929688,1000.0,0,0.0,1000.0
2026-06-03 14:50:00,615.02001953125,1000.0,0,0.0,1000.0
2026-06-03 14:55:00,613.0700073242188,1000.0,0,0.0,1000.0
2026-06-03 15:00:00,614.5850219726562,1000.0,0,0.0,1000.0
2026-06-03 15:05:00,614.875,1000.0,0,0.0,1000.0
2026-06-03 15:10:00,616.2650146484375,1000.0,0,0.0,1000.0
2026-06-03 15:15:00,615.1699829101562,1000.0,0,0.0,1000.0
2026-06-03 15:20:00,612.7210083007812,1000.0,0,0.0,1000.0
2026-06-03 15:25:00,613.7550048828125,1000.0,0,0.0,1000.0
2026-06-03 15:30:00,613.489990234375,1000.0,0,0.0,1000.0
2026-06-03 15:35:00,613.27001953125,1000.0,0,0.0,1000.0
2026-06-03 15:40:00,611.1649780273438,1000.0,0,0.0,1000.0
2026-06-03 15:45:00,611.2899780273438,1000.0,0,0.0,1000.0
2026-06-03 15:50:00,612.2449951171875,1000.0,0,0.0,1000.0
2026-06-03 15:55:00,612.6400146484375,1000.0,0,0.0,1000.0
2026-06-03 16:00:00,612.0549926757812,1000.0,0,0.0,1000.0
2026-06-03 16:05:00,613.1099853515625,1000.0,0,0.0,1000.0
2026-06-03 16:10:00,613.9500122070312,1000.0,0,0.0,1000.0
2026-06-03 16:15:00,613.5650024414062,1000.0,0,0.0,1000.0
2026-06-03 16:20:00,611.1799926757812,1000.0,0,0.0,1000.0
2026-06-03 16:25:00,611.4849853515625,1000.0,0,0.0,1000.0
2026-06-03 16:30:00,612.2100219726562,1000.0,0,0.0,1000.0
2026-06-03 16:35:00,611.5,1000.0,0,0.0,1000.0
2026-06-03 16:40:00,609.8099975585938,1000.0,0,0.0,1000.0
2026-06-03 16:45:00,612.1900024414062,1000.0,0,0.0,1000.0
2026-06-03 16:50:00,613.0,1000.0,0,0.0,1000.0
2026-06-03 16:55:00,614.1699829101562,1000.0,0,0.0,1000.0
2026-06-03 17:00:00,611.8200073242188,1000.0,0,0.0,1000.0
2026-06-03 17:05:00,611.8300170898438,1000.0,0,0.0,1000.0
2026-06-03 17:10:00,611.3350219726562,1000.0,0,0.0,1000.0
2026-06-03 17:15:00,611.0250244140625,1000.0,0,0.0,1000.0
2026-06-03 17:20:00,612.1900024414062,1000.0,0,0.0,1000.0
2026-06-03 17:25:00,613.4000244140625,1000.0,0,0.0,1000.0
2026-06-03 17:30:00,613.27001953125,1000.0,0,0.0,1000.0
2026-06-03 17:35:00,613.6397705078125,1000.0,0,0.0,1000.0
2026-06-03 17:40:00,614.4600219726562,1000.0,0,0.0,1000.0
2026-06-03 17:45:00,615.1099853515625,1000.0,0,0.0,1000.0
2026-06-03 17:50:00,616.0,1000.0,0,0.0,1000.0
2026-06-03 17:55:00,616.7449951171875,1000.0,0,0.0,1000.0
2026-06-03 18:00:00,617.1199951171875,1000.0,0,0.0,1000.0
2026-06-03 18:05:00,616.4849853515625,1000.0,0,0.0,1000.0
2026-06-03 18:10:00,615.5399169921875,1000.0,0,0.0,1000.0
2026-06-03 18:15:00,615.9000244140625,1000.0,0,0.0,1000.0
2026-06-03 18:20:00,616.9594116210938,1000.0,0,0.0,1000.0
2026-06-03 18:25:00,618.2899780273438,1000.0,0,0.0,1000.0
2026-06-03 18:30:00,616.9450073242188,1000.0,0,0.0,1000.0
2026-06-03 18:35:00,614.7550048828125,1000.0,0,0.0,1000.0
2026-06-03 18:40:00,615.0499877929688,1000.0,0,0.0,1000.0
2026-06-03 18:45:00,615.760009765625,1000.0,0,0.0,1000.0
2026-06-03 18:50:00,615.8400268554688,1000.0,0,0.0,1000.0
2026-06-03 18:55:00,615.3400268554688,1000.0,0,0.0,1000.0
2026-06-03 19:00:00,615.9199829101562,1000.0,0,0.0,1000.0
2026-06-03 19:05:00,615.8900146484375,1000.0,0,0.0,1000.0
2026-06-03 19:10:00,614.6500244140625,1000.0,0,0.0,1000.0
2026-06-03 19:15:00,614.7150268554688,1000.0,0,0.0,1000.0
2026-06-03 19:20:00,613.5900268554688,1000.0,0,0.0,1000.0
2026-06-03 19:25:00,614.4849853515625,1000.0,0,0.0,1000.0
2026-06-03 19:30:00,615.3574829101562,1000.0,0,0.0,1000.0
2026-06-03 19:35:00,617.22998046875,1000.0,0,0.0,1000.0
2026-06-03 19:40:00,617.280029296875,1000.0,0,0.0,1000.0
2026-06-03 19:45:00,617.7550048828125,1000.0,0,0.0,1000.0
2026-06-03 19:50:00,617.2050170898438,1000.0,0,0.0,1000.0
2026-06-03 19:55:00,615.5800170898438,1000.0,0,0.0,1000.0
2026-06-04 13:30:00,592.1400146484375,1000.0,0,0.0,1000.0
2026-06-04 13:35:00,589.9749755859375,1000.0,0,0.0,1000.0
2026-06-04 13:40:00,582.7000122070312,1000.0,0,0.0,1000.0
2026-06-04 13:45:00,585.0250244140625,1000.0,0,0.0,1000.0
2026-06-04 13:50:00,584.364990234375,1000.0,0,0.0,1000.0
2026-06-04 13:55:00,582.3699951171875,1000.0,0,0.0,1000.0
2026-06-04 14:00:00,579.4550170898438,1000.0,0,0.0,1000.0
2026-06-04 14:05:00,579.0549926757812,1000.0,0,0.0,1000.0
2026-06-04 14:10:00,585.6951293945312,1000.0,0,0.0,1000.0
2026-06-04 14:15:00,585.72998046875,1000.0,0,0.0,1000.0
2026-06-04 14:20:00,589.1199951171875,1000.0,0,0.0,1000.0
2026-06-04 14:25:00,592.25,1000.0,0,0.0,1000.0
2026-06-04 14:30:00,591.1849975585938,1000.0,0,0.0,1000.0
2026-06-04 14:35:00,590.4199829101562,1000.0,0,0.0,1000.0
2026-06-04 14:40:00,587.9249877929688,1000.0,0,0.0,1000.0
2026-06-04 14:45:00,591.0399780273438,1000.0,0,0.0,1000.0
2026-06-04 14:50:00,592.27001953125,1000.0,0,0.0,1000.0
2026-06-04 14:55:00,594.7000122070312,1000.0,0,0.0,1000.0
2026-06-04 15:00:00,594.761474609375,1000.0,0,0.0,1000.0
2026-06-04 15:05:00,599.698974609375,1000.0,0,0.0,1000.0
2026-06-04 15:10:00,600.7399291992188,1000.0,0,0.0,1000.0
2026-06-04 15:15:00,600.719970703125,1000.0,0,0.0,1000.0
2026-06-04 15:20:00,600.010009765625,1000.0,0,0.0,1000.0
2026-06-04 15:25:00,598.3099975585938,1000.0,0,0.0,1000.0
2026-06-04 15:30:00,599.2999877929688,1000.0,0,0.0,1000.0
2026-06-04 15:35:00,599.3458251953125,1000.0,0,0.0,1000.0
2026-06-04 15:40:00,597.9099731445312,1000.0,0,0.0,1000.0
2026-06-04 15:45:00,593.52001953125,1000.0,0,0.0,1000.0
2026-06-04 15:50:00,596.1500244140625,1000.0,0,0.0,1000.0
2026-06-04 15:55:00,597.0800170898438,1000.0,0,0.0,1000.0
2026-06-04 16:00:00,597.6400146484375,1000.0,0,0.0,1000.0
2026-06-04 16:05:00,597.1599731445312,1000.0,0,0.0,1000.0
2026-06-04 16:10:00,597.0123901367188,1000.0,0,0.0,1000.0
2026-06-04 16:15:00,598.8099975585938,1000.0,0,0.0,1000.0
2026-06-04 16:20:00,600.719970703125,1000.0,0,0.0,1000.0
2026-06-04 16:25:00,602.0999145507812,1000.0,0,0.0,1000.0
2026-06-04 16:30:00,599.7999877929688,1000.0,0,0.0,1000.0
2026-06-04 16:35:00,601.1890869140625,1000.0,0,0.0,1000.0
2026-06-04 16:40:00,602.3599853515625,1000.0,0,0.0,1000.0
2026-06-04 16:45:00,602.530029296875,1000.0,0,0.0,1000.0
2026-06-04 16:50:00,603.4149780273438,1000.0,0,0.0,1000.0
2026-06-04 16:55:00,603.1649780273438,1000.0,0,0.0,1000.0
2026-06-04 17:00:00,602.22998046875,1000.0,0,0.0,1000.0
2026-06-04 17:05:00,603.6099853515625,1000.0,0,0.0,1000.0
2026-06-04 17:10:00,603.4500122070312,1000.0,0,0.0,1000.0
2026-06-04 17:15:00,603.0894775390625,1000.0,0,0.0,1000.0
2026-06-04 17:20:00,603.0499877929688,1000.0,0,0.0,1000.0
2026-06-04 17:25:00,604.0900268554688,1000.0,0,0.0,1000.0
2026-06-04 17:30:00,605.8900146484375,1000.0,0,0.0,1000.0
2026-06-04 17:35:00,605.375,1000.0,0,0.0,1000.0
2026-06-04 17:40:00,605.685791015625,1000.0,0,0.0,1000.0
2026-06-04 17:45:00,606.7100219726562,1000.0,0,0.0,1000.0
2026-06-04 17:50:00,607.093994140625,1000.0,0,0.0,1000.0
2026-06-04 17:55:00,607.4600219726562,1000.0,0,0.0,1000.0
2026-06-04 18:00:00,609.9500122070312,1000.0,0,0.0,1000.0
2026-06-04 18:05:00,610.7999877929688,1000.0,0,0.0,1000.0
2026-06-04 18:10:00,610.5,1000.0,0,0.0,1000.0
2026-06-04 18:15:00,609.5599975585938,1000.0,0,0.0,1000.0
2026-06-04 18:20:00,608.2000122070312,1000.0,0,0.0,1000.0
2026-06-04 18:25:00,609.0599975585938,1000.0,0,0.0,1000.0
2026-06-04 18:30:00,607.6599731445312,1000.0,0,0.0,1000.0
2026-06-04 18:35:00,605.7000122070312,1000.0,0,0.0,1000.0
2026-06-04 18:40:00,606.3300170898438,1000.0,0,0.0,1000.0
2026-06-04 18:45:00,607.9500122070312,1000.0,0,0.0,1000.0
2026-06-04 18:50:00,608.030029296875,1000.0,0,0.0,1000.0
2026-06-04 18:55:00,606.1500244140625,1000.0,0,0.0,1000.0
2026-06-04 19:00:00,606.9099731445312,1000.0,0,0.0,1000.0
2026-06-04 19:05:00,606.8400268554688,1000.0,0,0.0,1000.0
2026-06-04 19:10:00,605.77001953125,1000.0,0,0.0,1000.0
2026-06-04 19:15:00,603.1749877929688,1000.0,0,0.0,1000.0
2026-06-04 19:20:00,606.3800048828125,1000.0,0,0.0,1000.0
2026-06-04 19:25:00,608.8099975585938,1000.0,0,0.0,1000.0
2026-06-04 19:30:00,609.094970703125,1000.0,0,0.0,1000.0
2026-06-04 19:35:00,609.3200073242188,1000.0,0,0.0,1000.0
2026-06-04 19:40:00,605.780029296875,1000.0,0,0.0,1000.0
2026-06-04 19:45:00,605.4299926757812,1000.0,0,0.0,1000.0
2026-06-04 19:50:00,604.219970703125,1000.0,0,0.0,1000.0
2026-06-04 19:55:00,602.5800170898438,1000.0,0,0.0,1000.0
2026-06-05 13:30:00,576.4500122070312,1000.0,0,0.0,1000.0
2026-06-05 13:35:00,574.280029296875,1000.0,0,0.0,1000.0
2026-06-05 13:40:00,570.489990234375,1000.0,0,0.0,1000.0
2026-06-05 13:45:00,566.4299926757812,1000.0,0,0.0,1000.0
2026-06-05 13:50:00,572.5150146484375,1000.0,0,0.0,1000.0
2026-06-05 13:55:00,565.0,1000.0,0,0.0,1000.0
2026-06-05 14:00:00,567.8200073242188,1000.0,0,0.0,1000.0
2026-06-05 14:05:00,572.25,1000.0,0,0.0,1000.0
2026-06-05 14:10:00,572.8250122070312,1000.0,0,0.0,1000.0
2026-06-05 14:15:00,577.5499877929688,1000.0,0,0.0,1000.0
2026-06-05 14:20:00,573.9099731445312,1000.0,0,0.0,1000.0
2026-06-05 14:25:00,570.2000122070312,1000.0,0,0.0,1000.0
2026-06-05 14:30:00,574.2874755859375,1000.0,0,0.0,1000.0
2026-06-05 14:35:00,575.7650146484375,1000.0,0,0.0,1000.0
2026-06-05 14:40:00,573.2949829101562,1000.0,0,0.0,1000.0
2026-06-05 14:45:00,571.9901123046875,1000.0,0,0.0,1000.0
2026-06-05 14:50:00,573.8699951171875,1000.0,0,0.0,1000.0
2026-06-05 14:55:00,573.8300170898438,1000.0,0,0.0,1000.0
2026-06-05 15:00:00,571.2999877929688,1000.0,0,0.0,1000.0
2026-06-05 15:05:00,568.9600219726562,1000.0,0,0.0,1000.0
2026-06-05 15:10:00,566.5487060546875,1000.0,0,0.0,1000.0
2026-06-05 15:15:00,568.0499877929688,1000.0,0,0.0,1000.0
2026-06-05 15:20:00,565.77001953125,1000.0,0,0.0,1000.0
2026-06-05 15:25:00,566.3099975585938,1000.0,0,0.0,1000.0
2026-06-05 15:30:00,565.3200073242188,1000.0,0,0.0,1000.0
2026-06-05 15:35:00,563.6199951171875,1000.0,0,0.0,1000.0
2026-06-05 15:40:00,564.8300170898438,1000.0,0,0.0,1000.0
2026-06-05 15:45:00,565.3250122070312,1000.0,0,0.0,1000.0
2026-06-05 15:50:00,566.5499877929688,1000.0,0,0.0,1000.0
2026-06-05 15:55:00,565.60498046875,1000.0,0,0.0,1000.0
2026-06-05 16:00:00,562.8599853515625,1000.0,0,0.0,1000.0
2026-06-05 16:05:00,561.3900146484375,1000.0,0,0.0,1000.0
2026-06-05 16:10:00,561.8699951171875,1000.0,0,0.0,1000.0
2026-06-05 16:15:00,559.1099853515625,1000.0,0,0.0,1000.0
2026-06-05 16:20:00,560.7974853515625,1000.0,0,0.0,1000.0
2026-06-05 16:25:00,559.0800170898438,1000.0,0,0.0,1000.0
2026-06-05 16:30:00,557.9099731445312,1000.0,0,0.0,1000.0
2026-06-05 16:35:00,556.1950073242188,1000.0,0,0.0,1000.0
2026-06-05 16:40:00,553.8800048828125,1000.0,0,0.0,1000.0
2026-06-05 16:45:00,555.35498046875,1000.0,0,0.0,1000.0
2026-06-05 16:50:00,558.6699829101562,1000.0,0,0.0,1000.0
2026-06-05 16:55:00,557.530029296875,1000.0,0,0.0,1000.0
2026-06-05 17:00:00,555.3499755859375,1000.0,0,0.0,1000.0
2026-06-05 17:05:00,553.844970703125,1000.0,0,0.0,1000.0
2026-06-05 17:10:00,553.489990234375,1000.0,0,0.0,1000.0
2026-06-05 17:15:00,553.9199829101562,1000.0,0,0.0,1000.0
2026-06-05 17:20:00,555.969970703125,1000.0,0,0.0,1000.0
2026-06-05 17:25:00,556.27001953125,1000.0,0,0.0,1000.0
2026-06-05 17:30:00,557.3200073242188,1000.0,0,0.0,1000.0
2026-06-05 17:35:00,558.969970703125,1000.0,0,0.0,1000.0
2026-06-05 17:40:00,554.876708984375,1000.0,0,0.0,1000.0
2026-06-05 17:45:00,555.5850219726562,1000.0,0,0.0,1000.0
2026-06-05 17:50:00,557.0599975585938,1000.0,0,0.0,1000.0
2026-06-05 17:55:00,557.97998046875,1000.0,0,0.0,1000.0
2026-06-05 18:00:00,553.8823852539062,1000.0,0,0.0,1000.0
2026-06-05 18:05:00,552.9600219726562,1000.0,0,0.0,1000.0
2026-06-05 18:10:00,551.6799926757812,1000.0,0,0.0,1000.0
2026-06-05 18:15:00,551.114990234375,1000.0,0,0.0,1000.0
2026-06-05 18:20:00,550.4000244140625,1000.0,0,0.0,1000.0
2026-06-05 18:25:00,549.6300048828125,1000.0,0,0.0,1000.0
2026-06-05 18:30:00,547.8699951171875,1000.0,0,0.0,1000.0
2026-06-05 18:35:00,546.3499755859375,1000.0,0,0.0,1000.0
2026-06-05 18:40:00,545.9299926757812,1000.0,0,0.0,1000.0
2026-06-05 18:45:00,544.880126953125,1000.0,0,0.0,1000.0
2026-06-05 18:50:00,546.1500244140625,1000.0,0,0.0,1000.0
2026-06-05 18:55:00,550.7197875976562,1000.0,0,0.0,1000.0
2026-06-05 19:00:00,551.7301025390625,1000.0,0,0.0,1000.0
2026-06-05 19:05:00,547.02001953125,1000.0,0,0.0,1000.0
2026-06-05 19:10:00,544.8499755859375,1000.0,0,0.0,1000.0
2026-06-05 19:15:00,542.7000122070312,1000.0,0,0.0,1000.0
2026-06-05 19:20:00,545.4000244140625,1000.0,0,0.0,1000.0
2026-06-05 19:25:00,550.0850219726562,1000.0,0,0.0,1000.0
2026-06-05 19:30:00,547.7000732421875,1000.0,0,0.0,1000.0
2026-06-05 19:35:00,550.1500244140625,1000.0,0,0.0,1000.0
2026-06-05 19:40:00,548.3400268554688,1000.0,0,0.0,1000.0
2026-06-05 19:45:00,549.4000244140625,1000.0,0,0.0,1000.0
2026-06-05 19:50:00,547.27001953125,1000.0,0,0.0,1000.0
2026-06-05 19:55:00,539.6799926757812,1000.0,0,0.0,1000.0
2026-06-08 13:30:00,564.8599853515625,1000.0,0,0.0,1000.0
2026-06-08 13:35:00,565.6400146484375,1000.0,0,0.0,1000.0
2026-06-08 13:40:00,570.4500122070312,1000.0,0,0.0,1000.0
2026-06-08 13:45:00,568.7672119140625,1000.0,0,0.0,1000.0
2026-06-08 13:50:00,568.3099975585938,1000.0,0,0.0,1000.0
2026-06-08 13:55:00,561.4299926757812,1000.0,0,0.0,1000.0
2026-06-08 14:00:00,561.2000122070312,1000.0,0,0.0,1000.0
2026-06-08 14:05:00,567.0,1000.0,0,0.0,1000.0
2026-06-08 14:10:00,565.6950073242188,1000.0,0,0.0,1000.0
2026-06-08 14:15:00,564.27001953125,1000.0,0,0.0,1000.0
2026-06-08 14:20:00,566.0399780273438,1000.0,0,0.0,1000.0
2026-06-08 14:25:00,569.1599731445312,1000.0,0,0.0,1000.0
2026-06-08 14:30:00,570.780029296875,1000.0,0,0.0,1000.0
2026-06-08 14:35:00,573.3275146484375,1000.0,0,0.0,1000.0
2026-06-08 14:40:00,572.260009765625,1000.0,0,0.0,1000.0
2026-06-08 14:45:00,573.6300048828125,1000.0,0,0.0,1000.0
2026-06-08 14:50:00,575.2067260742188,1000.0,0,0.0,1000.0
2026-06-08 14:55:00,575.3779907226562,1000.0,0,0.0,1000.0
2026-06-08 15:00:00,577.1400146484375,1000.0,0,0.0,1000.0
2026-06-08 15:05:00,578.4099731445312,1000.0,0,0.0,1000.0
2026-06-08 15:10:00,578.8900146484375,1000.0,0,0.0,1000.0
2026-06-08 15:15:00,580.8900146484375,1000.0,0,0.0,1000.0
2026-06-08 15:20:00,579.5599975585938,1000.0,0,0.0,1000.0
2026-06-08 15:25:00,576.5700073242188,1000.0,0,0.0,1000.0
2026-06-08 15:30:00,574.7899780273438,1000.0,0,0.0,1000.0
2026-06-08 15:35:00,577.9099731445312,1000.0,0,0.0,1000.0
2026-06-08 15:40:00,579.9400024414062,1000.0,0,0.0,1000.0
2026-06-08 15:45:00,577.9027099609375,1000.0,0,0.0,1000.0
2026-06-08 15:50:00,578.2899780273438,1000.0,0,0.0,1000.0
2026-06-08 15:55:00,577.0,1000.0,0,0.0,1000.0
2026-06-08 16:00:00,577.97998046875,1000.0,0,0.0,1000.0
2026-06-08 16:05:00,577.1099853515625,1000.0,0,0.0,1000.0
2026-06-08 16:10:00,577.8400268554688,1000.0,0,0.0,1000.0
2026-06-08 16:15:00,578.8599853515625,1000.0,0,0.0,1000.0
2026-06-08 16:20:00,577.5399780273438,1000.0,0,0.0,1000.0
2026-06-08 16:25:00,575.4550170898438,1000.0,0,0.0,1000.0
2026-06-08 16:30:00,575.0800170898438,1000.0,0,0.0,1000.0
2026-06-08 16:35:00,574.6599731445312,1000.0,0,0.0,1000.0
2026-06-08 16:40:00,575.5740966796875,1000.0,0,0.0,1000.0
2026-06-08 16:45:00,576.6900024414062,1000.0,0,0.0,1000.0
2026-06-08 16:50:00,577.5549926757812,1000.0,0,0.0,1000.0
2026-06-08 16:55:00,576.27001953125,1000.0,0,0.0,1000.0
2026-06-08 17:00:00,573.6699829101562,1000.0,0,0.0,1000.0
2026-06-08 17:05:00,573.6599731445312,1000.0,0,0.0,1000.0
2026-06-08 17:10:00,573.6199951171875,1000.0,0,0.0,1000.0
2026-06-08 17:15:00,572.364990234375,1000.0,0,0.0,1000.0
2026-06-08 17:20:00,572.8399047851562,1000.0,0,0.0,1000.0
2026-06-08 17:25:00,575.4799194335938,1000.0,0,0.0,1000.0
2026-06-08 17:30:00,574.14501953125,1000.0,0,0.0,1000.0
2026-06-08 17:35:00,574.5999755859375,1000.0,0,0.0,1000.0
2026-06-08 17:40:00,573.85498046875,1000.0,0,0.0,1000.0
2026-06-08 17:45:00,576.4550170898438,1000.0,0,0.0,1000.0
2026-06-08 17:50:00,577.510009765625,1000.0,0,0.0,1000.0
2026-06-08 17:55:00,576.5499877929688,1000.0,0,0.0,1000.0
2026-06-08 18:00:00,577.4550170898438,1000.0,0,0.0,1000.0
2026-06-08 18:05:00,578.2050170898438,1000.0,0,0.0,1000.0
2026-06-08 18:10:00,577.375,1000.0,0,0.0,1000.0
2026-06-08 18:15:00,577.47998046875,1000.0,0,0.0,1000.0
2026-06-08 18:20:00,576.8150024414062,1000.0,0,0.0,1000.0
2026-06-08 18:25:00,577.2999877929688,1000.0,0,0.0,1000.0
2026-06-08 18:30:00,577.4974975585938,1000.0,0,0.0,1000.0
2026-06-08 18:35:00,575.8200073242188,1000.0,0,0.0,1000.0
2026-06-08 18:40:00,574.5750122070312,1000.0,0,0.0,1000.0
2026-06-08 18:45:00,574.989990234375,1000.0,0,0.0,1000.0
2026-06-08 18:50:00,575.4600219726562,1000.0,0,0.0,1000.0
2026-06-08 18:55:00,574.7349853515625,1000.0,0,0.0,1000.0
2026-06-08 19:00:00,573.7550048828125,1000.0,0,0.0,1000.0
2026-06-08 19:05:00,571.47998046875,1000.0,0,0.0,1000.0
2026-06-08 19:10:00,570.02001953125,1000.0,0,0.0,1000.0
2026-06-08 19:15:00,569.6699829101562,1000.0,0,0.0,1000.0
2026-06-08 19:20:00,568.72998046875,1000.0,0,0.0,1000.0
2026-06-08 19:25:00,570.239990234375,1000.0,0,0.0,1000.0
2026-06-08 19:30:00,571.7449951171875,1000.0,0,0.0,1000.0
2026-06-08 19:35:00,570.739013671875,1000.0,0,0.0,1000.0
2026-06-08 19:40:00,569.4000244140625,1000.0,0,0.0,1000.0
2026-06-08 19:45:00,568.989990234375,1000.0,0,0.0,1000.0
2026-06-08 19:50:00,570.469970703125,1000.0,0,0.0,1000.0
2026-06-08 19:55:00,570.8400268554688,1000.0,0,0.0,1000.0
2026-06-09 13:30:00,578.6500244140625,1000.0,0,0.0,1000.0
2026-06-09 13:35:00,580.7100219726562,1000.0,0,0.0,1000.0
2026-06-09 13:40:00,585.625,1000.0,0,0.0,1000.0
2026-06-09 13:45:00,588.2999877929688,1000.0,0,0.0,1000.0
2026-06-09 13:50:00,584.1799926757812,1000.0,0,0.0,1000.0
2026-06-09 13:55:00,582.7999877929688,1000.0,0,0.0,1000.0
2026-06-09 14:00:00,582.5900268554688,1000.0,0,0.0,1000.0
2026-06-09 14:05:00,578.7600708007812,1000.0,0,0.0,1000.0
2026-06-09 14:10:00,573.7050170898438,1000.0,0,0.0,1000.0
2026-06-09 14:15:00,571.1300048828125,1000.0,0,0.0,1000.0
2026-06-09 14:20:00,575.4299926757812,1000.0,0,0.0,1000.0
2026-06-09 14:25:00,572.1500244140625,1000.0,0,0.0,1000.0
2026-06-09 14:30:00,571.5800170898438,1000.0,0,0.0,1000.0
2026-06-09 14:35:00,571.2150268554688,1000.0,0,0.0,1000.0
2026-06-09 14:40:00,564.22998046875,1000.0,0,0.0,1000.0
2026-06-09 14:45:00,558.8200073242188,1000.0,0,0.0,1000.0
2026-06-09 14:50:00,564.47998046875,1000.0,0,0.0,1000.0
2026-06-09 14:55:00,564.2000122070312,1000.0,0,0.0,1000.0
2026-06-09 15:00:00,561.2000122070312,1000.0,0,0.0,1000.0
2026-06-09 15:05:00,565.284912109375,1000.0,0,0.0,1000.0
2026-06-09 15:10:00,564.5350952148438,1000.0,0,0.0,1000.0
2026-06-09 15:15:00,560.989990234375,1000.0,0,0.0,1000.0
2026-06-09 15:20:00,554.810302734375,1000.0,0,0.0,1000.0
2026-06-09 15:25:00,549.1699829101562,1000.0,0,0.0,1000.0
2026-06-09 15:30:00,549.75,1000.0,0,0.0,1000.0
2026-06-09 15:35:00,551.02001953125,1000.0,0,0.0,1000.0
2026-06-09 15:40:00,553.260009765625,1000.0,0,0.0,1000.0
2026-06-09 15:45:00,553.1199951171875,1000.0,0,0.0,1000.0
2026-06-09 15:50:00,548.8800048828125,1000.0,0,0.0,1000.0
2026-06-09 15:55:00,541.3800048828125,1000.0,0,0.0,1000.0
2026-06-09 16:00:00,542.2650146484375,1000.0,0,0.0,1000.0
2026-06-09 16:05:00,536.2899780273438,1000.0,0,0.0,1000.0
2026-06-09 16:10:00,536.0020141601562,1000.0,0,0.0,1000.0
2026-06-09 16:15:00,528.489990234375,1000.0,0,0.0,1000.0
2026-06-09 16:20:00,533.239990234375,1000.0,0,0.0,1000.0
2026-06-09 16:25:00,532.469970703125,1000.0,0,0.0,1000.0
2026-06-09 16:30:00,530.4149780273438,1000.0,0,0.0,1000.0
2026-06-09 16:35:00,523.10498046875,1000.0,0,0.0,1000.0
2026-06-09 16:40:00,528.1699829101562,1000.0,0,0.0,1000.0
2026-06-09 16:45:00,527.2899780273438,1000.0,0,0.0,1000.0
2026-06-09 16:50:00,523.2850952148438,1000.0,0,0.0,1000.0
2026-06-09 16:55:00,531.6199951171875,1000.0,0,0.0,1000.0
2026-06-09 17:00:00,538.4000244140625,1000.0,0,0.0,1000.0
2026-06-09 17:05:00,538.969970703125,1000.0,0,0.0,1000.0
2026-06-09 17:10:00,540.6900024414062,1000.0,0,0.0,1000.0
2026-06-09 17:15:00,544.3599853515625,1000.0,0,0.0,1000.0
2026-06-09 17:20:00,543.4149780273438,1000.0,0,0.0,1000.0
2026-06-09 17:25:00,544.1300048828125,1000.0,0,0.0,1000.0
2026-06-09 17:30:00,546.5549926757812,1000.0,0,0.0,1000.0
2026-06-09 17:35:00,547.1640014648438,1000.0,0,0.0,1000.0
2026-06-09 17:40:00,548.5599975585938,1000.0,0,0.0,1000.0
2026-06-09 17:45:00,541.614990234375,1000.0,0,0.0,1000.0
2026-06-09 17:50:00,544.4099731445312,1000.0,0,0.0,1000.0
2026-06-09 17:55:00,546.989990234375,1000.0,0,0.0,1000.0
2026-06-09 18:00:00,545.5401000976562,1000.0,0,0.0,1000.0
2026-06-09 18:05:00,547.8428955078125,1000.0,0,0.0,1000.0
2026-06-09 18:10:00,548.114990234375,1000.0,0,0.0,1000.0
2026-06-09 18:15:00,551.030029296875,1000.0,0,0.0,1000.0
2026-06-09 18:20:00,552.8900146484375,1000.0,0,0.0,1000.0
2026-06-09 18:25:00,553.2899780273438,1000.0,0,0.0,1000.0
2026-06-09 18:30:00,554.4199829101562,1000.0,0,0.0,1000.0
2026-06-09 18:35:00,554.6300048828125,1000.0,0,0.0,1000.0
2026-06-09 18:40:00,550.8699951171875,1000.0,0,0.0,1000.0
2026-06-09 18:45:00,553.219970703125,1000.0,0,0.0,1000.0
2026-06-09 18:50:00,553.5449829101562,1000.0,0,0.0,1000.0
2026-06-09 18:55:00,557.1300048828125,1000.0,0,0.0,1000.0
2026-06-09 19:00:00,559.75,1000.0,0,0.0,1000.0
2026-06-09 19:05:00,555.375,1000.0,0,0.0,1000.0
2026-06-09 19:10:00,551.3900146484375,1000.0,0,0.0,1000.0
2026-06-09 19:15:00,547.1400146484375,1000.0,0,0.0,1000.0
2026-06-09 19:20:00,548.6699829101562,1000.0,0,0.0,1000.0
2026-06-09 19:25:00,553.2000122070312,1000.0,0,0.0,1000.0
2026-06-09 19:30:00,555.1699829101562,1000.0,0,0.0,1000.0
2026-06-09 19:35:00,552.5900268554688,1000.0,0,0.0,1000.0
2026-06-09 19:40:00,552.77001953125,1000.0,0,0.0,1000.0
2026-06-09 19:45:00,551.5800170898438,1000.0,0,0.0,1000.0
2026-06-09 19:50:00,554.75,1000.0,0,0.0,1000.0
2026-06-09 19:55:00,561.969970703125,1000.0,0,0.0,1000.0
2026-06-10 13:30:00,551.8099975585938,1000.0,0,0.0,1000.0
2026-06-10 13:35:00,558.22998046875,1000.0,0,0.0,1000.0
2026-06-10 13:40:00,561.22998046875,1000.0,0,0.0,1000.0
2026-06-10 13:45:00,568.469970703125,1000.0,0,0.0,1000.0
2026-06-10 13:50:00,561.2100219726562,1000.0,0,0.0,1000.0
2026-06-10 13:55:00,558.5936279296875,1000.0,0,0.0,1000.0
2026-06-10 14:00:00,561.75,1000.0,0,0.0,1000.0
2026-06-10 14:05:00,566.3699951171875,1000.0,0,0.0,1000.0
2026-06-10 14:10:00,563.1599731445312,1000.0,0,0.0,1000.0
2026-06-10 14:15:00,563.219970703125,1000.0,0,0.0,1000.0
2026-06-10 14:20:00,568.4299926757812,1000.0,0,0.0,1000.0
2026-06-10 14:25:00,568.030029296875,1000.0,0,0.0,1000.0
2026-06-10 14:30:00,572.135009765625,1000.0,0,0.0,1000.0
2026-06-10 14:35:00,568.4000244140625,1000.0,0,0.0,1000.0
2026-06-10 14:40:00,564.1599731445312,1000.0,0,0.0,1000.0
2026-06-10 14:45:00,560.02001953125,1000.0,0,0.0,1000.0
2026-06-10 14:50:00,559.3099975585938,1000.0,0,0.0,1000.0
2026-06-10 14:55:00,553.5800170898438,1000.0,0,0.0,1000.0
2026-06-10 15:00:00,552.6500244140625,1000.0,0,0.0,1000.0
2026-06-10 15:05:00,550.0150146484375,1000.0,0,0.0,1000.0
2026-06-10 15:10:00,546.5700073242188,1000.0,0,0.0,1000.0
2026-06-10 15:15:00,545.7899780273438,1000.0,0,0.0,1000.0
2026-06-10 15:20:00,550.4400024414062,1000.0,0,0.0,1000.0
2026-06-10 15:25:00,547.844970703125,1000.0,0,0.0,1000.0
2026-06-10 15:30:00,546.9099731445312,1000.0,0,0.0,1000.0
2026-06-10 15:35:00,546.7000122070312,1000.0,0,0.0,1000.0
2026-06-10 15:40:00,549.802001953125,1000.0,0,0.0,1000.0
2026-06-10 15:45:00,544.1300048828125,1000.0,0,0.0,1000.0
2026-06-10 15:50:00,547.9199829101562,1000.0,0,0.0,1000.0
2026-06-10 15:55:00,551.2000122070312,1000.0,0,0.0,1000.0
2026-06-10 16:00:00,551.1199951171875,1000.0,0,0.0,1000.0
2026-06-10 16:05:00,549.0800170898438,1000.0,0,0.0,1000.0
2026-06-10 16:10:00,546.010009765625,1000.0,0,0.0,1000.0
2026-06-10 16:15:00,546.89501953125,1000.0,0,0.0,1000.0
2026-06-10 16:20:00,545.5700073242188,1000.0,0,0.0,1000.0
2026-06-10 16:25:00,546.8400268554688,1000.0,0,0.0,1000.0
2026-06-10 16:30:00,549.6599731445312,1000.0,0,0.0,1000.0
2026-06-10 16:35:00,550.301025390625,1000.0,0,0.0,1000.0
2026-06-10 16:40:00,547.2000122070312,1000.0,0,0.0,1000.0
2026-06-10 16:45:00,545.7999877929688,1000.0,0,0.0,1000.0
2026-06-10 16:50:00,545.97998046875,1000.0,0,0.0,1000.0
2026-06-10 16:55:00,545.9400024414062,1000.0,0,0.0,1000.0
2026-06-10 17:00:00,547.6199951171875,1000.0,0,0.0,1000.0
2026-06-10 17:05:00,544.9849853515625,1000.0,0,0.0,1000.0
2026-06-10 17:10:00,543.3787231445312,1000.0,0,0.0,1000.0
2026-06-10 17:15:00,543.510009765625,1000.0,0,0.0,1000.0
2026-06-10 17:20:00,544.2999877929688,1000.0,0,0.0,1000.0
2026-06-10 17:25:00,544.760009765625,1000.0,0,0.0,1000.0
2026-06-10 17:30:00,544.7899780273438,1000.0,0,0.0,1000.0
2026-06-10 17:35:00,544.0999755859375,1000.0,0,0.0,1000.0
2026-06-10 17:40:00,543.280029296875,1000.0,0,0.0,1000.0
2026-06-10 17:45:00,549.3560180664062,1000.0,0,0.0,1000.0
2026-06-10 17:50:00,548.9299926757812,1000.0,0,0.0,1000.0
2026-06-10 17:55:00,550.1400146484375,1000.0,0,0.0,1000.0
2026-06-10 18:00:00,551.0499877929688,1000.0,0,0.0,1000.0
2026-06-10 18:05:00,548.2150268554688,1000.0,0,0.0,1000.0
2026-06-10 18:10:00,549.5999755859375,1000.0,0,0.0,1000.0
2026-06-10 18:15:00,547.1345825195312,1000.0,0,0.0,1000.0
2026-06-10 18:20:00,547.3200073242188,1000.0,0,0.0,1000.0
2026-06-10 18:25:00,546.6400146484375,1000.0,0,0.0,1000.0
2026-06-10 18:30:00,545.72998046875,1000.0,0,0.0,1000.0
2026-06-10 18:35:00,544.9400024414062,1000.0,0,0.0,1000.0
2026-06-10 18:40:00,545.219970703125,1000.0,0,0.0,1000.0
2026-06-10 18:45:00,543.969970703125,1000.0,0,0.0,1000.0
2026-06-10 18:50:00,543.4500122070312,1000.0,0,0.0,1000.0
2026-06-10 18:55:00,543.1199951171875,1000.0,0,0.0,1000.0
2026-06-10 19:00:00,544.4099731445312,1000.0,0,0.0,1000.0
2026-06-10 19:05:00,545.530029296875,1000.0,0,0.0,1000.0
2026-06-10 19:10:00,542.9749755859375,1000.0,0,0.0,1000.0
2026-06-10 19:15:00,540.3300170898438,1000.0,0,0.0,1000.0
2026-06-10 19:20:00,541.1799926757812,1000.0,0,0.0,1000.0
2026-06-10 19:25:00,542.489990234375,1000.0,0,0.0,1000.0
2026-06-10 19:30:00,544.280029296875,1000.0,0,0.0,1000.0
2026-06-10 19:35:00,545.989990234375,1000.0,0,0.0,1000.0
2026-06-10 19:40:00,544.5999755859375,1000.0,0,0.0,1000.0
2026-06-10 19:45:00,544.219970703125,1000.0,0,0.0,1000.0
2026-06-10 19:50:00,544.8599853515625,1000.0,0,0.0,1000.0
2026-06-10 19:55:00,541.8099975585938,1000.0,0,0.0,1000.0
