Date,Price,Cash,Inventory,Avg_Cost,Total_Value
2026-04-29 17:40:00,347.39990234375,1000.0,0,0.0,1000.0
2026-04-29 17:45:00,347.3800048828125,1000.0,0,0.0,1000.0
2026-04-29 17:50:00,347.2049865722656,1000.0,0,0.0,1000.0
2026-04-29 17:55:00,347.3900146484375,1000.0,0,0.0,1000.0
2026-04-29 18:00:00,346.7099914550781,1000.0,0,0.0,1000.0
2026-04-29 18:05:00,346.7300109863281,1000.0,0,0.0,1000.0
2026-04-29 18:10:00,347.3450012207031,1000.0,0,0.0,1000.0
2026-04-29 18:15:00,347.75,1000.0,0,0.0,1000.0
2026-04-29 18:20:00,347.5849914550781,1000.0,0,0.0,1000.0
2026-04-29 18:25:00,347.2099914550781,1000.0,0,0.0,1000.0
2026-04-29 18:30:00,347.2145080566406,1000.0,0,0.0,1000.0
2026-04-29 18:35:00,347.6499938964844,1000.0,0,0.0,1000.0
2026-04-29 18:40:00,347.2349853515625,1000.0,0,0.0,1000.0
2026-04-29 18:45:00,348.0150146484375,1000.0,0,0.0,1000.0
2026-04-29 18:50:00,348.1700134277344,1000.0,0,0.0,1000.0
2026-04-29 18:55:00,349.1099853515625,1000.0,0,0.0,1000.0
2026-04-29 19:00:00,348.8550109863281,1000.0,0,0.0,1000.0
2026-04-29 19:05:00,348.69000244140625,1000.0,0,0.0,1000.0
2026-04-29 19:10:00,348.9750061035156,1000.0,0,0.0,1000.0
2026-04-29 19:15:00,349.1400146484375,1000.0,0,0.0,1000.0
2026-04-29 19:20:00,349.2799072265625,1000.0,0,0.0,1000.0
2026-04-29 19:25:00,349.0,1000.0,0,0.0,1000.0
2026-04-29 19:30:00,348.6099853515625,1000.0,0,0.0,1000.0
2026-04-29 19:35:00,348.8500061035156,1000.0,0,0.0,1000.0
2026-04-29 19:40:00,348.2099914550781,1000.0,0,0.0,1000.0
2026-04-29 19:45:00,348.0799865722656,1000.0,0,0.0,1000.0
2026-04-29 19:50:00,347.75,1000.0,0,0.0,1000.0
2026-04-29 19:55:00,347.8699951171875,1000.0,0,0.0,1000.0
2026-04-30 13:30:00,369.5400085449219,1000.0,0,0.0,1000.0
2026-04-30 13:35:00,366.8200073242188,1000.0,0,0.0,1000.0
2026-04-30 13:40:00,366.6700134277344,1000.0,0,0.0,1000.0
2026-04-30 13:45:00,368.4700012207031,1000.0,0,0.0,1000.0
2026-04-30 13:50:00,366.260009765625,1000.0,0,0.0,1000.0
2026-04-30 13:55:00,367.1749877929688,1000.0,0,0.0,1000.0
2026-04-30 14:00:00,368.18011474609375,1000.0,0,0.0,1000.0
2026-04-30 14:05:00,367.8949890136719,1000.0,0,0.0,1000.0
2026-04-30 14:10:00,367.5150146484375,1000.0,0,0.0,1000.0
2026-04-30 14:15:00,365.5350036621094,1000.0,0,0.0,1000.0
2026-04-30 14:20:00,366.3500061035156,1000.0,0,0.0,1000.0
2026-04-30 14:25:00,366.2000122070313,1000.0,0,0.0,1000.0
2026-04-30 14:30:00,364.110107421875,1000.0,0,0.0,1000.0
2026-04-30 14:35:00,363.1799926757813,1000.0,0,0.0,1000.0
2026-04-30 14:40:00,365.2799987792969,1000.0,0,0.0,1000.0
2026-04-30 14:45:00,365.6300048828125,1000.0,0,0.0,1000.0
2026-04-30 14:50:00,367.3200073242188,1000.0,0,0.0,1000.0
2026-04-30 14:55:00,369.2749938964844,1000.0,0,0.0,1000.0
2026-04-30 15:00:00,370.7000122070313,1000.0,0,0.0,1000.0
2026-04-30 15:05:00,372.6174926757813,1000.0,0,0.0,1000.0
2026-04-30 15:10:00,374.7998962402344,1000.0,0,0.0,1000.0
2026-04-30 15:15:00,373.9800109863281,1000.0,0,0.0,1000.0
2026-04-30 15:20:00,373.6900024414063,1000.0,0,0.0,1000.0
2026-04-30 15:25:00,372.6994018554688,1000.0,0,0.0,1000.0
2026-04-30 15:30:00,372.7800903320313,1000.0,0,0.0,1000.0
2026-04-30 15:35:00,371.6600036621094,1000.0,0,0.0,1000.0
2026-04-30 15:40:00,371.0,1000.0,0,0.0,1000.0
2026-04-30 15:45:00,371.0499877929688,1000.0,0,0.0,1000.0
2026-04-30 15:50:00,371.6400146484375,1000.0,0,0.0,1000.0
2026-04-30 15:55:00,371.2749938964844,1000.0,0,0.0,1000.0
2026-04-30 16:00:00,371.0400085449219,1000.0,0,0.0,1000.0
2026-04-30 16:05:00,371.2099914550781,1000.0,0,0.0,1000.0
2026-04-30 16:10:00,373.385009765625,1000.0,0,0.0,1000.0
2026-04-30 16:15:00,374.4549865722656,1000.0,0,0.0,1000.0
2026-04-30 16:20:00,372.5899963378906,1000.0,0,0.0,1000.0
2026-04-30 16:25:00,373.2099914550781,1000.0,0,0.0,1000.0
2026-04-30 16:30:00,374.0499877929688,1000.0,0,0.0,1000.0
2026-04-30 16:35:00,373.6950073242188,1000.0,0,0.0,1000.0
2026-04-30 16:40:00,373.6050109863281,1000.0,0,0.0,1000.0
2026-04-30 16:45:00,374.3700866699219,1000.0,0,0.0,1000.0
2026-04-30 16:50:00,374.6400146484375,1000.0,0,0.0,1000.0
2026-04-30 16:55:00,374.6300048828125,1000.0,0,0.0,1000.0
2026-04-30 17:00:00,377.1600036621094,1000.0,0,0.0,1000.0
2026-04-30 17:05:00,378.0499877929688,1000.0,0,0.0,1000.0
2026-04-30 17:10:00,380.1700134277344,1000.0,0,0.0,1000.0
2026-04-30 17:15:00,379.5350036621094,1000.0,0,0.0,1000.0
2026-04-30 17:20:00,379.7900085449219,1000.0,0,0.0,1000.0
2026-04-30 17:25:00,380.6400146484375,1000.0,0,0.0,1000.0
2026-04-30 17:30:00,379.6799926757813,1000.0,0,0.0,1000.0
2026-04-30 17:35:00,380.5499877929688,1000.0,0,0.0,1000.0
2026-04-30 17:40:00,379.6549987792969,1000.0,0,0.0,1000.0
2026-04-30 17:45:00,380.2149963378906,1000.0,0,0.0,1000.0
2026-04-30 17:50:00,379.9100036621094,1000.0,0,0.0,1000.0
2026-04-30 17:55:00,381.1400146484375,1000.0,0,0.0,1000.0
2026-04-30 18:00:00,381.75,1000.0,0,0.0,1000.0
2026-04-30 18:05:00,380.489990234375,1000.0,0,0.0,1000.0
2026-04-30 18:10:00,381.54010009765625,1000.0,0,0.0,1000.0
2026-04-30 18:15:00,381.4299926757813,1000.0,0,0.0,1000.0
2026-04-30 18:20:00,380.7999877929688,1000.0,0,0.0,1000.0
2026-04-30 18:25:00,381.2200012207031,1000.0,0,0.0,1000.0
2026-04-30 18:30:00,380.5299987792969,1000.0,0,0.0,1000.0
2026-04-30 18:35:00,379.7999877929688,1000.0,0,0.0,1000.0
2026-04-30 18:40:00,379.3699951171875,1000.0,0,0.0,1000.0
2026-04-30 18:45:00,378.5400085449219,1000.0,0,0.0,1000.0
2026-04-30 18:50:00,378.8399963378906,1000.0,0,0.0,1000.0
2026-04-30 18:55:00,378.5249938964844,1000.0,0,0.0,1000.0
2026-04-30 19:00:00,379.0299987792969,1000.0,0,0.0,1000.0
2026-04-30 19:05:00,379.9700012207031,1000.0,0,0.0,1000.0
2026-04-30 19:10:00,379.8399963378906,1000.0,0,0.0,1000.0
2026-04-30 19:15:00,379.2000122070313,1000.0,0,0.0,1000.0
2026-04-30 19:20:00,378.9750061035156,1000.0,0,0.0,1000.0
2026-04-30 19:25:00,378.3900146484375,1000.0,0,0.0,1000.0
2026-04-30 19:30:00,378.8399963378906,1000.0,0,0.0,1000.0
2026-04-30 19:35:00,379.3699951171875,1000.0,0,0.0,1000.0
2026-04-30 19:40:00,379.8399963378906,1000.0,0,0.0,1000.0
2026-04-30 19:45:00,379.8699035644531,1000.0,0,0.0,1000.0
2026-04-30 19:50:00,379.6300048828125,1000.0,0,0.0,1000.0
2026-04-30 19:55:00,382.0,1000.0,0,0.0,1000.0
2026-05-01 13:30:00,379.0799865722656,1000.0,0,0.0,1000.0
2026-05-01 13:35:00,379.0299987792969,1000.0,0,0.0,1000.0
2026-05-01 13:40:00,377.8093872070313,1000.0,0,0.0,1000.0
2026-05-01 13:45:00,377.3699951171875,1000.0,0,0.0,1000.0
2026-05-01 13:50:00,378.6499938964844,1000.0,0,0.0,1000.0
2026-05-01 13:55:00,380.9800109863281,1000.0,0,0.0,1000.0
2026-05-01 14:00:00,381.8009948730469,1000.0,0,0.0,1000.0
2026-05-01 14:05:00,380.7000122070313,1000.0,0,0.0,1000.0
2026-05-01 14:10:00,380.1300048828125,1000.0,0,0.0,1000.0
2026-05-01 14:15:00,381.2999877929688,1000.0,0,0.0,1000.0
2026-05-01 14:20:00,381.3198852539063,1000.0,0,0.0,1000.0
2026-05-01 14:25:00,381.4700012207031,1000.0,0,0.0,1000.0
2026-05-01 14:30:00,378.7749938964844,1000.0,0,0.0,1000.0
2026-05-01 14:35:00,378.4118041992188,1000.0,0,0.0,1000.0
2026-05-01 14:40:00,379.7999877929688,1000.0,0,0.0,1000.0
2026-05-01 14:45:00,380.6099853515625,1000.0,0,0.0,1000.0
2026-05-01 14:50:00,381.2049865722656,1000.0,0,0.0,1000.0
2026-05-01 14:55:00,381.1000061035156,1000.0,0,0.0,1000.0
2026-05-01 15:00:00,380.10101318359375,1000.0,0,0.0,1000.0
2026-05-01 15:05:00,380.510009765625,1000.0,0,0.0,1000.0
2026-05-01 15:10:00,380.6745910644531,1000.0,0,0.0,1000.0
2026-05-01 15:15:00,380.6900024414063,1000.0,0,0.0,1000.0
2026-05-01 15:20:00,381.9500122070313,1000.0,0,0.0,1000.0
2026-05-01 15:25:00,381.9601135253906,1000.0,0,0.0,1000.0
2026-05-01 15:30:00,382.7799987792969,1000.0,0,0.0,1000.0
2026-05-01 15:35:00,382.6278991699219,1000.0,0,0.0,1000.0
2026-05-01 15:40:00,381.8699951171875,1000.0,0,0.0,1000.0
2026-05-01 15:45:00,381.68011474609375,1000.0,0,0.0,1000.0
2026-05-01 15:50:00,380.3500061035156,1000.0,0,0.0,1000.0
2026-05-01 15:55:00,380.3599853515625,1000.0,0,0.0,1000.0
2026-05-01 16:00:00,380.6098937988281,1000.0,0,0.0,1000.0
2026-05-01 16:05:00,379.9800109863281,1000.0,0,0.0,1000.0
2026-05-01 16:10:00,380.94720458984375,1000.0,0,0.0,1000.0
2026-05-01 16:15:00,381.5499877929688,1000.0,0,0.0,1000.0
2026-05-01 16:20:00,381.2326965332031,1000.0,0,0.0,1000.0
2026-05-01 16:25:00,380.8999938964844,1000.0,0,0.0,1000.0
2026-05-01 16:30:00,381.2402038574219,1000.0,0,0.0,1000.0
2026-05-01 16:35:00,381.6900024414063,1000.0,0,0.0,1000.0
2026-05-01 16:40:00,380.5700073242188,1000.0,0,0.0,1000.0
2026-05-01 16:45:00,380.4849853515625,1000.0,0,0.0,1000.0
2026-05-01 16:50:00,381.3999938964844,1000.0,0,0.0,1000.0
2026-05-01 16:55:00,381.3200073242188,1000.0,0,0.0,1000.0
2026-05-01 17:00:00,381.61138916015625,1000.0,0,0.0,1000.0
2026-05-01 17:05:00,381.75,1000.0,0,0.0,1000.0
2026-05-01 17:10:00,381.8861083984375,1000.0,0,0.0,1000.0
2026-05-01 17:15:00,382.7300109863281,1000.0,0,0.0,1000.0
2026-05-01 17:20:00,382.5400085449219,1000.0,0,0.0,1000.0
2026-05-01 17:25:00,382.6499938964844,1000.0,0,0.0,1000.0
2026-05-01 17:30:00,381.8299865722656,1000.0,0,0.0,1000.0
2026-05-01 17:35:00,381.7900085449219,1000.0,0,0.0,1000.0
2026-05-01 17:40:00,381.9299926757813,1000.0,0,0.0,1000.0
2026-05-01 17:45:00,381.5499877929688,1000.0,0,0.0,1000.0
2026-05-01 17:50:00,381.7999877929688,1000.0,0,0.0,1000.0
2026-05-01 17:55:00,381.8200073242188,1000.0,0,0.0,1000.0
2026-05-01 18:00:00,381.9400024414063,1000.0,0,0.0,1000.0
2026-05-01 18:05:00,381.4649963378906,1000.0,0,0.0,1000.0
2026-05-01 18:10:00,381.1300048828125,1000.0,0,0.0,1000.0
2026-05-01 18:15:00,380.989990234375,1000.0,0,0.0,1000.0
2026-05-01 18:20:00,381.4201049804688,1000.0,0,0.0,1000.0
2026-05-01 18:25:00,381.6300048828125,1000.0,0,0.0,1000.0
2026-05-01 18:30:00,381.1400146484375,1000.0,0,0.0,1000.0
2026-05-01 18:35:00,381.1099853515625,1000.0,0,0.0,1000.0
2026-05-01 18:40:00,380.80999755859375,1000.0,0,0.0,1000.0
2026-05-01 18:45:00,379.8450012207031,1000.0,0,0.0,1000.0
2026-05-01 18:50:00,379.2999877929688,1000.0,0,0.0,1000.0
2026-05-01 18:55:00,380.3500061035156,1000.0,0,0.0,1000.0
2026-05-01 19:00:00,381.9200134277344,1000.0,0,0.0,1000.0
2026-05-01 19:05:00,381.6099853515625,1000.0,0,0.0,1000.0
2026-05-01 19:10:00,381.7200012207031,1000.0,0,0.0,1000.0
2026-05-01 19:15:00,381.6900024414063,1000.0,0,0.0,1000.0
2026-05-01 19:20:00,381.760009765625,1000.0,0,0.0,1000.0
2026-05-01 19:25:00,382.6799926757813,1000.0,0,0.0,1000.0
2026-05-01 19:30:00,382.8949890136719,1000.0,0,0.0,1000.0
2026-05-01 19:35:00,382.3800048828125,1000.0,0,0.0,1000.0
2026-05-01 19:40:00,382.5,1000.0,0,0.0,1000.0
2026-05-01 19:45:00,382.4999084472656,1000.0,0,0.0,1000.0
2026-05-01 19:50:00,382.6400146484375,1000.0,0,0.0,1000.0
2026-05-01 19:55:00,383.3900146484375,1000.0,0,0.0,1000.0
2026-05-04 13:30:00,381.0328063964844,1000.0,0,0.0,1000.0
2026-05-04 13:35:00,379.6400146484375,1000.0,0,0.0,1000.0
2026-05-04 13:40:00,379.7298889160156,1000.0,0,0.0,1000.0
2026-05-04 13:45:00,378.6650085449219,1000.0,0,0.0,1000.0
2026-05-04 13:50:00,377.9849853515625,1000.0,0,0.0,1000.0
2026-05-04 13:55:00,379.55999755859375,1000.0,0,0.0,1000.0
2026-05-04 14:00:00,378.7349853515625,1000.0,0,0.0,1000.0
2026-05-04 14:05:00,379.2799987792969,1000.0,0,0.0,1000.0
2026-05-04 14:10:00,379.489990234375,1000.0,0,0.0,1000.0
2026-05-04 14:15:00,380.4700012207031,1000.0,0,0.0,1000.0
2026-05-04 14:20:00,379.5050048828125,1000.0,0,0.0,1000.0
2026-05-04 14:25:00,378.9500122070313,1000.0,0,0.0,1000.0
2026-05-04 14:30:00,379.5150146484375,1000.0,0,0.0,1000.0
2026-05-04 14:35:00,378.8500061035156,1000.0,0,0.0,1000.0
2026-05-04 14:40:00,380.1499938964844,1000.0,0,0.0,1000.0
2026-05-04 14:45:00,379.6199951171875,1000.0,0,0.0,1000.0
2026-05-04 14:50:00,379.8049926757813,1000.0,0,0.0,1000.0
2026-05-04 14:55:00,379.2099914550781,1000.0,0,0.0,1000.0
2026-05-04 15:00:00,379.58990478515625,1000.0,0,0.0,1000.0
2026-05-04 15:05:00,379.4175109863281,1000.0,0,0.0,1000.0
2026-05-04 15:10:00,378.0899963378906,1000.0,0,0.0,1000.0
2026-05-04 15:15:00,377.5199890136719,1000.0,0,0.0,1000.0
2026-05-04 15:20:00,377.8699951171875,1000.0,0,0.0,1000.0
2026-05-04 15:25:00,378.6499938964844,1000.0,0,0.0,1000.0
2026-05-04 15:30:00,378.2999877929688,1000.0,0,0.0,1000.0
2026-05-04 15:35:00,378.6099853515625,1000.0,0,0.0,1000.0
2026-05-04 15:40:00,379.0799865722656,1000.0,0,0.0,1000.0
2026-05-04 15:45:00,379.385009765625,1000.0,0,0.0,1000.0
2026-05-04 15:50:00,380.125,1000.0,0,0.0,1000.0
2026-05-04 15:55:00,380.2200927734375,1000.0,0,0.0,1000.0
2026-05-04 16:00:00,379.9299926757813,1000.0,0,0.0,1000.0
2026-05-04 16:05:00,379.239990234375,1000.0,0,0.0,1000.0
2026-05-04 16:10:00,379.0299987792969,1000.0,0,0.0,1000.0
2026-05-04 16:15:00,379.4599914550781,1000.0,0,0.0,1000.0
2026-05-04 16:20:00,380.0,1000.0,0,0.0,1000.0
2026-05-04 16:25:00,379.7532958984375,1000.0,0,0.0,1000.0
2026-05-04 16:30:00,379.7699890136719,1000.0,0,0.0,1000.0
2026-05-04 16:35:00,380.1099853515625,1000.0,0,0.0,1000.0
2026-05-04 16:40:00,380.1749877929688,1000.0,0,0.0,1000.0
2026-05-04 16:45:00,379.9551086425781,1000.0,0,0.0,1000.0
2026-05-04 16:50:00,379.85009765625,1000.0,0,0.0,1000.0
2026-05-04 16:55:00,380.5299987792969,1000.0,0,0.0,1000.0
2026-05-04 17:00:00,380.7099914550781,1000.0,0,0.0,1000.0
2026-05-04 17:05:00,380.6499938964844,1000.0,0,0.0,1000.0
2026-05-04 17:10:00,380.6400146484375,1000.0,0,0.0,1000.0
2026-05-04 17:15:00,381.1401062011719,1000.0,0,0.0,1000.0
2026-05-04 17:20:00,380.7950134277344,1000.0,0,0.0,1000.0
2026-05-04 17:25:00,380.9400024414063,1000.0,0,0.0,1000.0
2026-05-04 17:30:00,380.6700134277344,1000.0,0,0.0,1000.0
2026-05-04 17:35:00,380.7821960449219,1000.0,0,0.0,1000.0
2026-05-04 17:40:00,380.79010009765625,1000.0,0,0.0,1000.0
2026-05-04 17:45:00,380.9400024414063,1000.0,0,0.0,1000.0
2026-05-04 17:50:00,381.6400146484375,1000.0,0,0.0,1000.0
2026-05-04 17:55:00,381.55999755859375,1000.0,0,0.0,1000.0
2026-05-04 18:00:00,381.3250122070313,1000.0,0,0.0,1000.0
2026-05-04 18:05:00,381.1749877929688,1000.0,0,0.0,1000.0
2026-05-04 18:10:00,381.1300048828125,1000.0,0,0.0,1000.0
2026-05-04 18:15:00,381.1199951171875,1000.0,0,0.0,1000.0
2026-05-04 18:20:00,381.0083923339844,1000.0,0,0.0,1000.0
2026-05-04 18:25:00,380.9299926757813,1000.0,0,0.0,1000.0
2026-05-04 18:30:00,380.5028991699219,1000.0,0,0.0,1000.0
2026-05-04 18:35:00,380.3900146484375,1000.0,0,0.0,1000.0
2026-05-04 18:40:00,380.2799987792969,1000.0,0,0.0,1000.0
2026-05-04 18:45:00,380.4501037597656,1000.0,0,0.0,1000.0
2026-05-04 18:50:00,379.7099914550781,1000.0,0,0.0,1000.0
2026-05-04 18:55:00,379.8150024414063,1000.0,0,0.0,1000.0
2026-05-04 19:00:00,379.5150146484375,1000.0,0,0.0,1000.0
2026-05-04 19:05:00,379.9599914550781,1000.0,0,0.0,1000.0
2026-05-04 19:10:00,379.80999755859375,1000.0,0,0.0,1000.0
2026-05-04 19:15:00,379.8200073242188,1000.0,0,0.0,1000.0
2026-05-04 19:20:00,379.68499755859375,1000.0,0,0.0,1000.0
2026-05-04 19:25:00,379.75,1000.0,0,0.0,1000.0
2026-05-04 19:30:00,380.0849914550781,1000.0,0,0.0,1000.0
2026-05-04 19:35:00,379.9700012207031,1000.0,0,0.0,1000.0
2026-05-04 19:40:00,379.5799865722656,1000.0,0,0.0,1000.0
2026-05-04 19:45:00,379.9249877929688,1000.0,0,0.0,1000.0
2026-05-04 19:50:00,379.8299865722656,1000.0,0,0.0,1000.0
2026-05-04 19:55:00,379.489990234375,1000.0,0,0.0,1000.0
2026-05-05 13:30:00,383.80999755859375,1000.0,0,0.0,1000.0
2026-05-05 13:35:00,386.1400146484375,1000.0,0,0.0,1000.0
2026-05-05 13:40:00,388.4100036621094,1000.0,0,0.0,1000.0
2026-05-05 13:45:00,387.3500061035156,1000.0,0,0.0,1000.0
2026-05-05 13:50:00,385.7999877929688,1000.0,0,0.0,1000.0
2026-05-05 13:55:00,384.4599914550781,1000.0,0,0.0,1000.0
2026-05-05 14:00:00,384.9299926757813,1000.0,0,0.0,1000.0
2026-05-05 14:05:00,384.6749877929688,1000.0,0,0.0,1000.0
2026-05-05 14:10:00,383.3900146484375,1000.0,0,0.0,1000.0
2026-05-05 14:15:00,383.2699890136719,1000.0,0,0.0,1000.0
2026-05-05 14:20:00,383.9800109863281,1000.0,0,0.0,1000.0
2026-05-05 14:25:00,384.5050048828125,1000.0,0,0.0,1000.0
2026-05-05 14:30:00,384.7300109863281,1000.0,0,0.0,1000.0
2026-05-05 14:35:00,385.1099853515625,1000.0,0,0.0,1000.0
2026-05-05 14:40:00,384.1549987792969,1000.0,0,0.0,1000.0
2026-05-05 14:45:00,384.0849914550781,1000.0,0,0.0,1000.0
2026-05-05 14:50:00,384.3049926757813,1000.0,0,0.0,1000.0
2026-05-05 14:55:00,384.3800048828125,1000.0,0,0.0,1000.0
2026-05-05 15:00:00,384.1199951171875,1000.0,0,0.0,1000.0
2026-05-05 15:05:00,384.3200073242188,1000.0,0,0.0,1000.0
2026-05-05 15:10:00,384.7799987792969,1000.0,0,0.0,1000.0
2026-05-05 15:15:00,384.7200012207031,1000.0,0,0.0,1000.0
2026-05-05 15:20:00,384.9200134277344,1000.0,0,0.0,1000.0
2026-05-05 15:25:00,384.9877014160156,1000.0,0,0.0,1000.0
2026-05-05 15:30:00,384.80999755859375,1000.0,0,0.0,1000.0
2026-05-05 15:35:00,385.1099853515625,1000.0,0,0.0,1000.0
2026-05-05 15:40:00,385.55999755859375,1000.0,0,0.0,1000.0
2026-05-05 15:45:00,385.1499938964844,1000.0,0,0.0,1000.0
2026-05-05 15:50:00,385.0700073242188,1000.0,0,0.0,1000.0
2026-05-05 15:55:00,383.5499877929688,1000.0,0,0.0,1000.0
2026-05-05 16:00:00,384.0799865722656,1000.0,0,0.0,1000.0
2026-05-05 16:05:00,383.8550109863281,1000.0,0,0.0,1000.0
2026-05-05 16:10:00,384.25,1000.0,0,0.0,1000.0
2026-05-05 16:15:00,384.3999938964844,1000.0,0,0.0,1000.0
2026-05-05 16:20:00,384.0610046386719,1000.0,0,0.0,1000.0
2026-05-05 16:25:00,383.6700134277344,1000.0,0,0.0,1000.0
2026-05-05 16:30:00,383.6300048828125,1000.0,0,0.0,1000.0
2026-05-05 16:35:00,383.4700012207031,1000.0,0,0.0,1000.0
2026-05-05 16:40:00,383.4400024414063,1000.0,0,0.0,1000.0
2026-05-05 16:45:00,383.3599853515625,1000.0,0,0.0,1000.0
2026-05-05 16:50:00,383.0801086425781,1000.0,0,0.0,1000.0
2026-05-05 16:55:00,382.4700012207031,1000.0,0,0.0,1000.0
2026-05-05 17:00:00,382.2300109863281,1000.0,0,0.0,1000.0
2026-05-05 17:05:00,381.864990234375,1000.0,0,0.0,1000.0
2026-05-05 17:10:00,381.8999938964844,1000.0,0,0.0,1000.0
2026-05-05 17:15:00,381.0299987792969,1000.0,0,0.0,1000.0
2026-05-05 17:20:00,381.1400146484375,1000.0,0,0.0,1000.0
2026-05-05 17:25:00,381.0799865722656,1000.0,0,0.0,1000.0
2026-05-05 17:30:00,380.8279113769531,1000.0,0,0.0,1000.0
2026-05-05 17:35:00,381.5700073242188,1000.0,0,0.0,1000.0
2026-05-05 17:40:00,381.75,1000.0,0,0.0,1000.0
2026-05-05 17:45:00,381.9299926757813,1000.0,0,0.0,1000.0
2026-05-05 17:50:00,382.5101013183594,1000.0,0,0.0,1000.0
2026-05-05 17:55:00,382.1749877929688,1000.0,0,0.0,1000.0
2026-05-05 18:00:00,382.3450012207031,1000.0,0,0.0,1000.0
2026-05-05 18:05:00,382.1700134277344,1000.0,0,0.0,1000.0
2026-05-05 18:10:00,382.597900390625,1000.0,0,0.0,1000.0
2026-05-05 18:15:00,382.7001037597656,1000.0,0,0.0,1000.0
2026-05-05 18:20:00,382.5141906738281,1000.0,0,0.0,1000.0
2026-05-05 18:25:00,382.0950012207031,1000.0,0,0.0,1000.0
2026-05-05 18:30:00,381.8900146484375,1000.0,0,0.0,1000.0
2026-05-05 18:35:00,382.0799865722656,1000.0,0,0.0,1000.0
2026-05-05 18:40:00,382.2300109863281,1000.0,0,0.0,1000.0
2026-05-05 18:45:00,382.1700134277344,1000.0,0,0.0,1000.0
2026-05-05 18:50:00,381.9400024414063,1000.0,0,0.0,1000.0
2026-05-05 18:55:00,382.3500061035156,1000.0,0,0.0,1000.0
2026-05-05 19:00:00,382.4150085449219,1000.0,0,0.0,1000.0
2026-05-05 19:05:00,382.5549926757813,1000.0,0,0.0,1000.0
2026-05-05 19:10:00,382.6099853515625,1000.0,0,0.0,1000.0
2026-05-05 19:15:00,383.0700073242188,1000.0,0,0.0,1000.0
2026-05-05 19:20:00,383.2099914550781,1000.0,0,0.0,1000.0
2026-05-05 19:25:00,383.4183044433594,1000.0,0,0.0,1000.0
2026-05-05 19:30:00,383.7799987792969,1000.0,0,0.0,1000.0
2026-05-05 19:35:00,383.6099853515625,1000.0,0,0.0,1000.0
2026-05-05 19:40:00,383.7200012207031,1000.0,0,0.0,1000.0
2026-05-05 19:45:00,383.6600036621094,1000.0,0,0.0,1000.0
2026-05-05 19:50:00,383.7699890136719,1000.0,0,0.0,1000.0
2026-05-05 19:55:00,384.2699890136719,1000.0,0,0.0,1000.0
2026-05-06 13:30:00,389.0899963378906,1000.0,0,0.0,1000.0
2026-05-06 13:35:00,391.375,1000.0,0,0.0,1000.0
2026-05-06 13:40:00,391.6319885253906,1000.0,0,0.0,1000.0
2026-05-06 13:45:00,392.885009765625,1000.0,0,0.0,1000.0
2026-05-06 13:50:00,390.4400024414063,1000.0,0,0.0,1000.0
2026-05-06 13:55:00,390.2650146484375,1000.0,0,0.0,1000.0
2026-05-06 14:00:00,390.0700073242188,1000.0,0,0.0,1000.0
2026-05-06 14:05:00,391.0199890136719,1000.0,0,0.0,1000.0
2026-05-06 14:10:00,392.0799865722656,1000.0,0,0.0,1000.0
2026-05-06 14:15:00,390.8550109863281,1000.0,0,0.0,1000.0
2026-05-06 14:20:00,392.0799865722656,1000.0,0,0.0,1000.0
2026-05-06 14:25:00,389.91400146484375,1000.0,0,0.0,1000.0
2026-05-06 14:30:00,390.7449951171875,1000.0,0,0.0,1000.0
2026-05-06 14:35:00,391.9100036621094,1000.0,0,0.0,1000.0
2026-05-06 14:40:00,392.3999938964844,1000.0,0,0.0,1000.0
2026-05-06 14:45:00,393.4800109863281,1000.0,0,0.0,1000.0
2026-05-06 14:50:00,393.0010986328125,1000.0,0,0.0,1000.0
2026-05-06 14:55:00,394.0849914550781,1000.0,0,0.0,1000.0
2026-05-06 15:00:00,393.9200134277344,1000.0,0,0.0,1000.0
2026-05-06 15:05:00,393.4700012207031,1000.0,0,0.0,1000.0
2026-05-06 15:10:00,391.9400024414063,1000.0,0,0.0,1000.0
2026-05-06 15:15:00,391.7799987792969,1000.0,0,0.0,1000.0
2026-05-06 15:20:00,392.2744140625,1000.0,0,0.0,1000.0
2026-05-06 15:25:00,392.3800048828125,1000.0,0,0.0,1000.0
2026-05-06 15:30:00,392.4700012207031,1000.0,0,0.0,1000.0
2026-05-06 15:35:00,392.7799987792969,1000.0,0,0.0,1000.0
2026-05-06 15:40:00,393.3299865722656,1000.0,0,0.0,1000.0
2026-05-06 15:45:00,393.7000122070313,1000.0,0,0.0,1000.0
2026-05-06 15:50:00,393.8999938964844,1000.0,0,0.0,1000.0
2026-05-06 15:55:00,393.9599914550781,1000.0,0,0.0,1000.0
2026-05-06 16:00:00,393.80999755859375,1000.0,0,0.0,1000.0
2026-05-06 16:05:00,393.8299865722656,1000.0,0,0.0,1000.0
2026-05-06 16:10:00,396.0899963378906,1000.0,0,0.0,1000.0
2026-05-06 16:15:00,395.9049987792969,1000.0,0,0.0,1000.0
2026-05-06 16:20:00,395.6700134277344,1000.0,0,0.0,1000.0
2026-05-06 16:25:00,396.0400085449219,1000.0,0,0.0,1000.0
2026-05-06 16:30:00,395.9500122070313,1000.0,0,0.0,1000.0
2026-05-06 16:35:00,396.0799865722656,1000.0,0,0.0,1000.0
2026-05-06 16:40:00,395.18499755859375,1000.0,0,0.0,1000.0
2026-05-06 16:45:00,394.9299926757813,1000.0,0,0.0,1000.0
2026-05-06 16:50:00,394.739990234375,1000.0,0,0.0,1000.0
2026-05-06 16:55:00,394.9649963378906,1000.0,0,0.0,1000.0
2026-05-06 17:00:00,395.4599914550781,1000.0,0,0.0,1000.0
2026-05-06 17:05:00,395.9299926757813,1000.0,0,0.0,1000.0
2026-05-06 17:10:00,395.5499877929688,1000.0,0,0.0,1000.0
2026-05-06 17:15:00,395.6900024414063,1000.0,0,0.0,1000.0
2026-05-06 17:20:00,394.6484069824219,1000.0,0,0.0,1000.0
2026-05-06 17:25:00,394.5499877929688,1000.0,0,0.0,1000.0
2026-05-06 17:30:00,394.2898864746094,1000.0,0,0.0,1000.0
2026-05-06 17:35:00,394.3500061035156,1000.0,0,0.0,1000.0
2026-05-06 17:40:00,394.0400085449219,1000.0,0,0.0,1000.0
2026-05-06 17:45:00,394.7001037597656,1000.0,0,0.0,1000.0
2026-05-06 17:50:00,394.5256042480469,1000.0,0,0.0,1000.0
2026-05-06 17:55:00,394.1099853515625,1000.0,0,0.0,1000.0
2026-05-06 18:00:00,393.7099914550781,1000.0,0,0.0,1000.0
2026-05-06 18:05:00,393.1700134277344,1000.0,0,0.0,1000.0
2026-05-06 18:10:00,393.489990234375,1000.0,0,0.0,1000.0
2026-05-06 18:15:00,393.3900146484375,1000.0,0,0.0,1000.0
2026-05-06 18:20:00,392.635009765625,1000.0,0,0.0,1000.0
2026-05-06 18:25:00,392.364990234375,1000.0,0,0.0,1000.0
2026-05-06 18:30:00,392.739990234375,1000.0,0,0.0,1000.0
2026-05-06 18:35:00,392.5450134277344,1000.0,0,0.0,1000.0
2026-05-06 18:40:00,392.6600036621094,1000.0,0,0.0,1000.0
2026-05-06 18:45:00,393.1499938964844,1000.0,0,0.0,1000.0
2026-05-06 18:50:00,393.4249877929688,1000.0,0,0.0,1000.0
2026-05-06 18:55:00,393.6099853515625,1000.0,0,0.0,1000.0
2026-05-06 19:00:00,393.4999084472656,1000.0,0,0.0,1000.0
2026-05-06 19:05:00,393.0499877929688,1000.0,0,0.0,1000.0
2026-05-06 19:10:00,392.9500122070313,1000.0,0,0.0,1000.0
2026-05-06 19:15:00,391.8200073242188,1000.0,0,0.0,1000.0
2026-05-06 19:20:00,392.4599914550781,1000.0,0,0.0,1000.0
2026-05-06 19:25:00,392.260009765625,1000.0,0,0.0,1000.0
2026-05-06 19:30:00,392.7699890136719,1000.0,0,0.0,1000.0
2026-05-06 19:35:00,393.1300048828125,1000.0,0,0.0,1000.0
2026-05-06 19:40:00,393.4100036621094,1000.0,0,0.0,1000.0
2026-05-06 19:45:00,393.3299865722656,1000.0,0,0.0,1000.0
2026-05-06 19:50:00,395.0799865722656,1000.0,0,0.0,1000.0
2026-05-06 19:55:00,394.989990234375,1000.0,0,0.0,1000.0
2026-05-07 13:30:00,395.1000061035156,1000.0,0,0.0,1000.0
2026-05-07 13:35:00,395.9000854492188,1000.0,0,0.0,1000.0
2026-05-07 13:40:00,394.4299926757813,1000.0,0,0.0,1000.0
2026-05-07 13:45:00,393.3800048828125,1000.0,0,0.0,1000.0
2026-05-07 13:50:00,394.3237915039063,1000.0,0,0.0,1000.0
2026-05-07 13:55:00,394.5499877929688,1000.0,0,0.0,1000.0
2026-05-07 14:00:00,394.2550048828125,1000.0,0,0.0,1000.0
2026-05-07 14:05:00,393.9500122070313,1000.0,0,0.0,1000.0
2026-05-07 14:10:00,393.739990234375,1000.0,0,0.0,1000.0
2026-05-07 14:15:00,393.1998901367188,1000.0,0,0.0,1000.0
2026-05-07 14:20:00,394.1700134277344,1000.0,0,0.0,1000.0
2026-05-07 14:25:00,394.30999755859375,1000.0,0,0.0,1000.0
2026-05-07 14:30:00,393.3800048828125,1000.0,0,0.0,1000.0
2026-05-07 14:35:00,393.14990234375,1000.0,0,0.0,1000.0
2026-05-07 14:40:00,393.2799987792969,1000.0,0,0.0,1000.0
2026-05-07 14:45:00,393.5499877929688,1000.0,0,0.0,1000.0
2026-05-07 14:50:00,393.9500122070313,1000.0,0,0.0,1000.0
2026-05-07 14:55:00,394.0801086425781,1000.0,0,0.0,1000.0
2026-05-07 15:00:00,393.9800109863281,1000.0,0,0.0,1000.0
2026-05-07 15:05:00,393.8250122070313,1000.0,0,0.0,1000.0
2026-05-07 15:10:00,393.2749938964844,1000.0,0,0.0,1000.0
2026-05-07 15:15:00,393.2850036621094,1000.0,0,0.0,1000.0
2026-05-07 15:20:00,393.3299865722656,1000.0,0,0.0,1000.0
2026-05-07 15:25:00,393.8999938964844,1000.0,0,0.0,1000.0
2026-05-07 15:30:00,393.4224853515625,1000.0,0,0.0,1000.0
2026-05-07 15:35:00,393.2001037597656,1000.0,0,0.0,1000.0
2026-05-07 15:40:00,393.2200012207031,1000.0,0,0.0,1000.0
2026-05-07 15:45:00,393.6300048828125,1000.0,0,0.0,1000.0
2026-05-07 15:50:00,393.5299987792969,1000.0,0,0.0,1000.0
2026-05-07 15:55:00,392.4949951171875,1000.0,0,0.0,1000.0
2026-05-07 16:00:00,392.25,1000.0,0,0.0,1000.0
2026-05-07 16:05:00,392.3949890136719,1000.0,0,0.0,1000.0
2026-05-07 16:10:00,391.8500061035156,1000.0,0,0.0,1000.0
2026-05-07 16:15:00,390.7300109863281,1000.0,0,0.0,1000.0
2026-05-07 16:20:00,391.1700134277344,1000.0,0,0.0,1000.0
2026-05-07 16:25:00,391.9750061035156,1000.0,0,0.0,1000.0
2026-05-07 16:30:00,392.5150146484375,1000.0,0,0.0,1000.0
2026-05-07 16:35:00,391.93499755859375,1000.0,0,0.0,1000.0
2026-05-07 16:40:00,392.1799926757813,1000.0,0,0.0,1000.0
2026-05-07 16:45:00,392.0899963378906,1000.0,0,0.0,1000.0
2026-05-07 16:50:00,391.8800048828125,1000.0,0,0.0,1000.0
2026-05-07 16:55:00,392.4100036621094,1000.0,0,0.0,1000.0
2026-05-07 17:00:00,392.1499938964844,1000.0,0,0.0,1000.0
2026-05-07 17:05:00,392.1900024414063,1000.0,0,0.0,1000.0
2026-05-07 17:10:00,392.375,1000.0,0,0.0,1000.0
2026-05-07 17:15:00,393.1950073242188,1000.0,0,0.0,1000.0
2026-05-07 17:20:00,393.8299865722656,1000.0,0,0.0,1000.0
2026-05-07 17:25:00,393.2799987792969,1000.0,0,0.0,1000.0
2026-05-07 17:30:00,392.9599914550781,1000.0,0,0.0,1000.0
2026-05-07 17:35:00,394.0498962402344,1000.0,0,0.0,1000.0
2026-05-07 17:40:00,393.8200988769531,1000.0,0,0.0,1000.0
2026-05-07 17:45:00,393.4150085449219,1000.0,0,0.0,1000.0
2026-05-07 17:50:00,393.2149963378906,1000.0,0,0.0,1000.0
2026-05-07 17:55:00,394.1199035644531,1000.0,0,0.0,1000.0
2026-05-07 18:00:00,393.3999938964844,1000.0,0,0.0,1000.0
2026-05-07 18:05:00,393.7300109863281,1000.0,0,0.0,1000.0
2026-05-07 18:10:00,394.0350036621094,1000.0,0,0.0,1000.0
2026-05-07 18:15:00,394.6700134277344,1000.0,0,0.0,1000.0
2026-05-07 18:20:00,393.80999755859375,1000.0,0,0.0,1000.0
2026-05-07 18:25:00,393.9500122070313,1000.0,0,0.0,1000.0
2026-05-07 18:30:00,394.4450073242188,1000.0,0,0.0,1000.0
2026-05-07 18:35:00,394.30999755859375,1000.0,0,0.0,1000.0
2026-05-07 18:40:00,393.8500061035156,1000.0,0,0.0,1000.0
2026-05-07 18:45:00,394.0499877929688,1000.0,0,0.0,1000.0
2026-05-07 18:50:00,394.1343994140625,1000.0,0,0.0,1000.0
2026-05-07 18:55:00,394.2099914550781,1000.0,0,0.0,1000.0
2026-05-07 19:00:00,392.2999877929688,1000.0,0,0.0,1000.0
2026-05-07 19:05:00,392.3575134277344,1000.0,0,0.0,1000.0
2026-05-07 19:10:00,393.3699951171875,1000.0,0,0.0,1000.0
2026-05-07 19:15:00,393.0799865722656,1000.0,0,0.0,1000.0
2026-05-07 19:20:00,393.2200012207031,1000.0,0,0.0,1000.0
2026-05-07 19:25:00,393.3550109863281,1000.0,0,0.0,1000.0
2026-05-07 19:30:00,394.05999755859375,1000.0,0,0.0,1000.0
2026-05-07 19:35:00,394.1600036621094,1000.0,0,0.0,1000.0
2026-05-07 19:40:00,394.1400146484375,1000.0,0,0.0,1000.0
2026-05-07 19:45:00,394.2799987792969,1000.0,0,0.0,1000.0
2026-05-07 19:50:00,393.0950012207031,1000.0,0,0.0,1000.0
2026-05-07 19:55:00,395.2900085449219,1000.0,0,0.0,1000.0
2026-05-08 13:30:00,394.6600036621094,1000.0,0,0.0,1000.0
2026-05-08 13:35:00,394.5400085449219,1000.0,0,0.0,1000.0
2026-05-08 13:40:00,396.1499938964844,1000.0,0,0.0,1000.0
2026-05-08 13:45:00,397.6000061035156,1000.0,0,0.0,1000.0
2026-05-08 13:50:00,396.2200012207031,1000.0,0,0.0,1000.0
2026-05-08 13:55:00,396.4150085449219,1000.0,0,0.0,1000.0
2026-05-08 14:00:00,396.8949890136719,1000.0,0,0.0,1000.0
2026-05-08 14:05:00,397.6199951171875,1000.0,0,0.0,1000.0
2026-05-08 14:10:00,397.2598876953125,1000.0,0,0.0,1000.0
2026-05-08 14:15:00,396.1900024414063,1000.0,0,0.0,1000.0
2026-05-08 14:20:00,396.5899963378906,1000.0,0,0.0,1000.0
2026-05-08 14:25:00,396.4700012207031,1000.0,0,0.0,1000.0
2026-05-08 14:30:00,396.2999877929688,1000.0,0,0.0,1000.0
2026-05-08 14:35:00,396.43011474609375,1000.0,0,0.0,1000.0
2026-05-08 14:40:00,397.2999877929688,1000.0,0,0.0,1000.0
2026-05-08 14:45:00,396.9450073242188,1000.0,0,0.0,1000.0
2026-05-08 14:50:00,396.5199890136719,1000.0,0,0.0,1000.0
2026-05-08 14:55:00,396.4500122070313,1000.0,0,0.0,1000.0
2026-05-08 15:00:00,395.8450012207031,1000.0,0,0.0,1000.0
2026-05-08 15:05:00,395.822509765625,1000.0,0,0.0,1000.0
2026-05-08 15:10:00,395.4559020996094,1000.0,0,0.0,1000.0
2026-05-08 15:15:00,395.6099853515625,1000.0,0,0.0,1000.0
2026-05-08 15:20:00,396.1050109863281,1000.0,0,0.0,1000.0
2026-05-08 15:25:00,396.0976867675781,1000.0,0,0.0,1000.0
2026-05-08 15:30:00,395.3200988769531,1000.0,0,0.0,1000.0
2026-05-08 15:35:00,395.9150085449219,1000.0,0,0.0,1000.0
2026-05-08 15:40:00,396.0899963378906,1000.0,0,0.0,1000.0
2026-05-08 15:45:00,395.6086120605469,1000.0,0,0.0,1000.0
2026-05-08 15:50:00,396.0003967285156,1000.0,0,0.0,1000.0
2026-05-08 15:55:00,395.5,1000.0,0,0.0,1000.0
2026-05-08 16:00:00,395.5295104980469,1000.0,0,0.0,1000.0
2026-05-08 16:05:00,395.5046997070313,1000.0,0,0.0,1000.0
2026-05-08 16:10:00,396.0899963378906,1000.0,0,0.0,1000.0
2026-05-08 16:15:00,395.8500061035156,1000.0,0,0.0,1000.0
2026-05-08 16:20:00,395.6099853515625,1000.0,0,0.0,1000.0
2026-05-08 16:25:00,395.3200073242188,1000.0,0,0.0,1000.0
2026-05-08 16:30:00,395.3678894042969,1000.0,0,0.0,1000.0
2026-05-08 16:35:00,395.2999877929688,1000.0,0,0.0,1000.0
2026-05-08 16:40:00,394.4400024414063,1000.0,0,0.0,1000.0
2026-05-08 16:45:00,394.9299926757813,1000.0,0,0.0,1000.0
2026-05-08 16:50:00,394.43499755859375,1000.0,0,0.0,1000.0
2026-05-08 16:55:00,394.1000061035156,1000.0,0,0.0,1000.0
2026-05-08 17:00:00,394.260009765625,1000.0,0,0.0,1000.0
2026-05-08 17:05:00,394.5,1000.0,0,0.0,1000.0
2026-05-08 17:10:00,394.2999877929688,1000.0,0,0.0,1000.0
2026-05-08 17:15:00,394.75,1000.0,0,0.0,1000.0
2026-05-08 17:20:00,394.5,1000.0,0,0.0,1000.0
2026-05-08 17:25:00,394.5299987792969,1000.0,0,0.0,1000.0
2026-05-08 17:30:00,394.7640075683594,1000.0,0,0.0,1000.0
2026-05-08 17:35:00,394.8250122070313,1000.0,0,0.0,1000.0
2026-05-08 17:40:00,394.5549926757813,1000.0,0,0.0,1000.0
2026-05-08 17:45:00,394.7550048828125,1000.0,0,0.0,1000.0
2026-05-08 17:50:00,395.2300109863281,1000.0,0,0.0,1000.0
2026-05-08 17:55:00,395.30999755859375,1000.0,0,0.0,1000.0
2026-05-08 18:00:00,395.739990234375,1000.0,0,0.0,1000.0
2026-05-08 18:05:00,395.6000061035156,1000.0,0,0.0,1000.0
2026-05-08 18:10:00,395.7799987792969,1000.0,0,0.0,1000.0
2026-05-08 18:15:00,395.7950134277344,1000.0,0,0.0,1000.0
2026-05-08 18:20:00,395.9700012207031,1000.0,0,0.0,1000.0
2026-05-08 18:25:00,396.0299987792969,1000.0,0,0.0,1000.0
2026-05-08 18:30:00,396.1700134277344,1000.0,0,0.0,1000.0
2026-05-08 18:35:00,395.94830322265625,1000.0,0,0.0,1000.0
2026-05-08 18:40:00,395.8500061035156,1000.0,0,0.0,1000.0
2026-05-08 18:45:00,395.5899963378906,1000.0,0,0.0,1000.0
2026-05-08 18:50:00,395.510009765625,1000.0,0,0.0,1000.0
2026-05-08 18:55:00,395.7900085449219,1000.0,0,0.0,1000.0
2026-05-08 19:00:00,395.7799987792969,1000.0,0,0.0,1000.0
2026-05-08 19:05:00,395.8599853515625,1000.0,0,0.0,1000.0
2026-05-08 19:10:00,395.9750061035156,1000.0,0,0.0,1000.0
2026-05-08 19:15:00,396.0215148925781,1000.0,0,0.0,1000.0
2026-05-08 19:20:00,395.9500122070313,1000.0,0,0.0,1000.0
2026-05-08 19:25:00,395.8999938964844,1000.0,0,0.0,1000.0
2026-05-08 19:30:00,396.6521911621094,1000.0,0,0.0,1000.0
2026-05-08 19:35:00,396.8800048828125,1000.0,0,0.0,1000.0
2026-05-08 19:40:00,397.1199951171875,1000.0,0,0.0,1000.0
2026-05-08 19:45:00,397.6700134277344,1000.0,0,0.0,1000.0
2026-05-08 19:50:00,398.1799011230469,1000.0,0,0.0,1000.0
2026-05-08 19:55:00,397.0700073242188,1000.0,0,0.0,1000.0
2026-05-11 13:30:00,391.3699951171875,1000.0,0,0.0,1000.0
2026-05-11 13:35:00,392.4549865722656,1000.0,0,0.0,1000.0
2026-05-11 13:40:00,393.510009765625,1000.0,0,0.0,1000.0
2026-05-11 13:45:00,393.1199951171875,1000.0,0,0.0,1000.0
2026-05-11 13:50:00,392.658203125,1000.0,0,0.0,1000.0
2026-05-11 13:55:00,392.9800109863281,1000.0,0,0.0,1000.0
2026-05-11 14:00:00,392.614990234375,1000.0,0,0.0,1000.0
2026-05-11 14:05:00,391.9400024414063,1000.0,0,0.0,1000.0
2026-05-11 14:10:00,391.3800048828125,1000.0,0,0.0,1000.0
2026-05-11 14:15:00,391.3250122070313,1000.0,0,0.0,1000.0
2026-05-11 14:20:00,391.6099853515625,1000.0,0,0.0,1000.0
2026-05-11 14:25:00,389.8800048828125,1000.0,0,0.0,1000.0
2026-05-11 14:30:00,389.9299926757813,1000.0,0,0.0,1000.0
2026-05-11 14:35:00,390.7699890136719,1000.0,0,0.0,1000.0
2026-05-11 14:40:00,390.7000122070313,1000.0,0,0.0,1000.0
2026-05-11 14:45:00,390.97601318359375,1000.0,0,0.0,1000.0
2026-05-11 14:50:00,391.447509765625,1000.0,0,0.0,1000.0
2026-05-11 14:55:00,390.739990234375,1000.0,0,0.0,1000.0
2026-05-11 15:00:00,390.7301025390625,1000.0,0,0.0,1000.0
2026-05-11 15:05:00,391.0299987792969,1000.0,0,0.0,1000.0
2026-05-11 15:10:00,390.3900146484375,1000.0,0,0.0,1000.0
2026-05-11 15:15:00,390.239990234375,1000.0,0,0.0,1000.0
2026-05-11 15:20:00,390.1499938964844,1000.0,0,0.0,1000.0
2026-05-11 15:25:00,390.4599914550781,1000.0,0,0.0,1000.0
2026-05-11 15:30:00,390.739990234375,1000.0,0,0.0,1000.0
2026-05-11 15:35:00,390.4450073242188,1000.0,0,0.0,1000.0
2026-05-11 15:40:00,390.5700073242188,1000.0,0,0.0,1000.0
2026-05-11 15:45:00,390.3900146484375,1000.0,0,0.0,1000.0
2026-05-11 15:50:00,391.0849914550781,1000.0,0,0.0,1000.0
2026-05-11 15:55:00,391.3699035644531,1000.0,0,0.0,1000.0
2026-05-11 16:00:00,390.989990234375,1000.0,0,0.0,1000.0
2026-05-11 16:05:00,390.7300109863281,1000.0,0,0.0,1000.0
2026-05-11 16:10:00,390.9299926757813,1000.0,0,0.0,1000.0
2026-05-11 16:15:00,390.7799987792969,1000.0,0,0.0,1000.0
2026-05-11 16:20:00,390.6600036621094,1000.0,0,0.0,1000.0
2026-05-11 16:25:00,390.8949890136719,1000.0,0,0.0,1000.0
2026-05-11 16:30:00,391.1700134277344,1000.0,0,0.0,1000.0
2026-05-11 16:35:00,390.8349914550781,1000.0,0,0.0,1000.0
2026-05-11 16:40:00,390.8699951171875,1000.0,0,0.0,1000.0
2026-05-11 16:45:00,390.5199890136719,1000.0,0,0.0,1000.0
2026-05-11 16:50:00,390.7000122070313,1000.0,0,0.0,1000.0
2026-05-11 16:55:00,390.2401123046875,1000.0,0,0.0,1000.0
2026-05-11 17:00:00,390.4100036621094,1000.0,0,0.0,1000.0
2026-05-11 17:05:00,390.3999938964844,1000.0,0,0.0,1000.0
2026-05-11 17:10:00,389.6000061035156,1000.0,0,0.0,1000.0
2026-05-11 17:15:00,389.0950012207031,1000.0,0,0.0,1000.0
2026-05-11 17:20:00,389.3301086425781,1000.0,0,0.0,1000.0
2026-05-11 17:25:00,389.8900146484375,1000.0,0,0.0,1000.0
2026-05-11 17:30:00,389.9500122070313,1000.0,0,0.0,1000.0
2026-05-11 17:35:00,390.239990234375,1000.0,0,0.0,1000.0
2026-05-11 17:40:00,390.3800048828125,1000.0,0,0.0,1000.0
2026-05-11 17:45:00,390.0400085449219,1000.0,0,0.0,1000.0
2026-05-11 17:50:00,389.4400024414063,1000.0,0,0.0,1000.0
2026-05-11 17:55:00,389.7000122070313,1000.0,0,0.0,1000.0
2026-05-11 18:00:00,389.5849914550781,1000.0,0,0.0,1000.0
2026-05-11 18:05:00,389.5899963378906,1000.0,0,0.0,1000.0
2026-05-11 18:10:00,389.760009765625,1000.0,0,0.0,1000.0
2026-05-11 18:15:00,389.3500061035156,1000.0,0,0.0,1000.0
2026-05-11 18:20:00,389.3200073242188,1000.0,0,0.0,1000.0
2026-05-11 18:25:00,389.1701049804688,1000.0,0,0.0,1000.0
2026-05-11 18:30:00,388.6499938964844,1000.0,0,0.0,1000.0
2026-05-11 18:35:00,388.2300109863281,1000.0,0,0.0,1000.0
2026-05-11 18:40:00,388.3949890136719,1000.0,0,0.0,1000.0
2026-05-11 18:45:00,388.3200073242188,1000.0,0,0.0,1000.0
2026-05-11 18:50:00,388.0350036621094,1000.0,0,0.0,1000.0
2026-05-11 18:55:00,387.5098876953125,1000.0,0,0.0,1000.0
2026-05-11 19:00:00,387.30999755859375,1000.0,0,0.0,1000.0
2026-05-11 19:05:00,387.6499938964844,1000.0,0,0.0,1000.0
2026-05-11 19:10:00,387.7000122070313,1000.0,0,0.0,1000.0
2026-05-11 19:15:00,387.4049987792969,1000.0,0,0.0,1000.0
2026-05-11 19:20:00,386.9750061035156,1000.0,0,0.0,1000.0
2026-05-11 19:25:00,387.7999877929688,1000.0,0,0.0,1000.0
2026-05-11 19:30:00,387.8500061035156,1000.0,0,0.0,1000.0
2026-05-11 19:35:00,387.989990234375,1000.0,0,0.0,1000.0
2026-05-11 19:40:00,387.0899963378906,1000.0,0,0.0,1000.0
2026-05-11 19:45:00,387.1300048828125,1000.0,0,0.0,1000.0
2026-05-11 19:50:00,386.5499877929688,1000.0,0,0.0,1000.0
2026-05-11 19:55:00,386.739990234375,1000.0,0,0.0,1000.0
2026-05-12 13:30:00,383.8200073242188,1000.0,0,0.0,1000.0
2026-05-12 13:35:00,383.7300109863281,1000.0,0,0.0,1000.0
2026-05-12 13:40:00,385.4949951171875,1000.0,0,0.0,1000.0
2026-05-12 13:45:00,384.9200134277344,1000.0,0,0.0,1000.0
2026-05-12 13:50:00,384.5899963378906,1000.0,0,0.0,1000.0
2026-05-12 13:55:00,384.0700073242188,1000.0,0,0.0,1000.0
2026-05-12 14:00:00,383.0570068359375,1000.0,0,0.0,1000.0
2026-05-12 14:05:00,382.6900024414063,1000.0,0,0.0,1000.0
2026-05-12 14:10:00,383.6799926757813,1000.0,0,0.0,1000.0
2026-05-12 14:15:00,384.6000061035156,1000.0,0,0.0,1000.0
2026-05-12 14:20:00,384.25,1000.0,0,0.0,1000.0
2026-05-12 14:25:00,383.79400634765625,1000.0,0,0.0,1000.0
2026-05-12 14:30:00,384.1300048828125,1000.0,0,0.0,1000.0
2026-05-12 14:35:00,384.7999877929688,1000.0,0,0.0,1000.0
2026-05-12 14:40:00,383.75,1000.0,0,0.0,1000.0
2026-05-12 14:45:00,384.0450134277344,1000.0,0,0.0,1000.0
2026-05-12 14:50:00,384.2950134277344,1000.0,0,0.0,1000.0
2026-05-12 14:55:00,384.5899963378906,1000.0,0,0.0,1000.0
2026-05-12 15:00:00,384.6600036621094,1000.0,0,0.0,1000.0
2026-05-12 15:05:00,385.1400146484375,1000.0,0,0.0,1000.0
2026-05-12 15:10:00,384.9949951171875,1000.0,0,0.0,1000.0
2026-05-12 15:15:00,385.0350036621094,1000.0,0,0.0,1000.0
2026-05-12 15:20:00,384.739990234375,1000.0,0,0.0,1000.0
2026-05-12 15:25:00,385.1700134277344,1000.0,0,0.0,1000.0
2026-05-12 15:30:00,385.1499938964844,1000.0,0,0.0,1000.0
2026-05-12 15:35:00,384.5499877929688,1000.0,0,0.0,1000.0
2026-05-12 15:40:00,385.3349914550781,1000.0,0,0.0,1000.0
2026-05-12 15:45:00,385.3999938964844,1000.0,0,0.0,1000.0
2026-05-12 15:50:00,384.6799926757813,1000.0,0,0.0,1000.0
2026-05-12 15:55:00,383.760009765625,1000.0,0,0.0,1000.0
2026-05-12 16:00:00,383.989990234375,1000.0,0,0.0,1000.0
2026-05-12 16:05:00,383.5199890136719,1000.0,0,0.0,1000.0
2026-05-12 16:10:00,383.7427062988281,1000.0,0,0.0,1000.0
2026-05-12 16:15:00,383.0,1000.0,0,0.0,1000.0
2026-05-12 16:20:00,382.8275146484375,1000.0,0,0.0,1000.0
2026-05-12 16:25:00,383.2300109863281,1000.0,0,0.0,1000.0
2026-05-12 16:30:00,381.8349914550781,1000.0,0,0.0,1000.0
2026-05-12 16:35:00,381.5150146484375,1000.0,0,0.0,1000.0
2026-05-12 16:40:00,381.3399963378906,1000.0,0,0.0,1000.0
2026-05-12 16:45:00,381.0950012207031,1000.0,0,0.0,1000.0
2026-05-12 16:50:00,381.0799865722656,1000.0,0,0.0,1000.0
2026-05-12 16:55:00,380.510009765625,1000.0,0,0.0,1000.0
2026-05-12 17:00:00,380.4500122070313,1000.0,0,0.0,1000.0
2026-05-12 17:05:00,380.2900085449219,1000.0,0,0.0,1000.0
2026-05-12 17:10:00,380.1300048828125,1000.0,0,0.0,1000.0
2026-05-12 17:15:00,380.5,1000.0,0,0.0,1000.0
2026-05-12 17:20:00,381.80999755859375,1000.0,0,0.0,1000.0
2026-05-12 17:25:00,381.1700134277344,1000.0,0,0.0,1000.0
2026-05-12 17:30:00,381.4200134277344,1000.0,0,0.0,1000.0
2026-05-12 17:35:00,381.6300048828125,1000.0,0,0.0,1000.0
2026-05-12 17:40:00,381.614990234375,1000.0,0,0.0,1000.0
2026-05-12 17:45:00,381.3800048828125,1000.0,0,0.0,1000.0
2026-05-12 17:50:00,381.6099853515625,1000.0,0,0.0,1000.0
2026-05-12 17:55:00,381.5400085449219,1000.0,0,0.0,1000.0
2026-05-12 18:00:00,381.8900146484375,1000.0,0,0.0,1000.0
2026-05-12 18:05:00,381.8200073242188,1000.0,0,0.0,1000.0
2026-05-12 18:10:00,381.8599853515625,1000.0,0,0.0,1000.0
2026-05-12 18:15:00,381.5700073242188,1000.0,0,0.0,1000.0
2026-05-12 18:20:00,382.1700134277344,1000.0,0,0.0,1000.0
2026-05-12 18:25:00,382.6749877929688,1000.0,0,0.0,1000.0
2026-05-12 18:30:00,382.1499938964844,1000.0,0,0.0,1000.0
2026-05-12 18:35:00,381.7900085449219,1000.0,0,0.0,1000.0
2026-05-12 18:40:00,381.8599853515625,1000.0,0,0.0,1000.0
2026-05-12 18:45:00,381.3999938964844,1000.0,0,0.0,1000.0
2026-05-12 18:50:00,381.668212890625,1000.0,0,0.0,1000.0
2026-05-12 18:55:00,381.7799987792969,1000.0,0,0.0,1000.0
2026-05-12 19:00:00,381.5899963378906,1000.0,0,0.0,1000.0
2026-05-12 19:05:00,381.6600036621094,1000.0,0,0.0,1000.0
2026-05-12 19:10:00,382.0400085449219,1000.0,0,0.0,1000.0
2026-05-12 19:15:00,382.2300109863281,1000.0,0,0.0,1000.0
2026-05-12 19:20:00,382.7699890136719,1000.0,0,0.0,1000.0
2026-05-12 19:25:00,383.0,1000.0,0,0.0,1000.0
2026-05-12 19:30:00,382.7999877929688,1000.0,0,0.0,1000.0
2026-05-12 19:35:00,383.114990234375,1000.0,0,0.0,1000.0
2026-05-12 19:40:00,383.9800109863281,1000.0,0,0.0,1000.0
2026-05-12 19:45:00,383.6449890136719,1000.0,0,0.0,1000.0
2026-05-12 19:50:00,383.6300048828125,1000.0,0,0.0,1000.0
2026-05-12 19:55:00,383.9599914550781,1000.0,0,0.0,1000.0
2026-05-13 13:30:00,383.2001037597656,1000.0,0,0.0,1000.0
2026-05-13 13:35:00,383.5199890136719,1000.0,0,0.0,1000.0
2026-05-13 13:40:00,385.0799865722656,1000.0,0,0.0,1000.0
2026-05-13 13:45:00,385.0798950195313,1000.0,0,0.0,1000.0
2026-05-13 13:50:00,387.6099853515625,1000.0,0,0.0,1000.0
2026-05-13 13:55:00,387.5799865722656,1000.0,0,0.0,1000.0
2026-05-13 14:00:00,388.0499877929688,1000.0,0,0.0,1000.0
2026-05-13 14:05:00,387.989990234375,1000.0,0,0.0,1000.0
2026-05-13 14:10:00,389.010009765625,1000.0,0,0.0,1000.0
2026-05-13 14:15:00,389.9400024414063,1000.0,0,0.0,1000.0
2026-05-13 14:20:00,390.3699951171875,1000.0,0,0.0,1000.0
2026-05-13 14:25:00,391.05999755859375,1000.0,0,0.0,1000.0
2026-05-13 14:30:00,390.8800048828125,1000.0,0,0.0,1000.0
2026-05-13 14:35:00,389.989990234375,1000.0,0,0.0,1000.0
2026-05-13 14:40:00,390.75,1000.0,0,0.0,1000.0
2026-05-13 14:45:00,391.4400024414063,1000.0,0,0.0,1000.0
2026-05-13 14:50:00,392.4500122070313,1000.0,0,0.0,1000.0
2026-05-13 14:55:00,392.8500061035156,1000.0,0,0.0,1000.0
2026-05-13 15:00:00,393.30999755859375,1000.0,0,0.0,1000.0
2026-05-13 15:05:00,393.4400024414063,1000.0,0,0.0,1000.0
2026-05-13 15:10:00,393.2550048828125,1000.0,0,0.0,1000.0
2026-05-13 15:15:00,393.3687133789063,1000.0,0,0.0,1000.0
2026-05-13 15:20:00,393.30999755859375,1000.0,0,0.0,1000.0
2026-05-13 15:25:00,393.9700012207031,1000.0,0,0.0,1000.0
2026-05-13 15:30:00,393.7999877929688,1000.0,0,0.0,1000.0
2026-05-13 15:35:00,393.7614135742188,1000.0,0,0.0,1000.0
2026-05-13 15:40:00,394.05999755859375,1000.0,0,0.0,1000.0
2026-05-13 15:45:00,393.9800109863281,1000.0,0,0.0,1000.0
2026-05-13 15:50:00,393.9849853515625,1000.0,0,0.0,1000.0
2026-05-13 15:55:00,393.87200927734375,1000.0,0,0.0,1000.0
2026-05-13 16:00:00,394.4400024414063,1000.0,0,0.0,1000.0
2026-05-13 16:05:00,394.7999877929688,1000.0,0,0.0,1000.0
2026-05-13 16:10:00,395.1499938964844,1000.0,0,0.0,1000.0
2026-05-13 16:15:00,394.8900146484375,1000.0,0,0.0,1000.0
2026-05-13 16:20:00,395.6099853515625,1000.0,0,0.0,1000.0
2026-05-13 16:25:00,396.1300048828125,1000.0,0,0.0,1000.0
2026-05-13 16:30:00,396.1799926757813,1000.0,0,0.0,1000.0
2026-05-13 16:35:00,395.8299865722656,1000.0,0,0.0,1000.0
2026-05-13 16:40:00,396.2000122070313,1000.0,0,0.0,1000.0
2026-05-13 16:45:00,396.1400146484375,1000.0,0,0.0,1000.0
2026-05-13 16:50:00,396.7699890136719,1000.0,0,0.0,1000.0
2026-05-13 16:55:00,396.9500122070313,1000.0,0,0.0,1000.0
2026-05-13 17:00:00,397.625,1000.0,0,0.0,1000.0
2026-05-13 17:05:00,397.8099060058594,1000.0,0,0.0,1000.0
2026-05-13 17:10:00,397.7699890136719,1000.0,0,0.0,1000.0
2026-05-13 17:15:00,397.4200134277344,1000.0,0,0.0,1000.0
2026-05-13 17:20:00,397.010009765625,1000.0,0,0.0,1000.0
2026-05-13 17:25:00,397.55999755859375,1000.0,0,0.0,1000.0
2026-05-13 17:30:00,397.4949951171875,1000.0,0,0.0,1000.0
2026-05-13 17:35:00,397.5199890136719,1000.0,0,0.0,1000.0
2026-05-13 17:40:00,397.7699890136719,1000.0,0,0.0,1000.0
2026-05-13 17:45:00,397.9849853515625,1000.0,0,0.0,1000.0
2026-05-13 17:50:00,398.135009765625,1000.0,0,0.0,1000.0
2026-05-13 17:55:00,397.8800964355469,1000.0,0,0.0,1000.0
2026-05-13 18:00:00,398.7999877929688,1000.0,0,0.0,1000.0
2026-05-13 18:05:00,398.6099853515625,1000.0,0,0.0,1000.0
2026-05-13 18:10:00,399.0899963378906,1000.0,0,0.0,1000.0
2026-05-13 18:15:00,398.635009765625,1000.0,0,0.0,1000.0
2026-05-13 18:20:00,399.3800964355469,1000.0,0,0.0,1000.0
2026-05-13 18:25:00,399.7000122070313,1000.0,0,0.0,1000.0
2026-05-13 18:30:00,399.760009765625,1000.0,0,0.0,1000.0
2026-05-13 18:35:00,399.1900024414063,1000.0,0,0.0,1000.0
2026-05-13 18:40:00,398.5199890136719,1000.0,0,0.0,1000.0
2026-05-13 18:45:00,398.6200866699219,1000.0,0,0.0,1000.0
2026-05-13 18:50:00,398.4798889160156,1000.0,0,0.0,1000.0
2026-05-13 18:55:00,397.760009765625,1000.0,0,0.0,1000.0
2026-05-13 19:00:00,398.25,1000.0,0,0.0,1000.0
2026-05-13 19:05:00,398.8900146484375,1000.0,0,0.0,1000.0
2026-05-13 19:10:00,398.9700012207031,1000.0,0,0.0,1000.0
2026-05-13 19:15:00,398.8299865722656,1000.0,0,0.0,1000.0
2026-05-13 19:20:00,398.4100036621094,1000.0,0,0.0,1000.0
2026-05-13 19:25:00,399.1900024414063,1000.0,0,0.0,1000.0
2026-05-13 19:30:00,399.1099853515625,1000.0,0,0.0,1000.0
2026-05-13 19:35:00,399.0950012207031,1000.0,0,0.0,1000.0
2026-05-13 19:40:00,399.1929931640625,1000.0,0,0.0,1000.0
2026-05-13 19:45:00,399.4017028808594,1000.0,0,0.0,1000.0
2026-05-13 19:50:00,398.9700012207031,1000.0,0,0.0,1000.0
2026-05-13 19:55:00,399.1000061035156,1000.0,0,0.0,1000.0
2026-05-14 13:30:00,396.3999938964844,1000.0,0,0.0,1000.0
2026-05-14 13:35:00,395.8200073242188,1000.0,0,0.0,1000.0
2026-05-14 13:40:00,396.0799865722656,1000.0,0,0.0,1000.0
2026-05-14 13:45:00,396.8900146484375,1000.0,0,0.0,1000.0
2026-05-14 13:50:00,395.2300109863281,1000.0,0,0.0,1000.0
2026-05-14 13:55:00,394.6499938964844,1000.0,0,0.0,1000.0
2026-05-14 14:00:00,394.5299987792969,1000.0,0,0.0,1000.0
2026-05-14 14:05:00,394.8399963378906,1000.0,0,0.0,1000.0
2026-05-14 14:10:00,394.5299987792969,1000.0,0,0.0,1000.0
2026-05-14 14:15:00,395.1700134277344,1000.0,0,0.0,1000.0
2026-05-14 14:20:00,394.1700134277344,1000.0,0,0.0,1000.0
2026-05-14 14:25:00,393.05999755859375,1000.0,0,0.0,1000.0
2026-05-14 14:30:00,394.1679992675781,1000.0,0,0.0,1000.0
2026-05-14 14:35:00,394.0899963378906,1000.0,0,0.0,1000.0
2026-05-14 14:40:00,393.7799987792969,1000.0,0,0.0,1000.0
2026-05-14 14:45:00,393.7001037597656,1000.0,0,0.0,1000.0
2026-05-14 14:50:00,394.3699951171875,1000.0,0,0.0,1000.0
2026-05-14 14:55:00,394.4100036621094,1000.0,0,0.0,1000.0
2026-05-14 15:00:00,394.239990234375,1000.0,0,0.0,1000.0
2026-05-14 15:05:00,394.4150085449219,1000.0,0,0.0,1000.0
2026-05-14 15:10:00,394.489990234375,1000.0,0,0.0,1000.0
2026-05-14 15:15:00,394.80999755859375,1000.0,0,0.0,1000.0
2026-05-14 15:20:00,394.3999938964844,1000.0,0,0.0,1000.0
2026-05-14 15:25:00,394.8399963378906,1000.0,0,0.0,1000.0
2026-05-14 15:30:00,394.80999755859375,1000.0,0,0.0,1000.0
2026-05-14 15:35:00,395.8399963378906,1000.0,0,0.0,1000.0
2026-05-14 15:40:00,396.2999877929688,1000.0,0,0.0,1000.0
2026-05-14 15:45:00,396.2799987792969,1000.0,0,0.0,1000.0
2026-05-14 15:50:00,396.9500122070313,1000.0,0,0.0,1000.0
2026-05-14 15:55:00,398.3299865722656,1000.0,0,0.0,1000.0
2026-05-14 16:00:00,398.8150024414063,1000.0,0,0.0,1000.0
2026-05-14 16:05:00,397.7000122070313,1000.0,0,0.0,1000.0
2026-05-14 16:10:00,397.0799865722656,1000.0,0,0.0,1000.0
2026-05-14 16:15:00,396.7900085449219,1000.0,0,0.0,1000.0
2026-05-14 16:20:00,397.010009765625,1000.0,0,0.0,1000.0
2026-05-14 16:25:00,396.3399963378906,1000.0,0,0.0,1000.0
2026-05-14 16:30:00,395.68499755859375,1000.0,0,0.0,1000.0
2026-05-14 16:35:00,396.2099914550781,1000.0,0,0.0,1000.0
2026-05-14 16:40:00,396.010009765625,1000.0,0,0.0,1000.0
2026-05-14 16:45:00,396.6400146484375,1000.0,0,0.0,1000.0
2026-05-14 16:50:00,396.989990234375,1000.0,0,0.0,1000.0
2026-05-14 16:55:00,396.7322998046875,1000.0,0,0.0,1000.0
2026-05-14 17:00:00,397.3200073242188,1000.0,0,0.0,1000.0
2026-05-14 17:05:00,396.1400146484375,1000.0,0,0.0,1000.0
2026-05-14 17:10:00,395.631591796875,1000.0,0,0.0,1000.0
2026-05-14 17:15:00,396.1400146484375,1000.0,0,0.0,1000.0
2026-05-14 17:20:00,396.80999755859375,1000.0,0,0.0,1000.0
2026-05-14 17:25:00,397.4100036621094,1000.0,0,0.0,1000.0
2026-05-14 17:30:00,397.4100036621094,1000.0,0,0.0,1000.0
2026-05-14 17:35:00,398.1499938964844,1000.0,0,0.0,1000.0
2026-05-14 17:40:00,398.7099914550781,1000.0,0,0.0,1000.0
2026-05-14 17:45:00,398.6600036621094,1000.0,0,0.0,1000.0
2026-05-14 17:50:00,398.8800048828125,1000.0,0,0.0,1000.0
2026-05-14 17:55:00,398.5,1000.0,0,0.0,1000.0
2026-05-14 18:00:00,396.7799987792969,1000.0,0,0.0,1000.0
2026-05-14 18:05:00,396.7311096191406,1000.0,0,0.0,1000.0
2026-05-14 18:10:00,396.8699951171875,1000.0,0,0.0,1000.0
2026-05-14 18:15:00,397.0700073242188,1000.0,0,0.0,1000.0
2026-05-14 18:20:00,396.1499938964844,1000.0,0,0.0,1000.0
2026-05-14 18:25:00,396.0700073242188,1000.0,0,0.0,1000.0
2026-05-14 18:30:00,396.4400024414063,1000.0,0,0.0,1000.0
2026-05-14 18:35:00,396.1600036621094,1000.0,0,0.0,1000.0
2026-05-14 18:40:00,396.1499938964844,1000.0,0,0.0,1000.0
2026-05-14 18:45:00,396.1099853515625,1000.0,0,0.0,1000.0
2026-05-14 18:50:00,396.4049987792969,1000.0,0,0.0,1000.0
2026-05-14 18:55:00,396.6300048828125,1000.0,0,0.0,1000.0
2026-05-14 19:00:00,396.8500061035156,1000.0,0,0.0,1000.0
2026-05-14 19:05:00,397.0499877929688,1000.0,0,0.0,1000.0
2026-05-14 19:10:00,396.70599365234375,1000.0,0,0.0,1000.0
2026-05-14 19:15:00,396.8200073242188,1000.0,0,0.0,1000.0
2026-05-14 19:20:00,397.114990234375,1000.0,0,0.0,1000.0
2026-05-14 19:25:00,397.0400085449219,1000.0,0,0.0,1000.0
2026-05-14 19:30:00,396.9649963378906,1000.0,0,0.0,1000.0
2026-05-14 19:35:00,396.8900146484375,1000.0,0,0.0,1000.0
2026-05-14 19:40:00,396.989990234375,1000.0,0,0.0,1000.0
2026-05-14 19:45:00,396.55999755859375,1000.0,0,0.0,1000.0
2026-05-14 19:50:00,396.6210021972656,1000.0,0,0.0,1000.0
2026-05-14 19:55:00,397.2000122070313,1000.0,0,0.0,1000.0
2026-05-15 13:30:00,390.489990234375,1000.0,0,0.0,1000.0
2026-05-15 13:35:00,390.8999938964844,1000.0,0,0.0,1000.0
2026-05-15 13:40:00,392.0499877929688,1000.0,0,0.0,1000.0
2026-05-15 13:45:00,393.8999938964844,1000.0,0,0.0,1000.0
2026-05-15 13:50:00,395.1050109863281,1000.0,0,0.0,1000.0
2026-05-15 13:55:00,394.3150024414063,1000.0,0,0.0,1000.0
2026-05-15 14:00:00,394.2799987792969,1000.0,0,0.0,1000.0
2026-05-15 14:05:00,394.9700012207031,1000.0,0,0.0,1000.0
2026-05-15 14:10:00,395.3349914550781,1000.0,0,0.0,1000.0
2026-05-15 14:15:00,395.30999755859375,1000.0,0,0.0,1000.0
2026-05-15 14:20:00,394.9209899902344,1000.0,0,0.0,1000.0
2026-05-15 14:25:00,394.6025085449219,1000.0,0,0.0,1000.0
2026-05-15 14:30:00,395.0950012207031,1000.0,0,0.0,1000.0
2026-05-15 14:35:00,393.9400024414063,1000.0,0,0.0,1000.0
2026-05-15 14:40:00,393.9700012207031,1000.0,0,0.0,1000.0
2026-05-15 14:45:00,393.3900146484375,1000.0,0,0.0,1000.0
2026-05-15 14:50:00,393.8399963378906,1000.0,0,0.0,1000.0
2026-05-15 14:55:00,394.55999755859375,1000.0,0,0.0,1000.0
2026-05-15 15:00:00,394.1000061035156,1000.0,0,0.0,1000.0
2026-05-15 15:05:00,394.80999755859375,1000.0,0,0.0,1000.0
2026-05-15 15:10:00,394.1300964355469,1000.0,0,0.0,1000.0
2026-05-15 15:15:00,393.9100036621094,1000.0,0,0.0,1000.0
2026-05-15 15:20:00,393.6950073242188,1000.0,0,0.0,1000.0
2026-05-15 15:25:00,393.5899963378906,1000.0,0,0.0,1000.0
2026-05-15 15:30:00,393.2099914550781,1000.0,0,0.0,1000.0
2026-05-15 15:35:00,393.010009765625,1000.0,0,0.0,1000.0
2026-05-15 15:40:00,392.5050048828125,1000.0,0,0.0,1000.0
2026-05-15 15:45:00,391.55999755859375,1000.0,0,0.0,1000.0
2026-05-15 15:50:00,391.8900146484375,1000.0,0,0.0,1000.0
2026-05-15 15:55:00,392.5950012207031,1000.0,0,0.0,1000.0
2026-05-15 16:00:00,392.5,1000.0,0,0.0,1000.0
2026-05-15 16:05:00,392.55999755859375,1000.0,0,0.0,1000.0
2026-05-15 16:10:00,392.4649963378906,1000.0,0,0.0,1000.0
2026-05-15 16:15:00,392.3500061035156,1000.0,0,0.0,1000.0
2026-05-15 16:20:00,392.8599853515625,1000.0,0,0.0,1000.0
2026-05-15 16:25:00,393.3200988769531,1000.0,0,0.0,1000.0
2026-05-15 16:30:00,393.4500122070313,1000.0,0,0.0,1000.0
2026-05-15 16:35:00,393.239990234375,1000.0,0,0.0,1000.0
2026-05-15 16:40:00,392.9949951171875,1000.0,0,0.0,1000.0
2026-05-15 16:45:00,392.93499755859375,1000.0,0,0.0,1000.0
2026-05-15 16:50:00,392.3800048828125,1000.0,0,0.0,1000.0
2026-05-15 16:55:00,392.2850036621094,1000.0,0,0.0,1000.0
2026-05-15 17:00:00,392.6900024414063,1000.0,0,0.0,1000.0
2026-05-15 17:05:00,393.25,1000.0,0,0.0,1000.0
2026-05-15 17:10:00,393.6449890136719,1000.0,0,0.0,1000.0
2026-05-15 17:15:00,393.635009765625,1000.0,0,0.0,1000.0
2026-05-15 17:20:00,393.260009765625,1000.0,0,0.0,1000.0
2026-05-15 17:25:00,393.7099914550781,1000.0,0,0.0,1000.0
2026-05-15 17:30:00,394.0,1000.0,0,0.0,1000.0
2026-05-15 17:35:00,393.6099853515625,1000.0,0,0.0,1000.0
2026-05-15 17:40:00,393.2651062011719,1000.0,0,0.0,1000.0
2026-05-15 17:45:00,392.80999755859375,1000.0,0,0.0,1000.0
2026-05-15 17:50:00,393.0799865722656,1000.0,0,0.0,1000.0
2026-05-15 17:55:00,393.0549926757813,1000.0,0,0.0,1000.0
2026-05-15 18:00:00,393.2000122070313,1000.0,0,0.0,1000.0
2026-05-15 18:05:00,393.4100036621094,1000.0,0,0.0,1000.0
2026-05-15 18:10:00,393.0750122070313,1000.0,0,0.0,1000.0
2026-05-15 18:15:00,392.1900024414063,1000.0,0,0.0,1000.0
2026-05-15 18:20:00,392.5700073242188,1000.0,0,0.0,1000.0
2026-05-15 18:25:00,392.0299987792969,1000.0,0,0.0,1000.0
2026-05-15 18:30:00,391.6300048828125,1000.0,0,0.0,1000.0
2026-05-15 18:35:00,392.125,1000.0,0,0.0,1000.0
2026-05-15 18:40:00,392.1000061035156,1000.0,0,0.0,1000.0
2026-05-15 18:45:00,392.3599853515625,1000.0,0,0.0,1000.0
2026-05-15 18:50:00,392.6650085449219,1000.0,0,0.0,1000.0
2026-05-15 18:55:00,392.80999755859375,1000.0,0,0.0,1000.0
2026-05-15 19:00:00,392.2099914550781,1000.0,0,0.0,1000.0
2026-05-15 19:05:00,392.4599914550781,1000.0,0,0.0,1000.0
2026-05-15 19:10:00,392.5072937011719,1000.0,0,0.0,1000.0
2026-05-15 19:15:00,392.1740112304688,1000.0,0,0.0,1000.0
2026-05-15 19:20:00,392.2099914550781,1000.0,0,0.0,1000.0
2026-05-15 19:25:00,392.3699951171875,1000.0,0,0.0,1000.0
2026-05-15 19:30:00,392.55999755859375,1000.0,0,0.0,1000.0
2026-05-15 19:35:00,392.80999755859375,1000.0,0,0.0,1000.0
2026-05-15 19:40:00,392.7853088378906,1000.0,0,0.0,1000.0
2026-05-15 19:45:00,393.2850036621094,1000.0,0,0.0,1000.0
2026-05-15 19:50:00,392.3299865722656,1000.0,0,0.0,1000.0
2026-05-15 19:55:00,393.3800048828125,1000.0,0,0.0,1000.0
2026-05-18 13:30:00,394.0400085449219,1000.0,0,0.0,1000.0
2026-05-18 13:35:00,399.4299926757813,1000.0,0,0.0,1000.0
2026-05-18 13:40:00,396.989990234375,1000.0,0,0.0,1000.0
2026-05-18 13:45:00,398.5650024414063,1000.0,0,0.0,1000.0
2026-05-18 13:50:00,401.2449951171875,1000.0,0,0.0,1000.0
2026-05-18 13:55:00,401.9400024414063,1000.0,0,0.0,1000.0
2026-05-18 14:00:00,400.1900024414063,1000.0,0,0.0,1000.0
2026-05-18 14:05:00,402.6000061035156,1000.0,0,0.0,1000.0
2026-05-18 14:10:00,403.0797119140625,1000.0,0,0.0,1000.0
2026-05-18 14:15:00,403.3399963378906,1000.0,0,0.0,1000.0
2026-05-18 14:20:00,403.4400024414063,1000.0,0,0.0,1000.0
2026-05-18 14:25:00,402.0499877929688,1000.0,0,0.0,1000.0
2026-05-18 14:30:00,399.0201110839844,1000.0,0,0.0,1000.0
2026-05-18 14:35:00,399.7900085449219,1000.0,0,0.0,1000.0
2026-05-18 14:40:00,400.5499877929688,1000.0,0,0.0,1000.0
2026-05-18 14:45:00,400.3999938964844,1000.0,0,0.0,1000.0
2026-05-18 14:50:00,400.3099060058594,1000.0,0,0.0,1000.0
2026-05-18 14:55:00,400.3999938964844,1000.0,0,0.0,1000.0
2026-05-18 15:00:00,399.0249938964844,1000.0,0,0.0,1000.0
2026-05-18 15:05:00,399.2900085449219,1000.0,0,0.0,1000.0
2026-05-18 15:10:00,400.3132019042969,1000.0,0,0.0,1000.0
2026-05-18 15:15:00,399.75,1000.0,0,0.0,1000.0
2026-05-18 15:20:00,399.6000061035156,1000.0,0,0.0,1000.0
2026-05-18 15:25:00,398.3299865722656,1000.0,0,0.0,1000.0
2026-05-18 15:30:00,399.55999755859375,1000.0,0,0.0,1000.0
2026-05-18 15:35:00,398.8900146484375,1000.0,0,0.0,1000.0
2026-05-18 15:40:00,398.7900085449219,1000.0,0,0.0,1000.0
2026-05-18 15:45:00,398.4100036621094,1000.0,0,0.0,1000.0
2026-05-18 15:50:00,398.3399963378906,1000.0,0,0.0,1000.0
2026-05-18 15:55:00,397.7449951171875,1000.0,0,0.0,1000.0
2026-05-18 16:00:00,396.9599914550781,1000.0,0,0.0,1000.0
2026-05-18 16:05:00,397.1000061035156,1000.0,0,0.0,1000.0
2026-05-18 16:10:00,397.9599914550781,1000.0,0,0.0,1000.0
2026-05-18 16:15:00,398.2149963378906,1000.0,0,0.0,1000.0
2026-05-18 16:20:00,397.760009765625,1000.0,0,0.0,1000.0
2026-05-18 16:25:00,396.7799987792969,1000.0,0,0.0,1000.0
2026-05-18 16:30:00,397.2705078125,1000.0,0,0.0,1000.0
2026-05-18 16:35:00,397.9500122070313,1000.0,0,0.0,1000.0
2026-05-18 16:40:00,397.2999877929688,1000.0,0,0.0,1000.0
2026-05-18 16:45:00,397.2449951171875,1000.0,0,0.0,1000.0
2026-05-18 16:50:00,397.9200134277344,1000.0,0,0.0,1000.0
2026-05-18 16:55:00,398.0700073242188,1000.0,0,0.0,1000.0
2026-05-18 17:00:00,397.8900146484375,1000.0,0,0.0,1000.0
2026-05-18 17:05:00,398.6799926757813,1000.0,0,0.0,1000.0
2026-05-18 17:10:00,398.2124938964844,1000.0,0,0.0,1000.0
2026-05-18 17:15:00,398.6700134277344,1000.0,0,0.0,1000.0
2026-05-18 17:20:00,398.25,1000.0,0,0.0,1000.0
2026-05-18 17:25:00,398.37640380859375,1000.0,0,0.0,1000.0
2026-05-18 17:30:00,397.7699890136719,1000.0,0,0.0,1000.0
2026-05-18 17:35:00,397.375,1000.0,0,0.0,1000.0
2026-05-18 17:40:00,397.8389892578125,1000.0,0,0.0,1000.0
2026-05-18 17:45:00,397.6600036621094,1000.0,0,0.0,1000.0
2026-05-18 17:50:00,397.8450012207031,1000.0,0,0.0,1000.0
2026-05-18 17:55:00,397.7799987792969,1000.0,0,0.0,1000.0
2026-05-18 18:00:00,396.8999938964844,1000.0,0,0.0,1000.0
2026-05-18 18:05:00,396.6749877929688,1000.0,0,0.0,1000.0
2026-05-18 18:10:00,396.3799133300781,1000.0,0,0.0,1000.0
2026-05-18 18:15:00,395.2850036621094,1000.0,0,0.0,1000.0
2026-05-18 18:20:00,395.0199890136719,1000.0,0,0.0,1000.0
2026-05-18 18:25:00,395.0199890136719,1000.0,0,0.0,1000.0
2026-05-18 18:30:00,394.6199951171875,1000.0,0,0.0,1000.0
2026-05-18 18:35:00,394.1159973144531,1000.0,0,0.0,1000.0
2026-05-18 18:40:00,394.1700134277344,1000.0,0,0.0,1000.0
2026-05-18 18:45:00,393.80999755859375,1000.0,0,0.0,1000.0
2026-05-18 18:50:00,393.739990234375,1000.0,0,0.0,1000.0
2026-05-18 18:55:00,393.1799926757813,1000.0,0,0.0,1000.0
2026-05-18 19:00:00,394.8500061035156,1000.0,0,0.0,1000.0
2026-05-18 19:05:00,395.010009765625,1000.0,0,0.0,1000.0
2026-05-18 19:10:00,394.635009765625,1000.0,0,0.0,1000.0
2026-05-18 19:15:00,394.3999938964844,1000.0,0,0.0,1000.0
2026-05-18 19:20:00,393.5899963378906,1000.0,0,0.0,1000.0
2026-05-18 19:25:00,393.5199890136719,1000.0,0,0.0,1000.0
2026-05-18 19:30:00,393.7200012207031,1000.0,0,0.0,1000.0
2026-05-18 19:35:00,393.8999938964844,1000.0,0,0.0,1000.0
2026-05-18 19:40:00,394.2699890136719,1000.0,0,0.0,1000.0
2026-05-18 19:45:00,394.1799926757813,1000.0,0,0.0,1000.0
2026-05-18 19:50:00,393.7449951171875,1000.0,0,0.0,1000.0
2026-05-18 19:55:00,393.1499938964844,1000.0,0,0.0,1000.0
2026-05-19 13:30:00,388.9500122070313,1000.0,0,0.0,1000.0
2026-05-19 13:35:00,388.2799987792969,1000.0,0,0.0,1000.0
2026-05-19 13:40:00,386.0700073242188,1000.0,0,0.0,1000.0
2026-05-19 13:45:00,385.2699890136719,1000.0,0,0.0,1000.0
2026-05-19 13:50:00,385.8999938964844,1000.0,0,0.0,1000.0
2026-05-19 13:55:00,387.25,1000.0,0,0.0,1000.0
2026-05-19 14:00:00,388.0499877929688,1000.0,0,0.0,1000.0
2026-05-19 14:05:00,389.1900024414063,1000.0,0,0.0,1000.0
2026-05-19 14:10:00,387.9500122070313,1000.0,0,0.0,1000.0
2026-05-19 14:15:00,386.55999755859375,1000.0,0,0.0,1000.0
2026-05-19 14:20:00,385.80999755859375,1000.0,0,0.0,1000.0
2026-05-19 14:25:00,386.5849914550781,1000.0,0,0.0,1000.0
2026-05-19 14:30:00,386.9400024414063,1000.0,0,0.0,1000.0
2026-05-19 14:35:00,387.1700134277344,1000.0,0,0.0,1000.0
2026-05-19 14:40:00,386.159912109375,1000.0,0,0.0,1000.0
2026-05-19 14:45:00,385.2799987792969,1000.0,0,0.0,1000.0
2026-05-19 14:50:00,385.7250061035156,1000.0,0,0.0,1000.0
2026-05-19 14:55:00,386.0499877929688,1000.0,0,0.0,1000.0
2026-05-19 15:00:00,385.885009765625,1000.0,0,0.0,1000.0
2026-05-19 15:05:00,385.9800109863281,1000.0,0,0.0,1000.0
2026-05-19 15:10:00,385.6400146484375,1000.0,0,0.0,1000.0
2026-05-19 15:15:00,384.80999755859375,1000.0,0,0.0,1000.0
2026-05-19 15:20:00,384.0509948730469,1000.0,0,0.0,1000.0
2026-05-19 15:25:00,383.9100036621094,1000.0,0,0.0,1000.0
2026-05-19 15:30:00,385.0400085449219,1000.0,0,0.0,1000.0
2026-05-19 15:35:00,384.5903930664063,1000.0,0,0.0,1000.0
2026-05-19 15:40:00,384.7349853515625,1000.0,0,0.0,1000.0
2026-05-19 15:45:00,384.3900146484375,1000.0,0,0.0,1000.0
2026-05-19 15:50:00,384.0899963378906,1000.0,0,0.0,1000.0
2026-05-19 15:55:00,383.8599853515625,1000.0,0,0.0,1000.0
2026-05-19 16:00:00,384.7650146484375,1000.0,0,0.0,1000.0
2026-05-19 16:05:00,384.0950012207031,1000.0,0,0.0,1000.0
2026-05-19 16:10:00,383.1799926757813,1000.0,0,0.0,1000.0
2026-05-19 16:15:00,384.4150085449219,1000.0,0,0.0,1000.0
2026-05-19 16:20:00,384.6199951171875,1000.0,0,0.0,1000.0
2026-05-19 16:25:00,384.80999755859375,1000.0,0,0.0,1000.0
2026-05-19 16:30:00,385.0799865722656,1000.0,0,0.0,1000.0
2026-05-19 16:35:00,384.9100036621094,1000.0,0,0.0,1000.0
2026-05-19 16:40:00,384.6400146484375,1000.0,0,0.0,1000.0
2026-05-19 16:45:00,384.30859375,1000.0,0,0.0,1000.0
2026-05-19 16:50:00,386.468994140625,1000.0,0,0.0,1000.0
2026-05-19 16:55:00,386.7000122070313,1000.0,0,0.0,1000.0
2026-05-19 17:00:00,387.8999938964844,1000.0,0,0.0,1000.0
2026-05-19 17:05:00,388.239990234375,1000.0,0,0.0,1000.0
2026-05-19 17:10:00,388.0499877929688,1000.0,0,0.0,1000.0
2026-05-19 17:15:00,389.0589904785156,1000.0,0,0.0,1000.0
2026-05-19 17:20:00,389.7300109863281,1000.0,0,0.0,1000.0
2026-05-19 17:25:00,388.239990234375,1000.0,0,0.0,1000.0
2026-05-19 17:30:00,386.8800048828125,1000.0,0,0.0,1000.0
2026-05-19 17:35:00,386.7999877929688,1000.0,0,0.0,1000.0
2026-05-19 17:40:00,386.5899963378906,1000.0,0,0.0,1000.0
2026-05-19 17:45:00,386.4949951171875,1000.0,0,0.0,1000.0
2026-05-19 17:50:00,386.8900146484375,1000.0,0,0.0,1000.0
2026-05-19 17:55:00,388.0950012207031,1000.0,0,0.0,1000.0
2026-05-19 18:00:00,388.1300048828125,1000.0,0,0.0,1000.0
2026-05-19 18:05:00,387.5899963378906,1000.0,0,0.0,1000.0
2026-05-19 18:10:00,387.5249938964844,1000.0,0,0.0,1000.0
2026-05-19 18:15:00,386.614990234375,1000.0,0,0.0,1000.0
2026-05-19 18:20:00,386.85009765625,1000.0,0,0.0,1000.0
2026-05-19 18:25:00,386.6300048828125,1000.0,0,0.0,1000.0
2026-05-19 18:30:00,386.7077026367188,1000.0,0,0.0,1000.0
2026-05-19 18:35:00,386.4299926757813,1000.0,0,0.0,1000.0
2026-05-19 18:40:00,386.2799987792969,1000.0,0,0.0,1000.0
2026-05-19 18:45:00,386.30999755859375,1000.0,0,0.0,1000.0
2026-05-19 18:50:00,385.30999755859375,1000.0,0,0.0,1000.0
2026-05-19 18:55:00,385.6600036621094,1000.0,0,0.0,1000.0
2026-05-19 19:00:00,385.510009765625,1000.0,0,0.0,1000.0
2026-05-19 19:05:00,385.7650146484375,1000.0,0,0.0,1000.0
2026-05-19 19:10:00,386.1799926757813,1000.0,0,0.0,1000.0
2026-05-19 19:15:00,386.5700073242188,1000.0,0,0.0,1000.0
2026-05-19 19:20:00,385.6199951171875,1000.0,0,0.0,1000.0
2026-05-19 19:25:00,386.25,1000.0,0,0.0,1000.0
2026-05-19 19:30:00,385.7900085449219,1000.0,0,0.0,1000.0
2026-05-19 19:35:00,385.739990234375,1000.0,0,0.0,1000.0
2026-05-19 19:40:00,385.2900085449219,1000.0,0,0.0,1000.0
2026-05-19 19:45:00,385.0499877929688,1000.0,0,0.0,1000.0
2026-05-19 19:50:00,384.7049865722656,1000.0,0,0.0,1000.0
2026-05-19 19:55:00,384.9150085449219,1000.0,0,0.0,1000.0
2026-05-20 13:30:00,389.8599853515625,1000.0,0,0.0,1000.0
2026-05-20 13:35:00,385.9500122070313,1000.0,0,0.0,1000.0
2026-05-20 13:40:00,385.8699951171875,1000.0,0,0.0,1000.0
2026-05-20 13:45:00,385.3550109863281,1000.0,0,0.0,1000.0
2026-05-20 13:50:00,383.9100036621094,1000.0,0,0.0,1000.0
2026-05-20 13:55:00,384.0199890136719,1000.0,0,0.0,1000.0
2026-05-20 14:00:00,381.9299926757813,1000.0,0,0.0,1000.0
2026-05-20 14:05:00,381.4299926757813,1000.0,0,0.0,1000.0
2026-05-20 14:10:00,381.4400024414063,1000.0,0,0.0,1000.0
2026-05-20 14:15:00,382.9200134277344,1000.0,0,0.0,1000.0
2026-05-20 14:20:00,383.2999877929688,1000.0,0,0.0,1000.0
2026-05-20 14:25:00,382.1600036621094,1000.0,0,0.0,1000.0
2026-05-20 14:30:00,381.8599853515625,1000.0,0,0.0,1000.0
2026-05-20 14:35:00,381.8952026367188,1000.0,0,0.0,1000.0
2026-05-20 14:40:00,382.2650146484375,1000.0,0,0.0,1000.0
2026-05-20 14:45:00,381.5499877929688,1000.0,0,0.0,1000.0
2026-05-20 14:50:00,382.2550048828125,1000.0,0,0.0,1000.0
2026-05-20 14:55:00,382.4700012207031,1000.0,0,0.0,1000.0
2026-05-20 15:00:00,382.0849914550781,1000.0,0,0.0,1000.0
2026-05-20 15:05:00,381.5400085449219,1000.0,0,0.0,1000.0
2026-05-20 15:10:00,381.5101013183594,1000.0,0,0.0,1000.0
2026-05-20 15:15:00,382.2550048828125,1000.0,0,0.0,1000.0
2026-05-20 15:20:00,382.1799926757813,1000.0,0,0.0,1000.0
2026-05-20 15:25:00,381.1499938964844,1000.0,0,0.0,1000.0
2026-05-20 15:30:00,381.3631896972656,1000.0,0,0.0,1000.0
2026-05-20 15:35:00,381.7200012207031,1000.0,0,0.0,1000.0
2026-05-20 15:40:00,382.3599853515625,1000.0,0,0.0,1000.0
2026-05-20 15:45:00,383.8200073242188,1000.0,0,0.0,1000.0
2026-05-20 15:50:00,383.6900024414063,1000.0,0,0.0,1000.0
2026-05-20 15:55:00,383.2300109863281,1000.0,0,0.0,1000.0
2026-05-20 16:00:00,383.6700134277344,1000.0,0,0.0,1000.0
2026-05-20 16:05:00,382.9949951171875,1000.0,0,0.0,1000.0
2026-05-20 16:10:00,382.89990234375,1000.0,0,0.0,1000.0
2026-05-20 16:15:00,382.4400024414063,1000.0,0,0.0,1000.0
2026-05-20 16:20:00,382.239990234375,1000.0,0,0.0,1000.0
2026-05-20 16:25:00,382.1950073242188,1000.0,0,0.0,1000.0
2026-05-20 16:30:00,381.5400085449219,1000.0,0,0.0,1000.0
2026-05-20 16:35:00,381.5899963378906,1000.0,0,0.0,1000.0
2026-05-20 16:40:00,382.5,1000.0,0,0.0,1000.0
2026-05-20 16:45:00,381.8599853515625,1000.0,0,0.0,1000.0
2026-05-20 16:50:00,382.239990234375,1000.0,0,0.0,1000.0
2026-05-20 16:55:00,382.0700073242188,1000.0,0,0.0,1000.0
2026-05-20 17:00:00,381.8775024414063,1000.0,0,0.0,1000.0
2026-05-20 17:05:00,381.2698974609375,1000.0,0,0.0,1000.0
2026-05-20 17:10:00,382.0979919433594,1000.0,0,0.0,1000.0
2026-05-20 17:15:00,382.010009765625,1000.0,0,0.0,1000.0
2026-05-20 17:20:00,381.6600036621094,1000.0,0,0.0,1000.0
2026-05-20 17:25:00,382.0799865722656,1000.0,0,0.0,1000.0
2026-05-20 17:30:00,381.3299865722656,1000.0,0,0.0,1000.0
2026-05-20 17:35:00,381.8900146484375,1000.0,0,0.0,1000.0
2026-05-20 17:40:00,381.6700134277344,1000.0,0,0.0,1000.0
2026-05-20 17:45:00,381.4849853515625,1000.0,0,0.0,1000.0
2026-05-20 17:50:00,381.6499938964844,1000.0,0,0.0,1000.0
2026-05-20 17:55:00,382.4201049804688,1000.0,0,0.0,1000.0
2026-05-20 18:00:00,382.9700012207031,1000.0,0,0.0,1000.0
2026-05-20 18:05:00,383.2000122070313,1000.0,0,0.0,1000.0
2026-05-20 18:10:00,382.9700012207031,1000.0,0,0.0,1000.0
2026-05-20 18:15:00,383.2002868652344,1000.0,0,0.0,1000.0
2026-05-20 18:20:00,382.739990234375,1000.0,0,0.0,1000.0
2026-05-20 18:25:00,383.1900024414063,1000.0,0,0.0,1000.0
2026-05-20 18:30:00,383.1000061035156,1000.0,0,0.0,1000.0
2026-05-20 18:35:00,383.7900085449219,1000.0,0,0.0,1000.0
2026-05-20 18:40:00,383.4750061035156,1000.0,0,0.0,1000.0
2026-05-20 18:45:00,383.4800109863281,1000.0,0,0.0,1000.0
2026-05-20 18:50:00,383.989990234375,1000.0,0,0.0,1000.0
2026-05-20 18:55:00,384.0090026855469,1000.0,0,0.0,1000.0
2026-05-20 19:00:00,383.6799926757813,1000.0,0,0.0,1000.0
2026-05-20 19:05:00,383.1401062011719,1000.0,0,0.0,1000.0
2026-05-20 19:10:00,383.5,1000.0,0,0.0,1000.0
2026-05-20 19:15:00,383.7950134277344,1000.0,0,0.0,1000.0
2026-05-20 19:20:00,383.9400024414063,1000.0,0,0.0,1000.0
2026-05-20 19:25:00,384.1000061035156,1000.0,0,0.0,1000.0
2026-05-20 19:30:00,384.0799865722656,1000.0,0,0.0,1000.0
2026-05-20 19:35:00,384.510009765625,1000.0,0,0.0,1000.0
2026-05-20 19:40:00,384.3999938964844,1000.0,0,0.0,1000.0
2026-05-20 19:45:00,384.5950012207031,1000.0,0,0.0,1000.0
2026-05-20 19:50:00,384.8200073242188,1000.0,0,0.0,1000.0
2026-05-20 19:55:00,384.8900146484375,1000.0,0,0.0,1000.0
2026-05-21 13:30:00,381.3399963378906,1000.0,0,0.0,1000.0
2026-05-21 13:35:00,381.3100891113281,1000.0,0,0.0,1000.0
2026-05-21 13:40:00,382.7749938964844,1000.0,0,0.0,1000.0
2026-05-21 13:45:00,381.9500122070313,1000.0,0,0.0,1000.0
2026-05-21 13:50:00,382.260009765625,1000.0,0,0.0,1000.0
2026-05-21 13:55:00,382.0299987792969,1000.0,0,0.0,1000.0
2026-05-21 14:00:00,379.9750061035156,1000.0,0,0.0,1000.0
2026-05-21 14:05:00,381.0032043457031,1000.0,0,0.0,1000.0
2026-05-21 14:10:00,380.5799865722656,1000.0,0,0.0,1000.0
2026-05-21 14:15:00,382.0199890136719,1000.0,0,0.0,1000.0
2026-05-21 14:20:00,381.4150085449219,1000.0,0,0.0,1000.0
2026-05-21 14:25:00,382.7301025390625,1000.0,0,0.0,1000.0
2026-05-21 14:30:00,384.1799926757813,1000.0,0,0.0,1000.0
2026-05-21 14:35:00,384.05999755859375,1000.0,0,0.0,1000.0
2026-05-21 14:40:00,384.1400146484375,1000.0,0,0.0,1000.0
2026-05-21 14:45:00,384.1449890136719,1000.0,0,0.0,1000.0
2026-05-21 14:50:00,384.5,1000.0,0,0.0,1000.0
2026-05-21 14:55:00,384.9200134277344,1000.0,0,0.0,1000.0
2026-05-21 15:00:00,385.0499877929688,1000.0,0,0.0,1000.0
2026-05-21 15:05:00,384.5799865722656,1000.0,0,0.0,1000.0
2026-05-21 15:10:00,385.3900146484375,1000.0,0,0.0,1000.0
2026-05-21 15:15:00,385.3900146484375,1000.0,0,0.0,1000.0
2026-05-21 15:20:00,384.7999877929688,1000.0,0,0.0,1000.0
2026-05-21 15:25:00,385.4450073242188,1000.0,0,0.0,1000.0
2026-05-21 15:30:00,385.1950073242188,1000.0,0,0.0,1000.0
2026-05-21 15:35:00,386.5700073242188,1000.0,0,0.0,1000.0
2026-05-21 15:40:00,386.260009765625,1000.0,0,0.0,1000.0
2026-05-21 15:45:00,385.7799987792969,1000.0,0,0.0,1000.0
2026-05-21 15:50:00,385.5199890136719,1000.0,0,0.0,1000.0
2026-05-21 15:55:00,385.6749877929688,1000.0,0,0.0,1000.0
2026-05-21 16:00:00,386.0700073242188,1000.0,0,0.0,1000.0
2026-05-21 16:05:00,385.9400024414063,1000.0,0,0.0,1000.0
2026-05-21 16:10:00,385.5199890136719,1000.0,0,0.0,1000.0
2026-05-21 16:15:00,385.8299865722656,1000.0,0,0.0,1000.0
2026-05-21 16:20:00,385.385009765625,1000.0,0,0.0,1000.0
2026-05-21 16:25:00,385.1925964355469,1000.0,0,0.0,1000.0
2026-05-21 16:30:00,384.9700012207031,1000.0,0,0.0,1000.0
2026-05-21 16:35:00,384.2701110839844,1000.0,0,0.0,1000.0
2026-05-21 16:40:00,384.3367919921875,1000.0,0,0.0,1000.0
2026-05-21 16:45:00,383.9964904785156,1000.0,0,0.0,1000.0
2026-05-21 16:50:00,383.8900146484375,1000.0,0,0.0,1000.0
2026-05-21 16:55:00,384.3399963378906,1000.0,0,0.0,1000.0
2026-05-21 17:00:00,384.5899963378906,1000.0,0,0.0,1000.0
2026-05-21 17:05:00,384.2925109863281,1000.0,0,0.0,1000.0
2026-05-21 17:10:00,385.1400146484375,1000.0,0,0.0,1000.0
2026-05-21 17:15:00,386.2799987792969,1000.0,0,0.0,1000.0
2026-05-21 17:20:00,386.0,1000.0,0,0.0,1000.0
2026-05-21 17:25:00,386.5199890136719,1000.0,0,0.0,1000.0
2026-05-21 17:30:00,386.4800109863281,1000.0,0,0.0,1000.0
2026-05-21 17:35:00,386.55999755859375,1000.0,0,0.0,1000.0
2026-05-21 17:40:00,387.1499938964844,1000.0,0,0.0,1000.0
2026-05-21 17:45:00,387.58441162109375,1000.0,0,0.0,1000.0
2026-05-21 17:50:00,388.3301086425781,1000.0,0,0.0,1000.0
2026-05-21 17:55:00,388.0,1000.0,0,0.0,1000.0
2026-05-21 18:00:00,386.3999938964844,1000.0,0,0.0,1000.0
2026-05-21 18:05:00,386.5199890136719,1000.0,0,0.0,1000.0
2026-05-21 18:10:00,386.0549926757813,1000.0,0,0.0,1000.0
2026-05-21 18:15:00,386.7000122070313,1000.0,0,0.0,1000.0
2026-05-21 18:20:00,386.8049926757813,1000.0,0,0.0,1000.0
2026-05-21 18:25:00,386.6099853515625,1000.0,0,0.0,1000.0
2026-05-21 18:30:00,386.5700073242188,1000.0,0,0.0,1000.0
2026-05-21 18:35:00,386.3200073242188,1000.0,0,0.0,1000.0
2026-05-21 18:40:00,386.8500061035156,1000.0,0,0.0,1000.0
2026-05-21 18:45:00,386.3374938964844,1000.0,0,0.0,1000.0
2026-05-21 18:50:00,384.6799926757813,1000.0,0,0.0,1000.0
2026-05-21 18:55:00,384.8200073242188,1000.0,0,0.0,1000.0
2026-05-21 19:00:00,384.7699890136719,1000.0,0,0.0,1000.0
2026-05-21 19:05:00,384.989990234375,1000.0,0,0.0,1000.0
2026-05-21 19:10:00,384.6300048828125,1000.0,0,0.0,1000.0
2026-05-21 19:15:00,384.7999877929688,1000.0,0,0.0,1000.0
2026-05-21 19:20:00,384.6700134277344,1000.0,0,0.0,1000.0
2026-05-21 19:25:00,385.0400085449219,1000.0,0,0.0,1000.0
2026-05-21 19:30:00,384.7200012207031,1000.0,0,0.0,1000.0
2026-05-21 19:35:00,384.55999755859375,1000.0,0,0.0,1000.0
2026-05-21 19:40:00,384.4500122070313,1000.0,0,0.0,1000.0
2026-05-21 19:45:00,384.739990234375,1000.0,0,0.0,1000.0
2026-05-21 19:50:00,382.6300048828125,1000.0,0,0.0,1000.0
2026-05-21 19:55:00,383.510009765625,1000.0,0,0.0,1000.0
2026-05-22 13:30:00,382.80999755859375,1000.0,0,0.0,1000.0
2026-05-22 13:35:00,382.5499877929688,1000.0,0,0.0,1000.0
2026-05-22 13:40:00,381.7749938964844,1000.0,0,0.0,1000.0
2026-05-22 13:45:00,381.55999755859375,1000.0,0,0.0,1000.0
2026-05-22 13:50:00,381.9299926757813,1000.0,0,0.0,1000.0
2026-05-22 13:55:00,382.5,1000.0,0,0.0,1000.0
2026-05-22 14:00:00,381.1724853515625,1000.0,0,0.0,1000.0
2026-05-22 14:05:00,381.3299865722656,1000.0,0,0.0,1000.0
2026-05-22 14:10:00,381.4849853515625,1000.0,0,0.0,1000.0
2026-05-22 14:15:00,381.9100036621094,1000.0,0,0.0,1000.0
2026-05-22 14:20:00,382.18499755859375,1000.0,0,0.0,1000.0
2026-05-22 14:25:00,383.010009765625,1000.0,0,0.0,1000.0
2026-05-22 14:30:00,382.489990234375,1000.0,0,0.0,1000.0
2026-05-22 14:35:00,382.5198974609375,1000.0,0,0.0,1000.0
2026-05-22 14:40:00,383.3699951171875,1000.0,0,0.0,1000.0
2026-05-22 14:45:00,383.25,1000.0,0,0.0,1000.0
2026-05-22 14:50:00,383.760009765625,1000.0,0,0.0,1000.0
2026-05-22 14:55:00,383.9400024414063,1000.0,0,0.0,1000.0
2026-05-22 15:00:00,384.2000122070313,1000.0,0,0.0,1000.0
2026-05-22 15:05:00,384.5400085449219,1000.0,0,0.0,1000.0
2026-05-22 15:10:00,384.4700012207031,1000.0,0,0.0,1000.0
2026-05-22 15:15:00,384.2999877929688,1000.0,0,0.0,1000.0
2026-05-22 15:20:00,383.1700134277344,1000.0,0,0.0,1000.0
2026-05-22 15:25:00,383.239990234375,1000.0,0,0.0,1000.0
2026-05-22 15:30:00,383.0799865722656,1000.0,0,0.0,1000.0
2026-05-22 15:35:00,383.2799987792969,1000.0,0,0.0,1000.0
2026-05-22 15:40:00,383.5299987792969,1000.0,0,0.0,1000.0
2026-05-22 15:45:00,382.9100036621094,1000.0,0,0.0,1000.0
2026-05-22 15:50:00,383.1099853515625,1000.0,0,0.0,1000.0
2026-05-22 15:55:00,383.1099853515625,1000.0,0,0.0,1000.0
2026-05-22 16:00:00,383.0199890136719,1000.0,0,0.0,1000.0
2026-05-22 16:05:00,383.0299987792969,1000.0,0,0.0,1000.0
2026-05-22 16:10:00,382.5400085449219,1000.0,0,0.0,1000.0
2026-05-22 16:15:00,382.0299987792969,1000.0,0,0.0,1000.0
2026-05-22 16:20:00,382.0750122070313,1000.0,0,0.0,1000.0
2026-05-22 16:25:00,382.2200012207031,1000.0,0,0.0,1000.0
2026-05-22 16:30:00,381.7099914550781,1000.0,0,0.0,1000.0
2026-05-22 16:35:00,381.885009765625,1000.0,0,0.0,1000.0
2026-05-22 16:40:00,381.75,1000.0,0,0.0,1000.0
2026-05-22 16:45:00,381.9898986816406,1000.0,0,0.0,1000.0
2026-05-22 16:50:00,382.2999877929688,1000.0,0,0.0,1000.0
2026-05-22 16:55:00,382.2699890136719,1000.0,0,0.0,1000.0
2026-05-22 17:00:00,382.3800048828125,1000.0,0,0.0,1000.0
2026-05-22 17:05:00,381.8200073242188,1000.0,0,0.0,1000.0
2026-05-22 17:10:00,382.0400085449219,1000.0,0,0.0,1000.0
2026-05-22 17:15:00,381.3250122070313,1000.0,0,0.0,1000.0
2026-05-22 17:20:00,381.4200134277344,1000.0,0,0.0,1000.0
2026-05-22 17:25:00,382.2999877929688,1000.0,0,0.0,1000.0
2026-05-22 17:30:00,382.1199951171875,1000.0,0,0.0,1000.0
2026-05-22 17:35:00,381.9949951171875,1000.0,0,0.0,1000.0
2026-05-22 17:40:00,381.8049926757813,1000.0,0,0.0,1000.0
2026-05-22 17:45:00,381.7999877929688,1000.0,0,0.0,1000.0
2026-05-22 17:50:00,381.4140930175781,1000.0,0,0.0,1000.0
2026-05-22 17:55:00,381.0199890136719,1000.0,0,0.0,1000.0
2026-05-22 18:00:00,380.5499877929688,1000.0,0,0.0,1000.0
2026-05-22 18:05:00,380.9692077636719,1000.0,0,0.0,1000.0
2026-05-22 18:10:00,380.6899108886719,1000.0,0,0.0,1000.0
2026-05-22 18:15:00,380.7449951171875,1000.0,0,0.0,1000.0
2026-05-22 18:20:00,380.7149963378906,1000.0,0,0.0,1000.0
2026-05-22 18:25:00,380.6000061035156,1000.0,0,0.0,1000.0
2026-05-22 18:30:00,381.0549926757813,1000.0,0,0.0,1000.0
2026-05-22 18:35:00,381.0799865722656,1000.0,0,0.0,1000.0
2026-05-22 18:40:00,381.0199890136719,1000.0,0,0.0,1000.0
2026-05-22 18:45:00,380.875,1000.0,0,0.0,1000.0
2026-05-22 18:50:00,380.7398071289063,1000.0,0,0.0,1000.0
2026-05-22 18:55:00,380.8200073242188,1000.0,0,0.0,1000.0
2026-05-22 19:00:00,380.6400146484375,1000.0,0,0.0,1000.0
2026-05-22 19:05:00,380.0299987792969,1000.0,0,0.0,1000.0
2026-05-22 19:10:00,379.4700927734375,1000.0,0,0.0,1000.0
2026-05-22 19:15:00,379.6000061035156,1000.0,0,0.0,1000.0
2026-05-22 19:20:00,379.5799865722656,1000.0,0,0.0,1000.0
2026-05-22 19:25:00,379.0499877929688,1000.0,0,0.0,1000.0
2026-05-22 19:30:00,379.2850036621094,1000.0,0,0.0,1000.0
2026-05-22 19:35:00,379.1900024414063,1000.0,0,0.0,1000.0
2026-05-22 19:40:00,378.75,1000.0,0,0.0,1000.0
2026-05-22 19:45:00,378.635009765625,1000.0,0,0.0,1000.0
2026-05-22 19:50:00,379.4700012207031,1000.0,0,0.0,1000.0
2026-05-22 19:55:00,379.3900146484375,1000.0,0,0.0,1000.0
2026-05-26 13:30:00,380.4400024414063,1000.0,0,0.0,1000.0
2026-05-26 13:35:00,379.9299926757813,1000.0,0,0.0,1000.0
2026-05-26 13:40:00,381.1400146484375,1000.0,0,0.0,1000.0
2026-05-26 13:45:00,381.4299926757813,1000.0,0,0.0,1000.0
2026-05-26 13:50:00,381.4599914550781,1000.0,0,0.0,1000.0
2026-05-26 13:55:00,383.3900146484375,1000.0,0,0.0,1000.0
2026-05-26 14:00:00,383.7699890136719,1000.0,0,0.0,1000.0
2026-05-26 14:05:00,383.4299926757813,1000.0,0,0.0,1000.0
2026-05-26 14:10:00,384.1900024414063,1000.0,0,0.0,1000.0
2026-05-26 14:15:00,384.0350036621094,1000.0,0,0.0,1000.0
2026-05-26 14:20:00,383.1300048828125,1000.0,0,0.0,1000.0
2026-05-26 14:25:00,383.5,1000.0,0,0.0,1000.0
2026-05-26 14:30:00,383.7200927734375,1000.0,0,0.0,1000.0
2026-05-26 14:35:00,383.2799987792969,1000.0,0,0.0,1000.0
2026-05-26 14:40:00,382.4400024414063,1000.0,0,0.0,1000.0
2026-05-26 14:45:00,382.114990234375,1000.0,0,0.0,1000.0
2026-05-26 14:50:00,382.4599914550781,1000.0,0,0.0,1000.0
2026-05-26 14:55:00,384.2149963378906,1000.0,0,0.0,1000.0
2026-05-26 15:00:00,384.1749877929688,1000.0,0,0.0,1000.0
2026-05-26 15:05:00,385.260009765625,1000.0,0,0.0,1000.0
2026-05-26 15:10:00,384.239990234375,1000.0,0,0.0,1000.0
2026-05-26 15:15:00,383.364990234375,1000.0,0,0.0,1000.0
2026-05-26 15:20:00,382.3674926757813,1000.0,0,0.0,1000.0
2026-05-26 15:25:00,382.2149963378906,1000.0,0,0.0,1000.0
2026-05-26 15:30:00,381.8299865722656,1000.0,0,0.0,1000.0
2026-05-26 15:35:00,382.4299926757813,1000.0,0,0.0,1000.0
2026-05-26 15:40:00,382.6799926757813,1000.0,0,0.0,1000.0
2026-05-26 15:45:00,382.80999755859375,1000.0,0,0.0,1000.0
2026-05-26 15:50:00,382.9649963378906,1000.0,0,0.0,1000.0
2026-05-26 15:55:00,382.6600036621094,1000.0,0,0.0,1000.0
2026-05-26 16:00:00,382.16839599609375,1000.0,0,0.0,1000.0
2026-05-26 16:05:00,382.1499938964844,1000.0,0,0.0,1000.0
2026-05-26 16:10:00,382.5899963378906,1000.0,0,0.0,1000.0
2026-05-26 16:15:00,383.2200012207031,1000.0,0,0.0,1000.0
2026-05-26 16:20:00,382.5899963378906,1000.0,0,0.0,1000.0
2026-05-26 16:25:00,382.8900146484375,1000.0,0,0.0,1000.0
2026-05-26 16:30:00,383.1900024414063,1000.0,0,0.0,1000.0
2026-05-26 16:35:00,382.5812072753906,1000.0,0,0.0,1000.0
2026-05-26 16:40:00,382.25,1000.0,0,0.0,1000.0
2026-05-26 16:45:00,382.3699951171875,1000.0,0,0.0,1000.0
2026-05-26 16:50:00,382.864990234375,1000.0,0,0.0,1000.0
2026-05-26 16:55:00,382.61041259765625,1000.0,0,0.0,1000.0
2026-05-26 17:00:00,382.489990234375,1000.0,0,0.0,1000.0
2026-05-26 17:05:00,382.260009765625,1000.0,0,0.0,1000.0
2026-05-26 17:10:00,382.0505981445313,1000.0,0,0.0,1000.0
2026-05-26 17:15:00,382.3204040527344,1000.0,0,0.0,1000.0
2026-05-26 17:20:00,382.1000061035156,1000.0,0,0.0,1000.0
2026-05-26 17:25:00,381.9200134277344,1000.0,0,0.0,1000.0
2026-05-26 17:30:00,382.2000122070313,1000.0,0,0.0,1000.0
2026-05-26 17:35:00,382.010009765625,1000.0,0,0.0,1000.0
2026-05-26 17:40:00,382.4400939941406,1000.0,0,0.0,1000.0
2026-05-26 17:45:00,382.6050109863281,1000.0,0,0.0,1000.0
2026-05-26 17:50:00,382.8200073242188,1000.0,0,0.0,1000.0
2026-05-26 17:55:00,382.739990234375,1000.0,0,0.0,1000.0
2026-05-26 18:00:00,382.510009765625,1000.0,0,0.0,1000.0
2026-05-26 18:05:00,382.7999877929688,1000.0,0,0.0,1000.0
2026-05-26 18:10:00,383.0899963378906,1000.0,0,0.0,1000.0
2026-05-26 18:15:00,383.0,1000.0,0,0.0,1000.0
2026-05-26 18:20:00,382.385009765625,1000.0,0,0.0,1000.0
2026-05-26 18:25:00,382.6499938964844,1000.0,0,0.0,1000.0
2026-05-26 18:30:00,382.5199890136719,1000.0,0,0.0,1000.0
2026-05-26 18:35:00,382.4299926757813,1000.0,0,0.0,1000.0
2026-05-26 18:40:00,381.8499145507813,1000.0,0,0.0,1000.0
2026-05-26 18:45:00,382.1799926757813,1000.0,0,0.0,1000.0
2026-05-26 18:50:00,382.1400146484375,1000.0,0,0.0,1000.0
2026-05-26 18:55:00,382.0299987792969,1000.0,0,0.0,1000.0
2026-05-26 19:00:00,382.5400085449219,1000.0,0,0.0,1000.0
2026-05-26 19:05:00,382.7200012207031,1000.0,0,0.0,1000.0
2026-05-26 19:10:00,382.3949890136719,1000.0,0,0.0,1000.0
2026-05-26 19:15:00,383.0450134277344,1000.0,0,0.0,1000.0
2026-05-26 19:20:00,382.8500061035156,1000.0,0,0.0,1000.0
2026-05-26 19:25:00,383.1950073242188,1000.0,0,0.0,1000.0
2026-05-26 19:30:00,383.9400024414063,1000.0,0,0.0,1000.0
2026-05-26 19:35:00,383.9100036621094,1000.0,0,0.0,1000.0
2026-05-26 19:40:00,384.3550109863281,1000.0,0,0.0,1000.0
2026-05-26 19:45:00,384.7799987792969,1000.0,0,0.0,1000.0
2026-05-26 19:50:00,384.25,1000.0,0,0.0,1000.0
2026-05-26 19:55:00,384.9200134277344,1000.0,0,0.0,1000.0
2026-05-27 13:30:00,383.05999755859375,1000.0,0,0.0,1000.0
2026-05-27 13:35:00,385.4200134277344,1000.0,0,0.0,1000.0
2026-05-27 13:40:00,384.7799987792969,1000.0,0,0.0,1000.0
2026-05-27 13:45:00,384.9639892578125,1000.0,0,0.0,1000.0
2026-05-27 13:50:00,385.1499938964844,1000.0,0,0.0,1000.0
2026-05-27 13:55:00,386.4800109863281,1000.0,0,0.0,1000.0
2026-05-27 14:00:00,388.7000122070313,1000.0,0,0.0,1000.0
2026-05-27 14:05:00,387.18499755859375,1000.0,0,0.0,1000.0
2026-05-27 14:10:00,387.3450012207031,1000.0,0,0.0,1000.0
2026-05-27 14:15:00,388.8049926757813,1000.0,0,0.0,1000.0
2026-05-27 14:20:00,387.1700134277344,1000.0,0,0.0,1000.0
2026-05-27 14:25:00,387.7200012207031,1000.0,0,0.0,1000.0
2026-05-27 14:30:00,387.7850036621094,1000.0,0,0.0,1000.0
2026-05-27 14:35:00,388.2799987792969,1000.0,0,0.0,1000.0
2026-05-27 14:40:00,387.5199890136719,1000.0,0,0.0,1000.0
2026-05-27 14:45:00,387.125,1000.0,0,0.0,1000.0
2026-05-27 14:50:00,387.0350036621094,1000.0,0,0.0,1000.0
2026-05-27 14:55:00,387.1199951171875,1000.0,0,0.0,1000.0
2026-05-27 15:00:00,387.7149963378906,1000.0,0,0.0,1000.0
2026-05-27 15:05:00,387.510009765625,1000.0,0,0.0,1000.0
2026-05-27 15:10:00,386.5,1000.0,0,0.0,1000.0
2026-05-27 15:15:00,387.5899963378906,1000.0,0,0.0,1000.0
2026-05-27 15:20:00,387.6400146484375,1000.0,0,0.0,1000.0
2026-05-27 15:25:00,387.9649963378906,1000.0,0,0.0,1000.0
2026-05-27 15:30:00,387.5061950683594,1000.0,0,0.0,1000.0
2026-05-27 15:35:00,387.3299865722656,1000.0,0,0.0,1000.0
2026-05-27 15:40:00,387.2950134277344,1000.0,0,0.0,1000.0
2026-05-27 15:45:00,387.2200012207031,1000.0,0,0.0,1000.0
2026-05-27 15:50:00,387.7099914550781,1000.0,0,0.0,1000.0
2026-05-27 15:55:00,387.2300109863281,1000.0,0,0.0,1000.0
2026-05-27 16:00:00,386.3974914550781,1000.0,0,0.0,1000.0
2026-05-27 16:05:00,386.875,1000.0,0,0.0,1000.0
2026-05-27 16:10:00,386.8450012207031,1000.0,0,0.0,1000.0
2026-05-27 16:15:00,386.4649963378906,1000.0,0,0.0,1000.0
2026-05-27 16:20:00,387.3250122070313,1000.0,0,0.0,1000.0
2026-05-27 16:25:00,387.3699951171875,1000.0,0,0.0,1000.0
2026-05-27 16:30:00,388.4400024414063,1000.0,0,0.0,1000.0
2026-05-27 16:35:00,389.4601135253906,1000.0,0,0.0,1000.0
2026-05-27 16:40:00,389.2200012207031,1000.0,0,0.0,1000.0
2026-05-27 16:45:00,388.8900146484375,1000.0,0,0.0,1000.0
2026-05-27 16:50:00,388.0007019042969,1000.0,0,0.0,1000.0
2026-05-27 16:55:00,387.7699890136719,1000.0,0,0.0,1000.0
2026-05-27 17:00:00,387.6700134277344,1000.0,0,0.0,1000.0
2026-05-27 17:05:00,387.1199951171875,1000.0,0,0.0,1000.0
2026-05-27 17:10:00,386.8999938964844,1000.0,0,0.0,1000.0
2026-05-27 17:15:00,387.0849914550781,1000.0,0,0.0,1000.0
2026-05-27 17:20:00,386.7799987792969,1000.0,0,0.0,1000.0
2026-05-27 17:25:00,386.4400024414063,1000.0,0,0.0,1000.0
2026-05-27 17:30:00,386.4949951171875,1000.0,0,0.0,1000.0
2026-05-27 17:35:00,387.3699951171875,1000.0,0,0.0,1000.0
2026-05-27 17:40:00,387.6099853515625,1000.0,0,0.0,1000.0
2026-05-27 17:45:00,386.9700012207031,1000.0,0,0.0,1000.0
2026-05-27 17:50:00,387.739990234375,1000.0,0,0.0,1000.0
2026-05-27 17:55:00,388.0400085449219,1000.0,0,0.0,1000.0
2026-05-27 18:00:00,387.3900146484375,1000.0,0,0.0,1000.0
2026-05-27 18:05:00,387.9100036621094,1000.0,0,0.0,1000.0
2026-05-27 18:10:00,387.9599914550781,1000.0,0,0.0,1000.0
2026-05-27 18:15:00,388.2000122070313,1000.0,0,0.0,1000.0
2026-05-27 18:20:00,388.2699890136719,1000.0,0,0.0,1000.0
2026-05-27 18:25:00,388.4898986816406,1000.0,0,0.0,1000.0
2026-05-27 18:30:00,388.1900024414063,1000.0,0,0.0,1000.0
2026-05-27 18:35:00,387.614990234375,1000.0,0,0.0,1000.0
2026-05-27 18:40:00,386.7999877929688,1000.0,0,0.0,1000.0
2026-05-27 18:45:00,386.4599914550781,1000.0,0,0.0,1000.0
2026-05-27 18:50:00,386.5,1000.0,0,0.0,1000.0
2026-05-27 18:55:00,386.7699890136719,1000.0,0,0.0,1000.0
2026-05-27 19:00:00,387.3200073242188,1000.0,0,0.0,1000.0
2026-05-27 19:05:00,387.1300048828125,1000.0,0,0.0,1000.0
2026-05-27 19:10:00,387.1799926757813,1000.0,0,0.0,1000.0
2026-05-27 19:15:00,386.9599914550781,1000.0,0,0.0,1000.0
2026-05-27 19:20:00,386.2575073242188,1000.0,0,0.0,1000.0
2026-05-27 19:25:00,386.4549865722656,1000.0,0,0.0,1000.0
2026-05-27 19:30:00,386.1799926757813,1000.0,0,0.0,1000.0
2026-05-27 19:35:00,386.1900024414063,1000.0,0,0.0,1000.0
2026-05-27 19:40:00,386.0899963378906,1000.0,0,0.0,1000.0
2026-05-27 19:45:00,385.6799926757813,1000.0,0,0.0,1000.0
2026-05-27 19:50:00,385.05999755859375,1000.0,0,0.0,1000.0
2026-05-27 19:55:00,384.8599853515625,1000.0,0,0.0,1000.0
2026-05-28 13:30:00,383.2699890136719,1000.0,0,0.0,1000.0
2026-05-28 13:35:00,384.0,1000.0,0,0.0,1000.0
2026-05-28 13:40:00,381.6099853515625,1000.0,0,0.0,1000.0
2026-05-28 13:45:00,382.43499755859375,1000.0,0,0.0,1000.0
2026-05-28 13:50:00,383.4249877929688,1000.0,0,0.0,1000.0
2026-05-28 13:55:00,383.4400024414063,1000.0,0,0.0,1000.0
2026-05-28 14:00:00,384.3800048828125,1000.0,0,0.0,1000.0
2026-05-28 14:05:00,384.4200134277344,1000.0,0,0.0,1000.0
2026-05-28 14:10:00,386.30999755859375,1000.0,0,0.0,1000.0
2026-05-28 14:15:00,385.6499938964844,1000.0,0,0.0,1000.0
2026-05-28 14:20:00,385.1400146484375,1000.0,0,0.0,1000.0
2026-05-28 14:25:00,385.6600036621094,1000.0,0,0.0,1000.0
2026-05-28 14:30:00,384.9100036621094,1000.0,0,0.0,1000.0
2026-05-28 14:35:00,385.1099853515625,1000.0,0,0.0,1000.0
2026-05-28 14:40:00,385.7900085449219,1000.0,0,0.0,1000.0
2026-05-28 14:45:00,384.6400146484375,1000.0,0,0.0,1000.0
2026-05-28 14:50:00,385.2950134277344,1000.0,0,0.0,1000.0
2026-05-28 14:55:00,385.2000122070313,1000.0,0,0.0,1000.0
2026-05-28 15:00:00,386.7799987792969,1000.0,0,0.0,1000.0
2026-05-28 15:05:00,386.239990234375,1000.0,0,0.0,1000.0
2026-05-28 15:10:00,385.9549865722656,1000.0,0,0.0,1000.0
2026-05-28 15:15:00,385.7850036621094,1000.0,0,0.0,1000.0
2026-05-28 15:20:00,385.5799865722656,1000.0,0,0.0,1000.0
2026-05-28 15:25:00,385.6650085449219,1000.0,0,0.0,1000.0
2026-05-28 15:30:00,386.2900085449219,1000.0,0,0.0,1000.0
2026-05-28 15:35:00,386.6300048828125,1000.0,0,0.0,1000.0
2026-05-28 15:40:00,386.1099853515625,1000.0,0,0.0,1000.0
2026-05-28 15:45:00,385.9400024414063,1000.0,0,0.0,1000.0
2026-05-28 15:50:00,385.8900146484375,1000.0,0,0.0,1000.0
2026-05-28 15:55:00,386.3500061035156,1000.0,0,0.0,1000.0
2026-05-28 16:00:00,386.1099853515625,1000.0,0,0.0,1000.0
2026-05-28 16:05:00,386.30999755859375,1000.0,0,0.0,1000.0
2026-05-28 16:10:00,385.9150085449219,1000.0,0,0.0,1000.0
2026-05-28 16:15:00,386.0499877929688,1000.0,0,0.0,1000.0
2026-05-28 16:20:00,386.2699890136719,1000.0,0,0.0,1000.0
2026-05-28 16:25:00,385.7380065917969,1000.0,0,0.0,1000.0
2026-05-28 16:30:00,385.1799926757813,1000.0,0,0.0,1000.0
2026-05-28 16:35:00,384.9500122070313,1000.0,0,0.0,1000.0
2026-05-28 16:40:00,384.7250061035156,1000.0,0,0.0,1000.0
2026-05-28 16:45:00,384.739990234375,1000.0,0,0.0,1000.0
2026-05-28 16:50:00,384.4299926757813,1000.0,0,0.0,1000.0
2026-05-28 16:55:00,384.8999938964844,1000.0,0,0.0,1000.0
2026-05-28 17:00:00,384.9750061035156,1000.0,0,0.0,1000.0
2026-05-28 17:05:00,385.0827941894531,1000.0,0,0.0,1000.0
2026-05-28 17:10:00,384.875,1000.0,0,0.0,1000.0
2026-05-28 17:15:00,385.0899963378906,1000.0,0,0.0,1000.0
2026-05-28 17:20:00,385.80999755859375,1000.0,0,0.0,1000.0
2026-05-28 17:25:00,385.9700012207031,1000.0,0,0.0,1000.0
2026-05-28 17:30:00,386.4700012207031,1000.0,0,0.0,1000.0
2026-05-28 17:35:00,386.4400024414063,1000.0,0,0.0,1000.0
2026-05-28 17:40:00,386.5899963378906,1000.0,0,0.0,1000.0
2026-05-28 17:45:00,386.989990234375,1000.0,0,0.0,1000.0
2026-05-28 17:50:00,386.2550048828125,1000.0,0,0.0,1000.0
2026-05-28 17:55:00,385.6900024414063,1000.0,0,0.0,1000.0
2026-05-28 18:00:00,385.8900146484375,1000.0,0,0.0,1000.0
2026-05-28 18:05:00,385.7349853515625,1000.0,0,0.0,1000.0
2026-05-28 18:10:00,386.0400085449219,1000.0,0,0.0,1000.0
2026-05-28 18:15:00,386.1600036621094,1000.0,0,0.0,1000.0
2026-05-28 18:20:00,386.3500061035156,1000.0,0,0.0,1000.0
2026-05-28 18:25:00,386.4500122070313,1000.0,0,0.0,1000.0
2026-05-28 18:30:00,386.80999755859375,1000.0,0,0.0,1000.0
2026-05-28 18:35:00,386.6099853515625,1000.0,0,0.0,1000.0
2026-05-28 18:40:00,386.9800109863281,1000.0,0,0.0,1000.0
2026-05-28 18:45:00,387.010009765625,1000.0,0,0.0,1000.0
2026-05-28 18:50:00,387.0174865722656,1000.0,0,0.0,1000.0
2026-05-28 18:55:00,386.4100036621094,1000.0,0,0.0,1000.0
2026-05-28 19:00:00,386.6651916503906,1000.0,0,0.0,1000.0
2026-05-28 19:05:00,386.5498962402344,1000.0,0,0.0,1000.0
2026-05-28 19:10:00,386.5,1000.0,0,0.0,1000.0
2026-05-28 19:15:00,386.6799926757813,1000.0,0,0.0,1000.0
2026-05-28 19:20:00,386.7999877929688,1000.0,0,0.0,1000.0
2026-05-28 19:25:00,386.9549865722656,1000.0,0,0.0,1000.0
2026-05-28 19:30:00,387.1799926757813,1000.0,0,0.0,1000.0
2026-05-28 19:35:00,387.7099914550781,1000.0,0,0.0,1000.0
2026-05-28 19:40:00,387.2200012207031,1000.0,0,0.0,1000.0
2026-05-28 19:45:00,386.9270935058594,1000.0,0,0.0,1000.0
2026-05-28 19:50:00,386.4599914550781,1000.0,0,0.0,1000.0
2026-05-28 19:55:00,386.1499938964844,1000.0,0,0.0,1000.0
2026-05-29 13:30:00,376.989990234375,1000.0,0,0.0,1000.0
2026-05-29 13:35:00,379.1199951171875,1000.0,0,0.0,1000.0
2026-05-29 13:40:00,379.7099914550781,1000.0,0,0.0,1000.0
2026-05-29 13:45:00,380.1799926757813,1000.0,0,0.0,1000.0
2026-05-29 13:50:00,380.8450012207031,1000.0,0,0.0,1000.0
2026-05-29 13:55:00,381.5,1000.0,0,0.0,1000.0
2026-05-29 14:00:00,381.0199890136719,1000.0,0,0.0,1000.0
2026-05-29 14:05:00,380.5950012207031,1000.0,0,0.0,1000.0
2026-05-29 14:10:00,379.7099914550781,1000.0,0,0.0,1000.0
2026-05-29 14:15:00,379.8800964355469,1000.0,0,0.0,1000.0
2026-05-29 14:20:00,379.0499877929688,1000.0,0,0.0,1000.0
2026-05-29 14:25:00,379.9200134277344,1000.0,0,0.0,1000.0
2026-05-29 14:30:00,379.4200134277344,1000.0,0,0.0,1000.0
2026-05-29 14:35:00,378.55999755859375,1000.0,0,0.0,1000.0
2026-05-29 14:40:00,377.4500122070313,1000.0,0,0.0,1000.0
2026-05-29 14:45:00,378.1099853515625,1000.0,0,0.0,1000.0
2026-05-29 14:50:00,379.05999755859375,1000.0,0,0.0,1000.0
2026-05-29 14:55:00,379.0400085449219,1000.0,0,0.0,1000.0
2026-05-29 15:00:00,379.3575134277344,1000.0,0,0.0,1000.0
2026-05-29 15:05:00,379.9649963378906,1000.0,0,0.0,1000.0
2026-05-29 15:10:00,379.8250122070313,1000.0,0,0.0,1000.0
2026-05-29 15:15:00,379.5498962402344,1000.0,0,0.0,1000.0
2026-05-29 15:20:00,380.3200073242188,1000.0,0,0.0,1000.0
2026-05-29 15:25:00,379.8001098632813,1000.0,0,0.0,1000.0
2026-05-29 15:30:00,380.0499877929688,1000.0,0,0.0,1000.0
2026-05-29 15:35:00,379.7200012207031,1000.0,0,0.0,1000.0
2026-05-29 15:40:00,379.55999755859375,1000.0,0,0.0,1000.0
2026-05-29 15:45:00,379.239990234375,1000.0,0,0.0,1000.0
2026-05-29 15:50:00,379.25,1000.0,0,0.0,1000.0
2026-05-29 15:55:00,379.1400146484375,1000.0,0,0.0,1000.0
2026-05-29 16:00:00,379.4400024414063,1000.0,0,0.0,1000.0
2026-05-29 16:05:00,379.7099914550781,1000.0,0,0.0,1000.0
2026-05-29 16:10:00,379.739990234375,1000.0,0,0.0,1000.0
2026-05-29 16:15:00,379.7300109863281,1000.0,0,0.0,1000.0
2026-05-29 16:20:00,379.80999755859375,1000.0,0,0.0,1000.0
2026-05-29 16:25:00,379.7049865722656,1000.0,0,0.0,1000.0
2026-05-29 16:30:00,379.5199890136719,1000.0,0,0.0,1000.0
2026-05-29 16:35:00,379.68499755859375,1000.0,0,0.0,1000.0
2026-05-29 16:40:00,379.7200012207031,1000.0,0,0.0,1000.0
2026-05-29 16:45:00,379.3049926757813,1000.0,0,0.0,1000.0
2026-05-29 16:50:00,379.2200012207031,1000.0,0,0.0,1000.0
2026-05-29 16:55:00,379.2200012207031,1000.0,0,0.0,1000.0
2026-05-29 17:00:00,378.9400024414063,1000.0,0,0.0,1000.0
2026-05-29 17:05:00,379.0299987792969,1000.0,0,0.0,1000.0
2026-05-29 17:10:00,378.8349914550781,1000.0,0,0.0,1000.0
2026-05-29 17:15:00,378.8699951171875,1000.0,0,0.0,1000.0
2026-05-29 17:20:00,378.760009765625,1000.0,0,0.0,1000.0
2026-05-29 17:25:00,379.05999755859375,1000.0,0,0.0,1000.0
2026-05-29 17:30:00,379.2999877929688,1000.0,0,0.0,1000.0
2026-05-29 17:35:00,379.4100036621094,1000.0,0,0.0,1000.0
2026-05-29 17:40:00,379.3049926757813,1000.0,0,0.0,1000.0
2026-05-29 17:45:00,379.625,1000.0,0,0.0,1000.0
2026-05-29 17:50:00,379.2300109863281,1000.0,0,0.0,1000.0
2026-05-29 17:55:00,378.9200134277344,1000.0,0,0.0,1000.0
2026-05-29 18:00:00,379.510009765625,1000.0,0,0.0,1000.0
2026-05-29 18:05:00,379.5400085449219,1000.0,0,0.0,1000.0
2026-05-29 18:10:00,379.3200073242188,1000.0,0,0.0,1000.0
2026-05-29 18:15:00,379.1099853515625,1000.0,0,0.0,1000.0
2026-05-29 18:20:00,379.4100036621094,1000.0,0,0.0,1000.0
2026-05-29 18:25:00,379.4649963378906,1000.0,0,0.0,1000.0
2026-05-29 18:30:00,379.4949951171875,1000.0,0,0.0,1000.0
2026-05-29 18:35:00,379.0950012207031,1000.0,0,0.0,1000.0
2026-05-29 18:40:00,379.0,1000.0,0,0.0,1000.0
2026-05-29 18:45:00,378.510009765625,1000.0,0,0.0,1000.0
2026-05-29 18:50:00,378.3500061035156,1000.0,0,0.0,1000.0
2026-05-29 18:55:00,378.2449951171875,1000.0,0,0.0,1000.0
2026-05-29 19:00:00,378.8399963378906,1000.0,0,0.0,1000.0
2026-05-29 19:05:00,378.8349914550781,1000.0,0,0.0,1000.0
2026-05-29 19:10:00,378.6499938964844,1000.0,0,0.0,1000.0
2026-05-29 19:15:00,378.1300048828125,1000.0,0,0.0,1000.0
2026-05-29 19:20:00,378.55999755859375,1000.0,0,0.0,1000.0
2026-05-29 19:25:00,378.9700012207031,1000.0,0,0.0,1000.0
2026-05-29 19:30:00,379.0899963378906,1000.0,0,0.0,1000.0
2026-05-29 19:35:00,378.9599914550781,1000.0,0,0.0,1000.0
2026-05-29 19:40:00,378.4400024414063,1000.0,0,0.0,1000.0
2026-05-29 19:45:00,378.1799926757813,1000.0,0,0.0,1000.0
2026-05-29 19:50:00,376.2999877929688,1000.0,0,0.0,1000.0
2026-05-29 19:55:00,376.3800048828125,1000.0,0,0.0,1000.0
2026-06-01 13:30:00,371.9881896972656,1000.0,0,0.0,1000.0
2026-06-01 13:35:00,370.1749877929688,1000.0,0,0.0,1000.0
2026-06-01 13:40:00,371.42138671875,1000.0,0,0.0,1000.0
2026-06-01 13:45:00,371.7651062011719,1000.0,0,0.0,1000.0
2026-06-01 13:50:00,371.3088073730469,1000.0,0,0.0,1000.0
2026-06-01 13:55:00,371.1099853515625,1000.0,0,0.0,1000.0
2026-06-01 14:00:00,372.0,1000.0,0,0.0,1000.0
2026-06-01 14:05:00,371.4400024414063,1000.0,0,0.0,1000.0
2026-06-01 14:10:00,370.8200073242188,1000.0,0,0.0,1000.0
2026-06-01 14:15:00,371.2300109863281,1000.0,0,0.0,1000.0
2026-06-01 14:20:00,371.8200073242188,1000.0,0,0.0,1000.0
2026-06-01 14:25:00,372.05999755859375,1000.0,0,0.0,1000.0
2026-06-01 14:30:00,372.25,1000.0,0,0.0,1000.0
2026-06-01 14:35:00,372.135009765625,1000.0,0,0.0,1000.0
2026-06-01 14:40:00,372.4400024414063,1000.0,0,0.0,1000.0
2026-06-01 14:45:00,373.0199890136719,1000.0,0,0.0,1000.0
2026-06-01 14:50:00,372.6700134277344,1000.0,0,0.0,1000.0
2026-06-01 14:55:00,372.6700134277344,1000.0,0,0.0,1000.0
2026-06-01 15:00:00,373.0509033203125,1000.0,0,0.0,1000.0
2026-06-01 15:05:00,373.05999755859375,1000.0,0,0.0,1000.0
2026-06-01 15:10:00,372.1799926757813,1000.0,0,0.0,1000.0
2026-06-01 15:15:00,371.3598937988281,1000.0,0,0.0,1000.0
2026-06-01 15:20:00,371.6300048828125,1000.0,0,0.0,1000.0
2026-06-01 15:25:00,371.8200073242188,1000.0,0,0.0,1000.0
2026-06-01 15:30:00,371.5499877929688,1000.0,0,0.0,1000.0
2026-06-01 15:35:00,371.8800048828125,1000.0,0,0.0,1000.0
2026-06-01 15:40:00,371.3250122070313,1000.0,0,0.0,1000.0
2026-06-01 15:45:00,371.08990478515625,1000.0,0,0.0,1000.0
2026-06-01 15:50:00,371.4200134277344,1000.0,0,0.0,1000.0
2026-06-01 15:55:00,371.4400024414063,1000.0,0,0.0,1000.0
2026-06-01 16:00:00,371.4400024414063,1000.0,0,0.0,1000.0
2026-06-01 16:05:00,371.3699951171875,1000.0,0,0.0,1000.0
2026-06-01 16:10:00,371.0700073242188,1000.0,0,0.0,1000.0
2026-06-01 16:15:00,370.8200073242188,1000.0,0,0.0,1000.0
2026-06-01 16:20:00,371.27978515625,1000.0,0,0.0,1000.0
2026-06-01 16:25:00,371.0920104980469,1000.0,0,0.0,1000.0
2026-06-01 16:30:00,371.4549865722656,1000.0,0,0.0,1000.0
2026-06-01 16:35:00,371.2999877929688,1000.0,0,0.0,1000.0
2026-06-01 16:40:00,371.1499938964844,1000.0,0,0.0,1000.0
2026-06-01 16:45:00,371.0499877929688,1000.0,0,0.0,1000.0
2026-06-01 16:50:00,371.3299865722656,1000.0,0,0.0,1000.0
2026-06-01 16:55:00,372.1000061035156,1000.0,0,0.0,1000.0
2026-06-01 17:00:00,371.8599853515625,1000.0,0,0.0,1000.0
2026-06-01 17:05:00,372.4599914550781,1000.0,0,0.0,1000.0
2026-06-01 17:10:00,372.3699951171875,1000.0,0,0.0,1000.0
2026-06-01 17:15:00,372.5499877929688,1000.0,0,0.0,1000.0
2026-06-01 17:20:00,372.8500061035156,1000.0,0,0.0,1000.0
2026-06-01 17:25:00,374.0199890136719,1000.0,0,0.0,1000.0
2026-06-01 17:30:00,373.2300109863281,1000.0,0,0.0,1000.0
2026-06-01 17:35:00,373.0799865722656,1000.0,0,0.0,1000.0
2026-06-01 17:40:00,373.9400024414063,1000.0,0,0.0,1000.0
2026-06-01 17:45:00,374.1400146484375,1000.0,0,0.0,1000.0
2026-06-01 17:50:00,373.7999877929688,1000.0,0,0.0,1000.0
2026-06-01 17:55:00,372.3900146484375,1000.0,0,0.0,1000.0
2026-06-01 18:00:00,372.2950134277344,1000.0,0,0.0,1000.0
2026-06-01 18:05:00,372.3049926757813,1000.0,0,0.0,1000.0
2026-06-01 18:10:00,372.2000122070313,1000.0,0,0.0,1000.0
2026-06-01 18:15:00,372.8200073242188,1000.0,0,0.0,1000.0
2026-06-01 18:20:00,373.3949890136719,1000.0,0,0.0,1000.0
2026-06-01 18:25:00,373.3500061035156,1000.0,0,0.0,1000.0
2026-06-01 18:30:00,373.3299865722656,1000.0,0,0.0,1000.0
2026-06-01 18:35:00,373.4599914550781,1000.0,0,0.0,1000.0
2026-06-01 18:40:00,373.5,1000.0,0,0.0,1000.0
2026-06-01 18:45:00,373.7200012207031,1000.0,0,0.0,1000.0
2026-06-01 18:50:00,373.5300903320313,1000.0,0,0.0,1000.0
2026-06-01 18:55:00,373.8399963378906,1000.0,0,0.0,1000.0
2026-06-01 19:00:00,374.2099914550781,1000.0,0,0.0,1000.0
2026-06-01 19:05:00,373.9700012207031,1000.0,0,0.0,1000.0
2026-06-01 19:10:00,373.7099914550781,1000.0,0,0.0,1000.0
2026-06-01 19:15:00,374.0299987792969,1000.0,0,0.0,1000.0
2026-06-01 19:20:00,374.3349914550781,1000.0,0,0.0,1000.0
2026-06-01 19:25:00,374.3900146484375,1000.0,0,0.0,1000.0
2026-06-01 19:30:00,374.0799865722656,1000.0,0,0.0,1000.0
2026-06-01 19:35:00,373.5400085449219,1000.0,0,0.0,1000.0
2026-06-01 19:40:00,373.4800109863281,1000.0,0,0.0,1000.0
2026-06-01 19:45:00,374.0199890136719,1000.0,0,0.0,1000.0
2026-06-01 19:50:00,373.2099914550781,1000.0,0,0.0,1000.0
2026-06-01 19:55:00,372.5799865722656,1000.0,0,0.0,1000.0
2026-06-02 13:30:00,357.9049987792969,1000.0,0,0.0,1000.0
2026-06-02 13:35:00,356.6000061035156,1000.0,0,0.0,1000.0
2026-06-02 13:40:00,356.67999267578125,1000.0,0,0.0,1000.0
2026-06-02 13:45:00,358.25,1000.0,0,0.0,1000.0
2026-06-02 13:50:00,359.5350036621094,1000.0,0,0.0,1000.0
2026-06-02 13:55:00,360.2999877929688,1000.0,0,0.0,1000.0
2026-06-02 14:00:00,362.5299987792969,1000.0,0,0.0,1000.0
2026-06-02 14:05:00,364.6600036621094,1000.0,0,0.0,1000.0
2026-06-02 14:10:00,364.93011474609375,1000.0,0,0.0,1000.0
2026-06-02 14:15:00,366.6499938964844,1000.0,0,0.0,1000.0
2026-06-02 14:20:00,366.9500122070313,1000.0,0,0.0,1000.0
2026-06-02 14:25:00,367.0199890136719,1000.0,0,0.0,1000.0
2026-06-02 14:30:00,367.5300903320313,1000.0,0,0.0,1000.0
2026-06-02 14:35:00,367.7250061035156,1000.0,0,0.0,1000.0
2026-06-02 14:40:00,368.3200073242188,1000.0,0,0.0,1000.0
2026-06-02 14:45:00,368.0299987792969,1000.0,0,0.0,1000.0
2026-06-02 14:50:00,368.989990234375,1000.0,0,0.0,1000.0
2026-06-02 14:55:00,369.0299987792969,1000.0,0,0.0,1000.0
2026-06-02 15:00:00,367.7799987792969,1000.0,0,0.0,1000.0
2026-06-02 15:05:00,367.1600036621094,1000.0,0,0.0,1000.0
2026-06-02 15:10:00,366.3299865722656,1000.0,0,0.0,1000.0
2026-06-02 15:15:00,366.260009765625,1000.0,0,0.0,1000.0
2026-06-02 15:20:00,366.6099853515625,1000.0,0,0.0,1000.0
2026-06-02 15:25:00,366.2449951171875,1000.0,0,0.0,1000.0
2026-06-02 15:30:00,365.0849914550781,1000.0,0,0.0,1000.0
2026-06-02 15:35:00,364.2799987792969,1000.0,0,0.0,1000.0
2026-06-02 15:40:00,364.2080078125,1000.0,0,0.0,1000.0
2026-06-02 15:45:00,363.41009521484375,1000.0,0,0.0,1000.0
2026-06-02 15:50:00,363.6700134277344,1000.0,0,0.0,1000.0
2026-06-02 15:55:00,363.1199951171875,1000.0,0,0.0,1000.0
2026-06-02 16:00:00,362.8200073242188,1000.0,0,0.0,1000.0
2026-06-02 16:05:00,363.364990234375,1000.0,0,0.0,1000.0
2026-06-02 16:10:00,364.0899963378906,1000.0,0,0.0,1000.0
2026-06-02 16:15:00,363.4200134277344,1000.0,0,0.0,1000.0
2026-06-02 16:20:00,363.6300048828125,1000.0,0,0.0,1000.0
2026-06-02 16:25:00,363.8399963378906,1000.0,0,0.0,1000.0
2026-06-02 16:30:00,363.6499938964844,1000.0,0,0.0,1000.0
2026-06-02 16:35:00,363.760009765625,1000.0,0,0.0,1000.0
2026-06-02 16:40:00,363.4100036621094,1000.0,0,0.0,1000.0
2026-06-02 16:45:00,364.7650146484375,1000.0,0,0.0,1000.0
2026-06-02 16:50:00,364.9400024414063,1000.0,0,0.0,1000.0
2026-06-02 16:55:00,364.4800109863281,1000.0,0,0.0,1000.0
2026-06-02 17:00:00,364.7099914550781,1000.0,0,0.0,1000.0
2026-06-02 17:05:00,364.6449890136719,1000.0,0,0.0,1000.0
2026-06-02 17:10:00,364.1900024414063,1000.0,0,0.0,1000.0
2026-06-02 17:15:00,363.8200073242188,1000.0,0,0.0,1000.0
2026-06-02 17:20:00,364.05999755859375,1000.0,0,0.0,1000.0
2026-06-02 17:25:00,363.9800109863281,1000.0,0,0.0,1000.0
2026-06-02 17:30:00,363.6600036621094,1000.0,0,0.0,1000.0
2026-06-02 17:35:00,364.3200073242188,1000.0,0,0.0,1000.0
2026-06-02 17:40:00,364.6400146484375,1000.0,0,0.0,1000.0
2026-06-02 17:45:00,364.6400146484375,1000.0,0,0.0,1000.0
2026-06-02 17:50:00,364.4100036621094,1000.0,0,0.0,1000.0
2026-06-02 17:55:00,363.5499877929688,1000.0,0,0.0,1000.0
2026-06-02 18:00:00,363.4549865722656,1000.0,0,0.0,1000.0
2026-06-02 18:05:00,363.590087890625,1000.0,0,0.0,1000.0
2026-06-02 18:10:00,363.4500122070313,1000.0,0,0.0,1000.0
2026-06-02 18:15:00,362.9249877929688,1000.0,0,0.0,1000.0
2026-06-02 18:20:00,362.4700012207031,1000.0,0,0.0,1000.0
2026-06-02 18:25:00,361.2149963378906,1000.0,0,0.0,1000.0
2026-06-02 18:30:00,361.4421997070313,1000.0,0,0.0,1000.0
2026-06-02 18:35:00,361.7200012207031,1000.0,0,0.0,1000.0
2026-06-02 18:40:00,361.6799926757813,1000.0,0,0.0,1000.0
2026-06-02 18:45:00,361.25,1000.0,0,0.0,1000.0
2026-06-02 18:50:00,360.9500122070313,1000.0,0,0.0,1000.0
2026-06-02 18:55:00,360.8599853515625,1000.0,0,0.0,1000.0
2026-06-02 19:00:00,360.9599914550781,1000.0,0,0.0,1000.0
2026-06-02 19:05:00,360.8999938964844,1000.0,0,0.0,1000.0
2026-06-02 19:10:00,360.7699890136719,1000.0,0,0.0,1000.0
2026-06-02 19:15:00,360.7300109863281,1000.0,0,0.0,1000.0
2026-06-02 19:20:00,360.7950134277344,1000.0,0,0.0,1000.0
2026-06-02 19:25:00,360.5199890136719,1000.0,0,0.0,1000.0
2026-06-02 19:30:00,360.6499938964844,1000.0,0,0.0,1000.0
2026-06-02 19:35:00,360.1700134277344,1000.0,0,0.0,1000.0
2026-06-02 19:40:00,359.7300109863281,1000.0,0,0.0,1000.0
2026-06-02 19:45:00,359.3500061035156,1000.0,0,0.0,1000.0
2026-06-02 19:50:00,358.44000244140625,1000.0,0,0.0,1000.0
2026-06-02 19:55:00,358.5,1000.0,0,0.0,1000.0
2026-06-03 13:30:00,360.0299987792969,1000.0,0,0.0,1000.0
2026-06-03 13:35:00,359.2799987792969,1000.0,0,0.0,1000.0
2026-06-03 13:40:00,359.8299865722656,1000.0,0,0.0,1000.0
2026-06-03 13:45:00,358.9599914550781,1000.0,0,0.0,1000.0
2026-06-03 13:50:00,358.4150085449219,1000.0,0,0.0,1000.0
2026-06-03 13:55:00,360.30999755859375,1000.0,0,0.0,1000.0
2026-06-03 14:00:00,361.5400085449219,1000.0,0,0.0,1000.0
2026-06-03 14:05:00,360.3299865722656,1000.0,0,0.0,1000.0
2026-06-03 14:10:00,360.2650146484375,1000.0,0,0.0,1000.0
2026-06-03 14:15:00,357.6600036621094,1000.0,0,0.0,1000.0
2026-06-03 14:20:00,358.04998779296875,1000.0,0,0.0,1000.0
2026-06-03 14:25:00,357.6600036621094,1000.0,0,0.0,1000.0
2026-06-03 14:30:00,358.75,1000.0,0,0.0,1000.0
2026-06-03 14:35:00,359.8900146484375,1000.0,0,0.0,1000.0
2026-06-03 14:40:00,358.7850036621094,1000.0,0,0.0,1000.0
2026-06-03 14:45:00,358.19000244140625,1000.0,0,0.0,1000.0
2026-06-03 14:50:00,358.0799865722656,1000.0,0,0.0,1000.0
2026-06-03 14:55:00,357.5599975585937,1000.0,0,0.0,1000.0
2026-06-03 15:00:00,356.5450134277344,1000.0,0,0.0,1000.0
2026-06-03 15:05:00,356.7799987792969,1000.0,0,0.0,1000.0
2026-06-03 15:10:00,355.9200134277344,1000.0,0,0.0,1000.0
2026-06-03 15:15:00,355.4150085449219,1000.0,0,0.0,1000.0
2026-06-03 15:20:00,355.20001220703125,1000.0,0,0.0,1000.0
2026-06-03 15:25:00,355.864990234375,1000.0,0,0.0,1000.0
2026-06-03 15:30:00,355.4800109863281,1000.0,0,0.0,1000.0
2026-06-03 15:35:00,355.3420104980469,1000.0,0,0.0,1000.0
2026-06-03 15:40:00,356.2699890136719,1000.0,0,0.0,1000.0
2026-06-03 15:45:00,356.3949890136719,1000.0,0,0.0,1000.0
2026-06-03 15:50:00,355.57000732421875,1000.0,0,0.0,1000.0
2026-06-03 15:55:00,355.95001220703125,1000.0,0,0.0,1000.0
2026-06-03 16:00:00,356.9898986816406,1000.0,0,0.0,1000.0
2026-06-03 16:05:00,356.19000244140625,1000.0,0,0.0,1000.0
2026-06-03 16:10:00,355.7550048828125,1000.0,0,0.0,1000.0
2026-06-03 16:15:00,355.3599853515625,1000.0,0,0.0,1000.0
2026-06-03 16:20:00,355.010009765625,1000.0,0,0.0,1000.0
2026-06-03 16:25:00,355.44000244140625,1000.0,0,0.0,1000.0
2026-06-03 16:30:00,356.07000732421875,1000.0,0,0.0,1000.0
2026-06-03 16:35:00,355.82000732421875,1000.0,0,0.0,1000.0
2026-06-03 16:40:00,355.94000244140625,1000.0,0,0.0,1000.0
2026-06-03 16:45:00,357.260009765625,1000.0,0,0.0,1000.0
2026-06-03 16:50:00,356.7651062011719,1000.0,0,0.0,1000.0
2026-06-03 16:55:00,357.54510498046875,1000.0,0,0.0,1000.0
2026-06-03 17:00:00,356.9700012207031,1000.0,0,0.0,1000.0
2026-06-03 17:05:00,357.67999267578125,1000.0,0,0.0,1000.0
2026-06-03 17:10:00,357.3399963378906,1000.0,0,0.0,1000.0
2026-06-03 17:15:00,358.1000061035156,1000.0,0,0.0,1000.0
2026-06-03 17:20:00,358.5400085449219,1000.0,0,0.0,1000.0
2026-06-03 17:25:00,357.8999938964844,1000.0,0,0.0,1000.0
2026-06-03 17:30:00,357.6600036621094,1000.0,0,0.0,1000.0
2026-06-03 17:35:00,357.4599914550781,1000.0,0,0.0,1000.0
2026-06-03 17:40:00,357.8999938964844,1000.0,0,0.0,1000.0
2026-06-03 17:45:00,356.875,1000.0,0,0.0,1000.0
2026-06-03 17:50:00,356.5199890136719,1000.0,0,0.0,1000.0
2026-06-03 17:55:00,356.798095703125,1000.0,0,0.0,1000.0
2026-06-03 18:00:00,356.6600036621094,1000.0,0,0.0,1000.0
2026-06-03 18:05:00,356.07000732421875,1000.0,0,0.0,1000.0
2026-06-03 18:10:00,355.6400146484375,1000.0,0,0.0,1000.0
2026-06-03 18:15:00,355.9100036621094,1000.0,0,0.0,1000.0
2026-06-03 18:20:00,355.739990234375,1000.0,0,0.0,1000.0
2026-06-03 18:25:00,356.0,1000.0,0,0.0,1000.0
2026-06-03 18:30:00,356.0299987792969,1000.0,0,0.0,1000.0
2026-06-03 18:35:00,356.3999938964844,1000.0,0,0.0,1000.0
2026-06-03 18:40:00,356.8900146484375,1000.0,0,0.0,1000.0
2026-06-03 18:45:00,357.0101013183594,1000.0,0,0.0,1000.0
2026-06-03 18:50:00,357.50469970703125,1000.0,0,0.0,1000.0
2026-06-03 18:55:00,356.9750061035156,1000.0,0,0.0,1000.0
2026-06-03 19:00:00,356.260009765625,1000.0,0,0.0,1000.0
2026-06-03 19:05:00,356.42999267578125,1000.0,0,0.0,1000.0
2026-06-03 19:10:00,356.75,1000.0,0,0.0,1000.0
2026-06-03 19:15:00,356.2099914550781,1000.0,0,0.0,1000.0
2026-06-03 19:20:00,356.1700134277344,1000.0,0,0.0,1000.0
2026-06-03 19:25:00,356.54998779296875,1000.0,0,0.0,1000.0
2026-06-03 19:30:00,356.19000244140625,1000.0,0,0.0,1000.0
2026-06-03 19:35:00,355.8299865722656,1000.0,0,0.0,1000.0
2026-06-03 19:40:00,355.3699951171875,1000.0,0,0.0,1000.0
2026-06-03 19:45:00,355.2250061035156,1000.0,0,0.0,1000.0
2026-06-03 19:50:00,354.614990234375,1000.0,0,0.0,1000.0
2026-06-03 19:55:00,355.82000732421875,1000.0,0,0.0,1000.0
2026-06-04 13:30:00,360.6549987792969,1000.0,0,0.0,1000.0
2026-06-04 13:35:00,359.75,1000.0,0,0.0,1000.0
2026-06-04 13:40:00,359.69000244140625,1000.0,0,0.0,1000.0
2026-06-04 13:45:00,361.3550109863281,1000.0,0,0.0,1000.0
2026-06-04 13:50:00,362.0150146484375,1000.0,0,0.0,1000.0
2026-06-04 13:55:00,362.8500061035156,1000.0,0,0.0,1000.0
2026-06-04 14:00:00,362.1499938964844,1000.0,0,0.0,1000.0
2026-06-04 14:05:00,362.4299926757813,1000.0,0,0.0,1000.0
2026-06-04 14:10:00,363.7950134277344,1000.0,0,0.0,1000.0
2026-06-04 14:15:00,364.2749938964844,1000.0,0,0.0,1000.0
2026-06-04 14:20:00,364.8699951171875,1000.0,0,0.0,1000.0
2026-06-04 14:25:00,365.0299987792969,1000.0,0,0.0,1000.0
2026-06-04 14:30:00,365.05999755859375,1000.0,0,0.0,1000.0
2026-06-04 14:35:00,364.8399963378906,1000.0,0,0.0,1000.0
2026-06-04 14:40:00,365.1950073242188,1000.0,0,0.0,1000.0
2026-06-04 14:45:00,364.5199890136719,1000.0,0,0.0,1000.0
2026-06-04 14:50:00,365.30999755859375,1000.0,0,0.0,1000.0
2026-06-04 14:55:00,365.30999755859375,1000.0,0,0.0,1000.0
2026-06-04 15:00:00,365.8999938964844,1000.0,0,0.0,1000.0
2026-06-04 15:05:00,365.2799987792969,1000.0,0,0.0,1000.0
2026-06-04 15:10:00,365.239990234375,1000.0,0,0.0,1000.0
2026-06-04 15:15:00,365.9299926757813,1000.0,0,0.0,1000.0
2026-06-04 15:20:00,366.9549865722656,1000.0,0,0.0,1000.0
2026-06-04 15:25:00,367.8049926757813,1000.0,0,0.0,1000.0
2026-06-04 15:30:00,366.8399963378906,1000.0,0,0.0,1000.0
2026-06-04 15:35:00,367.0450134277344,1000.0,0,0.0,1000.0
2026-06-04 15:40:00,365.8500061035156,1000.0,0,0.0,1000.0
2026-06-04 15:45:00,365.8299865722656,1000.0,0,0.0,1000.0
2026-06-04 15:50:00,366.4750061035156,1000.0,0,0.0,1000.0
2026-06-04 15:55:00,366.864990234375,1000.0,0,0.0,1000.0
2026-06-04 16:00:00,367.5450134277344,1000.0,0,0.0,1000.0
2026-06-04 16:05:00,368.9450073242188,1000.0,0,0.0,1000.0
2026-06-04 16:10:00,368.5375061035156,1000.0,0,0.0,1000.0
2026-06-04 16:15:00,367.7900085449219,1000.0,0,0.0,1000.0
2026-06-04 16:20:00,368.6900024414063,1000.0,0,0.0,1000.0
2026-06-04 16:25:00,368.2749938964844,1000.0,0,0.0,1000.0
2026-06-04 16:30:00,368.2799987792969,1000.0,0,0.0,1000.0
2026-06-04 16:35:00,368.760009765625,1000.0,0,0.0,1000.0
2026-06-04 16:40:00,368.1749877929688,1000.0,0,0.0,1000.0
2026-06-04 16:45:00,367.4849853515625,1000.0,0,0.0,1000.0
2026-06-04 16:50:00,367.8250122070313,1000.0,0,0.0,1000.0
2026-06-04 16:55:00,368.3800048828125,1000.0,0,0.0,1000.0
2026-06-04 17:00:00,368.135009765625,1000.0,0,0.0,1000.0
2026-06-04 17:05:00,369.4599914550781,1000.0,0,0.0,1000.0
2026-06-04 17:10:00,369.5698852539063,1000.0,0,0.0,1000.0
2026-06-04 17:15:00,369.2300109863281,1000.0,0,0.0,1000.0
2026-06-04 17:20:00,369.5050048828125,1000.0,0,0.0,1000.0
2026-06-04 17:25:00,369.6700134277344,1000.0,0,0.0,1000.0
2026-06-04 17:30:00,368.489990234375,1000.0,0,0.0,1000.0
2026-06-04 17:35:00,369.114990234375,1000.0,0,0.0,1000.0
2026-06-04 17:40:00,369.3349914550781,1000.0,0,0.0,1000.0
2026-06-04 17:45:00,369.4800109863281,1000.0,0,0.0,1000.0
2026-06-04 17:50:00,369.4299926757813,1000.0,0,0.0,1000.0
2026-06-04 17:55:00,369.4400024414063,1000.0,0,0.0,1000.0
2026-06-04 18:00:00,368.4500122070313,1000.0,0,0.0,1000.0
2026-06-04 18:05:00,368.5249938964844,1000.0,0,0.0,1000.0
2026-06-04 18:10:00,369.010009765625,1000.0,0,0.0,1000.0
2026-06-04 18:15:00,369.6099853515625,1000.0,0,0.0,1000.0
2026-06-04 18:20:00,369.3599853515625,1000.0,0,0.0,1000.0
2026-06-04 18:25:00,369.4000854492188,1000.0,0,0.0,1000.0
2026-06-04 18:30:00,369.0199890136719,1000.0,0,0.0,1000.0
2026-06-04 18:35:00,369.385009765625,1000.0,0,0.0,1000.0
2026-06-04 18:40:00,369.1199951171875,1000.0,0,0.0,1000.0
2026-06-04 18:45:00,369.5199890136719,1000.0,0,0.0,1000.0
2026-06-04 18:50:00,369.3599853515625,1000.0,0,0.0,1000.0
2026-06-04 18:55:00,368.6499938964844,1000.0,0,0.0,1000.0
2026-06-04 19:00:00,368.6199951171875,1000.0,0,0.0,1000.0
2026-06-04 19:05:00,368.0299987792969,1000.0,0,0.0,1000.0
2026-06-04 19:10:00,367.9200134277344,1000.0,0,0.0,1000.0
2026-06-04 19:15:00,368.1700134277344,1000.0,0,0.0,1000.0
2026-06-04 19:20:00,367.2900085449219,1000.0,0,0.0,1000.0
2026-06-04 19:25:00,367.7699890136719,1000.0,0,0.0,1000.0
2026-06-04 19:30:00,367.8699951171875,1000.0,0,0.0,1000.0
2026-06-04 19:35:00,368.6300048828125,1000.0,0,0.0,1000.0
2026-06-04 19:40:00,368.6700134277344,1000.0,0,0.0,1000.0
2026-06-04 19:45:00,369.1749877929688,1000.0,0,0.0,1000.0
2026-06-04 19:50:00,369.2439880371094,1000.0,0,0.0,1000.0
2026-06-04 19:55:00,369.3699951171875,1000.0,0,0.0,1000.0
2026-06-05 13:30:00,365.260009765625,1000.0,0,0.0,1000.0
2026-06-05 13:35:00,366.1199951171875,1000.0,0,0.0,1000.0
2026-06-05 13:40:00,368.2799072265625,1000.0,0,0.0,1000.0
2026-06-05 13:45:00,366.760009765625,1000.0,0,0.0,1000.0
2026-06-05 13:50:00,367.1000061035156,1000.0,0,0.0,1000.0
2026-06-05 13:55:00,367.0450134277344,1000.0,0,0.0,1000.0
2026-06-05 14:00:00,366.8349914550781,1000.0,0,0.0,1000.0
2026-06-05 14:05:00,367.760009765625,1000.0,0,0.0,1000.0
2026-06-05 14:10:00,368.6199951171875,1000.0,0,0.0,1000.0
2026-06-05 14:15:00,368.05999755859375,1000.0,0,0.0,1000.0
2026-06-05 14:20:00,367.7799987792969,1000.0,0,0.0,1000.0
2026-06-05 14:25:00,367.6499938964844,1000.0,0,0.0,1000.0
2026-06-05 14:30:00,367.114990234375,1000.0,0,0.0,1000.0
2026-06-05 14:35:00,366.0950012207031,1000.0,0,0.0,1000.0
2026-06-05 14:40:00,365.7250061035156,1000.0,0,0.0,1000.0
2026-06-05 14:45:00,366.3299865722656,1000.0,0,0.0,1000.0
2026-06-05 14:50:00,366.4599914550781,1000.0,0,0.0,1000.0
2026-06-05 14:55:00,367.5299987792969,1000.0,0,0.0,1000.0
2026-06-05 15:00:00,366.739990234375,1000.0,0,0.0,1000.0
2026-06-05 15:05:00,367.3599853515625,1000.0,0,0.0,1000.0
2026-06-05 15:10:00,366.1300964355469,1000.0,0,0.0,1000.0
2026-06-05 15:15:00,366.8399963378906,1000.0,0,0.0,1000.0
2026-06-05 15:20:00,366.75,1000.0,0,0.0,1000.0
2026-06-05 15:25:00,367.4299926757813,1000.0,0,0.0,1000.0
2026-06-05 15:30:00,366.9800109863281,1000.0,0,0.0,1000.0
2026-06-05 15:35:00,366.75,1000.0,0,0.0,1000.0
2026-06-05 15:40:00,366.533203125,1000.0,0,0.0,1000.0
2026-06-05 15:45:00,366.3114013671875,1000.0,0,0.0,1000.0
2026-06-05 15:50:00,367.7000122070313,1000.0,0,0.0,1000.0
2026-06-05 15:55:00,368.0,1000.0,0,0.0,1000.0
2026-06-05 16:00:00,367.635009765625,1000.0,0,0.0,1000.0
2026-06-05 16:05:00,367.0400085449219,1000.0,0,0.0,1000.0
2026-06-05 16:10:00,367.1600036621094,1000.0,0,0.0,1000.0
2026-06-05 16:15:00,367.3399963378906,1000.0,0,0.0,1000.0
2026-06-05 16:20:00,367.5845947265625,1000.0,0,0.0,1000.0
2026-06-05 16:25:00,367.3200073242188,1000.0,0,0.0,1000.0
2026-06-05 16:30:00,367.55999755859375,1000.0,0,0.0,1000.0
2026-06-05 16:35:00,367.7099914550781,1000.0,0,0.0,1000.0
2026-06-05 16:40:00,366.2900085449219,1000.0,0,0.0,1000.0
2026-06-05 16:45:00,365.7950134277344,1000.0,0,0.0,1000.0
2026-06-05 16:50:00,367.0299987792969,1000.0,0,0.0,1000.0
2026-06-05 16:55:00,367.2099914550781,1000.0,0,0.0,1000.0
2026-06-05 17:00:00,367.5799865722656,1000.0,0,0.0,1000.0
2026-06-05 17:05:00,367.0899963378906,1000.0,0,0.0,1000.0
2026-06-05 17:10:00,366.8699951171875,1000.0,0,0.0,1000.0
2026-06-05 17:15:00,366.3250122070313,1000.0,0,0.0,1000.0
2026-06-05 17:20:00,367.4549865722656,1000.0,0,0.0,1000.0
2026-06-05 17:25:00,367.1499938964844,1000.0,0,0.0,1000.0
2026-06-05 17:30:00,366.5700073242188,1000.0,0,0.0,1000.0
2026-06-05 17:35:00,366.7199096679688,1000.0,0,0.0,1000.0
2026-06-05 17:40:00,366.1200866699219,1000.0,0,0.0,1000.0
2026-06-05 17:45:00,366.3550109863281,1000.0,0,0.0,1000.0
2026-06-05 17:50:00,366.3999938964844,1000.0,0,0.0,1000.0
2026-06-05 17:55:00,366.7149963378906,1000.0,0,0.0,1000.0
2026-06-05 18:00:00,366.5,1000.0,0,0.0,1000.0
2026-06-05 18:05:00,366.875,1000.0,0,0.0,1000.0
2026-06-05 18:10:00,364.739990234375,1000.0,0,0.0,1000.0
2026-06-05 18:15:00,365.0950012207031,1000.0,0,0.0,1000.0
2026-06-05 18:20:00,366.3656005859375,1000.0,0,0.0,1000.0
2026-06-05 18:25:00,364.8399963378906,1000.0,0,0.0,1000.0
2026-06-05 18:30:00,364.9800109863281,1000.0,0,0.0,1000.0
2026-06-05 18:35:00,365.7651062011719,1000.0,0,0.0,1000.0
2026-06-05 18:40:00,365.4200134277344,1000.0,0,0.0,1000.0
2026-06-05 18:45:00,365.4450073242188,1000.0,0,0.0,1000.0
2026-06-05 18:50:00,365.1400146484375,1000.0,0,0.0,1000.0
2026-06-05 18:55:00,364.3949890136719,1000.0,0,0.0,1000.0
2026-06-05 19:00:00,363.6700134277344,1000.0,0,0.0,1000.0
2026-06-05 19:05:00,363.7900085449219,1000.0,0,0.0,1000.0
2026-06-05 19:10:00,362.8550109863281,1000.0,0,0.0,1000.0
2026-06-05 19:15:00,362.4500122070313,1000.0,0,0.0,1000.0
2026-06-05 19:20:00,361.7900085449219,1000.0,0,0.0,1000.0
2026-06-05 19:25:00,362.7799987792969,1000.0,0,0.0,1000.0
2026-06-05 19:30:00,362.2300109863281,1000.0,0,0.0,1000.0
2026-06-05 19:35:00,362.3800048828125,1000.0,0,0.0,1000.0
2026-06-05 19:40:00,362.2000122070313,1000.0,0,0.0,1000.0
2026-06-05 19:45:00,363.635009765625,1000.0,0,0.0,1000.0
2026-06-05 19:50:00,365.6499938964844,1000.0,0,0.0,1000.0
2026-06-05 19:55:00,366.0,1000.0,0,0.0,1000.0
2026-06-08 13:30:00,361.4800109863281,1000.0,0,0.0,1000.0
2026-06-08 13:35:00,363.0050048828125,1000.0,0,0.0,1000.0
2026-06-08 13:40:00,362.3049926757813,1000.0,0,0.0,1000.0
2026-06-08 13:45:00,361.2799987792969,1000.0,0,0.0,1000.0
2026-06-08 13:50:00,361.3800048828125,1000.0,0,0.0,1000.0
2026-06-08 13:55:00,360.20001220703125,1000.0,0,0.0,1000.0
2026-06-08 14:00:00,359.6700134277344,1000.0,0,0.0,1000.0
2026-06-08 14:05:00,358.7099914550781,1000.0,0,0.0,1000.0
2026-06-08 14:10:00,358.3949890136719,1000.0,0,0.0,1000.0
2026-06-08 14:15:00,359.07000732421875,1000.0,0,0.0,1000.0
2026-06-08 14:20:00,358.8699951171875,1000.0,0,0.0,1000.0
2026-06-08 14:25:00,359.239990234375,1000.0,0,0.0,1000.0
2026-06-08 14:30:00,358.8699951171875,1000.0,0,0.0,1000.0
2026-06-08 14:35:00,359.1099853515625,1000.0,0,0.0,1000.0
2026-06-08 14:40:00,358.6199951171875,1000.0,0,0.0,1000.0
2026-06-08 14:45:00,359.82000732421875,1000.0,0,0.0,1000.0
2026-06-08 14:50:00,360.9949951171875,1000.0,0,0.0,1000.0
2026-06-08 14:55:00,361.739990234375,1000.0,0,0.0,1000.0
2026-06-08 15:00:00,361.0199890136719,1000.0,0,0.0,1000.0
2026-06-08 15:05:00,360.8800048828125,1000.0,0,0.0,1000.0
2026-06-08 15:10:00,360.8550109863281,1000.0,0,0.0,1000.0
2026-06-08 15:15:00,360.9100036621094,1000.0,0,0.0,1000.0
2026-06-08 15:20:00,361.5950012207031,1000.0,0,0.0,1000.0
2026-06-08 15:25:00,360.4700012207031,1000.0,0,0.0,1000.0
2026-06-08 15:30:00,360.0400085449219,1000.0,0,0.0,1000.0
2026-06-08 15:35:00,360.3200073242188,1000.0,0,0.0,1000.0
2026-06-08 15:40:00,359.8999938964844,1000.0,0,0.0,1000.0
2026-06-08 15:45:00,359.3999938964844,1000.0,0,0.0,1000.0
2026-06-08 15:50:00,359.1650085449219,1000.0,0,0.0,1000.0
2026-06-08 15:55:00,359.2200012207031,1000.0,0,0.0,1000.0
2026-06-08 16:00:00,359.3699951171875,1000.0,0,0.0,1000.0
2026-06-08 16:05:00,359.31500244140625,1000.0,0,0.0,1000.0
2026-06-08 16:10:00,359.5199890136719,1000.0,0,0.0,1000.0
2026-06-08 16:15:00,359.94000244140625,1000.0,0,0.0,1000.0
2026-06-08 16:20:00,359.4800109863281,1000.0,0,0.0,1000.0
2026-06-08 16:25:00,359.1400146484375,1000.0,0,0.0,1000.0
2026-06-08 16:30:00,359.4750061035156,1000.0,0,0.0,1000.0
2026-06-08 16:35:00,359.6300048828125,1000.0,0,0.0,1000.0
2026-06-08 16:40:00,359.6400146484375,1000.0,0,0.0,1000.0
2026-06-08 16:45:00,360.0,1000.0,0,0.0,1000.0
2026-06-08 16:50:00,359.6000061035156,1000.0,0,0.0,1000.0
2026-06-08 16:55:00,359.375,1000.0,0,0.0,1000.0
2026-06-08 17:00:00,358.67999267578125,1000.0,0,0.0,1000.0
2026-06-08 17:05:00,358.81500244140625,1000.0,0,0.0,1000.0
2026-06-08 17:10:00,358.8800048828125,1000.0,0,0.0,1000.0
2026-06-08 17:15:00,359.2250061035156,1000.0,0,0.0,1000.0
2026-06-08 17:20:00,359.9599914550781,1000.0,0,0.0,1000.0
2026-06-08 17:25:00,361.4949951171875,1000.0,0,0.0,1000.0
2026-06-08 17:30:00,362.3500061035156,1000.0,0,0.0,1000.0
2026-06-08 17:35:00,361.2799987792969,1000.0,0,0.0,1000.0
2026-06-08 17:40:00,361.2049865722656,1000.0,0,0.0,1000.0
2026-06-08 17:45:00,361.3727111816406,1000.0,0,0.0,1000.0
2026-06-08 17:50:00,361.3999938964844,1000.0,0,0.0,1000.0
2026-06-08 17:55:00,361.55999755859375,1000.0,0,0.0,1000.0
2026-06-08 18:00:00,361.7000122070313,1000.0,0,0.0,1000.0
2026-06-08 18:05:00,361.9299926757813,1000.0,0,0.0,1000.0
2026-06-08 18:10:00,361.5549926757813,1000.0,0,0.0,1000.0
2026-06-08 18:15:00,361.2152099609375,1000.0,0,0.0,1000.0
2026-06-08 18:20:00,361.2650146484375,1000.0,0,0.0,1000.0
2026-06-08 18:25:00,361.8200073242188,1000.0,0,0.0,1000.0
2026-06-08 18:30:00,361.7099914550781,1000.0,0,0.0,1000.0
2026-06-08 18:35:00,361.5499877929688,1000.0,0,0.0,1000.0
2026-06-08 18:40:00,361.4400024414063,1000.0,0,0.0,1000.0
2026-06-08 18:45:00,361.2900085449219,1000.0,0,0.0,1000.0
2026-06-08 18:50:00,360.9505920410156,1000.0,0,0.0,1000.0
2026-06-08 18:55:00,361.0,1000.0,0,0.0,1000.0
2026-06-08 19:00:00,360.75,1000.0,0,0.0,1000.0
2026-06-08 19:05:00,360.9700012207031,1000.0,0,0.0,1000.0
2026-06-08 19:10:00,360.3299865722656,1000.0,0,0.0,1000.0
2026-06-08 19:15:00,360.2699890136719,1000.0,0,0.0,1000.0
2026-06-08 19:20:00,360.0199890136719,1000.0,0,0.0,1000.0
2026-06-08 19:25:00,360.4200134277344,1000.0,0,0.0,1000.0
2026-06-08 19:30:00,360.4200134277344,1000.0,0,0.0,1000.0
2026-06-08 19:35:00,360.1099853515625,1000.0,0,0.0,1000.0
2026-06-08 19:40:00,360.6499938964844,1000.0,0,0.0,1000.0
2026-06-08 19:45:00,360.7799987792969,1000.0,0,0.0,1000.0
2026-06-08 19:50:00,360.8299865722656,1000.0,0,0.0,1000.0
2026-06-08 19:55:00,361.1499938964844,1000.0,0,0.0,1000.0
2026-06-09 13:30:00,369.3200073242188,1000.0,0,0.0,1000.0
2026-06-09 13:35:00,368.2099914550781,1000.0,0,0.0,1000.0
2026-06-09 13:40:00,368.5400085449219,1000.0,0,0.0,1000.0
2026-06-09 13:45:00,368.7099914550781,1000.0,0,0.0,1000.0
2026-06-09 13:50:00,367.2999877929688,1000.0,0,0.0,1000.0
2026-06-09 13:55:00,367.0750122070313,1000.0,0,0.0,1000.0
2026-06-09 14:00:00,367.8399963378906,1000.0,0,0.0,1000.0
2026-06-09 14:05:00,368.0419921875,1000.0,0,0.0,1000.0
2026-06-09 14:10:00,365.6900024414063,1000.0,0,0.0,1000.0
2026-06-09 14:15:00,364.2699890136719,1000.0,0,0.0,1000.0
2026-06-09 14:20:00,365.2300109863281,1000.0,0,0.0,1000.0
2026-06-09 14:25:00,365.5499877929688,1000.0,0,0.0,1000.0
2026-06-09 14:30:00,366.3800048828125,1000.0,0,0.0,1000.0
2026-06-09 14:35:00,365.2149963378906,1000.0,0,0.0,1000.0
2026-06-09 14:40:00,363.0499877929688,1000.0,0,0.0,1000.0
2026-06-09 14:45:00,361.510009765625,1000.0,0,0.0,1000.0
2026-06-09 14:50:00,361.8500061035156,1000.0,0,0.0,1000.0
2026-06-09 14:55:00,362.5,1000.0,0,0.0,1000.0
2026-06-09 15:00:00,361.8900146484375,1000.0,0,0.0,1000.0
2026-06-09 15:05:00,361.93499755859375,1000.0,0,0.0,1000.0
2026-06-09 15:10:00,361.7217102050781,1000.0,0,0.0,1000.0
2026-06-09 15:15:00,360.8200073242188,1000.0,0,0.0,1000.0
2026-06-09 15:20:00,360.1000061035156,1000.0,0,0.0,1000.0
2026-06-09 15:25:00,358.4750061035156,1000.0,0,0.0,1000.0
2026-06-09 15:30:00,358.1700134277344,1000.0,0,0.0,1000.0
2026-06-09 15:35:00,357.9200134277344,1000.0,0,0.0,1000.0
2026-06-09 15:40:00,358.125,1000.0,0,0.0,1000.0
2026-06-09 15:45:00,358.7699890136719,1000.0,0,0.0,1000.0
2026-06-09 15:50:00,358.6099853515625,1000.0,0,0.0,1000.0
2026-06-09 15:55:00,357.8599853515625,1000.0,0,0.0,1000.0
2026-06-09 16:00:00,358.625,1000.0,0,0.0,1000.0
2026-06-09 16:05:00,358.3599853515625,1000.0,0,0.0,1000.0
2026-06-09 16:10:00,357.9700012207031,1000.0,0,0.0,1000.0
2026-06-09 16:15:00,356.4599914550781,1000.0,0,0.0,1000.0
2026-06-09 16:20:00,357.2799987792969,1000.0,0,0.0,1000.0
2026-06-09 16:25:00,358.34161376953125,1000.0,0,0.0,1000.0
2026-06-09 16:30:00,358.4100036621094,1000.0,0,0.0,1000.0
2026-06-09 16:35:00,355.3999938964844,1000.0,0,0.0,1000.0
2026-06-09 16:40:00,355.9049987792969,1000.0,0,0.0,1000.0
2026-06-09 16:45:00,355.9800109863281,1000.0,0,0.0,1000.0
2026-06-09 16:50:00,355.8299865722656,1000.0,0,0.0,1000.0
2026-06-09 16:55:00,357.5599975585937,1000.0,0,0.0,1000.0
2026-06-09 17:00:00,358.5801086425781,1000.0,0,0.0,1000.0
2026-06-09 17:05:00,359.1000061035156,1000.0,0,0.0,1000.0
2026-06-09 17:10:00,359.6499938964844,1000.0,0,0.0,1000.0
2026-06-09 17:15:00,359.9849853515625,1000.0,0,0.0,1000.0
2026-06-09 17:20:00,360.1849975585937,1000.0,0,0.0,1000.0
2026-06-09 17:25:00,360.4549865722656,1000.0,0,0.0,1000.0
2026-06-09 17:30:00,360.6300048828125,1000.0,0,0.0,1000.0
2026-06-09 17:35:00,361.1950073242188,1000.0,0,0.0,1000.0
2026-06-09 17:40:00,362.0899963378906,1000.0,0,0.0,1000.0
2026-06-09 17:45:00,361.010009765625,1000.0,0,0.0,1000.0
2026-06-09 17:50:00,361.7699890136719,1000.0,0,0.0,1000.0
2026-06-09 17:55:00,361.4150085449219,1000.0,0,0.0,1000.0
2026-06-09 18:00:00,361.7900085449219,1000.0,0,0.0,1000.0
2026-06-09 18:05:00,362.5899963378906,1000.0,0,0.0,1000.0
2026-06-09 18:10:00,362.25,1000.0,0,0.0,1000.0
2026-06-09 18:15:00,362.9599914550781,1000.0,0,0.0,1000.0
2026-06-09 18:20:00,363.0050048828125,1000.0,0,0.0,1000.0
2026-06-09 18:25:00,363.1300048828125,1000.0,0,0.0,1000.0
2026-06-09 18:30:00,363.2749938964844,1000.0,0,0.0,1000.0
2026-06-09 18:35:00,363.5199890136719,1000.0,0,0.0,1000.0
2026-06-09 18:40:00,362.8299865722656,1000.0,0,0.0,1000.0
2026-06-09 18:45:00,363.0899963378906,1000.0,0,0.0,1000.0
2026-06-09 18:50:00,363.2099914550781,1000.0,0,0.0,1000.0
2026-06-09 18:55:00,363.7000122070313,1000.0,0,0.0,1000.0
2026-06-09 19:00:00,364.1300048828125,1000.0,0,0.0,1000.0
2026-06-09 19:05:00,364.3900146484375,1000.0,0,0.0,1000.0
2026-06-09 19:10:00,363.4400024414063,1000.0,0,0.0,1000.0
2026-06-09 19:15:00,363.0,1000.0,0,0.0,1000.0
2026-06-09 19:20:00,362.6000061035156,1000.0,0,0.0,1000.0
2026-06-09 19:25:00,361.9599914550781,1000.0,0,0.0,1000.0
2026-06-09 19:30:00,361.8699951171875,1000.0,0,0.0,1000.0
2026-06-09 19:35:00,361.2250061035156,1000.0,0,0.0,1000.0
2026-06-09 19:40:00,361.2699890136719,1000.0,0,0.0,1000.0
2026-06-09 19:45:00,360.80999755859375,1000.0,0,0.0,1000.0
2026-06-09 19:50:00,363.0799865722656,1000.0,0,0.0,1000.0
2026-06-09 19:55:00,362.0,1000.0,0,0.0,1000.0
2026-06-10 13:30:00,361.2250061035156,1000.0,0,0.0,1000.0
2026-06-10 13:35:00,362.6449890136719,1000.0,0,0.0,1000.0
2026-06-10 13:40:00,363.5299987792969,1000.0,0,0.0,1000.0
2026-06-10 13:45:00,361.7099914550781,1000.0,0,0.0,1000.0
2026-06-10 13:50:00,361.7049865722656,1000.0,0,0.0,1000.0
2026-06-10 13:55:00,363.9500122070313,1000.0,0,0.0,1000.0
2026-06-10 14:00:00,364.5501098632813,1000.0,0,0.0,1000.0
2026-06-10 14:05:00,364.0950012207031,1000.0,0,0.0,1000.0
2026-06-10 14:10:00,364.9849853515625,1000.0,0,0.0,1000.0
2026-06-10 14:15:00,364.5150146484375,1000.0,0,0.0,1000.0
2026-06-10 14:20:00,365.7999877929688,1000.0,0,0.0,1000.0
2026-06-10 14:25:00,365.2000122070313,1000.0,0,0.0,1000.0
2026-06-10 14:30:00,364.3800048828125,1000.0,0,0.0,1000.0
2026-06-10 14:35:00,362.7250061035156,1000.0,0,0.0,1000.0
2026-06-10 14:40:00,362.5325927734375,1000.0,0,0.0,1000.0
2026-06-10 14:45:00,362.125,1000.0,0,0.0,1000.0
2026-06-10 14:50:00,361.8299865722656,1000.0,0,0.0,1000.0
2026-06-10 14:55:00,361.2200012207031,1000.0,0,0.0,1000.0
2026-06-10 15:00:00,361.3900146484375,1000.0,0,0.0,1000.0
2026-06-10 15:05:00,360.7950134277344,1000.0,0,0.0,1000.0
2026-06-10 15:10:00,359.44000244140625,1000.0,0,0.0,1000.0
2026-06-10 15:15:00,358.9599914550781,1000.0,0,0.0,1000.0
2026-06-10 15:20:00,360.3299865722656,1000.0,0,0.0,1000.0
2026-06-10 15:25:00,360.07000732421875,1000.0,0,0.0,1000.0
2026-06-10 15:30:00,359.4949951171875,1000.0,0,0.0,1000.0
2026-06-10 15:35:00,359.1499938964844,1000.0,0,0.0,1000.0
2026-06-10 15:40:00,359.7099914550781,1000.0,0,0.0,1000.0
2026-06-10 15:45:00,358.0686950683594,1000.0,0,0.0,1000.0
2026-06-10 15:50:00,358.45001220703125,1000.0,0,0.0,1000.0
2026-06-10 15:55:00,358.489990234375,1000.0,0,0.0,1000.0
2026-06-10 16:00:00,358.2250061035156,1000.0,0,0.0,1000.0
2026-06-10 16:05:00,357.45001220703125,1000.0,0,0.0,1000.0
2026-06-10 16:10:00,356.70001220703125,1000.0,0,0.0,1000.0
2026-06-10 16:15:00,356.5899963378906,1000.0,0,0.0,1000.0
2026-06-10 16:20:00,356.4805908203125,1000.0,0,0.0,1000.0
2026-06-10 16:25:00,356.32501220703125,1000.0,0,0.0,1000.0
2026-06-10 16:30:00,356.5150146484375,1000.0,0,0.0,1000.0
2026-06-10 16:35:00,356.70001220703125,1000.0,0,0.0,1000.0
2026-06-10 16:40:00,356.0519104003906,1000.0,0,0.0,1000.0
2026-06-10 16:45:00,355.5299987792969,1000.0,0,0.0,1000.0
2026-06-10 16:50:00,355.989990234375,1000.0,0,0.0,1000.0
2026-06-10 16:55:00,355.92999267578125,1000.0,0,0.0,1000.0
2026-06-10 17:00:00,356.2049865722656,1000.0,0,0.0,1000.0
2026-06-10 17:05:00,355.2699890136719,1000.0,0,0.0,1000.0
2026-06-10 17:10:00,354.6099853515625,1000.0,0,0.0,1000.0
2026-06-10 17:15:00,354.4800109863281,1000.0,0,0.0,1000.0
2026-06-10 17:20:00,354.7449951171875,1000.0,0,0.0,1000.0
2026-06-10 17:25:00,354.67999267578125,1000.0,0,0.0,1000.0
2026-06-10 17:30:00,354.3099975585937,1000.0,0,0.0,1000.0
2026-06-10 17:35:00,353.8999938964844,1000.0,0,0.0,1000.0
2026-06-10 17:40:00,353.95001220703125,1000.0,0,0.0,1000.0
2026-06-10 17:45:00,354.8949890136719,1000.0,0,0.0,1000.0
2026-06-10 17:50:00,354.8399963378906,1000.0,0,0.0,1000.0
2026-06-10 17:55:00,354.9187927246094,1000.0,0,0.0,1000.0
2026-06-10 18:00:00,355.05499267578125,1000.0,0,0.0,1000.0
2026-06-10 18:05:00,354.75,1000.0,0,0.0,1000.0
2026-06-10 18:10:00,354.9599914550781,1000.0,0,0.0,1000.0
2026-06-10 18:15:00,354.29998779296875,1000.0,0,0.0,1000.0
2026-06-10 18:20:00,354.6099853515625,1000.0,0,0.0,1000.0
2026-06-10 18:25:00,354.375,1000.0,0,0.0,1000.0
2026-06-10 18:30:00,354.239990234375,1000.0,0,0.0,1000.0
2026-06-10 18:35:00,354.07000732421875,1000.0,0,0.0,1000.0
2026-06-10 18:40:00,354.3999938964844,1000.0,0,0.0,1000.0
2026-06-10 18:45:00,354.2799987792969,1000.0,0,0.0,1000.0
2026-06-10 18:50:00,354.3399963378906,1000.0,0,0.0,1000.0
2026-06-10 18:55:00,354.3399963378906,1000.0,0,0.0,1000.0
2026-06-10 19:00:00,354.6000061035156,1000.0,0,0.0,1000.0
2026-06-10 19:05:00,354.3851013183594,1000.0,0,0.0,1000.0
2026-06-10 19:10:00,354.4017028808594,1000.0,0,0.0,1000.0
2026-06-10 19:15:00,355.2099914550781,1000.0,0,0.0,1000.0
2026-06-10 19:20:00,354.6650085449219,1000.0,0,0.0,1000.0
2026-06-10 19:25:00,354.4100036621094,1000.0,0,0.0,1000.0
2026-06-10 19:30:00,354.2974853515625,1000.0,0,0.0,1000.0
2026-06-10 19:35:00,354.6700134277344,1000.0,0,0.0,1000.0
2026-06-10 19:40:00,354.8099975585937,1000.0,0,0.0,1000.0
2026-06-10 19:45:00,353.5400085449219,1000.0,0,0.0,1000.0
2026-06-10 19:50:00,353.25,1000.0,0,0.0,1000.0
2026-06-10 19:55:00,353.32000732421875,1000.0,0,0.0,1000.0
