Date,Price,Cash,Inventory,Avg_Cost,Total_Value
2026-04-29 17:40:00,58.935001373291016,1000.0,0,0.0,1000.0
2026-04-29 17:45:00,58.94499969482422,1000.0,0,0.0,1000.0
2026-04-29 17:50:00,58.94499969482422,1000.0,0,0.0,1000.0
2026-04-29 17:55:00,58.95859909057617,1000.0,0,0.0,1000.0
2026-04-29 18:00:00,58.91899871826172,1000.0,0,0.0,1000.0
2026-04-29 18:05:00,58.899898529052734,1000.0,0,0.0,1000.0
2026-04-29 18:10:00,58.915000915527344,1000.0,0,0.0,1000.0
2026-04-29 18:15:00,58.931400299072266,1000.0,0,0.0,1000.0
2026-04-29 18:20:00,58.946800231933594,1000.0,0,0.0,1000.0
2026-04-29 18:25:00,58.92499923706055,1000.0,0,0.0,1000.0
2026-04-29 18:30:00,58.92499923706055,1000.0,0,0.0,1000.0
2026-04-29 18:35:00,58.935001373291016,1000.0,0,0.0,1000.0
2026-04-29 18:40:00,58.900001525878906,1000.0,0,0.0,1000.0
2026-04-29 18:45:00,58.94499969482422,1000.0,0,0.0,1000.0
2026-04-29 18:50:00,58.959999084472656,1000.0,0,0.0,1000.0
2026-04-29 18:55:00,58.97990036010742,1000.0,0,0.0,1000.0
2026-04-29 19:00:00,58.970001220703125,1000.0,0,0.0,1000.0
2026-04-29 19:05:00,58.9656982421875,1000.0,0,0.0,1000.0
2026-04-29 19:10:00,58.994998931884766,1000.0,0,0.0,1000.0
2026-04-29 19:15:00,58.994998931884766,1000.0,0,0.0,1000.0
2026-04-29 19:20:00,58.98500061035156,1000.0,0,0.0,1000.0
2026-04-29 19:25:00,58.995399475097656,1000.0,0,0.0,1000.0
2026-04-29 19:30:00,58.959999084472656,1000.0,0,0.0,1000.0
2026-04-29 19:35:00,58.96500015258789,1000.0,0,0.0,1000.0
2026-04-29 19:40:00,58.959999084472656,1000.0,0,0.0,1000.0
2026-04-29 19:45:00,58.95500183105469,1000.0,0,0.0,1000.0
2026-04-29 19:50:00,58.970001220703125,1000.0,0,0.0,1000.0
2026-04-29 19:55:00,58.994998931884766,1000.0,0,0.0,1000.0
2026-04-30 13:30:00,59.064998626708984,1000.0,0,0.0,1000.0
2026-04-30 13:35:00,59.03499984741211,1000.0,0,0.0,1000.0
2026-04-30 13:40:00,59.09000015258789,1000.0,0,0.0,1000.0
2026-04-30 13:45:00,59.099998474121094,1000.0,0,0.0,1000.0
2026-04-30 13:50:00,59.025001525878906,1000.0,0,0.0,1000.0
2026-04-30 13:55:00,59.029998779296875,1000.0,0,0.0,1000.0
2026-04-30 14:00:00,59.05550003051758,1000.0,0,0.0,1000.0
2026-04-30 14:05:00,58.99079895019531,1000.0,0,0.0,1000.0
2026-04-30 14:10:00,59.019901275634766,1000.0,0,0.0,1000.0
2026-04-30 14:15:00,58.9900016784668,1000.0,0,0.0,1000.0
2026-04-30 14:20:00,59.025001525878906,1000.0,0,0.0,1000.0
2026-04-30 14:25:00,59.0078010559082,1000.0,0,0.0,1000.0
2026-04-30 14:30:00,58.989898681640625,1000.0,0,0.0,1000.0
2026-04-30 14:35:00,58.95500183105469,1000.0,0,0.0,1000.0
2026-04-30 14:40:00,59.01900100708008,1000.0,0,0.0,1000.0
2026-04-30 14:45:00,59.04999923706055,1000.0,0,0.0,1000.0
2026-04-30 14:50:00,59.095001220703125,1000.0,0,0.0,1000.0
2026-04-30 14:55:00,59.10919952392578,1000.0,0,0.0,1000.0
2026-04-30 15:00:00,59.1150016784668,1000.0,0,0.0,1000.0
2026-04-30 15:05:00,59.12900161743164,1000.0,0,0.0,1000.0
2026-04-30 15:10:00,59.125,1000.0,0,0.0,1000.0
2026-04-30 15:15:00,59.10499954223633,1000.0,0,0.0,1000.0
2026-04-30 15:20:00,59.119998931884766,1000.0,0,0.0,1000.0
2026-04-30 15:25:00,59.11989974975586,1000.0,0,0.0,1000.0
2026-04-30 15:30:00,59.12990188598633,1000.0,0,0.0,1000.0
2026-04-30 15:35:00,59.097999572753906,1000.0,0,0.0,1000.0
2026-04-30 15:40:00,59.095001220703125,1000.0,0,0.0,1000.0
2026-04-30 15:45:00,59.09389877319336,1000.0,0,0.0,1000.0
2026-04-30 15:50:00,59.125,1000.0,0,0.0,1000.0
2026-04-30 15:55:00,59.10499954223633,1000.0,0,0.0,1000.0
2026-04-30 16:00:00,59.10499954223633,1000.0,0,0.0,1000.0
2026-04-30 16:05:00,59.10499954223633,1000.0,0,0.0,1000.0
2026-04-30 16:10:00,59.136600494384766,1000.0,0,0.0,1000.0
2026-04-30 16:15:00,59.1349983215332,1000.0,0,0.0,1000.0
2026-04-30 16:20:00,59.1260986328125,1000.0,0,0.0,1000.0
2026-04-30 16:25:00,59.125,1000.0,0,0.0,1000.0
2026-04-30 16:30:00,59.1349983215332,1000.0,0,0.0,1000.0
2026-04-30 16:35:00,59.1349983215332,1000.0,0,0.0,1000.0
2026-04-30 16:40:00,59.1150016784668,1000.0,0,0.0,1000.0
2026-04-30 16:45:00,59.119998931884766,1000.0,0,0.0,1000.0
2026-04-30 16:50:00,59.09000015258789,1000.0,0,0.0,1000.0
2026-04-30 16:55:00,59.084999084472656,1000.0,0,0.0,1000.0
2026-04-30 17:00:00,59.1150016784668,1000.0,0,0.0,1000.0
2026-04-30 17:05:00,59.136600494384766,1000.0,0,0.0,1000.0
2026-04-30 17:10:00,59.14500045776367,1000.0,0,0.0,1000.0
2026-04-30 17:15:00,59.138999938964844,1000.0,0,0.0,1000.0
2026-04-30 17:20:00,59.150001525878906,1000.0,0,0.0,1000.0
2026-04-30 17:25:00,59.154998779296875,1000.0,0,0.0,1000.0
2026-04-30 17:30:00,59.165000915527344,1000.0,0,0.0,1000.0
2026-04-30 17:35:00,59.16999816894531,1000.0,0,0.0,1000.0
2026-04-30 17:40:00,59.167999267578125,1000.0,0,0.0,1000.0
2026-04-30 17:45:00,59.18980026245117,1000.0,0,0.0,1000.0
2026-04-30 17:50:00,59.185001373291016,1000.0,0,0.0,1000.0
2026-04-30 17:55:00,59.19499969482422,1000.0,0,0.0,1000.0
2026-04-30 18:00:00,59.21989822387695,1000.0,0,0.0,1000.0
2026-04-30 18:05:00,59.21500015258789,1000.0,0,0.0,1000.0
2026-04-30 18:10:00,59.21989822387695,1000.0,0,0.0,1000.0
2026-04-30 18:15:00,59.224998474121094,1000.0,0,0.0,1000.0
2026-04-30 18:20:00,59.22549819946289,1000.0,0,0.0,1000.0
2026-04-30 18:25:00,59.21989822387695,1000.0,0,0.0,1000.0
2026-04-30 18:30:00,59.22999954223633,1000.0,0,0.0,1000.0
2026-04-30 18:35:00,59.230098724365234,1000.0,0,0.0,1000.0
2026-04-30 18:40:00,59.23500061035156,1000.0,0,0.0,1000.0
2026-04-30 18:45:00,59.237998962402344,1000.0,0,0.0,1000.0
2026-04-30 18:50:00,59.236698150634766,1000.0,0,0.0,1000.0
2026-04-30 18:55:00,59.230098724365234,1000.0,0,0.0,1000.0
2026-04-30 19:00:00,59.2400016784668,1000.0,0,0.0,1000.0
2026-04-30 19:05:00,59.255001068115234,1000.0,0,0.0,1000.0
2026-04-30 19:10:00,59.26499938964844,1000.0,0,0.0,1000.0
2026-04-30 19:15:00,59.275001525878906,1000.0,0,0.0,1000.0
2026-04-30 19:20:00,59.27000045776367,1000.0,0,0.0,1000.0
2026-04-30 19:25:00,59.27000045776367,1000.0,0,0.0,1000.0
2026-04-30 19:30:00,59.275001525878906,1000.0,0,0.0,1000.0
2026-04-30 19:35:00,59.275001525878906,1000.0,0,0.0,1000.0
2026-04-30 19:40:00,59.28499984741211,1000.0,0,0.0,1000.0
2026-04-30 19:45:00,59.290000915527344,1000.0,0,0.0,1000.0
2026-04-30 19:50:00,59.285701751708984,1000.0,0,0.0,1000.0
2026-04-30 19:55:00,59.27000045776367,1000.0,0,0.0,1000.0
2026-05-01 13:30:00,58.79499816894531,1000.0,0,0.0,1000.0
2026-05-01 13:35:00,58.834800720214844,1000.0,0,0.0,1000.0
2026-05-01 13:40:00,58.84550094604492,1000.0,0,0.0,1000.0
2026-05-01 13:45:00,58.84000015258789,1000.0,0,0.0,1000.0
2026-05-01 13:50:00,58.839900970458984,1000.0,0,0.0,1000.0
2026-05-01 13:55:00,58.899898529052734,1000.0,0,0.0,1000.0
2026-05-01 14:00:00,58.904998779296875,1000.0,0,0.0,1000.0
2026-05-01 14:05:00,58.88399887084961,1000.0,0,0.0,1000.0
2026-05-01 14:10:00,58.890098571777344,1000.0,0,0.0,1000.0
2026-05-01 14:15:00,58.875,1000.0,0,0.0,1000.0
2026-05-01 14:20:00,58.875,1000.0,0,0.0,1000.0
2026-05-01 14:25:00,58.86629867553711,1000.0,0,0.0,1000.0
2026-05-01 14:30:00,58.818199157714844,1000.0,0,0.0,1000.0
2026-05-01 14:35:00,58.82500076293945,1000.0,0,0.0,1000.0
2026-05-01 14:40:00,58.834999084472656,1000.0,0,0.0,1000.0
2026-05-01 14:45:00,58.845001220703125,1000.0,0,0.0,1000.0
2026-05-01 14:50:00,58.83549880981445,1000.0,0,0.0,1000.0
2026-05-01 14:55:00,58.81999969482422,1000.0,0,0.0,1000.0
2026-05-01 15:00:00,58.79999923706055,1000.0,0,0.0,1000.0
2026-05-01 15:05:00,58.810001373291016,1000.0,0,0.0,1000.0
2026-05-01 15:10:00,58.834999084472656,1000.0,0,0.0,1000.0
2026-05-01 15:15:00,58.834999084472656,1000.0,0,0.0,1000.0
2026-05-01 15:20:00,58.849700927734375,1000.0,0,0.0,1000.0
2026-05-01 15:25:00,58.84989929199219,1000.0,0,0.0,1000.0
2026-05-01 15:30:00,58.85499954223633,1000.0,0,0.0,1000.0
2026-05-01 15:35:00,58.8755989074707,1000.0,0,0.0,1000.0
2026-05-01 15:40:00,58.875,1000.0,0,0.0,1000.0
2026-05-01 15:45:00,58.875099182128906,1000.0,0,0.0,1000.0
2026-05-01 15:50:00,58.84510040283203,1000.0,0,0.0,1000.0
2026-05-01 15:55:00,58.86000061035156,1000.0,0,0.0,1000.0
2026-05-01 16:00:00,58.85969924926758,1000.0,0,0.0,1000.0
2026-05-01 16:05:00,58.82899856567383,1000.0,0,0.0,1000.0
2026-05-01 16:10:00,58.834999084472656,1000.0,0,0.0,1000.0
2026-05-01 16:15:00,58.84989929199219,1000.0,0,0.0,1000.0
2026-05-01 16:20:00,58.845001220703125,1000.0,0,0.0,1000.0
2026-05-01 16:25:00,58.83000183105469,1000.0,0,0.0,1000.0
2026-05-01 16:30:00,58.820098876953125,1000.0,0,0.0,1000.0
2026-05-01 16:35:00,58.834999084472656,1000.0,0,0.0,1000.0
2026-05-01 16:40:00,58.810001373291016,1000.0,0,0.0,1000.0
2026-05-01 16:45:00,58.81999969482422,1000.0,0,0.0,1000.0
2026-05-01 16:50:00,58.847198486328125,1000.0,0,0.0,1000.0
2026-05-01 16:55:00,58.845001220703125,1000.0,0,0.0,1000.0
2026-05-01 17:00:00,58.845001220703125,1000.0,0,0.0,1000.0
2026-05-01 17:05:00,58.849998474121094,1000.0,0,0.0,1000.0
2026-05-01 17:10:00,58.85499954223633,1000.0,0,0.0,1000.0
2026-05-01 17:15:00,58.8650016784668,1000.0,0,0.0,1000.0
2026-05-01 17:20:00,58.8650016784668,1000.0,0,0.0,1000.0
2026-05-01 17:25:00,58.86000061035156,1000.0,0,0.0,1000.0
2026-05-01 17:30:00,58.85810089111328,1000.0,0,0.0,1000.0
2026-05-01 17:35:00,58.845001220703125,1000.0,0,0.0,1000.0
2026-05-01 17:40:00,58.85499954223633,1000.0,0,0.0,1000.0
2026-05-01 17:45:00,58.86000061035156,1000.0,0,0.0,1000.0
2026-05-01 17:50:00,58.85499954223633,1000.0,0,0.0,1000.0
2026-05-01 17:55:00,58.85499954223633,1000.0,0,0.0,1000.0
2026-05-01 18:00:00,58.845001220703125,1000.0,0,0.0,1000.0
2026-05-01 18:05:00,58.845001220703125,1000.0,0,0.0,1000.0
2026-05-01 18:10:00,58.82500076293945,1000.0,0,0.0,1000.0
2026-05-01 18:15:00,58.834999084472656,1000.0,0,0.0,1000.0
2026-05-01 18:20:00,58.84510040283203,1000.0,0,0.0,1000.0
2026-05-01 18:25:00,58.845001220703125,1000.0,0,0.0,1000.0
2026-05-01 18:30:00,58.832401275634766,1000.0,0,0.0,1000.0
2026-05-01 18:35:00,58.820098876953125,1000.0,0,0.0,1000.0
2026-05-01 18:40:00,58.814998626708984,1000.0,0,0.0,1000.0
2026-05-01 18:45:00,58.810001373291016,1000.0,0,0.0,1000.0
2026-05-01 18:50:00,58.81610107421875,1000.0,0,0.0,1000.0
2026-05-01 18:55:00,58.814998626708984,1000.0,0,0.0,1000.0
2026-05-01 19:00:00,58.82500076293945,1000.0,0,0.0,1000.0
2026-05-01 19:05:00,58.834999084472656,1000.0,0,0.0,1000.0
2026-05-01 19:10:00,58.84769821166992,1000.0,0,0.0,1000.0
2026-05-01 19:15:00,58.85499954223633,1000.0,0,0.0,1000.0
2026-05-01 19:20:00,58.85749816894531,1000.0,0,0.0,1000.0
2026-05-01 19:25:00,58.8650016784668,1000.0,0,0.0,1000.0
2026-05-01 19:30:00,58.8650016784668,1000.0,0,0.0,1000.0
2026-05-01 19:35:00,58.8650016784668,1000.0,0,0.0,1000.0
2026-05-01 19:40:00,58.8650016784668,1000.0,0,0.0,1000.0
2026-05-01 19:45:00,58.86000061035156,1000.0,0,0.0,1000.0
2026-05-01 19:50:00,58.85029983520508,1000.0,0,0.0,1000.0
2026-05-01 19:55:00,58.84000015258789,1000.0,0,0.0,1000.0
2026-05-04 13:30:00,58.879798889160156,1000.0,0,0.0,1000.0
2026-05-04 13:35:00,58.88010025024414,1000.0,0,0.0,1000.0
2026-05-04 13:40:00,58.890098571777344,1000.0,0,0.0,1000.0
2026-05-04 13:45:00,58.90010070800781,1000.0,0,0.0,1000.0
2026-05-04 13:50:00,58.904998779296875,1000.0,0,0.0,1000.0
2026-05-04 13:55:00,58.904998779296875,1000.0,0,0.0,1000.0
2026-05-04 14:00:00,58.888999938964844,1000.0,0,0.0,1000.0
2026-05-04 14:05:00,58.875,1000.0,0,0.0,1000.0
2026-05-04 14:10:00,58.915000915527344,1000.0,0,0.0,1000.0
2026-05-04 14:15:00,58.915000915527344,1000.0,0,0.0,1000.0
2026-05-04 14:20:00,58.90999984741211,1000.0,0,0.0,1000.0
2026-05-04 14:25:00,58.9099006652832,1000.0,0,0.0,1000.0
2026-05-04 14:30:00,58.93000030517578,1000.0,0,0.0,1000.0
2026-05-04 14:35:00,58.94499969482422,1000.0,0,0.0,1000.0
2026-05-04 14:40:00,58.95500183105469,1000.0,0,0.0,1000.0
2026-05-04 14:45:00,58.96500015258789,1000.0,0,0.0,1000.0
2026-05-04 14:50:00,58.94499969482422,1000.0,0,0.0,1000.0
2026-05-04 14:55:00,58.919898986816406,1000.0,0,0.0,1000.0
2026-05-04 15:00:00,58.92499923706055,1000.0,0,0.0,1000.0
2026-05-04 15:05:00,58.92499923706055,1000.0,0,0.0,1000.0
2026-05-04 15:10:00,58.89500045776367,1000.0,0,0.0,1000.0
2026-05-04 15:15:00,58.84000015258789,1000.0,0,0.0,1000.0
2026-05-04 15:20:00,58.79999923706055,1000.0,0,0.0,1000.0
2026-05-04 15:25:00,58.8380012512207,1000.0,0,0.0,1000.0
2026-05-04 15:30:00,58.81999969482422,1000.0,0,0.0,1000.0
2026-05-04 15:35:00,58.814998626708984,1000.0,0,0.0,1000.0
2026-05-04 15:40:00,58.834999084472656,1000.0,0,0.0,1000.0
2026-05-04 15:45:00,58.814998626708984,1000.0,0,0.0,1000.0
2026-05-04 15:50:00,58.83000183105469,1000.0,0,0.0,1000.0
2026-05-04 15:55:00,58.814998626708984,1000.0,0,0.0,1000.0
2026-05-04 16:00:00,58.809898376464844,1000.0,0,0.0,1000.0
2026-05-04 16:05:00,58.757198333740234,1000.0,0,0.0,1000.0
2026-05-04 16:10:00,58.75,1000.0,0,0.0,1000.0
2026-05-04 16:15:00,58.79999923706055,1000.0,0,0.0,1000.0
2026-05-04 16:20:00,58.81999969482422,1000.0,0,0.0,1000.0
2026-05-04 16:25:00,58.809898376464844,1000.0,0,0.0,1000.0
2026-05-04 16:30:00,58.82500076293945,1000.0,0,0.0,1000.0
2026-05-04 16:35:00,58.79010009765625,1000.0,0,0.0,1000.0
2026-05-04 16:40:00,58.81650161743164,1000.0,0,0.0,1000.0
2026-05-04 16:45:00,58.80350112915039,1000.0,0,0.0,1000.0
2026-05-04 16:50:00,58.79990005493164,1000.0,0,0.0,1000.0
2026-05-04 16:55:00,58.79999923706055,1000.0,0,0.0,1000.0
2026-05-04 17:00:00,58.82500076293945,1000.0,0,0.0,1000.0
2026-05-04 17:05:00,58.82500076293945,1000.0,0,0.0,1000.0
2026-05-04 17:10:00,58.82500076293945,1000.0,0,0.0,1000.0
2026-05-04 17:15:00,58.8650016784668,1000.0,0,0.0,1000.0
2026-05-04 17:20:00,58.875,1000.0,0,0.0,1000.0
2026-05-04 17:25:00,58.86009979248047,1000.0,0,0.0,1000.0
2026-05-04 17:30:00,58.85499954223633,1000.0,0,0.0,1000.0
2026-05-04 17:35:00,58.85929870605469,1000.0,0,0.0,1000.0
2026-05-04 17:40:00,58.842899322509766,1000.0,0,0.0,1000.0
2026-05-04 17:45:00,58.849998474121094,1000.0,0,0.0,1000.0
2026-05-04 17:50:00,58.85409927368164,1000.0,0,0.0,1000.0
2026-05-04 17:55:00,58.86989974975586,1000.0,0,0.0,1000.0
2026-05-04 18:00:00,58.8849983215332,1000.0,0,0.0,1000.0
2026-05-04 18:05:00,58.8760986328125,1000.0,0,0.0,1000.0
2026-05-04 18:10:00,58.86539840698242,1000.0,0,0.0,1000.0
2026-05-04 18:15:00,58.849998474121094,1000.0,0,0.0,1000.0
2026-05-04 18:20:00,58.834999084472656,1000.0,0,0.0,1000.0
2026-05-04 18:25:00,58.84000015258789,1000.0,0,0.0,1000.0
2026-05-04 18:30:00,58.834999084472656,1000.0,0,0.0,1000.0
2026-05-04 18:35:00,58.82500076293945,1000.0,0,0.0,1000.0
2026-05-04 18:40:00,58.81100082397461,1000.0,0,0.0,1000.0
2026-05-04 18:45:00,58.82500076293945,1000.0,0,0.0,1000.0
2026-05-04 18:50:00,58.82500076293945,1000.0,0,0.0,1000.0
2026-05-04 18:55:00,58.840301513671875,1000.0,0,0.0,1000.0
2026-05-04 19:00:00,58.834999084472656,1000.0,0,0.0,1000.0
2026-05-04 19:05:00,58.845001220703125,1000.0,0,0.0,1000.0
2026-05-04 19:10:00,58.845001220703125,1000.0,0,0.0,1000.0
2026-05-04 19:15:00,58.849998474121094,1000.0,0,0.0,1000.0
2026-05-04 19:20:00,58.830101013183594,1000.0,0,0.0,1000.0
2026-05-04 19:25:00,58.845001220703125,1000.0,0,0.0,1000.0
2026-05-04 19:30:00,58.85499954223633,1000.0,0,0.0,1000.0
2026-05-04 19:35:00,58.845001220703125,1000.0,0,0.0,1000.0
2026-05-04 19:40:00,58.845001220703125,1000.0,0,0.0,1000.0
2026-05-04 19:45:00,58.85499954223633,1000.0,0,0.0,1000.0
2026-05-04 19:50:00,58.829898834228516,1000.0,0,0.0,1000.0
2026-05-04 19:55:00,58.84000015258789,1000.0,0,0.0,1000.0
2026-05-05 13:30:00,59.01499938964844,1000.0,0,0.0,1000.0
2026-05-05 13:35:00,59.03499984741211,1000.0,0,0.0,1000.0
2026-05-05 13:40:00,59.05500030517578,1000.0,0,0.0,1000.0
2026-05-05 13:45:00,59.05500030517578,1000.0,0,0.0,1000.0
2026-05-05 13:50:00,59.05139923095703,1000.0,0,0.0,1000.0
2026-05-05 13:55:00,59.058998107910156,1000.0,0,0.0,1000.0
2026-05-05 14:00:00,59.04499816894531,1000.0,0,0.0,1000.0
2026-05-05 14:05:00,59.04499816894531,1000.0,0,0.0,1000.0
2026-05-05 14:10:00,59.010101318359375,1000.0,0,0.0,1000.0
2026-05-05 14:15:00,59.0099983215332,1000.0,0,0.0,1000.0
2026-05-05 14:20:00,59.04999923706055,1000.0,0,0.0,1000.0
2026-05-05 14:25:00,59.05509948730469,1000.0,0,0.0,1000.0
2026-05-05 14:30:00,59.05500030517578,1000.0,0,0.0,1000.0
2026-05-05 14:35:00,59.03990173339844,1000.0,0,0.0,1000.0
2026-05-05 14:40:00,59.025001525878906,1000.0,0,0.0,1000.0
2026-05-05 14:45:00,59.03630065917969,1000.0,0,0.0,1000.0
2026-05-05 14:50:00,59.03369903564453,1000.0,0,0.0,1000.0
2026-05-05 14:55:00,59.03499984741211,1000.0,0,0.0,1000.0
2026-05-05 15:00:00,59.04010009765625,1000.0,0,0.0,1000.0
2026-05-05 15:05:00,59.04499816894531,1000.0,0,0.0,1000.0
2026-05-05 15:10:00,59.05500030517578,1000.0,0,0.0,1000.0
2026-05-05 15:15:00,59.04499816894531,1000.0,0,0.0,1000.0
2026-05-05 15:20:00,59.05500030517578,1000.0,0,0.0,1000.0
2026-05-05 15:25:00,59.040000915527344,1000.0,0,0.0,1000.0
2026-05-05 15:30:00,59.04999923706055,1000.0,0,0.0,1000.0
2026-05-05 15:35:00,59.05500030517578,1000.0,0,0.0,1000.0
2026-05-05 15:40:00,59.04999923706055,1000.0,0,0.0,1000.0
2026-05-05 15:45:00,59.064998626708984,1000.0,0,0.0,1000.0
2026-05-05 15:50:00,59.06010055541992,1000.0,0,0.0,1000.0
2026-05-05 15:55:00,59.05500030517578,1000.0,0,0.0,1000.0
2026-05-05 16:00:00,59.059898376464844,1000.0,0,0.0,1000.0
2026-05-05 16:05:00,59.06100082397461,1000.0,0,0.0,1000.0
2026-05-05 16:10:00,59.06990051269531,1000.0,0,0.0,1000.0
2026-05-05 16:15:00,59.064998626708984,1000.0,0,0.0,1000.0
2026-05-05 16:20:00,59.068599700927734,1000.0,0,0.0,1000.0
2026-05-05 16:25:00,59.03499984741211,1000.0,0,0.0,1000.0
2026-05-05 16:30:00,59.025001525878906,1000.0,0,0.0,1000.0
2026-05-05 16:35:00,59.02009963989258,1000.0,0,0.0,1000.0
2026-05-05 16:40:00,59.029998779296875,1000.0,0,0.0,1000.0
2026-05-05 16:45:00,59.04499816894531,1000.0,0,0.0,1000.0
2026-05-05 16:50:00,59.040000915527344,1000.0,0,0.0,1000.0
2026-05-05 16:55:00,59.04140090942383,1000.0,0,0.0,1000.0
2026-05-05 17:00:00,59.040000915527344,1000.0,0,0.0,1000.0
2026-05-05 17:05:00,59.03010177612305,1000.0,0,0.0,1000.0
2026-05-05 17:10:00,59.03499984741211,1000.0,0,0.0,1000.0
2026-05-05 17:15:00,59.060001373291016,1000.0,0,0.0,1000.0
2026-05-05 17:20:00,59.05500030517578,1000.0,0,0.0,1000.0
2026-05-05 17:25:00,59.05009841918945,1000.0,0,0.0,1000.0
2026-05-05 17:30:00,59.04999923706055,1000.0,0,0.0,1000.0
2026-05-05 17:35:00,59.05009841918945,1000.0,0,0.0,1000.0
2026-05-05 17:40:00,59.05500030517578,1000.0,0,0.0,1000.0
2026-05-05 17:45:00,59.059898376464844,1000.0,0,0.0,1000.0
2026-05-05 17:50:00,59.060001373291016,1000.0,0,0.0,1000.0
2026-05-05 17:55:00,59.05500030517578,1000.0,0,0.0,1000.0
2026-05-05 18:00:00,59.064998626708984,1000.0,0,0.0,1000.0
2026-05-05 18:05:00,59.063499450683594,1000.0,0,0.0,1000.0
2026-05-05 18:10:00,59.07500076293945,1000.0,0,0.0,1000.0
2026-05-05 18:15:00,59.07500076293945,1000.0,0,0.0,1000.0
2026-05-05 18:20:00,59.06999969482422,1000.0,0,0.0,1000.0
2026-05-05 18:25:00,59.070499420166016,1000.0,0,0.0,1000.0
2026-05-05 18:30:00,59.07500076293945,1000.0,0,0.0,1000.0
2026-05-05 18:35:00,59.060001373291016,1000.0,0,0.0,1000.0
2026-05-05 18:40:00,59.07500076293945,1000.0,0,0.0,1000.0
2026-05-05 18:45:00,59.0703010559082,1000.0,0,0.0,1000.0
2026-05-05 18:50:00,59.060001373291016,1000.0,0,0.0,1000.0
2026-05-05 18:55:00,59.06990051269531,1000.0,0,0.0,1000.0
2026-05-05 19:00:00,59.0702018737793,1000.0,0,0.0,1000.0
2026-05-05 19:05:00,59.07500076293945,1000.0,0,0.0,1000.0
2026-05-05 19:10:00,59.08000183105469,1000.0,0,0.0,1000.0
2026-05-05 19:15:00,59.07500076293945,1000.0,0,0.0,1000.0
2026-05-05 19:20:00,59.064998626708984,1000.0,0,0.0,1000.0
2026-05-05 19:25:00,59.064998626708984,1000.0,0,0.0,1000.0
2026-05-05 19:30:00,59.06010055541992,1000.0,0,0.0,1000.0
2026-05-05 19:35:00,59.06999969482422,1000.0,0,0.0,1000.0
2026-05-05 19:40:00,59.060001373291016,1000.0,0,0.0,1000.0
2026-05-05 19:45:00,59.05970001220703,1000.0,0,0.0,1000.0
2026-05-05 19:50:00,59.03990173339844,1000.0,0,0.0,1000.0
2026-05-05 19:55:00,59.05500030517578,1000.0,0,0.0,1000.0
2026-05-06 13:30:00,59.28499984741211,1000.0,0,0.0,1000.0
2026-05-06 13:35:00,59.28499984741211,1000.0,0,0.0,1000.0
2026-05-06 13:40:00,59.29499816894531,1000.0,0,0.0,1000.0
2026-05-06 13:45:00,59.275001525878906,1000.0,0,0.0,1000.0
2026-05-06 13:50:00,59.29069900512695,1000.0,0,0.0,1000.0
2026-05-06 13:55:00,59.29499816894531,1000.0,0,0.0,1000.0
2026-05-06 14:00:00,59.25600051879883,1000.0,0,0.0,1000.0
2026-05-06 14:05:00,59.29999923706055,1000.0,0,0.0,1000.0
2026-05-06 14:10:00,59.31669998168945,1000.0,0,0.0,1000.0
2026-05-06 14:15:00,59.26499938964844,1000.0,0,0.0,1000.0
2026-05-06 14:20:00,59.28850173950195,1000.0,0,0.0,1000.0
2026-05-06 14:25:00,59.279998779296875,1000.0,0,0.0,1000.0
2026-05-06 14:30:00,59.33000183105469,1000.0,0,0.0,1000.0
2026-05-06 14:35:00,59.33000183105469,1000.0,0,0.0,1000.0
2026-05-06 14:40:00,59.345001220703125,1000.0,0,0.0,1000.0
2026-05-06 14:45:00,59.34510040283203,1000.0,0,0.0,1000.0
2026-05-06 14:50:00,59.35499954223633,1000.0,0,0.0,1000.0
2026-05-06 14:55:00,59.345001220703125,1000.0,0,0.0,1000.0
2026-05-06 15:00:00,59.345001220703125,1000.0,0,0.0,1000.0
2026-05-06 15:05:00,59.345001220703125,1000.0,0,0.0,1000.0
2026-05-06 15:10:00,59.345001220703125,1000.0,0,0.0,1000.0
2026-05-06 15:15:00,59.3650016784668,1000.0,0,0.0,1000.0
2026-05-06 15:20:00,59.375,1000.0,0,0.0,1000.0
2026-05-06 15:25:00,59.375,1000.0,0,0.0,1000.0
2026-05-06 15:30:00,59.380001068115234,1000.0,0,0.0,1000.0
2026-05-06 15:35:00,59.350101470947266,1000.0,0,0.0,1000.0
2026-05-06 15:40:00,59.35499954223633,1000.0,0,0.0,1000.0
2026-05-06 15:45:00,59.35599899291992,1000.0,0,0.0,1000.0
2026-05-06 15:50:00,59.355899810791016,1000.0,0,0.0,1000.0
2026-05-06 15:55:00,59.35499954223633,1000.0,0,0.0,1000.0
2026-05-06 16:00:00,59.3650016784668,1000.0,0,0.0,1000.0
2026-05-06 16:05:00,59.35850143432617,1000.0,0,0.0,1000.0
2026-05-06 16:10:00,59.36600112915039,1000.0,0,0.0,1000.0
2026-05-06 16:15:00,59.35609817504883,1000.0,0,0.0,1000.0
2026-05-06 16:20:00,59.349998474121094,1000.0,0,0.0,1000.0
2026-05-06 16:25:00,59.345001220703125,1000.0,0,0.0,1000.0
2026-05-06 16:30:00,59.349998474121094,1000.0,0,0.0,1000.0
2026-05-06 16:35:00,59.345001220703125,1000.0,0,0.0,1000.0
2026-05-06 16:40:00,59.345001220703125,1000.0,0,0.0,1000.0
2026-05-06 16:45:00,59.334999084472656,1000.0,0,0.0,1000.0
2026-05-06 16:50:00,59.334999084472656,1000.0,0,0.0,1000.0
2026-05-06 16:55:00,59.335899353027344,1000.0,0,0.0,1000.0
2026-05-06 17:00:00,59.34000015258789,1000.0,0,0.0,1000.0
2026-05-06 17:05:00,59.35139846801758,1000.0,0,0.0,1000.0
2026-05-06 17:10:00,59.35499954223633,1000.0,0,0.0,1000.0
2026-05-06 17:15:00,59.3661003112793,1000.0,0,0.0,1000.0
2026-05-06 17:20:00,59.349998474121094,1000.0,0,0.0,1000.0
2026-05-06 17:25:00,59.35499954223633,1000.0,0,0.0,1000.0
2026-05-06 17:30:00,59.36009979248047,1000.0,0,0.0,1000.0
2026-05-06 17:35:00,59.369998931884766,1000.0,0,0.0,1000.0
2026-05-06 17:40:00,59.375,1000.0,0,0.0,1000.0
2026-05-06 17:45:00,59.3650016784668,1000.0,0,0.0,1000.0
2026-05-06 17:50:00,59.3650016784668,1000.0,0,0.0,1000.0
2026-05-06 17:55:00,59.36009979248047,1000.0,0,0.0,1000.0
2026-05-06 18:00:00,59.3650016784668,1000.0,0,0.0,1000.0
2026-05-06 18:05:00,59.380001068115234,1000.0,0,0.0,1000.0
2026-05-06 18:10:00,59.375,1000.0,0,0.0,1000.0
2026-05-06 18:15:00,59.375,1000.0,0,0.0,1000.0
2026-05-06 18:20:00,59.380001068115234,1000.0,0,0.0,1000.0
2026-05-06 18:25:00,59.375,1000.0,0,0.0,1000.0
2026-05-06 18:30:00,59.3849983215332,1000.0,0,0.0,1000.0
2026-05-06 18:35:00,59.40010070800781,1000.0,0,0.0,1000.0
2026-05-06 18:40:00,59.39500045776367,1000.0,0,0.0,1000.0
2026-05-06 18:45:00,59.380001068115234,1000.0,0,0.0,1000.0
2026-05-06 18:50:00,59.39500045776367,1000.0,0,0.0,1000.0
2026-05-06 18:55:00,59.3849983215332,1000.0,0,0.0,1000.0
2026-05-06 19:00:00,59.3849983215332,1000.0,0,0.0,1000.0
2026-05-06 19:05:00,59.400001525878906,1000.0,0,0.0,1000.0
2026-05-06 19:10:00,59.38999938964844,1000.0,0,0.0,1000.0
2026-05-06 19:15:00,59.39500045776367,1000.0,0,0.0,1000.0
2026-05-06 19:20:00,59.39500045776367,1000.0,0,0.0,1000.0
2026-05-06 19:25:00,59.39500045776367,1000.0,0,0.0,1000.0
2026-05-06 19:30:00,59.38959884643555,1000.0,0,0.0,1000.0
2026-05-06 19:35:00,59.39569854736328,1000.0,0,0.0,1000.0
2026-05-06 19:40:00,59.3849983215332,1000.0,0,0.0,1000.0
2026-05-06 19:45:00,59.3849983215332,1000.0,0,0.0,1000.0
2026-05-06 19:50:00,59.4099006652832,1000.0,0,0.0,1000.0
2026-05-06 19:55:00,59.41699981689453,1000.0,0,0.0,1000.0
2026-05-07 13:30:00,59.3849983215332,1000.0,0,0.0,1000.0
2026-05-07 13:35:00,59.39500045776367,1000.0,0,0.0,1000.0
2026-05-07 13:40:00,59.3650016784668,1000.0,0,0.0,1000.0
2026-05-07 13:45:00,59.36859893798828,1000.0,0,0.0,1000.0
2026-05-07 13:50:00,59.40599822998047,1000.0,0,0.0,1000.0
2026-05-07 13:55:00,59.39500045776367,1000.0,0,0.0,1000.0
2026-05-07 14:00:00,59.404998779296875,1000.0,0,0.0,1000.0
2026-05-07 14:05:00,59.42499923706055,1000.0,0,0.0,1000.0
2026-05-07 14:10:00,59.41490173339844,1000.0,0,0.0,1000.0
2026-05-07 14:15:00,59.42499923706055,1000.0,0,0.0,1000.0
2026-05-07 14:20:00,59.435001373291016,1000.0,0,0.0,1000.0
2026-05-07 14:25:00,59.44499969482422,1000.0,0,0.0,1000.0
2026-05-07 14:30:00,59.44499969482422,1000.0,0,0.0,1000.0
2026-05-07 14:35:00,59.45500183105469,1000.0,0,0.0,1000.0
2026-05-07 14:40:00,59.45000076293945,1000.0,0,0.0,1000.0
2026-05-07 14:45:00,59.435001373291016,1000.0,0,0.0,1000.0
2026-05-07 14:50:00,59.449798583984375,1000.0,0,0.0,1000.0
2026-05-07 14:55:00,59.45500183105469,1000.0,0,0.0,1000.0
2026-05-07 15:00:00,59.439998626708984,1000.0,0,0.0,1000.0
2026-05-07 15:05:00,59.42499923706055,1000.0,0,0.0,1000.0
2026-05-07 15:10:00,59.40999984741211,1000.0,0,0.0,1000.0
2026-05-07 15:15:00,59.415000915527344,1000.0,0,0.0,1000.0
2026-05-07 15:20:00,59.415000915527344,1000.0,0,0.0,1000.0
2026-05-07 15:25:00,59.404998779296875,1000.0,0,0.0,1000.0
2026-05-07 15:30:00,59.43000030517578,1000.0,0,0.0,1000.0
2026-05-07 15:35:00,59.42100143432617,1000.0,0,0.0,1000.0
2026-05-07 15:40:00,59.41999816894531,1000.0,0,0.0,1000.0
2026-05-07 15:45:00,59.404998779296875,1000.0,0,0.0,1000.0
2026-05-07 15:50:00,59.404998779296875,1000.0,0,0.0,1000.0
2026-05-07 15:55:00,59.375,1000.0,0,0.0,1000.0
2026-05-07 16:00:00,59.375,1000.0,0,0.0,1000.0
2026-05-07 16:05:00,59.349998474121094,1000.0,0,0.0,1000.0
2026-05-07 16:10:00,59.334999084472656,1000.0,0,0.0,1000.0
2026-05-07 16:15:00,59.30500030517578,1000.0,0,0.0,1000.0
2026-05-07 16:20:00,59.334999084472656,1000.0,0,0.0,1000.0
2026-05-07 16:25:00,59.35419845581055,1000.0,0,0.0,1000.0
2026-05-07 16:30:00,59.375,1000.0,0,0.0,1000.0
2026-05-07 16:35:00,59.3400993347168,1000.0,0,0.0,1000.0
2026-05-07 16:40:00,59.352298736572266,1000.0,0,0.0,1000.0
2026-05-07 16:45:00,59.345001220703125,1000.0,0,0.0,1000.0
2026-05-07 16:50:00,59.34510040283203,1000.0,0,0.0,1000.0
2026-05-07 16:55:00,59.345001220703125,1000.0,0,0.0,1000.0
2026-05-07 17:00:00,59.34989929199219,1000.0,0,0.0,1000.0
2026-05-07 17:05:00,59.334999084472656,1000.0,0,0.0,1000.0
2026-05-07 17:10:00,59.34000015258789,1000.0,0,0.0,1000.0
2026-05-07 17:15:00,59.30500030517578,1000.0,0,0.0,1000.0
2026-05-07 17:20:00,59.339900970458984,1000.0,0,0.0,1000.0
2026-05-07 17:25:00,59.29499816894531,1000.0,0,0.0,1000.0
2026-05-07 17:30:00,59.310001373291016,1000.0,0,0.0,1000.0
2026-05-07 17:35:00,59.334999084472656,1000.0,0,0.0,1000.0
2026-05-07 17:40:00,59.314998626708984,1000.0,0,0.0,1000.0
2026-05-07 17:45:00,59.309898376464844,1000.0,0,0.0,1000.0
2026-05-07 17:50:00,59.310001373291016,1000.0,0,0.0,1000.0
2026-05-07 17:55:00,59.349998474121094,1000.0,0,0.0,1000.0
2026-05-07 18:00:00,59.349998474121094,1000.0,0,0.0,1000.0
2026-05-07 18:05:00,59.33000183105469,1000.0,0,0.0,1000.0
2026-05-07 18:10:00,59.334999084472656,1000.0,0,0.0,1000.0
2026-05-07 18:15:00,59.35499954223633,1000.0,0,0.0,1000.0
2026-05-07 18:20:00,59.345001220703125,1000.0,0,0.0,1000.0
2026-05-07 18:25:00,59.32500076293945,1000.0,0,0.0,1000.0
2026-05-07 18:30:00,59.345001220703125,1000.0,0,0.0,1000.0
2026-05-07 18:35:00,59.334999084472656,1000.0,0,0.0,1000.0
2026-05-07 18:40:00,59.30500030517578,1000.0,0,0.0,1000.0
2026-05-07 18:45:00,59.309898376464844,1000.0,0,0.0,1000.0
2026-05-07 18:50:00,59.309898376464844,1000.0,0,0.0,1000.0
2026-05-07 18:55:00,59.32500076293945,1000.0,0,0.0,1000.0
2026-05-07 19:00:00,59.31010055541992,1000.0,0,0.0,1000.0
2026-05-07 19:05:00,59.314998626708984,1000.0,0,0.0,1000.0
2026-05-07 19:10:00,59.339900970458984,1000.0,0,0.0,1000.0
2026-05-07 19:15:00,59.30500030517578,1000.0,0,0.0,1000.0
2026-05-07 19:20:00,59.29499816894531,1000.0,0,0.0,1000.0
2026-05-07 19:25:00,59.30979919433594,1000.0,0,0.0,1000.0
2026-05-07 19:30:00,59.334999084472656,1000.0,0,0.0,1000.0
2026-05-07 19:35:00,59.35499954223633,1000.0,0,0.0,1000.0
2026-05-07 19:40:00,59.349998474121094,1000.0,0,0.0,1000.0
2026-05-07 19:45:00,59.345001220703125,1000.0,0,0.0,1000.0
2026-05-07 19:50:00,59.34000015258789,1000.0,0,0.0,1000.0
2026-05-07 19:55:00,59.369998931884766,1000.0,0,0.0,1000.0
2026-05-08 13:30:00,59.474998474121094,1000.0,0,0.0,1000.0
2026-05-08 13:35:00,59.5,1000.0,0,0.0,1000.0
2026-05-08 13:40:00,59.515899658203125,1000.0,0,0.0,1000.0
2026-05-08 13:45:00,59.53010177612305,1000.0,0,0.0,1000.0
2026-05-08 13:50:00,59.53499984741211,1000.0,0,0.0,1000.0
2026-05-08 13:55:00,59.54999923706055,1000.0,0,0.0,1000.0
2026-05-08 14:00:00,59.54999923706055,1000.0,0,0.0,1000.0
2026-05-08 14:05:00,59.53499984741211,1000.0,0,0.0,1000.0
2026-05-08 14:10:00,59.529998779296875,1000.0,0,0.0,1000.0
2026-05-08 14:15:00,59.525001525878906,1000.0,0,0.0,1000.0
2026-05-08 14:20:00,59.55500030517578,1000.0,0,0.0,1000.0
2026-05-08 14:25:00,59.525001525878906,1000.0,0,0.0,1000.0
2026-05-08 14:30:00,59.52399826049805,1000.0,0,0.0,1000.0
2026-05-08 14:35:00,59.52069854736328,1000.0,0,0.0,1000.0
2026-05-08 14:40:00,59.53499984741211,1000.0,0,0.0,1000.0
2026-05-08 14:45:00,59.54499816894531,1000.0,0,0.0,1000.0
2026-05-08 14:50:00,59.53990173339844,1000.0,0,0.0,1000.0
2026-05-08 14:55:00,59.55009841918945,1000.0,0,0.0,1000.0
2026-05-08 15:00:00,59.54600143432617,1000.0,0,0.0,1000.0
2026-05-08 15:05:00,59.540000915527344,1000.0,0,0.0,1000.0
2026-05-08 15:10:00,59.54999923706055,1000.0,0,0.0,1000.0
2026-05-08 15:15:00,59.540000915527344,1000.0,0,0.0,1000.0
2026-05-08 15:20:00,59.54499816894531,1000.0,0,0.0,1000.0
2026-05-08 15:25:00,59.54880142211914,1000.0,0,0.0,1000.0
2026-05-08 15:30:00,59.54999923706055,1000.0,0,0.0,1000.0
2026-05-08 15:35:00,59.559898376464844,1000.0,0,0.0,1000.0
2026-05-08 15:40:00,59.54990005493164,1000.0,0,0.0,1000.0
2026-05-08 15:45:00,59.559898376464844,1000.0,0,0.0,1000.0
2026-05-08 15:50:00,59.56010055541992,1000.0,0,0.0,1000.0
2026-05-08 15:55:00,59.55009841918945,1000.0,0,0.0,1000.0
2026-05-08 16:00:00,59.55860137939453,1000.0,0,0.0,1000.0
2026-05-08 16:05:00,59.559898376464844,1000.0,0,0.0,1000.0
2026-05-08 16:10:00,59.564998626708984,1000.0,0,0.0,1000.0
2026-05-08 16:15:00,59.564998626708984,1000.0,0,0.0,1000.0
2026-05-08 16:20:00,59.56999969482422,1000.0,0,0.0,1000.0
2026-05-08 16:25:00,59.584999084472656,1000.0,0,0.0,1000.0
2026-05-08 16:30:00,59.58209991455078,1000.0,0,0.0,1000.0
2026-05-08 16:35:00,59.57500076293945,1000.0,0,0.0,1000.0
2026-05-08 16:40:00,59.55500030517578,1000.0,0,0.0,1000.0
2026-05-08 16:45:00,59.560001373291016,1000.0,0,0.0,1000.0
2026-05-08 16:50:00,59.54759979248047,1000.0,0,0.0,1000.0
2026-05-08 16:55:00,59.54499816894531,1000.0,0,0.0,1000.0
2026-05-08 17:00:00,59.54499816894531,1000.0,0,0.0,1000.0
2026-05-08 17:05:00,59.53990173339844,1000.0,0,0.0,1000.0
2026-05-08 17:10:00,59.54499816894531,1000.0,0,0.0,1000.0
2026-05-08 17:15:00,59.54499816894531,1000.0,0,0.0,1000.0
2026-05-08 17:20:00,59.55950164794922,1000.0,0,0.0,1000.0
2026-05-08 17:25:00,59.54499816894531,1000.0,0,0.0,1000.0
2026-05-08 17:30:00,59.54499816894531,1000.0,0,0.0,1000.0
2026-05-08 17:35:00,59.53499984741211,1000.0,0,0.0,1000.0
2026-05-08 17:40:00,59.53889846801758,1000.0,0,0.0,1000.0
2026-05-08 17:45:00,59.529998779296875,1000.0,0,0.0,1000.0
2026-05-08 17:50:00,59.532100677490234,1000.0,0,0.0,1000.0
2026-05-08 17:55:00,59.529998779296875,1000.0,0,0.0,1000.0
2026-05-08 18:00:00,59.540000915527344,1000.0,0,0.0,1000.0
2026-05-08 18:05:00,59.53990173339844,1000.0,0,0.0,1000.0
2026-05-08 18:10:00,59.5453987121582,1000.0,0,0.0,1000.0
2026-05-08 18:15:00,59.54499816894531,1000.0,0,0.0,1000.0
2026-05-08 18:20:00,59.54499816894531,1000.0,0,0.0,1000.0
2026-05-08 18:25:00,59.55500030517578,1000.0,0,0.0,1000.0
2026-05-08 18:30:00,59.55500030517578,1000.0,0,0.0,1000.0
2026-05-08 18:35:00,59.55979919433594,1000.0,0,0.0,1000.0
2026-05-08 18:40:00,59.560001373291016,1000.0,0,0.0,1000.0
2026-05-08 18:45:00,59.54499816894531,1000.0,0,0.0,1000.0
2026-05-08 18:50:00,59.560001373291016,1000.0,0,0.0,1000.0
2026-05-08 18:55:00,59.535099029541016,1000.0,0,0.0,1000.0
2026-05-08 19:00:00,59.54010009765625,1000.0,0,0.0,1000.0
2026-05-08 19:05:00,59.564998626708984,1000.0,0,0.0,1000.0
2026-05-08 19:10:00,59.559898376464844,1000.0,0,0.0,1000.0
2026-05-08 19:15:00,59.55500030517578,1000.0,0,0.0,1000.0
2026-05-08 19:20:00,59.54499816894531,1000.0,0,0.0,1000.0
2026-05-08 19:25:00,59.53499984741211,1000.0,0,0.0,1000.0
2026-05-08 19:30:00,59.540000915527344,1000.0,0,0.0,1000.0
2026-05-08 19:35:00,59.56010055541992,1000.0,0,0.0,1000.0
2026-05-08 19:40:00,59.57500076293945,1000.0,0,0.0,1000.0
2026-05-08 19:45:00,59.57609939575195,1000.0,0,0.0,1000.0
2026-05-08 19:50:00,59.599998474121094,1000.0,0,0.0,1000.0
2026-05-08 19:55:00,59.599998474121094,1000.0,0,0.0,1000.0
2026-05-11 13:30:00,59.665000915527344,1000.0,0,0.0,1000.0
2026-05-11 13:35:00,59.654998779296875,1000.0,0,0.0,1000.0
2026-05-11 13:40:00,59.665000915527344,1000.0,0,0.0,1000.0
2026-05-11 13:45:00,59.649898529052734,1000.0,0,0.0,1000.0
2026-05-11 13:50:00,59.625,1000.0,0,0.0,1000.0
2026-05-11 13:55:00,59.6150016784668,1000.0,0,0.0,1000.0
2026-05-11 14:00:00,59.640098571777344,1000.0,0,0.0,1000.0
2026-05-11 14:05:00,59.65999984741211,1000.0,0,0.0,1000.0
2026-05-11 14:10:00,59.67499923706055,1000.0,0,0.0,1000.0
2026-05-11 14:15:00,59.6614990234375,1000.0,0,0.0,1000.0
2026-05-11 14:20:00,59.65999984741211,1000.0,0,0.0,1000.0
2026-05-11 14:25:00,59.6150016784668,1000.0,0,0.0,1000.0
2026-05-11 14:30:00,59.64500045776367,1000.0,0,0.0,1000.0
2026-05-11 14:35:00,59.66170120239258,1000.0,0,0.0,1000.0
2026-05-11 14:40:00,59.66999816894531,1000.0,0,0.0,1000.0
2026-05-11 14:45:00,59.67499923706055,1000.0,0,0.0,1000.0
2026-05-11 14:50:00,59.68989944458008,1000.0,0,0.0,1000.0
2026-05-11 14:55:00,59.685001373291016,1000.0,0,0.0,1000.0
2026-05-11 15:00:00,59.68009948730469,1000.0,0,0.0,1000.0
2026-05-11 15:05:00,59.689998626708984,1000.0,0,0.0,1000.0
2026-05-11 15:10:00,59.665000915527344,1000.0,0,0.0,1000.0
2026-05-11 15:15:00,59.66999816894531,1000.0,0,0.0,1000.0
2026-05-11 15:20:00,59.680999755859375,1000.0,0,0.0,1000.0
2026-05-11 15:25:00,59.70000076293945,1000.0,0,0.0,1000.0
2026-05-11 15:30:00,59.694000244140625,1000.0,0,0.0,1000.0
2026-05-11 15:35:00,59.703800201416016,1000.0,0,0.0,1000.0
2026-05-11 15:40:00,59.709999084472656,1000.0,0,0.0,1000.0
2026-05-11 15:45:00,59.70500183105469,1000.0,0,0.0,1000.0
2026-05-11 15:50:00,59.71670150756836,1000.0,0,0.0,1000.0
2026-05-11 15:55:00,59.71500015258789,1000.0,0,0.0,1000.0
2026-05-11 16:00:00,59.71969985961914,1000.0,0,0.0,1000.0
2026-05-11 16:05:00,59.72990036010742,1000.0,0,0.0,1000.0
2026-05-11 16:10:00,59.724998474121094,1000.0,0,0.0,1000.0
2026-05-11 16:15:00,59.71500015258789,1000.0,0,0.0,1000.0
2026-05-11 16:20:00,59.71989822387695,1000.0,0,0.0,1000.0
2026-05-11 16:25:00,59.720001220703125,1000.0,0,0.0,1000.0
2026-05-11 16:30:00,59.72990036010742,1000.0,0,0.0,1000.0
2026-05-11 16:35:00,59.724998474121094,1000.0,0,0.0,1000.0
2026-05-11 16:40:00,59.709999084472656,1000.0,0,0.0,1000.0
2026-05-11 16:45:00,59.71500015258789,1000.0,0,0.0,1000.0
2026-05-11 16:50:00,59.71009826660156,1000.0,0,0.0,1000.0
2026-05-11 16:55:00,59.71500015258789,1000.0,0,0.0,1000.0
2026-05-11 17:00:00,59.724998474121094,1000.0,0,0.0,1000.0
2026-05-11 17:05:00,59.72999954223633,1000.0,0,0.0,1000.0
2026-05-11 17:10:00,59.709999084472656,1000.0,0,0.0,1000.0
2026-05-11 17:15:00,59.70500183105469,1000.0,0,0.0,1000.0
2026-05-11 17:20:00,59.72549819946289,1000.0,0,0.0,1000.0
2026-05-11 17:25:00,59.739898681640625,1000.0,0,0.0,1000.0
2026-05-11 17:30:00,59.73619842529297,1000.0,0,0.0,1000.0
2026-05-11 17:35:00,59.739898681640625,1000.0,0,0.0,1000.0
2026-05-11 17:40:00,59.737300872802734,1000.0,0,0.0,1000.0
2026-05-11 17:45:00,59.744998931884766,1000.0,0,0.0,1000.0
2026-05-11 17:50:00,59.7400016784668,1000.0,0,0.0,1000.0
2026-05-11 17:55:00,59.724998474121094,1000.0,0,0.0,1000.0
2026-05-11 18:00:00,59.73500061035156,1000.0,0,0.0,1000.0
2026-05-11 18:05:00,59.75,1000.0,0,0.0,1000.0
2026-05-11 18:10:00,59.744998931884766,1000.0,0,0.0,1000.0
2026-05-11 18:15:00,59.73500061035156,1000.0,0,0.0,1000.0
2026-05-11 18:20:00,59.744998931884766,1000.0,0,0.0,1000.0
2026-05-11 18:25:00,59.73500061035156,1000.0,0,0.0,1000.0
2026-05-11 18:30:00,59.7400016784668,1000.0,0,0.0,1000.0
2026-05-11 18:35:00,59.735801696777344,1000.0,0,0.0,1000.0
2026-05-11 18:40:00,59.73500061035156,1000.0,0,0.0,1000.0
2026-05-11 18:45:00,59.73500061035156,1000.0,0,0.0,1000.0
2026-05-11 18:50:00,59.73500061035156,1000.0,0,0.0,1000.0
2026-05-11 18:55:00,59.71099853515625,1000.0,0,0.0,1000.0
2026-05-11 19:00:00,59.70500183105469,1000.0,0,0.0,1000.0
2026-05-11 19:05:00,59.72990036010742,1000.0,0,0.0,1000.0
2026-05-11 19:10:00,59.720001220703125,1000.0,0,0.0,1000.0
2026-05-11 19:15:00,59.709999084472656,1000.0,0,0.0,1000.0
2026-05-11 19:20:00,59.70000076293945,1000.0,0,0.0,1000.0
2026-05-11 19:25:00,59.690101623535156,1000.0,0,0.0,1000.0
2026-05-11 19:30:00,59.70500183105469,1000.0,0,0.0,1000.0
2026-05-11 19:35:00,59.690101623535156,1000.0,0,0.0,1000.0
2026-05-11 19:40:00,59.689998626708984,1000.0,0,0.0,1000.0
2026-05-11 19:45:00,59.70500183105469,1000.0,0,0.0,1000.0
2026-05-11 19:50:00,59.71500015258789,1000.0,0,0.0,1000.0
2026-05-11 19:55:00,59.709999084472656,1000.0,0,0.0,1000.0
2026-05-12 13:30:00,59.649898529052734,1000.0,0,0.0,1000.0
2026-05-12 13:35:00,59.63999938964844,1000.0,0,0.0,1000.0
2026-05-12 13:40:00,59.65999984741211,1000.0,0,0.0,1000.0
2026-05-12 13:45:00,59.625,1000.0,0,0.0,1000.0
2026-05-12 13:50:00,59.630001068115234,1000.0,0,0.0,1000.0
2026-05-12 13:55:00,59.561500549316406,1000.0,0,0.0,1000.0
2026-05-12 14:00:00,59.564998626708984,1000.0,0,0.0,1000.0
2026-05-12 14:05:00,59.57500076293945,1000.0,0,0.0,1000.0
2026-05-12 14:10:00,59.6150016784668,1000.0,0,0.0,1000.0
2026-05-12 14:15:00,59.619998931884766,1000.0,0,0.0,1000.0
2026-05-12 14:20:00,59.58000183105469,1000.0,0,0.0,1000.0
2026-05-12 14:25:00,59.54999923706055,1000.0,0,0.0,1000.0
2026-05-12 14:30:00,59.515499114990234,1000.0,0,0.0,1000.0
2026-05-12 14:35:00,59.55500030517578,1000.0,0,0.0,1000.0
2026-05-12 14:40:00,59.55500030517578,1000.0,0,0.0,1000.0
2026-05-12 14:45:00,59.525001525878906,1000.0,0,0.0,1000.0
2026-05-12 14:50:00,59.54999923706055,1000.0,0,0.0,1000.0
2026-05-12 14:55:00,59.525001525878906,1000.0,0,0.0,1000.0
2026-05-12 15:00:00,59.499298095703125,1000.0,0,0.0,1000.0
2026-05-12 15:05:00,59.53499984741211,1000.0,0,0.0,1000.0
2026-05-12 15:10:00,59.4901008605957,1000.0,0,0.0,1000.0
2026-05-12 15:15:00,59.474998474121094,1000.0,0,0.0,1000.0
2026-05-12 15:20:00,59.4286003112793,1000.0,0,0.0,1000.0
2026-05-12 15:25:00,59.435001373291016,1000.0,0,0.0,1000.0
2026-05-12 15:30:00,59.474998474121094,1000.0,0,0.0,1000.0
2026-05-12 15:35:00,59.47990036010742,1000.0,0,0.0,1000.0
2026-05-12 15:40:00,59.47999954223633,1000.0,0,0.0,1000.0
2026-05-12 15:45:00,59.45500183105469,1000.0,0,0.0,1000.0
2026-05-12 15:50:00,59.435001373291016,1000.0,0,0.0,1000.0
2026-05-12 15:55:00,59.400001525878906,1000.0,0,0.0,1000.0
2026-05-12 16:00:00,59.444000244140625,1000.0,0,0.0,1000.0
2026-05-12 16:05:00,59.41999816894531,1000.0,0,0.0,1000.0
2026-05-12 16:10:00,59.459999084472656,1000.0,0,0.0,1000.0
2026-05-12 16:15:00,59.44499969482422,1000.0,0,0.0,1000.0
2026-05-12 16:20:00,59.42499923706055,1000.0,0,0.0,1000.0
2026-05-12 16:25:00,59.415000915527344,1000.0,0,0.0,1000.0
2026-05-12 16:30:00,59.39500045776367,1000.0,0,0.0,1000.0
2026-05-12 16:35:00,59.400001525878906,1000.0,0,0.0,1000.0
2026-05-12 16:40:00,59.39500045776367,1000.0,0,0.0,1000.0
2026-05-12 16:45:00,59.38050079345703,1000.0,0,0.0,1000.0
2026-05-12 16:50:00,59.373600006103516,1000.0,0,0.0,1000.0
2026-05-12 16:55:00,59.375,1000.0,0,0.0,1000.0
2026-05-12 17:00:00,59.415000915527344,1000.0,0,0.0,1000.0
2026-05-12 17:05:00,59.435001373291016,1000.0,0,0.0,1000.0
2026-05-12 17:10:00,59.46500015258789,1000.0,0,0.0,1000.0
2026-05-12 17:15:00,59.489898681640625,1000.0,0,0.0,1000.0
2026-05-12 17:20:00,59.51499938964844,1000.0,0,0.0,1000.0
2026-05-12 17:25:00,59.4901008605957,1000.0,0,0.0,1000.0
2026-05-12 17:30:00,59.529998779296875,1000.0,0,0.0,1000.0
2026-05-12 17:35:00,59.51499938964844,1000.0,0,0.0,1000.0
2026-05-12 17:40:00,59.525001525878906,1000.0,0,0.0,1000.0
2026-05-12 17:45:00,59.5099983215332,1000.0,0,0.0,1000.0
2026-05-12 17:50:00,59.53499984741211,1000.0,0,0.0,1000.0
2026-05-12 17:55:00,59.53499984741211,1000.0,0,0.0,1000.0
2026-05-12 18:00:00,59.5453987121582,1000.0,0,0.0,1000.0
2026-05-12 18:05:00,59.540000915527344,1000.0,0,0.0,1000.0
2026-05-12 18:10:00,59.55500030517578,1000.0,0,0.0,1000.0
2026-05-12 18:15:00,59.564998626708984,1000.0,0,0.0,1000.0
2026-05-12 18:20:00,59.564998626708984,1000.0,0,0.0,1000.0
2026-05-12 18:25:00,59.584999084472656,1000.0,0,0.0,1000.0
2026-05-12 18:30:00,59.590301513671875,1000.0,0,0.0,1000.0
2026-05-12 18:35:00,59.58000183105469,1000.0,0,0.0,1000.0
2026-05-12 18:40:00,59.584999084472656,1000.0,0,0.0,1000.0
2026-05-12 18:45:00,59.564998626708984,1000.0,0,0.0,1000.0
2026-05-12 18:50:00,59.58140182495117,1000.0,0,0.0,1000.0
2026-05-12 18:55:00,59.54999923706055,1000.0,0,0.0,1000.0
2026-05-12 19:00:00,59.56999969482422,1000.0,0,0.0,1000.0
2026-05-12 19:05:00,59.58000183105469,1000.0,0,0.0,1000.0
2026-05-12 19:10:00,59.6150016784668,1000.0,0,0.0,1000.0
2026-05-12 19:15:00,59.6150016784668,1000.0,0,0.0,1000.0
2026-05-12 19:20:00,59.60499954223633,1000.0,0,0.0,1000.0
2026-05-12 19:25:00,59.60499954223633,1000.0,0,0.0,1000.0
2026-05-12 19:30:00,59.63990020751953,1000.0,0,0.0,1000.0
2026-05-12 19:35:00,59.64659881591797,1000.0,0,0.0,1000.0
2026-05-12 19:40:00,59.654998779296875,1000.0,0,0.0,1000.0
2026-05-12 19:45:00,59.650001525878906,1000.0,0,0.0,1000.0
2026-05-12 19:50:00,59.65999984741211,1000.0,0,0.0,1000.0
2026-05-12 19:55:00,59.654998779296875,1000.0,0,0.0,1000.0
2026-05-13 13:30:00,59.7599983215332,1000.0,0,0.0,1000.0
2026-05-13 13:35:00,59.71500015258789,1000.0,0,0.0,1000.0
2026-05-13 13:40:00,59.73500061035156,1000.0,0,0.0,1000.0
2026-05-13 13:45:00,59.690101623535156,1000.0,0,0.0,1000.0
2026-05-13 13:50:00,59.77000045776367,1000.0,0,0.0,1000.0
2026-05-13 13:55:00,59.7400016784668,1000.0,0,0.0,1000.0
2026-05-13 14:00:00,59.73500061035156,1000.0,0,0.0,1000.0
2026-05-13 14:05:00,59.709999084472656,1000.0,0,0.0,1000.0
2026-05-13 14:10:00,59.739898681640625,1000.0,0,0.0,1000.0
2026-05-13 14:15:00,59.7400016784668,1000.0,0,0.0,1000.0
2026-05-13 14:20:00,59.79100036621094,1000.0,0,0.0,1000.0
2026-05-13 14:25:00,59.79499816894531,1000.0,0,0.0,1000.0
2026-05-13 14:30:00,59.81589889526367,1000.0,0,0.0,1000.0
2026-05-13 14:35:00,59.79499816894531,1000.0,0,0.0,1000.0
2026-05-13 14:40:00,59.79999923706055,1000.0,0,0.0,1000.0
2026-05-13 14:45:00,59.80500030517578,1000.0,0,0.0,1000.0
2026-05-13 14:50:00,59.82500076293945,1000.0,0,0.0,1000.0
2026-05-13 14:55:00,59.834999084472656,1000.0,0,0.0,1000.0
2026-05-13 15:00:00,59.84000015258789,1000.0,0,0.0,1000.0
2026-05-13 15:05:00,59.835899353027344,1000.0,0,0.0,1000.0
2026-05-13 15:10:00,59.81010055541992,1000.0,0,0.0,1000.0
2026-05-13 15:15:00,59.79999923706055,1000.0,0,0.0,1000.0
2026-05-13 15:20:00,59.79499816894531,1000.0,0,0.0,1000.0
2026-05-13 15:25:00,59.78099822998047,1000.0,0,0.0,1000.0
2026-05-13 15:30:00,59.79499816894531,1000.0,0,0.0,1000.0
2026-05-13 15:35:00,59.79499816894531,1000.0,0,0.0,1000.0
2026-05-13 15:40:00,59.81999969482422,1000.0,0,0.0,1000.0
2026-05-13 15:45:00,59.814998626708984,1000.0,0,0.0,1000.0
2026-05-13 15:50:00,59.809200286865234,1000.0,0,0.0,1000.0
2026-05-13 15:55:00,59.779998779296875,1000.0,0,0.0,1000.0
2026-05-13 16:00:00,59.814998626708984,1000.0,0,0.0,1000.0
2026-05-13 16:05:00,59.82500076293945,1000.0,0,0.0,1000.0
2026-05-13 16:10:00,59.834999084472656,1000.0,0,0.0,1000.0
2026-05-13 16:15:00,59.834999084472656,1000.0,0,0.0,1000.0
2026-05-13 16:20:00,59.859901428222656,1000.0,0,0.0,1000.0
2026-05-13 16:25:00,59.86000061035156,1000.0,0,0.0,1000.0
2026-05-13 16:30:00,59.8650016784668,1000.0,0,0.0,1000.0
2026-05-13 16:35:00,59.8650016784668,1000.0,0,0.0,1000.0
2026-05-13 16:40:00,59.86000061035156,1000.0,0,0.0,1000.0
2026-05-13 16:45:00,59.8650016784668,1000.0,0,0.0,1000.0
2026-05-13 16:50:00,59.8650016784668,1000.0,0,0.0,1000.0
2026-05-13 16:55:00,59.875,1000.0,0,0.0,1000.0
2026-05-13 17:00:00,59.8849983215332,1000.0,0,0.0,1000.0
2026-05-13 17:05:00,59.8828010559082,1000.0,0,0.0,1000.0
2026-05-13 17:10:00,59.899898529052734,1000.0,0,0.0,1000.0
2026-05-13 17:15:00,59.8849983215332,1000.0,0,0.0,1000.0
2026-05-13 17:20:00,59.880001068115234,1000.0,0,0.0,1000.0
2026-05-13 17:25:00,59.88990020751953,1000.0,0,0.0,1000.0
2026-05-13 17:30:00,59.88990020751953,1000.0,0,0.0,1000.0
2026-05-13 17:35:00,59.885398864746094,1000.0,0,0.0,1000.0
2026-05-13 17:40:00,59.89500045776367,1000.0,0,0.0,1000.0
2026-05-13 17:45:00,59.89500045776367,1000.0,0,0.0,1000.0
2026-05-13 17:50:00,59.89500045776367,1000.0,0,0.0,1000.0
2026-05-13 17:55:00,59.880001068115234,1000.0,0,0.0,1000.0
2026-05-13 18:00:00,59.89500045776367,1000.0,0,0.0,1000.0
2026-05-13 18:05:00,59.900001525878906,1000.0,0,0.0,1000.0
2026-05-13 18:10:00,59.92499923706055,1000.0,0,0.0,1000.0
2026-05-13 18:15:00,59.935298919677734,1000.0,0,0.0,1000.0
2026-05-13 18:20:00,59.940101623535156,1000.0,0,0.0,1000.0
2026-05-13 18:25:00,59.935001373291016,1000.0,0,0.0,1000.0
2026-05-13 18:30:00,59.929901123046875,1000.0,0,0.0,1000.0
2026-05-13 18:35:00,59.915000915527344,1000.0,0,0.0,1000.0
2026-05-13 18:40:00,59.915000915527344,1000.0,0,0.0,1000.0
2026-05-13 18:45:00,59.915000915527344,1000.0,0,0.0,1000.0
2026-05-13 18:50:00,59.915000915527344,1000.0,0,0.0,1000.0
2026-05-13 18:55:00,59.89500045776367,1000.0,0,0.0,1000.0
2026-05-13 19:00:00,59.904998779296875,1000.0,0,0.0,1000.0
2026-05-13 19:05:00,59.92499923706055,1000.0,0,0.0,1000.0
2026-05-13 19:10:00,59.92499923706055,1000.0,0,0.0,1000.0
2026-05-13 19:15:00,59.920101165771484,1000.0,0,0.0,1000.0
2026-05-13 19:20:00,59.90999984741211,1000.0,0,0.0,1000.0
2026-05-13 19:25:00,59.915000915527344,1000.0,0,0.0,1000.0
2026-05-13 19:30:00,59.915000915527344,1000.0,0,0.0,1000.0
2026-05-13 19:35:00,59.91550064086914,1000.0,0,0.0,1000.0
2026-05-13 19:40:00,59.90999984741211,1000.0,0,0.0,1000.0
2026-05-13 19:45:00,59.92499923706055,1000.0,0,0.0,1000.0
2026-05-13 19:50:00,59.880001068115234,1000.0,0,0.0,1000.0
2026-05-13 19:55:00,59.89099884033203,1000.0,0,0.0,1000.0
2026-05-14 13:30:00,59.94139862060547,1000.0,0,0.0,1000.0
2026-05-14 13:35:00,59.970001220703125,1000.0,0,0.0,1000.0
2026-05-14 13:40:00,59.99140167236328,1000.0,0,0.0,1000.0
2026-05-14 13:45:00,60.011199951171875,1000.0,0,0.0,1000.0
2026-05-14 13:50:00,59.97639846801758,1000.0,0,0.0,1000.0
2026-05-14 13:55:00,59.95000076293945,1000.0,0,0.0,1000.0
2026-05-14 14:00:00,59.9739990234375,1000.0,0,0.0,1000.0
2026-05-14 14:05:00,59.950801849365234,1000.0,0,0.0,1000.0
2026-05-14 14:10:00,59.97359848022461,1000.0,0,0.0,1000.0
2026-05-14 14:15:00,60.005001068115234,1000.0,0,0.0,1000.0
2026-05-14 14:20:00,59.994998931884766,1000.0,0,0.0,1000.0
2026-05-14 14:25:00,59.98500061035156,1000.0,0,0.0,1000.0
2026-05-14 14:30:00,59.999900817871094,1000.0,0,0.0,1000.0
2026-05-14 14:35:00,60.01499938964844,1000.0,0,0.0,1000.0
2026-05-14 14:40:00,60.025001525878906,1000.0,0,0.0,1000.0
2026-05-14 14:45:00,60.025001525878906,1000.0,0,0.0,1000.0
2026-05-14 14:50:00,60.02399826049805,1000.0,0,0.0,1000.0
2026-05-14 14:55:00,60.01499938964844,1000.0,0,0.0,1000.0
2026-05-14 15:00:00,60.029300689697266,1000.0,0,0.0,1000.0
2026-05-14 15:05:00,60.03499984741211,1000.0,0,0.0,1000.0
2026-05-14 15:10:00,60.04999923706055,1000.0,0,0.0,1000.0
2026-05-14 15:15:00,60.05500030517578,1000.0,0,0.0,1000.0
2026-05-14 15:20:00,60.05500030517578,1000.0,0,0.0,1000.0
2026-05-14 15:25:00,60.04330062866211,1000.0,0,0.0,1000.0
2026-05-14 15:30:00,60.040000915527344,1000.0,0,0.0,1000.0
2026-05-14 15:35:00,60.03499984741211,1000.0,0,0.0,1000.0
2026-05-14 15:40:00,60.040000915527344,1000.0,0,0.0,1000.0
2026-05-14 15:45:00,60.02899932861328,1000.0,0,0.0,1000.0
2026-05-14 15:50:00,60.03499984741211,1000.0,0,0.0,1000.0
2026-05-14 15:55:00,60.03499984741211,1000.0,0,0.0,1000.0
2026-05-14 16:00:00,60.040000915527344,1000.0,0,0.0,1000.0
2026-05-14 16:05:00,60.040000915527344,1000.0,0,0.0,1000.0
2026-05-14 16:10:00,60.03499984741211,1000.0,0,0.0,1000.0
2026-05-14 16:15:00,60.025001525878906,1000.0,0,0.0,1000.0
2026-05-14 16:20:00,60.03499984741211,1000.0,0,0.0,1000.0
2026-05-14 16:25:00,60.01499938964844,1000.0,0,0.0,1000.0
2026-05-14 16:30:00,60.01499938964844,1000.0,0,0.0,1000.0
2026-05-14 16:35:00,60.019901275634766,1000.0,0,0.0,1000.0
2026-05-14 16:40:00,60.010101318359375,1000.0,0,0.0,1000.0
2026-05-14 16:45:00,60.01499938964844,1000.0,0,0.0,1000.0
2026-05-14 16:50:00,60.02989959716797,1000.0,0,0.0,1000.0
2026-05-14 16:55:00,60.019798278808594,1000.0,0,0.0,1000.0
2026-05-14 17:00:00,60.03499984741211,1000.0,0,0.0,1000.0
2026-05-14 17:05:00,60.01020050048828,1000.0,0,0.0,1000.0
2026-05-14 17:10:00,59.97999954223633,1000.0,0,0.0,1000.0
2026-05-14 17:15:00,59.97010040283203,1000.0,0,0.0,1000.0
2026-05-14 17:20:00,59.98500061035156,1000.0,0,0.0,1000.0
2026-05-14 17:25:00,59.97999954223633,1000.0,0,0.0,1000.0
2026-05-14 17:30:00,59.999900817871094,1000.0,0,0.0,1000.0
2026-05-14 17:35:00,60.01070022583008,1000.0,0,0.0,1000.0
2026-05-14 17:40:00,60.01499938964844,1000.0,0,0.0,1000.0
2026-05-14 17:45:00,60.02349853515625,1000.0,0,0.0,1000.0
2026-05-14 17:50:00,60.040000915527344,1000.0,0,0.0,1000.0
2026-05-14 17:55:00,60.025001525878906,1000.0,0,0.0,1000.0
2026-05-14 18:00:00,59.98630142211914,1000.0,0,0.0,1000.0
2026-05-14 18:05:00,59.999900817871094,1000.0,0,0.0,1000.0
2026-05-14 18:10:00,60.005001068115234,1000.0,0,0.0,1000.0
2026-05-14 18:15:00,60.01499938964844,1000.0,0,0.0,1000.0
2026-05-14 18:20:00,60.005001068115234,1000.0,0,0.0,1000.0
2026-05-14 18:25:00,60.000099182128906,1000.0,0,0.0,1000.0
2026-05-14 18:30:00,60.0099983215332,1000.0,0,0.0,1000.0
2026-05-14 18:35:00,60.005001068115234,1000.0,0,0.0,1000.0
2026-05-14 18:40:00,60.001399993896484,1000.0,0,0.0,1000.0
2026-05-14 18:45:00,60.0099983215332,1000.0,0,0.0,1000.0
2026-05-14 18:50:00,60.02009963989258,1000.0,0,0.0,1000.0
2026-05-14 18:55:00,60.03499984741211,1000.0,0,0.0,1000.0
2026-05-14 19:00:00,60.04010009765625,1000.0,0,0.0,1000.0
2026-05-14 19:05:00,60.03499984741211,1000.0,0,0.0,1000.0
2026-05-14 19:10:00,60.029998779296875,1000.0,0,0.0,1000.0
2026-05-14 19:15:00,60.03990173339844,1000.0,0,0.0,1000.0
2026-05-14 19:20:00,60.04010009765625,1000.0,0,0.0,1000.0
2026-05-14 19:25:00,60.025001525878906,1000.0,0,0.0,1000.0
2026-05-14 19:30:00,60.03499984741211,1000.0,0,0.0,1000.0
2026-05-14 19:35:00,60.03499984741211,1000.0,0,0.0,1000.0
2026-05-14 19:40:00,60.04499816894531,1000.0,0,0.0,1000.0
2026-05-14 19:45:00,60.04499816894531,1000.0,0,0.0,1000.0
2026-05-14 19:50:00,60.03990173339844,1000.0,0,0.0,1000.0
2026-05-14 19:55:00,60.0099983215332,1000.0,0,0.0,1000.0
2026-05-15 13:30:00,59.7400016784668,1000.0,0,0.0,1000.0
2026-05-15 13:35:00,59.685001373291016,1000.0,0,0.0,1000.0
2026-05-15 13:40:00,59.71620178222656,1000.0,0,0.0,1000.0
2026-05-15 13:45:00,59.74140167236328,1000.0,0,0.0,1000.0
2026-05-15 13:50:00,59.76499938964844,1000.0,0,0.0,1000.0
2026-05-15 13:55:00,59.68000030517578,1000.0,0,0.0,1000.0
2026-05-15 14:00:00,59.70500183105469,1000.0,0,0.0,1000.0
2026-05-15 14:05:00,59.75,1000.0,0,0.0,1000.0
2026-05-15 14:10:00,59.80419921875,1000.0,0,0.0,1000.0
2026-05-15 14:15:00,59.83000183105469,1000.0,0,0.0,1000.0
2026-05-15 14:20:00,59.82500076293945,1000.0,0,0.0,1000.0
2026-05-15 14:25:00,59.775001525878906,1000.0,0,0.0,1000.0
2026-05-15 14:30:00,59.814998626708984,1000.0,0,0.0,1000.0
2026-05-15 14:35:00,59.81010055541992,1000.0,0,0.0,1000.0
2026-05-15 14:40:00,59.83000183105469,1000.0,0,0.0,1000.0
2026-05-15 14:45:00,59.78499984741211,1000.0,0,0.0,1000.0
2026-05-15 14:50:00,59.800201416015625,1000.0,0,0.0,1000.0
2026-05-15 14:55:00,59.797401428222656,1000.0,0,0.0,1000.0
2026-05-15 15:00:00,59.78499984741211,1000.0,0,0.0,1000.0
2026-05-15 15:05:00,59.8140983581543,1000.0,0,0.0,1000.0
2026-05-15 15:10:00,59.790000915527344,1000.0,0,0.0,1000.0
2026-05-15 15:15:00,59.82500076293945,1000.0,0,0.0,1000.0
2026-05-15 15:20:00,59.834999084472656,1000.0,0,0.0,1000.0
2026-05-15 15:25:00,59.845001220703125,1000.0,0,0.0,1000.0
2026-05-15 15:30:00,59.845001220703125,1000.0,0,0.0,1000.0
2026-05-15 15:35:00,59.83100128173828,1000.0,0,0.0,1000.0
2026-05-15 15:40:00,59.78499984741211,1000.0,0,0.0,1000.0
2026-05-15 15:45:00,59.779701232910156,1000.0,0,0.0,1000.0
2026-05-15 15:50:00,59.76499938964844,1000.0,0,0.0,1000.0
2026-05-15 15:55:00,59.78499984741211,1000.0,0,0.0,1000.0
2026-05-15 16:00:00,59.78990173339844,1000.0,0,0.0,1000.0
2026-05-15 16:05:00,59.80970001220703,1000.0,0,0.0,1000.0
2026-05-15 16:10:00,59.79499816894531,1000.0,0,0.0,1000.0
2026-05-15 16:15:00,59.784000396728516,1000.0,0,0.0,1000.0
2026-05-15 16:20:00,59.82500076293945,1000.0,0,0.0,1000.0
2026-05-15 16:25:00,59.829898834228516,1000.0,0,0.0,1000.0
2026-05-15 16:30:00,59.845001220703125,1000.0,0,0.0,1000.0
2026-05-15 16:35:00,59.834999084472656,1000.0,0,0.0,1000.0
2026-05-15 16:40:00,59.84000015258789,1000.0,0,0.0,1000.0
2026-05-15 16:45:00,59.839900970458984,1000.0,0,0.0,1000.0
2026-05-15 16:50:00,59.80609893798828,1000.0,0,0.0,1000.0
2026-05-15 16:55:00,59.82500076293945,1000.0,0,0.0,1000.0
2026-05-15 17:00:00,59.82500076293945,1000.0,0,0.0,1000.0
2026-05-15 17:05:00,59.845001220703125,1000.0,0,0.0,1000.0
2026-05-15 17:10:00,59.85499954223633,1000.0,0,0.0,1000.0
2026-05-15 17:15:00,59.85499954223633,1000.0,0,0.0,1000.0
2026-05-15 17:20:00,59.87990188598633,1000.0,0,0.0,1000.0
2026-05-15 17:25:00,59.899898529052734,1000.0,0,0.0,1000.0
2026-05-15 17:30:00,59.89500045776367,1000.0,0,0.0,1000.0
2026-05-15 17:35:00,59.89970016479492,1000.0,0,0.0,1000.0
2026-05-15 17:40:00,59.89500045776367,1000.0,0,0.0,1000.0
2026-05-15 17:45:00,59.888999938964844,1000.0,0,0.0,1000.0
2026-05-15 17:50:00,59.89500045776367,1000.0,0,0.0,1000.0
2026-05-15 17:55:00,59.90530014038086,1000.0,0,0.0,1000.0
2026-05-15 18:00:00,59.915000915527344,1000.0,0,0.0,1000.0
2026-05-15 18:05:00,59.915000915527344,1000.0,0,0.0,1000.0
2026-05-15 18:10:00,59.915000915527344,1000.0,0,0.0,1000.0
2026-05-15 18:15:00,59.856998443603516,1000.0,0,0.0,1000.0
2026-05-15 18:20:00,59.88999938964844,1000.0,0,0.0,1000.0
2026-05-15 18:25:00,59.85499954223633,1000.0,0,0.0,1000.0
2026-05-15 18:30:00,59.8296012878418,1000.0,0,0.0,1000.0
2026-05-15 18:35:00,59.849998474121094,1000.0,0,0.0,1000.0
2026-05-15 18:40:00,59.84000015258789,1000.0,0,0.0,1000.0
2026-05-15 18:45:00,59.845001220703125,1000.0,0,0.0,1000.0
2026-05-15 18:50:00,59.86000061035156,1000.0,0,0.0,1000.0
2026-05-15 18:55:00,59.8650016784668,1000.0,0,0.0,1000.0
2026-05-15 19:00:00,59.845001220703125,1000.0,0,0.0,1000.0
2026-05-15 19:05:00,59.83000183105469,1000.0,0,0.0,1000.0
2026-05-15 19:10:00,59.82500076293945,1000.0,0,0.0,1000.0
2026-05-15 19:15:00,59.829898834228516,1000.0,0,0.0,1000.0
2026-05-15 19:20:00,59.814998626708984,1000.0,0,0.0,1000.0
2026-05-15 19:25:00,59.814998626708984,1000.0,0,0.0,1000.0
2026-05-15 19:30:00,59.82500076293945,1000.0,0,0.0,1000.0
2026-05-15 19:35:00,59.839900970458984,1000.0,0,0.0,1000.0
2026-05-15 19:40:00,59.814998626708984,1000.0,0,0.0,1000.0
2026-05-15 19:45:00,59.81990051269531,1000.0,0,0.0,1000.0
2026-05-15 19:50:00,59.76240158081055,1000.0,0,0.0,1000.0
2026-05-15 19:55:00,59.77000045776367,1000.0,0,0.0,1000.0
2026-05-18 13:30:00,59.83399963378906,1000.0,0,0.0,1000.0
2026-05-18 13:35:00,59.82500076293945,1000.0,0,0.0,1000.0
2026-05-18 13:40:00,59.744998931884766,1000.0,0,0.0,1000.0
2026-05-18 13:45:00,59.744998931884766,1000.0,0,0.0,1000.0
2026-05-18 13:50:00,59.82500076293945,1000.0,0,0.0,1000.0
2026-05-18 13:55:00,59.79499816894531,1000.0,0,0.0,1000.0
2026-05-18 14:00:00,59.75,1000.0,0,0.0,1000.0
2026-05-18 14:05:00,59.79999923706055,1000.0,0,0.0,1000.0
2026-05-18 14:10:00,59.79999923706055,1000.0,0,0.0,1000.0
2026-05-18 14:15:00,59.79389953613281,1000.0,0,0.0,1000.0
2026-05-18 14:20:00,59.77989959716797,1000.0,0,0.0,1000.0
2026-05-18 14:25:00,59.72999954223633,1000.0,0,0.0,1000.0
2026-05-18 14:30:00,59.63999938964844,1000.0,0,0.0,1000.0
2026-05-18 14:35:00,59.665000915527344,1000.0,0,0.0,1000.0
2026-05-18 14:40:00,59.69499969482422,1000.0,0,0.0,1000.0
2026-05-18 14:45:00,59.63079833984375,1000.0,0,0.0,1000.0
2026-05-18 14:50:00,59.67499923706055,1000.0,0,0.0,1000.0
2026-05-18 14:55:00,59.70000076293945,1000.0,0,0.0,1000.0
2026-05-18 15:00:00,59.685001373291016,1000.0,0,0.0,1000.0
2026-05-18 15:05:00,59.654998779296875,1000.0,0,0.0,1000.0
2026-05-18 15:10:00,59.686500549316406,1000.0,0,0.0,1000.0
2026-05-18 15:15:00,59.63850021362305,1000.0,0,0.0,1000.0
2026-05-18 15:20:00,59.63600158691406,1000.0,0,0.0,1000.0
2026-05-18 15:25:00,59.61000061035156,1000.0,0,0.0,1000.0
2026-05-18 15:30:00,59.63999938964844,1000.0,0,0.0,1000.0
2026-05-18 15:35:00,59.665000915527344,1000.0,0,0.0,1000.0
2026-05-18 15:40:00,59.65620040893555,1000.0,0,0.0,1000.0
2026-05-18 15:45:00,59.654998779296875,1000.0,0,0.0,1000.0
2026-05-18 15:50:00,59.665000915527344,1000.0,0,0.0,1000.0
2026-05-18 15:55:00,59.63999938964844,1000.0,0,0.0,1000.0
2026-05-18 16:00:00,59.619998931884766,1000.0,0,0.0,1000.0
2026-05-18 16:05:00,59.6349983215332,1000.0,0,0.0,1000.0
2026-05-18 16:10:00,59.654998779296875,1000.0,0,0.0,1000.0
2026-05-18 16:15:00,59.665000915527344,1000.0,0,0.0,1000.0
2026-05-18 16:20:00,59.64339828491211,1000.0,0,0.0,1000.0
2026-05-18 16:25:00,59.53990173339844,1000.0,0,0.0,1000.0
2026-05-18 16:30:00,59.560001373291016,1000.0,0,0.0,1000.0
2026-05-18 16:35:00,59.584999084472656,1000.0,0,0.0,1000.0
2026-05-18 16:40:00,59.58000183105469,1000.0,0,0.0,1000.0
2026-05-18 16:45:00,59.579898834228516,1000.0,0,0.0,1000.0
2026-05-18 16:50:00,59.6510009765625,1000.0,0,0.0,1000.0
2026-05-18 16:55:00,59.630001068115234,1000.0,0,0.0,1000.0
2026-05-18 17:00:00,59.6349983215332,1000.0,0,0.0,1000.0
2026-05-18 17:05:00,59.64500045776367,1000.0,0,0.0,1000.0
2026-05-18 17:10:00,59.63410186767578,1000.0,0,0.0,1000.0
2026-05-18 17:15:00,59.63010025024414,1000.0,0,0.0,1000.0
2026-05-18 17:20:00,59.619998931884766,1000.0,0,0.0,1000.0
2026-05-18 17:25:00,59.63990020751953,1000.0,0,0.0,1000.0
2026-05-18 17:30:00,59.625,1000.0,0,0.0,1000.0
2026-05-18 17:35:00,59.61349868774414,1000.0,0,0.0,1000.0
2026-05-18 17:40:00,59.6411018371582,1000.0,0,0.0,1000.0
2026-05-18 17:45:00,59.619998931884766,1000.0,0,0.0,1000.0
2026-05-18 17:50:00,59.6349983215332,1000.0,0,0.0,1000.0
2026-05-18 17:55:00,59.649898529052734,1000.0,0,0.0,1000.0
2026-05-18 18:00:00,59.595001220703125,1000.0,0,0.0,1000.0
2026-05-18 18:05:00,59.58539962768555,1000.0,0,0.0,1000.0
2026-05-18 18:10:00,59.564998626708984,1000.0,0,0.0,1000.0
2026-05-18 18:15:00,59.52009963989258,1000.0,0,0.0,1000.0
2026-05-18 18:20:00,59.525001525878906,1000.0,0,0.0,1000.0
2026-05-18 18:25:00,59.53499984741211,1000.0,0,0.0,1000.0
2026-05-18 18:30:00,59.549800872802734,1000.0,0,0.0,1000.0
2026-05-18 18:35:00,59.520999908447266,1000.0,0,0.0,1000.0
2026-05-18 18:40:00,59.529998779296875,1000.0,0,0.0,1000.0
2026-05-18 18:45:00,59.499900817871094,1000.0,0,0.0,1000.0
2026-05-18 18:50:00,59.494998931884766,1000.0,0,0.0,1000.0
2026-05-18 18:55:00,59.51139831542969,1000.0,0,0.0,1000.0
2026-05-18 19:00:00,59.61000061035156,1000.0,0,0.0,1000.0
2026-05-18 19:05:00,59.61000061035156,1000.0,0,0.0,1000.0
2026-05-18 19:10:00,59.595001220703125,1000.0,0,0.0,1000.0
2026-05-18 19:15:00,59.57500076293945,1000.0,0,0.0,1000.0
2026-05-18 19:20:00,59.560001373291016,1000.0,0,0.0,1000.0
2026-05-18 19:25:00,59.57500076293945,1000.0,0,0.0,1000.0
2026-05-18 19:30:00,59.59989929199219,1000.0,0,0.0,1000.0
2026-05-18 19:35:00,59.64500045776367,1000.0,0,0.0,1000.0
2026-05-18 19:40:00,59.68000030517578,1000.0,0,0.0,1000.0
2026-05-18 19:45:00,59.689998626708984,1000.0,0,0.0,1000.0
2026-05-18 19:50:00,59.720001220703125,1000.0,0,0.0,1000.0
2026-05-18 19:55:00,59.70500183105469,1000.0,0,0.0,1000.0
2026-05-19 13:30:00,59.63999938964844,1000.0,0,0.0,1000.0
2026-05-19 13:35:00,59.70000076293945,1000.0,0,0.0,1000.0
2026-05-19 13:40:00,59.59510040283203,1000.0,0,0.0,1000.0
2026-05-19 13:45:00,59.599998474121094,1000.0,0,0.0,1000.0
2026-05-19 13:50:00,59.665000915527344,1000.0,0,0.0,1000.0
2026-05-19 13:55:00,59.595001220703125,1000.0,0,0.0,1000.0
2026-05-19 14:00:00,59.58140182495117,1000.0,0,0.0,1000.0
2026-05-19 14:05:00,59.47140121459961,1000.0,0,0.0,1000.0
2026-05-19 14:10:00,59.422698974609375,1000.0,0,0.0,1000.0
2026-05-19 14:15:00,59.38999938964844,1000.0,0,0.0,1000.0
2026-05-19 14:20:00,59.41999816894531,1000.0,0,0.0,1000.0
2026-05-19 14:25:00,59.40909957885742,1000.0,0,0.0,1000.0
2026-05-19 14:30:00,59.405799865722656,1000.0,0,0.0,1000.0
2026-05-19 14:35:00,59.46860122680664,1000.0,0,0.0,1000.0
2026-05-19 14:40:00,59.45000076293945,1000.0,0,0.0,1000.0
2026-05-19 14:45:00,59.415000915527344,1000.0,0,0.0,1000.0
2026-05-19 14:50:00,59.44599914550781,1000.0,0,0.0,1000.0
2026-05-19 14:55:00,59.494998931884766,1000.0,0,0.0,1000.0
2026-05-19 15:00:00,59.51499938964844,1000.0,0,0.0,1000.0
2026-05-19 15:05:00,59.48500061035156,1000.0,0,0.0,1000.0
2026-05-19 15:10:00,59.52000045776367,1000.0,0,0.0,1000.0
2026-05-19 15:15:00,59.50360107421875,1000.0,0,0.0,1000.0
2026-05-19 15:20:00,59.459999084472656,1000.0,0,0.0,1000.0
2026-05-19 15:25:00,59.48500061035156,1000.0,0,0.0,1000.0
2026-05-19 15:30:00,59.51499938964844,1000.0,0,0.0,1000.0
2026-05-19 15:35:00,59.558799743652344,1000.0,0,0.0,1000.0
2026-05-19 15:40:00,59.564998626708984,1000.0,0,0.0,1000.0
2026-05-19 15:45:00,59.55509948730469,1000.0,0,0.0,1000.0
2026-05-19 15:50:00,59.54499816894531,1000.0,0,0.0,1000.0
2026-05-19 15:55:00,59.52389907836914,1000.0,0,0.0,1000.0
2026-05-19 16:00:00,59.58359909057617,1000.0,0,0.0,1000.0
2026-05-19 16:05:00,59.540000915527344,1000.0,0,0.0,1000.0
2026-05-19 16:10:00,59.52349853515625,1000.0,0,0.0,1000.0
2026-05-19 16:15:00,59.57500076293945,1000.0,0,0.0,1000.0
2026-05-19 16:20:00,59.584999084472656,1000.0,0,0.0,1000.0
2026-05-19 16:25:00,59.625,1000.0,0,0.0,1000.0
2026-05-19 16:30:00,59.65650177001953,1000.0,0,0.0,1000.0
2026-05-19 16:35:00,59.66550064086914,1000.0,0,0.0,1000.0
2026-05-19 16:40:00,59.68000030517578,1000.0,0,0.0,1000.0
2026-05-19 16:45:00,59.685001373291016,1000.0,0,0.0,1000.0
2026-05-19 16:50:00,59.71500015258789,1000.0,0,0.0,1000.0
2026-05-19 16:55:00,59.70000076293945,1000.0,0,0.0,1000.0
2026-05-19 17:00:00,59.72999954223633,1000.0,0,0.0,1000.0
2026-05-19 17:05:00,59.73500061035156,1000.0,0,0.0,1000.0
2026-05-19 17:10:00,59.7400016784668,1000.0,0,0.0,1000.0
2026-05-19 17:15:00,59.744998931884766,1000.0,0,0.0,1000.0
2026-05-19 17:20:00,59.75450134277344,1000.0,0,0.0,1000.0
2026-05-19 17:25:00,59.72549819946289,1000.0,0,0.0,1000.0
2026-05-19 17:30:00,59.72990036010742,1000.0,0,0.0,1000.0
2026-05-19 17:35:00,59.744998931884766,1000.0,0,0.0,1000.0
2026-05-19 17:40:00,59.73509979248047,1000.0,0,0.0,1000.0
2026-05-19 17:45:00,59.70500183105469,1000.0,0,0.0,1000.0
2026-05-19 17:50:00,59.685001373291016,1000.0,0,0.0,1000.0
2026-05-19 17:55:00,59.71500015258789,1000.0,0,0.0,1000.0
2026-05-19 18:00:00,59.724998474121094,1000.0,0,0.0,1000.0
2026-05-19 18:05:00,59.73500061035156,1000.0,0,0.0,1000.0
2026-05-19 18:10:00,59.724998474121094,1000.0,0,0.0,1000.0
2026-05-19 18:15:00,59.705501556396484,1000.0,0,0.0,1000.0
2026-05-19 18:20:00,59.690399169921875,1000.0,0,0.0,1000.0
2026-05-19 18:25:00,59.67499923706055,1000.0,0,0.0,1000.0
2026-05-19 18:30:00,59.68000030517578,1000.0,0,0.0,1000.0
2026-05-19 18:35:00,59.665000915527344,1000.0,0,0.0,1000.0
2026-05-19 18:40:00,59.66550064086914,1000.0,0,0.0,1000.0
2026-05-19 18:45:00,59.665000915527344,1000.0,0,0.0,1000.0
2026-05-19 18:50:00,59.63999938964844,1000.0,0,0.0,1000.0
2026-05-19 18:55:00,59.625,1000.0,0,0.0,1000.0
2026-05-19 19:00:00,59.635501861572266,1000.0,0,0.0,1000.0
2026-05-19 19:05:00,59.669898986816406,1000.0,0,0.0,1000.0
2026-05-19 19:10:00,59.70000076293945,1000.0,0,0.0,1000.0
2026-05-19 19:15:00,59.65999984741211,1000.0,0,0.0,1000.0
2026-05-19 19:20:00,59.60260009765625,1000.0,0,0.0,1000.0
2026-05-19 19:25:00,59.630001068115234,1000.0,0,0.0,1000.0
2026-05-19 19:30:00,59.625,1000.0,0,0.0,1000.0
2026-05-19 19:35:00,59.611000061035156,1000.0,0,0.0,1000.0
2026-05-19 19:40:00,59.597999572753906,1000.0,0,0.0,1000.0
2026-05-19 19:45:00,59.584999084472656,1000.0,0,0.0,1000.0
2026-05-19 19:50:00,59.54999923706055,1000.0,0,0.0,1000.0
2026-05-19 19:55:00,59.59000015258789,1000.0,0,0.0,1000.0
2026-05-20 13:30:00,59.76100158691406,1000.0,0,0.0,1000.0
2026-05-20 13:35:00,59.70000076293945,1000.0,0,0.0,1000.0
2026-05-20 13:40:00,59.779998779296875,1000.0,0,0.0,1000.0
2026-05-20 13:45:00,59.77000045776367,1000.0,0,0.0,1000.0
2026-05-20 13:50:00,59.72829818725586,1000.0,0,0.0,1000.0
2026-05-20 13:55:00,59.7400016784668,1000.0,0,0.0,1000.0
2026-05-20 14:00:00,59.70989990234375,1000.0,0,0.0,1000.0
2026-05-20 14:05:00,59.70500183105469,1000.0,0,0.0,1000.0
2026-05-20 14:10:00,59.720001220703125,1000.0,0,0.0,1000.0
2026-05-20 14:15:00,59.80500030517578,1000.0,0,0.0,1000.0
2026-05-20 14:20:00,59.77000045776367,1000.0,0,0.0,1000.0
2026-05-20 14:25:00,59.810001373291016,1000.0,0,0.0,1000.0
2026-05-20 14:30:00,59.83000183105469,1000.0,0,0.0,1000.0
2026-05-20 14:35:00,59.834598541259766,1000.0,0,0.0,1000.0
2026-05-20 14:40:00,59.83000183105469,1000.0,0,0.0,1000.0
2026-05-20 14:45:00,59.809898376464844,1000.0,0,0.0,1000.0
2026-05-20 14:50:00,59.85499954223633,1000.0,0,0.0,1000.0
2026-05-20 14:55:00,59.870601654052734,1000.0,0,0.0,1000.0
2026-05-20 15:00:00,59.849700927734375,1000.0,0,0.0,1000.0
2026-05-20 15:05:00,59.849998474121094,1000.0,0,0.0,1000.0
2026-05-20 15:10:00,59.869998931884766,1000.0,0,0.0,1000.0
2026-05-20 15:15:00,59.904998779296875,1000.0,0,0.0,1000.0
2026-05-20 15:20:00,59.89139938354492,1000.0,0,0.0,1000.0
2026-05-20 15:25:00,59.875,1000.0,0,0.0,1000.0
2026-05-20 15:30:00,59.904998779296875,1000.0,0,0.0,1000.0
2026-05-20 15:35:00,59.88999938964844,1000.0,0,0.0,1000.0
2026-05-20 15:40:00,59.8922004699707,1000.0,0,0.0,1000.0
2026-05-20 15:45:00,59.91999816894531,1000.0,0,0.0,1000.0
2026-05-20 15:50:00,59.915000915527344,1000.0,0,0.0,1000.0
2026-05-20 15:55:00,59.90660095214844,1000.0,0,0.0,1000.0
2026-05-20 16:00:00,59.89500045776367,1000.0,0,0.0,1000.0
2026-05-20 16:05:00,59.89580154418945,1000.0,0,0.0,1000.0
2026-05-20 16:10:00,59.89500045776367,1000.0,0,0.0,1000.0
2026-05-20 16:15:00,59.8661994934082,1000.0,0,0.0,1000.0
2026-05-20 16:20:00,59.845001220703125,1000.0,0,0.0,1000.0
2026-05-20 16:25:00,59.84870147705078,1000.0,0,0.0,1000.0
2026-05-20 16:30:00,59.845001220703125,1000.0,0,0.0,1000.0
2026-05-20 16:35:00,59.85499954223633,1000.0,0,0.0,1000.0
2026-05-20 16:40:00,59.88999938964844,1000.0,0,0.0,1000.0
2026-05-20 16:45:00,59.8650016784668,1000.0,0,0.0,1000.0
2026-05-20 16:50:00,59.880001068115234,1000.0,0,0.0,1000.0
2026-05-20 16:55:00,59.8849983215332,1000.0,0,0.0,1000.0
2026-05-20 17:00:00,59.8849983215332,1000.0,0,0.0,1000.0
2026-05-20 17:05:00,59.875,1000.0,0,0.0,1000.0
2026-05-20 17:10:00,59.904998779296875,1000.0,0,0.0,1000.0
2026-05-20 17:15:00,59.900001525878906,1000.0,0,0.0,1000.0
2026-05-20 17:20:00,59.89500045776367,1000.0,0,0.0,1000.0
2026-05-20 17:25:00,59.92499923706055,1000.0,0,0.0,1000.0
2026-05-20 17:30:00,59.9093017578125,1000.0,0,0.0,1000.0
2026-05-20 17:35:00,59.92499923706055,1000.0,0,0.0,1000.0
2026-05-20 17:40:00,59.92499923706055,1000.0,0,0.0,1000.0
2026-05-20 17:45:00,59.915000915527344,1000.0,0,0.0,1000.0
2026-05-20 17:50:00,59.915000915527344,1000.0,0,0.0,1000.0
2026-05-20 17:55:00,59.92499923706055,1000.0,0,0.0,1000.0
2026-05-20 18:00:00,59.935001373291016,1000.0,0,0.0,1000.0
2026-05-20 18:05:00,59.92499923706055,1000.0,0,0.0,1000.0
2026-05-20 18:10:00,59.915000915527344,1000.0,0,0.0,1000.0
2026-05-20 18:15:00,59.915000915527344,1000.0,0,0.0,1000.0
2026-05-20 18:20:00,59.904998779296875,1000.0,0,0.0,1000.0
2026-05-20 18:25:00,59.91630172729492,1000.0,0,0.0,1000.0
2026-05-20 18:30:00,59.91849899291992,1000.0,0,0.0,1000.0
2026-05-20 18:35:00,59.939998626708984,1000.0,0,0.0,1000.0
2026-05-20 18:40:00,59.90999984741211,1000.0,0,0.0,1000.0
2026-05-20 18:45:00,59.90999984741211,1000.0,0,0.0,1000.0
2026-05-20 18:50:00,59.915000915527344,1000.0,0,0.0,1000.0
2026-05-20 18:55:00,59.92499923706055,1000.0,0,0.0,1000.0
2026-05-20 19:00:00,59.91999816894531,1000.0,0,0.0,1000.0
2026-05-20 19:05:00,59.935001373291016,1000.0,0,0.0,1000.0
2026-05-20 19:10:00,59.94969940185547,1000.0,0,0.0,1000.0
2026-05-20 19:15:00,59.94499969482422,1000.0,0,0.0,1000.0
2026-05-20 19:20:00,59.95500183105469,1000.0,0,0.0,1000.0
2026-05-20 19:25:00,59.95589828491211,1000.0,0,0.0,1000.0
2026-05-20 19:30:00,59.95500183105469,1000.0,0,0.0,1000.0
2026-05-20 19:35:00,59.96500015258789,1000.0,0,0.0,1000.0
2026-05-20 19:40:00,59.96500015258789,1000.0,0,0.0,1000.0
2026-05-20 19:45:00,59.959999084472656,1000.0,0,0.0,1000.0
2026-05-20 19:50:00,59.96500015258789,1000.0,0,0.0,1000.0
2026-05-20 19:55:00,59.974998474121094,1000.0,0,0.0,1000.0
2026-05-21 13:30:00,59.94940185546875,1000.0,0,0.0,1000.0
2026-05-21 13:35:00,59.89500045776367,1000.0,0,0.0,1000.0
2026-05-21 13:40:00,59.880001068115234,1000.0,0,0.0,1000.0
2026-05-21 13:45:00,59.89500045776367,1000.0,0,0.0,1000.0
2026-05-21 13:50:00,59.974998474121094,1000.0,0,0.0,1000.0
2026-05-21 13:55:00,59.9640007019043,1000.0,0,0.0,1000.0
2026-05-21 14:00:00,59.98500061035156,1000.0,0,0.0,1000.0
2026-05-21 14:05:00,59.994998931884766,1000.0,0,0.0,1000.0
2026-05-21 14:10:00,59.940101623535156,1000.0,0,0.0,1000.0
2026-05-21 14:15:00,59.875099182128906,1000.0,0,0.0,1000.0
2026-05-21 14:20:00,59.85499954223633,1000.0,0,0.0,1000.0
2026-05-21 14:25:00,59.880001068115234,1000.0,0,0.0,1000.0
2026-05-21 14:30:00,59.89500045776367,1000.0,0,0.0,1000.0
2026-05-21 14:35:00,59.935001373291016,1000.0,0,0.0,1000.0
2026-05-21 14:40:00,59.92499923706055,1000.0,0,0.0,1000.0
2026-05-21 14:45:00,59.89500045776367,1000.0,0,0.0,1000.0
2026-05-21 14:50:00,59.91659927368164,1000.0,0,0.0,1000.0
2026-05-21 14:55:00,59.939998626708984,1000.0,0,0.0,1000.0
2026-05-21 15:00:00,59.915000915527344,1000.0,0,0.0,1000.0
2026-05-21 15:05:00,59.875,1000.0,0,0.0,1000.0
2026-05-21 15:10:00,59.93009948730469,1000.0,0,0.0,1000.0
2026-05-21 15:15:00,59.939998626708984,1000.0,0,0.0,1000.0
2026-05-21 15:20:00,59.93980026245117,1000.0,0,0.0,1000.0
2026-05-21 15:25:00,59.939998626708984,1000.0,0,0.0,1000.0
2026-05-21 15:30:00,59.88999938964844,1000.0,0,0.0,1000.0
2026-05-21 15:35:00,59.95500183105469,1000.0,0,0.0,1000.0
2026-05-21 15:40:00,59.95140075683594,1000.0,0,0.0,1000.0
2026-05-21 15:45:00,59.98500061035156,1000.0,0,0.0,1000.0
2026-05-21 15:50:00,59.974998474121094,1000.0,0,0.0,1000.0
2026-05-21 15:55:00,59.939998626708984,1000.0,0,0.0,1000.0
2026-05-21 16:00:00,59.96500015258789,1000.0,0,0.0,1000.0
2026-05-21 16:05:00,59.9807014465332,1000.0,0,0.0,1000.0
2026-05-21 16:10:00,59.95009994506836,1000.0,0,0.0,1000.0
2026-05-21 16:15:00,59.94499969482422,1000.0,0,0.0,1000.0
2026-05-21 16:20:00,59.935001373291016,1000.0,0,0.0,1000.0
2026-05-21 16:25:00,59.93000030517578,1000.0,0,0.0,1000.0
2026-05-21 16:30:00,59.958499908447266,1000.0,0,0.0,1000.0
2026-05-21 16:35:00,59.94499969482422,1000.0,0,0.0,1000.0
2026-05-21 16:40:00,59.94660186767578,1000.0,0,0.0,1000.0
2026-05-21 16:45:00,59.9297981262207,1000.0,0,0.0,1000.0
2026-05-21 16:50:00,59.935001373291016,1000.0,0,0.0,1000.0
2026-05-21 16:55:00,59.95500183105469,1000.0,0,0.0,1000.0
2026-05-21 17:00:00,59.970001220703125,1000.0,0,0.0,1000.0
2026-05-21 17:05:00,59.97999954223633,1000.0,0,0.0,1000.0
2026-05-21 17:10:00,60.02000045776367,1000.0,0,0.0,1000.0
2026-05-21 17:15:00,60.07899856567383,1000.0,0,0.0,1000.0
2026-05-21 17:20:00,60.064998626708984,1000.0,0,0.0,1000.0
2026-05-21 17:25:00,60.064998626708984,1000.0,0,0.0,1000.0
2026-05-21 17:30:00,60.07500076293945,1000.0,0,0.0,1000.0
2026-05-21 17:35:00,60.09000015258789,1000.0,0,0.0,1000.0
2026-05-21 17:40:00,60.119998931884766,1000.0,0,0.0,1000.0
2026-05-21 17:45:00,60.1150016784668,1000.0,0,0.0,1000.0
2026-05-21 17:50:00,60.135501861572266,1000.0,0,0.0,1000.0
2026-05-21 17:55:00,60.099998474121094,1000.0,0,0.0,1000.0
2026-05-21 18:00:00,60.08000183105469,1000.0,0,0.0,1000.0
2026-05-21 18:05:00,60.099998474121094,1000.0,0,0.0,1000.0
2026-05-21 18:10:00,60.06999969482422,1000.0,0,0.0,1000.0
2026-05-21 18:15:00,60.089900970458984,1000.0,0,0.0,1000.0
2026-05-21 18:20:00,60.089900970458984,1000.0,0,0.0,1000.0
2026-05-21 18:25:00,60.08599853515625,1000.0,0,0.0,1000.0
2026-05-21 18:30:00,60.07500076293945,1000.0,0,0.0,1000.0
2026-05-21 18:35:00,60.07500076293945,1000.0,0,0.0,1000.0
2026-05-21 18:40:00,60.095001220703125,1000.0,0,0.0,1000.0
2026-05-21 18:45:00,60.05500030517578,1000.0,0,0.0,1000.0
2026-05-21 18:50:00,59.97999954223633,1000.0,0,0.0,1000.0
2026-05-21 18:55:00,59.994998931884766,1000.0,0,0.0,1000.0
2026-05-21 19:00:00,60.03499984741211,1000.0,0,0.0,1000.0
2026-05-21 19:05:00,60.04990005493164,1000.0,0,0.0,1000.0
2026-05-21 19:10:00,60.05500030517578,1000.0,0,0.0,1000.0
2026-05-21 19:15:00,60.07500076293945,1000.0,0,0.0,1000.0
2026-05-21 19:20:00,60.06999969482422,1000.0,0,0.0,1000.0
2026-05-21 19:25:00,60.06999969482422,1000.0,0,0.0,1000.0
2026-05-21 19:30:00,60.060001373291016,1000.0,0,0.0,1000.0
2026-05-21 19:35:00,60.084999084472656,1000.0,0,0.0,1000.0
2026-05-21 19:40:00,60.080101013183594,1000.0,0,0.0,1000.0
2026-05-21 19:45:00,60.084999084472656,1000.0,0,0.0,1000.0
2026-05-21 19:50:00,60.084999084472656,1000.0,0,0.0,1000.0
2026-05-21 19:55:00,60.11000061035156,1000.0,0,0.0,1000.0
2026-05-22 13:30:00,60.2599983215332,1000.0,0,0.0,1000.0
2026-05-22 13:35:00,60.28499984741211,1000.0,0,0.0,1000.0
2026-05-22 13:40:00,60.25,1000.0,0,0.0,1000.0
2026-05-22 13:45:00,60.23500061035156,1000.0,0,0.0,1000.0
2026-05-22 13:50:00,60.2400016784668,1000.0,0,0.0,1000.0
2026-05-22 13:55:00,60.2400016784668,1000.0,0,0.0,1000.0
2026-05-22 14:00:00,60.20500183105469,1000.0,0,0.0,1000.0
2026-05-22 14:05:00,60.205101013183594,1000.0,0,0.0,1000.0
2026-05-22 14:10:00,60.20009994506836,1000.0,0,0.0,1000.0
2026-05-22 14:15:00,60.19499969482422,1000.0,0,0.0,1000.0
2026-05-22 14:20:00,60.165000915527344,1000.0,0,0.0,1000.0
2026-05-22 14:25:00,60.20000076293945,1000.0,0,0.0,1000.0
2026-05-22 14:30:00,60.220001220703125,1000.0,0,0.0,1000.0
2026-05-22 14:35:00,60.23500061035156,1000.0,0,0.0,1000.0
2026-05-22 14:40:00,60.249900817871094,1000.0,0,0.0,1000.0
2026-05-22 14:45:00,60.255001068115234,1000.0,0,0.0,1000.0
2026-05-22 14:50:00,60.244998931884766,1000.0,0,0.0,1000.0
2026-05-22 14:55:00,60.255001068115234,1000.0,0,0.0,1000.0
2026-05-22 15:00:00,60.275001525878906,1000.0,0,0.0,1000.0
2026-05-22 15:05:00,60.28499984741211,1000.0,0,0.0,1000.0
2026-05-22 15:10:00,60.28340148925781,1000.0,0,0.0,1000.0
2026-05-22 15:15:00,60.28990173339844,1000.0,0,0.0,1000.0
2026-05-22 15:20:00,60.28499984741211,1000.0,0,0.0,1000.0
2026-05-22 15:25:00,60.29499816894531,1000.0,0,0.0,1000.0
2026-05-22 15:30:00,60.29499816894531,1000.0,0,0.0,1000.0
2026-05-22 15:35:00,60.29050064086914,1000.0,0,0.0,1000.0
2026-05-22 15:40:00,60.28499984741211,1000.0,0,0.0,1000.0
2026-05-22 15:45:00,60.26499938964844,1000.0,0,0.0,1000.0
2026-05-22 15:50:00,60.275001525878906,1000.0,0,0.0,1000.0
2026-05-22 15:55:00,60.27989959716797,1000.0,0,0.0,1000.0
2026-05-22 16:00:00,60.27989959716797,1000.0,0,0.0,1000.0
2026-05-22 16:05:00,60.275001525878906,1000.0,0,0.0,1000.0
2026-05-22 16:10:00,60.275001525878906,1000.0,0,0.0,1000.0
2026-05-22 16:15:00,60.255001068115234,1000.0,0,0.0,1000.0
2026-05-22 16:20:00,60.25,1000.0,0,0.0,1000.0
2026-05-22 16:25:00,60.26499938964844,1000.0,0,0.0,1000.0
2026-05-22 16:30:00,60.2598991394043,1000.0,0,0.0,1000.0
2026-05-22 16:35:00,60.259700775146484,1000.0,0,0.0,1000.0
2026-05-22 16:40:00,60.255001068115234,1000.0,0,0.0,1000.0
2026-05-22 16:45:00,60.2599983215332,1000.0,0,0.0,1000.0
2026-05-22 16:50:00,60.26499938964844,1000.0,0,0.0,1000.0
2026-05-22 16:55:00,60.27009963989258,1000.0,0,0.0,1000.0
2026-05-22 17:00:00,60.28499984741211,1000.0,0,0.0,1000.0
2026-05-22 17:05:00,60.29499816894531,1000.0,0,0.0,1000.0
2026-05-22 17:10:00,60.30500030517578,1000.0,0,0.0,1000.0
2026-05-22 17:15:00,60.275001525878906,1000.0,0,0.0,1000.0
2026-05-22 17:20:00,60.279998779296875,1000.0,0,0.0,1000.0
2026-05-22 17:25:00,60.30500030517578,1000.0,0,0.0,1000.0
2026-05-22 17:30:00,60.28499984741211,1000.0,0,0.0,1000.0
2026-05-22 17:35:00,60.30500030517578,1000.0,0,0.0,1000.0
2026-05-22 17:40:00,60.29499816894531,1000.0,0,0.0,1000.0
2026-05-22 17:45:00,60.29499816894531,1000.0,0,0.0,1000.0
2026-05-22 17:50:00,60.275001525878906,1000.0,0,0.0,1000.0
2026-05-22 17:55:00,60.28499984741211,1000.0,0,0.0,1000.0
2026-05-22 18:00:00,60.27840042114258,1000.0,0,0.0,1000.0
2026-05-22 18:05:00,60.28499984741211,1000.0,0,0.0,1000.0
2026-05-22 18:10:00,60.27399826049805,1000.0,0,0.0,1000.0
2026-05-22 18:15:00,60.27050018310547,1000.0,0,0.0,1000.0
2026-05-22 18:20:00,60.279998779296875,1000.0,0,0.0,1000.0
2026-05-22 18:25:00,60.27989959716797,1000.0,0,0.0,1000.0
2026-05-22 18:30:00,60.26499938964844,1000.0,0,0.0,1000.0
2026-05-22 18:35:00,60.26499938964844,1000.0,0,0.0,1000.0
2026-05-22 18:40:00,60.279998779296875,1000.0,0,0.0,1000.0
2026-05-22 18:45:00,60.2599983215332,1000.0,0,0.0,1000.0
2026-05-22 18:50:00,60.275001525878906,1000.0,0,0.0,1000.0
2026-05-22 18:55:00,60.26499938964844,1000.0,0,0.0,1000.0
2026-05-22 19:00:00,60.239898681640625,1000.0,0,0.0,1000.0
2026-05-22 19:05:00,60.22999954223633,1000.0,0,0.0,1000.0
2026-05-22 19:10:00,60.224998474121094,1000.0,0,0.0,1000.0
2026-05-22 19:15:00,60.22549819946289,1000.0,0,0.0,1000.0
2026-05-22 19:20:00,60.20500183105469,1000.0,0,0.0,1000.0
2026-05-22 19:25:00,60.18550109863281,1000.0,0,0.0,1000.0
2026-05-22 19:30:00,60.20989990234375,1000.0,0,0.0,1000.0
2026-05-22 19:35:00,60.220001220703125,1000.0,0,0.0,1000.0
2026-05-22 19:40:00,60.200801849365234,1000.0,0,0.0,1000.0
2026-05-22 19:45:00,60.20000076293945,1000.0,0,0.0,1000.0
2026-05-22 19:50:00,60.19499969482422,1000.0,0,0.0,1000.0
2026-05-22 19:55:00,60.20500183105469,1000.0,0,0.0,1000.0
2026-05-26 13:30:00,60.505001068115234,1000.0,0,0.0,1000.0
2026-05-26 13:35:00,60.494998931884766,1000.0,0,0.0,1000.0
2026-05-26 13:40:00,60.55970001220703,1000.0,0,0.0,1000.0
2026-05-26 13:45:00,60.55860137939453,1000.0,0,0.0,1000.0
2026-05-26 13:50:00,60.53990173339844,1000.0,0,0.0,1000.0
2026-05-26 13:55:00,60.55500030517578,1000.0,0,0.0,1000.0
2026-05-26 14:00:00,60.54499816894531,1000.0,0,0.0,1000.0
2026-05-26 14:05:00,60.55500030517578,1000.0,0,0.0,1000.0
2026-05-26 14:10:00,60.55500030517578,1000.0,0,0.0,1000.0
2026-05-26 14:15:00,60.56999969482422,1000.0,0,0.0,1000.0
2026-05-26 14:20:00,60.58000183105469,1000.0,0,0.0,1000.0
2026-05-26 14:25:00,60.56990051269531,1000.0,0,0.0,1000.0
2026-05-26 14:30:00,60.57500076293945,1000.0,0,0.0,1000.0
2026-05-26 14:35:00,60.57899856567383,1000.0,0,0.0,1000.0
2026-05-26 14:40:00,60.56999969482422,1000.0,0,0.0,1000.0
2026-05-26 14:45:00,60.55500030517578,1000.0,0,0.0,1000.0
2026-05-26 14:50:00,60.55009841918945,1000.0,0,0.0,1000.0
2026-05-26 14:55:00,60.54499816894531,1000.0,0,0.0,1000.0
2026-05-26 15:00:00,60.525001525878906,1000.0,0,0.0,1000.0
2026-05-26 15:05:00,60.525001525878906,1000.0,0,0.0,1000.0
2026-05-26 15:10:00,60.53990173339844,1000.0,0,0.0,1000.0
2026-05-26 15:15:00,60.52000045776367,1000.0,0,0.0,1000.0
2026-05-26 15:20:00,60.519901275634766,1000.0,0,0.0,1000.0
2026-05-26 15:25:00,60.51499938964844,1000.0,0,0.0,1000.0
2026-05-26 15:30:00,60.510101318359375,1000.0,0,0.0,1000.0
2026-05-26 15:35:00,60.51499938964844,1000.0,0,0.0,1000.0
2026-05-26 15:40:00,60.505001068115234,1000.0,0,0.0,1000.0
2026-05-26 15:45:00,60.48500061035156,1000.0,0,0.0,1000.0
2026-05-26 15:50:00,60.45500183105469,1000.0,0,0.0,1000.0
2026-05-26 15:55:00,60.474998474121094,1000.0,0,0.0,1000.0
2026-05-26 16:00:00,60.51499938964844,1000.0,0,0.0,1000.0
2026-05-26 16:05:00,60.494998931884766,1000.0,0,0.0,1000.0
2026-05-26 16:10:00,60.494998931884766,1000.0,0,0.0,1000.0
2026-05-26 16:15:00,60.5099983215332,1000.0,0,0.0,1000.0
2026-05-26 16:20:00,60.519901275634766,1000.0,0,0.0,1000.0
2026-05-26 16:25:00,60.53010177612305,1000.0,0,0.0,1000.0
2026-05-26 16:30:00,60.54499816894531,1000.0,0,0.0,1000.0
2026-05-26 16:35:00,60.540000915527344,1000.0,0,0.0,1000.0
2026-05-26 16:40:00,60.518001556396484,1000.0,0,0.0,1000.0
2026-05-26 16:45:00,60.5098991394043,1000.0,0,0.0,1000.0
2026-05-26 16:50:00,60.525001525878906,1000.0,0,0.0,1000.0
2026-05-26 16:55:00,60.529998779296875,1000.0,0,0.0,1000.0
2026-05-26 17:00:00,60.53499984741211,1000.0,0,0.0,1000.0
2026-05-26 17:05:00,60.51499938964844,1000.0,0,0.0,1000.0
2026-05-26 17:10:00,60.53499984741211,1000.0,0,0.0,1000.0
2026-05-26 17:15:00,60.525001525878906,1000.0,0,0.0,1000.0
2026-05-26 17:20:00,60.51499938964844,1000.0,0,0.0,1000.0
2026-05-26 17:25:00,60.525001525878906,1000.0,0,0.0,1000.0
2026-05-26 17:30:00,60.53990173339844,1000.0,0,0.0,1000.0
2026-05-26 17:35:00,60.53499984741211,1000.0,0,0.0,1000.0
2026-05-26 17:40:00,60.53499984741211,1000.0,0,0.0,1000.0
2026-05-26 17:45:00,60.55500030517578,1000.0,0,0.0,1000.0
2026-05-26 17:50:00,60.560001373291016,1000.0,0,0.0,1000.0
2026-05-26 17:55:00,60.560001373291016,1000.0,0,0.0,1000.0
2026-05-26 18:00:00,60.564998626708984,1000.0,0,0.0,1000.0
2026-05-26 18:05:00,60.56999969482422,1000.0,0,0.0,1000.0
2026-05-26 18:10:00,60.56990051269531,1000.0,0,0.0,1000.0
2026-05-26 18:15:00,60.57500076293945,1000.0,0,0.0,1000.0
2026-05-26 18:20:00,60.584999084472656,1000.0,0,0.0,1000.0
2026-05-26 18:25:00,60.584999084472656,1000.0,0,0.0,1000.0
2026-05-26 18:30:00,60.595001220703125,1000.0,0,0.0,1000.0
2026-05-26 18:35:00,60.584999084472656,1000.0,0,0.0,1000.0
2026-05-26 18:40:00,60.579898834228516,1000.0,0,0.0,1000.0
2026-05-26 18:45:00,60.56999969482422,1000.0,0,0.0,1000.0
2026-05-26 18:50:00,60.584999084472656,1000.0,0,0.0,1000.0
2026-05-26 18:55:00,60.564998626708984,1000.0,0,0.0,1000.0
2026-05-26 19:00:00,60.57500076293945,1000.0,0,0.0,1000.0
2026-05-26 19:05:00,60.595001220703125,1000.0,0,0.0,1000.0
2026-05-26 19:10:00,60.595001220703125,1000.0,0,0.0,1000.0
2026-05-26 19:15:00,60.595001220703125,1000.0,0,0.0,1000.0
2026-05-26 19:20:00,60.595001220703125,1000.0,0,0.0,1000.0
2026-05-26 19:25:00,60.589298248291016,1000.0,0,0.0,1000.0
2026-05-26 19:30:00,60.59859848022461,1000.0,0,0.0,1000.0
2026-05-26 19:35:00,60.59299850463867,1000.0,0,0.0,1000.0
2026-05-26 19:40:00,60.600101470947266,1000.0,0,0.0,1000.0
2026-05-26 19:45:00,60.60100173950195,1000.0,0,0.0,1000.0
2026-05-26 19:50:00,60.60499954223633,1000.0,0,0.0,1000.0
2026-05-26 19:55:00,60.599998474121094,1000.0,0,0.0,1000.0
2026-05-27 13:30:00,60.75019836425781,1000.0,0,0.0,1000.0
2026-05-27 13:35:00,60.70500183105469,1000.0,0,0.0,1000.0
2026-05-27 13:40:00,60.63999938964844,1000.0,0,0.0,1000.0
2026-05-27 13:45:00,60.66910171508789,1000.0,0,0.0,1000.0
2026-05-27 13:50:00,60.70000076293945,1000.0,0,0.0,1000.0
2026-05-27 13:55:00,60.71979904174805,1000.0,0,0.0,1000.0
2026-05-27 14:00:00,60.73500061035156,1000.0,0,0.0,1000.0
2026-05-27 14:05:00,60.685001373291016,1000.0,0,0.0,1000.0
2026-05-27 14:10:00,60.685001373291016,1000.0,0,0.0,1000.0
2026-05-27 14:15:00,60.69860076904297,1000.0,0,0.0,1000.0
2026-05-27 14:20:00,60.64500045776367,1000.0,0,0.0,1000.0
2026-05-27 14:25:00,60.60499954223633,1000.0,0,0.0,1000.0
2026-05-27 14:30:00,60.625,1000.0,0,0.0,1000.0
2026-05-27 14:35:00,60.665000915527344,1000.0,0,0.0,1000.0
2026-05-27 14:40:00,60.65999984741211,1000.0,0,0.0,1000.0
2026-05-27 14:45:00,60.654998779296875,1000.0,0,0.0,1000.0
2026-05-27 14:50:00,60.665000915527344,1000.0,0,0.0,1000.0
2026-05-27 14:55:00,60.625,1000.0,0,0.0,1000.0
2026-05-27 15:00:00,60.619998931884766,1000.0,0,0.0,1000.0
2026-05-27 15:05:00,60.64500045776367,1000.0,0,0.0,1000.0
2026-05-27 15:10:00,60.650001525878906,1000.0,0,0.0,1000.0
2026-05-27 15:15:00,60.60499954223633,1000.0,0,0.0,1000.0
2026-05-27 15:20:00,60.6150016784668,1000.0,0,0.0,1000.0
2026-05-27 15:25:00,60.649898529052734,1000.0,0,0.0,1000.0
2026-05-27 15:30:00,60.654998779296875,1000.0,0,0.0,1000.0
2026-05-27 15:35:00,60.625,1000.0,0,0.0,1000.0
2026-05-27 15:40:00,60.60499954223633,1000.0,0,0.0,1000.0
2026-05-27 15:45:00,60.6150016784668,1000.0,0,0.0,1000.0
2026-05-27 15:50:00,60.62990188598633,1000.0,0,0.0,1000.0
2026-05-27 15:55:00,60.64979934692383,1000.0,0,0.0,1000.0
2026-05-27 16:00:00,60.650001525878906,1000.0,0,0.0,1000.0
2026-05-27 16:05:00,60.68000030517578,1000.0,0,0.0,1000.0
2026-05-27 16:10:00,60.694000244140625,1000.0,0,0.0,1000.0
2026-05-27 16:15:00,60.685001373291016,1000.0,0,0.0,1000.0
2026-05-27 16:20:00,60.70500183105469,1000.0,0,0.0,1000.0
2026-05-27 16:25:00,60.685001373291016,1000.0,0,0.0,1000.0
2026-05-27 16:30:00,60.685001373291016,1000.0,0,0.0,1000.0
2026-05-27 16:35:00,60.706600189208984,1000.0,0,0.0,1000.0
2026-05-27 16:40:00,60.724998474121094,1000.0,0,0.0,1000.0
2026-05-27 16:45:00,60.73550033569336,1000.0,0,0.0,1000.0
2026-05-27 16:50:00,60.7052001953125,1000.0,0,0.0,1000.0
2026-05-27 16:55:00,60.68659973144531,1000.0,0,0.0,1000.0
2026-05-27 17:00:00,60.685001373291016,1000.0,0,0.0,1000.0
2026-05-27 17:05:00,60.630001068115234,1000.0,0,0.0,1000.0
2026-05-27 17:10:00,60.63999938964844,1000.0,0,0.0,1000.0
2026-05-27 17:15:00,60.665000915527344,1000.0,0,0.0,1000.0
2026-05-27 17:20:00,60.689998626708984,1000.0,0,0.0,1000.0
2026-05-27 17:25:00,60.68989944458008,1000.0,0,0.0,1000.0
2026-05-27 17:30:00,60.685001373291016,1000.0,0,0.0,1000.0
2026-05-27 17:35:00,60.689998626708984,1000.0,0,0.0,1000.0
2026-05-27 17:40:00,60.665000915527344,1000.0,0,0.0,1000.0
2026-05-27 17:45:00,60.66999816894531,1000.0,0,0.0,1000.0
2026-05-27 17:50:00,60.69990158081055,1000.0,0,0.0,1000.0
2026-05-27 17:55:00,60.69499969482422,1000.0,0,0.0,1000.0
2026-05-27 18:00:00,60.70000076293945,1000.0,0,0.0,1000.0
2026-05-27 18:05:00,60.71039962768555,1000.0,0,0.0,1000.0
2026-05-27 18:10:00,60.70500183105469,1000.0,0,0.0,1000.0
2026-05-27 18:15:00,60.724998474121094,1000.0,0,0.0,1000.0
2026-05-27 18:20:00,60.75,1000.0,0,0.0,1000.0
2026-05-27 18:25:00,60.755001068115234,1000.0,0,0.0,1000.0
2026-05-27 18:30:00,60.755001068115234,1000.0,0,0.0,1000.0
2026-05-27 18:35:00,60.75,1000.0,0,0.0,1000.0
2026-05-27 18:40:00,60.7599983215332,1000.0,0,0.0,1000.0
2026-05-27 18:45:00,60.75299835205078,1000.0,0,0.0,1000.0
2026-05-27 18:50:00,60.755001068115234,1000.0,0,0.0,1000.0
2026-05-27 18:55:00,60.755001068115234,1000.0,0,0.0,1000.0
2026-05-27 19:00:00,60.76499938964844,1000.0,0,0.0,1000.0
2026-05-27 19:05:00,60.76499938964844,1000.0,0,0.0,1000.0
2026-05-27 19:10:00,60.76499938964844,1000.0,0,0.0,1000.0
2026-05-27 19:15:00,60.76499938964844,1000.0,0,0.0,1000.0
2026-05-27 19:20:00,60.77000045776367,1000.0,0,0.0,1000.0
2026-05-27 19:25:00,60.744998931884766,1000.0,0,0.0,1000.0
2026-05-27 19:30:00,60.75559997558594,1000.0,0,0.0,1000.0
2026-05-27 19:35:00,60.77000045776367,1000.0,0,0.0,1000.0
2026-05-27 19:40:00,60.77989959716797,1000.0,0,0.0,1000.0
2026-05-27 19:45:00,60.76860046386719,1000.0,0,0.0,1000.0
2026-05-27 19:50:00,60.7599983215332,1000.0,0,0.0,1000.0
2026-05-27 19:55:00,60.7599983215332,1000.0,0,0.0,1000.0
2026-05-28 13:30:00,60.7599983215332,1000.0,0,0.0,1000.0
2026-05-28 13:35:00,60.744998931884766,1000.0,0,0.0,1000.0
2026-05-28 13:40:00,60.72010040283203,1000.0,0,0.0,1000.0
2026-05-28 13:45:00,60.70500183105469,1000.0,0,0.0,1000.0
2026-05-28 13:50:00,60.73360061645508,1000.0,0,0.0,1000.0
2026-05-28 13:55:00,60.7599983215332,1000.0,0,0.0,1000.0
2026-05-28 14:00:00,60.779998779296875,1000.0,0,0.0,1000.0
2026-05-28 14:05:00,60.81990051269531,1000.0,0,0.0,1000.0
2026-05-28 14:10:00,60.875,1000.0,0,0.0,1000.0
2026-05-28 14:15:00,60.85499954223633,1000.0,0,0.0,1000.0
2026-05-28 14:20:00,60.83000183105469,1000.0,0,0.0,1000.0
2026-05-28 14:25:00,60.8650016784668,1000.0,0,0.0,1000.0
2026-05-28 14:30:00,60.845001220703125,1000.0,0,0.0,1000.0
2026-05-28 14:35:00,60.85499954223633,1000.0,0,0.0,1000.0
2026-05-28 14:40:00,60.869998931884766,1000.0,0,0.0,1000.0
2026-05-28 14:45:00,60.849998474121094,1000.0,0,0.0,1000.0
2026-05-28 14:50:00,60.86009979248047,1000.0,0,0.0,1000.0
2026-05-28 14:55:00,60.875,1000.0,0,0.0,1000.0
2026-05-28 15:00:00,60.904998779296875,1000.0,0,0.0,1000.0
2026-05-28 15:05:00,60.915000915527344,1000.0,0,0.0,1000.0
2026-05-28 15:10:00,60.9015998840332,1000.0,0,0.0,1000.0
2026-05-28 15:15:00,60.915000915527344,1000.0,0,0.0,1000.0
2026-05-28 15:20:00,60.915000915527344,1000.0,0,0.0,1000.0
2026-05-28 15:25:00,60.935001373291016,1000.0,0,0.0,1000.0
2026-05-28 15:30:00,60.939998626708984,1000.0,0,0.0,1000.0
2026-05-28 15:35:00,60.935001373291016,1000.0,0,0.0,1000.0
2026-05-28 15:40:00,60.91550064086914,1000.0,0,0.0,1000.0
2026-05-28 15:45:00,60.904998779296875,1000.0,0,0.0,1000.0
2026-05-28 15:50:00,60.919898986816406,1000.0,0,0.0,1000.0
2026-05-28 15:55:00,60.915000915527344,1000.0,0,0.0,1000.0
2026-05-28 16:00:00,60.904998779296875,1000.0,0,0.0,1000.0
2026-05-28 16:05:00,60.915000915527344,1000.0,0,0.0,1000.0
2026-05-28 16:10:00,60.92499923706055,1000.0,0,0.0,1000.0
2026-05-28 16:15:00,60.935001373291016,1000.0,0,0.0,1000.0
2026-05-28 16:20:00,60.94350051879883,1000.0,0,0.0,1000.0
2026-05-28 16:25:00,60.9463005065918,1000.0,0,0.0,1000.0
2026-05-28 16:30:00,60.935001373291016,1000.0,0,0.0,1000.0
2026-05-28 16:35:00,60.935001373291016,1000.0,0,0.0,1000.0
2026-05-28 16:40:00,60.94499969482422,1000.0,0,0.0,1000.0
2026-05-28 16:45:00,60.94499969482422,1000.0,0,0.0,1000.0
2026-05-28 16:50:00,60.94499969482422,1000.0,0,0.0,1000.0
2026-05-28 16:55:00,60.95500183105469,1000.0,0,0.0,1000.0
2026-05-28 17:00:00,60.9640007019043,1000.0,0,0.0,1000.0
2026-05-28 17:05:00,60.96500015258789,1000.0,0,0.0,1000.0
2026-05-28 17:10:00,60.95500183105469,1000.0,0,0.0,1000.0
2026-05-28 17:15:00,60.94499969482422,1000.0,0,0.0,1000.0
2026-05-28 17:20:00,60.959999084472656,1000.0,0,0.0,1000.0
2026-05-28 17:25:00,60.940101623535156,1000.0,0,0.0,1000.0
2026-05-28 17:30:00,60.935001373291016,1000.0,0,0.0,1000.0
2026-05-28 17:35:00,60.95989990234375,1000.0,0,0.0,1000.0
2026-05-28 17:40:00,60.96630096435547,1000.0,0,0.0,1000.0
2026-05-28 17:45:00,60.974998474121094,1000.0,0,0.0,1000.0
2026-05-28 17:50:00,60.98500061035156,1000.0,0,0.0,1000.0
2026-05-28 17:55:00,60.97090148925781,1000.0,0,0.0,1000.0
2026-05-28 18:00:00,60.989898681640625,1000.0,0,0.0,1000.0
2026-05-28 18:05:00,60.980098724365234,1000.0,0,0.0,1000.0
2026-05-28 18:10:00,60.96500015258789,1000.0,0,0.0,1000.0
2026-05-28 18:15:00,60.96500015258789,1000.0,0,0.0,1000.0
2026-05-28 18:20:00,60.970001220703125,1000.0,0,0.0,1000.0
2026-05-28 18:25:00,60.97999954223633,1000.0,0,0.0,1000.0
2026-05-28 18:30:00,60.96500015258789,1000.0,0,0.0,1000.0
2026-05-28 18:35:00,60.959800720214844,1000.0,0,0.0,1000.0
2026-05-28 18:40:00,60.959598541259766,1000.0,0,0.0,1000.0
2026-05-28 18:45:00,60.94499969482422,1000.0,0,0.0,1000.0
2026-05-28 18:50:00,60.96900177001953,1000.0,0,0.0,1000.0
2026-05-28 18:55:00,60.95500183105469,1000.0,0,0.0,1000.0
2026-05-28 19:00:00,60.96500015258789,1000.0,0,0.0,1000.0
2026-05-28 19:05:00,60.96500015258789,1000.0,0,0.0,1000.0
2026-05-28 19:10:00,60.95000076293945,1000.0,0,0.0,1000.0
2026-05-28 19:15:00,60.94499969482422,1000.0,0,0.0,1000.0
2026-05-28 19:20:00,60.94499969482422,1000.0,0,0.0,1000.0
2026-05-28 19:25:00,60.95009994506836,1000.0,0,0.0,1000.0
2026-05-28 19:30:00,60.96500015258789,1000.0,0,0.0,1000.0
2026-05-28 19:35:00,60.97990036010742,1000.0,0,0.0,1000.0
2026-05-28 19:40:00,60.96500015258789,1000.0,0,0.0,1000.0
2026-05-28 19:45:00,60.96009826660156,1000.0,0,0.0,1000.0
2026-05-28 19:50:00,60.94499969482422,1000.0,0,0.0,1000.0
2026-05-28 19:55:00,60.939998626708984,1000.0,0,0.0,1000.0
2026-05-29 13:30:00,61.05139923095703,1000.0,0,0.0,1000.0
2026-05-29 13:35:00,61.084999084472656,1000.0,0,0.0,1000.0
2026-05-29 13:40:00,61.109901428222656,1000.0,0,0.0,1000.0
2026-05-29 13:45:00,61.125,1000.0,0,0.0,1000.0
2026-05-29 13:50:00,61.14500045776367,1000.0,0,0.0,1000.0
2026-05-29 13:55:00,61.154998779296875,1000.0,0,0.0,1000.0
2026-05-29 14:00:00,61.150001525878906,1000.0,0,0.0,1000.0
2026-05-29 14:05:00,61.1349983215332,1000.0,0,0.0,1000.0
2026-05-29 14:10:00,61.1349983215332,1000.0,0,0.0,1000.0
2026-05-29 14:15:00,61.10499954223633,1000.0,0,0.0,1000.0
2026-05-29 14:20:00,61.095001220703125,1000.0,0,0.0,1000.0
2026-05-29 14:25:00,61.084999084472656,1000.0,0,0.0,1000.0
2026-05-29 14:30:00,61.10499954223633,1000.0,0,0.0,1000.0
2026-05-29 14:35:00,61.060001373291016,1000.0,0,0.0,1000.0
2026-05-29 14:40:00,61.00559997558594,1000.0,0,0.0,1000.0
2026-05-29 14:45:00,61.025001525878906,1000.0,0,0.0,1000.0
2026-05-29 14:50:00,61.05500030517578,1000.0,0,0.0,1000.0
2026-05-29 14:55:00,61.064998626708984,1000.0,0,0.0,1000.0
2026-05-29 15:00:00,61.07500076293945,1000.0,0,0.0,1000.0
2026-05-29 15:05:00,61.07609939575195,1000.0,0,0.0,1000.0
2026-05-29 15:10:00,61.1150016784668,1000.0,0,0.0,1000.0
2026-05-29 15:15:00,61.09550094604492,1000.0,0,0.0,1000.0
2026-05-29 15:20:00,61.084999084472656,1000.0,0,0.0,1000.0
2026-05-29 15:25:00,61.09000015258789,1000.0,0,0.0,1000.0
2026-05-29 15:30:00,61.095001220703125,1000.0,0,0.0,1000.0
2026-05-29 15:35:00,61.095001220703125,1000.0,0,0.0,1000.0
2026-05-29 15:40:00,61.07500076293945,1000.0,0,0.0,1000.0
2026-05-29 15:45:00,61.07500076293945,1000.0,0,0.0,1000.0
2026-05-29 15:50:00,61.07500076293945,1000.0,0,0.0,1000.0
2026-05-29 15:55:00,61.06669998168945,1000.0,0,0.0,1000.0
2026-05-29 16:00:00,61.095001220703125,1000.0,0,0.0,1000.0
2026-05-29 16:05:00,61.1150016784668,1000.0,0,0.0,1000.0
2026-05-29 16:10:00,61.12990188598633,1000.0,0,0.0,1000.0
2026-05-29 16:15:00,61.10499954223633,1000.0,0,0.0,1000.0
2026-05-29 16:20:00,61.1150016784668,1000.0,0,0.0,1000.0
2026-05-29 16:25:00,61.10499954223633,1000.0,0,0.0,1000.0
2026-05-29 16:30:00,61.10499954223633,1000.0,0,0.0,1000.0
2026-05-29 16:35:00,61.1150016784668,1000.0,0,0.0,1000.0
2026-05-29 16:40:00,61.1150016784668,1000.0,0,0.0,1000.0
2026-05-29 16:45:00,61.1150016784668,1000.0,0,0.0,1000.0
2026-05-29 16:50:00,61.09989929199219,1000.0,0,0.0,1000.0
2026-05-29 16:55:00,61.099998474121094,1000.0,0,0.0,1000.0
2026-05-29 17:00:00,61.10499954223633,1000.0,0,0.0,1000.0
2026-05-29 17:05:00,61.10499954223633,1000.0,0,0.0,1000.0
2026-05-29 17:10:00,61.10499954223633,1000.0,0,0.0,1000.0
2026-05-29 17:15:00,61.09989929199219,1000.0,0,0.0,1000.0
2026-05-29 17:20:00,61.084999084472656,1000.0,0,0.0,1000.0
2026-05-29 17:25:00,61.07500076293945,1000.0,0,0.0,1000.0
2026-05-29 17:30:00,61.06999969482422,1000.0,0,0.0,1000.0
2026-05-29 17:35:00,61.079898834228516,1000.0,0,0.0,1000.0
2026-05-29 17:40:00,61.06990051269531,1000.0,0,0.0,1000.0
2026-05-29 17:45:00,61.0614013671875,1000.0,0,0.0,1000.0
2026-05-29 17:50:00,61.06990051269531,1000.0,0,0.0,1000.0
2026-05-29 17:55:00,61.040000915527344,1000.0,0,0.0,1000.0
2026-05-29 18:00:00,61.05630111694336,1000.0,0,0.0,1000.0
2026-05-29 18:05:00,61.069801330566406,1000.0,0,0.0,1000.0
2026-05-29 18:10:00,61.060001373291016,1000.0,0,0.0,1000.0
2026-05-29 18:15:00,61.064998626708984,1000.0,0,0.0,1000.0
2026-05-29 18:20:00,61.074501037597656,1000.0,0,0.0,1000.0
2026-05-29 18:25:00,61.08000183105469,1000.0,0,0.0,1000.0
2026-05-29 18:30:00,61.095001220703125,1000.0,0,0.0,1000.0
2026-05-29 18:35:00,61.07500076293945,1000.0,0,0.0,1000.0
2026-05-29 18:40:00,61.084999084472656,1000.0,0,0.0,1000.0
2026-05-29 18:45:00,61.064998626708984,1000.0,0,0.0,1000.0
2026-05-29 18:50:00,61.04499816894531,1000.0,0,0.0,1000.0
2026-05-29 18:55:00,61.03499984741211,1000.0,0,0.0,1000.0
2026-05-29 19:00:00,61.05500030517578,1000.0,0,0.0,1000.0
2026-05-29 19:05:00,61.064998626708984,1000.0,0,0.0,1000.0
2026-05-29 19:10:00,61.07500076293945,1000.0,0,0.0,1000.0
2026-05-29 19:15:00,61.07500076293945,1000.0,0,0.0,1000.0
2026-05-29 19:20:00,61.08000183105469,1000.0,0,0.0,1000.0
2026-05-29 19:25:00,61.09000015258789,1000.0,0,0.0,1000.0
2026-05-29 19:30:00,61.10580062866211,1000.0,0,0.0,1000.0
2026-05-29 19:35:00,61.119998931884766,1000.0,0,0.0,1000.0
2026-05-29 19:40:00,61.1349983215332,1000.0,0,0.0,1000.0
2026-05-29 19:45:00,61.13990020751953,1000.0,0,0.0,1000.0
2026-05-29 19:50:00,61.154998779296875,1000.0,0,0.0,1000.0
2026-05-29 19:55:00,61.150001525878906,1000.0,0,0.0,1000.0
2026-06-01 13:30:00,60.60499954223633,1000.0,0,0.0,1000.0
2026-06-01 13:35:00,60.631099700927734,1000.0,0,0.0,1000.0
2026-06-01 13:40:00,60.6150016784668,1000.0,0,0.0,1000.0
2026-06-01 13:45:00,60.630001068115234,1000.0,0,0.0,1000.0
2026-06-01 13:50:00,60.59859848022461,1000.0,0,0.0,1000.0
2026-06-01 13:55:00,60.53499984741211,1000.0,0,0.0,1000.0
2026-06-01 14:00:00,60.54010009765625,1000.0,0,0.0,1000.0
2026-06-01 14:05:00,60.595001220703125,1000.0,0,0.0,1000.0
2026-06-01 14:10:00,60.59000015258789,1000.0,0,0.0,1000.0
2026-06-01 14:15:00,60.584999084472656,1000.0,0,0.0,1000.0
2026-06-01 14:20:00,60.625,1000.0,0,0.0,1000.0
2026-06-01 14:25:00,60.60499954223633,1000.0,0,0.0,1000.0
2026-06-01 14:30:00,60.630001068115234,1000.0,0,0.0,1000.0
2026-06-01 14:35:00,60.6150016784668,1000.0,0,0.0,1000.0
2026-06-01 14:40:00,60.625,1000.0,0,0.0,1000.0
2026-06-01 14:45:00,60.6245002746582,1000.0,0,0.0,1000.0
2026-06-01 14:50:00,60.6349983215332,1000.0,0,0.0,1000.0
2026-06-01 14:55:00,60.6349983215332,1000.0,0,0.0,1000.0
2026-06-01 15:00:00,60.625099182128906,1000.0,0,0.0,1000.0
2026-06-01 15:05:00,60.6260986328125,1000.0,0,0.0,1000.0
2026-06-01 15:10:00,60.6349983215332,1000.0,0,0.0,1000.0
2026-06-01 15:15:00,60.6599006652832,1000.0,0,0.0,1000.0
2026-06-01 15:20:00,60.654998779296875,1000.0,0,0.0,1000.0
2026-06-01 15:25:00,60.654998779296875,1000.0,0,0.0,1000.0
2026-06-01 15:30:00,60.685001373291016,1000.0,0,0.0,1000.0
2026-06-01 15:35:00,60.67499923706055,1000.0,0,0.0,1000.0
2026-06-01 15:40:00,60.67499923706055,1000.0,0,0.0,1000.0
2026-06-01 15:45:00,60.665000915527344,1000.0,0,0.0,1000.0
2026-06-01 15:50:00,60.67499923706055,1000.0,0,0.0,1000.0
2026-06-01 15:55:00,60.654998779296875,1000.0,0,0.0,1000.0
2026-06-01 16:00:00,60.665000915527344,1000.0,0,0.0,1000.0
2026-06-01 16:05:00,60.65549850463867,1000.0,0,0.0,1000.0
2026-06-01 16:10:00,60.64500045776367,1000.0,0,0.0,1000.0
2026-06-01 16:15:00,60.650001525878906,1000.0,0,0.0,1000.0
2026-06-01 16:20:00,60.65999984741211,1000.0,0,0.0,1000.0
2026-06-01 16:25:00,60.683799743652344,1000.0,0,0.0,1000.0
2026-06-01 16:30:00,60.69499969482422,1000.0,0,0.0,1000.0
2026-06-01 16:35:00,60.690101623535156,1000.0,0,0.0,1000.0
2026-06-01 16:40:00,60.69499969482422,1000.0,0,0.0,1000.0
2026-06-01 16:45:00,60.68000030517578,1000.0,0,0.0,1000.0
2026-06-01 16:50:00,60.71500015258789,1000.0,0,0.0,1000.0
2026-06-01 16:55:00,60.7244987487793,1000.0,0,0.0,1000.0
2026-06-01 17:00:00,60.70500183105469,1000.0,0,0.0,1000.0
2026-06-01 17:05:00,60.69499969482422,1000.0,0,0.0,1000.0
2026-06-01 17:10:00,60.70500183105469,1000.0,0,0.0,1000.0
2026-06-01 17:15:00,60.70000076293945,1000.0,0,0.0,1000.0
2026-06-01 17:20:00,60.71500015258789,1000.0,0,0.0,1000.0
2026-06-01 17:25:00,60.7400016784668,1000.0,0,0.0,1000.0
2026-06-01 17:30:00,60.720001220703125,1000.0,0,0.0,1000.0
2026-06-01 17:35:00,60.7400016784668,1000.0,0,0.0,1000.0
2026-06-01 17:40:00,60.755001068115234,1000.0,0,0.0,1000.0
2026-06-01 17:45:00,60.76499938964844,1000.0,0,0.0,1000.0
2026-06-01 17:50:00,60.78499984741211,1000.0,0,0.0,1000.0
2026-06-01 17:55:00,60.775001525878906,1000.0,0,0.0,1000.0
2026-06-01 18:00:00,60.77989959716797,1000.0,0,0.0,1000.0
2026-06-01 18:05:00,60.77989959716797,1000.0,0,0.0,1000.0
2026-06-01 18:10:00,60.7599983215332,1000.0,0,0.0,1000.0
2026-06-01 18:15:00,60.76499938964844,1000.0,0,0.0,1000.0
2026-06-01 18:20:00,60.767398834228516,1000.0,0,0.0,1000.0
2026-06-01 18:25:00,60.76499938964844,1000.0,0,0.0,1000.0
2026-06-01 18:30:00,60.76449966430664,1000.0,0,0.0,1000.0
2026-06-01 18:35:00,60.755001068115234,1000.0,0,0.0,1000.0
2026-06-01 18:40:00,60.76449966430664,1000.0,0,0.0,1000.0
2026-06-01 18:45:00,60.755001068115234,1000.0,0,0.0,1000.0
2026-06-01 18:50:00,60.755001068115234,1000.0,0,0.0,1000.0
2026-06-01 18:55:00,60.755001068115234,1000.0,0,0.0,1000.0
2026-06-01 19:00:00,60.7599983215332,1000.0,0,0.0,1000.0
2026-06-01 19:05:00,60.755001068115234,1000.0,0,0.0,1000.0
2026-06-01 19:10:00,60.76499938964844,1000.0,0,0.0,1000.0
2026-06-01 19:15:00,60.755001068115234,1000.0,0,0.0,1000.0
2026-06-01 19:20:00,60.755001068115234,1000.0,0,0.0,1000.0
2026-06-01 19:25:00,60.75,1000.0,0,0.0,1000.0
2026-06-01 19:30:00,60.724998474121094,1000.0,0,0.0,1000.0
2026-06-01 19:35:00,60.724998474121094,1000.0,0,0.0,1000.0
2026-06-01 19:40:00,60.71500015258789,1000.0,0,0.0,1000.0
2026-06-01 19:45:00,60.69499969482422,1000.0,0,0.0,1000.0
2026-06-01 19:50:00,60.689998626708984,1000.0,0,0.0,1000.0
2026-06-01 19:55:00,60.689998626708984,1000.0,0,0.0,1000.0
2026-06-02 13:30:00,60.70859909057617,1000.0,0,0.0,1000.0
2026-06-02 13:35:00,60.709999084472656,1000.0,0,0.0,1000.0
2026-06-02 13:40:00,60.73500061035156,1000.0,0,0.0,1000.0
2026-06-02 13:45:00,60.78499984741211,1000.0,0,0.0,1000.0
2026-06-02 13:50:00,60.80009841918945,1000.0,0,0.0,1000.0
2026-06-02 13:55:00,60.82500076293945,1000.0,0,0.0,1000.0
2026-06-02 14:00:00,60.814998626708984,1000.0,0,0.0,1000.0
2026-06-02 14:05:00,60.82500076293945,1000.0,0,0.0,1000.0
2026-06-02 14:10:00,60.845001220703125,1000.0,0,0.0,1000.0
2026-06-02 14:15:00,60.82500076293945,1000.0,0,0.0,1000.0
2026-06-02 14:20:00,60.775001525878906,1000.0,0,0.0,1000.0
2026-06-02 14:25:00,60.744998931884766,1000.0,0,0.0,1000.0
2026-06-02 14:30:00,60.78139877319336,1000.0,0,0.0,1000.0
2026-06-02 14:35:00,60.790000915527344,1000.0,0,0.0,1000.0
2026-06-02 14:40:00,60.79499816894531,1000.0,0,0.0,1000.0
2026-06-02 14:45:00,60.779998779296875,1000.0,0,0.0,1000.0
2026-06-02 14:50:00,60.78499984741211,1000.0,0,0.0,1000.0
2026-06-02 14:55:00,60.78499984741211,1000.0,0,0.0,1000.0
2026-06-02 15:00:00,60.775001525878906,1000.0,0,0.0,1000.0
2026-06-02 15:05:00,60.80500030517578,1000.0,0,0.0,1000.0
2026-06-02 15:10:00,60.82500076293945,1000.0,0,0.0,1000.0
2026-06-02 15:15:00,60.82339859008789,1000.0,0,0.0,1000.0
2026-06-02 15:20:00,60.814998626708984,1000.0,0,0.0,1000.0
2026-06-02 15:25:00,60.81999969482422,1000.0,0,0.0,1000.0
2026-06-02 15:30:00,60.82500076293945,1000.0,0,0.0,1000.0
2026-06-02 15:35:00,60.820098876953125,1000.0,0,0.0,1000.0
2026-06-02 15:40:00,60.816001892089844,1000.0,0,0.0,1000.0
2026-06-02 15:45:00,60.79999923706055,1000.0,0,0.0,1000.0
2026-06-02 15:50:00,60.814998626708984,1000.0,0,0.0,1000.0
2026-06-02 15:55:00,60.82500076293945,1000.0,0,0.0,1000.0
2026-06-02 16:00:00,60.80500030517578,1000.0,0,0.0,1000.0
2026-06-02 16:05:00,60.82500076293945,1000.0,0,0.0,1000.0
2026-06-02 16:10:00,60.82500076293945,1000.0,0,0.0,1000.0
2026-06-02 16:15:00,60.80500030517578,1000.0,0,0.0,1000.0
2026-06-02 16:20:00,60.814998626708984,1000.0,0,0.0,1000.0
2026-06-02 16:25:00,60.79499816894531,1000.0,0,0.0,1000.0
2026-06-02 16:30:00,60.809898376464844,1000.0,0,0.0,1000.0
2026-06-02 16:35:00,60.79600143432617,1000.0,0,0.0,1000.0
2026-06-02 16:40:00,60.80500030517578,1000.0,0,0.0,1000.0
2026-06-02 16:45:00,60.814998626708984,1000.0,0,0.0,1000.0
2026-06-02 16:50:00,60.82979965209961,1000.0,0,0.0,1000.0
2026-06-02 16:55:00,60.830101013183594,1000.0,0,0.0,1000.0
2026-06-02 17:00:00,60.83549880981445,1000.0,0,0.0,1000.0
2026-06-02 17:05:00,60.834999084472656,1000.0,0,0.0,1000.0
2026-06-02 17:10:00,60.834999084472656,1000.0,0,0.0,1000.0
2026-06-02 17:15:00,60.80780029296875,1000.0,0,0.0,1000.0
2026-06-02 17:20:00,60.79629898071289,1000.0,0,0.0,1000.0
2026-06-02 17:25:00,60.79499816894531,1000.0,0,0.0,1000.0
2026-06-02 17:30:00,60.79859924316406,1000.0,0,0.0,1000.0
2026-06-02 17:35:00,60.7859001159668,1000.0,0,0.0,1000.0
2026-06-02 17:40:00,60.79499816894531,1000.0,0,0.0,1000.0
2026-06-02 17:45:00,60.79499816894531,1000.0,0,0.0,1000.0
2026-06-02 17:50:00,60.80500030517578,1000.0,0,0.0,1000.0
2026-06-02 17:55:00,60.7952995300293,1000.0,0,0.0,1000.0
2026-06-02 18:00:00,60.79629898071289,1000.0,0,0.0,1000.0
2026-06-02 18:05:00,60.80500030517578,1000.0,0,0.0,1000.0
2026-06-02 18:10:00,60.82500076293945,1000.0,0,0.0,1000.0
2026-06-02 18:15:00,60.81589889526367,1000.0,0,0.0,1000.0
2026-06-02 18:20:00,60.81420135498047,1000.0,0,0.0,1000.0
2026-06-02 18:25:00,60.81159973144531,1000.0,0,0.0,1000.0
2026-06-02 18:30:00,60.8120002746582,1000.0,0,0.0,1000.0
2026-06-02 18:35:00,60.79499816894531,1000.0,0,0.0,1000.0
2026-06-02 18:40:00,60.790000915527344,1000.0,0,0.0,1000.0
2026-06-02 18:45:00,60.80649948120117,1000.0,0,0.0,1000.0
2026-06-02 18:50:00,60.80580139160156,1000.0,0,0.0,1000.0
2026-06-02 18:55:00,60.81999969482422,1000.0,0,0.0,1000.0
2026-06-02 19:00:00,60.84000015258789,1000.0,0,0.0,1000.0
2026-06-02 19:05:00,60.834999084472656,1000.0,0,0.0,1000.0
2026-06-02 19:10:00,60.8400993347168,1000.0,0,0.0,1000.0
2026-06-02 19:15:00,60.834999084472656,1000.0,0,0.0,1000.0
2026-06-02 19:20:00,60.84989929199219,1000.0,0,0.0,1000.0
2026-06-02 19:25:00,60.834999084472656,1000.0,0,0.0,1000.0
2026-06-02 19:30:00,60.83000183105469,1000.0,0,0.0,1000.0
2026-06-02 19:35:00,60.84000015258789,1000.0,0,0.0,1000.0
2026-06-02 19:40:00,60.845001220703125,1000.0,0,0.0,1000.0
2026-06-02 19:45:00,60.85499954223633,1000.0,0,0.0,1000.0
2026-06-02 19:50:00,60.85499954223633,1000.0,0,0.0,1000.0
2026-06-02 19:55:00,60.85499954223633,1000.0,0,0.0,1000.0
2026-06-03 13:30:00,60.8849983215332,1000.0,0,0.0,1000.0
2026-06-03 13:35:00,60.88999938964844,1000.0,0,0.0,1000.0
2026-06-03 13:40:00,60.790000915527344,1000.0,0,0.0,1000.0
2026-06-03 13:45:00,60.70610046386719,1000.0,0,0.0,1000.0
2026-06-03 13:50:00,60.755001068115234,1000.0,0,0.0,1000.0
2026-06-03 13:55:00,60.744998931884766,1000.0,0,0.0,1000.0
2026-06-03 14:00:00,60.79999923706055,1000.0,0,0.0,1000.0
2026-06-03 14:05:00,60.80649948120117,1000.0,0,0.0,1000.0
2026-06-03 14:10:00,60.845001220703125,1000.0,0,0.0,1000.0
2026-06-03 14:15:00,60.849998474121094,1000.0,0,0.0,1000.0
2026-06-03 14:20:00,60.84989929199219,1000.0,0,0.0,1000.0
2026-06-03 14:25:00,60.875,1000.0,0,0.0,1000.0
2026-06-03 14:30:00,60.8650016784668,1000.0,0,0.0,1000.0
2026-06-03 14:35:00,60.86249923706055,1000.0,0,0.0,1000.0
2026-06-03 14:40:00,60.8650016784668,1000.0,0,0.0,1000.0
2026-06-03 14:45:00,60.845001220703125,1000.0,0,0.0,1000.0
2026-06-03 14:50:00,60.845001220703125,1000.0,0,0.0,1000.0
2026-06-03 14:55:00,60.81999969482422,1000.0,0,0.0,1000.0
2026-06-03 15:00:00,60.85850143432617,1000.0,0,0.0,1000.0
2026-06-03 15:05:00,60.845001220703125,1000.0,0,0.0,1000.0
2026-06-03 15:10:00,60.8400993347168,1000.0,0,0.0,1000.0
2026-06-03 15:15:00,60.84000015258789,1000.0,0,0.0,1000.0
2026-06-03 15:20:00,60.794498443603516,1000.0,0,0.0,1000.0
2026-06-03 15:25:00,60.83000183105469,1000.0,0,0.0,1000.0
2026-06-03 15:30:00,60.814998626708984,1000.0,0,0.0,1000.0
2026-06-03 15:35:00,60.8036994934082,1000.0,0,0.0,1000.0
2026-06-03 15:40:00,60.77009963989258,1000.0,0,0.0,1000.0
2026-06-03 15:45:00,60.775001525878906,1000.0,0,0.0,1000.0
2026-06-03 15:50:00,60.78010177612305,1000.0,0,0.0,1000.0
2026-06-03 15:55:00,60.775001525878906,1000.0,0,0.0,1000.0
2026-06-03 16:00:00,60.769901275634766,1000.0,0,0.0,1000.0
2026-06-03 16:05:00,60.775001525878906,1000.0,0,0.0,1000.0
2026-06-03 16:10:00,60.79499816894531,1000.0,0,0.0,1000.0
2026-06-03 16:15:00,60.76499938964844,1000.0,0,0.0,1000.0
2026-06-03 16:20:00,60.73400115966797,1000.0,0,0.0,1000.0
2026-06-03 16:25:00,60.73500061035156,1000.0,0,0.0,1000.0
2026-06-03 16:30:00,60.75590133666992,1000.0,0,0.0,1000.0
2026-06-03 16:35:00,60.724998474121094,1000.0,0,0.0,1000.0
2026-06-03 16:40:00,60.71500015258789,1000.0,0,0.0,1000.0
2026-06-03 16:45:00,60.755001068115234,1000.0,0,0.0,1000.0
2026-06-03 16:50:00,60.76499938964844,1000.0,0,0.0,1000.0
2026-06-03 16:55:00,60.790000915527344,1000.0,0,0.0,1000.0
2026-06-03 17:00:00,60.755001068115234,1000.0,0,0.0,1000.0
2026-06-03 17:05:00,60.755001068115234,1000.0,0,0.0,1000.0
2026-06-03 17:10:00,60.724998474121094,1000.0,0,0.0,1000.0
2026-06-03 17:15:00,60.72010040283203,1000.0,0,0.0,1000.0
2026-06-03 17:20:00,60.744998931884766,1000.0,0,0.0,1000.0
2026-06-03 17:25:00,60.755001068115234,1000.0,0,0.0,1000.0
2026-06-03 17:30:00,60.769901275634766,1000.0,0,0.0,1000.0
2026-06-03 17:35:00,60.779998779296875,1000.0,0,0.0,1000.0
2026-06-03 17:40:00,60.79499816894531,1000.0,0,0.0,1000.0
2026-06-03 17:45:00,60.79990005493164,1000.0,0,0.0,1000.0
2026-06-03 17:50:00,60.807899475097656,1000.0,0,0.0,1000.0
2026-06-03 17:55:00,60.81990051269531,1000.0,0,0.0,1000.0
2026-06-03 18:00:00,60.814998626708984,1000.0,0,0.0,1000.0
2026-06-03 18:05:00,60.805599212646484,1000.0,0,0.0,1000.0
2026-06-03 18:10:00,60.79499816894531,1000.0,0,0.0,1000.0
2026-06-03 18:15:00,60.79499816894531,1000.0,0,0.0,1000.0
2026-06-03 18:20:00,60.81990051269531,1000.0,0,0.0,1000.0
2026-06-03 18:25:00,60.83980178833008,1000.0,0,0.0,1000.0
2026-06-03 18:30:00,60.82500076293945,1000.0,0,0.0,1000.0
2026-06-03 18:35:00,60.79999923706055,1000.0,0,0.0,1000.0
2026-06-03 18:40:00,60.814998626708984,1000.0,0,0.0,1000.0
2026-06-03 18:45:00,60.810001373291016,1000.0,0,0.0,1000.0
2026-06-03 18:50:00,60.83000183105469,1000.0,0,0.0,1000.0
2026-06-03 18:55:00,60.814998626708984,1000.0,0,0.0,1000.0
2026-06-03 19:00:00,60.80500030517578,1000.0,0,0.0,1000.0
2026-06-03 19:05:00,60.814998626708984,1000.0,0,0.0,1000.0
2026-06-03 19:10:00,60.80500030517578,1000.0,0,0.0,1000.0
2026-06-03 19:15:00,60.79999923706055,1000.0,0,0.0,1000.0
2026-06-03 19:20:00,60.78499984741211,1000.0,0,0.0,1000.0
2026-06-03 19:25:00,60.79499816894531,1000.0,0,0.0,1000.0
2026-06-03 19:30:00,60.79999923706055,1000.0,0,0.0,1000.0
2026-06-03 19:35:00,60.834999084472656,1000.0,0,0.0,1000.0
2026-06-03 19:40:00,60.84510040283203,1000.0,0,0.0,1000.0
2026-06-03 19:45:00,60.83300018310547,1000.0,0,0.0,1000.0
2026-06-03 19:50:00,60.80500030517578,1000.0,0,0.0,1000.0
2026-06-03 19:55:00,60.78499984741211,1000.0,0,0.0,1000.0
2026-06-04 13:30:00,60.55509948730469,1000.0,0,0.0,1000.0
2026-06-04 13:35:00,60.569801330566406,1000.0,0,0.0,1000.0
2026-06-04 13:40:00,60.44990158081055,1000.0,0,0.0,1000.0
2026-06-04 13:45:00,60.47880172729492,1000.0,0,0.0,1000.0
2026-06-04 13:50:00,60.48500061035156,1000.0,0,0.0,1000.0
2026-06-04 13:55:00,60.5,1000.0,0,0.0,1000.0
2026-06-04 14:00:00,60.435001373291016,1000.0,0,0.0,1000.0
2026-06-04 14:05:00,60.419898986816406,1000.0,0,0.0,1000.0
2026-06-04 14:10:00,60.525001525878906,1000.0,0,0.0,1000.0
2026-06-04 14:15:00,60.52000045776367,1000.0,0,0.0,1000.0
2026-06-04 14:20:00,60.58000183105469,1000.0,0,0.0,1000.0
2026-06-04 14:25:00,60.59170150756836,1000.0,0,0.0,1000.0
2026-06-04 14:30:00,60.59000015258789,1000.0,0,0.0,1000.0
2026-06-04 14:35:00,60.56999969482422,1000.0,0,0.0,1000.0
2026-06-04 14:40:00,60.564998626708984,1000.0,0,0.0,1000.0
2026-06-04 14:45:00,60.56999969482422,1000.0,0,0.0,1000.0
2026-06-04 14:50:00,60.595001220703125,1000.0,0,0.0,1000.0
2026-06-04 14:55:00,60.625,1000.0,0,0.0,1000.0
2026-06-04 15:00:00,60.62649917602539,1000.0,0,0.0,1000.0
2026-06-04 15:05:00,60.71540069580078,1000.0,0,0.0,1000.0
2026-06-04 15:10:00,60.71500015258789,1000.0,0,0.0,1000.0
2026-06-04 15:15:00,60.720001220703125,1000.0,0,0.0,1000.0
2026-06-04 15:20:00,60.724998474121094,1000.0,0,0.0,1000.0
2026-06-04 15:25:00,60.70500183105469,1000.0,0,0.0,1000.0
2026-06-04 15:30:00,60.70669937133789,1000.0,0,0.0,1000.0
2026-06-04 15:35:00,60.709999084472656,1000.0,0,0.0,1000.0
2026-06-04 15:40:00,60.68899917602539,1000.0,0,0.0,1000.0
2026-06-04 15:45:00,60.63999938964844,1000.0,0,0.0,1000.0
2026-06-04 15:50:00,60.685001373291016,1000.0,0,0.0,1000.0
2026-06-04 15:55:00,60.685001373291016,1000.0,0,0.0,1000.0
2026-06-04 16:00:00,60.70000076293945,1000.0,0,0.0,1000.0
2026-06-04 16:05:00,60.71500015258789,1000.0,0,0.0,1000.0
2026-06-04 16:10:00,60.71009826660156,1000.0,0,0.0,1000.0
2026-06-04 16:15:00,60.72010040283203,1000.0,0,0.0,1000.0
2026-06-04 16:20:00,60.744998931884766,1000.0,0,0.0,1000.0
2026-06-04 16:25:00,60.744998931884766,1000.0,0,0.0,1000.0
2026-06-04 16:30:00,60.71500015258789,1000.0,0,0.0,1000.0
2026-06-04 16:35:00,60.73740005493164,1000.0,0,0.0,1000.0
2026-06-04 16:40:00,60.75550079345703,1000.0,0,0.0,1000.0
2026-06-04 16:45:00,60.744998931884766,1000.0,0,0.0,1000.0
2026-06-04 16:50:00,60.755001068115234,1000.0,0,0.0,1000.0
2026-06-04 16:55:00,60.75,1000.0,0,0.0,1000.0
2026-06-04 17:00:00,60.744998931884766,1000.0,0,0.0,1000.0
2026-06-04 17:05:00,60.7599983215332,1000.0,0,0.0,1000.0
2026-06-04 17:10:00,60.7599983215332,1000.0,0,0.0,1000.0
2026-06-04 17:15:00,60.75040054321289,1000.0,0,0.0,1000.0
2026-06-04 17:20:00,60.7599983215332,1000.0,0,0.0,1000.0
2026-06-04 17:25:00,60.78139877319336,1000.0,0,0.0,1000.0
2026-06-04 17:30:00,60.790000915527344,1000.0,0,0.0,1000.0
2026-06-04 17:35:00,60.77000045776367,1000.0,0,0.0,1000.0
2026-06-04 17:40:00,60.78499984741211,1000.0,0,0.0,1000.0
2026-06-04 17:45:00,60.79499816894531,1000.0,0,0.0,1000.0
2026-06-04 17:50:00,60.807098388671875,1000.0,0,0.0,1000.0
2026-06-04 17:55:00,60.80500030517578,1000.0,0,0.0,1000.0
2026-06-04 18:00:00,60.82500076293945,1000.0,0,0.0,1000.0
2026-06-04 18:05:00,60.83449935913086,1000.0,0,0.0,1000.0
2026-06-04 18:10:00,60.8400993347168,1000.0,0,0.0,1000.0
2026-06-04 18:15:00,60.834999084472656,1000.0,0,0.0,1000.0
2026-06-04 18:20:00,60.81999969482422,1000.0,0,0.0,1000.0
2026-06-04 18:25:00,60.834999084472656,1000.0,0,0.0,1000.0
2026-06-04 18:30:00,60.814998626708984,1000.0,0,0.0,1000.0
2026-06-04 18:35:00,60.79930114746094,1000.0,0,0.0,1000.0
2026-06-04 18:40:00,60.80500030517578,1000.0,0,0.0,1000.0
2026-06-04 18:45:00,60.81999969482422,1000.0,0,0.0,1000.0
2026-06-04 18:50:00,60.814998626708984,1000.0,0,0.0,1000.0
2026-06-04 18:55:00,60.78969955444336,1000.0,0,0.0,1000.0
2026-06-04 19:00:00,60.80500030517578,1000.0,0,0.0,1000.0
2026-06-04 19:05:00,60.80500030517578,1000.0,0,0.0,1000.0
2026-06-04 19:10:00,60.78499984741211,1000.0,0,0.0,1000.0
2026-06-04 19:15:00,60.775001525878906,1000.0,0,0.0,1000.0
2026-06-04 19:20:00,60.80649948120117,1000.0,0,0.0,1000.0
2026-06-04 19:25:00,60.81999969482422,1000.0,0,0.0,1000.0
2026-06-04 19:30:00,60.81999969482422,1000.0,0,0.0,1000.0
2026-06-04 19:35:00,60.8317985534668,1000.0,0,0.0,1000.0
2026-06-04 19:40:00,60.80500030517578,1000.0,0,0.0,1000.0
2026-06-04 19:45:00,60.799598693847656,1000.0,0,0.0,1000.0
2026-06-04 19:50:00,60.775001525878906,1000.0,0,0.0,1000.0
2026-06-04 19:55:00,60.744998931884766,1000.0,0,0.0,1000.0
2026-06-05 13:30:00,60.3400993347168,1000.0,0,0.0,1000.0
2026-06-05 13:35:00,60.289798736572266,1000.0,0,0.0,1000.0
2026-06-05 13:40:00,60.19499969482422,1000.0,0,0.0,1000.0
2026-06-05 13:45:00,60.095001220703125,1000.0,0,0.0,1000.0
2026-06-05 13:50:00,60.14889907836914,1000.0,0,0.0,1000.0
2026-06-05 13:55:00,59.98500061035156,1000.0,0,0.0,1000.0
2026-06-05 14:00:00,60.005001068115234,1000.0,0,0.0,1000.0
2026-06-05 14:05:00,60.093299865722656,1000.0,0,0.0,1000.0
2026-06-05 14:10:00,60.119998931884766,1000.0,0,0.0,1000.0
2026-06-05 14:15:00,60.22999954223633,1000.0,0,0.0,1000.0
2026-06-05 14:20:00,60.150001525878906,1000.0,0,0.0,1000.0
2026-06-05 14:25:00,60.08000183105469,1000.0,0,0.0,1000.0
2026-06-05 14:30:00,60.17679977416992,1000.0,0,0.0,1000.0
2026-06-05 14:35:00,60.17499923706055,1000.0,0,0.0,1000.0
2026-06-05 14:40:00,60.10929870605469,1000.0,0,0.0,1000.0
2026-06-05 14:45:00,60.089900970458984,1000.0,0,0.0,1000.0
2026-06-05 14:50:00,60.10499954223633,1000.0,0,0.0,1000.0
2026-06-05 14:55:00,60.12990188598633,1000.0,0,0.0,1000.0
2026-06-05 15:00:00,60.07500076293945,1000.0,0,0.0,1000.0
2026-06-05 15:05:00,60.03499984741211,1000.0,0,0.0,1000.0
2026-06-05 15:10:00,59.96500015258789,1000.0,0,0.0,1000.0
2026-06-05 15:15:00,59.98500061035156,1000.0,0,0.0,1000.0
2026-06-05 15:20:00,59.920101165771484,1000.0,0,0.0,1000.0
2026-06-05 15:25:00,59.93989944458008,1000.0,0,0.0,1000.0
2026-06-05 15:30:00,59.910301208496094,1000.0,0,0.0,1000.0
2026-06-05 15:35:00,59.84000015258789,1000.0,0,0.0,1000.0
2026-06-05 15:40:00,59.84000015258789,1000.0,0,0.0,1000.0
2026-06-05 15:45:00,59.849700927734375,1000.0,0,0.0,1000.0
2026-06-05 15:50:00,59.875099182128906,1000.0,0,0.0,1000.0
2026-06-05 15:55:00,59.8760986328125,1000.0,0,0.0,1000.0
2026-06-05 16:00:00,59.814998626708984,1000.0,0,0.0,1000.0
2026-06-05 16:05:00,59.73500061035156,1000.0,0,0.0,1000.0
2026-06-05 16:10:00,59.76649856567383,1000.0,0,0.0,1000.0
2026-06-05 16:15:00,59.670101165771484,1000.0,0,0.0,1000.0
2026-06-05 16:20:00,59.724998474121094,1000.0,0,0.0,1000.0
2026-06-05 16:25:00,59.68510055541992,1000.0,0,0.0,1000.0
2026-06-05 16:30:00,59.61000061035156,1000.0,0,0.0,1000.0
2026-06-05 16:35:00,59.595001220703125,1000.0,0,0.0,1000.0
2026-06-05 16:40:00,59.505001068115234,1000.0,0,0.0,1000.0
2026-06-05 16:45:00,59.510101318359375,1000.0,0,0.0,1000.0
2026-06-05 16:50:00,59.625,1000.0,0,0.0,1000.0
2026-06-05 16:55:00,59.595001220703125,1000.0,0,0.0,1000.0
2026-06-05 17:00:00,59.53499984741211,1000.0,0,0.0,1000.0
2026-06-05 17:05:00,59.48500061035156,1000.0,0,0.0,1000.0
2026-06-05 17:10:00,59.46760177612305,1000.0,0,0.0,1000.0
2026-06-05 17:15:00,59.474998474121094,1000.0,0,0.0,1000.0
2026-06-05 17:20:00,59.54499816894531,1000.0,0,0.0,1000.0
2026-06-05 17:25:00,59.54499816894531,1000.0,0,0.0,1000.0
2026-06-05 17:30:00,59.564998626708984,1000.0,0,0.0,1000.0
2026-06-05 17:35:00,59.6349983215332,1000.0,0,0.0,1000.0
2026-06-05 17:40:00,59.526100158691406,1000.0,0,0.0,1000.0
2026-06-05 17:45:00,59.54499816894531,1000.0,0,0.0,1000.0
2026-06-05 17:50:00,59.57500076293945,1000.0,0,0.0,1000.0
2026-06-05 17:55:00,59.6150016784668,1000.0,0,0.0,1000.0
2026-06-05 18:00:00,59.5099983215332,1000.0,0,0.0,1000.0
2026-06-05 18:05:00,59.48500061035156,1000.0,0,0.0,1000.0
2026-06-05 18:10:00,59.375,1000.0,0,0.0,1000.0
2026-06-05 18:15:00,59.29990005493164,1000.0,0,0.0,1000.0
2026-06-05 18:20:00,59.28499984741211,1000.0,0,0.0,1000.0
2026-06-05 18:25:00,59.27989959716797,1000.0,0,0.0,1000.0
2026-06-05 18:30:00,59.20989990234375,1000.0,0,0.0,1000.0
2026-06-05 18:35:00,59.179901123046875,1000.0,0,0.0,1000.0
2026-06-05 18:40:00,59.14500045776367,1000.0,0,0.0,1000.0
2026-06-05 18:45:00,59.1150016784668,1000.0,0,0.0,1000.0
2026-06-05 18:50:00,59.09859848022461,1000.0,0,0.0,1000.0
2026-06-05 18:55:00,59.185001373291016,1000.0,0,0.0,1000.0
2026-06-05 19:00:00,59.185001373291016,1000.0,0,0.0,1000.0
2026-06-05 19:05:00,59.060001373291016,1000.0,0,0.0,1000.0
2026-06-05 19:10:00,58.97999954223633,1000.0,0,0.0,1000.0
2026-06-05 19:15:00,58.880001068115234,1000.0,0,0.0,1000.0
2026-06-05 19:20:00,58.935001373291016,1000.0,0,0.0,1000.0
2026-06-05 19:25:00,59.095001220703125,1000.0,0,0.0,1000.0
2026-06-05 19:30:00,59.02000045776367,1000.0,0,0.0,1000.0
2026-06-05 19:35:00,59.095001220703125,1000.0,0,0.0,1000.0
2026-06-05 19:40:00,59.0098991394043,1000.0,0,0.0,1000.0
2026-06-05 19:45:00,59.09000015258789,1000.0,0,0.0,1000.0
2026-06-05 19:50:00,59.07500076293945,1000.0,0,0.0,1000.0
2026-06-05 19:55:00,58.89459991455078,1000.0,0,0.0,1000.0
2026-06-08 13:30:00,59.51499938964844,1000.0,0,0.0,1000.0
2026-06-08 13:35:00,59.53889846801758,1000.0,0,0.0,1000.0
2026-06-08 13:40:00,59.650001525878906,1000.0,0,0.0,1000.0
2026-06-08 13:45:00,59.619998931884766,1000.0,0,0.0,1000.0
2026-06-08 13:50:00,59.650001525878906,1000.0,0,0.0,1000.0
2026-06-08 13:55:00,59.435001373291016,1000.0,0,0.0,1000.0
2026-06-08 14:00:00,59.45500183105469,1000.0,0,0.0,1000.0
2026-06-08 14:05:00,59.584999084472656,1000.0,0,0.0,1000.0
2026-06-08 14:10:00,59.560001373291016,1000.0,0,0.0,1000.0
2026-06-08 14:15:00,59.520198822021484,1000.0,0,0.0,1000.0
2026-06-08 14:20:00,59.61000061035156,1000.0,0,0.0,1000.0
2026-06-08 14:25:00,59.66999816894531,1000.0,0,0.0,1000.0
2026-06-08 14:30:00,59.72010040283203,1000.0,0,0.0,1000.0
2026-06-08 14:35:00,59.77399826049805,1000.0,0,0.0,1000.0
2026-06-08 14:40:00,59.72999954223633,1000.0,0,0.0,1000.0
2026-06-08 14:45:00,59.83440017700195,1000.0,0,0.0,1000.0
2026-06-08 14:50:00,59.86140060424805,1000.0,0,0.0,1000.0
2026-06-08 14:55:00,59.915000915527344,1000.0,0,0.0,1000.0
2026-06-08 15:00:00,59.92499923706055,1000.0,0,0.0,1000.0
2026-06-08 15:05:00,59.96009826660156,1000.0,0,0.0,1000.0
2026-06-08 15:10:00,59.95500183105469,1000.0,0,0.0,1000.0
2026-06-08 15:15:00,59.98929977416992,1000.0,0,0.0,1000.0
2026-06-08 15:20:00,59.974998474121094,1000.0,0,0.0,1000.0
2026-06-08 15:25:00,59.84000015258789,1000.0,0,0.0,1000.0
2026-06-08 15:30:00,59.76499938964844,1000.0,0,0.0,1000.0
2026-06-08 15:35:00,59.88650131225586,1000.0,0,0.0,1000.0
2026-06-08 15:40:00,59.90999984741211,1000.0,0,0.0,1000.0
2026-06-08 15:45:00,59.880001068115234,1000.0,0,0.0,1000.0
2026-06-08 15:50:00,59.88999938964844,1000.0,0,0.0,1000.0
2026-06-08 15:55:00,59.81999969482422,1000.0,0,0.0,1000.0
2026-06-08 16:00:00,59.849998474121094,1000.0,0,0.0,1000.0
2026-06-08 16:05:00,59.834999084472656,1000.0,0,0.0,1000.0
2026-06-08 16:10:00,59.86000061035156,1000.0,0,0.0,1000.0
2026-06-08 16:15:00,59.92499923706055,1000.0,0,0.0,1000.0
2026-06-08 16:20:00,59.86009979248047,1000.0,0,0.0,1000.0
2026-06-08 16:25:00,59.80500030517578,1000.0,0,0.0,1000.0
2026-06-08 16:30:00,59.775001525878906,1000.0,0,0.0,1000.0
2026-06-08 16:35:00,59.7599983215332,1000.0,0,0.0,1000.0
2026-06-08 16:40:00,59.779998779296875,1000.0,0,0.0,1000.0
2026-06-08 16:45:00,59.81999969482422,1000.0,0,0.0,1000.0
2026-06-08 16:50:00,59.82500076293945,1000.0,0,0.0,1000.0
2026-06-08 16:55:00,59.80550003051758,1000.0,0,0.0,1000.0
2026-06-08 17:00:00,59.709999084472656,1000.0,0,0.0,1000.0
2026-06-08 17:05:00,59.7234992980957,1000.0,0,0.0,1000.0
2026-06-08 17:10:00,59.7400016784668,1000.0,0,0.0,1000.0
2026-06-08 17:15:00,59.689998626708984,1000.0,0,0.0,1000.0
2026-06-08 17:20:00,59.709999084472656,1000.0,0,0.0,1000.0
2026-06-08 17:25:00,59.81999969482422,1000.0,0,0.0,1000.0
2026-06-08 17:30:00,59.790000915527344,1000.0,0,0.0,1000.0
2026-06-08 17:35:00,59.76380157470703,1000.0,0,0.0,1000.0
2026-06-08 17:40:00,59.69499969482422,1000.0,0,0.0,1000.0
2026-06-08 17:45:00,59.779998779296875,1000.0,0,0.0,1000.0
2026-06-08 17:50:00,59.80500030517578,1000.0,0,0.0,1000.0
2026-06-08 17:55:00,59.775001525878906,1000.0,0,0.0,1000.0
2026-06-08 18:00:00,59.79499816894531,1000.0,0,0.0,1000.0
2026-06-08 18:05:00,59.814998626708984,1000.0,0,0.0,1000.0
2026-06-08 18:10:00,59.78010177612305,1000.0,0,0.0,1000.0
2026-06-08 18:15:00,59.78269958496094,1000.0,0,0.0,1000.0
2026-06-08 18:20:00,59.790000915527344,1000.0,0,0.0,1000.0
2026-06-08 18:25:00,59.80500030517578,1000.0,0,0.0,1000.0
2026-06-08 18:30:00,59.80500030517578,1000.0,0,0.0,1000.0
2026-06-08 18:35:00,59.7494010925293,1000.0,0,0.0,1000.0
2026-06-08 18:40:00,59.72999954223633,1000.0,0,0.0,1000.0
2026-06-08 18:45:00,59.74980163574219,1000.0,0,0.0,1000.0
2026-06-08 18:50:00,59.753299713134766,1000.0,0,0.0,1000.0
2026-06-08 18:55:00,59.739898681640625,1000.0,0,0.0,1000.0
2026-06-08 19:00:00,59.710899353027344,1000.0,0,0.0,1000.0
2026-06-08 19:05:00,59.65999984741211,1000.0,0,0.0,1000.0
2026-06-08 19:10:00,59.584999084472656,1000.0,0,0.0,1000.0
2026-06-08 19:15:00,59.57500076293945,1000.0,0,0.0,1000.0
2026-06-08 19:20:00,59.53499984741211,1000.0,0,0.0,1000.0
2026-06-08 19:25:00,59.584999084472656,1000.0,0,0.0,1000.0
2026-06-08 19:30:00,59.6239013671875,1000.0,0,0.0,1000.0
2026-06-08 19:35:00,59.60860061645508,1000.0,0,0.0,1000.0
2026-06-08 19:40:00,59.60499954223633,1000.0,0,0.0,1000.0
2026-06-08 19:45:00,59.595001220703125,1000.0,0,0.0,1000.0
2026-06-08 19:50:00,59.6150016784668,1000.0,0,0.0,1000.0
2026-06-08 19:55:00,59.625,1000.0,0,0.0,1000.0
2026-06-09 13:30:00,59.904998779296875,1000.0,0,0.0,1000.0
2026-06-09 13:35:00,59.959999084472656,1000.0,0,0.0,1000.0
2026-06-09 13:40:00,60.064998626708984,1000.0,0,0.0,1000.0
2026-06-09 13:45:00,60.15679931640625,1000.0,0,0.0,1000.0
2026-06-09 13:50:00,60.005001068115234,1000.0,0,0.0,1000.0
2026-06-09 13:55:00,59.94499969482422,1000.0,0,0.0,1000.0
2026-06-09 14:00:00,59.93790054321289,1000.0,0,0.0,1000.0
2026-06-09 14:05:00,59.89500045776367,1000.0,0,0.0,1000.0
2026-06-09 14:10:00,59.72010040283203,1000.0,0,0.0,1000.0
2026-06-09 14:15:00,59.564998626708984,1000.0,0,0.0,1000.0
2026-06-09 14:20:00,59.69990158081055,1000.0,0,0.0,1000.0
2026-06-09 14:25:00,59.595001220703125,1000.0,0,0.0,1000.0
2026-06-09 14:30:00,59.599998474121094,1000.0,0,0.0,1000.0
2026-06-09 14:35:00,59.59510040283203,1000.0,0,0.0,1000.0
2026-06-09 14:40:00,59.36000061035156,1000.0,0,0.0,1000.0
2026-06-09 14:45:00,59.064998626708984,1000.0,0,0.0,1000.0
2026-06-09 14:50:00,59.20500183105469,1000.0,0,0.0,1000.0
2026-06-09 14:55:00,59.27000045776367,1000.0,0,0.0,1000.0
2026-06-09 15:00:00,59.21989822387695,1000.0,0,0.0,1000.0
2026-06-09 15:05:00,59.334999084472656,1000.0,0,0.0,1000.0
2026-06-09 15:10:00,59.29859924316406,1000.0,0,0.0,1000.0
2026-06-09 15:15:00,59.17499923706055,1000.0,0,0.0,1000.0
2026-06-09 15:20:00,58.9202995300293,1000.0,0,0.0,1000.0
2026-06-09 15:25:00,58.63999938964844,1000.0,0,0.0,1000.0
2026-06-09 15:30:00,58.62030029296875,1000.0,0,0.0,1000.0
2026-06-09 15:35:00,58.654998779296875,1000.0,0,0.0,1000.0
2026-06-09 15:40:00,58.69499969482422,1000.0,0,0.0,1000.0
2026-06-09 15:45:00,58.724998474121094,1000.0,0,0.0,1000.0
2026-06-09 15:50:00,58.619998931884766,1000.0,0,0.0,1000.0
2026-06-09 15:55:00,58.32500076293945,1000.0,0,0.0,1000.0
2026-06-09 16:00:00,58.3849983215332,1000.0,0,0.0,1000.0
2026-06-09 16:05:00,58.165000915527344,1000.0,0,0.0,1000.0
2026-06-09 16:10:00,58.18000030517578,1000.0,0,0.0,1000.0
2026-06-09 16:15:00,57.869998931884766,1000.0,0,0.0,1000.0
2026-06-09 16:20:00,57.994998931884766,1000.0,0,0.0,1000.0
2026-06-09 16:25:00,58.0099983215332,1000.0,0,0.0,1000.0
2026-06-09 16:30:00,57.94499969482422,1000.0,0,0.0,1000.0
2026-06-09 16:35:00,57.53499984741211,1000.0,0,0.0,1000.0
2026-06-09 16:40:00,57.730098724365234,1000.0,0,0.0,1000.0
2026-06-09 16:45:00,57.71500015258789,1000.0,0,0.0,1000.0
2026-06-09 16:50:00,57.56639862060547,1000.0,0,0.0,1000.0
2026-06-09 16:55:00,57.915000915527344,1000.0,0,0.0,1000.0
2026-06-09 17:00:00,58.19499969482422,1000.0,0,0.0,1000.0
2026-06-09 17:05:00,58.18000030517578,1000.0,0,0.0,1000.0
2026-06-09 17:10:00,58.250099182128906,1000.0,0,0.0,1000.0
2026-06-09 17:15:00,58.36000061035156,1000.0,0,0.0,1000.0
2026-06-09 17:20:00,58.39970016479492,1000.0,0,0.0,1000.0
2026-06-09 17:25:00,58.43000030517578,1000.0,0,0.0,1000.0
2026-06-09 17:30:00,58.529998779296875,1000.0,0,0.0,1000.0
2026-06-09 17:35:00,58.56999969482422,1000.0,0,0.0,1000.0
2026-06-09 17:40:00,58.64500045776367,1000.0,0,0.0,1000.0
2026-06-09 17:45:00,58.404998779296875,1000.0,0,0.0,1000.0
2026-06-09 17:50:00,58.51499938964844,1000.0,0,0.0,1000.0
2026-06-09 17:55:00,58.564998626708984,1000.0,0,0.0,1000.0
2026-06-09 18:00:00,58.564998626708984,1000.0,0,0.0,1000.0
2026-06-09 18:05:00,58.6598014831543,1000.0,0,0.0,1000.0
2026-06-09 18:10:00,58.6349983215332,1000.0,0,0.0,1000.0
2026-06-09 18:15:00,58.755001068115234,1000.0,0,0.0,1000.0
2026-06-09 18:20:00,58.810001373291016,1000.0,0,0.0,1000.0
2026-06-09 18:25:00,58.81999969482422,1000.0,0,0.0,1000.0
2026-06-09 18:30:00,58.8650016784668,1000.0,0,0.0,1000.0
2026-06-09 18:35:00,58.880001068115234,1000.0,0,0.0,1000.0
2026-06-09 18:40:00,58.7400016784668,1000.0,0,0.0,1000.0
2026-06-09 18:45:00,58.84000015258789,1000.0,0,0.0,1000.0
2026-06-09 18:50:00,58.8489990234375,1000.0,0,0.0,1000.0
2026-06-09 18:55:00,58.9900016784668,1000.0,0,0.0,1000.0
2026-06-09 19:00:00,59.08000183105469,1000.0,0,0.0,1000.0
2026-06-09 19:05:00,59.003700256347656,1000.0,0,0.0,1000.0
2026-06-09 19:10:00,58.814998626708984,1000.0,0,0.0,1000.0
2026-06-09 19:15:00,58.65999984741211,1000.0,0,0.0,1000.0
2026-06-09 19:20:00,58.709999084472656,1000.0,0,0.0,1000.0
2026-06-09 19:25:00,58.790000915527344,1000.0,0,0.0,1000.0
2026-06-09 19:30:00,58.8468017578125,1000.0,0,0.0,1000.0
2026-06-09 19:35:00,58.75,1000.0,0,0.0,1000.0
2026-06-09 19:40:00,58.7400016784668,1000.0,0,0.0,1000.0
2026-06-09 19:45:00,58.69499969482422,1000.0,0,0.0,1000.0
2026-06-09 19:50:00,58.939701080322266,1000.0,0,0.0,1000.0
2026-06-09 19:55:00,59.089900970458984,1000.0,0,0.0,1000.0
2026-06-10 13:30:00,58.474998474121094,1000.0,0,0.0,1000.0
2026-06-10 13:35:00,58.75,1000.0,0,0.0,1000.0
2026-06-10 13:40:00,58.96500015258789,1000.0,0,0.0,1000.0
2026-06-10 13:45:00,59.064998626708984,1000.0,0,0.0,1000.0
2026-06-10 13:50:00,58.8849983215332,1000.0,0,0.0,1000.0
2026-06-10 13:55:00,58.85139846801758,1000.0,0,0.0,1000.0
2026-06-10 14:00:00,58.96099853515625,1000.0,0,0.0,1000.0
2026-06-10 14:05:00,59.05730056762695,1000.0,0,0.0,1000.0
2026-06-10 14:10:00,58.9901008605957,1000.0,0,0.0,1000.0
2026-06-10 14:15:00,59.01499938964844,1000.0,0,0.0,1000.0
2026-06-10 14:20:00,59.220001220703125,1000.0,0,0.0,1000.0
2026-06-10 14:25:00,59.150001525878906,1000.0,0,0.0,1000.0
2026-06-10 14:30:00,59.26499938964844,1000.0,0,0.0,1000.0
2026-06-10 14:35:00,59.09989929199219,1000.0,0,0.0,1000.0
2026-06-10 14:40:00,58.99909973144531,1000.0,0,0.0,1000.0
2026-06-10 14:45:00,58.8849983215332,1000.0,0,0.0,1000.0
2026-06-10 14:50:00,58.875,1000.0,0,0.0,1000.0
2026-06-10 14:55:00,58.650001525878906,1000.0,0,0.0,1000.0
2026-06-10 15:00:00,58.63999938964844,1000.0,0,0.0,1000.0
2026-06-10 15:05:00,58.5099983215332,1000.0,0,0.0,1000.0
2026-06-10 15:10:00,58.37990188598633,1000.0,0,0.0,1000.0
2026-06-10 15:15:00,58.33000183105469,1000.0,0,0.0,1000.0
2026-06-10 15:20:00,58.525001525878906,1000.0,0,0.0,1000.0
2026-06-10 15:25:00,58.45000076293945,1000.0,0,0.0,1000.0
2026-06-10 15:30:00,58.414100646972656,1000.0,0,0.0,1000.0
2026-06-10 15:35:00,58.390098571777344,1000.0,0,0.0,1000.0
2026-06-10 15:40:00,58.54999923706055,1000.0,0,0.0,1000.0
2026-06-10 15:45:00,58.279998779296875,1000.0,0,0.0,1000.0
2026-06-10 15:50:00,58.41999816894531,1000.0,0,0.0,1000.0
2026-06-10 15:55:00,58.53499984741211,1000.0,0,0.0,1000.0
2026-06-10 16:00:00,58.4900016784668,1000.0,0,0.0,1000.0
2026-06-10 16:05:00,58.4099006652832,1000.0,0,0.0,1000.0
2026-06-10 16:10:00,58.30289840698242,1000.0,0,0.0,1000.0
2026-06-10 16:15:00,58.334999084472656,1000.0,0,0.0,1000.0
2026-06-10 16:20:00,58.28499984741211,1000.0,0,0.0,1000.0
2026-06-10 16:25:00,58.34000015258789,1000.0,0,0.0,1000.0
2026-06-10 16:30:00,58.44499969482422,1000.0,0,0.0,1000.0
2026-06-10 16:35:00,58.49660110473633,1000.0,0,0.0,1000.0
2026-06-10 16:40:00,58.380001068115234,1000.0,0,0.0,1000.0
2026-06-10 16:45:00,58.28499984741211,1000.0,0,0.0,1000.0
2026-06-10 16:50:00,58.30500030517578,1000.0,0,0.0,1000.0
2026-06-10 16:55:00,58.310001373291016,1000.0,0,0.0,1000.0
2026-06-10 17:00:00,58.3849983215332,1000.0,0,0.0,1000.0
2026-06-10 17:05:00,58.244998931884766,1000.0,0,0.0,1000.0
2026-06-10 17:10:00,58.165000915527344,1000.0,0,0.0,1000.0
2026-06-10 17:15:00,58.17499923706055,1000.0,0,0.0,1000.0
2026-06-10 17:20:00,58.22949981689453,1000.0,0,0.0,1000.0
2026-06-10 17:25:00,58.244998931884766,1000.0,0,0.0,1000.0
2026-06-10 17:30:00,58.19499969482422,1000.0,0,0.0,1000.0
2026-06-10 17:35:00,58.14500045776367,1000.0,0,0.0,1000.0
2026-06-10 17:40:00,58.125,1000.0,0,0.0,1000.0
2026-06-10 17:45:00,58.36000061035156,1000.0,0,0.0,1000.0
2026-06-10 17:50:00,58.345001220703125,1000.0,0,0.0,1000.0
2026-06-10 17:55:00,58.40999984741211,1000.0,0,0.0,1000.0
2026-06-10 18:00:00,58.505001068115234,1000.0,0,0.0,1000.0
2026-06-10 18:05:00,58.375,1000.0,0,0.0,1000.0
2026-06-10 18:10:00,58.42660140991211,1000.0,0,0.0,1000.0
2026-06-10 18:15:00,58.31999969482422,1000.0,0,0.0,1000.0
2026-06-10 18:20:00,58.32500076293945,1000.0,0,0.0,1000.0
2026-06-10 18:25:00,58.30500030517578,1000.0,0,0.0,1000.0
2026-06-10 18:30:00,58.25920104980469,1000.0,0,0.0,1000.0
2026-06-10 18:35:00,58.20000076293945,1000.0,0,0.0,1000.0
2026-06-10 18:40:00,58.20500183105469,1000.0,0,0.0,1000.0
2026-06-10 18:45:00,58.150001525878906,1000.0,0,0.0,1000.0
2026-06-10 18:50:00,58.125,1000.0,0,0.0,1000.0
2026-06-10 18:55:00,58.095001220703125,1000.0,0,0.0,1000.0
2026-06-10 19:00:00,58.1150016784668,1000.0,0,0.0,1000.0
2026-06-10 19:05:00,58.15999984741211,1000.0,0,0.0,1000.0
2026-06-10 19:10:00,58.05500030517578,1000.0,0,0.0,1000.0
2026-06-10 19:15:00,57.98500061035156,1000.0,0,0.0,1000.0
2026-06-10 19:20:00,57.974998474121094,1000.0,0,0.0,1000.0
2026-06-10 19:25:00,58.00899887084961,1000.0,0,0.0,1000.0
2026-06-10 19:30:00,58.09510040283203,1000.0,0,0.0,1000.0
2026-06-10 19:35:00,58.18000030517578,1000.0,0,0.0,1000.0
2026-06-10 19:40:00,58.1255989074707,1000.0,0,0.0,1000.0
2026-06-10 19:45:00,58.06999969482422,1000.0,0,0.0,1000.0
2026-06-10 19:50:00,58.10499954223633,1000.0,0,0.0,1000.0
2026-06-10 19:55:00,57.974998474121094,1000.0,0,0.0,1000.0
