Date,Price,Cash,Inventory,Avg_Cost,Total_Value
2026-04-29 17:40:00,423.9500122070313,1000.0,0,0.0,1000.0
2026-04-29 17:45:00,423.8500061035156,1000.0,0,0.0,1000.0
2026-04-29 17:50:00,423.5799865722656,1000.0,0,0.0,1000.0
2026-04-29 17:55:00,423.3500061035156,1000.0,0,0.0,1000.0
2026-04-29 18:00:00,422.6400146484375,1000.0,0,0.0,1000.0
2026-04-29 18:05:00,422.9085083007813,1000.0,0,0.0,1000.0
2026-04-29 18:10:00,423.0899963378906,1000.0,0,0.0,1000.0
2026-04-29 18:15:00,423.760009765625,1000.0,0,0.0,1000.0
2026-04-29 18:20:00,423.760009765625,1000.0,0,0.0,1000.0
2026-04-29 18:25:00,423.6549987792969,1000.0,0,0.0,1000.0
2026-04-29 18:30:00,423.4849853515625,1000.0,0,0.0,1000.0
2026-04-29 18:35:00,423.2349853515625,1000.0,0,0.0,1000.0
2026-04-29 18:40:00,423.6000061035156,1000.0,0,0.0,1000.0
2026-04-29 18:45:00,424.510009765625,1000.0,0,0.0,1000.0
2026-04-29 18:50:00,424.5199890136719,1000.0,0,0.0,1000.0
2026-04-29 18:55:00,424.9811096191406,1000.0,0,0.0,1000.0
2026-04-29 19:00:00,424.5299987792969,1000.0,0,0.0,1000.0
2026-04-29 19:05:00,424.2900085449219,1000.0,0,0.0,1000.0
2026-04-29 19:10:00,424.7099914550781,1000.0,0,0.0,1000.0
2026-04-29 19:15:00,424.8699951171875,1000.0,0,0.0,1000.0
2026-04-29 19:20:00,424.7929992675781,1000.0,0,0.0,1000.0
2026-04-29 19:25:00,424.9800109863281,1000.0,0,0.0,1000.0
2026-04-29 19:30:00,424.0700073242188,1000.0,0,0.0,1000.0
2026-04-29 19:35:00,424.25,1000.0,0,0.0,1000.0
2026-04-29 19:40:00,423.385009765625,1000.0,0,0.0,1000.0
2026-04-29 19:45:00,423.9299926757813,1000.0,0,0.0,1000.0
2026-04-29 19:50:00,423.6799926757813,1000.0,0,0.0,1000.0
2026-04-29 19:55:00,424.5899963378906,1000.0,0,0.0,1000.0
2026-04-30 13:30:00,410.5899963378906,1000.0,0,0.0,1000.0
2026-04-30 13:35:00,410.9198913574219,1000.0,0,0.0,1000.0
2026-04-30 13:40:00,409.7999877929688,1000.0,0,0.0,1000.0
2026-04-30 13:45:00,408.4200134277344,1000.0,0,0.0,1000.0
2026-04-30 13:50:00,404.8049926757813,1000.0,0,0.0,1000.0
2026-04-30 13:55:00,404.9450073242188,1000.0,0,0.0,1000.0
2026-04-30 14:00:00,403.4599914550781,1000.0,0,0.0,1000.0
2026-04-30 14:05:00,401.260009765625,1000.0,0,0.0,1000.0
2026-04-30 14:10:00,403.9400024414063,1000.0,0,0.0,1000.0
2026-04-30 14:15:00,402.4400024414063,1000.0,0,0.0,1000.0
2026-04-30 14:20:00,401.2698974609375,1000.0,0,0.0,1000.0
2026-04-30 14:25:00,401.6499938964844,1000.0,0,0.0,1000.0
2026-04-30 14:30:00,402.4299926757813,1000.0,0,0.0,1000.0
2026-04-30 14:35:00,401.5400085449219,1000.0,0,0.0,1000.0
2026-04-30 14:40:00,404.05999755859375,1000.0,0,0.0,1000.0
2026-04-30 14:45:00,405.0300903320313,1000.0,0,0.0,1000.0
2026-04-30 14:50:00,405.7749938964844,1000.0,0,0.0,1000.0
2026-04-30 14:55:00,406.2200012207031,1000.0,0,0.0,1000.0
2026-04-30 15:00:00,405.6400146484375,1000.0,0,0.0,1000.0
2026-04-30 15:05:00,405.1499938964844,1000.0,0,0.0,1000.0
2026-04-30 15:10:00,404.5899963378906,1000.0,0,0.0,1000.0
2026-04-30 15:15:00,404.3800048828125,1000.0,0,0.0,1000.0
2026-04-30 15:20:00,403.8349914550781,1000.0,0,0.0,1000.0
2026-04-30 15:25:00,403.0499877929688,1000.0,0,0.0,1000.0
2026-04-30 15:30:00,402.7900085449219,1000.0,0,0.0,1000.0
2026-04-30 15:35:00,401.8550109863281,1000.0,0,0.0,1000.0
2026-04-30 15:40:00,403.0450134277344,1000.0,0,0.0,1000.0
2026-04-30 15:45:00,403.4400024414063,1000.0,0,0.0,1000.0
2026-04-30 15:50:00,403.0400085449219,1000.0,0,0.0,1000.0
2026-04-30 15:55:00,402.8049926757813,1000.0,0,0.0,1000.0
2026-04-30 16:00:00,403.3250122070313,1000.0,0,0.0,1000.0
2026-04-30 16:05:00,402.6400146484375,1000.0,0,0.0,1000.0
2026-04-30 16:10:00,402.826904296875,1000.0,0,0.0,1000.0
2026-04-30 16:15:00,402.8299865722656,1000.0,0,0.0,1000.0
2026-04-30 16:20:00,402.1900024414063,1000.0,0,0.0,1000.0
2026-04-30 16:25:00,400.93499755859375,1000.0,0,0.0,1000.0
2026-04-30 16:30:00,400.9949951171875,1000.0,0,0.0,1000.0
2026-04-30 16:35:00,400.9200134277344,1000.0,0,0.0,1000.0
2026-04-30 16:40:00,400.2099914550781,1000.0,0,0.0,1000.0
2026-04-30 16:45:00,400.2699890136719,1000.0,0,0.0,1000.0
2026-04-30 16:50:00,398.9332885742188,1000.0,0,0.0,1000.0
2026-04-30 16:55:00,399.05999755859375,1000.0,0,0.0,1000.0
2026-04-30 17:00:00,399.8825073242188,1000.0,0,0.0,1000.0
2026-04-30 17:05:00,399.5549926757813,1000.0,0,0.0,1000.0
2026-04-30 17:10:00,400.2699890136719,1000.0,0,0.0,1000.0
2026-04-30 17:15:00,399.9500122070313,1000.0,0,0.0,1000.0
2026-04-30 17:20:00,400.75,1000.0,0,0.0,1000.0
2026-04-30 17:25:00,401.0199890136719,1000.0,0,0.0,1000.0
2026-04-30 17:30:00,401.4150085449219,1000.0,0,0.0,1000.0
2026-04-30 17:35:00,401.3399963378906,1000.0,0,0.0,1000.0
2026-04-30 17:40:00,401.3500061035156,1000.0,0,0.0,1000.0
2026-04-30 17:45:00,401.6099853515625,1000.0,0,0.0,1000.0
2026-04-30 17:50:00,402.1799011230469,1000.0,0,0.0,1000.0
2026-04-30 17:55:00,402.6700134277344,1000.0,0,0.0,1000.0
2026-04-30 18:00:00,404.05999755859375,1000.0,0,0.0,1000.0
2026-04-30 18:05:00,403.9750061035156,1000.0,0,0.0,1000.0
2026-04-30 18:10:00,404.5499877929688,1000.0,0,0.0,1000.0
2026-04-30 18:15:00,404.7633056640625,1000.0,0,0.0,1000.0
2026-04-30 18:20:00,404.8299865722656,1000.0,0,0.0,1000.0
2026-04-30 18:25:00,406.1549987792969,1000.0,0,0.0,1000.0
2026-04-30 18:30:00,406.6549987792969,1000.0,0,0.0,1000.0
2026-04-30 18:35:00,406.9049987792969,1000.0,0,0.0,1000.0
2026-04-30 18:40:00,407.2000122070313,1000.0,0,0.0,1000.0
2026-04-30 18:45:00,407.2149963378906,1000.0,0,0.0,1000.0
2026-04-30 18:50:00,407.1700134277344,1000.0,0,0.0,1000.0
2026-04-30 18:55:00,407.4599914550781,1000.0,0,0.0,1000.0
2026-04-30 19:00:00,407.5,1000.0,0,0.0,1000.0
2026-04-30 19:05:00,407.4299926757813,1000.0,0,0.0,1000.0
2026-04-30 19:10:00,407.135009765625,1000.0,0,0.0,1000.0
2026-04-30 19:15:00,407.1449890136719,1000.0,0,0.0,1000.0
2026-04-30 19:20:00,408.2799987792969,1000.0,0,0.0,1000.0
2026-04-30 19:25:00,408.3399963378906,1000.0,0,0.0,1000.0
2026-04-30 19:30:00,408.1799926757813,1000.0,0,0.0,1000.0
2026-04-30 19:35:00,408.610107421875,1000.0,0,0.0,1000.0
2026-04-30 19:40:00,409.2999877929688,1000.0,0,0.0,1000.0
2026-04-30 19:45:00,408.7000122070313,1000.0,0,0.0,1000.0
2026-04-30 19:50:00,410.1000061035156,1000.0,0,0.0,1000.0
2026-04-30 19:55:00,407.7799987792969,1000.0,0,0.0,1000.0
2026-05-01 13:30:00,414.6300048828125,1000.0,0,0.0,1000.0
2026-05-01 13:35:00,415.3197021484375,1000.0,0,0.0,1000.0
2026-05-01 13:40:00,413.6050109863281,1000.0,0,0.0,1000.0
2026-05-01 13:45:00,415.8800048828125,1000.0,0,0.0,1000.0
2026-05-01 13:50:00,414.7200012207031,1000.0,0,0.0,1000.0
2026-05-01 13:55:00,412.1799926757813,1000.0,0,0.0,1000.0
2026-05-01 14:00:00,411.614990234375,1000.0,0,0.0,1000.0
2026-05-01 14:05:00,412.3240051269531,1000.0,0,0.0,1000.0
2026-05-01 14:10:00,412.8200073242188,1000.0,0,0.0,1000.0
2026-05-01 14:15:00,412.1000061035156,1000.0,0,0.0,1000.0
2026-05-01 14:20:00,411.2999877929688,1000.0,0,0.0,1000.0
2026-05-01 14:25:00,412.2950134277344,1000.0,0,0.0,1000.0
2026-05-01 14:30:00,413.9049987792969,1000.0,0,0.0,1000.0
2026-05-01 14:35:00,411.6900024414063,1000.0,0,0.0,1000.0
2026-05-01 14:40:00,412.00201416015625,1000.0,0,0.0,1000.0
2026-05-01 14:45:00,413.1400146484375,1000.0,0,0.0,1000.0
2026-05-01 14:50:00,412.989990234375,1000.0,0,0.0,1000.0
2026-05-01 14:55:00,414.05999755859375,1000.0,0,0.0,1000.0
2026-05-01 15:00:00,414.135009765625,1000.0,0,0.0,1000.0
2026-05-01 15:05:00,413.5150146484375,1000.0,0,0.0,1000.0
2026-05-01 15:10:00,414.2900085449219,1000.0,0,0.0,1000.0
2026-05-01 15:15:00,413.75,1000.0,0,0.0,1000.0
2026-05-01 15:20:00,413.9400024414063,1000.0,0,0.0,1000.0
2026-05-01 15:25:00,414.5899963378906,1000.0,0,0.0,1000.0
2026-05-01 15:30:00,414.9100036621094,1000.0,0,0.0,1000.0
2026-05-01 15:35:00,415.7900085449219,1000.0,0,0.0,1000.0
2026-05-01 15:40:00,415.7040100097656,1000.0,0,0.0,1000.0
2026-05-01 15:45:00,417.010986328125,1000.0,0,0.0,1000.0
2026-05-01 15:50:00,415.6199951171875,1000.0,0,0.0,1000.0
2026-05-01 15:55:00,415.8208923339844,1000.0,0,0.0,1000.0
2026-05-01 16:00:00,415.7900085449219,1000.0,0,0.0,1000.0
2026-05-01 16:05:00,414.385009765625,1000.0,0,0.0,1000.0
2026-05-01 16:10:00,413.80999755859375,1000.0,0,0.0,1000.0
2026-05-01 16:15:00,413.7370910644531,1000.0,0,0.0,1000.0
2026-05-01 16:20:00,413.7550048828125,1000.0,0,0.0,1000.0
2026-05-01 16:25:00,414.3250122070313,1000.0,0,0.0,1000.0
2026-05-01 16:30:00,413.8699951171875,1000.0,0,0.0,1000.0
2026-05-01 16:35:00,413.9450073242188,1000.0,0,0.0,1000.0
2026-05-01 16:40:00,413.625,1000.0,0,0.0,1000.0
2026-05-01 16:45:00,413.1000061035156,1000.0,0,0.0,1000.0
2026-05-01 16:50:00,413.1900024414063,1000.0,0,0.0,1000.0
2026-05-01 16:55:00,413.2099914550781,1000.0,0,0.0,1000.0
2026-05-01 17:00:00,413.4049987792969,1000.0,0,0.0,1000.0
2026-05-01 17:05:00,413.7300109863281,1000.0,0,0.0,1000.0
2026-05-01 17:10:00,413.9500122070313,1000.0,0,0.0,1000.0
2026-05-01 17:15:00,414.2799987792969,1000.0,0,0.0,1000.0
2026-05-01 17:20:00,414.3900146484375,1000.0,0,0.0,1000.0
2026-05-01 17:25:00,414.4800109863281,1000.0,0,0.0,1000.0
2026-05-01 17:30:00,414.2001037597656,1000.0,0,0.0,1000.0
2026-05-01 17:35:00,414.4599914550781,1000.0,0,0.0,1000.0
2026-05-01 17:40:00,414.6650085449219,1000.0,0,0.0,1000.0
2026-05-01 17:45:00,414.7099914550781,1000.0,0,0.0,1000.0
2026-05-01 17:50:00,414.8550109863281,1000.0,0,0.0,1000.0
2026-05-01 17:55:00,415.2000122070313,1000.0,0,0.0,1000.0
2026-05-01 18:00:00,415.2900085449219,1000.0,0,0.0,1000.0
2026-05-01 18:05:00,415.885986328125,1000.0,0,0.0,1000.0
2026-05-01 18:10:00,415.3599853515625,1000.0,0,0.0,1000.0
2026-05-01 18:15:00,415.6199951171875,1000.0,0,0.0,1000.0
2026-05-01 18:20:00,415.9200134277344,1000.0,0,0.0,1000.0
2026-05-01 18:25:00,415.5867919921875,1000.0,0,0.0,1000.0
2026-05-01 18:30:00,415.4500122070313,1000.0,0,0.0,1000.0
2026-05-01 18:35:00,415.1300048828125,1000.0,0,0.0,1000.0
2026-05-01 18:40:00,414.9320068359375,1000.0,0,0.0,1000.0
2026-05-01 18:45:00,414.6000061035156,1000.0,0,0.0,1000.0
2026-05-01 18:50:00,414.6050109863281,1000.0,0,0.0,1000.0
2026-05-01 18:55:00,414.8999938964844,1000.0,0,0.0,1000.0
2026-05-01 19:00:00,415.2099914550781,1000.0,0,0.0,1000.0
2026-05-01 19:05:00,415.2000122070313,1000.0,0,0.0,1000.0
2026-05-01 19:10:00,415.5799865722656,1000.0,0,0.0,1000.0
2026-05-01 19:15:00,415.2000122070313,1000.0,0,0.0,1000.0
2026-05-01 19:20:00,415.55999755859375,1000.0,0,0.0,1000.0
2026-05-01 19:25:00,416.2300109863281,1000.0,0,0.0,1000.0
2026-05-01 19:30:00,416.1600036621094,1000.0,0,0.0,1000.0
2026-05-01 19:35:00,416.8200073242188,1000.0,0,0.0,1000.0
2026-05-01 19:40:00,416.2000122070313,1000.0,0,0.0,1000.0
2026-05-01 19:45:00,416.1299133300781,1000.0,0,0.0,1000.0
2026-05-01 19:50:00,414.0400085449219,1000.0,0,0.0,1000.0
2026-05-01 19:55:00,414.510009765625,1000.0,0,0.0,1000.0
2026-05-04 13:30:00,415.2254943847656,1000.0,0,0.0,1000.0
2026-05-04 13:35:00,414.6400146484375,1000.0,0,0.0,1000.0
2026-05-04 13:40:00,416.4100036621094,1000.0,0,0.0,1000.0
2026-05-04 13:45:00,418.8999938964844,1000.0,0,0.0,1000.0
2026-05-04 13:50:00,416.8399963378906,1000.0,0,0.0,1000.0
2026-05-04 13:55:00,415.8699951171875,1000.0,0,0.0,1000.0
2026-05-04 14:00:00,415.4162902832031,1000.0,0,0.0,1000.0
2026-05-04 14:05:00,415.4100036621094,1000.0,0,0.0,1000.0
2026-05-04 14:10:00,416.75,1000.0,0,0.0,1000.0
2026-05-04 14:15:00,418.9500122070313,1000.0,0,0.0,1000.0
2026-05-04 14:20:00,419.4400024414063,1000.0,0,0.0,1000.0
2026-05-04 14:25:00,419.8800048828125,1000.0,0,0.0,1000.0
2026-05-04 14:30:00,420.0398864746094,1000.0,0,0.0,1000.0
2026-05-04 14:35:00,418.9299926757813,1000.0,0,0.0,1000.0
2026-05-04 14:40:00,417.6799926757813,1000.0,0,0.0,1000.0
2026-05-04 14:45:00,418.6400146484375,1000.0,0,0.0,1000.0
2026-05-04 14:50:00,418.5700073242188,1000.0,0,0.0,1000.0
2026-05-04 14:55:00,417.3049926757813,1000.0,0,0.0,1000.0
2026-05-04 15:00:00,417.8500061035156,1000.0,0,0.0,1000.0
2026-05-04 15:05:00,417.60198974609375,1000.0,0,0.0,1000.0
2026-05-04 15:10:00,417.6950073242188,1000.0,0,0.0,1000.0
2026-05-04 15:15:00,416.25,1000.0,0,0.0,1000.0
2026-05-04 15:20:00,415.8999938964844,1000.0,0,0.0,1000.0
2026-05-04 15:25:00,415.8999938964844,1000.0,0,0.0,1000.0
2026-05-04 15:30:00,415.0899963378906,1000.0,0,0.0,1000.0
2026-05-04 15:35:00,414.3599853515625,1000.0,0,0.0,1000.0
2026-05-04 15:40:00,414.75048828125,1000.0,0,0.0,1000.0
2026-05-04 15:45:00,414.6300048828125,1000.0,0,0.0,1000.0
2026-05-04 15:50:00,415.0700073242188,1000.0,0,0.0,1000.0
2026-05-04 15:55:00,414.9750061035156,1000.0,0,0.0,1000.0
2026-05-04 16:00:00,414.7099914550781,1000.0,0,0.0,1000.0
2026-05-04 16:05:00,414.0849914550781,1000.0,0,0.0,1000.0
2026-05-04 16:10:00,414.9700012207031,1000.0,0,0.0,1000.0
2026-05-04 16:15:00,415.9500122070313,1000.0,0,0.0,1000.0
2026-05-04 16:20:00,415.8500061035156,1000.0,0,0.0,1000.0
2026-05-04 16:25:00,415.7120971679688,1000.0,0,0.0,1000.0
2026-05-04 16:30:00,416.2300109863281,1000.0,0,0.0,1000.0
2026-05-04 16:35:00,415.4700012207031,1000.0,0,0.0,1000.0
2026-05-04 16:40:00,415.6000061035156,1000.0,0,0.0,1000.0
2026-05-04 16:45:00,415.3349914550781,1000.0,0,0.0,1000.0
2026-05-04 16:50:00,414.6300048828125,1000.0,0,0.0,1000.0
2026-05-04 16:55:00,414.0400085449219,1000.0,0,0.0,1000.0
2026-05-04 17:00:00,414.3900146484375,1000.0,0,0.0,1000.0
2026-05-04 17:05:00,414.1499938964844,1000.0,0,0.0,1000.0
2026-05-04 17:10:00,413.9700012207031,1000.0,0,0.0,1000.0
2026-05-04 17:15:00,414.8298950195313,1000.0,0,0.0,1000.0
2026-05-04 17:20:00,414.7699890136719,1000.0,0,0.0,1000.0
2026-05-04 17:25:00,414.5750122070313,1000.0,0,0.0,1000.0
2026-05-04 17:30:00,414.7300109863281,1000.0,0,0.0,1000.0
2026-05-04 17:35:00,414.6300048828125,1000.0,0,0.0,1000.0
2026-05-04 17:40:00,414.8049926757813,1000.0,0,0.0,1000.0
2026-05-04 17:45:00,415.0415954589844,1000.0,0,0.0,1000.0
2026-05-04 17:50:00,415.1199951171875,1000.0,0,0.0,1000.0
2026-05-04 17:55:00,414.5400085449219,1000.0,0,0.0,1000.0
2026-05-04 18:00:00,415.3500061035156,1000.0,0,0.0,1000.0
2026-05-04 18:05:00,414.9049987792969,1000.0,0,0.0,1000.0
2026-05-04 18:10:00,414.7099914550781,1000.0,0,0.0,1000.0
2026-05-04 18:15:00,414.6507873535156,1000.0,0,0.0,1000.0
2026-05-04 18:20:00,414.6799926757813,1000.0,0,0.0,1000.0
2026-05-04 18:25:00,414.6799926757813,1000.0,0,0.0,1000.0
2026-05-04 18:30:00,414.3799133300781,1000.0,0,0.0,1000.0
2026-05-04 18:35:00,414.2349853515625,1000.0,0,0.0,1000.0
2026-05-04 18:40:00,413.7749938964844,1000.0,0,0.0,1000.0
2026-05-04 18:45:00,413.9800109863281,1000.0,0,0.0,1000.0
2026-05-04 18:50:00,413.3200073242188,1000.0,0,0.0,1000.0
2026-05-04 18:55:00,413.375,1000.0,0,0.0,1000.0
2026-05-04 19:00:00,412.6600036621094,1000.0,0,0.0,1000.0
2026-05-04 19:05:00,412.5299987792969,1000.0,0,0.0,1000.0
2026-05-04 19:10:00,412.8641052246094,1000.0,0,0.0,1000.0
2026-05-04 19:15:00,413.0869140625,1000.0,0,0.0,1000.0
2026-05-04 19:20:00,412.9049987792969,1000.0,0,0.0,1000.0
2026-05-04 19:25:00,413.1700134277344,1000.0,0,0.0,1000.0
2026-05-04 19:30:00,413.0549926757813,1000.0,0,0.0,1000.0
2026-05-04 19:35:00,413.0101013183594,1000.0,0,0.0,1000.0
2026-05-04 19:40:00,412.6400146484375,1000.0,0,0.0,1000.0
2026-05-04 19:45:00,413.010009765625,1000.0,0,0.0,1000.0
2026-05-04 19:50:00,412.5400085449219,1000.0,0,0.0,1000.0
2026-05-04 19:55:00,413.7099914550781,1000.0,0,0.0,1000.0
2026-05-05 13:30:00,414.5700073242188,1000.0,0,0.0,1000.0
2026-05-05 13:35:00,412.0,1000.0,0,0.0,1000.0
2026-05-05 13:40:00,411.2149963378906,1000.0,0,0.0,1000.0
2026-05-05 13:45:00,410.6700134277344,1000.0,0,0.0,1000.0
2026-05-05 13:50:00,411.3500061035156,1000.0,0,0.0,1000.0
2026-05-05 13:55:00,410.6499938964844,1000.0,0,0.0,1000.0
2026-05-05 14:00:00,412.0150146484375,1000.0,0,0.0,1000.0
2026-05-05 14:05:00,411.9599914550781,1000.0,0,0.0,1000.0
2026-05-05 14:10:00,410.79541015625,1000.0,0,0.0,1000.0
2026-05-05 14:15:00,409.8500061035156,1000.0,0,0.0,1000.0
2026-05-05 14:20:00,411.2550048828125,1000.0,0,0.0,1000.0
2026-05-05 14:25:00,410.6000061035156,1000.0,0,0.0,1000.0
2026-05-05 14:30:00,410.8800048828125,1000.0,0,0.0,1000.0
2026-05-05 14:35:00,410.0299987792969,1000.0,0,0.0,1000.0
2026-05-05 14:40:00,410.0499877929688,1000.0,0,0.0,1000.0
2026-05-05 14:45:00,410.8200073242188,1000.0,0,0.0,1000.0
2026-05-05 14:50:00,410.3699951171875,1000.0,0,0.0,1000.0
2026-05-05 14:55:00,410.2999877929688,1000.0,0,0.0,1000.0
2026-05-05 15:00:00,411.0799865722656,1000.0,0,0.0,1000.0
2026-05-05 15:05:00,410.7200012207031,1000.0,0,0.0,1000.0
2026-05-05 15:10:00,410.3349914550781,1000.0,0,0.0,1000.0
2026-05-05 15:15:00,410.3049926757813,1000.0,0,0.0,1000.0
2026-05-05 15:20:00,410.2999877929688,1000.0,0,0.0,1000.0
2026-05-05 15:25:00,411.2999877929688,1000.0,0,0.0,1000.0
2026-05-05 15:30:00,411.0700073242188,1000.0,0,0.0,1000.0
2026-05-05 15:35:00,410.7615051269531,1000.0,0,0.0,1000.0
2026-05-05 15:40:00,410.518310546875,1000.0,0,0.0,1000.0
2026-05-05 15:45:00,410.1449890136719,1000.0,0,0.0,1000.0
2026-05-05 15:50:00,409.3250122070313,1000.0,0,0.0,1000.0
2026-05-05 15:55:00,409.3699951171875,1000.0,0,0.0,1000.0
2026-05-05 16:00:00,409.4800109863281,1000.0,0,0.0,1000.0
2026-05-05 16:05:00,409.24169921875,1000.0,0,0.0,1000.0
2026-05-05 16:10:00,409.1799011230469,1000.0,0,0.0,1000.0
2026-05-05 16:15:00,409.1199951171875,1000.0,0,0.0,1000.0
2026-05-05 16:20:00,409.2999877929688,1000.0,0,0.0,1000.0
2026-05-05 16:25:00,409.7799987792969,1000.0,0,0.0,1000.0
2026-05-05 16:30:00,409.7699890136719,1000.0,0,0.0,1000.0
2026-05-05 16:35:00,410.0150146484375,1000.0,0,0.0,1000.0
2026-05-05 16:40:00,410.1011962890625,1000.0,0,0.0,1000.0
2026-05-05 16:45:00,409.6116943359375,1000.0,0,0.0,1000.0
2026-05-05 16:50:00,409.6199951171875,1000.0,0,0.0,1000.0
2026-05-05 16:55:00,409.7099914550781,1000.0,0,0.0,1000.0
2026-05-05 17:00:00,409.4949951171875,1000.0,0,0.0,1000.0
2026-05-05 17:05:00,409.2000122070313,1000.0,0,0.0,1000.0
2026-05-05 17:10:00,409.2204895019531,1000.0,0,0.0,1000.0
2026-05-05 17:15:00,409.1099853515625,1000.0,0,0.0,1000.0
2026-05-05 17:20:00,409.7699890136719,1000.0,0,0.0,1000.0
2026-05-05 17:25:00,410.1449890136719,1000.0,0,0.0,1000.0
2026-05-05 17:30:00,409.8550109863281,1000.0,0,0.0,1000.0
2026-05-05 17:35:00,410.1749877929688,1000.0,0,0.0,1000.0
2026-05-05 17:40:00,410.760009765625,1000.0,0,0.0,1000.0
2026-05-05 17:45:00,410.5199890136719,1000.0,0,0.0,1000.0
2026-05-05 17:50:00,410.8250122070313,1000.0,0,0.0,1000.0
2026-05-05 17:55:00,410.260009765625,1000.0,0,0.0,1000.0
2026-05-05 18:00:00,410.489990234375,1000.0,0,0.0,1000.0
2026-05-05 18:05:00,410.4400024414063,1000.0,0,0.0,1000.0
2026-05-05 18:10:00,410.54730224609375,1000.0,0,0.0,1000.0
2026-05-05 18:15:00,410.4000854492188,1000.0,0,0.0,1000.0
2026-05-05 18:20:00,410.2149963378906,1000.0,0,0.0,1000.0
2026-05-05 18:25:00,410.0,1000.0,0,0.0,1000.0
2026-05-05 18:30:00,409.8389892578125,1000.0,0,0.0,1000.0
2026-05-05 18:35:00,409.8999938964844,1000.0,0,0.0,1000.0
2026-05-05 18:40:00,410.7101135253906,1000.0,0,0.0,1000.0
2026-05-05 18:45:00,411.2200012207031,1000.0,0,0.0,1000.0
2026-05-05 18:50:00,411.0799865722656,1000.0,0,0.0,1000.0
2026-05-05 18:55:00,411.0600891113281,1000.0,0,0.0,1000.0
2026-05-05 19:00:00,411.2699890136719,1000.0,0,0.0,1000.0
2026-05-05 19:05:00,411.6000061035156,1000.0,0,0.0,1000.0
2026-05-05 19:10:00,412.3150024414063,1000.0,0,0.0,1000.0
2026-05-05 19:15:00,412.8250122070313,1000.0,0,0.0,1000.0
2026-05-05 19:20:00,413.2699890136719,1000.0,0,0.0,1000.0
2026-05-05 19:25:00,412.6000061035156,1000.0,0,0.0,1000.0
2026-05-05 19:30:00,412.1000061035156,1000.0,0,0.0,1000.0
2026-05-05 19:35:00,412.1749877929688,1000.0,0,0.0,1000.0
2026-05-05 19:40:00,412.1700134277344,1000.0,0,0.0,1000.0
2026-05-05 19:45:00,411.9049987792969,1000.0,0,0.0,1000.0
2026-05-05 19:50:00,412.1600036621094,1000.0,0,0.0,1000.0
2026-05-05 19:55:00,411.2699890136719,1000.0,0,0.0,1000.0
2026-05-06 13:30:00,406.2999877929688,1000.0,0,0.0,1000.0
2026-05-06 13:35:00,406.6449890136719,1000.0,0,0.0,1000.0
2026-05-06 13:40:00,407.2799987792969,1000.0,0,0.0,1000.0
2026-05-06 13:45:00,407.2900085449219,1000.0,0,0.0,1000.0
2026-05-06 13:50:00,409.2701110839844,1000.0,0,0.0,1000.0
2026-05-06 13:55:00,409.8949890136719,1000.0,0,0.0,1000.0
2026-05-06 14:00:00,410.3500061035156,1000.0,0,0.0,1000.0
2026-05-06 14:05:00,410.8800048828125,1000.0,0,0.0,1000.0
2026-05-06 14:10:00,412.0299987792969,1000.0,0,0.0,1000.0
2026-05-06 14:15:00,413.0610046386719,1000.0,0,0.0,1000.0
2026-05-06 14:20:00,414.1300048828125,1000.0,0,0.0,1000.0
2026-05-06 14:25:00,416.0263977050781,1000.0,0,0.0,1000.0
2026-05-06 14:30:00,417.53900146484375,1000.0,0,0.0,1000.0
2026-05-06 14:35:00,416.5956115722656,1000.0,0,0.0,1000.0
2026-05-06 14:40:00,416.1749877929688,1000.0,0,0.0,1000.0
2026-05-06 14:45:00,415.82958984375,1000.0,0,0.0,1000.0
2026-05-06 14:50:00,414.80999755859375,1000.0,0,0.0,1000.0
2026-05-06 14:55:00,414.9400024414063,1000.0,0,0.0,1000.0
2026-05-06 15:00:00,414.1650085449219,1000.0,0,0.0,1000.0
2026-05-06 15:05:00,414.7300109863281,1000.0,0,0.0,1000.0
2026-05-06 15:10:00,414.1700134277344,1000.0,0,0.0,1000.0
2026-05-06 15:15:00,413.909912109375,1000.0,0,0.0,1000.0
2026-05-06 15:20:00,413.5899963378906,1000.0,0,0.0,1000.0
2026-05-06 15:25:00,413.4100036621094,1000.0,0,0.0,1000.0
2026-05-06 15:30:00,413.9200134277344,1000.0,0,0.0,1000.0
2026-05-06 15:35:00,414.6799926757813,1000.0,0,0.0,1000.0
2026-05-06 15:40:00,414.9114074707031,1000.0,0,0.0,1000.0
2026-05-06 15:45:00,415.9400024414063,1000.0,0,0.0,1000.0
2026-05-06 15:50:00,414.739990234375,1000.0,0,0.0,1000.0
2026-05-06 15:55:00,415.2066955566406,1000.0,0,0.0,1000.0
2026-05-06 16:00:00,415.2049865722656,1000.0,0,0.0,1000.0
2026-05-06 16:05:00,415.3150024414063,1000.0,0,0.0,1000.0
2026-05-06 16:10:00,414.8692932128906,1000.0,0,0.0,1000.0
2026-05-06 16:15:00,415.0300903320313,1000.0,0,0.0,1000.0
2026-05-06 16:20:00,414.2900085449219,1000.0,0,0.0,1000.0
2026-05-06 16:25:00,414.1980895996094,1000.0,0,0.0,1000.0
2026-05-06 16:30:00,413.1300048828125,1000.0,0,0.0,1000.0
2026-05-06 16:35:00,412.6799011230469,1000.0,0,0.0,1000.0
2026-05-06 16:40:00,412.9139099121094,1000.0,0,0.0,1000.0
2026-05-06 16:45:00,413.1099853515625,1000.0,0,0.0,1000.0
2026-05-06 16:50:00,412.4750061035156,1000.0,0,0.0,1000.0
2026-05-06 16:55:00,412.610107421875,1000.0,0,0.0,1000.0
2026-05-06 17:00:00,412.7349853515625,1000.0,0,0.0,1000.0
2026-05-06 17:05:00,412.9400024414063,1000.0,0,0.0,1000.0
2026-05-06 17:10:00,413.1900024414063,1000.0,0,0.0,1000.0
2026-05-06 17:15:00,413.1549987792969,1000.0,0,0.0,1000.0
2026-05-06 17:20:00,413.31451416015625,1000.0,0,0.0,1000.0
2026-05-06 17:25:00,413.4500122070313,1000.0,0,0.0,1000.0
2026-05-06 17:30:00,413.1950073242188,1000.0,0,0.0,1000.0
2026-05-06 17:35:00,412.3599853515625,1000.0,0,0.0,1000.0
2026-05-06 17:40:00,412.8699951171875,1000.0,0,0.0,1000.0
2026-05-06 17:45:00,413.2000122070313,1000.0,0,0.0,1000.0
2026-05-06 17:50:00,412.4400024414063,1000.0,0,0.0,1000.0
2026-05-06 17:55:00,412.55999755859375,1000.0,0,0.0,1000.0
2026-05-06 18:00:00,412.5539855957031,1000.0,0,0.0,1000.0
2026-05-06 18:05:00,413.3049926757813,1000.0,0,0.0,1000.0
2026-05-06 18:10:00,413.6600036621094,1000.0,0,0.0,1000.0
2026-05-06 18:15:00,413.7999877929688,1000.0,0,0.0,1000.0
2026-05-06 18:20:00,413.9219055175781,1000.0,0,0.0,1000.0
2026-05-06 18:25:00,413.8550109863281,1000.0,0,0.0,1000.0
2026-05-06 18:30:00,413.7149963378906,1000.0,0,0.0,1000.0
2026-05-06 18:35:00,413.8500061035156,1000.0,0,0.0,1000.0
2026-05-06 18:40:00,413.4200134277344,1000.0,0,0.0,1000.0
2026-05-06 18:45:00,413.4500122070313,1000.0,0,0.0,1000.0
2026-05-06 18:50:00,413.5365905761719,1000.0,0,0.0,1000.0
2026-05-06 18:55:00,413.364990234375,1000.0,0,0.0,1000.0
2026-05-06 19:00:00,413.3500061035156,1000.0,0,0.0,1000.0
2026-05-06 19:05:00,413.5299987792969,1000.0,0,0.0,1000.0
2026-05-06 19:10:00,413.9500122070313,1000.0,0,0.0,1000.0
2026-05-06 19:15:00,414.0054931640625,1000.0,0,0.0,1000.0
2026-05-06 19:20:00,413.71099853515625,1000.0,0,0.0,1000.0
2026-05-06 19:25:00,413.2749938964844,1000.0,0,0.0,1000.0
2026-05-06 19:30:00,412.8699951171875,1000.0,0,0.0,1000.0
2026-05-06 19:35:00,413.2149963378906,1000.0,0,0.0,1000.0
2026-05-06 19:40:00,413.09130859375,1000.0,0,0.0,1000.0
2026-05-06 19:45:00,413.3821105957031,1000.0,0,0.0,1000.0
2026-05-06 19:50:00,414.1400146484375,1000.0,0,0.0,1000.0
2026-05-06 19:55:00,413.760009765625,1000.0,0,0.0,1000.0
2026-05-07 13:30:00,421.4599914550781,1000.0,0,0.0,1000.0
2026-05-07 13:35:00,424.8299865722656,1000.0,0,0.0,1000.0
2026-05-07 13:40:00,426.2999877929688,1000.0,0,0.0,1000.0
2026-05-07 13:45:00,424.864990234375,1000.0,0,0.0,1000.0
2026-05-07 13:50:00,423.6700134277344,1000.0,0,0.0,1000.0
2026-05-07 13:55:00,424.2000122070313,1000.0,0,0.0,1000.0
2026-05-07 14:00:00,424.552001953125,1000.0,0,0.0,1000.0
2026-05-07 14:05:00,424.5282897949219,1000.0,0,0.0,1000.0
2026-05-07 14:10:00,424.10009765625,1000.0,0,0.0,1000.0
2026-05-07 14:15:00,423.9800109863281,1000.0,0,0.0,1000.0
2026-05-07 14:20:00,423.1400146484375,1000.0,0,0.0,1000.0
2026-05-07 14:25:00,424.2449951171875,1000.0,0,0.0,1000.0
2026-05-07 14:30:00,423.6950988769531,1000.0,0,0.0,1000.0
2026-05-07 14:35:00,423.5849914550781,1000.0,0,0.0,1000.0
2026-05-07 14:40:00,423.7999877929688,1000.0,0,0.0,1000.0
2026-05-07 14:45:00,424.5700073242188,1000.0,0,0.0,1000.0
2026-05-07 14:50:00,424.9849853515625,1000.0,0,0.0,1000.0
2026-05-07 14:55:00,425.8349914550781,1000.0,0,0.0,1000.0
2026-05-07 15:00:00,425.1499938964844,1000.0,0,0.0,1000.0
2026-05-07 15:05:00,425.510009765625,1000.0,0,0.0,1000.0
2026-05-07 15:10:00,425.75,1000.0,0,0.0,1000.0
2026-05-07 15:15:00,426.2309875488281,1000.0,0,0.0,1000.0
2026-05-07 15:20:00,425.6400146484375,1000.0,0,0.0,1000.0
2026-05-07 15:25:00,424.5499877929688,1000.0,0,0.0,1000.0
2026-05-07 15:30:00,425.889892578125,1000.0,0,0.0,1000.0
2026-05-07 15:35:00,424.9200134277344,1000.0,0,0.0,1000.0
2026-05-07 15:40:00,425.3399963378906,1000.0,0,0.0,1000.0
2026-05-07 15:45:00,426.3125,1000.0,0,0.0,1000.0
2026-05-07 15:50:00,426.1600036621094,1000.0,0,0.0,1000.0
2026-05-07 15:55:00,425.3999938964844,1000.0,0,0.0,1000.0
2026-05-07 16:00:00,424.7799987792969,1000.0,0,0.0,1000.0
2026-05-07 16:05:00,424.4939880371094,1000.0,0,0.0,1000.0
2026-05-07 16:10:00,423.760009765625,1000.0,0,0.0,1000.0
2026-05-07 16:15:00,423.5700073242188,1000.0,0,0.0,1000.0
2026-05-07 16:20:00,424.0036926269531,1000.0,0,0.0,1000.0
2026-05-07 16:25:00,424.885009765625,1000.0,0,0.0,1000.0
2026-05-07 16:30:00,424.4800109863281,1000.0,0,0.0,1000.0
2026-05-07 16:35:00,423.9100036621094,1000.0,0,0.0,1000.0
2026-05-07 16:40:00,423.0501098632813,1000.0,0,0.0,1000.0
2026-05-07 16:45:00,422.0799865722656,1000.0,0,0.0,1000.0
2026-05-07 16:50:00,421.6449890136719,1000.0,0,0.0,1000.0
2026-05-07 16:55:00,421.2699890136719,1000.0,0,0.0,1000.0
2026-05-07 17:00:00,421.3550109863281,1000.0,0,0.0,1000.0
2026-05-07 17:05:00,422.3599853515625,1000.0,0,0.0,1000.0
2026-05-07 17:10:00,422.6860046386719,1000.0,0,0.0,1000.0
2026-05-07 17:15:00,421.5150146484375,1000.0,0,0.0,1000.0
2026-05-07 17:20:00,421.8349914550781,1000.0,0,0.0,1000.0
2026-05-07 17:25:00,421.2091979980469,1000.0,0,0.0,1000.0
2026-05-07 17:30:00,421.0299987792969,1000.0,0,0.0,1000.0
2026-05-07 17:35:00,421.5700988769531,1000.0,0,0.0,1000.0
2026-05-07 17:40:00,421.385009765625,1000.0,0,0.0,1000.0
2026-05-07 17:45:00,421.1112060546875,1000.0,0,0.0,1000.0
2026-05-07 17:50:00,420.7699890136719,1000.0,0,0.0,1000.0
2026-05-07 17:55:00,421.9299926757813,1000.0,0,0.0,1000.0
2026-05-07 18:00:00,421.3699951171875,1000.0,0,0.0,1000.0
2026-05-07 18:05:00,421.8999938964844,1000.0,0,0.0,1000.0
2026-05-07 18:10:00,422.0050048828125,1000.0,0,0.0,1000.0
2026-05-07 18:15:00,422.4549865722656,1000.0,0,0.0,1000.0
2026-05-07 18:20:00,423.1549987792969,1000.0,0,0.0,1000.0
2026-05-07 18:25:00,423.1900024414063,1000.0,0,0.0,1000.0
2026-05-07 18:30:00,424.2200012207031,1000.0,0,0.0,1000.0
2026-05-07 18:35:00,424.0799865722656,1000.0,0,0.0,1000.0
2026-05-07 18:40:00,422.2250061035156,1000.0,0,0.0,1000.0
2026-05-07 18:45:00,422.0849914550781,1000.0,0,0.0,1000.0
2026-05-07 18:50:00,422.8999938964844,1000.0,0,0.0,1000.0
2026-05-07 18:55:00,422.9500122070313,1000.0,0,0.0,1000.0
2026-05-07 19:00:00,423.4200134277344,1000.0,0,0.0,1000.0
2026-05-07 19:05:00,422.7999877929688,1000.0,0,0.0,1000.0
2026-05-07 19:10:00,422.760009765625,1000.0,0,0.0,1000.0
2026-05-07 19:15:00,421.3599853515625,1000.0,0,0.0,1000.0
2026-05-07 19:20:00,421.4150085449219,1000.0,0,0.0,1000.0
2026-05-07 19:25:00,421.49749755859375,1000.0,0,0.0,1000.0
2026-05-07 19:30:00,421.75,1000.0,0,0.0,1000.0
2026-05-07 19:35:00,421.75,1000.0,0,0.0,1000.0
2026-05-07 19:40:00,421.3500061035156,1000.0,0,0.0,1000.0
2026-05-07 19:45:00,420.5899963378906,1000.0,0,0.0,1000.0
2026-05-07 19:50:00,420.5799865722656,1000.0,0,0.0,1000.0
2026-05-07 19:55:00,420.989990234375,1000.0,0,0.0,1000.0
2026-05-08 13:30:00,417.3699951171875,1000.0,0,0.0,1000.0
2026-05-08 13:35:00,416.3150024414063,1000.0,0,0.0,1000.0
2026-05-08 13:40:00,416.6099853515625,1000.0,0,0.0,1000.0
2026-05-08 13:45:00,418.1470947265625,1000.0,0,0.0,1000.0
2026-05-08 13:50:00,415.9100036621094,1000.0,0,0.0,1000.0
2026-05-08 13:55:00,416.3999938964844,1000.0,0,0.0,1000.0
2026-05-08 14:00:00,416.8250122070313,1000.0,0,0.0,1000.0
2026-05-08 14:05:00,416.30218505859375,1000.0,0,0.0,1000.0
2026-05-08 14:10:00,416.9400024414063,1000.0,0,0.0,1000.0
2026-05-08 14:15:00,416.9450073242188,1000.0,0,0.0,1000.0
2026-05-08 14:20:00,417.0199890136719,1000.0,0,0.0,1000.0
2026-05-08 14:25:00,415.8299865722656,1000.0,0,0.0,1000.0
2026-05-08 14:30:00,415.1900024414063,1000.0,0,0.0,1000.0
2026-05-08 14:35:00,414.8800048828125,1000.0,0,0.0,1000.0
2026-05-08 14:40:00,414.9100036621094,1000.0,0,0.0,1000.0
2026-05-08 14:45:00,415.3494873046875,1000.0,0,0.0,1000.0
2026-05-08 14:50:00,415.7449951171875,1000.0,0,0.0,1000.0
2026-05-08 14:55:00,416.4200134277344,1000.0,0,0.0,1000.0
2026-05-08 15:00:00,416.864990234375,1000.0,0,0.0,1000.0
2026-05-08 15:05:00,416.5130920410156,1000.0,0,0.0,1000.0
2026-05-08 15:10:00,417.0150146484375,1000.0,0,0.0,1000.0
2026-05-08 15:15:00,416.3299865722656,1000.0,0,0.0,1000.0
2026-05-08 15:20:00,416.0299987792969,1000.0,0,0.0,1000.0
2026-05-08 15:25:00,416.9200134277344,1000.0,0,0.0,1000.0
2026-05-08 15:30:00,415.9299926757813,1000.0,0,0.0,1000.0
2026-05-08 15:35:00,416.8399963378906,1000.0,0,0.0,1000.0
2026-05-08 15:40:00,416.8500061035156,1000.0,0,0.0,1000.0
2026-05-08 15:45:00,416.7799987792969,1000.0,0,0.0,1000.0
2026-05-08 15:50:00,415.9883117675781,1000.0,0,0.0,1000.0
2026-05-08 15:55:00,415.989990234375,1000.0,0,0.0,1000.0
2026-05-08 16:00:00,415.739990234375,1000.0,0,0.0,1000.0
2026-05-08 16:05:00,416.1050109863281,1000.0,0,0.0,1000.0
2026-05-08 16:10:00,416.3900146484375,1000.0,0,0.0,1000.0
2026-05-08 16:15:00,416.1400146484375,1000.0,0,0.0,1000.0
2026-05-08 16:20:00,416.1199951171875,1000.0,0,0.0,1000.0
2026-05-08 16:25:00,415.8200073242188,1000.0,0,0.0,1000.0
2026-05-08 16:30:00,415.7049865722656,1000.0,0,0.0,1000.0
2026-05-08 16:35:00,415.6495056152344,1000.0,0,0.0,1000.0
2026-05-08 16:40:00,415.7962951660156,1000.0,0,0.0,1000.0
2026-05-08 16:45:00,416.6700134277344,1000.0,0,0.0,1000.0
2026-05-08 16:50:00,416.5935974121094,1000.0,0,0.0,1000.0
2026-05-08 16:55:00,416.2900085449219,1000.0,0,0.0,1000.0
2026-05-08 17:00:00,416.1900024414063,1000.0,0,0.0,1000.0
2026-05-08 17:05:00,416.2200012207031,1000.0,0,0.0,1000.0
2026-05-08 17:10:00,416.6180114746094,1000.0,0,0.0,1000.0
2026-05-08 17:15:00,417.1099853515625,1000.0,0,0.0,1000.0
2026-05-08 17:20:00,416.9100036621094,1000.0,0,0.0,1000.0
2026-05-08 17:25:00,417.2000122070313,1000.0,0,0.0,1000.0
2026-05-08 17:30:00,416.80999755859375,1000.0,0,0.0,1000.0
2026-05-08 17:35:00,416.30999755859375,1000.0,0,0.0,1000.0
2026-05-08 17:40:00,416.1025085449219,1000.0,0,0.0,1000.0
2026-05-08 17:45:00,415.8500061035156,1000.0,0,0.0,1000.0
2026-05-08 17:50:00,415.80999755859375,1000.0,0,0.0,1000.0
2026-05-08 17:55:00,415.7950134277344,1000.0,0,0.0,1000.0
2026-05-08 18:00:00,416.2099914550781,1000.0,0,0.0,1000.0
2026-05-08 18:05:00,415.5050964355469,1000.0,0,0.0,1000.0
2026-05-08 18:10:00,415.5499877929688,1000.0,0,0.0,1000.0
2026-05-08 18:15:00,415.6799926757813,1000.0,0,0.0,1000.0
2026-05-08 18:20:00,415.5696105957031,1000.0,0,0.0,1000.0
2026-05-08 18:25:00,416.0400085449219,1000.0,0,0.0,1000.0
2026-05-08 18:30:00,415.9400024414063,1000.0,0,0.0,1000.0
2026-05-08 18:35:00,415.7900085449219,1000.0,0,0.0,1000.0
2026-05-08 18:40:00,415.3349914550781,1000.0,0,0.0,1000.0
2026-05-08 18:45:00,415.43499755859375,1000.0,0,0.0,1000.0
2026-05-08 18:50:00,415.010009765625,1000.0,0,0.0,1000.0
2026-05-08 18:55:00,414.8200073242188,1000.0,0,0.0,1000.0
2026-05-08 19:00:00,414.885009765625,1000.0,0,0.0,1000.0
2026-05-08 19:05:00,414.9450073242188,1000.0,0,0.0,1000.0
2026-05-08 19:10:00,414.6700134277344,1000.0,0,0.0,1000.0
2026-05-08 19:15:00,414.6400146484375,1000.0,0,0.0,1000.0
2026-05-08 19:20:00,414.5700073242188,1000.0,0,0.0,1000.0
2026-05-08 19:25:00,414.8299865722656,1000.0,0,0.0,1000.0
2026-05-08 19:30:00,414.739990234375,1000.0,0,0.0,1000.0
2026-05-08 19:35:00,414.3207092285156,1000.0,0,0.0,1000.0
2026-05-08 19:40:00,414.3150024414063,1000.0,0,0.0,1000.0
2026-05-08 19:45:00,414.6499938964844,1000.0,0,0.0,1000.0
2026-05-08 19:50:00,415.6099853515625,1000.0,0,0.0,1000.0
2026-05-08 19:55:00,415.1499938964844,1000.0,0,0.0,1000.0
2026-05-11 13:30:00,410.6499938964844,1000.0,0,0.0,1000.0
2026-05-11 13:35:00,410.2200012207031,1000.0,0,0.0,1000.0
2026-05-11 13:40:00,409.2799987792969,1000.0,0,0.0,1000.0
2026-05-11 13:45:00,409.2300109863281,1000.0,0,0.0,1000.0
2026-05-11 13:50:00,408.7699890136719,1000.0,0,0.0,1000.0
2026-05-11 13:55:00,410.1700134277344,1000.0,0,0.0,1000.0
2026-05-11 14:00:00,409.7200012207031,1000.0,0,0.0,1000.0
2026-05-11 14:05:00,410.0,1000.0,0,0.0,1000.0
2026-05-11 14:10:00,409.9599914550781,1000.0,0,0.0,1000.0
2026-05-11 14:15:00,409.989013671875,1000.0,0,0.0,1000.0
2026-05-11 14:20:00,410.5899963378906,1000.0,0,0.0,1000.0
2026-05-11 14:25:00,410.6700134277344,1000.0,0,0.0,1000.0
2026-05-11 14:30:00,409.964111328125,1000.0,0,0.0,1000.0
2026-05-11 14:35:00,410.635009765625,1000.0,0,0.0,1000.0
2026-05-11 14:40:00,410.5849914550781,1000.0,0,0.0,1000.0
2026-05-11 14:45:00,409.7999877929688,1000.0,0,0.0,1000.0
2026-05-11 14:50:00,409.3200073242188,1000.0,0,0.0,1000.0
2026-05-11 14:55:00,409.3699951171875,1000.0,0,0.0,1000.0
2026-05-11 15:00:00,409.2900085449219,1000.0,0,0.0,1000.0
2026-05-11 15:05:00,409.6449890136719,1000.0,0,0.0,1000.0
2026-05-11 15:10:00,409.1900024414063,1000.0,0,0.0,1000.0
2026-05-11 15:15:00,410.0306091308594,1000.0,0,0.0,1000.0
2026-05-11 15:20:00,410.1549987792969,1000.0,0,0.0,1000.0
2026-05-11 15:25:00,411.8800048828125,1000.0,0,0.0,1000.0
2026-05-11 15:30:00,410.5700073242188,1000.0,0,0.0,1000.0
2026-05-11 15:35:00,410.7033081054688,1000.0,0,0.0,1000.0
2026-05-11 15:40:00,410.8999938964844,1000.0,0,0.0,1000.0
2026-05-11 15:45:00,410.2001037597656,1000.0,0,0.0,1000.0
2026-05-11 15:50:00,410.25,1000.0,0,0.0,1000.0
2026-05-11 15:55:00,410.4400024414063,1000.0,0,0.0,1000.0
2026-05-11 16:00:00,410.3800048828125,1000.0,0,0.0,1000.0
2026-05-11 16:05:00,410.5249938964844,1000.0,0,0.0,1000.0
2026-05-11 16:10:00,410.5499877929688,1000.0,0,0.0,1000.0
2026-05-11 16:15:00,410.8200073242188,1000.0,0,0.0,1000.0
2026-05-11 16:20:00,410.5400085449219,1000.0,0,0.0,1000.0
2026-05-11 16:25:00,410.9100036621094,1000.0,0,0.0,1000.0
2026-05-11 16:30:00,410.7099914550781,1000.0,0,0.0,1000.0
2026-05-11 16:35:00,410.6400146484375,1000.0,0,0.0,1000.0
2026-05-11 16:40:00,410.0849914550781,1000.0,0,0.0,1000.0
2026-05-11 16:45:00,410.2000122070313,1000.0,0,0.0,1000.0
2026-05-11 16:50:00,410.010009765625,1000.0,0,0.0,1000.0
2026-05-11 16:55:00,409.55999755859375,1000.0,0,0.0,1000.0
2026-05-11 17:00:00,409.2550048828125,1000.0,0,0.0,1000.0
2026-05-11 17:05:00,409.1600036621094,1000.0,0,0.0,1000.0
2026-05-11 17:10:00,408.8599853515625,1000.0,0,0.0,1000.0
2026-05-11 17:15:00,409.1286010742188,1000.0,0,0.0,1000.0
2026-05-11 17:20:00,409.3200073242188,1000.0,0,0.0,1000.0
2026-05-11 17:25:00,409.1000061035156,1000.0,0,0.0,1000.0
2026-05-11 17:30:00,410.125,1000.0,0,0.0,1000.0
2026-05-11 17:35:00,410.4299926757813,1000.0,0,0.0,1000.0
2026-05-11 17:40:00,411.1300048828125,1000.0,0,0.0,1000.0
2026-05-11 17:45:00,410.6300048828125,1000.0,0,0.0,1000.0
2026-05-11 17:50:00,411.0799865722656,1000.0,0,0.0,1000.0
2026-05-11 17:55:00,411.0750122070313,1000.0,0,0.0,1000.0
2026-05-11 18:00:00,411.510009765625,1000.0,0,0.0,1000.0
2026-05-11 18:05:00,411.8049926757813,1000.0,0,0.0,1000.0
2026-05-11 18:10:00,411.25,1000.0,0,0.0,1000.0
2026-05-11 18:15:00,411.6299133300781,1000.0,0,0.0,1000.0
2026-05-11 18:20:00,411.6499938964844,1000.0,0,0.0,1000.0
2026-05-11 18:25:00,411.3800048828125,1000.0,0,0.0,1000.0
2026-05-11 18:30:00,410.66009521484375,1000.0,0,0.0,1000.0
2026-05-11 18:35:00,410.4549865722656,1000.0,0,0.0,1000.0
2026-05-11 18:40:00,410.4551086425781,1000.0,0,0.0,1000.0
2026-05-11 18:45:00,410.91009521484375,1000.0,0,0.0,1000.0
2026-05-11 18:50:00,410.4800109863281,1000.0,0,0.0,1000.0
2026-05-11 18:55:00,410.3786010742188,1000.0,0,0.0,1000.0
2026-05-11 19:00:00,409.7200012207031,1000.0,0,0.0,1000.0
2026-05-11 19:05:00,410.1799926757813,1000.0,0,0.0,1000.0
2026-05-11 19:10:00,410.58990478515625,1000.0,0,0.0,1000.0
2026-05-11 19:15:00,410.4501037597656,1000.0,0,0.0,1000.0
2026-05-11 19:20:00,410.6199951171875,1000.0,0,0.0,1000.0
2026-05-11 19:25:00,411.5790100097656,1000.0,0,0.0,1000.0
2026-05-11 19:30:00,411.8900146484375,1000.0,0,0.0,1000.0
2026-05-11 19:35:00,411.9800109863281,1000.0,0,0.0,1000.0
2026-05-11 19:40:00,411.8200073242188,1000.0,0,0.0,1000.0
2026-05-11 19:45:00,412.0,1000.0,0,0.0,1000.0
2026-05-11 19:50:00,412.1099853515625,1000.0,0,0.0,1000.0
2026-05-11 19:55:00,412.6799926757813,1000.0,0,0.0,1000.0
2026-05-12 13:30:00,410.4750061035156,1000.0,0,0.0,1000.0
2026-05-12 13:35:00,407.4100036621094,1000.0,0,0.0,1000.0
2026-05-12 13:40:00,408.8999938964844,1000.0,0,0.0,1000.0
2026-05-12 13:45:00,407.489990234375,1000.0,0,0.0,1000.0
2026-05-12 13:50:00,407.7300109863281,1000.0,0,0.0,1000.0
2026-05-12 13:55:00,408.3699951171875,1000.0,0,0.0,1000.0
2026-05-12 14:00:00,408.9299926757813,1000.0,0,0.0,1000.0
2026-05-12 14:05:00,408.4500122070313,1000.0,0,0.0,1000.0
2026-05-12 14:10:00,409.2349853515625,1000.0,0,0.0,1000.0
2026-05-12 14:15:00,410.0400085449219,1000.0,0,0.0,1000.0
2026-05-12 14:20:00,410.010009765625,1000.0,0,0.0,1000.0
2026-05-12 14:25:00,409.0101013183594,1000.0,0,0.0,1000.0
2026-05-12 14:30:00,408.385009765625,1000.0,0,0.0,1000.0
2026-05-12 14:35:00,408.6549987792969,1000.0,0,0.0,1000.0
2026-05-12 14:40:00,408.6099853515625,1000.0,0,0.0,1000.0
2026-05-12 14:45:00,409.0242919921875,1000.0,0,0.0,1000.0
2026-05-12 14:50:00,408.4150085449219,1000.0,0,0.0,1000.0
2026-05-12 14:55:00,408.5400085449219,1000.0,0,0.0,1000.0
2026-05-12 15:00:00,408.0400085449219,1000.0,0,0.0,1000.0
2026-05-12 15:05:00,408.5,1000.0,0,0.0,1000.0
2026-05-12 15:10:00,408.7099914550781,1000.0,0,0.0,1000.0
2026-05-12 15:15:00,408.4400024414063,1000.0,0,0.0,1000.0
2026-05-12 15:20:00,408.3200073242188,1000.0,0,0.0,1000.0
2026-05-12 15:25:00,408.3299865722656,1000.0,0,0.0,1000.0
2026-05-12 15:30:00,407.6000061035156,1000.0,0,0.0,1000.0
2026-05-12 15:35:00,407.6300048828125,1000.0,0,0.0,1000.0
2026-05-12 15:40:00,407.614990234375,1000.0,0,0.0,1000.0
2026-05-12 15:45:00,407.8599853515625,1000.0,0,0.0,1000.0
2026-05-12 15:50:00,408.364990234375,1000.0,0,0.0,1000.0
2026-05-12 15:55:00,408.6950073242188,1000.0,0,0.0,1000.0
2026-05-12 16:00:00,408.9500122070313,1000.0,0,0.0,1000.0
2026-05-12 16:05:00,408.7200012207031,1000.0,0,0.0,1000.0
2026-05-12 16:10:00,409.364990234375,1000.0,0,0.0,1000.0
2026-05-12 16:15:00,409.739990234375,1000.0,0,0.0,1000.0
2026-05-12 16:20:00,409.6498107910156,1000.0,0,0.0,1000.0
2026-05-12 16:25:00,409.5,1000.0,0,0.0,1000.0
2026-05-12 16:30:00,409.1549987792969,1000.0,0,0.0,1000.0
2026-05-12 16:35:00,409.7999877929688,1000.0,0,0.0,1000.0
2026-05-12 16:40:00,410.3200073242188,1000.0,0,0.0,1000.0
2026-05-12 16:45:00,409.2200012207031,1000.0,0,0.0,1000.0
2026-05-12 16:50:00,409.05999755859375,1000.0,0,0.0,1000.0
2026-05-12 16:55:00,408.989990234375,1000.0,0,0.0,1000.0
2026-05-12 17:00:00,408.7699890136719,1000.0,0,0.0,1000.0
2026-05-12 17:05:00,408.7999877929688,1000.0,0,0.0,1000.0
2026-05-12 17:10:00,408.1099853515625,1000.0,0,0.0,1000.0
2026-05-12 17:15:00,408.60009765625,1000.0,0,0.0,1000.0
2026-05-12 17:20:00,409.0799865722656,1000.0,0,0.0,1000.0
2026-05-12 17:25:00,408.885009765625,1000.0,0,0.0,1000.0
2026-05-12 17:30:00,409.4700012207031,1000.0,0,0.0,1000.0
2026-05-12 17:35:00,409.1900024414063,1000.0,0,0.0,1000.0
2026-05-12 17:40:00,409.2200012207031,1000.0,0,0.0,1000.0
2026-05-12 17:45:00,408.8901062011719,1000.0,0,0.0,1000.0
2026-05-12 17:50:00,408.9500122070313,1000.0,0,0.0,1000.0
2026-05-12 17:55:00,408.8385009765625,1000.0,0,0.0,1000.0
2026-05-12 18:00:00,408.6700134277344,1000.0,0,0.0,1000.0
2026-05-12 18:05:00,408.6700134277344,1000.0,0,0.0,1000.0
2026-05-12 18:10:00,408.5679016113281,1000.0,0,0.0,1000.0
2026-05-12 18:15:00,408.3999938964844,1000.0,0,0.0,1000.0
2026-05-12 18:20:00,408.3399963378906,1000.0,0,0.0,1000.0
2026-05-12 18:25:00,408.3500061035156,1000.0,0,0.0,1000.0
2026-05-12 18:30:00,408.1549987792969,1000.0,0,0.0,1000.0
2026-05-12 18:35:00,407.7300109863281,1000.0,0,0.0,1000.0
2026-05-12 18:40:00,407.7999877929688,1000.0,0,0.0,1000.0
2026-05-12 18:45:00,408.6000061035156,1000.0,0,0.0,1000.0
2026-05-12 18:50:00,408.2250061035156,1000.0,0,0.0,1000.0
2026-05-12 18:55:00,408.4400024414063,1000.0,0,0.0,1000.0
2026-05-12 19:00:00,408.2799987792969,1000.0,0,0.0,1000.0
2026-05-12 19:05:00,408.2449951171875,1000.0,0,0.0,1000.0
2026-05-12 19:10:00,408.4700012207031,1000.0,0,0.0,1000.0
2026-05-12 19:15:00,408.135009765625,1000.0,0,0.0,1000.0
2026-05-12 19:20:00,408.6300048828125,1000.0,0,0.0,1000.0
2026-05-12 19:25:00,408.9500122070313,1000.0,0,0.0,1000.0
2026-05-12 19:30:00,408.639892578125,1000.0,0,0.0,1000.0
2026-05-12 19:35:00,408.2250061035156,1000.0,0,0.0,1000.0
2026-05-12 19:40:00,407.8999938964844,1000.0,0,0.0,1000.0
2026-05-12 19:45:00,408.3349914550781,1000.0,0,0.0,1000.0
2026-05-12 19:50:00,407.55999755859375,1000.0,0,0.0,1000.0
2026-05-12 19:55:00,407.760009765625,1000.0,0,0.0,1000.0
2026-05-13 13:30:00,403.8550109863281,1000.0,0,0.0,1000.0
2026-05-13 13:35:00,401.6749877929688,1000.0,0,0.0,1000.0
2026-05-13 13:40:00,402.2999877929688,1000.0,0,0.0,1000.0
2026-05-13 13:45:00,401.9142150878906,1000.0,0,0.0,1000.0
2026-05-13 13:50:00,402.8049926757813,1000.0,0,0.0,1000.0
2026-05-13 13:55:00,402.7349853515625,1000.0,0,0.0,1000.0
2026-05-13 14:00:00,402.8200073242188,1000.0,0,0.0,1000.0
2026-05-13 14:05:00,403.4150085449219,1000.0,0,0.0,1000.0
2026-05-13 14:10:00,404.3200073242188,1000.0,0,0.0,1000.0
2026-05-13 14:15:00,403.4200134277344,1000.0,0,0.0,1000.0
2026-05-13 14:20:00,403.9049987792969,1000.0,0,0.0,1000.0
2026-05-13 14:25:00,403.0400085449219,1000.0,0,0.0,1000.0
2026-05-13 14:30:00,403.1799926757813,1000.0,0,0.0,1000.0
2026-05-13 14:35:00,402.3301086425781,1000.0,0,0.0,1000.0
2026-05-13 14:40:00,402.5799865722656,1000.0,0,0.0,1000.0
2026-05-13 14:45:00,402.4150085449219,1000.0,0,0.0,1000.0
2026-05-13 14:50:00,403.0928955078125,1000.0,0,0.0,1000.0
2026-05-13 14:55:00,403.0610046386719,1000.0,0,0.0,1000.0
2026-05-13 15:00:00,403.510009765625,1000.0,0,0.0,1000.0
2026-05-13 15:05:00,403.6050109863281,1000.0,0,0.0,1000.0
2026-05-13 15:10:00,404.0700073242188,1000.0,0,0.0,1000.0
2026-05-13 15:15:00,403.3487854003906,1000.0,0,0.0,1000.0
2026-05-13 15:20:00,403.2149963378906,1000.0,0,0.0,1000.0
2026-05-13 15:25:00,403.2900085449219,1000.0,0,0.0,1000.0
2026-05-13 15:30:00,404.1400146484375,1000.0,0,0.0,1000.0
2026-05-13 15:35:00,404.5,1000.0,0,0.0,1000.0
2026-05-13 15:40:00,405.0799865722656,1000.0,0,0.0,1000.0
2026-05-13 15:45:00,404.5799865722656,1000.0,0,0.0,1000.0
2026-05-13 15:50:00,404.6099853515625,1000.0,0,0.0,1000.0
2026-05-13 15:55:00,404.2799987792969,1000.0,0,0.0,1000.0
2026-05-13 16:00:00,404.8299865722656,1000.0,0,0.0,1000.0
2026-05-13 16:05:00,404.9200134277344,1000.0,0,0.0,1000.0
2026-05-13 16:10:00,405.25,1000.0,0,0.0,1000.0
2026-05-13 16:15:00,404.9498901367188,1000.0,0,0.0,1000.0
2026-05-13 16:20:00,405.6700134277344,1000.0,0,0.0,1000.0
2026-05-13 16:25:00,405.6549987792969,1000.0,0,0.0,1000.0
2026-05-13 16:30:00,406.005615234375,1000.0,0,0.0,1000.0
2026-05-13 16:35:00,405.9700012207031,1000.0,0,0.0,1000.0
2026-05-13 16:40:00,405.6600036621094,1000.0,0,0.0,1000.0
2026-05-13 16:45:00,405.8854064941406,1000.0,0,0.0,1000.0
2026-05-13 16:50:00,405.25,1000.0,0,0.0,1000.0
2026-05-13 16:55:00,405.7149963378906,1000.0,0,0.0,1000.0
2026-05-13 17:00:00,405.6300048828125,1000.0,0,0.0,1000.0
2026-05-13 17:05:00,405.2300109863281,1000.0,0,0.0,1000.0
2026-05-13 17:10:00,404.9721984863281,1000.0,0,0.0,1000.0
2026-05-13 17:15:00,404.8999938964844,1000.0,0,0.0,1000.0
2026-05-13 17:20:00,404.2449951171875,1000.0,0,0.0,1000.0
2026-05-13 17:25:00,404.0942993164063,1000.0,0,0.0,1000.0
2026-05-13 17:30:00,404.0000915527344,1000.0,0,0.0,1000.0
2026-05-13 17:35:00,403.8085021972656,1000.0,0,0.0,1000.0
2026-05-13 17:40:00,404.302490234375,1000.0,0,0.0,1000.0
2026-05-13 17:45:00,404.3349914550781,1000.0,0,0.0,1000.0
2026-05-13 17:50:00,404.0249938964844,1000.0,0,0.0,1000.0
2026-05-13 17:55:00,403.875,1000.0,0,0.0,1000.0
2026-05-13 18:00:00,403.989990234375,1000.0,0,0.0,1000.0
2026-05-13 18:05:00,404.2900085449219,1000.0,0,0.0,1000.0
2026-05-13 18:10:00,404.5249938964844,1000.0,0,0.0,1000.0
2026-05-13 18:15:00,404.7001037597656,1000.0,0,0.0,1000.0
2026-05-13 18:20:00,404.9599914550781,1000.0,0,0.0,1000.0
2026-05-13 18:25:00,405.3500061035156,1000.0,0,0.0,1000.0
2026-05-13 18:30:00,405.5450134277344,1000.0,0,0.0,1000.0
2026-05-13 18:35:00,405.6062927246094,1000.0,0,0.0,1000.0
2026-05-13 18:40:00,405.4549865722656,1000.0,0,0.0,1000.0
2026-05-13 18:45:00,405.0799865722656,1000.0,0,0.0,1000.0
2026-05-13 18:50:00,405.3349914550781,1000.0,0,0.0,1000.0
2026-05-13 18:55:00,405.0249938964844,1000.0,0,0.0,1000.0
2026-05-13 19:00:00,405.1000061035156,1000.0,0,0.0,1000.0
2026-05-13 19:05:00,405.4184875488281,1000.0,0,0.0,1000.0
2026-05-13 19:10:00,405.2999877929688,1000.0,0,0.0,1000.0
2026-05-13 19:15:00,405.4299926757813,1000.0,0,0.0,1000.0
2026-05-13 19:20:00,404.6199951171875,1000.0,0,0.0,1000.0
2026-05-13 19:25:00,404.6000061035156,1000.0,0,0.0,1000.0
2026-05-13 19:30:00,404.5899963378906,1000.0,0,0.0,1000.0
2026-05-13 19:35:00,405.2000122070313,1000.0,0,0.0,1000.0
2026-05-13 19:40:00,405.3900146484375,1000.0,0,0.0,1000.0
2026-05-13 19:45:00,405.239990234375,1000.0,0,0.0,1000.0
2026-05-13 19:50:00,405.010009765625,1000.0,0,0.0,1000.0
2026-05-13 19:55:00,405.1199951171875,1000.0,0,0.0,1000.0
2026-05-14 13:30:00,404.1449890136719,1000.0,0,0.0,1000.0
2026-05-14 13:35:00,401.989990234375,1000.0,0,0.0,1000.0
2026-05-14 13:40:00,402.6799926757813,1000.0,0,0.0,1000.0
2026-05-14 13:45:00,402.7200012207031,1000.0,0,0.0,1000.0
2026-05-14 13:50:00,404.0050048828125,1000.0,0,0.0,1000.0
2026-05-14 13:55:00,402.9599914550781,1000.0,0,0.0,1000.0
2026-05-14 14:00:00,403.7651062011719,1000.0,0,0.0,1000.0
2026-05-14 14:05:00,405.1400146484375,1000.0,0,0.0,1000.0
2026-05-14 14:10:00,404.84759521484375,1000.0,0,0.0,1000.0
2026-05-14 14:15:00,405.9455871582031,1000.0,0,0.0,1000.0
2026-05-14 14:20:00,408.3299865722656,1000.0,0,0.0,1000.0
2026-05-14 14:25:00,408.8594970703125,1000.0,0,0.0,1000.0
2026-05-14 14:30:00,407.364990234375,1000.0,0,0.0,1000.0
2026-05-14 14:35:00,407.5199890136719,1000.0,0,0.0,1000.0
2026-05-14 14:40:00,408.2200012207031,1000.0,0,0.0,1000.0
2026-05-14 14:45:00,409.4299926757813,1000.0,0,0.0,1000.0
2026-05-14 14:50:00,410.1199951171875,1000.0,0,0.0,1000.0
2026-05-14 14:55:00,409.5150146484375,1000.0,0,0.0,1000.0
2026-05-14 15:00:00,410.2099914550781,1000.0,0,0.0,1000.0
2026-05-14 15:05:00,410.4299926757813,1000.0,0,0.0,1000.0
2026-05-14 15:10:00,410.875,1000.0,0,0.0,1000.0
2026-05-14 15:15:00,411.0997009277344,1000.0,0,0.0,1000.0
2026-05-14 15:20:00,410.9200134277344,1000.0,0,0.0,1000.0
2026-05-14 15:25:00,411.385009765625,1000.0,0,0.0,1000.0
2026-05-14 15:30:00,411.25689697265625,1000.0,0,0.0,1000.0
2026-05-14 15:35:00,409.6199951171875,1000.0,0,0.0,1000.0
2026-05-14 15:40:00,409.5950012207031,1000.0,0,0.0,1000.0
2026-05-14 15:45:00,409.2650146484375,1000.0,0,0.0,1000.0
2026-05-14 15:50:00,409.1550903320313,1000.0,0,0.0,1000.0
2026-05-14 15:55:00,408.9500122070313,1000.0,0,0.0,1000.0
2026-05-14 16:00:00,409.05999755859375,1000.0,0,0.0,1000.0
2026-05-14 16:05:00,409.04150390625,1000.0,0,0.0,1000.0
2026-05-14 16:10:00,407.8299865722656,1000.0,0,0.0,1000.0
2026-05-14 16:15:00,407.7699890136719,1000.0,0,0.0,1000.0
2026-05-14 16:20:00,407.41009521484375,1000.0,0,0.0,1000.0
2026-05-14 16:25:00,407.7250061035156,1000.0,0,0.0,1000.0
2026-05-14 16:30:00,407.7000122070313,1000.0,0,0.0,1000.0
2026-05-14 16:35:00,408.681396484375,1000.0,0,0.0,1000.0
2026-05-14 16:40:00,408.489990234375,1000.0,0,0.0,1000.0
2026-05-14 16:45:00,408.2000122070313,1000.0,0,0.0,1000.0
2026-05-14 16:50:00,407.5450134277344,1000.0,0,0.0,1000.0
2026-05-14 16:55:00,408.0,1000.0,0,0.0,1000.0
2026-05-14 17:00:00,408.0849914550781,1000.0,0,0.0,1000.0
2026-05-14 17:05:00,408.2049865722656,1000.0,0,0.0,1000.0
2026-05-14 17:10:00,408.5899963378906,1000.0,0,0.0,1000.0
2026-05-14 17:15:00,408.4400024414063,1000.0,0,0.0,1000.0
2026-05-14 17:20:00,408.5700073242188,1000.0,0,0.0,1000.0
2026-05-14 17:25:00,409.0798950195313,1000.0,0,0.0,1000.0
2026-05-14 17:30:00,408.55999755859375,1000.0,0,0.0,1000.0
2026-05-14 17:35:00,409.3399963378906,1000.0,0,0.0,1000.0
2026-05-14 17:40:00,408.9649963378906,1000.0,0,0.0,1000.0
2026-05-14 17:45:00,409.1900024414063,1000.0,0,0.0,1000.0
2026-05-14 17:50:00,409.2701110839844,1000.0,0,0.0,1000.0
2026-05-14 17:55:00,409.7900085449219,1000.0,0,0.0,1000.0
2026-05-14 18:00:00,409.3299865722656,1000.0,0,0.0,1000.0
2026-05-14 18:05:00,409.6900024414063,1000.0,0,0.0,1000.0
2026-05-14 18:10:00,409.489990234375,1000.0,0,0.0,1000.0
2026-05-14 18:15:00,409.635009765625,1000.0,0,0.0,1000.0
2026-05-14 18:20:00,409.8900146484375,1000.0,0,0.0,1000.0
2026-05-14 18:25:00,409.1700134277344,1000.0,0,0.0,1000.0
2026-05-14 18:30:00,408.8500061035156,1000.0,0,0.0,1000.0
2026-05-14 18:35:00,409.0115051269531,1000.0,0,0.0,1000.0
2026-05-14 18:40:00,408.7000122070313,1000.0,0,0.0,1000.0
2026-05-14 18:45:00,408.8250122070313,1000.0,0,0.0,1000.0
2026-05-14 18:50:00,408.8450012207031,1000.0,0,0.0,1000.0
2026-05-14 18:55:00,408.9200134277344,1000.0,0,0.0,1000.0
2026-05-14 19:00:00,409.5700073242188,1000.0,0,0.0,1000.0
2026-05-14 19:05:00,409.5350036621094,1000.0,0,0.0,1000.0
2026-05-14 19:10:00,409.5,1000.0,0,0.0,1000.0
2026-05-14 19:15:00,409.5799865722656,1000.0,0,0.0,1000.0
2026-05-14 19:20:00,409.5799865722656,1000.0,0,0.0,1000.0
2026-05-14 19:25:00,408.9700012207031,1000.0,0,0.0,1000.0
2026-05-14 19:30:00,409.3399963378906,1000.0,0,0.0,1000.0
2026-05-14 19:35:00,409.30999755859375,1000.0,0,0.0,1000.0
2026-05-14 19:40:00,409.3500061035156,1000.0,0,0.0,1000.0
2026-05-14 19:45:00,409.3500061035156,1000.0,0,0.0,1000.0
2026-05-14 19:50:00,409.4299926757813,1000.0,0,0.0,1000.0
2026-05-14 19:55:00,409.4700012207031,1000.0,0,0.0,1000.0
2026-05-15 13:30:00,415.1400146484375,1000.0,0,0.0,1000.0
2026-05-15 13:35:00,417.6604919433594,1000.0,0,0.0,1000.0
2026-05-15 13:40:00,415.1300048828125,1000.0,0,0.0,1000.0
2026-05-15 13:45:00,414.5,1000.0,0,0.0,1000.0
2026-05-15 13:50:00,416.1199951171875,1000.0,0,0.0,1000.0
2026-05-15 13:55:00,415.3150024414063,1000.0,0,0.0,1000.0
2026-05-15 14:00:00,417.0350036621094,1000.0,0,0.0,1000.0
2026-05-15 14:05:00,417.93499755859375,1000.0,0,0.0,1000.0
2026-05-15 14:10:00,416.6950073242188,1000.0,0,0.0,1000.0
2026-05-15 14:15:00,416.3949890136719,1000.0,0,0.0,1000.0
2026-05-15 14:20:00,418.1400146484375,1000.0,0,0.0,1000.0
2026-05-15 14:25:00,418.4700012207031,1000.0,0,0.0,1000.0
2026-05-15 14:30:00,420.6199951171875,1000.0,0,0.0,1000.0
2026-05-15 14:35:00,421.7000122070313,1000.0,0,0.0,1000.0
2026-05-15 14:40:00,423.9800109863281,1000.0,0,0.0,1000.0
2026-05-15 14:45:00,422.1900024414063,1000.0,0,0.0,1000.0
2026-05-15 14:50:00,425.6400146484375,1000.0,0,0.0,1000.0
2026-05-15 14:55:00,424.4400024414063,1000.0,0,0.0,1000.0
2026-05-15 15:00:00,424.5499877929688,1000.0,0,0.0,1000.0
2026-05-15 15:05:00,424.4200134277344,1000.0,0,0.0,1000.0
2026-05-15 15:10:00,423.2900085449219,1000.0,0,0.0,1000.0
2026-05-15 15:15:00,424.1661071777344,1000.0,0,0.0,1000.0
2026-05-15 15:20:00,424.0199890136719,1000.0,0,0.0,1000.0
2026-05-15 15:25:00,423.3699951171875,1000.0,0,0.0,1000.0
2026-05-15 15:30:00,422.2699890136719,1000.0,0,0.0,1000.0
2026-05-15 15:35:00,421.5199890136719,1000.0,0,0.0,1000.0
2026-05-15 15:40:00,420.9700012207031,1000.0,0,0.0,1000.0
2026-05-15 15:45:00,421.0499877929688,1000.0,0,0.0,1000.0
2026-05-15 15:50:00,421.0299987792969,1000.0,0,0.0,1000.0
2026-05-15 15:55:00,421.7699890136719,1000.0,0,0.0,1000.0
2026-05-15 16:00:00,422.4049987792969,1000.0,0,0.0,1000.0
2026-05-15 16:05:00,423.3049926757813,1000.0,0,0.0,1000.0
2026-05-15 16:10:00,423.8200073242188,1000.0,0,0.0,1000.0
2026-05-15 16:15:00,424.2000122070313,1000.0,0,0.0,1000.0
2026-05-15 16:20:00,425.6199951171875,1000.0,0,0.0,1000.0
2026-05-15 16:25:00,426.0400085449219,1000.0,0,0.0,1000.0
2026-05-15 16:30:00,425.6950073242188,1000.0,0,0.0,1000.0
2026-05-15 16:35:00,424.8699951171875,1000.0,0,0.0,1000.0
2026-05-15 16:40:00,423.9299926757813,1000.0,0,0.0,1000.0
2026-05-15 16:45:00,424.6499938964844,1000.0,0,0.0,1000.0
2026-05-15 16:50:00,424.0499877929688,1000.0,0,0.0,1000.0
2026-05-15 16:55:00,424.9400024414063,1000.0,0,0.0,1000.0
2026-05-15 17:00:00,424.1449890136719,1000.0,0,0.0,1000.0
2026-05-15 17:05:00,424.5899963378906,1000.0,0,0.0,1000.0
2026-05-15 17:10:00,424.9500122070313,1000.0,0,0.0,1000.0
2026-05-15 17:15:00,425.0799865722656,1000.0,0,0.0,1000.0
2026-05-15 17:20:00,426.0499877929688,1000.0,0,0.0,1000.0
2026-05-15 17:25:00,425.9599914550781,1000.0,0,0.0,1000.0
2026-05-15 17:30:00,427.5950012207031,1000.0,0,0.0,1000.0
2026-05-15 17:35:00,426.8500061035156,1000.0,0,0.0,1000.0
2026-05-15 17:40:00,427.2999877929688,1000.0,0,0.0,1000.0
2026-05-15 17:45:00,427.8399963378906,1000.0,0,0.0,1000.0
2026-05-15 17:50:00,427.7900085449219,1000.0,0,0.0,1000.0
2026-05-15 17:55:00,427.8250122070313,1000.0,0,0.0,1000.0
2026-05-15 18:00:00,427.5899963378906,1000.0,0,0.0,1000.0
2026-05-15 18:05:00,427.0549926757813,1000.0,0,0.0,1000.0
2026-05-15 18:10:00,427.0700073242188,1000.0,0,0.0,1000.0
2026-05-15 18:15:00,425.9649963378906,1000.0,0,0.0,1000.0
2026-05-15 18:20:00,426.4750061035156,1000.0,0,0.0,1000.0
2026-05-15 18:25:00,425.9049987792969,1000.0,0,0.0,1000.0
2026-05-15 18:30:00,425.4699096679688,1000.0,0,0.0,1000.0
2026-05-15 18:35:00,426.1075134277344,1000.0,0,0.0,1000.0
2026-05-15 18:40:00,426.1499938964844,1000.0,0,0.0,1000.0
2026-05-15 18:45:00,425.8599853515625,1000.0,0,0.0,1000.0
2026-05-15 18:50:00,425.6199951171875,1000.0,0,0.0,1000.0
2026-05-15 18:55:00,424.7000122070313,1000.0,0,0.0,1000.0
2026-05-15 19:00:00,424.5799865722656,1000.0,0,0.0,1000.0
2026-05-15 19:05:00,425.0499877929688,1000.0,0,0.0,1000.0
2026-05-15 19:10:00,424.4700012207031,1000.0,0,0.0,1000.0
2026-05-15 19:15:00,423.9200134277344,1000.0,0,0.0,1000.0
2026-05-15 19:20:00,424.2300109863281,1000.0,0,0.0,1000.0
2026-05-15 19:25:00,423.9148864746094,1000.0,0,0.0,1000.0
2026-05-15 19:30:00,423.93499755859375,1000.0,0,0.0,1000.0
2026-05-15 19:35:00,424.7701110839844,1000.0,0,0.0,1000.0
2026-05-15 19:40:00,423.8399963378906,1000.0,0,0.0,1000.0
2026-05-15 19:45:00,422.9800109863281,1000.0,0,0.0,1000.0
2026-05-15 19:50:00,421.3900146484375,1000.0,0,0.0,1000.0
2026-05-15 19:55:00,422.0400085449219,1000.0,0,0.0,1000.0
2026-05-18 13:30:00,416.7900085449219,1000.0,0,0.0,1000.0
2026-05-18 13:35:00,419.18499755859375,1000.0,0,0.0,1000.0
2026-05-18 13:40:00,419.760009765625,1000.0,0,0.0,1000.0
2026-05-18 13:45:00,421.376708984375,1000.0,0,0.0,1000.0
2026-05-18 13:50:00,422.3999938964844,1000.0,0,0.0,1000.0
2026-05-18 13:55:00,422.760009765625,1000.0,0,0.0,1000.0
2026-05-18 14:00:00,422.4100036621094,1000.0,0,0.0,1000.0
2026-05-18 14:05:00,421.7300109863281,1000.0,0,0.0,1000.0
2026-05-18 14:10:00,422.8699035644531,1000.0,0,0.0,1000.0
2026-05-18 14:15:00,423.93499755859375,1000.0,0,0.0,1000.0
2026-05-18 14:20:00,422.4194946289063,1000.0,0,0.0,1000.0
2026-05-18 14:25:00,421.8949890136719,1000.0,0,0.0,1000.0
2026-05-18 14:30:00,420.5050048828125,1000.0,0,0.0,1000.0
2026-05-18 14:35:00,421.0950012207031,1000.0,0,0.0,1000.0
2026-05-18 14:40:00,422.2099914550781,1000.0,0,0.0,1000.0
2026-05-18 14:45:00,420.1000061035156,1000.0,0,0.0,1000.0
2026-05-18 14:50:00,419.3999938964844,1000.0,0,0.0,1000.0
2026-05-18 14:55:00,419.1000061035156,1000.0,0,0.0,1000.0
2026-05-18 15:00:00,418.2699890136719,1000.0,0,0.0,1000.0
2026-05-18 15:05:00,418.6300964355469,1000.0,0,0.0,1000.0
2026-05-18 15:10:00,418.0899963378906,1000.0,0,0.0,1000.0
2026-05-18 15:15:00,417.2000122070313,1000.0,0,0.0,1000.0
2026-05-18 15:20:00,417.375,1000.0,0,0.0,1000.0
2026-05-18 15:25:00,417.6300048828125,1000.0,0,0.0,1000.0
2026-05-18 15:30:00,417.8799133300781,1000.0,0,0.0,1000.0
2026-05-18 15:35:00,418.0849914550781,1000.0,0,0.0,1000.0
2026-05-18 15:40:00,417.239990234375,1000.0,0,0.0,1000.0
2026-05-18 15:45:00,417.8599853515625,1000.0,0,0.0,1000.0
2026-05-18 15:50:00,418.5199890136719,1000.0,0,0.0,1000.0
2026-05-18 15:55:00,418.6400146484375,1000.0,0,0.0,1000.0
2026-05-18 16:00:00,418.9500122070313,1000.0,0,0.0,1000.0
2026-05-18 16:05:00,419.2099914550781,1000.0,0,0.0,1000.0
2026-05-18 16:10:00,419.3500061035156,1000.0,0,0.0,1000.0
2026-05-18 16:15:00,419.3334045410156,1000.0,0,0.0,1000.0
2026-05-18 16:20:00,418.7961120605469,1000.0,0,0.0,1000.0
2026-05-18 16:25:00,417.9200134277344,1000.0,0,0.0,1000.0
2026-05-18 16:30:00,419.6400146484375,1000.0,0,0.0,1000.0
2026-05-18 16:35:00,420.0499877929688,1000.0,0,0.0,1000.0
2026-05-18 16:40:00,419.1749877929688,1000.0,0,0.0,1000.0
2026-05-18 16:45:00,420.0650024414063,1000.0,0,0.0,1000.0
2026-05-18 16:50:00,420.4017028808594,1000.0,0,0.0,1000.0
2026-05-18 16:55:00,420.4320068359375,1000.0,0,0.0,1000.0
2026-05-18 17:00:00,421.0499877929688,1000.0,0,0.0,1000.0
2026-05-18 17:05:00,421.5600891113281,1000.0,0,0.0,1000.0
2026-05-18 17:10:00,421.5499877929688,1000.0,0,0.0,1000.0
2026-05-18 17:15:00,421.8999938964844,1000.0,0,0.0,1000.0
2026-05-18 17:20:00,421.7000122070313,1000.0,0,0.0,1000.0
2026-05-18 17:25:00,423.010009765625,1000.0,0,0.0,1000.0
2026-05-18 17:30:00,422.9150085449219,1000.0,0,0.0,1000.0
2026-05-18 17:35:00,423.489990234375,1000.0,0,0.0,1000.0
2026-05-18 17:40:00,424.2200012207031,1000.0,0,0.0,1000.0
2026-05-18 17:45:00,424.2799987792969,1000.0,0,0.0,1000.0
2026-05-18 17:50:00,424.42919921875,1000.0,0,0.0,1000.0
2026-05-18 17:55:00,424.3168029785156,1000.0,0,0.0,1000.0
2026-05-18 18:00:00,423.6600036621094,1000.0,0,0.0,1000.0
2026-05-18 18:05:00,423.7300109863281,1000.0,0,0.0,1000.0
2026-05-18 18:10:00,423.20709228515625,1000.0,0,0.0,1000.0
2026-05-18 18:15:00,423.2900085449219,1000.0,0,0.0,1000.0
2026-05-18 18:20:00,423.8500061035156,1000.0,0,0.0,1000.0
2026-05-18 18:25:00,423.8299865722656,1000.0,0,0.0,1000.0
2026-05-18 18:30:00,423.5418090820313,1000.0,0,0.0,1000.0
2026-05-18 18:35:00,423.1400146484375,1000.0,0,0.0,1000.0
2026-05-18 18:40:00,422.2300109863281,1000.0,0,0.0,1000.0
2026-05-18 18:45:00,422.2550048828125,1000.0,0,0.0,1000.0
2026-05-18 18:50:00,421.5400085449219,1000.0,0,0.0,1000.0
2026-05-18 18:55:00,421.0,1000.0,0,0.0,1000.0
2026-05-18 19:00:00,423.0700073242188,1000.0,0,0.0,1000.0
2026-05-18 19:05:00,422.9599914550781,1000.0,0,0.0,1000.0
2026-05-18 19:10:00,422.614990234375,1000.0,0,0.0,1000.0
2026-05-18 19:15:00,422.3800048828125,1000.0,0,0.0,1000.0
2026-05-18 19:20:00,422.2000122070313,1000.0,0,0.0,1000.0
2026-05-18 19:25:00,422.4500122070313,1000.0,0,0.0,1000.0
2026-05-18 19:30:00,422.7799987792969,1000.0,0,0.0,1000.0
2026-05-18 19:35:00,423.1700134277344,1000.0,0,0.0,1000.0
2026-05-18 19:40:00,422.3800048828125,1000.0,0,0.0,1000.0
2026-05-18 19:45:00,422.8699951171875,1000.0,0,0.0,1000.0
2026-05-18 19:50:00,422.5899963378906,1000.0,0,0.0,1000.0
2026-05-18 19:55:00,423.6600036621094,1000.0,0,0.0,1000.0
2026-05-19 13:30:00,425.760009765625,1000.0,0,0.0,1000.0
2026-05-19 13:35:00,425.4249877929688,1000.0,0,0.0,1000.0
2026-05-19 13:40:00,425.2550048828125,1000.0,0,0.0,1000.0
2026-05-19 13:45:00,429.3200073242188,1000.0,0,0.0,1000.0
2026-05-19 13:50:00,430.3699951171875,1000.0,0,0.0,1000.0
2026-05-19 13:55:00,429.5,1000.0,0,0.0,1000.0
2026-05-19 14:00:00,428.2650146484375,1000.0,0,0.0,1000.0
2026-05-19 14:05:00,427.30999755859375,1000.0,0,0.0,1000.0
2026-05-19 14:10:00,425.4750061035156,1000.0,0,0.0,1000.0
2026-05-19 14:15:00,425.7876892089844,1000.0,0,0.0,1000.0
2026-05-19 14:20:00,426.03509521484375,1000.0,0,0.0,1000.0
2026-05-19 14:25:00,425.0400085449219,1000.0,0,0.0,1000.0
2026-05-19 14:30:00,425.3250122070313,1000.0,0,0.0,1000.0
2026-05-19 14:35:00,423.9400024414063,1000.0,0,0.0,1000.0
2026-05-19 14:40:00,423.7950134277344,1000.0,0,0.0,1000.0
2026-05-19 14:45:00,423.2099914550781,1000.0,0,0.0,1000.0
2026-05-19 14:50:00,422.7000122070313,1000.0,0,0.0,1000.0
2026-05-19 14:55:00,423.5700073242188,1000.0,0,0.0,1000.0
2026-05-19 15:00:00,422.7793884277344,1000.0,0,0.0,1000.0
2026-05-19 15:05:00,422.739990234375,1000.0,0,0.0,1000.0
2026-05-19 15:10:00,423.5400085449219,1000.0,0,0.0,1000.0
2026-05-19 15:15:00,422.5400085449219,1000.0,0,0.0,1000.0
2026-05-19 15:20:00,421.7300109863281,1000.0,0,0.0,1000.0
2026-05-19 15:25:00,421.0398864746094,1000.0,0,0.0,1000.0
2026-05-19 15:30:00,420.80999755859375,1000.0,0,0.0,1000.0
2026-05-19 15:35:00,421.0,1000.0,0,0.0,1000.0
2026-05-19 15:40:00,420.1600036621094,1000.0,0,0.0,1000.0
2026-05-19 15:45:00,420.2300109863281,1000.0,0,0.0,1000.0
2026-05-19 15:50:00,419.5799865722656,1000.0,0,0.0,1000.0
2026-05-19 15:55:00,419.2999877929688,1000.0,0,0.0,1000.0
2026-05-19 16:00:00,419.389892578125,1000.0,0,0.0,1000.0
2026-05-19 16:05:00,418.1749877929688,1000.0,0,0.0,1000.0
2026-05-19 16:10:00,418.8999938964844,1000.0,0,0.0,1000.0
2026-05-19 16:15:00,419.5299987792969,1000.0,0,0.0,1000.0
2026-05-19 16:20:00,418.7300109863281,1000.0,0,0.0,1000.0
2026-05-19 16:25:00,417.7149963378906,1000.0,0,0.0,1000.0
2026-05-19 16:30:00,417.6300048828125,1000.0,0,0.0,1000.0
2026-05-19 16:35:00,417.8200073242188,1000.0,0,0.0,1000.0
2026-05-19 16:40:00,417.739990234375,1000.0,0,0.0,1000.0
2026-05-19 16:45:00,418.2900085449219,1000.0,0,0.0,1000.0
2026-05-19 16:50:00,418.8999938964844,1000.0,0,0.0,1000.0
2026-05-19 16:55:00,418.3999938964844,1000.0,0,0.0,1000.0
2026-05-19 17:00:00,419.3198852539063,1000.0,0,0.0,1000.0
2026-05-19 17:05:00,418.68499755859375,1000.0,0,0.0,1000.0
2026-05-19 17:10:00,418.2300109863281,1000.0,0,0.0,1000.0
2026-05-19 17:15:00,417.2844848632813,1000.0,0,0.0,1000.0
2026-05-19 17:20:00,417.8096008300781,1000.0,0,0.0,1000.0
2026-05-19 17:25:00,418.7900085449219,1000.0,0,0.0,1000.0
2026-05-19 17:30:00,418.8500061035156,1000.0,0,0.0,1000.0
2026-05-19 17:35:00,419.5198974609375,1000.0,0,0.0,1000.0
2026-05-19 17:40:00,419.6950073242188,1000.0,0,0.0,1000.0
2026-05-19 17:45:00,419.25,1000.0,0,0.0,1000.0
2026-05-19 17:50:00,419.05999755859375,1000.0,0,0.0,1000.0
2026-05-19 17:55:00,419.1300048828125,1000.0,0,0.0,1000.0
2026-05-19 18:00:00,419.0650024414063,1000.0,0,0.0,1000.0
2026-05-19 18:05:00,419.0,1000.0,0,0.0,1000.0
2026-05-19 18:10:00,418.3450012207031,1000.0,0,0.0,1000.0
2026-05-19 18:15:00,419.0,1000.0,0,0.0,1000.0
2026-05-19 18:20:00,419.364990234375,1000.0,0,0.0,1000.0
2026-05-19 18:25:00,419.1600036621094,1000.0,0,0.0,1000.0
2026-05-19 18:30:00,419.4949951171875,1000.0,0,0.0,1000.0
2026-05-19 18:35:00,419.3999938964844,1000.0,0,0.0,1000.0
2026-05-19 18:40:00,419.2300109863281,1000.0,0,0.0,1000.0
2026-05-19 18:45:00,418.8500061035156,1000.0,0,0.0,1000.0
2026-05-19 18:50:00,418.30999755859375,1000.0,0,0.0,1000.0
2026-05-19 18:55:00,418.489990234375,1000.0,0,0.0,1000.0
2026-05-19 19:00:00,418.5125122070313,1000.0,0,0.0,1000.0
2026-05-19 19:05:00,418.6749877929688,1000.0,0,0.0,1000.0
2026-05-19 19:10:00,418.6099853515625,1000.0,0,0.0,1000.0
2026-05-19 19:15:00,418.5549926757813,1000.0,0,0.0,1000.0
2026-05-19 19:20:00,418.0549926757813,1000.0,0,0.0,1000.0
2026-05-19 19:25:00,418.2300109863281,1000.0,0,0.0,1000.0
2026-05-19 19:30:00,418.05999755859375,1000.0,0,0.0,1000.0
2026-05-19 19:35:00,417.9399108886719,1000.0,0,0.0,1000.0
2026-05-19 19:40:00,417.7449951171875,1000.0,0,0.0,1000.0
2026-05-19 19:45:00,417.4450073242188,1000.0,0,0.0,1000.0
2026-05-19 19:50:00,417.2149963378906,1000.0,0,0.0,1000.0
2026-05-19 19:55:00,417.55999755859375,1000.0,0,0.0,1000.0
2026-05-20 13:30:00,413.6499938964844,1000.0,0,0.0,1000.0
2026-05-20 13:35:00,412.7550048828125,1000.0,0,0.0,1000.0
2026-05-20 13:40:00,412.2691955566406,1000.0,0,0.0,1000.0
2026-05-20 13:45:00,413.6650085449219,1000.0,0,0.0,1000.0
2026-05-20 13:50:00,413.1000061035156,1000.0,0,0.0,1000.0
2026-05-20 13:55:00,412.9849853515625,1000.0,0,0.0,1000.0
2026-05-20 14:00:00,413.3999938964844,1000.0,0,0.0,1000.0
2026-05-20 14:05:00,411.7799072265625,1000.0,0,0.0,1000.0
2026-05-20 14:10:00,413.1900024414063,1000.0,0,0.0,1000.0
2026-05-20 14:15:00,414.3200073242188,1000.0,0,0.0,1000.0
2026-05-20 14:20:00,412.1000061035156,1000.0,0,0.0,1000.0
2026-05-20 14:25:00,413.7868957519531,1000.0,0,0.0,1000.0
2026-05-20 14:30:00,414.1499938964844,1000.0,0,0.0,1000.0
2026-05-20 14:35:00,414.2099914550781,1000.0,0,0.0,1000.0
2026-05-20 14:40:00,414.0950012207031,1000.0,0,0.0,1000.0
2026-05-20 14:45:00,414.6600036621094,1000.0,0,0.0,1000.0
2026-05-20 14:50:00,415.7500915527344,1000.0,0,0.0,1000.0
2026-05-20 14:55:00,416.1300048828125,1000.0,0,0.0,1000.0
2026-05-20 15:00:00,415.5650024414063,1000.0,0,0.0,1000.0
2026-05-20 15:05:00,415.7744140625,1000.0,0,0.0,1000.0
2026-05-20 15:10:00,416.4500122070313,1000.0,0,0.0,1000.0
2026-05-20 15:15:00,417.2699890136719,1000.0,0,0.0,1000.0
2026-05-20 15:20:00,416.8699951171875,1000.0,0,0.0,1000.0
2026-05-20 15:25:00,416.4049987792969,1000.0,0,0.0,1000.0
2026-05-20 15:30:00,416.989990234375,1000.0,0,0.0,1000.0
2026-05-20 15:35:00,416.6600036621094,1000.0,0,0.0,1000.0
2026-05-20 15:40:00,417.2265930175781,1000.0,0,0.0,1000.0
2026-05-20 15:45:00,417.4400024414063,1000.0,0,0.0,1000.0
2026-05-20 15:50:00,417.1400146484375,1000.0,0,0.0,1000.0
2026-05-20 15:55:00,417.2998962402344,1000.0,0,0.0,1000.0
2026-05-20 16:00:00,417.8599853515625,1000.0,0,0.0,1000.0
2026-05-20 16:05:00,417.7999877929688,1000.0,0,0.0,1000.0
2026-05-20 16:10:00,417.6799926757813,1000.0,0,0.0,1000.0
2026-05-20 16:15:00,417.4599914550781,1000.0,0,0.0,1000.0
2026-05-20 16:20:00,418.3299865722656,1000.0,0,0.0,1000.0
2026-05-20 16:25:00,418.4249877929688,1000.0,0,0.0,1000.0
2026-05-20 16:30:00,417.5856018066406,1000.0,0,0.0,1000.0
2026-05-20 16:35:00,417.4840087890625,1000.0,0,0.0,1000.0
2026-05-20 16:40:00,417.9599914550781,1000.0,0,0.0,1000.0
2026-05-20 16:45:00,417.2898864746094,1000.0,0,0.0,1000.0
2026-05-20 16:50:00,416.9599914550781,1000.0,0,0.0,1000.0
2026-05-20 16:55:00,417.80999755859375,1000.0,0,0.0,1000.0
2026-05-20 17:00:00,418.6499938964844,1000.0,0,0.0,1000.0
2026-05-20 17:05:00,418.9700012207031,1000.0,0,0.0,1000.0
2026-05-20 17:10:00,419.4782104492188,1000.0,0,0.0,1000.0
2026-05-20 17:15:00,419.4150085449219,1000.0,0,0.0,1000.0
2026-05-20 17:20:00,418.9399108886719,1000.0,0,0.0,1000.0
2026-05-20 17:25:00,419.3424987792969,1000.0,0,0.0,1000.0
2026-05-20 17:30:00,419.4700012207031,1000.0,0,0.0,1000.0
2026-05-20 17:35:00,420.3299865722656,1000.0,0,0.0,1000.0
2026-05-20 17:40:00,421.0,1000.0,0,0.0,1000.0
2026-05-20 17:45:00,420.6799926757813,1000.0,0,0.0,1000.0
2026-05-20 17:50:00,420.7284851074219,1000.0,0,0.0,1000.0
2026-05-20 17:55:00,420.2099914550781,1000.0,0,0.0,1000.0
2026-05-20 18:00:00,419.9200134277344,1000.0,0,0.0,1000.0
2026-05-20 18:05:00,419.1300048828125,1000.0,0,0.0,1000.0
2026-05-20 18:10:00,419.6799926757813,1000.0,0,0.0,1000.0
2026-05-20 18:15:00,420.0549926757813,1000.0,0,0.0,1000.0
2026-05-20 18:20:00,420.2170104980469,1000.0,0,0.0,1000.0
2026-05-20 18:25:00,420.4500122070313,1000.0,0,0.0,1000.0
2026-05-20 18:30:00,420.239990234375,1000.0,0,0.0,1000.0
2026-05-20 18:35:00,420.4100036621094,1000.0,0,0.0,1000.0
2026-05-20 18:40:00,419.93499755859375,1000.0,0,0.0,1000.0
2026-05-20 18:45:00,420.114990234375,1000.0,0,0.0,1000.0
2026-05-20 18:50:00,419.9150085449219,1000.0,0,0.0,1000.0
2026-05-20 18:55:00,419.8900146484375,1000.0,0,0.0,1000.0
2026-05-20 19:00:00,419.7716979980469,1000.0,0,0.0,1000.0
2026-05-20 19:05:00,419.385009765625,1000.0,0,0.0,1000.0
2026-05-20 19:10:00,419.8450012207031,1000.0,0,0.0,1000.0
2026-05-20 19:15:00,419.8399963378906,1000.0,0,0.0,1000.0
2026-05-20 19:20:00,420.1900024414063,1000.0,0,0.0,1000.0
2026-05-20 19:25:00,420.4599914550781,1000.0,0,0.0,1000.0
2026-05-20 19:30:00,420.2799987792969,1000.0,0,0.0,1000.0
2026-05-20 19:35:00,420.739990234375,1000.0,0,0.0,1000.0
2026-05-20 19:40:00,421.3599853515625,1000.0,0,0.0,1000.0
2026-05-20 19:45:00,421.2000122070313,1000.0,0,0.0,1000.0
2026-05-20 19:50:00,421.4299926757813,1000.0,0,0.0,1000.0
2026-05-20 19:55:00,421.05999755859375,1000.0,0,0.0,1000.0
2026-05-21 13:30:00,423.6600036621094,1000.0,0,0.0,1000.0
2026-05-21 13:35:00,420.1499938964844,1000.0,0,0.0,1000.0
2026-05-21 13:40:00,420.29681396484375,1000.0,0,0.0,1000.0
2026-05-21 13:45:00,418.80999755859375,1000.0,0,0.0,1000.0
2026-05-21 13:50:00,419.4500122070313,1000.0,0,0.0,1000.0
2026-05-21 13:55:00,418.5499877929688,1000.0,0,0.0,1000.0
2026-05-21 14:00:00,417.8349914550781,1000.0,0,0.0,1000.0
2026-05-21 14:05:00,419.114990234375,1000.0,0,0.0,1000.0
2026-05-21 14:10:00,417.9299011230469,1000.0,0,0.0,1000.0
2026-05-21 14:15:00,415.9549865722656,1000.0,0,0.0,1000.0
2026-05-21 14:20:00,417.2699890136719,1000.0,0,0.0,1000.0
2026-05-21 14:25:00,417.3200073242188,1000.0,0,0.0,1000.0
2026-05-21 14:30:00,416.739990234375,1000.0,0,0.0,1000.0
2026-05-21 14:35:00,416.6900024414063,1000.0,0,0.0,1000.0
2026-05-21 14:40:00,417.25,1000.0,0,0.0,1000.0
2026-05-21 14:45:00,417.3150024414063,1000.0,0,0.0,1000.0
2026-05-21 14:50:00,418.4198913574219,1000.0,0,0.0,1000.0
2026-05-21 14:55:00,418.7099914550781,1000.0,0,0.0,1000.0
2026-05-21 15:00:00,418.3150024414063,1000.0,0,0.0,1000.0
2026-05-21 15:05:00,417.5250854492188,1000.0,0,0.0,1000.0
2026-05-21 15:10:00,417.875,1000.0,0,0.0,1000.0
2026-05-21 15:15:00,418.364990234375,1000.0,0,0.0,1000.0
2026-05-21 15:20:00,418.4599914550781,1000.0,0,0.0,1000.0
2026-05-21 15:25:00,418.7799987792969,1000.0,0,0.0,1000.0
2026-05-21 15:30:00,418.2200012207031,1000.0,0,0.0,1000.0
2026-05-21 15:35:00,418.2099914550781,1000.0,0,0.0,1000.0
2026-05-21 15:40:00,418.2200012207031,1000.0,0,0.0,1000.0
2026-05-21 15:45:00,418.4700012207031,1000.0,0,0.0,1000.0
2026-05-21 15:50:00,418.1799926757813,1000.0,0,0.0,1000.0
2026-05-21 15:55:00,418.2000122070313,1000.0,0,0.0,1000.0
2026-05-21 16:00:00,417.8924865722656,1000.0,0,0.0,1000.0
2026-05-21 16:05:00,417.75,1000.0,0,0.0,1000.0
2026-05-21 16:10:00,417.4500122070313,1000.0,0,0.0,1000.0
2026-05-21 16:15:00,417.80999755859375,1000.0,0,0.0,1000.0
2026-05-21 16:20:00,417.25,1000.0,0,0.0,1000.0
2026-05-21 16:25:00,417.1900024414063,1000.0,0,0.0,1000.0
2026-05-21 16:30:00,416.9700012207031,1000.0,0,0.0,1000.0
2026-05-21 16:35:00,417.4599914550781,1000.0,0,0.0,1000.0
2026-05-21 16:40:00,416.8049926757813,1000.0,0,0.0,1000.0
2026-05-21 16:45:00,416.510009765625,1000.0,0,0.0,1000.0
2026-05-21 16:50:00,416.6000061035156,1000.0,0,0.0,1000.0
2026-05-21 16:55:00,416.25,1000.0,0,0.0,1000.0
2026-05-21 17:00:00,416.3599853515625,1000.0,0,0.0,1000.0
2026-05-21 17:05:00,416.1400146484375,1000.0,0,0.0,1000.0
2026-05-21 17:10:00,417.1900024414063,1000.0,0,0.0,1000.0
2026-05-21 17:15:00,417.260009765625,1000.0,0,0.0,1000.0
2026-05-21 17:20:00,417.30999755859375,1000.0,0,0.0,1000.0
2026-05-21 17:25:00,417.4267883300781,1000.0,0,0.0,1000.0
2026-05-21 17:30:00,417.5700073242188,1000.0,0,0.0,1000.0
2026-05-21 17:35:00,418.1000061035156,1000.0,0,0.0,1000.0
2026-05-21 17:40:00,418.3200073242188,1000.0,0,0.0,1000.0
2026-05-21 17:45:00,418.6300048828125,1000.0,0,0.0,1000.0
2026-05-21 17:50:00,419.864990234375,1000.0,0,0.0,1000.0
2026-05-21 17:55:00,419.110107421875,1000.0,0,0.0,1000.0
2026-05-21 18:00:00,418.55999755859375,1000.0,0,0.0,1000.0
2026-05-21 18:05:00,418.3901062011719,1000.0,0,0.0,1000.0
2026-05-21 18:10:00,418.0650024414063,1000.0,0,0.0,1000.0
2026-05-21 18:15:00,417.7900085449219,1000.0,0,0.0,1000.0
2026-05-21 18:20:00,418.3200073242188,1000.0,0,0.0,1000.0
2026-05-21 18:25:00,418.9595031738281,1000.0,0,0.0,1000.0
2026-05-21 18:30:00,419.0150146484375,1000.0,0,0.0,1000.0
2026-05-21 18:35:00,419.1000061035156,1000.0,0,0.0,1000.0
2026-05-21 18:40:00,419.6300048828125,1000.0,0,0.0,1000.0
2026-05-21 18:45:00,419.2304992675781,1000.0,0,0.0,1000.0
2026-05-21 18:50:00,418.1300048828125,1000.0,0,0.0,1000.0
2026-05-21 18:55:00,418.6553955078125,1000.0,0,0.0,1000.0
2026-05-21 19:00:00,419.1499938964844,1000.0,0,0.0,1000.0
2026-05-21 19:05:00,419.0499877929688,1000.0,0,0.0,1000.0
2026-05-21 19:10:00,418.9700012207031,1000.0,0,0.0,1000.0
2026-05-21 19:15:00,419.3250122070313,1000.0,0,0.0,1000.0
2026-05-21 19:20:00,418.9700012207031,1000.0,0,0.0,1000.0
2026-05-21 19:25:00,418.9500122070313,1000.0,0,0.0,1000.0
2026-05-21 19:30:00,418.6400146484375,1000.0,0,0.0,1000.0
2026-05-21 19:35:00,418.8930969238281,1000.0,0,0.0,1000.0
2026-05-21 19:40:00,419.0199890136719,1000.0,0,0.0,1000.0
2026-05-21 19:45:00,418.864990234375,1000.0,0,0.0,1000.0
2026-05-21 19:50:00,417.5899963378906,1000.0,0,0.0,1000.0
2026-05-21 19:55:00,419.0400085449219,1000.0,0,0.0,1000.0
2026-05-22 13:30:00,421.739990234375,1000.0,0,0.0,1000.0
2026-05-22 13:35:00,423.8638000488281,1000.0,0,0.0,1000.0
2026-05-22 13:40:00,422.0745849609375,1000.0,0,0.0,1000.0
2026-05-22 13:45:00,422.5700073242188,1000.0,0,0.0,1000.0
2026-05-22 13:50:00,421.1271057128906,1000.0,0,0.0,1000.0
2026-05-22 13:55:00,420.3399963378906,1000.0,0,0.0,1000.0
2026-05-22 14:00:00,419.9249877929688,1000.0,0,0.0,1000.0
2026-05-22 14:05:00,418.5650024414063,1000.0,0,0.0,1000.0
2026-05-22 14:10:00,418.8299865722656,1000.0,0,0.0,1000.0
2026-05-22 14:15:00,417.9100036621094,1000.0,0,0.0,1000.0
2026-05-22 14:20:00,417.0455932617188,1000.0,0,0.0,1000.0
2026-05-22 14:25:00,416.7000122070313,1000.0,0,0.0,1000.0
2026-05-22 14:30:00,416.6499938964844,1000.0,0,0.0,1000.0
2026-05-22 14:35:00,417.4800109863281,1000.0,0,0.0,1000.0
2026-05-22 14:40:00,418.0750122070313,1000.0,0,0.0,1000.0
2026-05-22 14:45:00,418.2999877929688,1000.0,0,0.0,1000.0
2026-05-22 14:50:00,417.84869384765625,1000.0,0,0.0,1000.0
2026-05-22 14:55:00,417.55999755859375,1000.0,0,0.0,1000.0
2026-05-22 15:00:00,418.239990234375,1000.0,0,0.0,1000.0
2026-05-22 15:05:00,418.7999877929688,1000.0,0,0.0,1000.0
2026-05-22 15:10:00,418.6400146484375,1000.0,0,0.0,1000.0
2026-05-22 15:15:00,419.1914978027344,1000.0,0,0.0,1000.0
2026-05-22 15:20:00,419.0199890136719,1000.0,0,0.0,1000.0
2026-05-22 15:25:00,419.385009765625,1000.0,0,0.0,1000.0
2026-05-22 15:30:00,419.1199951171875,1000.0,0,0.0,1000.0
2026-05-22 15:35:00,418.75,1000.0,0,0.0,1000.0
2026-05-22 15:40:00,418.7300109863281,1000.0,0,0.0,1000.0
2026-05-22 15:45:00,418.8699951171875,1000.0,0,0.0,1000.0
2026-05-22 15:50:00,419.3999938964844,1000.0,0,0.0,1000.0
2026-05-22 15:55:00,419.9200134277344,1000.0,0,0.0,1000.0
2026-05-22 16:00:00,420.3349914550781,1000.0,0,0.0,1000.0
2026-05-22 16:05:00,420.0050048828125,1000.0,0,0.0,1000.0
2026-05-22 16:10:00,419.7999877929688,1000.0,0,0.0,1000.0
2026-05-22 16:15:00,419.4800109863281,1000.0,0,0.0,1000.0
2026-05-22 16:20:00,419.8500061035156,1000.0,0,0.0,1000.0
2026-05-22 16:25:00,419.6099853515625,1000.0,0,0.0,1000.0
2026-05-22 16:30:00,419.6000061035156,1000.0,0,0.0,1000.0
2026-05-22 16:35:00,419.25,1000.0,0,0.0,1000.0
2026-05-22 16:40:00,419.3049926757813,1000.0,0,0.0,1000.0
2026-05-22 16:45:00,419.1449890136719,1000.0,0,0.0,1000.0
2026-05-22 16:50:00,419.1499938964844,1000.0,0,0.0,1000.0
2026-05-22 16:55:00,418.7000122070313,1000.0,0,0.0,1000.0
2026-05-22 17:00:00,418.8699951171875,1000.0,0,0.0,1000.0
2026-05-22 17:05:00,418.6300048828125,1000.0,0,0.0,1000.0
2026-05-22 17:10:00,418.7887878417969,1000.0,0,0.0,1000.0
2026-05-22 17:15:00,418.4800109863281,1000.0,0,0.0,1000.0
2026-05-22 17:20:00,418.30999755859375,1000.0,0,0.0,1000.0
2026-05-22 17:25:00,418.8100891113281,1000.0,0,0.0,1000.0
2026-05-22 17:30:00,418.7900085449219,1000.0,0,0.0,1000.0
2026-05-22 17:35:00,419.135009765625,1000.0,0,0.0,1000.0
2026-05-22 17:40:00,418.9800109863281,1000.0,0,0.0,1000.0
2026-05-22 17:45:00,418.875,1000.0,0,0.0,1000.0
2026-05-22 17:50:00,418.239990234375,1000.0,0,0.0,1000.0
2026-05-22 17:55:00,417.6400146484375,1000.0,0,0.0,1000.0
2026-05-22 18:00:00,417.6499938964844,1000.0,0,0.0,1000.0
2026-05-22 18:05:00,417.7001037597656,1000.0,0,0.0,1000.0
2026-05-22 18:10:00,417.9400024414063,1000.0,0,0.0,1000.0
2026-05-22 18:15:00,418.2999877929688,1000.0,0,0.0,1000.0
2026-05-22 18:20:00,418.8900146484375,1000.0,0,0.0,1000.0
2026-05-22 18:25:00,418.8200073242188,1000.0,0,0.0,1000.0
2026-05-22 18:30:00,419.2200012207031,1000.0,0,0.0,1000.0
2026-05-22 18:35:00,419.6300048828125,1000.0,0,0.0,1000.0
2026-05-22 18:40:00,419.260009765625,1000.0,0,0.0,1000.0
2026-05-22 18:45:00,418.5350036621094,1000.0,0,0.0,1000.0
2026-05-22 18:50:00,418.9049987792969,1000.0,0,0.0,1000.0
2026-05-22 18:55:00,418.8999938964844,1000.0,0,0.0,1000.0
2026-05-22 19:00:00,418.8999938964844,1000.0,0,0.0,1000.0
2026-05-22 19:05:00,418.9299926757813,1000.0,0,0.0,1000.0
2026-05-22 19:10:00,419.04010009765625,1000.0,0,0.0,1000.0
2026-05-22 19:15:00,418.8500061035156,1000.0,0,0.0,1000.0
2026-05-22 19:20:00,418.75,1000.0,0,0.0,1000.0
2026-05-22 19:25:00,418.2999877929688,1000.0,0,0.0,1000.0
2026-05-22 19:30:00,418.3800048828125,1000.0,0,0.0,1000.0
2026-05-22 19:35:00,418.3599853515625,1000.0,0,0.0,1000.0
2026-05-22 19:40:00,418.4800109863281,1000.0,0,0.0,1000.0
2026-05-22 19:45:00,418.614990234375,1000.0,0,0.0,1000.0
2026-05-22 19:50:00,418.5799865722656,1000.0,0,0.0,1000.0
2026-05-22 19:55:00,418.5799865722656,1000.0,0,0.0,1000.0
2026-05-26 13:30:00,416.3799133300781,1000.0,0,0.0,1000.0
2026-05-26 13:35:00,415.4299926757813,1000.0,0,0.0,1000.0
2026-05-26 13:40:00,415.5450134277344,1000.0,0,0.0,1000.0
2026-05-26 13:45:00,416.6900024414063,1000.0,0,0.0,1000.0
2026-05-26 13:50:00,415.3599853515625,1000.0,0,0.0,1000.0
2026-05-26 13:55:00,417.7300109863281,1000.0,0,0.0,1000.0
2026-05-26 14:00:00,418.3699951171875,1000.0,0,0.0,1000.0
2026-05-26 14:05:00,418.1700134277344,1000.0,0,0.0,1000.0
2026-05-26 14:10:00,417.9800109863281,1000.0,0,0.0,1000.0
2026-05-26 14:15:00,418.260009765625,1000.0,0,0.0,1000.0
2026-05-26 14:20:00,419.489990234375,1000.0,0,0.0,1000.0
2026-05-26 14:25:00,418.9849853515625,1000.0,0,0.0,1000.0
2026-05-26 14:30:00,417.989990234375,1000.0,0,0.0,1000.0
2026-05-26 14:35:00,417.5,1000.0,0,0.0,1000.0
2026-05-26 14:40:00,417.3500061035156,1000.0,0,0.0,1000.0
2026-05-26 14:45:00,415.3999938964844,1000.0,0,0.0,1000.0
2026-05-26 14:50:00,415.864990234375,1000.0,0,0.0,1000.0
2026-05-26 14:55:00,415.239990234375,1000.0,0,0.0,1000.0
2026-05-26 15:00:00,414.7300109863281,1000.0,0,0.0,1000.0
2026-05-26 15:05:00,414.7499084472656,1000.0,0,0.0,1000.0
2026-05-26 15:10:00,414.3399963378906,1000.0,0,0.0,1000.0
2026-05-26 15:15:00,414.989990234375,1000.0,0,0.0,1000.0
2026-05-26 15:20:00,415.8800048828125,1000.0,0,0.0,1000.0
2026-05-26 15:25:00,415.2149963378906,1000.0,0,0.0,1000.0
2026-05-26 15:30:00,415.9299926757813,1000.0,0,0.0,1000.0
2026-05-26 15:35:00,416.0450134277344,1000.0,0,0.0,1000.0
2026-05-26 15:40:00,415.6495056152344,1000.0,0,0.0,1000.0
2026-05-26 15:45:00,415.6499938964844,1000.0,0,0.0,1000.0
2026-05-26 15:50:00,415.0650024414063,1000.0,0,0.0,1000.0
2026-05-26 15:55:00,415.0499877929688,1000.0,0,0.0,1000.0
2026-05-26 16:00:00,415.0801086425781,1000.0,0,0.0,1000.0
2026-05-26 16:05:00,415.25,1000.0,0,0.0,1000.0
2026-05-26 16:10:00,414.6799926757813,1000.0,0,0.0,1000.0
2026-05-26 16:15:00,415.0400085449219,1000.0,0,0.0,1000.0
2026-05-26 16:20:00,415.7300109863281,1000.0,0,0.0,1000.0
2026-05-26 16:25:00,415.989990234375,1000.0,0,0.0,1000.0
2026-05-26 16:30:00,416.0199890136719,1000.0,0,0.0,1000.0
2026-05-26 16:35:00,415.4299926757813,1000.0,0,0.0,1000.0
2026-05-26 16:40:00,415.3049926757813,1000.0,0,0.0,1000.0
2026-05-26 16:45:00,414.8949890136719,1000.0,0,0.0,1000.0
2026-05-26 16:50:00,414.7699890136719,1000.0,0,0.0,1000.0
2026-05-26 16:55:00,414.4226989746094,1000.0,0,0.0,1000.0
2026-05-26 17:00:00,414.010009765625,1000.0,0,0.0,1000.0
2026-05-26 17:05:00,414.0382080078125,1000.0,0,0.0,1000.0
2026-05-26 17:10:00,413.9249877929688,1000.0,0,0.0,1000.0
2026-05-26 17:15:00,413.989990234375,1000.0,0,0.0,1000.0
2026-05-26 17:20:00,413.4750061035156,1000.0,0,0.0,1000.0
2026-05-26 17:25:00,413.6549987792969,1000.0,0,0.0,1000.0
2026-05-26 17:30:00,413.5899963378906,1000.0,0,0.0,1000.0
2026-05-26 17:35:00,413.1099853515625,1000.0,0,0.0,1000.0
2026-05-26 17:40:00,413.3713073730469,1000.0,0,0.0,1000.0
2026-05-26 17:45:00,413.4500122070313,1000.0,0,0.0,1000.0
2026-05-26 17:50:00,414.0299072265625,1000.0,0,0.0,1000.0
2026-05-26 17:55:00,413.75,1000.0,0,0.0,1000.0
2026-05-26 18:00:00,414.2254943847656,1000.0,0,0.0,1000.0
2026-05-26 18:05:00,414.8500061035156,1000.0,0,0.0,1000.0
2026-05-26 18:10:00,414.760009765625,1000.0,0,0.0,1000.0
2026-05-26 18:15:00,415.4010009765625,1000.0,0,0.0,1000.0
2026-05-26 18:20:00,415.4200134277344,1000.0,0,0.0,1000.0
2026-05-26 18:25:00,415.114990234375,1000.0,0,0.0,1000.0
2026-05-26 18:30:00,415.5400085449219,1000.0,0,0.0,1000.0
2026-05-26 18:35:00,415.6650085449219,1000.0,0,0.0,1000.0
2026-05-26 18:40:00,415.0799865722656,1000.0,0,0.0,1000.0
2026-05-26 18:45:00,415.2228088378906,1000.0,0,0.0,1000.0
2026-05-26 18:50:00,415.2850036621094,1000.0,0,0.0,1000.0
2026-05-26 18:55:00,414.8299865722656,1000.0,0,0.0,1000.0
2026-05-26 19:00:00,414.8599853515625,1000.0,0,0.0,1000.0
2026-05-26 19:05:00,415.2300109863281,1000.0,0,0.0,1000.0
2026-05-26 19:10:00,415.2000122070313,1000.0,0,0.0,1000.0
2026-05-26 19:15:00,415.4400024414063,1000.0,0,0.0,1000.0
2026-05-26 19:20:00,415.8049926757813,1000.0,0,0.0,1000.0
2026-05-26 19:25:00,415.739990234375,1000.0,0,0.0,1000.0
2026-05-26 19:30:00,415.6099853515625,1000.0,0,0.0,1000.0
2026-05-26 19:35:00,415.6401062011719,1000.0,0,0.0,1000.0
2026-05-26 19:40:00,415.6799926757813,1000.0,0,0.0,1000.0
2026-05-26 19:45:00,415.3949890136719,1000.0,0,0.0,1000.0
2026-05-26 19:50:00,416.0499877929688,1000.0,0,0.0,1000.0
2026-05-26 19:55:00,416.1499938964844,1000.0,0,0.0,1000.0
2026-05-27 13:30:00,412.1192932128906,1000.0,0,0.0,1000.0
2026-05-27 13:35:00,412.0400085449219,1000.0,0,0.0,1000.0
2026-05-27 13:40:00,412.5700073242188,1000.0,0,0.0,1000.0
2026-05-27 13:45:00,411.6199951171875,1000.0,0,0.0,1000.0
2026-05-27 13:50:00,411.8399963378906,1000.0,0,0.0,1000.0
2026-05-27 13:55:00,411.4400024414063,1000.0,0,0.0,1000.0
2026-05-27 14:00:00,412.1700134277344,1000.0,0,0.0,1000.0
2026-05-27 14:05:00,412.8550109863281,1000.0,0,0.0,1000.0
2026-05-27 14:10:00,413.5199890136719,1000.0,0,0.0,1000.0
2026-05-27 14:15:00,413.1749877929688,1000.0,0,0.0,1000.0
2026-05-27 14:20:00,414.0750122070313,1000.0,0,0.0,1000.0
2026-05-27 14:25:00,415.05999755859375,1000.0,0,0.0,1000.0
2026-05-27 14:30:00,414.9849853515625,1000.0,0,0.0,1000.0
2026-05-27 14:35:00,415.5899963378906,1000.0,0,0.0,1000.0
2026-05-27 14:40:00,415.05999755859375,1000.0,0,0.0,1000.0
2026-05-27 14:45:00,415.3200073242188,1000.0,0,0.0,1000.0
2026-05-27 14:50:00,414.3200073242188,1000.0,0,0.0,1000.0
2026-05-27 14:55:00,414.5499877929688,1000.0,0,0.0,1000.0
2026-05-27 15:00:00,415.42718505859375,1000.0,0,0.0,1000.0
2026-05-27 15:05:00,414.4249877929688,1000.0,0,0.0,1000.0
2026-05-27 15:10:00,413.7799987792969,1000.0,0,0.0,1000.0
2026-05-27 15:15:00,412.9750061035156,1000.0,0,0.0,1000.0
2026-05-27 15:20:00,413.4024963378906,1000.0,0,0.0,1000.0
2026-05-27 15:25:00,412.8500061035156,1000.0,0,0.0,1000.0
2026-05-27 15:30:00,413.0950012207031,1000.0,0,0.0,1000.0
2026-05-27 15:35:00,413.3599853515625,1000.0,0,0.0,1000.0
2026-05-27 15:40:00,412.5815124511719,1000.0,0,0.0,1000.0
2026-05-27 15:45:00,412.7900085449219,1000.0,0,0.0,1000.0
2026-05-27 15:50:00,412.739990234375,1000.0,0,0.0,1000.0
2026-05-27 15:55:00,412.8599853515625,1000.0,0,0.0,1000.0
2026-05-27 16:00:00,413.0249938964844,1000.0,0,0.0,1000.0
2026-05-27 16:05:00,413.3299865722656,1000.0,0,0.0,1000.0
2026-05-27 16:10:00,412.7699890136719,1000.0,0,0.0,1000.0
2026-05-27 16:15:00,412.9400024414063,1000.0,0,0.0,1000.0
2026-05-27 16:20:00,412.9150085449219,1000.0,0,0.0,1000.0
2026-05-27 16:25:00,412.7699890136719,1000.0,0,0.0,1000.0
2026-05-27 16:30:00,412.7950134277344,1000.0,0,0.0,1000.0
2026-05-27 16:35:00,413.3599853515625,1000.0,0,0.0,1000.0
2026-05-27 16:40:00,413.5950012207031,1000.0,0,0.0,1000.0
2026-05-27 16:45:00,413.6650085449219,1000.0,0,0.0,1000.0
2026-05-27 16:50:00,413.8999938964844,1000.0,0,0.0,1000.0
2026-05-27 16:55:00,413.885009765625,1000.0,0,0.0,1000.0
2026-05-27 17:00:00,413.6400146484375,1000.0,0,0.0,1000.0
2026-05-27 17:05:00,412.6199951171875,1000.0,0,0.0,1000.0
2026-05-27 17:10:00,412.4150085449219,1000.0,0,0.0,1000.0
2026-05-27 17:15:00,411.9100036621094,1000.0,0,0.0,1000.0
2026-05-27 17:20:00,411.4049987792969,1000.0,0,0.0,1000.0
2026-05-27 17:25:00,411.4400024414063,1000.0,0,0.0,1000.0
2026-05-27 17:30:00,411.6400146484375,1000.0,0,0.0,1000.0
2026-05-27 17:35:00,411.739990234375,1000.0,0,0.0,1000.0
2026-05-27 17:40:00,411.5450134277344,1000.0,0,0.0,1000.0
2026-05-27 17:45:00,411.6900024414063,1000.0,0,0.0,1000.0
2026-05-27 17:50:00,411.6900024414063,1000.0,0,0.0,1000.0
2026-05-27 17:55:00,411.6300048828125,1000.0,0,0.0,1000.0
2026-05-27 18:00:00,412.3049926757813,1000.0,0,0.0,1000.0
2026-05-27 18:05:00,412.4249877929688,1000.0,0,0.0,1000.0
2026-05-27 18:10:00,412.4249877929688,1000.0,0,0.0,1000.0
2026-05-27 18:15:00,412.5799865722656,1000.0,0,0.0,1000.0
2026-05-27 18:20:00,412.7598876953125,1000.0,0,0.0,1000.0
2026-05-27 18:25:00,412.7200012207031,1000.0,0,0.0,1000.0
2026-05-27 18:30:00,412.6000061035156,1000.0,0,0.0,1000.0
2026-05-27 18:35:00,412.385009765625,1000.0,0,0.0,1000.0
2026-05-27 18:40:00,412.3999938964844,1000.0,0,0.0,1000.0
2026-05-27 18:45:00,412.75,1000.0,0,0.0,1000.0
2026-05-27 18:50:00,412.6549987792969,1000.0,0,0.0,1000.0
2026-05-27 18:55:00,412.5199890136719,1000.0,0,0.0,1000.0
2026-05-27 19:00:00,411.8250122070313,1000.0,0,0.0,1000.0
2026-05-27 19:05:00,411.7749938964844,1000.0,0,0.0,1000.0
2026-05-27 19:10:00,412.7279968261719,1000.0,0,0.0,1000.0
2026-05-27 19:15:00,413.1600036621094,1000.0,0,0.0,1000.0
2026-05-27 19:20:00,413.1300964355469,1000.0,0,0.0,1000.0
2026-05-27 19:25:00,413.4100036621094,1000.0,0,0.0,1000.0
2026-05-27 19:30:00,412.760009765625,1000.0,0,0.0,1000.0
2026-05-27 19:35:00,413.2250061035156,1000.0,0,0.0,1000.0
2026-05-27 19:40:00,413.2449951171875,1000.0,0,0.0,1000.0
2026-05-27 19:45:00,413.4249877929688,1000.0,0,0.0,1000.0
2026-05-27 19:50:00,412.5450134277344,1000.0,0,0.0,1000.0
2026-05-27 19:55:00,412.6900024414063,1000.0,0,0.0,1000.0
2026-05-28 13:30:00,415.125,1000.0,0,0.0,1000.0
2026-05-28 13:35:00,415.5199890136719,1000.0,0,0.0,1000.0
2026-05-28 13:40:00,418.7999877929688,1000.0,0,0.0,1000.0
2026-05-28 13:45:00,421.6900024414063,1000.0,0,0.0,1000.0
2026-05-28 13:50:00,422.739990234375,1000.0,0,0.0,1000.0
2026-05-28 13:55:00,424.4800109863281,1000.0,0,0.0,1000.0
2026-05-28 14:00:00,427.4985961914063,1000.0,0,0.0,1000.0
2026-05-28 14:05:00,425.6499938964844,1000.0,0,0.0,1000.0
2026-05-28 14:10:00,426.4599914550781,1000.0,0,0.0,1000.0
2026-05-28 14:15:00,428.4700012207031,1000.0,0,0.0,1000.0
2026-05-28 14:20:00,426.3999938964844,1000.0,0,0.0,1000.0
2026-05-28 14:25:00,425.25628662109375,1000.0,0,0.0,1000.0
2026-05-28 14:30:00,423.4400024414063,1000.0,0,0.0,1000.0
2026-05-28 14:35:00,422.3078918457031,1000.0,0,0.0,1000.0
2026-05-28 14:40:00,425.5799865722656,1000.0,0,0.0,1000.0
2026-05-28 14:45:00,424.989990234375,1000.0,0,0.0,1000.0
2026-05-28 14:50:00,425.1650085449219,1000.0,0,0.0,1000.0
2026-05-28 14:55:00,424.3500061035156,1000.0,0,0.0,1000.0
2026-05-28 15:00:00,425.260009765625,1000.0,0,0.0,1000.0
2026-05-28 15:05:00,423.55999755859375,1000.0,0,0.0,1000.0
2026-05-28 15:10:00,423.625,1000.0,0,0.0,1000.0
2026-05-28 15:15:00,424.3999938964844,1000.0,0,0.0,1000.0
2026-05-28 15:20:00,424.7300109863281,1000.0,0,0.0,1000.0
2026-05-28 15:25:00,424.75,1000.0,0,0.0,1000.0
2026-05-28 15:30:00,424.1900024414063,1000.0,0,0.0,1000.0
2026-05-28 15:35:00,424.4849853515625,1000.0,0,0.0,1000.0
2026-05-28 15:40:00,425.05999755859375,1000.0,0,0.0,1000.0
2026-05-28 15:45:00,425.0249938964844,1000.0,0,0.0,1000.0
2026-05-28 15:50:00,424.6000061035156,1000.0,0,0.0,1000.0
2026-05-28 15:55:00,425.0,1000.0,0,0.0,1000.0
2026-05-28 16:00:00,424.739990234375,1000.0,0,0.0,1000.0
2026-05-28 16:05:00,424.6749877929688,1000.0,0,0.0,1000.0
2026-05-28 16:10:00,424.2000122070313,1000.0,0,0.0,1000.0
2026-05-28 16:15:00,425.3999938964844,1000.0,0,0.0,1000.0
2026-05-28 16:20:00,425.739990234375,1000.0,0,0.0,1000.0
2026-05-28 16:25:00,425.8450012207031,1000.0,0,0.0,1000.0
2026-05-28 16:30:00,425.8200073242188,1000.0,0,0.0,1000.0
2026-05-28 16:35:00,426.1799926757813,1000.0,0,0.0,1000.0
2026-05-28 16:40:00,425.9450073242188,1000.0,0,0.0,1000.0
2026-05-28 16:45:00,424.1650085449219,1000.0,0,0.0,1000.0
2026-05-28 16:50:00,423.5549926757813,1000.0,0,0.0,1000.0
2026-05-28 16:55:00,424.4566955566406,1000.0,0,0.0,1000.0
2026-05-28 17:00:00,424.9599914550781,1000.0,0,0.0,1000.0
2026-05-28 17:05:00,425.3348083496094,1000.0,0,0.0,1000.0
2026-05-28 17:10:00,424.6600036621094,1000.0,0,0.0,1000.0
2026-05-28 17:15:00,425.1199951171875,1000.0,0,0.0,1000.0
2026-05-28 17:20:00,425.8200073242188,1000.0,0,0.0,1000.0
2026-05-28 17:25:00,425.80999755859375,1000.0,0,0.0,1000.0
2026-05-28 17:30:00,426.25,1000.0,0,0.0,1000.0
2026-05-28 17:35:00,426.4549865722656,1000.0,0,0.0,1000.0
2026-05-28 17:40:00,426.75,1000.0,0,0.0,1000.0
2026-05-28 17:45:00,427.2000122070313,1000.0,0,0.0,1000.0
2026-05-28 17:50:00,427.3200073242188,1000.0,0,0.0,1000.0
2026-05-28 17:55:00,427.4800109863281,1000.0,0,0.0,1000.0
2026-05-28 18:00:00,428.4200134277344,1000.0,0,0.0,1000.0
2026-05-28 18:05:00,427.9649963378906,1000.0,0,0.0,1000.0
2026-05-28 18:10:00,427.8905029296875,1000.0,0,0.0,1000.0
2026-05-28 18:15:00,427.0,1000.0,0,0.0,1000.0
2026-05-28 18:20:00,426.3500061035156,1000.0,0,0.0,1000.0
2026-05-28 18:25:00,426.5,1000.0,0,0.0,1000.0
2026-05-28 18:30:00,426.7200012207031,1000.0,0,0.0,1000.0
2026-05-28 18:35:00,426.3599853515625,1000.0,0,0.0,1000.0
2026-05-28 18:40:00,426.5899963378906,1000.0,0,0.0,1000.0
2026-05-28 18:45:00,426.9200134277344,1000.0,0,0.0,1000.0
2026-05-28 18:50:00,426.660400390625,1000.0,0,0.0,1000.0
2026-05-28 18:55:00,426.0350036621094,1000.0,0,0.0,1000.0
2026-05-28 19:00:00,426.6650085449219,1000.0,0,0.0,1000.0
2026-05-28 19:05:00,426.4049987792969,1000.0,0,0.0,1000.0
2026-05-28 19:10:00,426.55999755859375,1000.0,0,0.0,1000.0
2026-05-28 19:15:00,426.2850036621094,1000.0,0,0.0,1000.0
2026-05-28 19:20:00,426.0700073242188,1000.0,0,0.0,1000.0
2026-05-28 19:25:00,426.0299987792969,1000.0,0,0.0,1000.0
2026-05-28 19:30:00,426.6000061035156,1000.0,0,0.0,1000.0
2026-05-28 19:35:00,426.5050048828125,1000.0,0,0.0,1000.0
2026-05-28 19:40:00,426.25,1000.0,0,0.0,1000.0
2026-05-28 19:45:00,426.0299987792969,1000.0,0,0.0,1000.0
2026-05-28 19:50:00,425.860107421875,1000.0,0,0.0,1000.0
2026-05-28 19:55:00,427.0199890136719,1000.0,0,0.0,1000.0
2026-05-29 13:30:00,438.2049865722656,1000.0,0,0.0,1000.0
2026-05-29 13:35:00,439.385009765625,1000.0,0,0.0,1000.0
2026-05-29 13:40:00,440.8299865722656,1000.0,0,0.0,1000.0
2026-05-29 13:45:00,438.489990234375,1000.0,0,0.0,1000.0
2026-05-29 13:50:00,439.8599853515625,1000.0,0,0.0,1000.0
2026-05-29 13:55:00,441.1400146484375,1000.0,0,0.0,1000.0
2026-05-29 14:00:00,441.5799865722656,1000.0,0,0.0,1000.0
2026-05-29 14:05:00,441.6749877929688,1000.0,0,0.0,1000.0
2026-05-29 14:10:00,440.1401062011719,1000.0,0,0.0,1000.0
2026-05-29 14:15:00,438.4200134277344,1000.0,0,0.0,1000.0
2026-05-29 14:20:00,438.7000122070313,1000.0,0,0.0,1000.0
2026-05-29 14:25:00,439.8900146484375,1000.0,0,0.0,1000.0
2026-05-29 14:30:00,441.4450073242188,1000.0,0,0.0,1000.0
2026-05-29 14:35:00,441.6499938964844,1000.0,0,0.0,1000.0
2026-05-29 14:40:00,442.0700073242188,1000.0,0,0.0,1000.0
2026-05-29 14:45:00,441.5799865722656,1000.0,0,0.0,1000.0
2026-05-29 14:50:00,443.3460083007813,1000.0,0,0.0,1000.0
2026-05-29 14:55:00,444.5299987792969,1000.0,0,0.0,1000.0
2026-05-29 15:00:00,444.7199096679688,1000.0,0,0.0,1000.0
2026-05-29 15:05:00,444.7349853515625,1000.0,0,0.0,1000.0
2026-05-29 15:10:00,444.908203125,1000.0,0,0.0,1000.0
2026-05-29 15:15:00,444.6600036621094,1000.0,0,0.0,1000.0
2026-05-29 15:20:00,443.6351013183594,1000.0,0,0.0,1000.0
2026-05-29 15:25:00,443.6400146484375,1000.0,0,0.0,1000.0
2026-05-29 15:30:00,444.2200012207031,1000.0,0,0.0,1000.0
2026-05-29 15:35:00,443.5199890136719,1000.0,0,0.0,1000.0
2026-05-29 15:40:00,442.8999938964844,1000.0,0,0.0,1000.0
2026-05-29 15:45:00,444.0950012207031,1000.0,0,0.0,1000.0
2026-05-29 15:50:00,442.9500122070313,1000.0,0,0.0,1000.0
2026-05-29 15:55:00,442.7250061035156,1000.0,0,0.0,1000.0
2026-05-29 16:00:00,443.2699890136719,1000.0,0,0.0,1000.0
2026-05-29 16:05:00,443.4949951171875,1000.0,0,0.0,1000.0
2026-05-29 16:10:00,442.9299926757813,1000.0,0,0.0,1000.0
2026-05-29 16:15:00,442.2000122070313,1000.0,0,0.0,1000.0
2026-05-29 16:20:00,442.7650146484375,1000.0,0,0.0,1000.0
2026-05-29 16:25:00,442.6499938964844,1000.0,0,0.0,1000.0
2026-05-29 16:30:00,443.9400024414063,1000.0,0,0.0,1000.0
2026-05-29 16:35:00,444.83990478515625,1000.0,0,0.0,1000.0
2026-05-29 16:40:00,444.727294921875,1000.0,0,0.0,1000.0
2026-05-29 16:45:00,444.25,1000.0,0,0.0,1000.0
2026-05-29 16:50:00,444.135009765625,1000.0,0,0.0,1000.0
2026-05-29 16:55:00,442.9150085449219,1000.0,0,0.0,1000.0
2026-05-29 17:00:00,443.2900085449219,1000.0,0,0.0,1000.0
2026-05-29 17:05:00,443.7999877929688,1000.0,0,0.0,1000.0
2026-05-29 17:10:00,443.7099914550781,1000.0,0,0.0,1000.0
2026-05-29 17:15:00,443.989990234375,1000.0,0,0.0,1000.0
2026-05-29 17:20:00,443.4500122070313,1000.0,0,0.0,1000.0
2026-05-29 17:25:00,443.6300048828125,1000.0,0,0.0,1000.0
2026-05-29 17:30:00,443.25,1000.0,0,0.0,1000.0
2026-05-29 17:35:00,443.3550109863281,1000.0,0,0.0,1000.0
2026-05-29 17:40:00,443.7000122070313,1000.0,0,0.0,1000.0
2026-05-29 17:45:00,443.7999877929688,1000.0,0,0.0,1000.0
2026-05-29 17:50:00,443.1600036621094,1000.0,0,0.0,1000.0
2026-05-29 17:55:00,442.510009765625,1000.0,0,0.0,1000.0
2026-05-29 18:00:00,442.8200073242188,1000.0,0,0.0,1000.0
2026-05-29 18:05:00,442.739990234375,1000.0,0,0.0,1000.0
2026-05-29 18:10:00,442.3299865722656,1000.0,0,0.0,1000.0
2026-05-29 18:15:00,442.489990234375,1000.0,0,0.0,1000.0
2026-05-29 18:20:00,442.55999755859375,1000.0,0,0.0,1000.0
2026-05-29 18:25:00,442.7200012207031,1000.0,0,0.0,1000.0
2026-05-29 18:30:00,443.25,1000.0,0,0.0,1000.0
2026-05-29 18:35:00,443.3699951171875,1000.0,0,0.0,1000.0
2026-05-29 18:40:00,442.3450012207031,1000.0,0,0.0,1000.0
2026-05-29 18:45:00,442.6299133300781,1000.0,0,0.0,1000.0
2026-05-29 18:50:00,441.8102111816406,1000.0,0,0.0,1000.0
2026-05-29 18:55:00,441.5899963378906,1000.0,0,0.0,1000.0
2026-05-29 19:00:00,441.6950073242188,1000.0,0,0.0,1000.0
2026-05-29 19:05:00,442.2699890136719,1000.0,0,0.0,1000.0
2026-05-29 19:10:00,442.8999938964844,1000.0,0,0.0,1000.0
2026-05-29 19:15:00,442.7650146484375,1000.0,0,0.0,1000.0
2026-05-29 19:20:00,443.0650024414063,1000.0,0,0.0,1000.0
2026-05-29 19:25:00,443.5299987792969,1000.0,0,0.0,1000.0
2026-05-29 19:30:00,443.0499877929688,1000.0,0,0.0,1000.0
2026-05-29 19:35:00,443.135009765625,1000.0,0,0.0,1000.0
2026-05-29 19:40:00,442.8599853515625,1000.0,0,0.0,1000.0
2026-05-29 19:45:00,443.260009765625,1000.0,0,0.0,1000.0
2026-05-29 19:50:00,448.1400146484375,1000.0,0,0.0,1000.0
2026-05-29 19:55:00,448.6400146484375,1000.0,0,0.0,1000.0
2026-06-01 13:30:00,460.5,1000.0,0,0.0,1000.0
2026-06-01 13:35:00,462.3200073242188,1000.0,0,0.0,1000.0
2026-06-01 13:40:00,463.0299987792969,1000.0,0,0.0,1000.0
2026-06-01 13:45:00,461.2398986816406,1000.0,0,0.0,1000.0
2026-06-01 13:50:00,463.6749877929688,1000.0,0,0.0,1000.0
2026-06-01 13:55:00,464.8699951171875,1000.0,0,0.0,1000.0
2026-06-01 14:00:00,462.9700012207031,1000.0,0,0.0,1000.0
2026-06-01 14:05:00,462.1600036621094,1000.0,0,0.0,1000.0
2026-06-01 14:10:00,460.8695068359375,1000.0,0,0.0,1000.0
2026-06-01 14:15:00,461.0400085449219,1000.0,0,0.0,1000.0
2026-06-01 14:20:00,461.5000915527344,1000.0,0,0.0,1000.0
2026-06-01 14:25:00,461.7950134277344,1000.0,0,0.0,1000.0
2026-06-01 14:30:00,460.091796875,1000.0,0,0.0,1000.0
2026-06-01 14:35:00,459.5050048828125,1000.0,0,0.0,1000.0
2026-06-01 14:40:00,461.6199951171875,1000.0,0,0.0,1000.0
2026-06-01 14:45:00,461.6200866699219,1000.0,0,0.0,1000.0
2026-06-01 14:50:00,460.510009765625,1000.0,0,0.0,1000.0
2026-06-01 14:55:00,463.2000122070313,1000.0,0,0.0,1000.0
2026-06-01 15:00:00,461.3949890136719,1000.0,0,0.0,1000.0
2026-06-01 15:05:00,460.1199951171875,1000.0,0,0.0,1000.0
2026-06-01 15:10:00,461.1448059082031,1000.0,0,0.0,1000.0
2026-06-01 15:15:00,461.6000061035156,1000.0,0,0.0,1000.0
2026-06-01 15:20:00,460.7099914550781,1000.0,0,0.0,1000.0
2026-06-01 15:25:00,460.5799865722656,1000.0,0,0.0,1000.0
2026-06-01 15:30:00,462.2200012207031,1000.0,0,0.0,1000.0
2026-06-01 15:35:00,462.8792114257813,1000.0,0,0.0,1000.0
2026-06-01 15:40:00,461.3200073242188,1000.0,0,0.0,1000.0
2026-06-01 15:45:00,461.4100036621094,1000.0,0,0.0,1000.0
2026-06-01 15:50:00,461.1300048828125,1000.0,0,0.0,1000.0
2026-06-01 15:55:00,460.4700012207031,1000.0,0,0.0,1000.0
2026-06-01 16:00:00,460.5950012207031,1000.0,0,0.0,1000.0
2026-06-01 16:05:00,459.510009765625,1000.0,0,0.0,1000.0
2026-06-01 16:10:00,460.5499877929688,1000.0,0,0.0,1000.0
2026-06-01 16:15:00,459.9649963378906,1000.0,0,0.0,1000.0
2026-06-01 16:20:00,460.8800048828125,1000.0,0,0.0,1000.0
2026-06-01 16:25:00,461.760009765625,1000.0,0,0.0,1000.0
2026-06-01 16:30:00,462.260009765625,1000.0,0,0.0,1000.0
2026-06-01 16:35:00,461.93499755859375,1000.0,0,0.0,1000.0
2026-06-01 16:40:00,462.0849914550781,1000.0,0,0.0,1000.0
2026-06-01 16:45:00,461.8550109863281,1000.0,0,0.0,1000.0
2026-06-01 16:50:00,461.9200134277344,1000.0,0,0.0,1000.0
2026-06-01 16:55:00,461.9599914550781,1000.0,0,0.0,1000.0
2026-06-01 17:00:00,461.1900024414063,1000.0,0,0.0,1000.0
2026-06-01 17:05:00,460.8949890136719,1000.0,0,0.0,1000.0
2026-06-01 17:10:00,460.6799926757813,1000.0,0,0.0,1000.0
2026-06-01 17:15:00,459.6000061035156,1000.0,0,0.0,1000.0
2026-06-01 17:20:00,460.8349914550781,1000.0,0,0.0,1000.0
2026-06-01 17:25:00,460.2799987792969,1000.0,0,0.0,1000.0
2026-06-01 17:30:00,459.625,1000.0,0,0.0,1000.0
2026-06-01 17:35:00,458.6700134277344,1000.0,0,0.0,1000.0
2026-06-01 17:40:00,459.1300048828125,1000.0,0,0.0,1000.0
2026-06-01 17:45:00,459.1199951171875,1000.0,0,0.0,1000.0
2026-06-01 17:50:00,459.1099853515625,1000.0,0,0.0,1000.0
2026-06-01 17:55:00,459.9299926757813,1000.0,0,0.0,1000.0
2026-06-01 18:00:00,460.1799926757813,1000.0,0,0.0,1000.0
2026-06-01 18:05:00,460.8250122070313,1000.0,0,0.0,1000.0
2026-06-01 18:10:00,461.0799865722656,1000.0,0,0.0,1000.0
2026-06-01 18:15:00,460.8583984375,1000.0,0,0.0,1000.0
2026-06-01 18:20:00,460.6300048828125,1000.0,0,0.0,1000.0
2026-06-01 18:25:00,460.8699951171875,1000.0,0,0.0,1000.0
2026-06-01 18:30:00,460.5750122070313,1000.0,0,0.0,1000.0
2026-06-01 18:35:00,460.7799987792969,1000.0,0,0.0,1000.0
2026-06-01 18:40:00,461.0350036621094,1000.0,0,0.0,1000.0
2026-06-01 18:45:00,461.159912109375,1000.0,0,0.0,1000.0
2026-06-01 18:50:00,460.9200134277344,1000.0,0,0.0,1000.0
2026-06-01 18:55:00,460.9599914550781,1000.0,0,0.0,1000.0
2026-06-01 19:00:00,461.8288879394531,1000.0,0,0.0,1000.0
2026-06-01 19:05:00,461.4599914550781,1000.0,0,0.0,1000.0
2026-06-01 19:10:00,462.2999877929688,1000.0,0,0.0,1000.0
2026-06-01 19:15:00,463.0700073242188,1000.0,0,0.0,1000.0
2026-06-01 19:20:00,463.5199890136719,1000.0,0,0.0,1000.0
2026-06-01 19:25:00,463.7699890136719,1000.0,0,0.0,1000.0
2026-06-01 19:30:00,463.7900085449219,1000.0,0,0.0,1000.0
2026-06-01 19:35:00,463.4200134277344,1000.0,0,0.0,1000.0
2026-06-01 19:40:00,462.3500061035156,1000.0,0,0.0,1000.0
2026-06-01 19:45:00,461.30999755859375,1000.0,0,0.0,1000.0
2026-06-01 19:50:00,461.3599853515625,1000.0,0,0.0,1000.0
2026-06-01 19:55:00,460.5700073242188,1000.0,0,0.0,1000.0
2026-06-02 13:30:00,448.4200134277344,1000.0,0,0.0,1000.0
2026-06-02 13:35:00,446.4100036621094,1000.0,0,0.0,1000.0
2026-06-02 13:40:00,446.2200012207031,1000.0,0,0.0,1000.0
2026-06-02 13:45:00,446.6400146484375,1000.0,0,0.0,1000.0
2026-06-02 13:50:00,445.0400085449219,1000.0,0,0.0,1000.0
2026-06-02 13:55:00,445.1199951171875,1000.0,0,0.0,1000.0
2026-06-02 14:00:00,445.3150024414063,1000.0,0,0.0,1000.0
2026-06-02 14:05:00,445.8550109863281,1000.0,0,0.0,1000.0
2026-06-02 14:10:00,446.9200134277344,1000.0,0,0.0,1000.0
2026-06-02 14:15:00,447.2619934082031,1000.0,0,0.0,1000.0
2026-06-02 14:20:00,445.8900146484375,1000.0,0,0.0,1000.0
2026-06-02 14:25:00,444.2300109863281,1000.0,0,0.0,1000.0
2026-06-02 14:30:00,443.635009765625,1000.0,0,0.0,1000.0
2026-06-02 14:35:00,443.9000854492188,1000.0,0,0.0,1000.0
2026-06-02 14:40:00,443.1998901367188,1000.0,0,0.0,1000.0
2026-06-02 14:45:00,443.875,1000.0,0,0.0,1000.0
2026-06-02 14:50:00,443.2149963378906,1000.0,0,0.0,1000.0
2026-06-02 14:55:00,443.6650085449219,1000.0,0,0.0,1000.0
2026-06-02 15:00:00,443.5750122070313,1000.0,0,0.0,1000.0
2026-06-02 15:05:00,442.8500061035156,1000.0,0,0.0,1000.0
2026-06-02 15:10:00,442.7650146484375,1000.0,0,0.0,1000.0
2026-06-02 15:15:00,443.4200134277344,1000.0,0,0.0,1000.0
2026-06-02 15:20:00,443.55999755859375,1000.0,0,0.0,1000.0
2026-06-02 15:25:00,443.5700073242188,1000.0,0,0.0,1000.0
2026-06-02 15:30:00,444.0400085449219,1000.0,0,0.0,1000.0
2026-06-02 15:35:00,444.3399963378906,1000.0,0,0.0,1000.0
2026-06-02 15:40:00,444.3500061035156,1000.0,0,0.0,1000.0
2026-06-02 15:45:00,444.2149963378906,1000.0,0,0.0,1000.0
2026-06-02 15:50:00,443.6700134277344,1000.0,0,0.0,1000.0
2026-06-02 15:55:00,443.8299865722656,1000.0,0,0.0,1000.0
2026-06-02 16:00:00,443.9949951171875,1000.0,0,0.0,1000.0
2026-06-02 16:05:00,444.1499938964844,1000.0,0,0.0,1000.0
2026-06-02 16:10:00,444.260498046875,1000.0,0,0.0,1000.0
2026-06-02 16:15:00,445.1199951171875,1000.0,0,0.0,1000.0
2026-06-02 16:20:00,445.8399963378906,1000.0,0,0.0,1000.0
2026-06-02 16:25:00,445.7799987792969,1000.0,0,0.0,1000.0
2026-06-02 16:30:00,443.91009521484375,1000.0,0,0.0,1000.0
2026-06-02 16:35:00,444.2200012207031,1000.0,0,0.0,1000.0
2026-06-02 16:40:00,442.8190002441406,1000.0,0,0.0,1000.0
2026-06-02 16:45:00,443.1099853515625,1000.0,0,0.0,1000.0
2026-06-02 16:50:00,443.3500061035156,1000.0,0,0.0,1000.0
2026-06-02 16:55:00,443.7449951171875,1000.0,0,0.0,1000.0
2026-06-02 17:00:00,444.18499755859375,1000.0,0,0.0,1000.0
2026-06-02 17:05:00,444.5499877929688,1000.0,0,0.0,1000.0
2026-06-02 17:10:00,445.3200073242188,1000.0,0,0.0,1000.0
2026-06-02 17:15:00,444.6499938964844,1000.0,0,0.0,1000.0
2026-06-02 17:20:00,444.3049926757813,1000.0,0,0.0,1000.0
2026-06-02 17:25:00,444.4700012207031,1000.0,0,0.0,1000.0
2026-06-02 17:30:00,443.6400146484375,1000.0,0,0.0,1000.0
2026-06-02 17:35:00,444.239990234375,1000.0,0,0.0,1000.0
2026-06-02 17:40:00,444.25,1000.0,0,0.0,1000.0
2026-06-02 17:45:00,443.8699951171875,1000.0,0,0.0,1000.0
2026-06-02 17:50:00,443.8550109863281,1000.0,0,0.0,1000.0
2026-06-02 17:55:00,442.7349853515625,1000.0,0,0.0,1000.0
2026-06-02 18:00:00,442.55999755859375,1000.0,0,0.0,1000.0
2026-06-02 18:05:00,442.7950134277344,1000.0,0,0.0,1000.0
2026-06-02 18:10:00,442.2099914550781,1000.0,0,0.0,1000.0
2026-06-02 18:15:00,442.3599853515625,1000.0,0,0.0,1000.0
2026-06-02 18:20:00,442.6199951171875,1000.0,0,0.0,1000.0
2026-06-02 18:25:00,442.09478759765625,1000.0,0,0.0,1000.0
2026-06-02 18:30:00,442.659912109375,1000.0,0,0.0,1000.0
2026-06-02 18:35:00,442.3501892089844,1000.0,0,0.0,1000.0
2026-06-02 18:40:00,441.9450073242188,1000.0,0,0.0,1000.0
2026-06-02 18:45:00,441.75,1000.0,0,0.0,1000.0
2026-06-02 18:50:00,440.9200134277344,1000.0,0,0.0,1000.0
2026-06-02 18:55:00,440.625,1000.0,0,0.0,1000.0
2026-06-02 19:00:00,441.8200073242188,1000.0,0,0.0,1000.0
2026-06-02 19:05:00,441.5050048828125,1000.0,0,0.0,1000.0
2026-06-02 19:10:00,442.05999755859375,1000.0,0,0.0,1000.0
2026-06-02 19:15:00,441.89788818359375,1000.0,0,0.0,1000.0
2026-06-02 19:20:00,441.6099853515625,1000.0,0,0.0,1000.0
2026-06-02 19:25:00,441.6900024414063,1000.0,0,0.0,1000.0
2026-06-02 19:30:00,441.9699096679688,1000.0,0,0.0,1000.0
2026-06-02 19:35:00,441.8399963378906,1000.0,0,0.0,1000.0
2026-06-02 19:40:00,441.7049865722656,1000.0,0,0.0,1000.0
2026-06-02 19:45:00,441.6499938964844,1000.0,0,0.0,1000.0
2026-06-02 19:50:00,440.7799987792969,1000.0,0,0.0,1000.0
2026-06-02 19:55:00,441.2900085449219,1000.0,0,0.0,1000.0
2026-06-03 13:30:00,436.1099853515625,1000.0,0,0.0,1000.0
2026-06-03 13:35:00,434.9200134277344,1000.0,0,0.0,1000.0
2026-06-03 13:40:00,432.1799926757813,1000.0,0,0.0,1000.0
2026-06-03 13:45:00,432.5549926757813,1000.0,0,0.0,1000.0
2026-06-03 13:50:00,432.30999755859375,1000.0,0,0.0,1000.0
2026-06-03 13:55:00,431.3999938964844,1000.0,0,0.0,1000.0
2026-06-03 14:00:00,432.0299987792969,1000.0,0,0.0,1000.0
2026-06-03 14:05:00,431.8949890136719,1000.0,0,0.0,1000.0
2026-06-03 14:10:00,432.4798889160156,1000.0,0,0.0,1000.0
2026-06-03 14:15:00,432.5950012207031,1000.0,0,0.0,1000.0
2026-06-03 14:20:00,431.1700134277344,1000.0,0,0.0,1000.0
2026-06-03 14:25:00,430.8150024414063,1000.0,0,0.0,1000.0
2026-06-03 14:30:00,429.4901123046875,1000.0,0,0.0,1000.0
2026-06-03 14:35:00,428.5299987792969,1000.0,0,0.0,1000.0
2026-06-03 14:40:00,428.2449951171875,1000.0,0,0.0,1000.0
2026-06-03 14:45:00,427.5050048828125,1000.0,0,0.0,1000.0
2026-06-03 14:50:00,427.07330322265625,1000.0,0,0.0,1000.0
2026-06-03 14:55:00,427.3550109863281,1000.0,0,0.0,1000.0
2026-06-03 15:00:00,426.9114990234375,1000.0,0,0.0,1000.0
2026-06-03 15:05:00,426.7000122070313,1000.0,0,0.0,1000.0
2026-06-03 15:10:00,425.9599914550781,1000.0,0,0.0,1000.0
2026-06-03 15:15:00,427.3200073242188,1000.0,0,0.0,1000.0
2026-06-03 15:20:00,426.8250122070313,1000.0,0,0.0,1000.0
2026-06-03 15:25:00,427.739990234375,1000.0,0,0.0,1000.0
2026-06-03 15:30:00,426.3299865722656,1000.0,0,0.0,1000.0
2026-06-03 15:35:00,426.4200134277344,1000.0,0,0.0,1000.0
2026-06-03 15:40:00,426.6199951171875,1000.0,0,0.0,1000.0
2026-06-03 15:45:00,426.4299926757813,1000.0,0,0.0,1000.0
2026-06-03 15:50:00,426.9649963378906,1000.0,0,0.0,1000.0
2026-06-03 15:55:00,427.0498962402344,1000.0,0,0.0,1000.0
2026-06-03 16:00:00,426.6749877929688,1000.0,0,0.0,1000.0
2026-06-03 16:05:00,426.4949951171875,1000.0,0,0.0,1000.0
2026-06-03 16:10:00,426.0599060058594,1000.0,0,0.0,1000.0
2026-06-03 16:15:00,425.8500061035156,1000.0,0,0.0,1000.0
2026-06-03 16:20:00,425.5700073242188,1000.0,0,0.0,1000.0
2026-06-03 16:25:00,425.4750061035156,1000.0,0,0.0,1000.0
2026-06-03 16:30:00,425.152099609375,1000.0,0,0.0,1000.0
2026-06-03 16:35:00,424.3800048828125,1000.0,0,0.0,1000.0
2026-06-03 16:40:00,424.3500061035156,1000.0,0,0.0,1000.0
2026-06-03 16:45:00,424.8855895996094,1000.0,0,0.0,1000.0
2026-06-03 16:50:00,424.6700134277344,1000.0,0,0.0,1000.0
2026-06-03 16:55:00,424.6499938964844,1000.0,0,0.0,1000.0
2026-06-03 17:00:00,424.8450012207031,1000.0,0,0.0,1000.0
2026-06-03 17:05:00,424.9849853515625,1000.0,0,0.0,1000.0
2026-06-03 17:10:00,424.4299926757813,1000.0,0,0.0,1000.0
2026-06-03 17:15:00,424.6211853027344,1000.0,0,0.0,1000.0
2026-06-03 17:20:00,425.1099853515625,1000.0,0,0.0,1000.0
2026-06-03 17:25:00,425.45989990234375,1000.0,0,0.0,1000.0
2026-06-03 17:30:00,425.6900024414063,1000.0,0,0.0,1000.0
2026-06-03 17:35:00,426.2500915527344,1000.0,0,0.0,1000.0
2026-06-03 17:40:00,426.5199890136719,1000.0,0,0.0,1000.0
2026-06-03 17:45:00,426.7850036621094,1000.0,0,0.0,1000.0
2026-06-03 17:50:00,426.385009765625,1000.0,0,0.0,1000.0
2026-06-03 17:55:00,426.6199951171875,1000.0,0,0.0,1000.0
2026-06-03 18:00:00,426.9359130859375,1000.0,0,0.0,1000.0
2026-06-03 18:05:00,426.7699890136719,1000.0,0,0.0,1000.0
2026-06-03 18:10:00,427.4100036621094,1000.0,0,0.0,1000.0
2026-06-03 18:15:00,427.2799987792969,1000.0,0,0.0,1000.0
2026-06-03 18:20:00,428.0400085449219,1000.0,0,0.0,1000.0
2026-06-03 18:25:00,428.1499938964844,1000.0,0,0.0,1000.0
2026-06-03 18:30:00,428.3301086425781,1000.0,0,0.0,1000.0
2026-06-03 18:35:00,428.6000061035156,1000.0,0,0.0,1000.0
2026-06-03 18:40:00,428.6050109863281,1000.0,0,0.0,1000.0
2026-06-03 18:45:00,428.2699890136719,1000.0,0,0.0,1000.0
2026-06-03 18:50:00,427.8900146484375,1000.0,0,0.0,1000.0
2026-06-03 18:55:00,428.2997131347656,1000.0,0,0.0,1000.0
2026-06-03 19:00:00,427.7000122070313,1000.0,0,0.0,1000.0
2026-06-03 19:05:00,427.8349914550781,1000.0,0,0.0,1000.0
2026-06-03 19:10:00,428.0700073242188,1000.0,0,0.0,1000.0
2026-06-03 19:15:00,428.3949890136719,1000.0,0,0.0,1000.0
2026-06-03 19:20:00,427.8399963378906,1000.0,0,0.0,1000.0
2026-06-03 19:25:00,427.8299865722656,1000.0,0,0.0,1000.0
2026-06-03 19:30:00,427.8900146484375,1000.0,0,0.0,1000.0
2026-06-03 19:35:00,428.2049865722656,1000.0,0,0.0,1000.0
2026-06-03 19:40:00,427.9100036621094,1000.0,0,0.0,1000.0
2026-06-03 19:45:00,428.4400024414063,1000.0,0,0.0,1000.0
2026-06-03 19:50:00,427.8200073242188,1000.0,0,0.0,1000.0
2026-06-03 19:55:00,427.5799865722656,1000.0,0,0.0,1000.0
2026-06-04 13:30:00,429.7099914550781,1000.0,0,0.0,1000.0
2026-06-04 13:35:00,432.4249877929688,1000.0,0,0.0,1000.0
2026-06-04 13:40:00,431.8299865722656,1000.0,0,0.0,1000.0
2026-06-04 13:45:00,429.8888854980469,1000.0,0,0.0,1000.0
2026-06-04 13:50:00,430.1099853515625,1000.0,0,0.0,1000.0
2026-06-04 13:55:00,432.4849853515625,1000.0,0,0.0,1000.0
2026-06-04 14:00:00,433.7650146484375,1000.0,0,0.0,1000.0
2026-06-04 14:05:00,432.2250061035156,1000.0,0,0.0,1000.0
2026-06-04 14:10:00,431.489990234375,1000.0,0,0.0,1000.0
2026-06-04 14:15:00,430.25,1000.0,0,0.0,1000.0
2026-06-04 14:20:00,429.7999877929688,1000.0,0,0.0,1000.0
2026-06-04 14:25:00,430.1351013183594,1000.0,0,0.0,1000.0
2026-06-04 14:30:00,430.4700012207031,1000.0,0,0.0,1000.0
2026-06-04 14:35:00,429.7799987792969,1000.0,0,0.0,1000.0
2026-06-04 14:40:00,431.2699890136719,1000.0,0,0.0,1000.0
2026-06-04 14:45:00,430.5799865722656,1000.0,0,0.0,1000.0
2026-06-04 14:50:00,429.8200073242188,1000.0,0,0.0,1000.0
2026-06-04 14:55:00,429.614990234375,1000.0,0,0.0,1000.0
2026-06-04 15:00:00,430.2000122070313,1000.0,0,0.0,1000.0
2026-06-04 15:05:00,429.7840881347656,1000.0,0,0.0,1000.0
2026-06-04 15:10:00,430.6000061035156,1000.0,0,0.0,1000.0
2026-06-04 15:15:00,430.9599914550781,1000.0,0,0.0,1000.0
2026-06-04 15:20:00,430.6600036621094,1000.0,0,0.0,1000.0
2026-06-04 15:25:00,430.2900085449219,1000.0,0,0.0,1000.0
2026-06-04 15:30:00,429.9400024414063,1000.0,0,0.0,1000.0
2026-06-04 15:35:00,429.9750061035156,1000.0,0,0.0,1000.0
2026-06-04 15:40:00,429.6499938964844,1000.0,0,0.0,1000.0
2026-06-04 15:45:00,429.55999755859375,1000.0,0,0.0,1000.0
2026-06-04 15:50:00,429.3949890136719,1000.0,0,0.0,1000.0
2026-06-04 15:55:00,429.0610046386719,1000.0,0,0.0,1000.0
2026-06-04 16:00:00,429.1570129394531,1000.0,0,0.0,1000.0
2026-06-04 16:05:00,429.3399963378906,1000.0,0,0.0,1000.0
2026-06-04 16:10:00,429.6300048828125,1000.0,0,0.0,1000.0
2026-06-04 16:15:00,429.1549987792969,1000.0,0,0.0,1000.0
2026-06-04 16:20:00,428.3999938964844,1000.0,0,0.0,1000.0
2026-06-04 16:25:00,427.7699890136719,1000.0,0,0.0,1000.0
2026-06-04 16:30:00,427.7250061035156,1000.0,0,0.0,1000.0
2026-06-04 16:35:00,428.3504943847656,1000.0,0,0.0,1000.0
2026-06-04 16:40:00,428.8999938964844,1000.0,0,0.0,1000.0
2026-06-04 16:45:00,428.1683044433594,1000.0,0,0.0,1000.0
2026-06-04 16:50:00,427.9100036621094,1000.0,0,0.0,1000.0
2026-06-04 16:55:00,426.8399963378906,1000.0,0,0.0,1000.0
2026-06-04 17:00:00,426.7999877929688,1000.0,0,0.0,1000.0
2026-06-04 17:05:00,426.5600891113281,1000.0,0,0.0,1000.0
2026-06-04 17:10:00,426.5549926757813,1000.0,0,0.0,1000.0
2026-06-04 17:15:00,426.9599914550781,1000.0,0,0.0,1000.0
2026-06-04 17:20:00,426.8299865722656,1000.0,0,0.0,1000.0
2026-06-04 17:25:00,426.9299926757813,1000.0,0,0.0,1000.0
2026-06-04 17:30:00,426.8298950195313,1000.0,0,0.0,1000.0
2026-06-04 17:35:00,426.7650146484375,1000.0,0,0.0,1000.0
2026-06-04 17:40:00,426.9299926757813,1000.0,0,0.0,1000.0
2026-06-04 17:45:00,427.1700134277344,1000.0,0,0.0,1000.0
2026-06-04 17:50:00,427.1600036621094,1000.0,0,0.0,1000.0
2026-06-04 17:55:00,427.7550048828125,1000.0,0,0.0,1000.0
2026-06-04 18:00:00,428.4100036621094,1000.0,0,0.0,1000.0
2026-06-04 18:05:00,427.9800109863281,1000.0,0,0.0,1000.0
2026-06-04 18:10:00,427.8949890136719,1000.0,0,0.0,1000.0
2026-06-04 18:15:00,428.0299987792969,1000.0,0,0.0,1000.0
2026-06-04 18:20:00,428.1700134277344,1000.0,0,0.0,1000.0
2026-06-04 18:25:00,427.7146911621094,1000.0,0,0.0,1000.0
2026-06-04 18:30:00,428.4500122070313,1000.0,0,0.0,1000.0
2026-06-04 18:35:00,428.614990234375,1000.0,0,0.0,1000.0
2026-06-04 18:40:00,428.0650024414063,1000.0,0,0.0,1000.0
2026-06-04 18:45:00,427.760009765625,1000.0,0,0.0,1000.0
2026-06-04 18:50:00,427.2099914550781,1000.0,0,0.0,1000.0
2026-06-04 18:55:00,427.5799865722656,1000.0,0,0.0,1000.0
2026-06-04 19:00:00,427.1199951171875,1000.0,0,0.0,1000.0
2026-06-04 19:05:00,427.5499877929688,1000.0,0,0.0,1000.0
2026-06-04 19:10:00,428.1000061035156,1000.0,0,0.0,1000.0
2026-06-04 19:15:00,428.4150085449219,1000.0,0,0.0,1000.0
2026-06-04 19:20:00,427.6900024414063,1000.0,0,0.0,1000.0
2026-06-04 19:25:00,427.68499755859375,1000.0,0,0.0,1000.0
2026-06-04 19:30:00,427.2149963378906,1000.0,0,0.0,1000.0
2026-06-04 19:35:00,427.114990234375,1000.0,0,0.0,1000.0
2026-06-04 19:40:00,427.7900085449219,1000.0,0,0.0,1000.0
2026-06-04 19:45:00,427.7908020019531,1000.0,0,0.0,1000.0
2026-06-04 19:50:00,428.1299133300781,1000.0,0,0.0,1000.0
2026-06-04 19:55:00,428.0799865722656,1000.0,0,0.0,1000.0
2026-06-05 13:30:00,428.4150085449219,1000.0,0,0.0,1000.0
2026-06-05 13:35:00,427.6799926757813,1000.0,0,0.0,1000.0
2026-06-05 13:40:00,426.125,1000.0,0,0.0,1000.0
2026-06-05 13:45:00,427.0249938964844,1000.0,0,0.0,1000.0
2026-06-05 13:50:00,425.5,1000.0,0,0.0,1000.0
2026-06-05 13:55:00,424.8599853515625,1000.0,0,0.0,1000.0
2026-06-05 14:00:00,422.7694091796875,1000.0,0,0.0,1000.0
2026-06-05 14:05:00,422.9800109863281,1000.0,0,0.0,1000.0
2026-06-05 14:10:00,422.79010009765625,1000.0,0,0.0,1000.0
2026-06-05 14:15:00,423.1400146484375,1000.0,0,0.0,1000.0
2026-06-05 14:20:00,422.0499877929688,1000.0,0,0.0,1000.0
2026-06-05 14:25:00,423.0559997558594,1000.0,0,0.0,1000.0
2026-06-05 14:30:00,422.5859069824219,1000.0,0,0.0,1000.0
2026-06-05 14:35:00,421.8599853515625,1000.0,0,0.0,1000.0
2026-06-05 14:40:00,421.4549865722656,1000.0,0,0.0,1000.0
2026-06-05 14:45:00,420.9100036621094,1000.0,0,0.0,1000.0
2026-06-05 14:50:00,420.989990234375,1000.0,0,0.0,1000.0
2026-06-05 14:55:00,421.3900146484375,1000.0,0,0.0,1000.0
2026-06-05 15:00:00,422.2999877929688,1000.0,0,0.0,1000.0
2026-06-05 15:05:00,421.8900146484375,1000.0,0,0.0,1000.0
2026-06-05 15:10:00,421.9601135253906,1000.0,0,0.0,1000.0
2026-06-05 15:15:00,422.2200012207031,1000.0,0,0.0,1000.0
2026-06-05 15:20:00,421.5499877929688,1000.0,0,0.0,1000.0
2026-06-05 15:25:00,422.2500915527344,1000.0,0,0.0,1000.0
2026-06-05 15:30:00,421.3999938964844,1000.0,0,0.0,1000.0
2026-06-05 15:35:00,421.3399963378906,1000.0,0,0.0,1000.0
2026-06-05 15:40:00,421.0400085449219,1000.0,0,0.0,1000.0
2026-06-05 15:45:00,421.1706848144531,1000.0,0,0.0,1000.0
2026-06-05 15:50:00,421.4200134277344,1000.0,0,0.0,1000.0
2026-06-05 15:55:00,420.6859130859375,1000.0,0,0.0,1000.0
2026-06-05 16:00:00,420.68499755859375,1000.0,0,0.0,1000.0
2026-06-05 16:05:00,419.3399963378906,1000.0,0,0.0,1000.0
2026-06-05 16:10:00,420.1401062011719,1000.0,0,0.0,1000.0
2026-06-05 16:15:00,420.0199890136719,1000.0,0,0.0,1000.0
2026-06-05 16:20:00,420.2999877929688,1000.0,0,0.0,1000.0
2026-06-05 16:25:00,419.7999877929688,1000.0,0,0.0,1000.0
2026-06-05 16:30:00,418.7416076660156,1000.0,0,0.0,1000.0
2026-06-05 16:35:00,419.6000061035156,1000.0,0,0.0,1000.0
2026-06-05 16:40:00,419.5499877929688,1000.0,0,0.0,1000.0
2026-06-05 16:45:00,419.2900085449219,1000.0,0,0.0,1000.0
2026-06-05 16:50:00,419.659912109375,1000.0,0,0.0,1000.0
2026-06-05 16:55:00,420.052490234375,1000.0,0,0.0,1000.0
2026-06-05 17:00:00,420.2300109863281,1000.0,0,0.0,1000.0
2026-06-05 17:05:00,420.1799926757813,1000.0,0,0.0,1000.0
2026-06-05 17:10:00,420.035888671875,1000.0,0,0.0,1000.0
2026-06-05 17:15:00,419.5499877929688,1000.0,0,0.0,1000.0
2026-06-05 17:20:00,419.8699951171875,1000.0,0,0.0,1000.0
2026-06-05 17:25:00,419.6900024414063,1000.0,0,0.0,1000.0
2026-06-05 17:30:00,420.1499938964844,1000.0,0,0.0,1000.0
2026-06-05 17:35:00,420.5549926757813,1000.0,0,0.0,1000.0
2026-06-05 17:40:00,420.6099853515625,1000.0,0,0.0,1000.0
2026-06-05 17:45:00,421.30999755859375,1000.0,0,0.0,1000.0
2026-06-05 17:50:00,420.8200073242188,1000.0,0,0.0,1000.0
2026-06-05 17:55:00,420.6600036621094,1000.0,0,0.0,1000.0
2026-06-05 18:00:00,420.7900085449219,1000.0,0,0.0,1000.0
2026-06-05 18:05:00,420.6449890136719,1000.0,0,0.0,1000.0
2026-06-05 18:10:00,419.7799987792969,1000.0,0,0.0,1000.0
2026-06-05 18:15:00,418.1499938964844,1000.0,0,0.0,1000.0
2026-06-05 18:20:00,418.6400146484375,1000.0,0,0.0,1000.0
2026-06-05 18:25:00,418.2900085449219,1000.0,0,0.0,1000.0
2026-06-05 18:30:00,417.7349853515625,1000.0,0,0.0,1000.0
2026-06-05 18:35:00,417.5400085449219,1000.0,0,0.0,1000.0
2026-06-05 18:40:00,417.10198974609375,1000.0,0,0.0,1000.0
2026-06-05 18:45:00,417.1799926757813,1000.0,0,0.0,1000.0
2026-06-05 18:50:00,416.9849853515625,1000.0,0,0.0,1000.0
2026-06-05 18:55:00,417.1199951171875,1000.0,0,0.0,1000.0
2026-06-05 19:00:00,416.7300109863281,1000.0,0,0.0,1000.0
2026-06-05 19:05:00,416.30999755859375,1000.0,0,0.0,1000.0
2026-06-05 19:10:00,415.6900024414063,1000.0,0,0.0,1000.0
2026-06-05 19:15:00,414.6400146484375,1000.0,0,0.0,1000.0
2026-06-05 19:20:00,415.0950012207031,1000.0,0,0.0,1000.0
2026-06-05 19:25:00,416.3900146484375,1000.0,0,0.0,1000.0
2026-06-05 19:30:00,416.6799926757813,1000.0,0,0.0,1000.0
2026-06-05 19:35:00,417.1300048828125,1000.0,0,0.0,1000.0
2026-06-05 19:40:00,416.5499877929688,1000.0,0,0.0,1000.0
2026-06-05 19:45:00,416.9849853515625,1000.0,0,0.0,1000.0
2026-06-05 19:50:00,417.4599914550781,1000.0,0,0.0,1000.0
2026-06-05 19:55:00,416.6799926757813,1000.0,0,0.0,1000.0
2026-06-08 13:30:00,411.5775146484375,1000.0,0,0.0,1000.0
2026-06-08 13:35:00,412.3800048828125,1000.0,0,0.0,1000.0
2026-06-08 13:40:00,413.0,1000.0,0,0.0,1000.0
2026-06-08 13:45:00,412.25,1000.0,0,0.0,1000.0
2026-06-08 13:50:00,413.2000122070313,1000.0,0,0.0,1000.0
2026-06-08 13:55:00,412.3999938964844,1000.0,0,0.0,1000.0
2026-06-08 14:00:00,412.385009765625,1000.0,0,0.0,1000.0
2026-06-08 14:05:00,412.2950134277344,1000.0,0,0.0,1000.0
2026-06-08 14:10:00,412.25,1000.0,0,0.0,1000.0
2026-06-08 14:15:00,412.1700134277344,1000.0,0,0.0,1000.0
2026-06-08 14:20:00,412.7200012207031,1000.0,0,0.0,1000.0
2026-06-08 14:25:00,412.7349853515625,1000.0,0,0.0,1000.0
2026-06-08 14:30:00,412.7699890136719,1000.0,0,0.0,1000.0
2026-06-08 14:35:00,412.843994140625,1000.0,0,0.0,1000.0
2026-06-08 14:40:00,412.2850036621094,1000.0,0,0.0,1000.0
2026-06-08 14:45:00,412.4366149902344,1000.0,0,0.0,1000.0
2026-06-08 14:50:00,412.2500915527344,1000.0,0,0.0,1000.0
2026-06-08 14:55:00,412.55999755859375,1000.0,0,0.0,1000.0
2026-06-08 15:00:00,412.8999938964844,1000.0,0,0.0,1000.0
2026-06-08 15:05:00,412.9100036621094,1000.0,0,0.0,1000.0
2026-06-08 15:10:00,412.8550109863281,1000.0,0,0.0,1000.0
2026-06-08 15:15:00,412.3500061035156,1000.0,0,0.0,1000.0
2026-06-08 15:20:00,412.4649963378906,1000.0,0,0.0,1000.0
2026-06-08 15:25:00,411.4200134277344,1000.0,0,0.0,1000.0
2026-06-08 15:30:00,410.4549865722656,1000.0,0,0.0,1000.0
2026-06-08 15:35:00,411.4150085449219,1000.0,0,0.0,1000.0
2026-06-08 15:40:00,411.3399963378906,1000.0,0,0.0,1000.0
2026-06-08 15:45:00,410.9299926757813,1000.0,0,0.0,1000.0
2026-06-08 15:50:00,411.0499877929688,1000.0,0,0.0,1000.0
2026-06-08 15:55:00,410.3900146484375,1000.0,0,0.0,1000.0
2026-06-08 16:00:00,410.0799865722656,1000.0,0,0.0,1000.0
2026-06-08 16:05:00,410.1554870605469,1000.0,0,0.0,1000.0
2026-06-08 16:10:00,410.2799987792969,1000.0,0,0.0,1000.0
2026-06-08 16:15:00,410.8800048828125,1000.0,0,0.0,1000.0
2026-06-08 16:20:00,410.4700012207031,1000.0,0,0.0,1000.0
2026-06-08 16:25:00,410.489990234375,1000.0,0,0.0,1000.0
2026-06-08 16:30:00,409.8999938964844,1000.0,0,0.0,1000.0
2026-06-08 16:35:00,409.9200134277344,1000.0,0,0.0,1000.0
2026-06-08 16:40:00,409.9400024414063,1000.0,0,0.0,1000.0
2026-06-08 16:45:00,410.0949096679688,1000.0,0,0.0,1000.0
2026-06-08 16:50:00,409.9500122070313,1000.0,0,0.0,1000.0
2026-06-08 16:55:00,409.5199890136719,1000.0,0,0.0,1000.0
2026-06-08 17:00:00,408.9249877929688,1000.0,0,0.0,1000.0
2026-06-08 17:05:00,408.9400024414063,1000.0,0,0.0,1000.0
2026-06-08 17:10:00,409.2000122070313,1000.0,0,0.0,1000.0
2026-06-08 17:15:00,409.1700134277344,1000.0,0,0.0,1000.0
2026-06-08 17:20:00,408.9000854492188,1000.0,0,0.0,1000.0
2026-06-08 17:25:00,410.0103149414063,1000.0,0,0.0,1000.0
2026-06-08 17:30:00,410.1400146484375,1000.0,0,0.0,1000.0
2026-06-08 17:35:00,410.2349853515625,1000.0,0,0.0,1000.0
2026-06-08 17:40:00,410.25140380859375,1000.0,0,0.0,1000.0
2026-06-08 17:45:00,411.1400146484375,1000.0,0,0.0,1000.0
2026-06-08 17:50:00,411.5747985839844,1000.0,0,0.0,1000.0
2026-06-08 17:55:00,411.260009765625,1000.0,0,0.0,1000.0
2026-06-08 18:00:00,411.885009765625,1000.0,0,0.0,1000.0
2026-06-08 18:05:00,412.6679992675781,1000.0,0,0.0,1000.0
2026-06-08 18:10:00,412.3299865722656,1000.0,0,0.0,1000.0
2026-06-08 18:15:00,412.1499938964844,1000.0,0,0.0,1000.0
2026-06-08 18:20:00,412.2900085449219,1000.0,0,0.0,1000.0
2026-06-08 18:25:00,412.2699890136719,1000.0,0,0.0,1000.0
2026-06-08 18:30:00,411.9800109863281,1000.0,0,0.0,1000.0
2026-06-08 18:35:00,411.9100036621094,1000.0,0,0.0,1000.0
2026-06-08 18:40:00,412.3857116699219,1000.0,0,0.0,1000.0
2026-06-08 18:45:00,412.43499755859375,1000.0,0,0.0,1000.0
2026-06-08 18:50:00,413.0,1000.0,0,0.0,1000.0
2026-06-08 18:55:00,412.7449951171875,1000.0,0,0.0,1000.0
2026-06-08 19:00:00,412.5086059570313,1000.0,0,0.0,1000.0
2026-06-08 19:05:00,412.3599853515625,1000.0,0,0.0,1000.0
2026-06-08 19:10:00,411.9849853515625,1000.0,0,0.0,1000.0
2026-06-08 19:15:00,411.9700012207031,1000.0,0,0.0,1000.0
2026-06-08 19:20:00,411.9100036621094,1000.0,0,0.0,1000.0
2026-06-08 19:25:00,412.2900085449219,1000.0,0,0.0,1000.0
2026-06-08 19:30:00,412.4049987792969,1000.0,0,0.0,1000.0
2026-06-08 19:35:00,412.4049987792969,1000.0,0,0.0,1000.0
2026-06-08 19:40:00,412.739990234375,1000.0,0,0.0,1000.0
2026-06-08 19:45:00,412.8399963378906,1000.0,0,0.0,1000.0
2026-06-08 19:50:00,411.5950012207031,1000.0,0,0.0,1000.0
2026-06-08 19:55:00,411.739990234375,1000.0,0,0.0,1000.0
2026-06-09 13:30:00,408.9100036621094,1000.0,0,0.0,1000.0
2026-06-09 13:35:00,408.7449951171875,1000.0,0,0.0,1000.0
2026-06-09 13:40:00,409.8699951171875,1000.0,0,0.0,1000.0
2026-06-09 13:45:00,410.7200012207031,1000.0,0,0.0,1000.0
2026-06-09 13:50:00,410.7250061035156,1000.0,0,0.0,1000.0
2026-06-09 13:55:00,411.0199890136719,1000.0,0,0.0,1000.0
2026-06-09 14:00:00,411.2550048828125,1000.0,0,0.0,1000.0
2026-06-09 14:05:00,411.5934143066406,1000.0,0,0.0,1000.0
2026-06-09 14:10:00,409.8599853515625,1000.0,0,0.0,1000.0
2026-06-09 14:15:00,409.3299865722656,1000.0,0,0.0,1000.0
2026-06-09 14:20:00,409.7999877929688,1000.0,0,0.0,1000.0
2026-06-09 14:25:00,409.4849853515625,1000.0,0,0.0,1000.0
2026-06-09 14:30:00,409.4849853515625,1000.0,0,0.0,1000.0
2026-06-09 14:35:00,409.364990234375,1000.0,0,0.0,1000.0
2026-06-09 14:40:00,408.43499755859375,1000.0,0,0.0,1000.0
2026-06-09 14:45:00,406.1700134277344,1000.0,0,0.0,1000.0
2026-06-09 14:50:00,406.8399963378906,1000.0,0,0.0,1000.0
2026-06-09 14:55:00,407.6799926757813,1000.0,0,0.0,1000.0
2026-06-09 15:00:00,406.9200134277344,1000.0,0,0.0,1000.0
2026-06-09 15:05:00,407.3800048828125,1000.0,0,0.0,1000.0
2026-06-09 15:10:00,406.6799926757813,1000.0,0,0.0,1000.0
2026-06-09 15:15:00,406.3100891113281,1000.0,0,0.0,1000.0
2026-06-09 15:20:00,405.4798889160156,1000.0,0,0.0,1000.0
2026-06-09 15:25:00,403.7149963378906,1000.0,0,0.0,1000.0
2026-06-09 15:30:00,403.2799987792969,1000.0,0,0.0,1000.0
2026-06-09 15:35:00,403.1499938964844,1000.0,0,0.0,1000.0
2026-06-09 15:40:00,402.8800048828125,1000.0,0,0.0,1000.0
2026-06-09 15:45:00,402.9800109863281,1000.0,0,0.0,1000.0
2026-06-09 15:50:00,402.6776123046875,1000.0,0,0.0,1000.0
2026-06-09 15:55:00,401.875,1000.0,0,0.0,1000.0
2026-06-09 16:00:00,402.239990234375,1000.0,0,0.0,1000.0
2026-06-09 16:05:00,401.8599853515625,1000.0,0,0.0,1000.0
2026-06-09 16:10:00,402.6400146484375,1000.0,0,0.0,1000.0
2026-06-09 16:15:00,401.0199890136719,1000.0,0,0.0,1000.0
2026-06-09 16:20:00,401.4299926757813,1000.0,0,0.0,1000.0
2026-06-09 16:25:00,401.1300048828125,1000.0,0,0.0,1000.0
2026-06-09 16:30:00,401.364990234375,1000.0,0,0.0,1000.0
2026-06-09 16:35:00,398.8901062011719,1000.0,0,0.0,1000.0
2026-06-09 16:40:00,399.4150085449219,1000.0,0,0.0,1000.0
2026-06-09 16:45:00,399.340087890625,1000.0,0,0.0,1000.0
2026-06-09 16:50:00,398.8999938964844,1000.0,0,0.0,1000.0
2026-06-09 16:55:00,400.2300109863281,1000.0,0,0.0,1000.0
2026-06-09 17:00:00,401.135009765625,1000.0,0,0.0,1000.0
2026-06-09 17:05:00,400.8299865722656,1000.0,0,0.0,1000.0
2026-06-09 17:10:00,401.3900146484375,1000.0,0,0.0,1000.0
2026-06-09 17:15:00,401.6300048828125,1000.0,0,0.0,1000.0
2026-06-09 17:20:00,401.4800109863281,1000.0,0,0.0,1000.0
2026-06-09 17:25:00,401.6900024414063,1000.0,0,0.0,1000.0
2026-06-09 17:30:00,402.6000061035156,1000.0,0,0.0,1000.0
2026-06-09 17:35:00,402.7000122070313,1000.0,0,0.0,1000.0
2026-06-09 17:40:00,402.7049865722656,1000.0,0,0.0,1000.0
2026-06-09 17:45:00,402.3200073242188,1000.0,0,0.0,1000.0
2026-06-09 17:50:00,403.2049865722656,1000.0,0,0.0,1000.0
2026-06-09 17:55:00,402.8699951171875,1000.0,0,0.0,1000.0
2026-06-09 18:00:00,403.4200134277344,1000.0,0,0.0,1000.0
2026-06-09 18:05:00,403.5914916992188,1000.0,0,0.0,1000.0
2026-06-09 18:10:00,403.2200012207031,1000.0,0,0.0,1000.0
2026-06-09 18:15:00,403.6499938964844,1000.0,0,0.0,1000.0
2026-06-09 18:20:00,403.7900085449219,1000.0,0,0.0,1000.0
2026-06-09 18:25:00,403.6400146484375,1000.0,0,0.0,1000.0
2026-06-09 18:30:00,403.6900024414063,1000.0,0,0.0,1000.0
2026-06-09 18:35:00,403.9049987792969,1000.0,0,0.0,1000.0
2026-06-09 18:40:00,402.9049987792969,1000.0,0,0.0,1000.0
2026-06-09 18:45:00,403.6499938964844,1000.0,0,0.0,1000.0
2026-06-09 18:50:00,403.8299865722656,1000.0,0,0.0,1000.0
2026-06-09 18:55:00,403.9750061035156,1000.0,0,0.0,1000.0
2026-06-09 19:00:00,404.1799926757813,1000.0,0,0.0,1000.0
2026-06-09 19:05:00,403.8399963378906,1000.0,0,0.0,1000.0
2026-06-09 19:10:00,403.625,1000.0,0,0.0,1000.0
2026-06-09 19:15:00,403.4314880371094,1000.0,0,0.0,1000.0
2026-06-09 19:20:00,403.2900085449219,1000.0,0,0.0,1000.0
2026-06-09 19:25:00,402.75,1000.0,0,0.0,1000.0
2026-06-09 19:30:00,402.4985961914063,1000.0,0,0.0,1000.0
2026-06-09 19:35:00,402.125,1000.0,0,0.0,1000.0
2026-06-09 19:40:00,402.2200012207031,1000.0,0,0.0,1000.0
2026-06-09 19:45:00,401.4400024414063,1000.0,0,0.0,1000.0
2026-06-09 19:50:00,403.4800109863281,1000.0,0,0.0,1000.0
2026-06-09 19:55:00,403.1000061035156,1000.0,0,0.0,1000.0
2026-06-10 13:30:00,398.0899963378906,1000.0,0,0.0,1000.0
2026-06-10 13:35:00,401.0499877929688,1000.0,0,0.0,1000.0
2026-06-10 13:40:00,402.489990234375,1000.0,0,0.0,1000.0
2026-06-10 13:45:00,404.139892578125,1000.0,0,0.0,1000.0
2026-06-10 13:50:00,403.4450073242188,1000.0,0,0.0,1000.0
2026-06-10 13:55:00,404.7149963378906,1000.0,0,0.0,1000.0
2026-06-10 14:00:00,403.7000122070313,1000.0,0,0.0,1000.0
2026-06-10 14:05:00,403.2200012207031,1000.0,0,0.0,1000.0
2026-06-10 14:10:00,402.6749877929688,1000.0,0,0.0,1000.0
2026-06-10 14:15:00,402.6400146484375,1000.0,0,0.0,1000.0
2026-06-10 14:20:00,403.5450134277344,1000.0,0,0.0,1000.0
2026-06-10 14:25:00,402.989990234375,1000.0,0,0.0,1000.0
2026-06-10 14:30:00,403.2300109863281,1000.0,0,0.0,1000.0
2026-06-10 14:35:00,402.1900024414063,1000.0,0,0.0,1000.0
2026-06-10 14:40:00,402.0400085449219,1000.0,0,0.0,1000.0
2026-06-10 14:45:00,402.2701110839844,1000.0,0,0.0,1000.0
2026-06-10 14:50:00,402.6499938964844,1000.0,0,0.0,1000.0
2026-06-10 14:55:00,402.6449890136719,1000.0,0,0.0,1000.0
2026-06-10 15:00:00,403.0299987792969,1000.0,0,0.0,1000.0
2026-06-10 15:05:00,402.7999877929688,1000.0,0,0.0,1000.0
2026-06-10 15:10:00,401.9049987792969,1000.0,0,0.0,1000.0
2026-06-10 15:15:00,401.8800048828125,1000.0,0,0.0,1000.0
2026-06-10 15:20:00,402.05999755859375,1000.0,0,0.0,1000.0
2026-06-10 15:25:00,401.6499938964844,1000.0,0,0.0,1000.0
2026-06-10 15:30:00,401.625,1000.0,0,0.0,1000.0
2026-06-10 15:35:00,401.7974853515625,1000.0,0,0.0,1000.0
2026-06-10 15:40:00,403.2200927734375,1000.0,0,0.0,1000.0
2026-06-10 15:45:00,402.0,1000.0,0,0.0,1000.0
2026-06-10 15:50:00,402.4100036621094,1000.0,0,0.0,1000.0
2026-06-10 15:55:00,402.6749877929688,1000.0,0,0.0,1000.0
2026-06-10 16:00:00,402.3399963378906,1000.0,0,0.0,1000.0
2026-06-10 16:05:00,402.2900085449219,1000.0,0,0.0,1000.0
2026-06-10 16:10:00,401.7999877929688,1000.0,0,0.0,1000.0
2026-06-10 16:15:00,402.7250061035156,1000.0,0,0.0,1000.0
2026-06-10 16:20:00,402.5710144042969,1000.0,0,0.0,1000.0
2026-06-10 16:25:00,402.6700134277344,1000.0,0,0.0,1000.0
2026-06-10 16:30:00,402.9700012207031,1000.0,0,0.0,1000.0
2026-06-10 16:35:00,403.49749755859375,1000.0,0,0.0,1000.0
2026-06-10 16:40:00,403.2850036621094,1000.0,0,0.0,1000.0
2026-06-10 16:45:00,402.9198913574219,1000.0,0,0.0,1000.0
2026-06-10 16:50:00,403.2000122070313,1000.0,0,0.0,1000.0
2026-06-10 16:55:00,403.0499877929688,1000.0,0,0.0,1000.0
2026-06-10 17:00:00,403.5050048828125,1000.0,0,0.0,1000.0
2026-06-10 17:05:00,402.760009765625,1000.0,0,0.0,1000.0
2026-06-10 17:10:00,402.610107421875,1000.0,0,0.0,1000.0
2026-06-10 17:15:00,402.0299987792969,1000.0,0,0.0,1000.0
2026-06-10 17:20:00,401.9549865722656,1000.0,0,0.0,1000.0
2026-06-10 17:25:00,401.739990234375,1000.0,0,0.0,1000.0
2026-06-10 17:30:00,400.7699890136719,1000.0,0,0.0,1000.0
2026-06-10 17:35:00,400.3999938964844,1000.0,0,0.0,1000.0
2026-06-10 17:40:00,400.614990234375,1000.0,0,0.0,1000.0
2026-06-10 17:45:00,401.6900024414063,1000.0,0,0.0,1000.0
2026-06-10 17:50:00,401.6600036621094,1000.0,0,0.0,1000.0
2026-06-10 17:55:00,401.7699890136719,1000.0,0,0.0,1000.0
2026-06-10 18:00:00,402.0,1000.0,0,0.0,1000.0
2026-06-10 18:05:00,401.739990234375,1000.0,0,0.0,1000.0
2026-06-10 18:10:00,401.5899963378906,1000.0,0,0.0,1000.0
2026-06-10 18:15:00,401.260009765625,1000.0,0,0.0,1000.0
2026-06-10 18:20:00,401.2900085449219,1000.0,0,0.0,1000.0
2026-06-10 18:25:00,401.1499938964844,1000.0,0,0.0,1000.0
2026-06-10 18:30:00,400.7000122070313,1000.0,0,0.0,1000.0
2026-06-10 18:35:00,400.3999938964844,1000.0,0,0.0,1000.0
2026-06-10 18:40:00,400.7349853515625,1000.0,0,0.0,1000.0
2026-06-10 18:45:00,400.5368041992188,1000.0,0,0.0,1000.0
2026-06-10 18:50:00,400.5,1000.0,0,0.0,1000.0
2026-06-10 18:55:00,400.0700073242188,1000.0,0,0.0,1000.0
2026-06-10 19:00:00,399.7974853515625,1000.0,0,0.0,1000.0
2026-06-10 19:05:00,400.1499938964844,1000.0,0,0.0,1000.0
2026-06-10 19:10:00,399.7300109863281,1000.0,0,0.0,1000.0
2026-06-10 19:15:00,399.48480224609375,1000.0,0,0.0,1000.0
2026-06-10 19:20:00,399.159912109375,1000.0,0,0.0,1000.0
2026-06-10 19:25:00,398.3599853515625,1000.0,0,0.0,1000.0
2026-06-10 19:30:00,398.8999938964844,1000.0,0,0.0,1000.0
2026-06-10 19:35:00,399.1600036621094,1000.0,0,0.0,1000.0
2026-06-10 19:40:00,399.1099853515625,1000.0,0,0.0,1000.0
2026-06-10 19:45:00,398.2699890136719,1000.0,0,0.0,1000.0
2026-06-10 19:50:00,398.25,1000.0,0,0.0,1000.0
2026-06-10 19:55:00,397.2612915039063,1000.0,0,0.0,1000.0
