Date,Price,Cash,Inventory,Avg_Cost,Total_Value
2026-04-29 17:40:00,670.2999877929688,1000.0,0,0.0,1000.0
2026-04-29 17:45:00,671.260009765625,1000.0,0,0.0,1000.0
2026-04-29 17:50:00,671.1589965820312,1000.0,0,0.0,1000.0
2026-04-29 17:55:00,671.8098754882812,1000.0,0,0.0,1000.0
2026-04-29 18:00:00,670.5700073242188,1000.0,0,0.0,1000.0
2026-04-29 18:05:00,669.6500244140625,1000.0,0,0.0,1000.0
2026-04-29 18:10:00,670.7949829101562,1000.0,0,0.0,1000.0
2026-04-29 18:15:00,671.7449951171875,1000.0,0,0.0,1000.0
2026-04-29 18:20:00,671.5050048828125,1000.0,0,0.0,1000.0
2026-04-29 18:25:00,670.655029296875,1000.0,0,0.0,1000.0
2026-04-29 18:30:00,671.3250122070312,1000.0,0,0.0,1000.0
2026-04-29 18:35:00,671.8099975585938,1000.0,0,0.0,1000.0
2026-04-29 18:40:00,671.1599731445312,1000.0,0,0.0,1000.0
2026-04-29 18:45:00,672.280029296875,1000.0,0,0.0,1000.0
2026-04-29 18:50:00,672.0,1000.0,0,0.0,1000.0
2026-04-29 18:55:00,673.3099975585938,1000.0,0,0.0,1000.0
2026-04-29 19:00:00,672.4000244140625,1000.0,0,0.0,1000.0
2026-04-29 19:05:00,671.75,1000.0,0,0.0,1000.0
2026-04-29 19:10:00,673.030029296875,1000.0,0,0.0,1000.0
2026-04-29 19:15:00,673.4600219726562,1000.0,0,0.0,1000.0
2026-04-29 19:20:00,673.8599853515625,1000.0,0,0.0,1000.0
2026-04-29 19:25:00,673.4000244140625,1000.0,0,0.0,1000.0
2026-04-29 19:30:00,672.4298706054688,1000.0,0,0.0,1000.0
2026-04-29 19:35:00,672.6900024414062,1000.0,0,0.0,1000.0
2026-04-29 19:40:00,671.6300048828125,1000.0,0,0.0,1000.0
2026-04-29 19:45:00,671.3400268554688,1000.0,0,0.0,1000.0
2026-04-29 19:50:00,670.9400024414062,1000.0,0,0.0,1000.0
2026-04-29 19:55:00,669.9099731445312,1000.0,0,0.0,1000.0
2026-04-30 13:30:00,602.0050048828125,1000.0,0,0.0,1000.0
2026-04-30 13:35:00,602.989990234375,1000.0,0,0.0,1000.0
2026-04-30 13:40:00,608.530029296875,1000.0,0,0.0,1000.0
2026-04-30 13:45:00,607.4099731445312,1000.0,0,0.0,1000.0
2026-04-30 13:50:00,604.2899780273438,1000.0,0,0.0,1000.0
2026-04-30 13:55:00,603.9774780273438,1000.0,0,0.0,1000.0
2026-04-30 14:00:00,603.72998046875,1000.0,0,0.0,1000.0
2026-04-30 14:05:00,603.3099975585938,1000.0,0,0.0,1000.0
2026-04-30 14:10:00,602.85498046875,1000.0,0,0.0,1000.0
2026-04-30 14:15:00,600.22998046875,1000.0,0,0.0,1000.0
2026-04-30 14:20:00,600.3499755859375,1000.0,0,0.0,1000.0
2026-04-30 14:25:00,602.2899169921875,1000.0,0,0.0,1000.0
2026-04-30 14:30:00,604.39501953125,1000.0,0,0.0,1000.0
2026-04-30 14:35:00,604.3900756835938,1000.0,0,0.0,1000.0
2026-04-30 14:40:00,602.7999877929688,1000.0,0,0.0,1000.0
2026-04-30 14:45:00,604.02001953125,1000.0,0,0.0,1000.0
2026-04-30 14:50:00,606.6849975585938,1000.0,0,0.0,1000.0
2026-04-30 14:55:00,608.3499755859375,1000.0,0,0.0,1000.0
2026-04-30 15:00:00,608.4749755859375,1000.0,0,0.0,1000.0
2026-04-30 15:05:00,605.5599975585938,1000.0,0,0.0,1000.0
2026-04-30 15:10:00,606.4299926757812,1000.0,0,0.0,1000.0
2026-04-30 15:15:00,605.6787109375,1000.0,0,0.0,1000.0
2026-04-30 15:20:00,605.8200073242188,1000.0,0,0.0,1000.0
2026-04-30 15:25:00,606.4400024414062,1000.0,0,0.0,1000.0
2026-04-30 15:30:00,607.1300048828125,1000.0,0,0.0,1000.0
2026-04-30 15:35:00,606.4481201171875,1000.0,0,0.0,1000.0
2026-04-30 15:40:00,607.9199829101562,1000.0,0,0.0,1000.0
2026-04-30 15:45:00,607.52001953125,1000.0,0,0.0,1000.0
2026-04-30 15:50:00,609.0977783203125,1000.0,0,0.0,1000.0
2026-04-30 15:55:00,608.010009765625,1000.0,0,0.0,1000.0
2026-04-30 16:00:00,608.1799926757812,1000.0,0,0.0,1000.0
2026-04-30 16:05:00,608.1799926757812,1000.0,0,0.0,1000.0
2026-04-30 16:10:00,609.6500244140625,1000.0,0,0.0,1000.0
2026-04-30 16:15:00,609.6400146484375,1000.0,0,0.0,1000.0
2026-04-30 16:20:00,609.7200927734375,1000.0,0,0.0,1000.0
2026-04-30 16:25:00,608.8101196289062,1000.0,0,0.0,1000.0
2026-04-30 16:30:00,609.7050170898438,1000.0,0,0.0,1000.0
2026-04-30 16:35:00,608.2849731445312,1000.0,0,0.0,1000.0
2026-04-30 16:40:00,605.875,1000.0,0,0.0,1000.0
2026-04-30 16:45:00,607.60498046875,1000.0,0,0.0,1000.0
2026-04-30 16:50:00,608.1500244140625,1000.0,0,0.0,1000.0
2026-04-30 16:55:00,608.0900268554688,1000.0,0,0.0,1000.0
2026-04-30 17:00:00,607.75,1000.0,0,0.0,1000.0
2026-04-30 17:05:00,608.0,1000.0,0,0.0,1000.0
2026-04-30 17:10:00,610.0900268554688,1000.0,0,0.0,1000.0
2026-04-30 17:15:00,608.110107421875,1000.0,0,0.0,1000.0
2026-04-30 17:20:00,606.4849853515625,1000.0,0,0.0,1000.0
2026-04-30 17:25:00,607.5449829101562,1000.0,0,0.0,1000.0
2026-04-30 17:30:00,608.5700073242188,1000.0,0,0.0,1000.0
2026-04-30 17:35:00,608.9099731445312,1000.0,0,0.0,1000.0
2026-04-30 17:40:00,609.4600219726562,1000.0,0,0.0,1000.0
2026-04-30 17:45:00,610.531494140625,1000.0,0,0.0,1000.0
2026-04-30 17:50:00,609.6199951171875,1000.0,0,0.0,1000.0
2026-04-30 17:55:00,613.280029296875,1000.0,0,0.0,1000.0
2026-04-30 18:00:00,616.6932983398438,1000.0,0,0.0,1000.0
2026-04-30 18:05:00,615.8699951171875,1000.0,0,0.0,1000.0
2026-04-30 18:10:00,617.1699829101562,1000.0,0,0.0,1000.0
2026-04-30 18:15:00,616.2098999023438,1000.0,0,0.0,1000.0
2026-04-30 18:20:00,616.1699829101562,1000.0,0,0.0,1000.0
2026-04-30 18:25:00,616.0700073242188,1000.0,0,0.0,1000.0
2026-04-30 18:30:00,616.5900268554688,1000.0,0,0.0,1000.0
2026-04-30 18:35:00,616.8250122070312,1000.0,0,0.0,1000.0
2026-04-30 18:40:00,617.10498046875,1000.0,0,0.0,1000.0
2026-04-30 18:45:00,616.6849975585938,1000.0,0,0.0,1000.0
2026-04-30 18:50:00,616.5,1000.0,0,0.0,1000.0
2026-04-30 18:55:00,616.0999755859375,1000.0,0,0.0,1000.0
2026-04-30 19:00:00,616.2899780273438,1000.0,0,0.0,1000.0
2026-04-30 19:05:00,615.0499877929688,1000.0,0,0.0,1000.0
2026-04-30 19:10:00,615.8007202148438,1000.0,0,0.0,1000.0
2026-04-30 19:15:00,615.4119873046875,1000.0,0,0.0,1000.0
2026-04-30 19:20:00,616.4749755859375,1000.0,0,0.0,1000.0
2026-04-30 19:25:00,617.0800170898438,1000.0,0,0.0,1000.0
2026-04-30 19:30:00,618.35498046875,1000.0,0,0.0,1000.0
2026-04-30 19:35:00,618.25,1000.0,0,0.0,1000.0
2026-04-30 19:40:00,617.85498046875,1000.0,0,0.0,1000.0
2026-04-30 19:45:00,614.7150268554688,1000.0,0,0.0,1000.0
2026-04-30 19:50:00,613.155029296875,1000.0,0,0.0,1000.0
2026-04-30 19:55:00,611.4000244140625,1000.0,0,0.0,1000.0
2026-05-01 13:30:00,613.64501953125,1000.0,0,0.0,1000.0
2026-05-01 13:35:00,612.3336791992188,1000.0,0,0.0,1000.0
2026-05-01 13:40:00,612.8024291992188,1000.0,0,0.0,1000.0
2026-05-01 13:45:00,611.719970703125,1000.0,0,0.0,1000.0
2026-05-01 13:50:00,612.5900268554688,1000.0,0,0.0,1000.0
2026-05-01 13:55:00,613.1500854492188,1000.0,0,0.0,1000.0
2026-05-01 14:00:00,611.8800048828125,1000.0,0,0.0,1000.0
2026-05-01 14:05:00,613.47998046875,1000.0,0,0.0,1000.0
2026-05-01 14:10:00,611.6500244140625,1000.0,0,0.0,1000.0
2026-05-01 14:15:00,613.8629760742188,1000.0,0,0.0,1000.0
2026-05-01 14:20:00,612.5999755859375,1000.0,0,0.0,1000.0
2026-05-01 14:25:00,611.3150024414062,1000.0,0,0.0,1000.0
2026-05-01 14:30:00,608.1790161132812,1000.0,0,0.0,1000.0
2026-05-01 14:35:00,608.0449829101562,1000.0,0,0.0,1000.0
2026-05-01 14:40:00,610.1751098632812,1000.0,0,0.0,1000.0
2026-05-01 14:45:00,611.25,1000.0,0,0.0,1000.0
2026-05-01 14:50:00,610.97998046875,1000.0,0,0.0,1000.0
2026-05-01 14:55:00,611.52001953125,1000.0,0,0.0,1000.0
2026-05-01 15:00:00,611.5999755859375,1000.0,0,0.0,1000.0
2026-05-01 15:05:00,611.9450073242188,1000.0,0,0.0,1000.0
2026-05-01 15:10:00,614.1199951171875,1000.0,0,0.0,1000.0
2026-05-01 15:15:00,613.6799926757812,1000.0,0,0.0,1000.0
2026-05-01 15:20:00,613.8400268554688,1000.0,0,0.0,1000.0
2026-05-01 15:25:00,614.4255981445312,1000.0,0,0.0,1000.0
2026-05-01 15:30:00,613.3350219726562,1000.0,0,0.0,1000.0
2026-05-01 15:35:00,613.2899780273438,1000.0,0,0.0,1000.0
2026-05-01 15:40:00,612.1300048828125,1000.0,0,0.0,1000.0
2026-05-01 15:45:00,611.364990234375,1000.0,0,0.0,1000.0
2026-05-01 15:50:00,610.7100219726562,1000.0,0,0.0,1000.0
2026-05-01 15:55:00,611.9299926757812,1000.0,0,0.0,1000.0
2026-05-01 16:00:00,611.219970703125,1000.0,0,0.0,1000.0
2026-05-01 16:05:00,610.1500244140625,1000.0,0,0.0,1000.0
2026-05-01 16:10:00,610.4500122070312,1000.0,0,0.0,1000.0
2026-05-01 16:15:00,611.6950073242188,1000.0,0,0.0,1000.0
2026-05-01 16:20:00,612.614990234375,1000.0,0,0.0,1000.0
2026-05-01 16:25:00,612.1624755859375,1000.0,0,0.0,1000.0
2026-05-01 16:30:00,611.39501953125,1000.0,0,0.0,1000.0
2026-05-01 16:35:00,611.6599731445312,1000.0,0,0.0,1000.0
2026-05-01 16:40:00,611.9000244140625,1000.0,0,0.0,1000.0
2026-05-01 16:45:00,612.1599731445312,1000.0,0,0.0,1000.0
2026-05-01 16:50:00,612.4849853515625,1000.0,0,0.0,1000.0
2026-05-01 16:55:00,612.510009765625,1000.0,0,0.0,1000.0
2026-05-01 17:00:00,612.030029296875,1000.0,0,0.0,1000.0
2026-05-01 17:05:00,612.010009765625,1000.0,0,0.0,1000.0
2026-05-01 17:10:00,612.0399780273438,1000.0,0,0.0,1000.0
2026-05-01 17:15:00,613.530029296875,1000.0,0,0.0,1000.0
2026-05-01 17:20:00,614.7949829101562,1000.0,0,0.0,1000.0
2026-05-01 17:25:00,615.614990234375,1000.0,0,0.0,1000.0
2026-05-01 17:30:00,613.739990234375,1000.0,0,0.0,1000.0
2026-05-01 17:35:00,614.010009765625,1000.0,0,0.0,1000.0
2026-05-01 17:40:00,614.0791015625,1000.0,0,0.0,1000.0
2026-05-01 17:45:00,612.02001953125,1000.0,0,0.0,1000.0
2026-05-01 17:50:00,612.3599853515625,1000.0,0,0.0,1000.0
2026-05-01 17:55:00,612.030029296875,1000.0,0,0.0,1000.0
2026-05-01 18:00:00,611.0599975585938,1000.0,0,0.0,1000.0
2026-05-01 18:05:00,611.510009765625,1000.0,0,0.0,1000.0
2026-05-01 18:10:00,610.97998046875,1000.0,0,0.0,1000.0
2026-05-01 18:15:00,611.0700073242188,1000.0,0,0.0,1000.0
2026-05-01 18:20:00,611.4949951171875,1000.0,0,0.0,1000.0
2026-05-01 18:25:00,611.8499755859375,1000.0,0,0.0,1000.0
2026-05-01 18:30:00,612.0700073242188,1000.0,0,0.0,1000.0
2026-05-01 18:35:00,613.1099853515625,1000.0,0,0.0,1000.0
2026-05-01 18:40:00,612.1500244140625,1000.0,0,0.0,1000.0
2026-05-01 18:45:00,611.9749755859375,1000.0,0,0.0,1000.0
2026-05-01 18:50:00,611.8099975585938,1000.0,0,0.0,1000.0
2026-05-01 18:55:00,611.2550048828125,1000.0,0,0.0,1000.0
2026-05-01 19:00:00,611.1900024414062,1000.0,0,0.0,1000.0
2026-05-01 19:05:00,611.1799926757812,1000.0,0,0.0,1000.0
2026-05-01 19:10:00,609.75,1000.0,0,0.0,1000.0
2026-05-01 19:15:00,610.5601196289062,1000.0,0,0.0,1000.0
2026-05-01 19:20:00,610.4299926757812,1000.0,0,0.0,1000.0
2026-05-01 19:25:00,611.2750244140625,1000.0,0,0.0,1000.0
2026-05-01 19:30:00,611.5601196289062,1000.0,0,0.0,1000.0
2026-05-01 19:35:00,611.4400024414062,1000.0,0,0.0,1000.0
2026-05-01 19:40:00,612.4199829101562,1000.0,0,0.0,1000.0
2026-05-01 19:45:00,611.5349731445312,1000.0,0,0.0,1000.0
2026-05-01 19:50:00,610.135009765625,1000.0,0,0.0,1000.0
2026-05-01 19:55:00,608.7449951171875,1000.0,0,0.0,1000.0
2026-05-04 13:30:00,606.469970703125,1000.0,0,0.0,1000.0
2026-05-04 13:35:00,606.97998046875,1000.0,0,0.0,1000.0
2026-05-04 13:40:00,605.6199951171875,1000.0,0,0.0,1000.0
2026-05-04 13:45:00,605.89501953125,1000.0,0,0.0,1000.0
2026-05-04 13:50:00,605.3400268554688,1000.0,0,0.0,1000.0
2026-05-04 13:55:00,604.2899780273438,1000.0,0,0.0,1000.0
2026-05-04 14:00:00,604.0449829101562,1000.0,0,0.0,1000.0
2026-05-04 14:05:00,602.8200073242188,1000.0,0,0.0,1000.0
2026-05-04 14:10:00,605.1701049804688,1000.0,0,0.0,1000.0
2026-05-04 14:15:00,606.6550903320312,1000.0,0,0.0,1000.0
2026-05-04 14:20:00,606.3099975585938,1000.0,0,0.0,1000.0
2026-05-04 14:25:00,605.5900268554688,1000.0,0,0.0,1000.0
2026-05-04 14:30:00,606.60498046875,1000.0,0,0.0,1000.0
2026-05-04 14:35:00,607.2650146484375,1000.0,0,0.0,1000.0
2026-05-04 14:40:00,609.9400024414062,1000.0,0,0.0,1000.0
2026-05-04 14:45:00,610.5850219726562,1000.0,0,0.0,1000.0
2026-05-04 14:50:00,612.7901000976562,1000.0,0,0.0,1000.0
2026-05-04 14:55:00,612.6599731445312,1000.0,0,0.0,1000.0
2026-05-04 15:00:00,612.3049926757812,1000.0,0,0.0,1000.0
2026-05-04 15:05:00,611.4249877929688,1000.0,0,0.0,1000.0
2026-05-04 15:10:00,611.4000244140625,1000.0,0,0.0,1000.0
2026-05-04 15:15:00,608.75,1000.0,0,0.0,1000.0
2026-05-04 15:20:00,607.2999877929688,1000.0,0,0.0,1000.0
2026-05-04 15:25:00,608.2717895507812,1000.0,0,0.0,1000.0
2026-05-04 15:30:00,607.7999877929688,1000.0,0,0.0,1000.0
2026-05-04 15:35:00,607.4974975585938,1000.0,0,0.0,1000.0
2026-05-04 15:40:00,608.7000122070312,1000.0,0,0.0,1000.0
2026-05-04 15:45:00,608.719970703125,1000.0,0,0.0,1000.0
2026-05-04 15:50:00,609.894287109375,1000.0,0,0.0,1000.0
2026-05-04 15:55:00,608.4301147460938,1000.0,0,0.0,1000.0
2026-05-04 16:00:00,608.4384765625,1000.0,0,0.0,1000.0
2026-05-04 16:05:00,608.0999755859375,1000.0,0,0.0,1000.0
2026-05-04 16:10:00,608.9450073242188,1000.0,0,0.0,1000.0
2026-05-04 16:15:00,610.7999877929688,1000.0,0,0.0,1000.0
2026-05-04 16:20:00,611.1199951171875,1000.0,0,0.0,1000.0
2026-05-04 16:25:00,611.1599731445312,1000.0,0,0.0,1000.0
2026-05-04 16:30:00,612.260009765625,1000.0,0,0.0,1000.0
2026-05-04 16:35:00,611.2999877929688,1000.0,0,0.0,1000.0
2026-05-04 16:40:00,611.510009765625,1000.0,0,0.0,1000.0
2026-05-04 16:45:00,610.4400024414062,1000.0,0,0.0,1000.0
2026-05-04 16:50:00,609.97998046875,1000.0,0,0.0,1000.0
2026-05-04 16:55:00,610.6900024414062,1000.0,0,0.0,1000.0
2026-05-04 17:00:00,611.489990234375,1000.0,0,0.0,1000.0
2026-05-04 17:05:00,611.1900024414062,1000.0,0,0.0,1000.0
2026-05-04 17:10:00,611.239990234375,1000.0,0,0.0,1000.0
2026-05-04 17:15:00,612.2550048828125,1000.0,0,0.0,1000.0
2026-05-04 17:20:00,612.0,1000.0,0,0.0,1000.0
2026-05-04 17:25:00,611.8099975585938,1000.0,0,0.0,1000.0
2026-05-04 17:30:00,611.6599731445312,1000.0,0,0.0,1000.0
2026-05-04 17:35:00,612.364990234375,1000.0,0,0.0,1000.0
2026-05-04 17:40:00,612.5399780273438,1000.0,0,0.0,1000.0
2026-05-04 17:45:00,613.1199951171875,1000.0,0,0.0,1000.0
2026-05-04 17:50:00,613.4600219726562,1000.0,0,0.0,1000.0
2026-05-04 17:55:00,613.2100219726562,1000.0,0,0.0,1000.0
2026-05-04 18:00:00,613.7100219726562,1000.0,0,0.0,1000.0
2026-05-04 18:05:00,613.2150268554688,1000.0,0,0.0,1000.0
2026-05-04 18:10:00,612.3150024414062,1000.0,0,0.0,1000.0
2026-05-04 18:15:00,612.5250244140625,1000.0,0,0.0,1000.0
2026-05-04 18:20:00,612.0900268554688,1000.0,0,0.0,1000.0
2026-05-04 18:25:00,612.156005859375,1000.0,0,0.0,1000.0
2026-05-04 18:30:00,611.840087890625,1000.0,0,0.0,1000.0
2026-05-04 18:35:00,612.5999755859375,1000.0,0,0.0,1000.0
2026-05-04 18:40:00,612.1900024414062,1000.0,0,0.0,1000.0
2026-05-04 18:45:00,612.0499877929688,1000.0,0,0.0,1000.0
2026-05-04 18:50:00,611.1400146484375,1000.0,0,0.0,1000.0
2026-05-04 18:55:00,611.72998046875,1000.0,0,0.0,1000.0
2026-05-04 19:00:00,611.5999755859375,1000.0,0,0.0,1000.0
2026-05-04 19:05:00,611.75,1000.0,0,0.0,1000.0
2026-05-04 19:10:00,611.7589111328125,1000.0,0,0.0,1000.0
2026-05-04 19:15:00,611.39501953125,1000.0,0,0.0,1000.0
2026-05-04 19:20:00,611.5,1000.0,0,0.0,1000.0
2026-05-04 19:25:00,612.4000244140625,1000.0,0,0.0,1000.0
2026-05-04 19:30:00,612.1199951171875,1000.0,0,0.0,1000.0
2026-05-04 19:35:00,611.5900268554688,1000.0,0,0.0,1000.0
2026-05-04 19:40:00,611.739990234375,1000.0,0,0.0,1000.0
2026-05-04 19:45:00,612.1799926757812,1000.0,0,0.0,1000.0
2026-05-04 19:50:00,610.97998046875,1000.0,0,0.0,1000.0
2026-05-04 19:55:00,610.5399780273438,1000.0,0,0.0,1000.0
2026-05-05 13:30:00,608.9149780273438,1000.0,0,0.0,1000.0
2026-05-05 13:35:00,606.8499755859375,1000.0,0,0.0,1000.0
2026-05-05 13:40:00,606.72998046875,1000.0,0,0.0,1000.0
2026-05-05 13:45:00,606.4299926757812,1000.0,0,0.0,1000.0
2026-05-05 13:50:00,606.4000244140625,1000.0,0,0.0,1000.0
2026-05-05 13:55:00,606.8900146484375,1000.0,0,0.0,1000.0
2026-05-05 14:00:00,607.7899780273438,1000.0,0,0.0,1000.0
2026-05-05 14:05:00,606.8499755859375,1000.0,0,0.0,1000.0
2026-05-05 14:10:00,605.1599731445312,1000.0,0,0.0,1000.0
2026-05-05 14:15:00,604.1118774414062,1000.0,0,0.0,1000.0
2026-05-05 14:20:00,604.7999877929688,1000.0,0,0.0,1000.0
2026-05-05 14:25:00,604.5,1000.0,0,0.0,1000.0
2026-05-05 14:30:00,605.5800170898438,1000.0,0,0.0,1000.0
2026-05-05 14:35:00,605.1348266601562,1000.0,0,0.0,1000.0
2026-05-05 14:40:00,604.6599731445312,1000.0,0,0.0,1000.0
2026-05-05 14:45:00,604.2147827148438,1000.0,0,0.0,1000.0
2026-05-05 14:50:00,603.2000122070312,1000.0,0,0.0,1000.0
2026-05-05 14:55:00,602.905029296875,1000.0,0,0.0,1000.0
2026-05-05 15:00:00,602.1849975585938,1000.0,0,0.0,1000.0
2026-05-05 15:05:00,602.9500122070312,1000.0,0,0.0,1000.0
2026-05-05 15:10:00,602.7449951171875,1000.0,0,0.0,1000.0
2026-05-05 15:15:00,603.3463134765625,1000.0,0,0.0,1000.0
2026-05-05 15:20:00,603.8099975585938,1000.0,0,0.0,1000.0
2026-05-05 15:25:00,604.5900268554688,1000.0,0,0.0,1000.0
2026-05-05 15:30:00,604.1900024414062,1000.0,0,0.0,1000.0
2026-05-05 15:35:00,604.2000122070312,1000.0,0,0.0,1000.0
2026-05-05 15:40:00,604.0900268554688,1000.0,0,0.0,1000.0
2026-05-05 15:45:00,604.1199951171875,1000.0,0,0.0,1000.0
2026-05-05 15:50:00,603.364990234375,1000.0,0,0.0,1000.0
2026-05-05 15:55:00,602.1599731445312,1000.0,0,0.0,1000.0
2026-05-05 16:00:00,602.25,1000.0,0,0.0,1000.0
2026-05-05 16:05:00,601.5800170898438,1000.0,0,0.0,1000.0
2026-05-05 16:10:00,600.9000244140625,1000.0,0,0.0,1000.0
2026-05-05 16:15:00,601.3319702148438,1000.0,0,0.0,1000.0
2026-05-05 16:20:00,601.8400268554688,1000.0,0,0.0,1000.0
2026-05-05 16:25:00,601.5549926757812,1000.0,0,0.0,1000.0
2026-05-05 16:30:00,601.155029296875,1000.0,0,0.0,1000.0
2026-05-05 16:35:00,601.3900146484375,1000.0,0,0.0,1000.0
2026-05-05 16:40:00,601.8099975585938,1000.0,0,0.0,1000.0
2026-05-05 16:45:00,601.5900268554688,1000.0,0,0.0,1000.0
2026-05-05 16:50:00,601.2850952148438,1000.0,0,0.0,1000.0
2026-05-05 16:55:00,601.719970703125,1000.0,0,0.0,1000.0
2026-05-05 17:00:00,601.6400146484375,1000.0,0,0.0,1000.0
2026-05-05 17:05:00,601.4400024414062,1000.0,0,0.0,1000.0
2026-05-05 17:10:00,601.4099731445312,1000.0,0,0.0,1000.0
2026-05-05 17:15:00,601.8250122070312,1000.0,0,0.0,1000.0
2026-05-05 17:20:00,602.2899780273438,1000.0,0,0.0,1000.0
2026-05-05 17:25:00,602.0800170898438,1000.0,0,0.0,1000.0
2026-05-05 17:30:00,602.2675170898438,1000.0,0,0.0,1000.0
2026-05-05 17:35:00,602.47998046875,1000.0,0,0.0,1000.0
2026-05-05 17:40:00,603.3027954101562,1000.0,0,0.0,1000.0
2026-05-05 17:45:00,603.2999877929688,1000.0,0,0.0,1000.0
2026-05-05 17:50:00,604.371826171875,1000.0,0,0.0,1000.0
2026-05-05 17:55:00,603.47998046875,1000.0,0,0.0,1000.0
2026-05-05 18:00:00,604.0599975585938,1000.0,0,0.0,1000.0
2026-05-05 18:05:00,603.6749877929688,1000.0,0,0.0,1000.0
2026-05-05 18:10:00,604.5449829101562,1000.0,0,0.0,1000.0
2026-05-05 18:15:00,604.8099975585938,1000.0,0,0.0,1000.0
2026-05-05 18:20:00,603.9998779296875,1000.0,0,0.0,1000.0
2026-05-05 18:25:00,602.8049926757812,1000.0,0,0.0,1000.0
2026-05-05 18:30:00,602.9498901367188,1000.0,0,0.0,1000.0
2026-05-05 18:35:00,602.719970703125,1000.0,0,0.0,1000.0
2026-05-05 18:40:00,602.3800048828125,1000.0,0,0.0,1000.0
2026-05-05 18:45:00,601.9199829101562,1000.0,0,0.0,1000.0
2026-05-05 18:50:00,600.9660034179688,1000.0,0,0.0,1000.0
2026-05-05 18:55:00,601.114990234375,1000.0,0,0.0,1000.0
2026-05-05 19:00:00,601.6317138671875,1000.0,0,0.0,1000.0
2026-05-05 19:05:00,602.52001953125,1000.0,0,0.0,1000.0
2026-05-05 19:10:00,603.3599853515625,1000.0,0,0.0,1000.0
2026-05-05 19:15:00,604.3200073242188,1000.0,0,0.0,1000.0
2026-05-05 19:20:00,605.3300170898438,1000.0,0,0.0,1000.0
2026-05-05 19:25:00,605.7949829101562,1000.0,0,0.0,1000.0
2026-05-05 19:30:00,606.27001953125,1000.0,0,0.0,1000.0
2026-05-05 19:35:00,606.0444946289062,1000.0,0,0.0,1000.0
2026-05-05 19:40:00,605.760009765625,1000.0,0,0.0,1000.0
2026-05-05 19:45:00,606.094970703125,1000.0,0,0.0,1000.0
2026-05-05 19:50:00,605.9650268554688,1000.0,0,0.0,1000.0
2026-05-05 19:55:00,605.0800170898438,1000.0,0,0.0,1000.0
2026-05-06 13:30:00,603.9000244140625,1000.0,0,0.0,1000.0
2026-05-06 13:35:00,600.155029296875,1000.0,0,0.0,1000.0
2026-05-06 13:40:00,599.375,1000.0,0,0.0,1000.0
2026-05-06 13:45:00,600.8250122070312,1000.0,0,0.0,1000.0
2026-05-06 13:50:00,601.9500122070312,1000.0,0,0.0,1000.0
2026-05-06 13:55:00,603.9099731445312,1000.0,0,0.0,1000.0
2026-05-06 14:00:00,606.260009765625,1000.0,0,0.0,1000.0
2026-05-06 14:05:00,608.6799926757812,1000.0,0,0.0,1000.0
2026-05-06 14:10:00,612.0499877929688,1000.0,0,0.0,1000.0
2026-05-06 14:15:00,616.4500122070312,1000.0,0,0.0,1000.0
2026-05-06 14:20:00,616.5499877929688,1000.0,0,0.0,1000.0
2026-05-06 14:25:00,614.5050048828125,1000.0,0,0.0,1000.0
2026-05-06 14:30:00,617.0599975585938,1000.0,0,0.0,1000.0
2026-05-06 14:35:00,618.7150268554688,1000.0,0,0.0,1000.0
2026-05-06 14:40:00,619.280029296875,1000.0,0,0.0,1000.0
2026-05-06 14:45:00,617.1950073242188,1000.0,0,0.0,1000.0
2026-05-06 14:50:00,615.8499755859375,1000.0,0,0.0,1000.0
2026-05-06 14:55:00,617.1599731445312,1000.0,0,0.0,1000.0
2026-05-06 15:00:00,616.5399780273438,1000.0,0,0.0,1000.0
2026-05-06 15:05:00,614.8699951171875,1000.0,0,0.0,1000.0
2026-05-06 15:10:00,613.9600830078125,1000.0,0,0.0,1000.0
2026-05-06 15:15:00,614.405029296875,1000.0,0,0.0,1000.0
2026-05-06 15:20:00,612.280029296875,1000.0,0,0.0,1000.0
2026-05-06 15:25:00,612.7849731445312,1000.0,0,0.0,1000.0
2026-05-06 15:30:00,613.510009765625,1000.0,0,0.0,1000.0
2026-05-06 15:35:00,614.0999755859375,1000.0,0,0.0,1000.0
2026-05-06 15:40:00,613.760009765625,1000.0,0,0.0,1000.0
2026-05-06 15:45:00,614.0399780273438,1000.0,0,0.0,1000.0
2026-05-06 15:50:00,613.6998901367188,1000.0,0,0.0,1000.0
2026-05-06 15:55:00,613.25,1000.0,0,0.0,1000.0
2026-05-06 16:00:00,612.260009765625,1000.0,0,0.0,1000.0
2026-05-06 16:05:00,612.4000244140625,1000.0,0,0.0,1000.0
2026-05-06 16:10:00,613.0999755859375,1000.0,0,0.0,1000.0
2026-05-06 16:15:00,613.073974609375,1000.0,0,0.0,1000.0
2026-05-06 16:20:00,612.6900024414062,1000.0,0,0.0,1000.0
2026-05-06 16:25:00,612.580078125,1000.0,0,0.0,1000.0
2026-05-06 16:30:00,612.5283813476562,1000.0,0,0.0,1000.0
2026-05-06 16:35:00,611.52001953125,1000.0,0,0.0,1000.0
2026-05-06 16:40:00,611.9149780273438,1000.0,0,0.0,1000.0
2026-05-06 16:45:00,611.4299926757812,1000.0,0,0.0,1000.0
2026-05-06 16:50:00,610.8599853515625,1000.0,0,0.0,1000.0
2026-05-06 16:55:00,612.0999755859375,1000.0,0,0.0,1000.0
2026-05-06 17:00:00,613.4550170898438,1000.0,0,0.0,1000.0
2026-05-06 17:05:00,613.7899780273438,1000.0,0,0.0,1000.0
2026-05-06 17:10:00,613.4199829101562,1000.0,0,0.0,1000.0
2026-05-06 17:15:00,613.239990234375,1000.0,0,0.0,1000.0
2026-05-06 17:20:00,613.3837280273438,1000.0,0,0.0,1000.0
2026-05-06 17:25:00,613.381591796875,1000.0,0,0.0,1000.0
2026-05-06 17:30:00,612.6998901367188,1000.0,0,0.0,1000.0
2026-05-06 17:35:00,611.976318359375,1000.0,0,0.0,1000.0
2026-05-06 17:40:00,611.864990234375,1000.0,0,0.0,1000.0
2026-05-06 17:45:00,612.52001953125,1000.0,0,0.0,1000.0
2026-05-06 17:50:00,612.4400024414062,1000.0,0,0.0,1000.0
2026-05-06 17:55:00,613.030029296875,1000.0,0,0.0,1000.0
2026-05-06 18:00:00,612.3200073242188,1000.0,0,0.0,1000.0
2026-05-06 18:05:00,612.375,1000.0,0,0.0,1000.0
2026-05-06 18:10:00,614.0599975585938,1000.0,0,0.0,1000.0
2026-05-06 18:15:00,613.7650146484375,1000.0,0,0.0,1000.0
2026-05-06 18:20:00,613.655029296875,1000.0,0,0.0,1000.0
2026-05-06 18:25:00,614.1900024414062,1000.0,0,0.0,1000.0
2026-05-06 18:30:00,614.4199829101562,1000.0,0,0.0,1000.0
2026-05-06 18:35:00,614.489990234375,1000.0,0,0.0,1000.0
2026-05-06 18:40:00,614.469970703125,1000.0,0,0.0,1000.0
2026-05-06 18:45:00,614.3200073242188,1000.0,0,0.0,1000.0
2026-05-06 18:50:00,614.4000244140625,1000.0,0,0.0,1000.0
2026-05-06 18:55:00,614.760009765625,1000.0,0,0.0,1000.0
2026-05-06 19:00:00,614.3900146484375,1000.0,0,0.0,1000.0
2026-05-06 19:05:00,613.6300048828125,1000.0,0,0.0,1000.0
2026-05-06 19:10:00,613.0800170898438,1000.0,0,0.0,1000.0
2026-05-06 19:15:00,612.4949951171875,1000.0,0,0.0,1000.0
2026-05-06 19:20:00,612.5599975585938,1000.0,0,0.0,1000.0
2026-05-06 19:25:00,612.6099853515625,1000.0,0,0.0,1000.0
2026-05-06 19:30:00,612.2999877929688,1000.0,0,0.0,1000.0
2026-05-06 19:35:00,612.6199951171875,1000.0,0,0.0,1000.0
2026-05-06 19:40:00,612.1799926757812,1000.0,0,0.0,1000.0
2026-05-06 19:45:00,612.280029296875,1000.0,0,0.0,1000.0
2026-05-06 19:50:00,612.864990234375,1000.0,0,0.0,1000.0
2026-05-06 19:55:00,612.5399780273438,1000.0,0,0.0,1000.0
2026-05-07 13:30:00,621.1589965820312,1000.0,0,0.0,1000.0
2026-05-07 13:35:00,622.6749877929688,1000.0,0,0.0,1000.0
2026-05-07 13:40:00,621.71728515625,1000.0,0,0.0,1000.0
2026-05-07 13:45:00,619.7550048828125,1000.0,0,0.0,1000.0
2026-05-07 13:50:00,621.6799926757812,1000.0,0,0.0,1000.0
2026-05-07 13:55:00,622.6599731445312,1000.0,0,0.0,1000.0
2026-05-07 14:00:00,622.5999755859375,1000.0,0,0.0,1000.0
2026-05-07 14:05:00,622.4000244140625,1000.0,0,0.0,1000.0
2026-05-07 14:10:00,622.1400146484375,1000.0,0,0.0,1000.0
2026-05-07 14:15:00,622.22998046875,1000.0,0,0.0,1000.0
2026-05-07 14:20:00,622.10498046875,1000.0,0,0.0,1000.0
2026-05-07 14:25:00,620.8599853515625,1000.0,0,0.0,1000.0
2026-05-07 14:30:00,620.5,1000.0,0,0.0,1000.0
2026-05-07 14:35:00,620.6199951171875,1000.0,0,0.0,1000.0
2026-05-07 14:40:00,621.4600830078125,1000.0,0,0.0,1000.0
2026-05-07 14:45:00,622.52001953125,1000.0,0,0.0,1000.0
2026-05-07 14:50:00,623.9400024414062,1000.0,0,0.0,1000.0
2026-05-07 14:55:00,622.8944702148438,1000.0,0,0.0,1000.0
2026-05-07 15:00:00,623.75,1000.0,0,0.0,1000.0
2026-05-07 15:05:00,622.0999755859375,1000.0,0,0.0,1000.0
2026-05-07 15:10:00,622.6300048828125,1000.0,0,0.0,1000.0
2026-05-07 15:15:00,623.239990234375,1000.0,0,0.0,1000.0
2026-05-07 15:20:00,623.010009765625,1000.0,0,0.0,1000.0
2026-05-07 15:25:00,621.27001953125,1000.0,0,0.0,1000.0
2026-05-07 15:30:00,621.5599975585938,1000.0,0,0.0,1000.0
2026-05-07 15:35:00,621.5499877929688,1000.0,0,0.0,1000.0
2026-05-07 15:40:00,621.27001953125,1000.0,0,0.0,1000.0
2026-05-07 15:45:00,622.844970703125,1000.0,0,0.0,1000.0
2026-05-07 15:50:00,622.5999755859375,1000.0,0,0.0,1000.0
2026-05-07 15:55:00,622.239990234375,1000.0,0,0.0,1000.0
2026-05-07 16:00:00,620.8699951171875,1000.0,0,0.0,1000.0
2026-05-07 16:05:00,620.5,1000.0,0,0.0,1000.0
2026-05-07 16:10:00,618.7550048828125,1000.0,0,0.0,1000.0
2026-05-07 16:15:00,616.5200805664062,1000.0,0,0.0,1000.0
2026-05-07 16:20:00,618.4500122070312,1000.0,0,0.0,1000.0
2026-05-07 16:25:00,619.8049926757812,1000.0,0,0.0,1000.0
2026-05-07 16:30:00,619.010009765625,1000.0,0,0.0,1000.0
2026-05-07 16:35:00,618.2000122070312,1000.0,0,0.0,1000.0
2026-05-07 16:40:00,618.8800048828125,1000.0,0,0.0,1000.0
2026-05-07 16:45:00,617.1701049804688,1000.0,0,0.0,1000.0
2026-05-07 16:50:00,617.0,1000.0,0,0.0,1000.0
2026-05-07 16:55:00,616.969970703125,1000.0,0,0.0,1000.0
2026-05-07 17:00:00,617.510009765625,1000.0,0,0.0,1000.0
2026-05-07 17:05:00,615.030029296875,1000.0,0,0.0,1000.0
2026-05-07 17:10:00,615.4500122070312,1000.0,0,0.0,1000.0
2026-05-07 17:15:00,616.0150146484375,1000.0,0,0.0,1000.0
2026-05-07 17:20:00,615.7999877929688,1000.0,0,0.0,1000.0
2026-05-07 17:25:00,614.9600219726562,1000.0,0,0.0,1000.0
2026-05-07 17:30:00,614.989990234375,1000.0,0,0.0,1000.0
2026-05-07 17:35:00,615.0,1000.0,0,0.0,1000.0
2026-05-07 17:40:00,614.4600219726562,1000.0,0,0.0,1000.0
2026-05-07 17:45:00,613.875,1000.0,0,0.0,1000.0
2026-05-07 17:50:00,614.6300048828125,1000.0,0,0.0,1000.0
2026-05-07 17:55:00,616.0499877929688,1000.0,0,0.0,1000.0
2026-05-07 18:00:00,614.9000244140625,1000.0,0,0.0,1000.0
2026-05-07 18:05:00,615.5349731445312,1000.0,0,0.0,1000.0
2026-05-07 18:10:00,616.260009765625,1000.0,0,0.0,1000.0
2026-05-07 18:15:00,616.5250244140625,1000.0,0,0.0,1000.0
2026-05-07 18:20:00,616.0999755859375,1000.0,0,0.0,1000.0
2026-05-07 18:25:00,616.6801147460938,1000.0,0,0.0,1000.0
2026-05-07 18:30:00,616.780029296875,1000.0,0,0.0,1000.0
2026-05-07 18:35:00,616.72998046875,1000.0,0,0.0,1000.0
2026-05-07 18:40:00,615.8150024414062,1000.0,0,0.0,1000.0
2026-05-07 18:45:00,616.0900268554688,1000.0,0,0.0,1000.0
2026-05-07 18:50:00,616.39501953125,1000.0,0,0.0,1000.0
2026-05-07 18:55:00,617.1649780273438,1000.0,0,0.0,1000.0
2026-05-07 19:00:00,616.469970703125,1000.0,0,0.0,1000.0
2026-05-07 19:05:00,616.1599731445312,1000.0,0,0.0,1000.0
2026-05-07 19:10:00,616.5900268554688,1000.0,0,0.0,1000.0
2026-05-07 19:15:00,615.5650024414062,1000.0,0,0.0,1000.0
2026-05-07 19:20:00,615.5399780273438,1000.0,0,0.0,1000.0
2026-05-07 19:25:00,615.8099975585938,1000.0,0,0.0,1000.0
2026-05-07 19:30:00,615.75,1000.0,0,0.0,1000.0
2026-05-07 19:35:00,616.6500244140625,1000.0,0,0.0,1000.0
2026-05-07 19:40:00,616.9400024414062,1000.0,0,0.0,1000.0
2026-05-07 19:45:00,617.0449829101562,1000.0,0,0.0,1000.0
2026-05-07 19:50:00,616.6599731445312,1000.0,0,0.0,1000.0
2026-05-07 19:55:00,616.9600219726562,1000.0,0,0.0,1000.0
2026-05-08 13:30:00,614.8900146484375,1000.0,0,0.0,1000.0
2026-05-08 13:35:00,615.3599853515625,1000.0,0,0.0,1000.0
2026-05-08 13:40:00,613.7899780273438,1000.0,0,0.0,1000.0
2026-05-08 13:45:00,616.0999755859375,1000.0,0,0.0,1000.0
2026-05-08 13:50:00,613.8049926757812,1000.0,0,0.0,1000.0
2026-05-08 13:55:00,614.114990234375,1000.0,0,0.0,1000.0
2026-05-08 14:00:00,613.9199829101562,1000.0,0,0.0,1000.0
2026-05-08 14:05:00,614.8400268554688,1000.0,0,0.0,1000.0
2026-05-08 14:10:00,615.9099731445312,1000.0,0,0.0,1000.0
2026-05-08 14:15:00,615.1900024414062,1000.0,0,0.0,1000.0
2026-05-08 14:20:00,615.530029296875,1000.0,0,0.0,1000.0
2026-05-08 14:25:00,612.8499755859375,1000.0,0,0.0,1000.0
2026-05-08 14:30:00,612.7150268554688,1000.0,0,0.0,1000.0
2026-05-08 14:35:00,613.1600952148438,1000.0,0,0.0,1000.0
2026-05-08 14:40:00,612.7999877929688,1000.0,0,0.0,1000.0
2026-05-08 14:45:00,612.10498046875,1000.0,0,0.0,1000.0
2026-05-08 14:50:00,612.2550048828125,1000.0,0,0.0,1000.0
2026-05-08 14:55:00,611.6099853515625,1000.0,0,0.0,1000.0
2026-05-08 15:00:00,610.280029296875,1000.0,0,0.0,1000.0
2026-05-08 15:05:00,610.030029296875,1000.0,0,0.0,1000.0
2026-05-08 15:10:00,610.135009765625,1000.0,0,0.0,1000.0
2026-05-08 15:15:00,609.4000244140625,1000.0,0,0.0,1000.0
2026-05-08 15:20:00,608.8099975585938,1000.0,0,0.0,1000.0
2026-05-08 15:25:00,608.9000244140625,1000.0,0,0.0,1000.0
2026-05-08 15:30:00,608.0,1000.0,0,0.0,1000.0
2026-05-08 15:35:00,608.280029296875,1000.0,0,0.0,1000.0
2026-05-08 15:40:00,607.5599975585938,1000.0,0,0.0,1000.0
2026-05-08 15:45:00,607.3099975585938,1000.0,0,0.0,1000.0
2026-05-08 15:50:00,607.0,1000.0,0,0.0,1000.0
2026-05-08 15:55:00,607.3150024414062,1000.0,0,0.0,1000.0
2026-05-08 16:00:00,608.760009765625,1000.0,0,0.0,1000.0
2026-05-08 16:05:00,609.4000244140625,1000.0,0,0.0,1000.0
2026-05-08 16:10:00,609.9400024414062,1000.0,0,0.0,1000.0
2026-05-08 16:15:00,608.2000122070312,1000.0,0,0.0,1000.0
2026-05-08 16:20:00,608.9600219726562,1000.0,0,0.0,1000.0
2026-05-08 16:25:00,608.0999755859375,1000.0,0,0.0,1000.0
2026-05-08 16:30:00,608.2183227539062,1000.0,0,0.0,1000.0
2026-05-08 16:35:00,608.3300170898438,1000.0,0,0.0,1000.0
2026-05-08 16:40:00,607.8499755859375,1000.0,0,0.0,1000.0
2026-05-08 16:45:00,609.1199951171875,1000.0,0,0.0,1000.0
2026-05-08 16:50:00,608.9299926757812,1000.0,0,0.0,1000.0
2026-05-08 16:55:00,608.8800048828125,1000.0,0,0.0,1000.0
2026-05-08 17:00:00,608.9550170898438,1000.0,0,0.0,1000.0
2026-05-08 17:05:00,608.9400024414062,1000.0,0,0.0,1000.0
2026-05-08 17:10:00,609.39501953125,1000.0,0,0.0,1000.0
2026-05-08 17:15:00,609.8350219726562,1000.0,0,0.0,1000.0
2026-05-08 17:20:00,609.8699951171875,1000.0,0,0.0,1000.0
2026-05-08 17:25:00,609.9149780273438,1000.0,0,0.0,1000.0
2026-05-08 17:30:00,609.4600219726562,1000.0,0,0.0,1000.0
2026-05-08 17:35:00,608.9249877929688,1000.0,0,0.0,1000.0
2026-05-08 17:40:00,608.760009765625,1000.0,0,0.0,1000.0
2026-05-08 17:45:00,609.2849731445312,1000.0,0,0.0,1000.0
2026-05-08 17:50:00,609.8150024414062,1000.0,0,0.0,1000.0
2026-05-08 17:55:00,610.3800048828125,1000.0,0,0.0,1000.0
2026-05-08 18:00:00,611.1900024414062,1000.0,0,0.0,1000.0
2026-05-08 18:05:00,610.510009765625,1000.0,0,0.0,1000.0
2026-05-08 18:10:00,610.6799926757812,1000.0,0,0.0,1000.0
2026-05-08 18:15:00,610.6599731445312,1000.0,0,0.0,1000.0
2026-05-08 18:20:00,610.2675170898438,1000.0,0,0.0,1000.0
2026-05-08 18:25:00,611.35498046875,1000.0,0,0.0,1000.0
2026-05-08 18:30:00,610.8300170898438,1000.0,0,0.0,1000.0
2026-05-08 18:35:00,609.9498901367188,1000.0,0,0.0,1000.0
2026-05-08 18:40:00,609.9000244140625,1000.0,0,0.0,1000.0
2026-05-08 18:45:00,609.989990234375,1000.0,0,0.0,1000.0
2026-05-08 18:50:00,609.1400146484375,1000.0,0,0.0,1000.0
2026-05-08 18:55:00,609.4099731445312,1000.0,0,0.0,1000.0
2026-05-08 19:00:00,609.5001220703125,1000.0,0,0.0,1000.0
2026-05-08 19:05:00,609.7999877929688,1000.0,0,0.0,1000.0
2026-05-08 19:10:00,609.72998046875,1000.0,0,0.0,1000.0
2026-05-08 19:15:00,609.875,1000.0,0,0.0,1000.0
2026-05-08 19:20:00,610.0855712890625,1000.0,0,0.0,1000.0
2026-05-08 19:25:00,610.239990234375,1000.0,0,0.0,1000.0
2026-05-08 19:30:00,610.5275268554688,1000.0,0,0.0,1000.0
2026-05-08 19:35:00,610.1950073242188,1000.0,0,0.0,1000.0
2026-05-08 19:40:00,610.6199951171875,1000.0,0,0.0,1000.0
2026-05-08 19:45:00,610.719970703125,1000.0,0,0.0,1000.0
2026-05-08 19:50:00,610.6500244140625,1000.0,0,0.0,1000.0
2026-05-08 19:55:00,609.6400146484375,1000.0,0,0.0,1000.0
2026-05-11 13:30:00,602.3800048828125,1000.0,0,0.0,1000.0
2026-05-11 13:35:00,601.530029296875,1000.0,0,0.0,1000.0
2026-05-11 13:40:00,600.9000244140625,1000.0,0,0.0,1000.0
2026-05-11 13:45:00,600.1699829101562,1000.0,0,0.0,1000.0
2026-05-11 13:50:00,601.6213989257812,1000.0,0,0.0,1000.0
2026-05-11 13:55:00,601.1849975585938,1000.0,0,0.0,1000.0
2026-05-11 14:00:00,602.14501953125,1000.0,0,0.0,1000.0
2026-05-11 14:05:00,602.260009765625,1000.0,0,0.0,1000.0
2026-05-11 14:10:00,602.2100219726562,1000.0,0,0.0,1000.0
2026-05-11 14:15:00,603.0,1000.0,0,0.0,1000.0
2026-05-11 14:20:00,602.788818359375,1000.0,0,0.0,1000.0
2026-05-11 14:25:00,602.6199951171875,1000.0,0,0.0,1000.0
2026-05-11 14:30:00,602.1699829101562,1000.0,0,0.0,1000.0
2026-05-11 14:35:00,602.72998046875,1000.0,0,0.0,1000.0
2026-05-11 14:40:00,602.1099853515625,1000.0,0,0.0,1000.0
2026-05-11 14:45:00,601.1950073242188,1000.0,0,0.0,1000.0
2026-05-11 14:50:00,600.8200073242188,1000.0,0,0.0,1000.0
2026-05-11 14:55:00,601.6900024414062,1000.0,0,0.0,1000.0
2026-05-11 15:00:00,600.4000244140625,1000.0,0,0.0,1000.0
2026-05-11 15:05:00,600.6199951171875,1000.0,0,0.0,1000.0
2026-05-11 15:10:00,600.5700073242188,1000.0,0,0.0,1000.0
2026-05-11 15:15:00,601.0999755859375,1000.0,0,0.0,1000.0
2026-05-11 15:20:00,601.6099853515625,1000.0,0,0.0,1000.0
2026-05-11 15:25:00,602.397216796875,1000.0,0,0.0,1000.0
2026-05-11 15:30:00,602.72998046875,1000.0,0,0.0,1000.0
2026-05-11 15:35:00,602.610107421875,1000.0,0,0.0,1000.0
2026-05-11 15:40:00,602.594970703125,1000.0,0,0.0,1000.0
2026-05-11 15:45:00,602.9199829101562,1000.0,0,0.0,1000.0
2026-05-11 15:50:00,603.6500244140625,1000.0,0,0.0,1000.0
2026-05-11 15:55:00,603.2100219726562,1000.0,0,0.0,1000.0
2026-05-11 16:00:00,602.510009765625,1000.0,0,0.0,1000.0
2026-05-11 16:05:00,602.1099853515625,1000.0,0,0.0,1000.0
2026-05-11 16:10:00,602.7301025390625,1000.0,0,0.0,1000.0
2026-05-11 16:15:00,603.6593017578125,1000.0,0,0.0,1000.0
2026-05-11 16:20:00,602.9500122070312,1000.0,0,0.0,1000.0
2026-05-11 16:25:00,602.7050170898438,1000.0,0,0.0,1000.0
2026-05-11 16:30:00,603.515625,1000.0,0,0.0,1000.0
2026-05-11 16:35:00,603.7100219726562,1000.0,0,0.0,1000.0
2026-05-11 16:40:00,603.560791015625,1000.0,0,0.0,1000.0
2026-05-11 16:45:00,602.6500244140625,1000.0,0,0.0,1000.0
2026-05-11 16:50:00,602.8300170898438,1000.0,0,0.0,1000.0
2026-05-11 16:55:00,602.4249877929688,1000.0,0,0.0,1000.0
2026-05-11 17:00:00,602.27001953125,1000.0,0,0.0,1000.0
2026-05-11 17:05:00,601.489990234375,1000.0,0,0.0,1000.0
2026-05-11 17:10:00,600.60009765625,1000.0,0,0.0,1000.0
2026-05-11 17:15:00,600.9124755859375,1000.0,0,0.0,1000.0
2026-05-11 17:20:00,601.010009765625,1000.0,0,0.0,1000.0
2026-05-11 17:25:00,601.3099975585938,1000.0,0,0.0,1000.0
2026-05-11 17:30:00,601.8049926757812,1000.0,0,0.0,1000.0
2026-05-11 17:35:00,601.989990234375,1000.0,0,0.0,1000.0
2026-05-11 17:40:00,602.9099731445312,1000.0,0,0.0,1000.0
2026-05-11 17:45:00,602.5599975585938,1000.0,0,0.0,1000.0
2026-05-11 17:50:00,602.47998046875,1000.0,0,0.0,1000.0
2026-05-11 17:55:00,602.969970703125,1000.0,0,0.0,1000.0
2026-05-11 18:00:00,603.25,1000.0,0,0.0,1000.0
2026-05-11 18:05:00,602.6649780273438,1000.0,0,0.0,1000.0
2026-05-11 18:10:00,602.1900024414062,1000.0,0,0.0,1000.0
2026-05-11 18:15:00,601.0999755859375,1000.0,0,0.0,1000.0
2026-05-11 18:20:00,601.0399780273438,1000.0,0,0.0,1000.0
2026-05-11 18:25:00,600.5499877929688,1000.0,0,0.0,1000.0
2026-05-11 18:30:00,599.6199951171875,1000.0,0,0.0,1000.0
2026-05-11 18:35:00,598.6799926757812,1000.0,0,0.0,1000.0
2026-05-11 18:40:00,599.2999877929688,1000.0,0,0.0,1000.0
2026-05-11 18:45:00,600.2100219726562,1000.0,0,0.0,1000.0
2026-05-11 18:50:00,599.4456176757812,1000.0,0,0.0,1000.0
2026-05-11 18:55:00,599.260009765625,1000.0,0,0.0,1000.0
2026-05-11 19:00:00,599.0,1000.0,0,0.0,1000.0
2026-05-11 19:05:00,599.02001953125,1000.0,0,0.0,1000.0
2026-05-11 19:10:00,599.344970703125,1000.0,0,0.0,1000.0
2026-05-11 19:15:00,598.9799194335938,1000.0,0,0.0,1000.0
2026-05-11 19:20:00,598.9199829101562,1000.0,0,0.0,1000.0
2026-05-11 19:25:00,599.5,1000.0,0,0.0,1000.0
2026-05-11 19:30:00,599.4600219726562,1000.0,0,0.0,1000.0
2026-05-11 19:35:00,599.5599975585938,1000.0,0,0.0,1000.0
2026-05-11 19:40:00,598.739990234375,1000.0,0,0.0,1000.0
2026-05-11 19:45:00,598.4550170898438,1000.0,0,0.0,1000.0
2026-05-11 19:50:00,599.3350219726562,1000.0,0,0.0,1000.0
2026-05-11 19:55:00,598.8499755859375,1000.0,0,0.0,1000.0
2026-05-12 13:30:00,593.6220092773438,1000.0,0,0.0,1000.0
2026-05-12 13:35:00,596.3800048828125,1000.0,0,0.0,1000.0
2026-05-12 13:40:00,598.530029296875,1000.0,0,0.0,1000.0
2026-05-12 13:45:00,598.1699829101562,1000.0,0,0.0,1000.0
2026-05-12 13:50:00,600.2899780273438,1000.0,0,0.0,1000.0
2026-05-12 13:55:00,600.1799926757812,1000.0,0,0.0,1000.0
2026-05-12 14:00:00,599.760009765625,1000.0,0,0.0,1000.0
2026-05-12 14:05:00,598.5999755859375,1000.0,0,0.0,1000.0
2026-05-12 14:10:00,600.3800048828125,1000.0,0,0.0,1000.0
2026-05-12 14:15:00,602.2000122070312,1000.0,0,0.0,1000.0
2026-05-12 14:20:00,603.1749877929688,1000.0,0,0.0,1000.0
2026-05-12 14:25:00,602.02001953125,1000.0,0,0.0,1000.0
2026-05-12 14:30:00,603.0971069335938,1000.0,0,0.0,1000.0
2026-05-12 14:35:00,602.7000122070312,1000.0,0,0.0,1000.0
2026-05-12 14:40:00,602.7999877929688,1000.0,0,0.0,1000.0
2026-05-12 14:45:00,601.969970703125,1000.0,0,0.0,1000.0
2026-05-12 14:50:00,600.4349975585938,1000.0,0,0.0,1000.0
2026-05-12 14:55:00,601.0599975585938,1000.0,0,0.0,1000.0
2026-05-12 15:00:00,600.9000244140625,1000.0,0,0.0,1000.0
2026-05-12 15:05:00,600.7100219726562,1000.0,0,0.0,1000.0
2026-05-12 15:10:00,600.3499755859375,1000.0,0,0.0,1000.0
2026-05-12 15:15:00,601.0999755859375,1000.0,0,0.0,1000.0
2026-05-12 15:20:00,601.260009765625,1000.0,0,0.0,1000.0
2026-05-12 15:25:00,601.8900146484375,1000.0,0,0.0,1000.0
2026-05-12 15:30:00,600.1900024414062,1000.0,0,0.0,1000.0
2026-05-12 15:35:00,600.3599853515625,1000.0,0,0.0,1000.0
2026-05-12 15:40:00,601.010009765625,1000.0,0,0.0,1000.0
2026-05-12 15:45:00,600.5800170898438,1000.0,0,0.0,1000.0
2026-05-12 15:50:00,600.9400024414062,1000.0,0,0.0,1000.0
2026-05-12 15:55:00,600.4400024414062,1000.0,0,0.0,1000.0
2026-05-12 16:00:00,600.2999877929688,1000.0,0,0.0,1000.0
2026-05-12 16:05:00,600.1699829101562,1000.0,0,0.0,1000.0
2026-05-12 16:10:00,600.0,1000.0,0,0.0,1000.0
2026-05-12 16:15:00,600.5150146484375,1000.0,0,0.0,1000.0
2026-05-12 16:20:00,600.4918823242188,1000.0,0,0.0,1000.0
2026-05-12 16:25:00,600.0399780273438,1000.0,0,0.0,1000.0
2026-05-12 16:30:00,600.2800903320312,1000.0,0,0.0,1000.0
2026-05-12 16:35:00,601.0900268554688,1000.0,0,0.0,1000.0
2026-05-12 16:40:00,601.0050048828125,1000.0,0,0.0,1000.0
2026-05-12 16:45:00,600.5,1000.0,0,0.0,1000.0
2026-05-12 16:50:00,600.5,1000.0,0,0.0,1000.0
2026-05-12 16:55:00,599.9299926757812,1000.0,0,0.0,1000.0
2026-05-12 17:00:00,599.3699951171875,1000.0,0,0.0,1000.0
2026-05-12 17:05:00,598.79150390625,1000.0,0,0.0,1000.0
2026-05-12 17:10:00,597.2000122070312,1000.0,0,0.0,1000.0
2026-05-12 17:15:00,597.5349731445312,1000.0,0,0.0,1000.0
2026-05-12 17:20:00,598.89501953125,1000.0,0,0.0,1000.0
2026-05-12 17:25:00,598.7899780273438,1000.0,0,0.0,1000.0
2026-05-12 17:30:00,599.1799926757812,1000.0,0,0.0,1000.0
2026-05-12 17:35:00,599.47998046875,1000.0,0,0.0,1000.0
2026-05-12 17:40:00,599.8599853515625,1000.0,0,0.0,1000.0
2026-05-12 17:45:00,599.719970703125,1000.0,0,0.0,1000.0
2026-05-12 17:50:00,600.364990234375,1000.0,0,0.0,1000.0
2026-05-12 17:55:00,600.4500122070312,1000.0,0,0.0,1000.0
2026-05-12 18:00:00,599.9600219726562,1000.0,0,0.0,1000.0
2026-05-12 18:05:00,599.614990234375,1000.0,0,0.0,1000.0
2026-05-12 18:10:00,600.030029296875,1000.0,0,0.0,1000.0
2026-05-12 18:15:00,599.4550170898438,1000.0,0,0.0,1000.0
2026-05-12 18:20:00,600.3099975585938,1000.0,0,0.0,1000.0
2026-05-12 18:25:00,600.4249877929688,1000.0,0,0.0,1000.0
2026-05-12 18:30:00,599.5900268554688,1000.0,0,0.0,1000.0
2026-05-12 18:35:00,599.1099853515625,1000.0,0,0.0,1000.0
2026-05-12 18:40:00,599.3150024414062,1000.0,0,0.0,1000.0
2026-05-12 18:45:00,599.3200073242188,1000.0,0,0.0,1000.0
2026-05-12 18:50:00,599.6950073242188,1000.0,0,0.0,1000.0
2026-05-12 18:55:00,599.75,1000.0,0,0.0,1000.0
2026-05-12 19:00:00,599.5800170898438,1000.0,0,0.0,1000.0
2026-05-12 19:05:00,599.780029296875,1000.0,0,0.0,1000.0
2026-05-12 19:10:00,600.3900146484375,1000.0,0,0.0,1000.0
2026-05-12 19:15:00,600.5,1000.0,0,0.0,1000.0
2026-05-12 19:20:00,601.9400024414062,1000.0,0,0.0,1000.0
2026-05-12 19:25:00,602.4393920898438,1000.0,0,0.0,1000.0
2026-05-12 19:30:00,602.0700073242188,1000.0,0,0.0,1000.0
2026-05-12 19:35:00,601.6109008789062,1000.0,0,0.0,1000.0
2026-05-12 19:40:00,602.7672119140625,1000.0,0,0.0,1000.0
2026-05-12 19:45:00,601.8699951171875,1000.0,0,0.0,1000.0
2026-05-12 19:50:00,603.344970703125,1000.0,0,0.0,1000.0
2026-05-12 19:55:00,603.1300048828125,1000.0,0,0.0,1000.0
2026-05-13 13:30:00,598.4749755859375,1000.0,0,0.0,1000.0
2026-05-13 13:35:00,600.780029296875,1000.0,0,0.0,1000.0
2026-05-13 13:40:00,601.4050903320312,1000.0,0,0.0,1000.0
2026-05-13 13:45:00,599.8599853515625,1000.0,0,0.0,1000.0
2026-05-13 13:50:00,602.97998046875,1000.0,0,0.0,1000.0
2026-05-13 13:55:00,605.7100219726562,1000.0,0,0.0,1000.0
2026-05-13 14:00:00,608.3499755859375,1000.0,0,0.0,1000.0
2026-05-13 14:05:00,605.5349731445312,1000.0,0,0.0,1000.0
2026-05-13 14:10:00,606.0499877929688,1000.0,0,0.0,1000.0
2026-05-13 14:15:00,606.35498046875,1000.0,0,0.0,1000.0
2026-05-13 14:20:00,606.1099853515625,1000.0,0,0.0,1000.0
2026-05-13 14:25:00,606.3499755859375,1000.0,0,0.0,1000.0
2026-05-13 14:30:00,604.2750244140625,1000.0,0,0.0,1000.0
2026-05-13 14:35:00,603.4849853515625,1000.0,0,0.0,1000.0
2026-05-13 14:40:00,604.8300170898438,1000.0,0,0.0,1000.0
2026-05-13 14:45:00,605.3101196289062,1000.0,0,0.0,1000.0
2026-05-13 14:50:00,605.2849731445312,1000.0,0,0.0,1000.0
2026-05-13 14:55:00,604.5750122070312,1000.0,0,0.0,1000.0
2026-05-13 15:00:00,605.1500244140625,1000.0,0,0.0,1000.0
2026-05-13 15:05:00,604.0050048828125,1000.0,0,0.0,1000.0
2026-05-13 15:10:00,604.2050170898438,1000.0,0,0.0,1000.0
2026-05-13 15:15:00,604.6900024414062,1000.0,0,0.0,1000.0
2026-05-13 15:20:00,605.9149780273438,1000.0,0,0.0,1000.0
2026-05-13 15:25:00,606.4896240234375,1000.0,0,0.0,1000.0
2026-05-13 15:30:00,606.6599731445312,1000.0,0,0.0,1000.0
2026-05-13 15:35:00,607.0499877929688,1000.0,0,0.0,1000.0
2026-05-13 15:40:00,609.0499877929688,1000.0,0,0.0,1000.0
2026-05-13 15:45:00,608.1599731445312,1000.0,0,0.0,1000.0
2026-05-13 15:50:00,607.2393798828125,1000.0,0,0.0,1000.0
2026-05-13 15:55:00,608.510009765625,1000.0,0,0.0,1000.0
2026-05-13 16:00:00,609.7301025390625,1000.0,0,0.0,1000.0
2026-05-13 16:05:00,609.6400146484375,1000.0,0,0.0,1000.0
2026-05-13 16:10:00,609.9749755859375,1000.0,0,0.0,1000.0
2026-05-13 16:15:00,609.8599853515625,1000.0,0,0.0,1000.0
2026-05-13 16:20:00,610.9400024414062,1000.0,0,0.0,1000.0
2026-05-13 16:25:00,612.5499877929688,1000.0,0,0.0,1000.0
2026-05-13 16:30:00,612.8350219726562,1000.0,0,0.0,1000.0
2026-05-13 16:35:00,612.8250122070312,1000.0,0,0.0,1000.0
2026-05-13 16:40:00,611.6699829101562,1000.0,0,0.0,1000.0
2026-05-13 16:45:00,612.3800048828125,1000.0,0,0.0,1000.0
2026-05-13 16:50:00,613.7000122070312,1000.0,0,0.0,1000.0
2026-05-13 16:55:00,615.5549926757812,1000.0,0,0.0,1000.0
2026-05-13 17:00:00,615.75,1000.0,0,0.0,1000.0
2026-05-13 17:05:00,615.3900146484375,1000.0,0,0.0,1000.0
2026-05-13 17:10:00,615.2999877929688,1000.0,0,0.0,1000.0
2026-05-13 17:15:00,615.1649780273438,1000.0,0,0.0,1000.0
2026-05-13 17:20:00,614.830078125,1000.0,0,0.0,1000.0
2026-05-13 17:25:00,615.510009765625,1000.0,0,0.0,1000.0
2026-05-13 17:30:00,615.0750122070312,1000.0,0,0.0,1000.0
2026-05-13 17:35:00,615.2949829101562,1000.0,0,0.0,1000.0
2026-05-13 17:40:00,615.7100219726562,1000.0,0,0.0,1000.0
2026-05-13 17:45:00,616.2899780273438,1000.0,0,0.0,1000.0
2026-05-13 17:50:00,616.0499877929688,1000.0,0,0.0,1000.0
2026-05-13 17:55:00,615.0999755859375,1000.0,0,0.0,1000.0
2026-05-13 18:00:00,616.2899780273438,1000.0,0,0.0,1000.0
2026-05-13 18:05:00,616.4149780273438,1000.0,0,0.0,1000.0
2026-05-13 18:10:00,617.511474609375,1000.0,0,0.0,1000.0
2026-05-13 18:15:00,617.9199829101562,1000.0,0,0.0,1000.0
2026-05-13 18:20:00,618.22998046875,1000.0,0,0.0,1000.0
2026-05-13 18:25:00,617.8800048828125,1000.0,0,0.0,1000.0
2026-05-13 18:30:00,618.1199951171875,1000.0,0,0.0,1000.0
2026-05-13 18:35:00,619.1099853515625,1000.0,0,0.0,1000.0
2026-05-13 18:40:00,618.6950073242188,1000.0,0,0.0,1000.0
2026-05-13 18:45:00,618.75,1000.0,0,0.0,1000.0
2026-05-13 18:50:00,617.9765014648438,1000.0,0,0.0,1000.0
2026-05-13 18:55:00,617.14501953125,1000.0,0,0.0,1000.0
2026-05-13 19:00:00,617.1599731445312,1000.0,0,0.0,1000.0
2026-05-13 19:05:00,617.5150146484375,1000.0,0,0.0,1000.0
2026-05-13 19:10:00,617.3250122070312,1000.0,0,0.0,1000.0
2026-05-13 19:15:00,618.1400146484375,1000.0,0,0.0,1000.0
2026-05-13 19:20:00,616.6699829101562,1000.0,0,0.0,1000.0
2026-05-13 19:25:00,616.614990234375,1000.0,0,0.0,1000.0
2026-05-13 19:30:00,616.5900268554688,1000.0,0,0.0,1000.0
2026-05-13 19:35:00,617.2100219726562,1000.0,0,0.0,1000.0
2026-05-13 19:40:00,616.97998046875,1000.0,0,0.0,1000.0
2026-05-13 19:45:00,616.5900268554688,1000.0,0,0.0,1000.0
2026-05-13 19:50:00,616.9199829101562,1000.0,0,0.0,1000.0
2026-05-13 19:55:00,616.5900268554688,1000.0,0,0.0,1000.0
2026-05-14 13:30:00,618.39501953125,1000.0,0,0.0,1000.0
2026-05-14 13:35:00,617.3699951171875,1000.0,0,0.0,1000.0
2026-05-14 13:40:00,617.6400146484375,1000.0,0,0.0,1000.0
2026-05-14 13:45:00,616.719970703125,1000.0,0,0.0,1000.0
2026-05-14 13:50:00,616.7100219726562,1000.0,0,0.0,1000.0
2026-05-14 13:55:00,617.5,1000.0,0,0.0,1000.0
2026-05-14 14:00:00,622.4849853515625,1000.0,0,0.0,1000.0
2026-05-14 14:05:00,621.6599731445312,1000.0,0,0.0,1000.0
2026-05-14 14:10:00,620.64501953125,1000.0,0,0.0,1000.0
2026-05-14 14:15:00,620.3800048828125,1000.0,0,0.0,1000.0
2026-05-14 14:20:00,622.8200073242188,1000.0,0,0.0,1000.0
2026-05-14 14:25:00,621.9500122070312,1000.0,0,0.0,1000.0
2026-05-14 14:30:00,620.75,1000.0,0,0.0,1000.0
2026-05-14 14:35:00,618.375,1000.0,0,0.0,1000.0
2026-05-14 14:40:00,620.1849975585938,1000.0,0,0.0,1000.0
2026-05-14 14:45:00,621.1300048828125,1000.0,0,0.0,1000.0
2026-05-14 14:50:00,621.739501953125,1000.0,0,0.0,1000.0
2026-05-14 14:55:00,620.3200073242188,1000.0,0,0.0,1000.0
2026-05-14 15:00:00,621.3800048828125,1000.0,0,0.0,1000.0
2026-05-14 15:05:00,621.75,1000.0,0,0.0,1000.0
2026-05-14 15:10:00,622.2999877929688,1000.0,0,0.0,1000.0
2026-05-14 15:15:00,621.25,1000.0,0,0.0,1000.0
2026-05-14 15:20:00,621.8900146484375,1000.0,0,0.0,1000.0
2026-05-14 15:25:00,622.0250244140625,1000.0,0,0.0,1000.0
2026-05-14 15:30:00,622.1300048828125,1000.0,0,0.0,1000.0
2026-05-14 15:35:00,622.4249877929688,1000.0,0,0.0,1000.0
2026-05-14 15:40:00,621.8505859375,1000.0,0,0.0,1000.0
2026-05-14 15:45:00,621.1099853515625,1000.0,0,0.0,1000.0
2026-05-14 15:50:00,620.7800903320312,1000.0,0,0.0,1000.0
2026-05-14 15:55:00,621.5,1000.0,0,0.0,1000.0
2026-05-14 16:00:00,622.89501953125,1000.0,0,0.0,1000.0
2026-05-14 16:05:00,623.1599731445312,1000.0,0,0.0,1000.0
2026-05-14 16:10:00,621.6699829101562,1000.0,0,0.0,1000.0
2026-05-14 16:15:00,623.0017700195312,1000.0,0,0.0,1000.0
2026-05-14 16:20:00,621.8300170898438,1000.0,0,0.0,1000.0
2026-05-14 16:25:00,620.8800048828125,1000.0,0,0.0,1000.0
2026-05-14 16:30:00,619.530029296875,1000.0,0,0.0,1000.0
2026-05-14 16:35:00,620.2000122070312,1000.0,0,0.0,1000.0
2026-05-14 16:40:00,620.4199829101562,1000.0,0,0.0,1000.0
2026-05-14 16:45:00,620.530029296875,1000.0,0,0.0,1000.0
2026-05-14 16:50:00,619.1900024414062,1000.0,0,0.0,1000.0
2026-05-14 16:55:00,619.3900146484375,1000.0,0,0.0,1000.0
2026-05-14 17:00:00,619.655029296875,1000.0,0,0.0,1000.0
2026-05-14 17:05:00,619.0800170898438,1000.0,0,0.0,1000.0
2026-05-14 17:10:00,619.2150268554688,1000.0,0,0.0,1000.0
2026-05-14 17:15:00,618.3350219726562,1000.0,0,0.0,1000.0
2026-05-14 17:20:00,618.2999877929688,1000.0,0,0.0,1000.0
2026-05-14 17:25:00,619.1400146484375,1000.0,0,0.0,1000.0
2026-05-14 17:30:00,618.8099975585938,1000.0,0,0.0,1000.0
2026-05-14 17:35:00,619.4287109375,1000.0,0,0.0,1000.0
2026-05-14 17:40:00,619.0700073242188,1000.0,0,0.0,1000.0
2026-05-14 17:45:00,619.0800170898438,1000.0,0,0.0,1000.0
2026-05-14 17:50:00,619.0574951171875,1000.0,0,0.0,1000.0
2026-05-14 17:55:00,618.7949829101562,1000.0,0,0.0,1000.0
2026-05-14 18:00:00,618.0275268554688,1000.0,0,0.0,1000.0
2026-05-14 18:05:00,617.530029296875,1000.0,0,0.0,1000.0
2026-05-14 18:10:00,617.4500122070312,1000.0,0,0.0,1000.0
2026-05-14 18:15:00,618.010009765625,1000.0,0,0.0,1000.0
2026-05-14 18:20:00,617.9650268554688,1000.0,0,0.0,1000.0
2026-05-14 18:25:00,615.9600219726562,1000.0,0,0.0,1000.0
2026-05-14 18:30:00,615.6900024414062,1000.0,0,0.0,1000.0
2026-05-14 18:35:00,615.8499755859375,1000.0,0,0.0,1000.0
2026-05-14 18:40:00,616.1099853515625,1000.0,0,0.0,1000.0
2026-05-14 18:45:00,616.60498046875,1000.0,0,0.0,1000.0
2026-05-14 18:50:00,616.5499877929688,1000.0,0,0.0,1000.0
2026-05-14 18:55:00,616.6699829101562,1000.0,0,0.0,1000.0
2026-05-14 19:00:00,617.1699829101562,1000.0,0,0.0,1000.0
2026-05-14 19:05:00,617.740478515625,1000.0,0,0.0,1000.0
2026-05-14 19:10:00,617.1699829101562,1000.0,0,0.0,1000.0
2026-05-14 19:15:00,617.1500244140625,1000.0,0,0.0,1000.0
2026-05-14 19:20:00,616.9600219726562,1000.0,0,0.0,1000.0
2026-05-14 19:25:00,617.1799926757812,1000.0,0,0.0,1000.0
2026-05-14 19:30:00,617.5399780273438,1000.0,0,0.0,1000.0
2026-05-14 19:35:00,617.6300048828125,1000.0,0,0.0,1000.0
2026-05-14 19:40:00,617.760009765625,1000.0,0,0.0,1000.0
2026-05-14 19:45:00,617.8400268554688,1000.0,0,0.0,1000.0
2026-05-14 19:50:00,618.0650024414062,1000.0,0,0.0,1000.0
2026-05-14 19:55:00,618.4299926757812,1000.0,0,0.0,1000.0
2026-05-15 13:30:00,610.60498046875,1000.0,0,0.0,1000.0
2026-05-15 13:35:00,610.4099731445312,1000.0,0,0.0,1000.0
2026-05-15 13:40:00,610.6950073242188,1000.0,0,0.0,1000.0
2026-05-15 13:45:00,611.9000244140625,1000.0,0,0.0,1000.0
2026-05-15 13:50:00,611.9600219726562,1000.0,0,0.0,1000.0
2026-05-15 13:55:00,610.2623901367188,1000.0,0,0.0,1000.0
2026-05-15 14:00:00,611.4550170898438,1000.0,0,0.0,1000.0
2026-05-15 14:05:00,613.2349853515625,1000.0,0,0.0,1000.0
2026-05-15 14:10:00,613.6199951171875,1000.0,0,0.0,1000.0
2026-05-15 14:15:00,612.1950073242188,1000.0,0,0.0,1000.0
2026-05-15 14:20:00,612.6500244140625,1000.0,0,0.0,1000.0
2026-05-15 14:25:00,612.4199829101562,1000.0,0,0.0,1000.0
2026-05-15 14:30:00,613.3659057617188,1000.0,0,0.0,1000.0
2026-05-15 14:35:00,613.77001953125,1000.0,0,0.0,1000.0
2026-05-15 14:40:00,614.0800170898438,1000.0,0,0.0,1000.0
2026-05-15 14:45:00,613.7999877929688,1000.0,0,0.0,1000.0
2026-05-15 14:50:00,615.0499877929688,1000.0,0,0.0,1000.0
2026-05-15 14:55:00,614.8400268554688,1000.0,0,0.0,1000.0
2026-05-15 15:00:00,614.1500244140625,1000.0,0,0.0,1000.0
2026-05-15 15:05:00,614.965087890625,1000.0,0,0.0,1000.0
2026-05-15 15:10:00,614.864990234375,1000.0,0,0.0,1000.0
2026-05-15 15:15:00,615.2100219726562,1000.0,0,0.0,1000.0
2026-05-15 15:20:00,614.7899780273438,1000.0,0,0.0,1000.0
2026-05-15 15:25:00,614.9400024414062,1000.0,0,0.0,1000.0
2026-05-15 15:30:00,614.6699829101562,1000.0,0,0.0,1000.0
2026-05-15 15:35:00,613.4349975585938,1000.0,0,0.0,1000.0
2026-05-15 15:40:00,612.3800048828125,1000.0,0,0.0,1000.0
2026-05-15 15:45:00,612.75,1000.0,0,0.0,1000.0
2026-05-15 15:50:00,612.0999755859375,1000.0,0,0.0,1000.0
2026-05-15 15:55:00,613.27001953125,1000.0,0,0.0,1000.0
2026-05-15 16:00:00,613.3200073242188,1000.0,0,0.0,1000.0
2026-05-15 16:05:00,614.22998046875,1000.0,0,0.0,1000.0
2026-05-15 16:10:00,613.5599975585938,1000.0,0,0.0,1000.0
2026-05-15 16:15:00,613.5499877929688,1000.0,0,0.0,1000.0
2026-05-15 16:20:00,614.7000122070312,1000.0,0,0.0,1000.0
2026-05-15 16:25:00,615.39501953125,1000.0,0,0.0,1000.0
2026-05-15 16:30:00,616.02001953125,1000.0,0,0.0,1000.0
2026-05-15 16:35:00,616.1500244140625,1000.0,0,0.0,1000.0
2026-05-15 16:40:00,615.1600952148438,1000.0,0,0.0,1000.0
2026-05-15 16:45:00,615.3599853515625,1000.0,0,0.0,1000.0
2026-05-15 16:50:00,614.655029296875,1000.0,0,0.0,1000.0
2026-05-15 16:55:00,615.8499755859375,1000.0,0,0.0,1000.0
2026-05-15 17:00:00,615.9500122070312,1000.0,0,0.0,1000.0
2026-05-15 17:05:00,616.2000122070312,1000.0,0,0.0,1000.0
2026-05-15 17:10:00,617.5399780273438,1000.0,0,0.0,1000.0
2026-05-15 17:15:00,617.3599853515625,1000.0,0,0.0,1000.0
2026-05-15 17:20:00,618.0299072265625,1000.0,0,0.0,1000.0
2026-05-15 17:25:00,618.1099853515625,1000.0,0,0.0,1000.0
2026-05-15 17:30:00,619.489990234375,1000.0,0,0.0,1000.0
2026-05-15 17:35:00,619.1500244140625,1000.0,0,0.0,1000.0
2026-05-15 17:40:00,618.8699951171875,1000.0,0,0.0,1000.0
2026-05-15 17:45:00,619.6799926757812,1000.0,0,0.0,1000.0
2026-05-15 17:50:00,620.094970703125,1000.0,0,0.0,1000.0
2026-05-15 17:55:00,620.1400146484375,1000.0,0,0.0,1000.0
2026-05-15 18:00:00,620.1500854492188,1000.0,0,0.0,1000.0
2026-05-15 18:05:00,620.1580200195312,1000.0,0,0.0,1000.0
2026-05-15 18:10:00,620.0900268554688,1000.0,0,0.0,1000.0
2026-05-15 18:15:00,619.4400024414062,1000.0,0,0.0,1000.0
2026-05-15 18:20:00,619.8099975585938,1000.0,0,0.0,1000.0
2026-05-15 18:25:00,619.0599975585938,1000.0,0,0.0,1000.0
2026-05-15 18:30:00,618.1799926757812,1000.0,0,0.0,1000.0
2026-05-15 18:35:00,618.6259765625,1000.0,0,0.0,1000.0
2026-05-15 18:40:00,618.114990234375,1000.0,0,0.0,1000.0
2026-05-15 18:45:00,618.0800170898438,1000.0,0,0.0,1000.0
2026-05-15 18:50:00,617.5650024414062,1000.0,0,0.0,1000.0
2026-05-15 18:55:00,616.8599853515625,1000.0,0,0.0,1000.0
2026-05-15 19:00:00,616.1900024414062,1000.0,0,0.0,1000.0
2026-05-15 19:05:00,616.3400268554688,1000.0,0,0.0,1000.0
2026-05-15 19:10:00,616.375,1000.0,0,0.0,1000.0
2026-05-15 19:15:00,616.125,1000.0,0,0.0,1000.0
2026-05-15 19:20:00,616.1550903320312,1000.0,0,0.0,1000.0
2026-05-15 19:25:00,616.375,1000.0,0,0.0,1000.0
2026-05-15 19:30:00,615.6500244140625,1000.0,0,0.0,1000.0
2026-05-15 19:35:00,615.4349975585938,1000.0,0,0.0,1000.0
2026-05-15 19:40:00,614.1649780273438,1000.0,0,0.0,1000.0
2026-05-15 19:45:00,615.4349975585938,1000.0,0,0.0,1000.0
2026-05-15 19:50:00,614.0050048828125,1000.0,0,0.0,1000.0
2026-05-15 19:55:00,614.4500122070312,1000.0,0,0.0,1000.0
2026-05-18 13:30:00,606.6900024414062,1000.0,0,0.0,1000.0
2026-05-18 13:35:00,605.7083129882812,1000.0,0,0.0,1000.0
2026-05-18 13:40:00,608.0150146484375,1000.0,0,0.0,1000.0
2026-05-18 13:45:00,608.844970703125,1000.0,0,0.0,1000.0
2026-05-18 13:50:00,608.8001098632812,1000.0,0,0.0,1000.0
2026-05-18 13:55:00,611.85498046875,1000.0,0,0.0,1000.0
2026-05-18 14:00:00,609.5900268554688,1000.0,0,0.0,1000.0
2026-05-18 14:05:00,610.3657836914062,1000.0,0,0.0,1000.0
2026-05-18 14:10:00,609.64501953125,1000.0,0,0.0,1000.0
2026-05-18 14:15:00,611.510009765625,1000.0,0,0.0,1000.0
2026-05-18 14:20:00,610.625,1000.0,0,0.0,1000.0
2026-05-18 14:25:00,611.469970703125,1000.0,0,0.0,1000.0
2026-05-18 14:30:00,608.219970703125,1000.0,0,0.0,1000.0
2026-05-18 14:35:00,609.0900268554688,1000.0,0,0.0,1000.0
2026-05-18 14:40:00,609.9199829101562,1000.0,0,0.0,1000.0
2026-05-18 14:45:00,608.1400146484375,1000.0,0,0.0,1000.0
2026-05-18 14:50:00,609.47998046875,1000.0,0,0.0,1000.0
2026-05-18 14:55:00,609.3217163085938,1000.0,0,0.0,1000.0
2026-05-18 15:00:00,606.6701049804688,1000.0,0,0.0,1000.0
2026-05-18 15:05:00,607.3400268554688,1000.0,0,0.0,1000.0
2026-05-18 15:10:00,608.5399780273438,1000.0,0,0.0,1000.0
2026-05-18 15:15:00,608.4500122070312,1000.0,0,0.0,1000.0
2026-05-18 15:20:00,608.4149780273438,1000.0,0,0.0,1000.0
2026-05-18 15:25:00,607.7100219726562,1000.0,0,0.0,1000.0
2026-05-18 15:30:00,608.6300048828125,1000.0,0,0.0,1000.0
2026-05-18 15:35:00,608.6748046875,1000.0,0,0.0,1000.0
2026-05-18 15:40:00,607.8200073242188,1000.0,0,0.0,1000.0
2026-05-18 15:45:00,607.8300170898438,1000.0,0,0.0,1000.0
2026-05-18 15:50:00,607.5999755859375,1000.0,0,0.0,1000.0
2026-05-18 15:55:00,607.489990234375,1000.0,0,0.0,1000.0
2026-05-18 16:00:00,607.25,1000.0,0,0.0,1000.0
2026-05-18 16:05:00,608.4349975585938,1000.0,0,0.0,1000.0
2026-05-18 16:10:00,609.2050170898438,1000.0,0,0.0,1000.0
2026-05-18 16:15:00,609.9249877929688,1000.0,0,0.0,1000.0
2026-05-18 16:20:00,609.6400146484375,1000.0,0,0.0,1000.0
2026-05-18 16:25:00,608.0599975585938,1000.0,0,0.0,1000.0
2026-05-18 16:30:00,608.9500122070312,1000.0,0,0.0,1000.0
2026-05-18 16:35:00,609.3200073242188,1000.0,0,0.0,1000.0
2026-05-18 16:40:00,607.6500244140625,1000.0,0,0.0,1000.0
2026-05-18 16:45:00,608.6199951171875,1000.0,0,0.0,1000.0
2026-05-18 16:50:00,609.7100219726562,1000.0,0,0.0,1000.0
2026-05-18 16:55:00,609.7899780273438,1000.0,0,0.0,1000.0
2026-05-18 17:00:00,610.0723266601562,1000.0,0,0.0,1000.0
2026-05-18 17:05:00,610.62158203125,1000.0,0,0.0,1000.0
2026-05-18 17:10:00,610.9299926757812,1000.0,0,0.0,1000.0
2026-05-18 17:15:00,612.5889892578125,1000.0,0,0.0,1000.0
2026-05-18 17:20:00,613.0700073242188,1000.0,0,0.0,1000.0
2026-05-18 17:25:00,613.0499877929688,1000.0,0,0.0,1000.0
2026-05-18 17:30:00,613.1909790039062,1000.0,0,0.0,1000.0
2026-05-18 17:35:00,612.9400024414062,1000.0,0,0.0,1000.0
2026-05-18 17:40:00,613.1453857421875,1000.0,0,0.0,1000.0
2026-05-18 17:45:00,613.8800048828125,1000.0,0,0.0,1000.0
2026-05-18 17:50:00,615.0399780273438,1000.0,0,0.0,1000.0
2026-05-18 17:55:00,614.5250854492188,1000.0,0,0.0,1000.0
2026-05-18 18:00:00,613.510009765625,1000.0,0,0.0,1000.0
2026-05-18 18:05:00,612.7100830078125,1000.0,0,0.0,1000.0
2026-05-18 18:10:00,612.0349731445312,1000.0,0,0.0,1000.0
2026-05-18 18:15:00,611.0086059570312,1000.0,0,0.0,1000.0
2026-05-18 18:20:00,610.739990234375,1000.0,0,0.0,1000.0
2026-05-18 18:25:00,610.4000244140625,1000.0,0,0.0,1000.0
2026-05-18 18:30:00,610.72998046875,1000.0,0,0.0,1000.0
2026-05-18 18:35:00,610.530029296875,1000.0,0,0.0,1000.0
2026-05-18 18:40:00,610.010009765625,1000.0,0,0.0,1000.0
2026-05-18 18:45:00,609.4500122070312,1000.0,0,0.0,1000.0
2026-05-18 18:50:00,608.9199829101562,1000.0,0,0.0,1000.0
2026-05-18 18:55:00,607.4249877929688,1000.0,0,0.0,1000.0
2026-05-18 19:00:00,611.5999755859375,1000.0,0,0.0,1000.0
2026-05-18 19:05:00,612.2100830078125,1000.0,0,0.0,1000.0
2026-05-18 19:10:00,612.1500244140625,1000.0,0,0.0,1000.0
2026-05-18 19:15:00,611.7899780273438,1000.0,0,0.0,1000.0
2026-05-18 19:20:00,611.2899780273438,1000.0,0,0.0,1000.0
2026-05-18 19:25:00,611.7449951171875,1000.0,0,0.0,1000.0
2026-05-18 19:30:00,611.739990234375,1000.0,0,0.0,1000.0
2026-05-18 19:35:00,611.4299926757812,1000.0,0,0.0,1000.0
2026-05-18 19:40:00,611.8300170898438,1000.0,0,0.0,1000.0
2026-05-18 19:45:00,611.5,1000.0,0,0.0,1000.0
2026-05-18 19:50:00,610.989990234375,1000.0,0,0.0,1000.0
2026-05-18 19:55:00,611.3300170898438,1000.0,0,0.0,1000.0
2026-05-19 13:30:00,609.0,1000.0,0,0.0,1000.0
2026-05-19 13:35:00,607.4769897460938,1000.0,0,0.0,1000.0
2026-05-19 13:40:00,606.0700073242188,1000.0,0,0.0,1000.0
2026-05-19 13:45:00,608.7999877929688,1000.0,0,0.0,1000.0
2026-05-19 13:50:00,611.1699829101562,1000.0,0,0.0,1000.0
2026-05-19 13:55:00,612.6099853515625,1000.0,0,0.0,1000.0
2026-05-19 14:00:00,613.0599975585938,1000.0,0,0.0,1000.0
2026-05-19 14:05:00,609.9099731445312,1000.0,0,0.0,1000.0
2026-05-19 14:10:00,609.35498046875,1000.0,0,0.0,1000.0
2026-05-19 14:15:00,609.6300048828125,1000.0,0,0.0,1000.0
2026-05-19 14:20:00,608.969970703125,1000.0,0,0.0,1000.0
2026-05-19 14:25:00,608.8151245117188,1000.0,0,0.0,1000.0
2026-05-19 14:30:00,608.3499755859375,1000.0,0,0.0,1000.0
2026-05-19 14:35:00,607.5999755859375,1000.0,0,0.0,1000.0
2026-05-19 14:40:00,607.3200073242188,1000.0,0,0.0,1000.0
2026-05-19 14:45:00,605.739990234375,1000.0,0,0.0,1000.0
2026-05-19 14:50:00,605.7233276367188,1000.0,0,0.0,1000.0
2026-05-19 14:55:00,606.864990234375,1000.0,0,0.0,1000.0
2026-05-19 15:00:00,606.719970703125,1000.0,0,0.0,1000.0
2026-05-19 15:05:00,606.85498046875,1000.0,0,0.0,1000.0
2026-05-19 15:10:00,606.8200073242188,1000.0,0,0.0,1000.0
2026-05-19 15:15:00,605.6749877929688,1000.0,0,0.0,1000.0
2026-05-19 15:20:00,604.77001953125,1000.0,0,0.0,1000.0
2026-05-19 15:25:00,604.280029296875,1000.0,0,0.0,1000.0
2026-05-19 15:30:00,604.0499877929688,1000.0,0,0.0,1000.0
2026-05-19 15:35:00,604.1099853515625,1000.0,0,0.0,1000.0
2026-05-19 15:40:00,604.4099731445312,1000.0,0,0.0,1000.0
2026-05-19 15:45:00,604.1900024414062,1000.0,0,0.0,1000.0
2026-05-19 15:50:00,603.7650146484375,1000.0,0,0.0,1000.0
2026-05-19 15:55:00,602.844970703125,1000.0,0,0.0,1000.0
2026-05-19 16:00:00,604.0568237304688,1000.0,0,0.0,1000.0
2026-05-19 16:05:00,602.9400024414062,1000.0,0,0.0,1000.0
2026-05-19 16:10:00,602.0850219726562,1000.0,0,0.0,1000.0
2026-05-19 16:15:00,602.8099975585938,1000.0,0,0.0,1000.0
2026-05-19 16:20:00,602.6300048828125,1000.0,0,0.0,1000.0
2026-05-19 16:25:00,602.2999877929688,1000.0,0,0.0,1000.0
2026-05-19 16:30:00,602.0900268554688,1000.0,0,0.0,1000.0
2026-05-19 16:35:00,601.2000122070312,1000.0,0,0.0,1000.0
2026-05-19 16:40:00,602.0150146484375,1000.0,0,0.0,1000.0
2026-05-19 16:45:00,602.3599853515625,1000.0,0,0.0,1000.0
2026-05-19 16:50:00,604.2050170898438,1000.0,0,0.0,1000.0
2026-05-19 16:55:00,603.9949951171875,1000.0,0,0.0,1000.0
2026-05-19 17:00:00,603.760009765625,1000.0,0,0.0,1000.0
2026-05-19 17:05:00,604.1119995117188,1000.0,0,0.0,1000.0
2026-05-19 17:10:00,603.7100219726562,1000.0,0,0.0,1000.0
2026-05-19 17:15:00,602.8800048828125,1000.0,0,0.0,1000.0
2026-05-19 17:20:00,604.1199951171875,1000.0,0,0.0,1000.0
2026-05-19 17:25:00,603.7949829101562,1000.0,0,0.0,1000.0
2026-05-19 17:30:00,602.6801147460938,1000.0,0,0.0,1000.0
2026-05-19 17:35:00,603.02001953125,1000.0,0,0.0,1000.0
2026-05-19 17:40:00,602.950927734375,1000.0,0,0.0,1000.0
2026-05-19 17:45:00,602.3350219726562,1000.0,0,0.0,1000.0
2026-05-19 17:50:00,602.5,1000.0,0,0.0,1000.0
2026-05-19 17:55:00,602.6898803710938,1000.0,0,0.0,1000.0
2026-05-19 18:00:00,602.5900268554688,1000.0,0,0.0,1000.0
2026-05-19 18:05:00,602.6400146484375,1000.0,0,0.0,1000.0
2026-05-19 18:10:00,602.0,1000.0,0,0.0,1000.0
2026-05-19 18:15:00,602.3499755859375,1000.0,0,0.0,1000.0
2026-05-19 18:20:00,602.3400268554688,1000.0,0,0.0,1000.0
2026-05-19 18:25:00,602.47998046875,1000.0,0,0.0,1000.0
2026-05-19 18:30:00,602.8599853515625,1000.0,0,0.0,1000.0
2026-05-19 18:35:00,602.1400146484375,1000.0,0,0.0,1000.0
2026-05-19 18:40:00,602.2047729492188,1000.0,0,0.0,1000.0
2026-05-19 18:45:00,602.2000122070312,1000.0,0,0.0,1000.0
2026-05-19 18:50:00,601.5800170898438,1000.0,0,0.0,1000.0
2026-05-19 18:55:00,601.1900024414062,1000.0,0,0.0,1000.0
2026-05-19 19:00:00,601.0599975585938,1000.0,0,0.0,1000.0
2026-05-19 19:05:00,601.8880004882812,1000.0,0,0.0,1000.0
2026-05-19 19:10:00,601.97998046875,1000.0,0,0.0,1000.0
2026-05-19 19:15:00,602.8200073242188,1000.0,0,0.0,1000.0
2026-05-19 19:20:00,602.1749877929688,1000.0,0,0.0,1000.0
2026-05-19 19:25:00,602.469970703125,1000.0,0,0.0,1000.0
2026-05-19 19:30:00,601.8900146484375,1000.0,0,0.0,1000.0
2026-05-19 19:35:00,601.97998046875,1000.0,0,0.0,1000.0
2026-05-19 19:40:00,601.6799926757812,1000.0,0,0.0,1000.0
2026-05-19 19:45:00,602.5499877929688,1000.0,0,0.0,1000.0
2026-05-19 19:50:00,602.6599731445312,1000.0,0,0.0,1000.0
2026-05-19 19:55:00,602.75,1000.0,0,0.0,1000.0
2026-05-20 13:30:00,600.7349853515625,1000.0,0,0.0,1000.0
2026-05-20 13:35:00,601.6599731445312,1000.0,0,0.0,1000.0
2026-05-20 13:40:00,600.489990234375,1000.0,0,0.0,1000.0
2026-05-20 13:45:00,601.27001953125,1000.0,0,0.0,1000.0
2026-05-20 13:50:00,599.9003295898438,1000.0,0,0.0,1000.0
2026-05-20 13:55:00,600.1300048828125,1000.0,0,0.0,1000.0
2026-05-20 14:00:00,600.135009765625,1000.0,0,0.0,1000.0
2026-05-20 14:05:00,598.02001953125,1000.0,0,0.0,1000.0
2026-05-20 14:10:00,599.1199951171875,1000.0,0,0.0,1000.0
2026-05-20 14:15:00,602.5900268554688,1000.0,0,0.0,1000.0
2026-05-20 14:20:00,600.1849975585938,1000.0,0,0.0,1000.0
2026-05-20 14:25:00,601.7999877929688,1000.0,0,0.0,1000.0
2026-05-20 14:30:00,601.885009765625,1000.0,0,0.0,1000.0
2026-05-20 14:35:00,601.3599853515625,1000.0,0,0.0,1000.0
2026-05-20 14:40:00,600.9340209960938,1000.0,0,0.0,1000.0
2026-05-20 14:45:00,603.02001953125,1000.0,0,0.0,1000.0
2026-05-20 14:50:00,604.6950073242188,1000.0,0,0.0,1000.0
2026-05-20 14:55:00,604.9097290039062,1000.0,0,0.0,1000.0
2026-05-20 15:00:00,604.6099853515625,1000.0,0,0.0,1000.0
2026-05-20 15:05:00,604.9282836914062,1000.0,0,0.0,1000.0
2026-05-20 15:10:00,603.6400146484375,1000.0,0,0.0,1000.0
2026-05-20 15:15:00,607.1300048828125,1000.0,0,0.0,1000.0
2026-05-20 15:20:00,607.2899780273438,1000.0,0,0.0,1000.0
2026-05-20 15:25:00,605.5750122070312,1000.0,0,0.0,1000.0
2026-05-20 15:30:00,605.875,1000.0,0,0.0,1000.0
2026-05-20 15:35:00,605.7750244140625,1000.0,0,0.0,1000.0
2026-05-20 15:40:00,606.0549926757812,1000.0,0,0.0,1000.0
2026-05-20 15:45:00,606.1400146484375,1000.0,0,0.0,1000.0
2026-05-20 15:50:00,606.1199951171875,1000.0,0,0.0,1000.0
2026-05-20 15:55:00,606.2650146484375,1000.0,0,0.0,1000.0
2026-05-20 16:00:00,605.6400146484375,1000.0,0,0.0,1000.0
2026-05-20 16:05:00,604.875,1000.0,0,0.0,1000.0
2026-05-20 16:10:00,605.2999877929688,1000.0,0,0.0,1000.0
2026-05-20 16:15:00,605.1300048828125,1000.0,0,0.0,1000.0
2026-05-20 16:20:00,604.4149780273438,1000.0,0,0.0,1000.0
2026-05-20 16:25:00,604.0900268554688,1000.0,0,0.0,1000.0
2026-05-20 16:30:00,603.77001953125,1000.0,0,0.0,1000.0
2026-05-20 16:35:00,603.8350219726562,1000.0,0,0.0,1000.0
2026-05-20 16:40:00,604.9099731445312,1000.0,0,0.0,1000.0
2026-05-20 16:45:00,603.9844970703125,1000.0,0,0.0,1000.0
2026-05-20 16:50:00,604.52001953125,1000.0,0,0.0,1000.0
2026-05-20 16:55:00,604.6849975585938,1000.0,0,0.0,1000.0
2026-05-20 17:00:00,604.3189086914062,1000.0,0,0.0,1000.0
2026-05-20 17:05:00,604.1900024414062,1000.0,0,0.0,1000.0
2026-05-20 17:10:00,604.9349975585938,1000.0,0,0.0,1000.0
2026-05-20 17:15:00,604.8599853515625,1000.0,0,0.0,1000.0
2026-05-20 17:20:00,604.4199829101562,1000.0,0,0.0,1000.0
2026-05-20 17:25:00,605.2650146484375,1000.0,0,0.0,1000.0
2026-05-20 17:30:00,604.7000122070312,1000.0,0,0.0,1000.0
2026-05-20 17:35:00,605.4600219726562,1000.0,0,0.0,1000.0
2026-05-20 17:40:00,605.5075073242188,1000.0,0,0.0,1000.0
2026-05-20 17:45:00,605.4395751953125,1000.0,0,0.0,1000.0
2026-05-20 17:50:00,605.02001953125,1000.0,0,0.0,1000.0
2026-05-20 17:55:00,604.9100952148438,1000.0,0,0.0,1000.0
2026-05-20 18:00:00,604.9099731445312,1000.0,0,0.0,1000.0
2026-05-20 18:05:00,604.8099975585938,1000.0,0,0.0,1000.0
2026-05-20 18:10:00,604.7100219726562,1000.0,0,0.0,1000.0
2026-05-20 18:15:00,604.7100219726562,1000.0,0,0.0,1000.0
2026-05-20 18:20:00,604.8900146484375,1000.0,0,0.0,1000.0
2026-05-20 18:25:00,605.1599731445312,1000.0,0,0.0,1000.0
2026-05-20 18:30:00,605.6749877929688,1000.0,0,0.0,1000.0
2026-05-20 18:35:00,606.0750122070312,1000.0,0,0.0,1000.0
2026-05-20 18:40:00,605.7100219726562,1000.0,0,0.0,1000.0
2026-05-20 18:45:00,606.6099853515625,1000.0,0,0.0,1000.0
2026-05-20 18:50:00,606.2000122070312,1000.0,0,0.0,1000.0
2026-05-20 18:55:00,605.510009765625,1000.0,0,0.0,1000.0
2026-05-20 19:00:00,604.6099853515625,1000.0,0,0.0,1000.0
2026-05-20 19:05:00,603.010009765625,1000.0,0,0.0,1000.0
2026-05-20 19:10:00,603.8900146484375,1000.0,0,0.0,1000.0
2026-05-20 19:15:00,603.3621215820312,1000.0,0,0.0,1000.0
2026-05-20 19:20:00,603.4500122070312,1000.0,0,0.0,1000.0
2026-05-20 19:25:00,603.47998046875,1000.0,0,0.0,1000.0
2026-05-20 19:30:00,603.3300170898438,1000.0,0,0.0,1000.0
2026-05-20 19:35:00,603.7899780273438,1000.0,0,0.0,1000.0
2026-05-20 19:40:00,603.8800048828125,1000.0,0,0.0,1000.0
2026-05-20 19:45:00,604.1099853515625,1000.0,0,0.0,1000.0
2026-05-20 19:50:00,605.10498046875,1000.0,0,0.0,1000.0
2026-05-20 19:55:00,605.0599975585938,1000.0,0,0.0,1000.0
2026-05-21 13:30:00,600.5599975585938,1000.0,0,0.0,1000.0
2026-05-21 13:35:00,599.9199829101562,1000.0,0,0.0,1000.0
2026-05-21 13:40:00,599.5999755859375,1000.0,0,0.0,1000.0
2026-05-21 13:45:00,599.3345947265625,1000.0,0,0.0,1000.0
2026-05-21 13:50:00,598.364990234375,1000.0,0,0.0,1000.0
2026-05-21 13:55:00,595.239990234375,1000.0,0,0.0,1000.0
2026-05-21 14:00:00,595.8350219726562,1000.0,0,0.0,1000.0
2026-05-21 14:05:00,597.8200073242188,1000.0,0,0.0,1000.0
2026-05-21 14:10:00,597.344970703125,1000.0,0,0.0,1000.0
2026-05-21 14:15:00,597.4099731445312,1000.0,0,0.0,1000.0
2026-05-21 14:20:00,596.4749755859375,1000.0,0,0.0,1000.0
2026-05-21 14:25:00,596.9000244140625,1000.0,0,0.0,1000.0
2026-05-21 14:30:00,596.655029296875,1000.0,0,0.0,1000.0
2026-05-21 14:35:00,597.4099731445312,1000.0,0,0.0,1000.0
2026-05-21 14:40:00,597.2308959960938,1000.0,0,0.0,1000.0
2026-05-21 14:45:00,596.9550170898438,1000.0,0,0.0,1000.0
2026-05-21 14:50:00,598.0499877929688,1000.0,0,0.0,1000.0
2026-05-21 14:55:00,599.510009765625,1000.0,0,0.0,1000.0
2026-05-21 15:00:00,600.780029296875,1000.0,0,0.0,1000.0
2026-05-21 15:05:00,600.5999755859375,1000.0,0,0.0,1000.0
2026-05-21 15:10:00,601.47998046875,1000.0,0,0.0,1000.0
2026-05-21 15:15:00,601.9349975585938,1000.0,0,0.0,1000.0
2026-05-21 15:20:00,600.6900024414062,1000.0,0,0.0,1000.0
2026-05-21 15:25:00,602.0399780273438,1000.0,0,0.0,1000.0
2026-05-21 15:30:00,601.239990234375,1000.0,0,0.0,1000.0
2026-05-21 15:35:00,603.3800048828125,1000.0,0,0.0,1000.0
2026-05-21 15:40:00,603.135009765625,1000.0,0,0.0,1000.0
2026-05-21 15:45:00,603.2349853515625,1000.0,0,0.0,1000.0
2026-05-21 15:50:00,603.52001953125,1000.0,0,0.0,1000.0
2026-05-21 15:55:00,603.6300048828125,1000.0,0,0.0,1000.0
2026-05-21 16:00:00,602.760009765625,1000.0,0,0.0,1000.0
2026-05-21 16:05:00,602.4099731445312,1000.0,0,0.0,1000.0
2026-05-21 16:10:00,601.5,1000.0,0,0.0,1000.0
2026-05-21 16:15:00,601.989990234375,1000.0,0,0.0,1000.0
2026-05-21 16:20:00,601.4299926757812,1000.0,0,0.0,1000.0
2026-05-21 16:25:00,601.1500244140625,1000.0,0,0.0,1000.0
2026-05-21 16:30:00,601.0501098632812,1000.0,0,0.0,1000.0
2026-05-21 16:35:00,600.8400268554688,1000.0,0,0.0,1000.0
2026-05-21 16:40:00,600.5900268554688,1000.0,0,0.0,1000.0
2026-05-21 16:45:00,601.2000122070312,1000.0,0,0.0,1000.0
2026-05-21 16:50:00,601.5999755859375,1000.0,0,0.0,1000.0
2026-05-21 16:55:00,601.8049926757812,1000.0,0,0.0,1000.0
2026-05-21 17:00:00,602.885009765625,1000.0,0,0.0,1000.0
2026-05-21 17:05:00,602.6500244140625,1000.0,0,0.0,1000.0
2026-05-21 17:10:00,604.260009765625,1000.0,0,0.0,1000.0
2026-05-21 17:15:00,606.5,1000.0,0,0.0,1000.0
2026-05-21 17:20:00,606.3300170898438,1000.0,0,0.0,1000.0
2026-05-21 17:25:00,607.010009765625,1000.0,0,0.0,1000.0
2026-05-21 17:30:00,606.64501953125,1000.0,0,0.0,1000.0
2026-05-21 17:35:00,607.4400024414062,1000.0,0,0.0,1000.0
2026-05-21 17:40:00,608.489990234375,1000.0,0,0.0,1000.0
2026-05-21 17:45:00,608.8200073242188,1000.0,0,0.0,1000.0
2026-05-21 17:50:00,609.114990234375,1000.0,0,0.0,1000.0
2026-05-21 17:55:00,608.969970703125,1000.0,0,0.0,1000.0
2026-05-21 18:00:00,608.0700073242188,1000.0,0,0.0,1000.0
2026-05-21 18:05:00,608.6599731445312,1000.0,0,0.0,1000.0
2026-05-21 18:10:00,608.375,1000.0,0,0.0,1000.0
2026-05-21 18:15:00,608.1099853515625,1000.0,0,0.0,1000.0
2026-05-21 18:20:00,608.77001953125,1000.0,0,0.0,1000.0
2026-05-21 18:25:00,607.9849853515625,1000.0,0,0.0,1000.0
2026-05-21 18:30:00,608.22998046875,1000.0,0,0.0,1000.0
2026-05-21 18:35:00,607.780029296875,1000.0,0,0.0,1000.0
2026-05-21 18:40:00,608.2650146484375,1000.0,0,0.0,1000.0
2026-05-21 18:45:00,607.5499877929688,1000.0,0,0.0,1000.0
2026-05-21 18:50:00,605.489990234375,1000.0,0,0.0,1000.0
2026-05-21 18:55:00,605.8400268554688,1000.0,0,0.0,1000.0
2026-05-21 19:00:00,606.72998046875,1000.0,0,0.0,1000.0
2026-05-21 19:05:00,607.0499877929688,1000.0,0,0.0,1000.0
2026-05-21 19:10:00,606.885009765625,1000.0,0,0.0,1000.0
2026-05-21 19:15:00,606.9500122070312,1000.0,0,0.0,1000.0
2026-05-21 19:20:00,606.4113159179688,1000.0,0,0.0,1000.0
2026-05-21 19:25:00,606.8499755859375,1000.0,0,0.0,1000.0
2026-05-21 19:30:00,606.969970703125,1000.0,0,0.0,1000.0
2026-05-21 19:35:00,607.1950073242188,1000.0,0,0.0,1000.0
2026-05-21 19:40:00,607.3400268554688,1000.0,0,0.0,1000.0
2026-05-21 19:45:00,606.9000244140625,1000.0,0,0.0,1000.0
2026-05-21 19:50:00,606.52001953125,1000.0,0,0.0,1000.0
2026-05-21 19:55:00,607.6400146484375,1000.0,0,0.0,1000.0
2026-05-22 13:30:00,613.0,1000.0,0,0.0,1000.0
2026-05-22 13:35:00,612.89501953125,1000.0,0,0.0,1000.0
2026-05-22 13:40:00,611.72998046875,1000.0,0,0.0,1000.0
2026-05-22 13:45:00,610.4299926757812,1000.0,0,0.0,1000.0
2026-05-22 13:50:00,610.8099975585938,1000.0,0,0.0,1000.0
2026-05-22 13:55:00,610.0599975585938,1000.0,0,0.0,1000.0
2026-05-22 14:00:00,609.3200073242188,1000.0,0,0.0,1000.0
2026-05-22 14:05:00,608.0800170898438,1000.0,0,0.0,1000.0
2026-05-22 14:10:00,607.260009765625,1000.0,0,0.0,1000.0
2026-05-22 14:15:00,608.135009765625,1000.0,0,0.0,1000.0
2026-05-22 14:20:00,608.22998046875,1000.0,0,0.0,1000.0
2026-05-22 14:25:00,608.5900268554688,1000.0,0,0.0,1000.0
2026-05-22 14:30:00,608.1599731445312,1000.0,0,0.0,1000.0
2026-05-22 14:35:00,609.2799072265625,1000.0,0,0.0,1000.0
2026-05-22 14:40:00,609.9600219726562,1000.0,0,0.0,1000.0
2026-05-22 14:45:00,610.0900268554688,1000.0,0,0.0,1000.0
2026-05-22 14:50:00,609.8699951171875,1000.0,0,0.0,1000.0
2026-05-22 14:55:00,610.2999877929688,1000.0,0,0.0,1000.0
2026-05-22 15:00:00,611.094970703125,1000.0,0,0.0,1000.0
2026-05-22 15:05:00,611.4000244140625,1000.0,0,0.0,1000.0
2026-05-22 15:10:00,611.135009765625,1000.0,0,0.0,1000.0
2026-05-22 15:15:00,611.3049926757812,1000.0,0,0.0,1000.0
2026-05-22 15:20:00,610.1649780273438,1000.0,0,0.0,1000.0
2026-05-22 15:25:00,610.3690185546875,1000.0,0,0.0,1000.0
2026-05-22 15:30:00,609.969970703125,1000.0,0,0.0,1000.0
2026-05-22 15:35:00,609.5750122070312,1000.0,0,0.0,1000.0
2026-05-22 15:40:00,609.4359741210938,1000.0,0,0.0,1000.0
2026-05-22 15:45:00,609.5435180664062,1000.0,0,0.0,1000.0
2026-05-22 15:50:00,609.510009765625,1000.0,0,0.0,1000.0
2026-05-22 15:55:00,609.47021484375,1000.0,0,0.0,1000.0
2026-05-22 16:00:00,609.1400756835938,1000.0,0,0.0,1000.0
2026-05-22 16:05:00,608.6300048828125,1000.0,0,0.0,1000.0
2026-05-22 16:10:00,608.8099975585938,1000.0,0,0.0,1000.0
2026-05-22 16:15:00,608.1500244140625,1000.0,0,0.0,1000.0
2026-05-22 16:20:00,608.080810546875,1000.0,0,0.0,1000.0
2026-05-22 16:25:00,608.6500244140625,1000.0,0,0.0,1000.0
2026-05-22 16:30:00,608.489990234375,1000.0,0,0.0,1000.0
2026-05-22 16:35:00,608.5399780273438,1000.0,0,0.0,1000.0
2026-05-22 16:40:00,607.8300170898438,1000.0,0,0.0,1000.0
2026-05-22 16:45:00,608.0599975585938,1000.0,0,0.0,1000.0
2026-05-22 16:50:00,607.8150024414062,1000.0,0,0.0,1000.0
2026-05-22 16:55:00,608.0599975585938,1000.0,0,0.0,1000.0
2026-05-22 17:00:00,608.7000122070312,1000.0,0,0.0,1000.0
2026-05-22 17:05:00,608.4149780273438,1000.0,0,0.0,1000.0
2026-05-22 17:10:00,608.8572998046875,1000.0,0,0.0,1000.0
2026-05-22 17:15:00,608.3300170898438,1000.0,0,0.0,1000.0
2026-05-22 17:20:00,608.3200073242188,1000.0,0,0.0,1000.0
2026-05-22 17:25:00,609.989990234375,1000.0,0,0.0,1000.0
2026-05-22 17:30:00,609.4650268554688,1000.0,0,0.0,1000.0
2026-05-22 17:35:00,610.6749877929688,1000.0,0,0.0,1000.0
2026-05-22 17:40:00,609.739990234375,1000.0,0,0.0,1000.0
2026-05-22 17:45:00,610.1599731445312,1000.0,0,0.0,1000.0
2026-05-22 17:50:00,609.5,1000.0,0,0.0,1000.0
2026-05-22 17:55:00,608.7949829101562,1000.0,0,0.0,1000.0
2026-05-22 18:00:00,609.3402099609375,1000.0,0,0.0,1000.0
2026-05-22 18:05:00,609.2449951171875,1000.0,0,0.0,1000.0
2026-05-22 18:10:00,609.2050170898438,1000.0,0,0.0,1000.0
2026-05-22 18:15:00,609.969970703125,1000.0,0,0.0,1000.0
2026-05-22 18:20:00,610.8599853515625,1000.0,0,0.0,1000.0
2026-05-22 18:25:00,610.655029296875,1000.0,0,0.0,1000.0
2026-05-22 18:30:00,611.2899780273438,1000.0,0,0.0,1000.0
2026-05-22 18:35:00,611.6500244140625,1000.0,0,0.0,1000.0
2026-05-22 18:40:00,611.260009765625,1000.0,0,0.0,1000.0
2026-05-22 18:45:00,610.72998046875,1000.0,0,0.0,1000.0
2026-05-22 18:50:00,610.64501953125,1000.0,0,0.0,1000.0
2026-05-22 18:55:00,610.0900268554688,1000.0,0,0.0,1000.0
2026-05-22 19:00:00,610.2100219726562,1000.0,0,0.0,1000.0
2026-05-22 19:05:00,610.2000122070312,1000.0,0,0.0,1000.0
2026-05-22 19:10:00,610.0700073242188,1000.0,0,0.0,1000.0
2026-05-22 19:15:00,610.2536010742188,1000.0,0,0.0,1000.0
2026-05-22 19:20:00,609.7899780273438,1000.0,0,0.0,1000.0
2026-05-22 19:25:00,608.8049926757812,1000.0,0,0.0,1000.0
2026-05-22 19:30:00,609.6599731445312,1000.0,0,0.0,1000.0
2026-05-22 19:35:00,609.7000122070312,1000.0,0,0.0,1000.0
2026-05-22 19:40:00,610.3300170898438,1000.0,0,0.0,1000.0
2026-05-22 19:45:00,610.1599731445312,1000.0,0,0.0,1000.0
2026-05-22 19:50:00,610.3049926757812,1000.0,0,0.0,1000.0
2026-05-22 19:55:00,610.3699951171875,1000.0,0,0.0,1000.0
2026-05-26 13:30:00,612.6090087890625,1000.0,0,0.0,1000.0
2026-05-26 13:35:00,608.110107421875,1000.0,0,0.0,1000.0
2026-05-26 13:40:00,607.6900024414062,1000.0,0,0.0,1000.0
2026-05-26 13:45:00,607.780029296875,1000.0,0,0.0,1000.0
2026-05-26 13:50:00,607.6199951171875,1000.0,0,0.0,1000.0
2026-05-26 13:55:00,609.635009765625,1000.0,0,0.0,1000.0
2026-05-26 14:00:00,610.8900146484375,1000.0,0,0.0,1000.0
2026-05-26 14:05:00,610.0,1000.0,0,0.0,1000.0
2026-05-26 14:10:00,610.02001953125,1000.0,0,0.0,1000.0
2026-05-26 14:15:00,610.5549926757812,1000.0,0,0.0,1000.0
2026-05-26 14:20:00,609.6950073242188,1000.0,0,0.0,1000.0
2026-05-26 14:25:00,608.9400024414062,1000.0,0,0.0,1000.0
2026-05-26 14:30:00,608.2899780273438,1000.0,0,0.0,1000.0
2026-05-26 14:35:00,607.6400146484375,1000.0,0,0.0,1000.0
2026-05-26 14:40:00,607.9600219726562,1000.0,0,0.0,1000.0
2026-05-26 14:45:00,608.219970703125,1000.0,0,0.0,1000.0
2026-05-26 14:50:00,607.3099975585938,1000.0,0,0.0,1000.0
2026-05-26 14:55:00,606.4801025390625,1000.0,0,0.0,1000.0
2026-05-26 15:00:00,606.3599853515625,1000.0,0,0.0,1000.0
2026-05-26 15:05:00,607.0,1000.0,0,0.0,1000.0
2026-05-26 15:10:00,606.530029296875,1000.0,0,0.0,1000.0
2026-05-26 15:15:00,606.969970703125,1000.0,0,0.0,1000.0
2026-05-26 15:20:00,607.0800170898438,1000.0,0,0.0,1000.0
2026-05-26 15:25:00,607.1400146484375,1000.0,0,0.0,1000.0
2026-05-26 15:30:00,607.5050048828125,1000.0,0,0.0,1000.0
2026-05-26 15:35:00,609.5,1000.0,0,0.0,1000.0
2026-05-26 15:40:00,608.114990234375,1000.0,0,0.0,1000.0
2026-05-26 15:45:00,608.135009765625,1000.0,0,0.0,1000.0
2026-05-26 15:50:00,608.27001953125,1000.0,0,0.0,1000.0
2026-05-26 15:55:00,607.344970703125,1000.0,0,0.0,1000.0
2026-05-26 16:00:00,608.385009765625,1000.0,0,0.0,1000.0
2026-05-26 16:05:00,608.4199829101562,1000.0,0,0.0,1000.0
2026-05-26 16:10:00,608.75,1000.0,0,0.0,1000.0
2026-05-26 16:15:00,609.6500244140625,1000.0,0,0.0,1000.0
2026-05-26 16:20:00,609.719970703125,1000.0,0,0.0,1000.0
2026-05-26 16:25:00,609.9400024414062,1000.0,0,0.0,1000.0
2026-05-26 16:30:00,610.8988037109375,1000.0,0,0.0,1000.0
2026-05-26 16:35:00,610.6400146484375,1000.0,0,0.0,1000.0
2026-05-26 16:40:00,609.8250122070312,1000.0,0,0.0,1000.0
2026-05-26 16:45:00,609.760009765625,1000.0,0,0.0,1000.0
2026-05-26 16:50:00,610.4400024414062,1000.0,0,0.0,1000.0
2026-05-26 16:55:00,610.0999755859375,1000.0,0,0.0,1000.0
2026-05-26 17:00:00,609.5499877929688,1000.0,0,0.0,1000.0
2026-05-26 17:05:00,609.7999877929688,1000.0,0,0.0,1000.0
2026-05-26 17:10:00,610.02001953125,1000.0,0,0.0,1000.0
2026-05-26 17:15:00,609.3099975585938,1000.0,0,0.0,1000.0
2026-05-26 17:20:00,609.5479125976562,1000.0,0,0.0,1000.0
2026-05-26 17:25:00,609.0900268554688,1000.0,0,0.0,1000.0
2026-05-26 17:30:00,609.7899780273438,1000.0,0,0.0,1000.0
2026-05-26 17:35:00,609.3499755859375,1000.0,0,0.0,1000.0
2026-05-26 17:40:00,609.4500122070312,1000.0,0,0.0,1000.0
2026-05-26 17:45:00,609.2899780273438,1000.0,0,0.0,1000.0
2026-05-26 17:50:00,608.3699951171875,1000.0,0,0.0,1000.0
2026-05-26 17:55:00,608.9251098632812,1000.0,0,0.0,1000.0
2026-05-26 18:00:00,609.4000244140625,1000.0,0,0.0,1000.0
2026-05-26 18:05:00,609.6300048828125,1000.0,0,0.0,1000.0
2026-05-26 18:10:00,610.2100219726562,1000.0,0,0.0,1000.0
2026-05-26 18:15:00,610.12158203125,1000.0,0,0.0,1000.0
2026-05-26 18:20:00,610.3099975585938,1000.0,0,0.0,1000.0
2026-05-26 18:25:00,610.114990234375,1000.0,0,0.0,1000.0
2026-05-26 18:30:00,610.2999877929688,1000.0,0,0.0,1000.0
2026-05-26 18:35:00,609.8400268554688,1000.0,0,0.0,1000.0
2026-05-26 18:40:00,609.4901123046875,1000.0,0,0.0,1000.0
2026-05-26 18:45:00,610.2479858398438,1000.0,0,0.0,1000.0
2026-05-26 18:50:00,610.0,1000.0,0,0.0,1000.0
2026-05-26 18:55:00,609.239990234375,1000.0,0,0.0,1000.0
2026-05-26 19:00:00,609.5650024414062,1000.0,0,0.0,1000.0
2026-05-26 19:05:00,609.3599853515625,1000.0,0,0.0,1000.0
2026-05-26 19:10:00,609.25,1000.0,0,0.0,1000.0
2026-05-26 19:15:00,609.0399780273438,1000.0,0,0.0,1000.0
2026-05-26 19:20:00,608.9099731445312,1000.0,0,0.0,1000.0
2026-05-26 19:25:00,609.0999755859375,1000.0,0,0.0,1000.0
2026-05-26 19:30:00,609.0599975585938,1000.0,0,0.0,1000.0
2026-05-26 19:35:00,609.4099731445312,1000.0,0,0.0,1000.0
2026-05-26 19:40:00,610.280029296875,1000.0,0,0.0,1000.0
2026-05-26 19:45:00,610.7100219726562,1000.0,0,0.0,1000.0
2026-05-26 19:50:00,611.5800170898438,1000.0,0,0.0,1000.0
2026-05-26 19:55:00,612.3400268554688,1000.0,0,0.0,1000.0
2026-05-27 13:30:00,609.8925170898438,1000.0,0,0.0,1000.0
2026-05-27 13:35:00,611.9000244140625,1000.0,0,0.0,1000.0
2026-05-27 13:40:00,611.0,1000.0,0,0.0,1000.0
2026-05-27 13:45:00,610.2100219726562,1000.0,0,0.0,1000.0
2026-05-27 13:50:00,610.3599853515625,1000.0,0,0.0,1000.0
2026-05-27 13:55:00,610.97998046875,1000.0,0,0.0,1000.0
2026-05-27 14:00:00,612.6300048828125,1000.0,0,0.0,1000.0
2026-05-27 14:05:00,612.3099975585938,1000.0,0,0.0,1000.0
2026-05-27 14:10:00,613.2449951171875,1000.0,0,0.0,1000.0
2026-05-27 14:15:00,614.6500244140625,1000.0,0,0.0,1000.0
2026-05-27 14:20:00,614.1649780273438,1000.0,0,0.0,1000.0
2026-05-27 14:25:00,615.0,1000.0,0,0.0,1000.0
2026-05-27 14:30:00,616.0599975585938,1000.0,0,0.0,1000.0
2026-05-27 14:35:00,614.9201049804688,1000.0,0,0.0,1000.0
2026-05-27 14:40:00,613.2249755859375,1000.0,0,0.0,1000.0
2026-05-27 14:45:00,613.25,1000.0,0,0.0,1000.0
2026-05-27 14:50:00,612.64501953125,1000.0,0,0.0,1000.0
2026-05-27 14:55:00,612.594970703125,1000.0,0,0.0,1000.0
2026-05-27 15:00:00,613.0800170898438,1000.0,0,0.0,1000.0
2026-05-27 15:05:00,613.114990234375,1000.0,0,0.0,1000.0
2026-05-27 15:10:00,613.7244262695312,1000.0,0,0.0,1000.0
2026-05-27 15:15:00,614.3900146484375,1000.0,0,0.0,1000.0
2026-05-27 15:20:00,614.47998046875,1000.0,0,0.0,1000.0
2026-05-27 15:25:00,613.4349975585938,1000.0,0,0.0,1000.0
2026-05-27 15:30:00,613.47998046875,1000.0,0,0.0,1000.0
2026-05-27 15:35:00,614.1806030273438,1000.0,0,0.0,1000.0
2026-05-27 15:40:00,612.6500244140625,1000.0,0,0.0,1000.0
2026-05-27 15:45:00,613.469970703125,1000.0,0,0.0,1000.0
2026-05-27 15:50:00,612.3049926757812,1000.0,0,0.0,1000.0
2026-05-27 15:55:00,611.7000122070312,1000.0,0,0.0,1000.0
2026-05-27 16:00:00,611.5100708007812,1000.0,0,0.0,1000.0
2026-05-27 16:05:00,612.9099731445312,1000.0,0,0.0,1000.0
2026-05-27 16:10:00,611.5,1000.0,0,0.0,1000.0
2026-05-27 16:15:00,611.5800170898438,1000.0,0,0.0,1000.0
2026-05-27 16:20:00,611.7349853515625,1000.0,0,0.0,1000.0
2026-05-27 16:25:00,612.3599853515625,1000.0,0,0.0,1000.0
2026-05-27 16:30:00,612.5349731445312,1000.0,0,0.0,1000.0
2026-05-27 16:35:00,613.7999877929688,1000.0,0,0.0,1000.0
2026-05-27 16:40:00,613.780029296875,1000.0,0,0.0,1000.0
2026-05-27 16:45:00,613.219970703125,1000.0,0,0.0,1000.0
2026-05-27 16:50:00,612.02001953125,1000.0,0,0.0,1000.0
2026-05-27 16:55:00,611.8699951171875,1000.0,0,0.0,1000.0
2026-05-27 17:00:00,611.2849731445312,1000.0,0,0.0,1000.0
2026-05-27 17:05:00,610.1400146484375,1000.0,0,0.0,1000.0
2026-05-27 17:10:00,610.530029296875,1000.0,0,0.0,1000.0
2026-05-27 17:15:00,609.9099731445312,1000.0,0,0.0,1000.0
2026-05-27 17:20:00,609.4400024414062,1000.0,0,0.0,1000.0
2026-05-27 17:25:00,609.7999267578125,1000.0,0,0.0,1000.0
2026-05-27 17:30:00,609.8300170898438,1000.0,0,0.0,1000.0
2026-05-27 17:35:00,610.6849975585938,1000.0,0,0.0,1000.0
2026-05-27 17:40:00,610.0050048828125,1000.0,0,0.0,1000.0
2026-05-27 17:45:00,609.6600952148438,1000.0,0,0.0,1000.0
2026-05-27 17:50:00,609.885009765625,1000.0,0,0.0,1000.0
2026-05-27 17:55:00,610.6749877929688,1000.0,0,0.0,1000.0
2026-05-27 18:00:00,620.875,1000.0,0,0.0,1000.0
2026-05-27 18:05:00,617.3300170898438,1000.0,0,0.0,1000.0
2026-05-27 18:10:00,618.2899780273438,1000.0,0,0.0,1000.0
2026-05-27 18:15:00,621.989990234375,1000.0,0,0.0,1000.0
2026-05-27 18:20:00,626.8499755859375,1000.0,0,0.0,1000.0
2026-05-27 18:25:00,628.5800170898438,1000.0,0,0.0,1000.0
2026-05-27 18:30:00,632.8800048828125,1000.0,0,0.0,1000.0
2026-05-27 18:35:00,630.114990234375,1000.0,0,0.0,1000.0
2026-05-27 18:40:00,629.1599731445312,1000.0,0,0.0,1000.0
2026-05-27 18:45:00,628.8400268554688,1000.0,0,0.0,1000.0
2026-05-27 18:50:00,629.6500244140625,1000.0,0,0.0,1000.0
2026-05-27 18:55:00,631.760009765625,1000.0,0,0.0,1000.0
2026-05-27 19:00:00,635.1400146484375,1000.0,0,0.0,1000.0
2026-05-27 19:05:00,637.0299072265625,1000.0,0,0.0,1000.0
2026-05-27 19:10:00,633.4400024414062,1000.0,0,0.0,1000.0
2026-05-27 19:15:00,632.1901245117188,1000.0,0,0.0,1000.0
2026-05-27 19:20:00,631.625,1000.0,0,0.0,1000.0
2026-05-27 19:25:00,632.5775146484375,1000.0,0,0.0,1000.0
2026-05-27 19:30:00,633.25,1000.0,0,0.0,1000.0
2026-05-27 19:35:00,634.5599975585938,1000.0,0,0.0,1000.0
2026-05-27 19:40:00,636.844970703125,1000.0,0,0.0,1000.0
2026-05-27 19:45:00,635.8300170898438,1000.0,0,0.0,1000.0
2026-05-27 19:50:00,635.5399780273438,1000.0,0,0.0,1000.0
2026-05-27 19:55:00,635.2550048828125,1000.0,0,0.0,1000.0
2026-05-28 13:30:00,633.0750122070312,1000.0,0,0.0,1000.0
2026-05-28 13:35:00,630.9749755859375,1000.0,0,0.0,1000.0
2026-05-28 13:40:00,631.3400268554688,1000.0,0,0.0,1000.0
2026-05-28 13:45:00,635.2999877929688,1000.0,0,0.0,1000.0
2026-05-28 13:50:00,636.6599731445312,1000.0,0,0.0,1000.0
2026-05-28 13:55:00,639.5599975585938,1000.0,0,0.0,1000.0
2026-05-28 14:00:00,641.1099853515625,1000.0,0,0.0,1000.0
2026-05-28 14:05:00,638.6500244140625,1000.0,0,0.0,1000.0
2026-05-28 14:10:00,635.1649780273438,1000.0,0,0.0,1000.0
2026-05-28 14:15:00,635.27001953125,1000.0,0,0.0,1000.0
2026-05-28 14:20:00,637.0999755859375,1000.0,0,0.0,1000.0
2026-05-28 14:25:00,638.8900146484375,1000.0,0,0.0,1000.0
2026-05-28 14:30:00,637.719970703125,1000.0,0,0.0,1000.0
2026-05-28 14:35:00,637.260009765625,1000.0,0,0.0,1000.0
2026-05-28 14:40:00,636.6099853515625,1000.0,0,0.0,1000.0
2026-05-28 14:45:00,635.1099853515625,1000.0,0,0.0,1000.0
2026-05-28 14:50:00,635.7899780273438,1000.0,0,0.0,1000.0
2026-05-28 14:55:00,634.52001953125,1000.0,0,0.0,1000.0
2026-05-28 15:00:00,634.2999877929688,1000.0,0,0.0,1000.0
2026-05-28 15:05:00,634.1599731445312,1000.0,0,0.0,1000.0
2026-05-28 15:10:00,633.2999877929688,1000.0,0,0.0,1000.0
2026-05-28 15:15:00,633.989990234375,1000.0,0,0.0,1000.0
2026-05-28 15:20:00,633.6900024414062,1000.0,0,0.0,1000.0
2026-05-28 15:25:00,633.510009765625,1000.0,0,0.0,1000.0
2026-05-28 15:30:00,632.010009765625,1000.0,0,0.0,1000.0
2026-05-28 15:35:00,631.6699829101562,1000.0,0,0.0,1000.0
2026-05-28 15:40:00,632.469970703125,1000.0,0,0.0,1000.0
2026-05-28 15:45:00,631.989990234375,1000.0,0,0.0,1000.0
2026-05-28 15:50:00,632.39501953125,1000.0,0,0.0,1000.0
2026-05-28 15:55:00,632.469970703125,1000.0,0,0.0,1000.0
2026-05-28 16:00:00,631.4699096679688,1000.0,0,0.0,1000.0
2026-05-28 16:05:00,631.4400024414062,1000.0,0,0.0,1000.0
2026-05-28 16:10:00,631.6199951171875,1000.0,0,0.0,1000.0
2026-05-28 16:15:00,633.3099975585938,1000.0,0,0.0,1000.0
2026-05-28 16:20:00,633.4849853515625,1000.0,0,0.0,1000.0
2026-05-28 16:25:00,634.614990234375,1000.0,0,0.0,1000.0
2026-05-28 16:30:00,633.3900146484375,1000.0,0,0.0,1000.0
2026-05-28 16:35:00,631.469970703125,1000.0,0,0.0,1000.0
2026-05-28 16:40:00,630.6749877929688,1000.0,0,0.0,1000.0
2026-05-28 16:45:00,630.869873046875,1000.0,0,0.0,1000.0
2026-05-28 16:50:00,631.0,1000.0,0,0.0,1000.0
2026-05-28 16:55:00,630.0349731445312,1000.0,0,0.0,1000.0
2026-05-28 17:00:00,630.1232299804688,1000.0,0,0.0,1000.0
2026-05-28 17:05:00,631.469970703125,1000.0,0,0.0,1000.0
2026-05-28 17:10:00,630.52001953125,1000.0,0,0.0,1000.0
2026-05-28 17:15:00,630.135009765625,1000.0,0,0.0,1000.0
2026-05-28 17:20:00,631.3049926757812,1000.0,0,0.0,1000.0
2026-05-28 17:25:00,631.2150268554688,1000.0,0,0.0,1000.0
2026-05-28 17:30:00,632.280029296875,1000.0,0,0.0,1000.0
2026-05-28 17:35:00,631.9500122070312,1000.0,0,0.0,1000.0
2026-05-28 17:40:00,631.7003784179688,1000.0,0,0.0,1000.0
2026-05-28 17:45:00,632.4000244140625,1000.0,0,0.0,1000.0
2026-05-28 17:50:00,631.8800048828125,1000.0,0,0.0,1000.0
2026-05-28 17:55:00,631.0850219726562,1000.0,0,0.0,1000.0
2026-05-28 18:00:00,631.8300170898438,1000.0,0,0.0,1000.0
2026-05-28 18:05:00,631.22998046875,1000.0,0,0.0,1000.0
2026-05-28 18:10:00,632.989990234375,1000.0,0,0.0,1000.0
2026-05-28 18:15:00,632.8800048828125,1000.0,0,0.0,1000.0
2026-05-28 18:20:00,632.6599731445312,1000.0,0,0.0,1000.0
2026-05-28 18:25:00,632.8599853515625,1000.0,0,0.0,1000.0
2026-05-28 18:30:00,634.0399780273438,1000.0,0,0.0,1000.0
2026-05-28 18:35:00,633.472412109375,1000.0,0,0.0,1000.0
2026-05-28 18:40:00,633.4349975585938,1000.0,0,0.0,1000.0
2026-05-28 18:45:00,633.6801147460938,1000.0,0,0.0,1000.0
2026-05-28 18:50:00,633.4299926757812,1000.0,0,0.0,1000.0
2026-05-28 18:55:00,632.1199951171875,1000.0,0,0.0,1000.0
2026-05-28 19:00:00,632.2249755859375,1000.0,0,0.0,1000.0
2026-05-28 19:05:00,631.6400146484375,1000.0,0,0.0,1000.0
2026-05-28 19:10:00,632.0399780273438,1000.0,0,0.0,1000.0
2026-05-28 19:15:00,633.0317993164062,1000.0,0,0.0,1000.0
2026-05-28 19:20:00,633.4199829101562,1000.0,0,0.0,1000.0
2026-05-28 19:25:00,633.8250122070312,1000.0,0,0.0,1000.0
2026-05-28 19:30:00,634.8300170898438,1000.0,0,0.0,1000.0
2026-05-28 19:35:00,635.0650024414062,1000.0,0,0.0,1000.0
2026-05-28 19:40:00,634.35498046875,1000.0,0,0.0,1000.0
2026-05-28 19:45:00,634.2000122070312,1000.0,0,0.0,1000.0
2026-05-28 19:50:00,634.5750122070312,1000.0,0,0.0,1000.0
2026-05-28 19:55:00,635.219970703125,1000.0,0,0.0,1000.0
2026-05-29 13:30:00,629.530029296875,1000.0,0,0.0,1000.0
2026-05-29 13:35:00,628.655029296875,1000.0,0,0.0,1000.0
2026-05-29 13:40:00,629.489990234375,1000.0,0,0.0,1000.0
2026-05-29 13:45:00,628.2750244140625,1000.0,0,0.0,1000.0
2026-05-29 13:50:00,627.530029296875,1000.0,0,0.0,1000.0
2026-05-29 13:55:00,628.1400146484375,1000.0,0,0.0,1000.0
2026-05-29 14:00:00,628.8800048828125,1000.0,0,0.0,1000.0
2026-05-29 14:05:00,627.02001953125,1000.0,0,0.0,1000.0
2026-05-29 14:10:00,626.5800170898438,1000.0,0,0.0,1000.0
2026-05-29 14:15:00,625.60498046875,1000.0,0,0.0,1000.0
2026-05-29 14:20:00,625.3699951171875,1000.0,0,0.0,1000.0
2026-05-29 14:25:00,624.9500122070312,1000.0,0,0.0,1000.0
2026-05-29 14:30:00,623.9650268554688,1000.0,0,0.0,1000.0
2026-05-29 14:35:00,623.6300048828125,1000.0,0,0.0,1000.0
2026-05-29 14:40:00,624.5650024414062,1000.0,0,0.0,1000.0
2026-05-29 14:45:00,624.5900268554688,1000.0,0,0.0,1000.0
2026-05-29 14:50:00,624.9299926757812,1000.0,0,0.0,1000.0
2026-05-29 14:55:00,625.2999877929688,1000.0,0,0.0,1000.0
2026-05-29 15:00:00,626.47998046875,1000.0,0,0.0,1000.0
2026-05-29 15:05:00,627.030029296875,1000.0,0,0.0,1000.0
2026-05-29 15:10:00,627.594970703125,1000.0,0,0.0,1000.0
2026-05-29 15:15:00,628.3150024414062,1000.0,0,0.0,1000.0
2026-05-29 15:20:00,628.8900146484375,1000.0,0,0.0,1000.0
2026-05-29 15:25:00,628.2999877929688,1000.0,0,0.0,1000.0
2026-05-29 15:30:00,628.405029296875,1000.0,0,0.0,1000.0
2026-05-29 15:35:00,628.1900024414062,1000.0,0,0.0,1000.0
2026-05-29 15:40:00,627.0599975585938,1000.0,0,0.0,1000.0
2026-05-29 15:45:00,627.375,1000.0,0,0.0,1000.0
2026-05-29 15:50:00,627.1849975585938,1000.0,0,0.0,1000.0
2026-05-29 15:55:00,627.7150268554688,1000.0,0,0.0,1000.0
2026-05-29 16:00:00,628.0250244140625,1000.0,0,0.0,1000.0
2026-05-29 16:05:00,628.5601196289062,1000.0,0,0.0,1000.0
2026-05-29 16:10:00,628.6500854492188,1000.0,0,0.0,1000.0
2026-05-29 16:15:00,627.0800170898438,1000.0,0,0.0,1000.0
2026-05-29 16:20:00,626.5900268554688,1000.0,0,0.0,1000.0
2026-05-29 16:25:00,625.7999877929688,1000.0,0,0.0,1000.0
2026-05-29 16:30:00,626.1099853515625,1000.0,0,0.0,1000.0
2026-05-29 16:35:00,625.155029296875,1000.0,0,0.0,1000.0
2026-05-29 16:40:00,625.0900268554688,1000.0,0,0.0,1000.0
2026-05-29 16:45:00,624.72998046875,1000.0,0,0.0,1000.0
2026-05-29 16:50:00,625.02001953125,1000.0,0,0.0,1000.0
2026-05-29 16:55:00,624.77001953125,1000.0,0,0.0,1000.0
2026-05-29 17:00:00,625.2150268554688,1000.0,0,0.0,1000.0
2026-05-29 17:05:00,625.7000122070312,1000.0,0,0.0,1000.0
2026-05-29 17:10:00,625.2550048828125,1000.0,0,0.0,1000.0
2026-05-29 17:15:00,624.9550170898438,1000.0,0,0.0,1000.0
2026-05-29 17:20:00,624.739990234375,1000.0,0,0.0,1000.0
2026-05-29 17:25:00,624.0700073242188,1000.0,0,0.0,1000.0
2026-05-29 17:30:00,624.2901000976562,1000.0,0,0.0,1000.0
2026-05-29 17:35:00,624.5800170898438,1000.0,0,0.0,1000.0
2026-05-29 17:40:00,626.0,1000.0,0,0.0,1000.0
2026-05-29 17:45:00,626.3800048828125,1000.0,0,0.0,1000.0
2026-05-29 17:50:00,626.75,1000.0,0,0.0,1000.0
2026-05-29 17:55:00,625.8400268554688,1000.0,0,0.0,1000.0
2026-05-29 18:00:00,625.9251098632812,1000.0,0,0.0,1000.0
2026-05-29 18:05:00,626.4249877929688,1000.0,0,0.0,1000.0
2026-05-29 18:10:00,626.2550048828125,1000.0,0,0.0,1000.0
2026-05-29 18:15:00,626.510009765625,1000.0,0,0.0,1000.0
2026-05-29 18:20:00,627.4600219726562,1000.0,0,0.0,1000.0
2026-05-29 18:25:00,627.4299926757812,1000.0,0,0.0,1000.0
2026-05-29 18:30:00,627.155029296875,1000.0,0,0.0,1000.0
2026-05-29 18:35:00,627.3900146484375,1000.0,0,0.0,1000.0
2026-05-29 18:40:00,626.52001953125,1000.0,0,0.0,1000.0
2026-05-29 18:45:00,625.8599853515625,1000.0,0,0.0,1000.0
2026-05-29 18:50:00,625.8599853515625,1000.0,0,0.0,1000.0
2026-05-29 18:55:00,626.0650024414062,1000.0,0,0.0,1000.0
2026-05-29 19:00:00,626.8499755859375,1000.0,0,0.0,1000.0
2026-05-29 19:05:00,627.4600219726562,1000.0,0,0.0,1000.0
2026-05-29 19:10:00,628.0850219726562,1000.0,0,0.0,1000.0
2026-05-29 19:15:00,628.2000122070312,1000.0,0,0.0,1000.0
2026-05-29 19:20:00,629.6300048828125,1000.0,0,0.0,1000.0
2026-05-29 19:25:00,629.375,1000.0,0,0.0,1000.0
2026-05-29 19:30:00,629.7301025390625,1000.0,0,0.0,1000.0
2026-05-29 19:35:00,630.2899780273438,1000.0,0,0.0,1000.0
2026-05-29 19:40:00,629.7899780273438,1000.0,0,0.0,1000.0
2026-05-29 19:45:00,629.9821166992188,1000.0,0,0.0,1000.0
2026-05-29 19:50:00,632.9099731445312,1000.0,0,0.0,1000.0
2026-05-29 19:55:00,632.52001953125,1000.0,0,0.0,1000.0
2026-06-01 13:30:00,621.7899780273438,1000.0,0,0.0,1000.0
2026-06-01 13:35:00,619.5,1000.0,0,0.0,1000.0
2026-06-01 13:40:00,618.2999877929688,1000.0,0,0.0,1000.0
2026-06-01 13:45:00,620.989990234375,1000.0,0,0.0,1000.0
2026-06-01 13:50:00,616.2899780273438,1000.0,0,0.0,1000.0
2026-06-01 13:55:00,616.3499755859375,1000.0,0,0.0,1000.0
2026-06-01 14:00:00,616.2000122070312,1000.0,0,0.0,1000.0
2026-06-01 14:05:00,614.52001953125,1000.0,0,0.0,1000.0
2026-06-01 14:10:00,614.2100219726562,1000.0,0,0.0,1000.0
2026-06-01 14:15:00,614.9349975585938,1000.0,0,0.0,1000.0
2026-06-01 14:20:00,611.6699829101562,1000.0,0,0.0,1000.0
2026-06-01 14:25:00,610.205810546875,1000.0,0,0.0,1000.0
2026-06-01 14:30:00,609.3499755859375,1000.0,0,0.0,1000.0
2026-06-01 14:35:00,610.5599975585938,1000.0,0,0.0,1000.0
2026-06-01 14:40:00,612.125,1000.0,0,0.0,1000.0
2026-06-01 14:45:00,613.5233154296875,1000.0,0,0.0,1000.0
2026-06-01 14:50:00,615.1649780273438,1000.0,0,0.0,1000.0
2026-06-01 14:55:00,615.139892578125,1000.0,0,0.0,1000.0
2026-06-01 15:00:00,612.9600219726562,1000.0,0,0.0,1000.0
2026-06-01 15:05:00,611.2750244140625,1000.0,0,0.0,1000.0
2026-06-01 15:10:00,613.0449829101562,1000.0,0,0.0,1000.0
2026-06-01 15:15:00,612.5,1000.0,0,0.0,1000.0
2026-06-01 15:20:00,613.125,1000.0,0,0.0,1000.0
2026-06-01 15:25:00,613.3699951171875,1000.0,0,0.0,1000.0
2026-06-01 15:30:00,614.5750122070312,1000.0,0,0.0,1000.0
2026-06-01 15:35:00,615.5,1000.0,0,0.0,1000.0
2026-06-01 15:40:00,614.5499877929688,1000.0,0,0.0,1000.0
2026-06-01 15:45:00,615.1500244140625,1000.0,0,0.0,1000.0
2026-06-01 15:50:00,615.3200073242188,1000.0,0,0.0,1000.0
2026-06-01 15:55:00,616.0800170898438,1000.0,0,0.0,1000.0
2026-06-01 16:00:00,614.6900024414062,1000.0,0,0.0,1000.0
2026-06-01 16:05:00,613.739990234375,1000.0,0,0.0,1000.0
2026-06-01 16:10:00,612.8099975585938,1000.0,0,0.0,1000.0
2026-06-01 16:15:00,611.5,1000.0,0,0.0,1000.0
2026-06-01 16:20:00,611.4000244140625,1000.0,0,0.0,1000.0
2026-06-01 16:25:00,611.75,1000.0,0,0.0,1000.0
2026-06-01 16:30:00,612.0750122070312,1000.0,0,0.0,1000.0
2026-06-01 16:35:00,611.1400146484375,1000.0,0,0.0,1000.0
2026-06-01 16:40:00,611.0,1000.0,0,0.0,1000.0
2026-06-01 16:45:00,611.0399780273438,1000.0,0,0.0,1000.0
2026-06-01 16:50:00,611.8499755859375,1000.0,0,0.0,1000.0
2026-06-01 16:55:00,611.4000244140625,1000.0,0,0.0,1000.0
2026-06-01 17:00:00,611.6199951171875,1000.0,0,0.0,1000.0
2026-06-01 17:05:00,610.655029296875,1000.0,0,0.0,1000.0
2026-06-01 17:10:00,610.4199829101562,1000.0,0,0.0,1000.0
2026-06-01 17:15:00,608.1994018554688,1000.0,0,0.0,1000.0
2026-06-01 17:20:00,609.385009765625,1000.0,0,0.0,1000.0
2026-06-01 17:25:00,610.3499755859375,1000.0,0,0.0,1000.0
2026-06-01 17:30:00,608.1099853515625,1000.0,0,0.0,1000.0
2026-06-01 17:35:00,607.0399780273438,1000.0,0,0.0,1000.0
2026-06-01 17:40:00,609.6649780273438,1000.0,0,0.0,1000.0
2026-06-01 17:45:00,608.135009765625,1000.0,0,0.0,1000.0
2026-06-01 17:50:00,607.8499755859375,1000.0,0,0.0,1000.0
2026-06-01 17:55:00,607.8400268554688,1000.0,0,0.0,1000.0
2026-06-01 18:00:00,608.0,1000.0,0,0.0,1000.0
2026-06-01 18:05:00,609.29248046875,1000.0,0,0.0,1000.0
2026-06-01 18:10:00,608.9749755859375,1000.0,0,0.0,1000.0
2026-06-01 18:15:00,608.3250122070312,1000.0,0,0.0,1000.0
2026-06-01 18:20:00,607.75,1000.0,0,0.0,1000.0
2026-06-01 18:25:00,607.6589965820312,1000.0,0,0.0,1000.0
2026-06-01 18:30:00,606.8400268554688,1000.0,0,0.0,1000.0
2026-06-01 18:35:00,606.8699951171875,1000.0,0,0.0,1000.0
2026-06-01 18:40:00,606.0,1000.0,0,0.0,1000.0
2026-06-01 18:45:00,606.4578857421875,1000.0,0,0.0,1000.0
2026-06-01 18:50:00,606.6500244140625,1000.0,0,0.0,1000.0
2026-06-01 18:55:00,605.4600219726562,1000.0,0,0.0,1000.0
2026-06-01 19:00:00,606.780029296875,1000.0,0,0.0,1000.0
2026-06-01 19:05:00,608.010009765625,1000.0,0,0.0,1000.0
2026-06-01 19:10:00,606.635009765625,1000.0,0,0.0,1000.0
2026-06-01 19:15:00,605.9450073242188,1000.0,0,0.0,1000.0
2026-06-01 19:20:00,605.3300170898438,1000.0,0,0.0,1000.0
2026-06-01 19:25:00,605.489990234375,1000.0,0,0.0,1000.0
2026-06-01 19:30:00,604.3699951171875,1000.0,0,0.0,1000.0
2026-06-01 19:35:00,603.7949829101562,1000.0,0,0.0,1000.0
2026-06-01 19:40:00,604.4500122070312,1000.0,0,0.0,1000.0
2026-06-01 19:45:00,603.135009765625,1000.0,0,0.0,1000.0
2026-06-01 19:50:00,600.0599975585938,1000.0,0,0.0,1000.0
2026-06-01 19:55:00,600.3699951171875,1000.0,0,0.0,1000.0
2026-06-02 13:30:00,602.114990234375,1000.0,0,0.0,1000.0
2026-06-02 13:35:00,598.510009765625,1000.0,0,0.0,1000.0
2026-06-02 13:40:00,599.25,1000.0,0,0.0,1000.0
2026-06-02 13:45:00,602.97998046875,1000.0,0,0.0,1000.0
2026-06-02 13:50:00,604.0999755859375,1000.0,0,0.0,1000.0
2026-06-02 13:55:00,604.989990234375,1000.0,0,0.0,1000.0
2026-06-02 14:00:00,604.0999755859375,1000.0,0,0.0,1000.0
2026-06-02 14:05:00,602.7620849609375,1000.0,0,0.0,1000.0
2026-06-02 14:10:00,600.3400268554688,1000.0,0,0.0,1000.0
2026-06-02 14:15:00,602.9185791015625,1000.0,0,0.0,1000.0
2026-06-02 14:20:00,603.3800048828125,1000.0,0,0.0,1000.0
2026-06-02 14:25:00,603.2050170898438,1000.0,0,0.0,1000.0
2026-06-02 14:30:00,604.4500122070312,1000.0,0,0.0,1000.0
2026-06-02 14:35:00,603.844970703125,1000.0,0,0.0,1000.0
2026-06-02 14:40:00,603.6998901367188,1000.0,0,0.0,1000.0
2026-06-02 14:45:00,605.489990234375,1000.0,0,0.0,1000.0
2026-06-02 14:50:00,606.22998046875,1000.0,0,0.0,1000.0
2026-06-02 14:55:00,606.3900146484375,1000.0,0,0.0,1000.0
2026-06-02 15:00:00,606.6849975585938,1000.0,0,0.0,1000.0
2026-06-02 15:05:00,608.1649780273438,1000.0,0,0.0,1000.0
2026-06-02 15:10:00,607.5499877929688,1000.0,0,0.0,1000.0
2026-06-02 15:15:00,608.14501953125,1000.0,0,0.0,1000.0
2026-06-02 15:20:00,607.9199829101562,1000.0,0,0.0,1000.0
2026-06-02 15:25:00,607.3699951171875,1000.0,0,0.0,1000.0
2026-06-02 15:30:00,607.3300170898438,1000.0,0,0.0,1000.0
2026-06-02 15:35:00,607.1027221679688,1000.0,0,0.0,1000.0
2026-06-02 15:40:00,607.4149780273438,1000.0,0,0.0,1000.0
2026-06-02 15:45:00,607.123779296875,1000.0,0,0.0,1000.0
2026-06-02 15:50:00,607.1849975585938,1000.0,0,0.0,1000.0
2026-06-02 15:55:00,607.0900268554688,1000.0,0,0.0,1000.0
2026-06-02 16:00:00,605.7999877929688,1000.0,0,0.0,1000.0
2026-06-02 16:05:00,606.6400146484375,1000.0,0,0.0,1000.0
2026-06-02 16:10:00,607.4400024414062,1000.0,0,0.0,1000.0
2026-06-02 16:15:00,606.9299926757812,1000.0,0,0.0,1000.0
2026-06-02 16:20:00,607.4000244140625,1000.0,0,0.0,1000.0
2026-06-02 16:25:00,607.4099731445312,1000.0,0,0.0,1000.0
2026-06-02 16:30:00,607.3499755859375,1000.0,0,0.0,1000.0
2026-06-02 16:35:00,607.8300170898438,1000.0,0,0.0,1000.0
2026-06-02 16:40:00,607.1099853515625,1000.0,0,0.0,1000.0
2026-06-02 16:45:00,607.52001953125,1000.0,0,0.0,1000.0
2026-06-02 16:50:00,606.9199829101562,1000.0,0,0.0,1000.0
2026-06-02 16:55:00,606.989990234375,1000.0,0,0.0,1000.0
2026-06-02 17:00:00,606.6400146484375,1000.0,0,0.0,1000.0
2026-06-02 17:05:00,606.47998046875,1000.0,0,0.0,1000.0
2026-06-02 17:10:00,606.5650024414062,1000.0,0,0.0,1000.0
2026-06-02 17:15:00,606.4849853515625,1000.0,0,0.0,1000.0
2026-06-02 17:20:00,607.0700073242188,1000.0,0,0.0,1000.0
2026-06-02 17:25:00,606.22998046875,1000.0,0,0.0,1000.0
2026-06-02 17:30:00,604.6610107421875,1000.0,0,0.0,1000.0
2026-06-02 17:35:00,605.22998046875,1000.0,0,0.0,1000.0
2026-06-02 17:40:00,605.4849853515625,1000.0,0,0.0,1000.0
2026-06-02 17:45:00,605.6699829101562,1000.0,0,0.0,1000.0
2026-06-02 17:50:00,605.6300048828125,1000.0,0,0.0,1000.0
2026-06-02 17:55:00,605.3699951171875,1000.0,0,0.0,1000.0
2026-06-02 18:00:00,605.4108276367188,1000.0,0,0.0,1000.0
2026-06-02 18:05:00,605.4000244140625,1000.0,0,0.0,1000.0
2026-06-02 18:10:00,605.0850219726562,1000.0,0,0.0,1000.0
2026-06-02 18:15:00,605.5554809570312,1000.0,0,0.0,1000.0
2026-06-02 18:20:00,605.3900146484375,1000.0,0,0.0,1000.0
2026-06-02 18:25:00,604.7000122070312,1000.0,0,0.0,1000.0
2026-06-02 18:30:00,603.3173217773438,1000.0,0,0.0,1000.0
2026-06-02 18:35:00,603.5449829101562,1000.0,0,0.0,1000.0
2026-06-02 18:40:00,603.0449829101562,1000.0,0,0.0,1000.0
2026-06-02 18:45:00,602.9500122070312,1000.0,0,0.0,1000.0
2026-06-02 18:50:00,601.6500244140625,1000.0,0,0.0,1000.0
2026-06-02 18:55:00,601.8350219726562,1000.0,0,0.0,1000.0
2026-06-02 19:00:00,601.4000244140625,1000.0,0,0.0,1000.0
2026-06-02 19:05:00,601.10009765625,1000.0,0,0.0,1000.0
2026-06-02 19:10:00,600.5999755859375,1000.0,0,0.0,1000.0
2026-06-02 19:15:00,600.6199951171875,1000.0,0,0.0,1000.0
2026-06-02 19:20:00,600.9199829101562,1000.0,0,0.0,1000.0
2026-06-02 19:25:00,600.64501953125,1000.0,0,0.0,1000.0
2026-06-02 19:30:00,600.3699951171875,1000.0,0,0.0,1000.0
2026-06-02 19:35:00,600.0399780273438,1000.0,0,0.0,1000.0
2026-06-02 19:40:00,600.344970703125,1000.0,0,0.0,1000.0
2026-06-02 19:45:00,600.6500244140625,1000.0,0,0.0,1000.0
2026-06-02 19:50:00,598.5499877929688,1000.0,0,0.0,1000.0
2026-06-02 19:55:00,597.6599731445312,1000.0,0,0.0,1000.0
2026-06-03 13:30:00,612.4199829101562,1000.0,0,0.0,1000.0
2026-06-03 13:35:00,609.9000244140625,1000.0,0,0.0,1000.0
2026-06-03 13:40:00,609.3350219726562,1000.0,0,0.0,1000.0
2026-06-03 13:45:00,608.385009765625,1000.0,0,0.0,1000.0
2026-06-03 13:50:00,611.5736083984375,1000.0,0,0.0,1000.0
2026-06-03 13:55:00,612.0999755859375,1000.0,0,0.0,1000.0
2026-06-03 14:00:00,617.2949829101562,1000.0,0,0.0,1000.0
2026-06-03 14:05:00,617.8150024414062,1000.0,0,0.0,1000.0
2026-06-03 14:10:00,616.52001953125,1000.0,0,0.0,1000.0
2026-06-03 14:15:00,616.25,1000.0,0,0.0,1000.0
2026-06-03 14:20:00,615.6900024414062,1000.0,0,0.0,1000.0
2026-06-03 14:25:00,616.2550048828125,1000.0,0,0.0,1000.0
2026-06-03 14:30:00,616.1900024414062,1000.0,0,0.0,1000.0
2026-06-03 14:35:00,615.4299926757812,1000.0,0,0.0,1000.0
2026-06-03 14:40:00,618.8699951171875,1000.0,0,0.0,1000.0
2026-06-03 14:45:00,615.885009765625,1000.0,0,0.0,1000.0
2026-06-03 14:50:00,617.594970703125,1000.0,0,0.0,1000.0
2026-06-03 14:55:00,617.0599975585938,1000.0,0,0.0,1000.0
2026-06-03 15:00:00,615.3400268554688,1000.0,0,0.0,1000.0
2026-06-03 15:05:00,617.030029296875,1000.0,0,0.0,1000.0
2026-06-03 15:10:00,618.6500244140625,1000.0,0,0.0,1000.0
2026-06-03 15:15:00,617.1500244140625,1000.0,0,0.0,1000.0
2026-06-03 15:20:00,615.9000244140625,1000.0,0,0.0,1000.0
2026-06-03 15:25:00,616.2501220703125,1000.0,0,0.0,1000.0
2026-06-03 15:30:00,613.89501953125,1000.0,0,0.0,1000.0
2026-06-03 15:35:00,614.1699829101562,1000.0,0,0.0,1000.0
2026-06-03 15:40:00,614.8150024414062,1000.0,0,0.0,1000.0
2026-06-03 15:45:00,615.2130737304688,1000.0,0,0.0,1000.0
2026-06-03 15:50:00,614.2899780273438,1000.0,0,0.0,1000.0
2026-06-03 15:55:00,613.2548217773438,1000.0,0,0.0,1000.0
2026-06-03 16:00:00,613.4450073242188,1000.0,0,0.0,1000.0
2026-06-03 16:05:00,614.0250244140625,1000.0,0,0.0,1000.0
2026-06-03 16:10:00,613.619873046875,1000.0,0,0.0,1000.0
2026-06-03 16:15:00,612.10498046875,1000.0,0,0.0,1000.0
2026-06-03 16:20:00,612.530029296875,1000.0,0,0.0,1000.0
2026-06-03 16:25:00,613.2050170898438,1000.0,0,0.0,1000.0
2026-06-03 16:30:00,614.5399780273438,1000.0,0,0.0,1000.0
2026-06-03 16:35:00,613.0499877929688,1000.0,0,0.0,1000.0
2026-06-03 16:40:00,613.9199829101562,1000.0,0,0.0,1000.0
2026-06-03 16:45:00,616.4500122070312,1000.0,0,0.0,1000.0
2026-06-03 16:50:00,617.6500244140625,1000.0,0,0.0,1000.0
2026-06-03 16:55:00,619.65380859375,1000.0,0,0.0,1000.0
2026-06-03 17:00:00,617.989990234375,1000.0,0,0.0,1000.0
2026-06-03 17:05:00,619.1749877929688,1000.0,0,0.0,1000.0
2026-06-03 17:10:00,617.4600219726562,1000.0,0,0.0,1000.0
2026-06-03 17:15:00,615.8200073242188,1000.0,0,0.0,1000.0
2026-06-03 17:20:00,617.2899780273438,1000.0,0,0.0,1000.0
2026-06-03 17:25:00,617.8599853515625,1000.0,0,0.0,1000.0
2026-06-03 17:30:00,617.9199829101562,1000.0,0,0.0,1000.0
2026-06-03 17:35:00,617.614990234375,1000.0,0,0.0,1000.0
2026-06-03 17:40:00,618.4349975585938,1000.0,0,0.0,1000.0
2026-06-03 17:45:00,620.3300170898438,1000.0,0,0.0,1000.0
2026-06-03 17:50:00,621.7449951171875,1000.0,0,0.0,1000.0
2026-06-03 17:55:00,622.5300903320312,1000.0,0,0.0,1000.0
2026-06-03 18:00:00,622.1599731445312,1000.0,0,0.0,1000.0
2026-06-03 18:05:00,620.9149780273438,1000.0,0,0.0,1000.0
2026-06-03 18:10:00,621.6300048828125,1000.0,0,0.0,1000.0
2026-06-03 18:15:00,623.5599975585938,1000.0,0,0.0,1000.0
2026-06-03 18:20:00,621.989990234375,1000.0,0,0.0,1000.0
2026-06-03 18:25:00,621.8699951171875,1000.0,0,0.0,1000.0
2026-06-03 18:30:00,622.6900024414062,1000.0,0,0.0,1000.0
2026-06-03 18:35:00,623.155029296875,1000.0,0,0.0,1000.0
2026-06-03 18:40:00,622.8599853515625,1000.0,0,0.0,1000.0
2026-06-03 18:45:00,622.1915283203125,1000.0,0,0.0,1000.0
2026-06-03 18:50:00,622.280029296875,1000.0,0,0.0,1000.0
2026-06-03 18:55:00,622.6749877929688,1000.0,0,0.0,1000.0
2026-06-03 19:00:00,620.9450073242188,1000.0,0,0.0,1000.0
2026-06-03 19:05:00,620.8300170898438,1000.0,0,0.0,1000.0
2026-06-03 19:10:00,621.5999755859375,1000.0,0,0.0,1000.0
2026-06-03 19:15:00,620.9400024414062,1000.0,0,0.0,1000.0
2026-06-03 19:20:00,621.8800048828125,1000.0,0,0.0,1000.0
2026-06-03 19:25:00,621.030029296875,1000.0,0,0.0,1000.0
2026-06-03 19:30:00,621.02001953125,1000.0,0,0.0,1000.0
2026-06-03 19:35:00,621.7999877929688,1000.0,0,0.0,1000.0
2026-06-03 19:40:00,622.8200073242188,1000.0,0,0.0,1000.0
2026-06-03 19:45:00,622.7449951171875,1000.0,0,0.0,1000.0
2026-06-03 19:50:00,623.22998046875,1000.0,0,0.0,1000.0
2026-06-03 19:55:00,623.1099853515625,1000.0,0,0.0,1000.0
2026-06-04 13:30:00,635.010009765625,1000.0,0,0.0,1000.0
2026-06-04 13:35:00,632.7100219726562,1000.0,0,0.0,1000.0
2026-06-04 13:40:00,631.27001953125,1000.0,0,0.0,1000.0
2026-06-04 13:45:00,633.0,1000.0,0,0.0,1000.0
2026-06-04 13:50:00,635.4450073242188,1000.0,0,0.0,1000.0
2026-06-04 13:55:00,638.7999877929688,1000.0,0,0.0,1000.0
2026-06-04 14:00:00,639.0999755859375,1000.0,0,0.0,1000.0
2026-06-04 14:05:00,637.2249755859375,1000.0,0,0.0,1000.0
2026-06-04 14:10:00,637.4163208007812,1000.0,0,0.0,1000.0
2026-06-04 14:15:00,637.1600952148438,1000.0,0,0.0,1000.0
2026-06-04 14:20:00,638.2650146484375,1000.0,0,0.0,1000.0
2026-06-04 14:25:00,638.0050048828125,1000.0,0,0.0,1000.0
2026-06-04 14:30:00,638.2899780273438,1000.0,0,0.0,1000.0
2026-06-04 14:35:00,635.0399780273438,1000.0,0,0.0,1000.0
2026-06-04 14:40:00,638.47998046875,1000.0,0,0.0,1000.0
2026-06-04 14:45:00,638.407470703125,1000.0,0,0.0,1000.0
2026-06-04 14:50:00,638.60498046875,1000.0,0,0.0,1000.0
2026-06-04 14:55:00,640.0700073242188,1000.0,0,0.0,1000.0
2026-06-04 15:00:00,638.489990234375,1000.0,0,0.0,1000.0
2026-06-04 15:05:00,638.2825927734375,1000.0,0,0.0,1000.0
2026-06-04 15:10:00,638.27001953125,1000.0,0,0.0,1000.0
2026-06-04 15:15:00,638.510009765625,1000.0,0,0.0,1000.0
2026-06-04 15:20:00,638.5900268554688,1000.0,0,0.0,1000.0
2026-06-04 15:25:00,638.4949951171875,1000.0,0,0.0,1000.0
2026-06-04 15:30:00,637.4299926757812,1000.0,0,0.0,1000.0
2026-06-04 15:35:00,636.72998046875,1000.0,0,0.0,1000.0
2026-06-04 15:40:00,637.4199829101562,1000.0,0,0.0,1000.0
2026-06-04 15:45:00,638.5999755859375,1000.0,0,0.0,1000.0
2026-06-04 15:50:00,636.7449951171875,1000.0,0,0.0,1000.0
2026-06-04 15:55:00,637.3800048828125,1000.0,0,0.0,1000.0
2026-06-04 16:00:00,641.2000122070312,1000.0,0,0.0,1000.0
2026-06-04 16:05:00,641.0900268554688,1000.0,0,0.0,1000.0
2026-06-04 16:10:00,638.5,1000.0,0,0.0,1000.0
2026-06-04 16:15:00,636.6300048828125,1000.0,0,0.0,1000.0
2026-06-04 16:20:00,634.9299926757812,1000.0,0,0.0,1000.0
2026-06-04 16:25:00,633.5999755859375,1000.0,0,0.0,1000.0
2026-06-04 16:30:00,632.3165893554688,1000.0,0,0.0,1000.0
2026-06-04 16:35:00,631.77001953125,1000.0,0,0.0,1000.0
2026-06-04 16:40:00,630.8099975585938,1000.0,0,0.0,1000.0
2026-06-04 16:45:00,630.1400146484375,1000.0,0,0.0,1000.0
2026-06-04 16:50:00,629.8800048828125,1000.0,0,0.0,1000.0
2026-06-04 16:55:00,628.4149780273438,1000.0,0,0.0,1000.0
2026-06-04 17:00:00,629.7094116210938,1000.0,0,0.0,1000.0
2026-06-04 17:05:00,628.9450073242188,1000.0,0,0.0,1000.0
2026-06-04 17:10:00,629.0150146484375,1000.0,0,0.0,1000.0
2026-06-04 17:15:00,629.864990234375,1000.0,0,0.0,1000.0
2026-06-04 17:20:00,629.7999877929688,1000.0,0,0.0,1000.0
2026-06-04 17:25:00,630.02001953125,1000.0,0,0.0,1000.0
2026-06-04 17:30:00,629.5399780273438,1000.0,0,0.0,1000.0
2026-06-04 17:35:00,629.2069702148438,1000.0,0,0.0,1000.0
2026-06-04 17:40:00,629.8350219726562,1000.0,0,0.0,1000.0
2026-06-04 17:45:00,629.3499755859375,1000.0,0,0.0,1000.0
2026-06-04 17:50:00,629.47998046875,1000.0,0,0.0,1000.0
2026-06-04 17:55:00,629.125,1000.0,0,0.0,1000.0
2026-06-04 18:00:00,626.8300170898438,1000.0,0,0.0,1000.0
2026-06-04 18:05:00,626.2249755859375,1000.0,0,0.0,1000.0
2026-06-04 18:10:00,626.43701171875,1000.0,0,0.0,1000.0
2026-06-04 18:15:00,626.6300048828125,1000.0,0,0.0,1000.0
2026-06-04 18:20:00,626.6300048828125,1000.0,0,0.0,1000.0
2026-06-04 18:25:00,626.280029296875,1000.0,0,0.0,1000.0
2026-06-04 18:30:00,625.8599853515625,1000.0,0,0.0,1000.0
2026-06-04 18:35:00,626.590087890625,1000.0,0,0.0,1000.0
2026-06-04 18:40:00,626.75,1000.0,0,0.0,1000.0
2026-06-04 18:45:00,625.8800048828125,1000.0,0,0.0,1000.0
2026-06-04 18:50:00,625.72998046875,1000.0,0,0.0,1000.0
2026-06-04 18:55:00,625.8800048828125,1000.0,0,0.0,1000.0
2026-06-04 19:00:00,625.719970703125,1000.0,0,0.0,1000.0
2026-06-04 19:05:00,624.760009765625,1000.0,0,0.0,1000.0
2026-06-04 19:10:00,626.0499877929688,1000.0,0,0.0,1000.0
2026-06-04 19:15:00,626.3250122070312,1000.0,0,0.0,1000.0
2026-06-04 19:20:00,625.760009765625,1000.0,0,0.0,1000.0
2026-06-04 19:25:00,624.4650268554688,1000.0,0,0.0,1000.0
2026-06-04 19:30:00,623.655029296875,1000.0,0,0.0,1000.0
2026-06-04 19:35:00,623.2100219726562,1000.0,0,0.0,1000.0
2026-06-04 19:40:00,623.9299926757812,1000.0,0,0.0,1000.0
2026-06-04 19:45:00,624.469970703125,1000.0,0,0.0,1000.0
2026-06-04 19:50:00,626.0150146484375,1000.0,0,0.0,1000.0
2026-06-04 19:55:00,627.5399780273438,1000.0,0,0.0,1000.0
2026-06-05 13:30:00,627.4650268554688,1000.0,0,0.0,1000.0
2026-06-05 13:35:00,626.27001953125,1000.0,0,0.0,1000.0
2026-06-05 13:40:00,624.28369140625,1000.0,0,0.0,1000.0
2026-06-05 13:45:00,623.989990234375,1000.0,0,0.0,1000.0
2026-06-05 13:50:00,620.5499877929688,1000.0,0,0.0,1000.0
2026-06-05 13:55:00,619.7998046875,1000.0,0,0.0,1000.0
2026-06-05 14:00:00,615.5,1000.0,0,0.0,1000.0
2026-06-05 14:05:00,616.6699829101562,1000.0,0,0.0,1000.0
2026-06-05 14:10:00,618.4299926757812,1000.0,0,0.0,1000.0
2026-06-05 14:15:00,617.4450073242188,1000.0,0,0.0,1000.0
2026-06-05 14:20:00,618.135009765625,1000.0,0,0.0,1000.0
2026-06-05 14:25:00,618.5650024414062,1000.0,0,0.0,1000.0
2026-06-05 14:30:00,616.9249877929688,1000.0,0,0.0,1000.0
2026-06-05 14:35:00,614.864990234375,1000.0,0,0.0,1000.0
2026-06-05 14:40:00,615.114990234375,1000.0,0,0.0,1000.0
2026-06-05 14:45:00,615.5999755859375,1000.0,0,0.0,1000.0
2026-06-05 14:50:00,614.7150268554688,1000.0,0,0.0,1000.0
2026-06-05 14:55:00,615.2999877929688,1000.0,0,0.0,1000.0
2026-06-05 15:00:00,614.5900268554688,1000.0,0,0.0,1000.0
2026-06-05 15:05:00,614.4099731445312,1000.0,0,0.0,1000.0
2026-06-05 15:10:00,613.7349853515625,1000.0,0,0.0,1000.0
2026-06-05 15:15:00,613.8400268554688,1000.0,0,0.0,1000.0
2026-06-05 15:20:00,612.9500122070312,1000.0,0,0.0,1000.0
2026-06-05 15:25:00,613.4650268554688,1000.0,0,0.0,1000.0
2026-06-05 15:30:00,612.719970703125,1000.0,0,0.0,1000.0
2026-06-05 15:35:00,612.239990234375,1000.0,0,0.0,1000.0
2026-06-05 15:40:00,611.7899780273438,1000.0,0,0.0,1000.0
2026-06-05 15:45:00,612.9299926757812,1000.0,0,0.0,1000.0
2026-06-05 15:50:00,613.5999755859375,1000.0,0,0.0,1000.0
2026-06-05 15:55:00,612.9099731445312,1000.0,0,0.0,1000.0
2026-06-05 16:00:00,612.3499755859375,1000.0,0,0.0,1000.0
2026-06-05 16:05:00,611.4349975585938,1000.0,0,0.0,1000.0
2026-06-05 16:10:00,610.489990234375,1000.0,0,0.0,1000.0
2026-06-05 16:15:00,610.489990234375,1000.0,0,0.0,1000.0
2026-06-05 16:20:00,610.3900146484375,1000.0,0,0.0,1000.0
2026-06-05 16:25:00,609.7999877929688,1000.0,0,0.0,1000.0
2026-06-05 16:30:00,608.4500122070312,1000.0,0,0.0,1000.0
2026-06-05 16:35:00,609.47998046875,1000.0,0,0.0,1000.0
2026-06-05 16:40:00,609.280029296875,1000.0,0,0.0,1000.0
2026-06-05 16:45:00,608.9149780273438,1000.0,0,0.0,1000.0
2026-06-05 16:50:00,609.0900268554688,1000.0,0,0.0,1000.0
2026-06-05 16:55:00,609.760009765625,1000.0,0,0.0,1000.0
2026-06-05 17:00:00,610.0549926757812,1000.0,0,0.0,1000.0
2026-06-05 17:05:00,609.7050170898438,1000.0,0,0.0,1000.0
2026-06-05 17:10:00,608.8900146484375,1000.0,0,0.0,1000.0
2026-06-05 17:15:00,607.760009765625,1000.0,0,0.0,1000.0
2026-06-05 17:20:00,608.0599975585938,1000.0,0,0.0,1000.0
2026-06-05 17:25:00,608.72998046875,1000.0,0,0.0,1000.0
2026-06-05 17:30:00,608.39501953125,1000.0,0,0.0,1000.0
2026-06-05 17:35:00,608.9349975585938,1000.0,0,0.0,1000.0
2026-06-05 17:40:00,608.1099853515625,1000.0,0,0.0,1000.0
2026-06-05 17:45:00,608.3499755859375,1000.0,0,0.0,1000.0
2026-06-05 17:50:00,608.8599853515625,1000.0,0,0.0,1000.0
2026-06-05 17:55:00,608.8900146484375,1000.0,0,0.0,1000.0
2026-06-05 18:00:00,609.489990234375,1000.0,0,0.0,1000.0
2026-06-05 18:05:00,609.52001953125,1000.0,0,0.0,1000.0
2026-06-05 18:10:00,594.1430053710938,1000.0,0,0.0,1000.0
2026-06-05 18:15:00,585.9874877929688,1000.0,0,0.0,1000.0
2026-06-05 18:20:00,585.6849975585938,1000.0,0,0.0,1000.0
2026-06-05 18:25:00,586.6099853515625,1000.0,0,0.0,1000.0
2026-06-05 18:30:00,586.39501953125,1000.0,0,0.0,1000.0
2026-06-05 18:35:00,593.2150268554688,1000.0,0,0.0,1000.0
2026-06-05 18:40:00,592.0150146484375,1000.0,0,0.0,1000.0
2026-06-05 18:45:00,592.969970703125,1000.0,0,0.0,1000.0
2026-06-05 18:50:00,593.5999755859375,1000.0,0,0.0,1000.0
2026-06-05 18:55:00,594.8900146484375,1000.0,0,0.0,1000.0
2026-06-05 19:00:00,594.5855102539062,1000.0,0,0.0,1000.0
2026-06-05 19:05:00,591.6500244140625,1000.0,0,0.0,1000.0
2026-06-05 19:10:00,591.1849975585938,1000.0,0,0.0,1000.0
2026-06-05 19:15:00,589.7899780273438,1000.0,0,0.0,1000.0
2026-06-05 19:20:00,589.489990234375,1000.0,0,0.0,1000.0
2026-06-05 19:25:00,592.3150024414062,1000.0,0,0.0,1000.0
2026-06-05 19:30:00,590.8900146484375,1000.0,0,0.0,1000.0
2026-06-05 19:35:00,591.155029296875,1000.0,0,0.0,1000.0
2026-06-05 19:40:00,590.8800048828125,1000.0,0,0.0,1000.0
2026-06-05 19:45:00,592.3599853515625,1000.0,0,0.0,1000.0
2026-06-05 19:50:00,594.2150268554688,1000.0,0,0.0,1000.0
2026-06-05 19:55:00,592.6400146484375,1000.0,0,0.0,1000.0
2026-06-08 13:30:00,579.8889770507812,1000.0,0,0.0,1000.0
2026-06-08 13:35:00,584.7550048828125,1000.0,0,0.0,1000.0
2026-06-08 13:40:00,587.4000244140625,1000.0,0,0.0,1000.0
2026-06-08 13:45:00,587.4550170898438,1000.0,0,0.0,1000.0
2026-06-08 13:50:00,589.2899780273438,1000.0,0,0.0,1000.0
2026-06-08 13:55:00,588.8150024414062,1000.0,0,0.0,1000.0
2026-06-08 14:00:00,590.4000244140625,1000.0,0,0.0,1000.0
2026-06-08 14:05:00,590.1235961914062,1000.0,0,0.0,1000.0
2026-06-08 14:10:00,590.9000244140625,1000.0,0,0.0,1000.0
2026-06-08 14:15:00,589.7750244140625,1000.0,0,0.0,1000.0
2026-06-08 14:20:00,589.0,1000.0,0,0.0,1000.0
2026-06-08 14:25:00,588.2349853515625,1000.0,0,0.0,1000.0
2026-06-08 14:30:00,587.09228515625,1000.0,0,0.0,1000.0
2026-06-08 14:35:00,587.5150146484375,1000.0,0,0.0,1000.0
2026-06-08 14:40:00,587.9550170898438,1000.0,0,0.0,1000.0
2026-06-08 14:45:00,590.0,1000.0,0,0.0,1000.0
2026-06-08 14:50:00,589.280029296875,1000.0,0,0.0,1000.0
2026-06-08 14:55:00,590.3800048828125,1000.0,0,0.0,1000.0
2026-06-08 15:00:00,590.8400268554688,1000.0,0,0.0,1000.0
2026-06-08 15:05:00,591.1300048828125,1000.0,0,0.0,1000.0
2026-06-08 15:10:00,590.239990234375,1000.0,0,0.0,1000.0
2026-06-08 15:15:00,589.4450073242188,1000.0,0,0.0,1000.0
2026-06-08 15:20:00,589.5220947265625,1000.0,0,0.0,1000.0
2026-06-08 15:25:00,587.6500244140625,1000.0,0,0.0,1000.0
2026-06-08 15:30:00,587.2999877929688,1000.0,0,0.0,1000.0
2026-06-08 15:35:00,588.5900268554688,1000.0,0,0.0,1000.0
2026-06-08 15:40:00,588.7000122070312,1000.0,0,0.0,1000.0
2026-06-08 15:45:00,588.1849975585938,1000.0,0,0.0,1000.0
2026-06-08 15:50:00,588.4400024414062,1000.0,0,0.0,1000.0
2026-06-08 15:55:00,587.5700073242188,1000.0,0,0.0,1000.0
2026-06-08 16:00:00,587.7899780273438,1000.0,0,0.0,1000.0
2026-06-08 16:05:00,587.6799926757812,1000.0,0,0.0,1000.0
2026-06-08 16:10:00,587.6300048828125,1000.0,0,0.0,1000.0
2026-06-08 16:15:00,588.6900024414062,1000.0,0,0.0,1000.0
2026-06-08 16:20:00,588.2550048828125,1000.0,0,0.0,1000.0
2026-06-08 16:25:00,587.9400024414062,1000.0,0,0.0,1000.0
2026-06-08 16:30:00,587.9949951171875,1000.0,0,0.0,1000.0
2026-06-08 16:35:00,588.0800170898438,1000.0,0,0.0,1000.0
2026-06-08 16:40:00,588.0,1000.0,0,0.0,1000.0
2026-06-08 16:45:00,587.4857788085938,1000.0,0,0.0,1000.0
2026-06-08 16:50:00,586.97998046875,1000.0,0,0.0,1000.0
2026-06-08 16:55:00,586.6701049804688,1000.0,0,0.0,1000.0
2026-06-08 17:00:00,586.0,1000.0,0,0.0,1000.0
2026-06-08 17:05:00,586.3699951171875,1000.0,0,0.0,1000.0
2026-06-08 17:10:00,586.0452880859375,1000.0,0,0.0,1000.0
2026-06-08 17:15:00,587.0,1000.0,0,0.0,1000.0
2026-06-08 17:20:00,586.9199829101562,1000.0,0,0.0,1000.0
2026-06-08 17:25:00,588.260009765625,1000.0,0,0.0,1000.0
2026-06-08 17:30:00,588.1849975585938,1000.0,0,0.0,1000.0
2026-06-08 17:35:00,587.469970703125,1000.0,0,0.0,1000.0
2026-06-08 17:40:00,586.0,1000.0,0,0.0,1000.0
2026-06-08 17:45:00,587.5750122070312,1000.0,0,0.0,1000.0
2026-06-08 17:50:00,587.0150146484375,1000.0,0,0.0,1000.0
2026-06-08 17:55:00,586.8049926757812,1000.0,0,0.0,1000.0
2026-06-08 18:00:00,587.97998046875,1000.0,0,0.0,1000.0
2026-06-08 18:05:00,588.2324829101562,1000.0,0,0.0,1000.0
2026-06-08 18:10:00,587.575927734375,1000.0,0,0.0,1000.0
2026-06-08 18:15:00,587.97998046875,1000.0,0,0.0,1000.0
2026-06-08 18:20:00,588.155029296875,1000.0,0,0.0,1000.0
2026-06-08 18:25:00,588.5549926757812,1000.0,0,0.0,1000.0
2026-06-08 18:30:00,588.39501953125,1000.0,0,0.0,1000.0
2026-06-08 18:35:00,587.6649780273438,1000.0,0,0.0,1000.0
2026-06-08 18:40:00,587.47998046875,1000.0,0,0.0,1000.0
2026-06-08 18:45:00,587.5449829101562,1000.0,0,0.0,1000.0
2026-06-08 18:50:00,588.0,1000.0,0,0.0,1000.0
2026-06-08 18:55:00,587.5999755859375,1000.0,0,0.0,1000.0
2026-06-08 19:00:00,587.114990234375,1000.0,0,0.0,1000.0
2026-06-08 19:05:00,586.72998046875,1000.0,0,0.0,1000.0
2026-06-08 19:10:00,585.4299926757812,1000.0,0,0.0,1000.0
2026-06-08 19:15:00,585.9099731445312,1000.0,0,0.0,1000.0
2026-06-08 19:20:00,586.8900146484375,1000.0,0,0.0,1000.0
2026-06-08 19:25:00,587.7449951171875,1000.0,0,0.0,1000.0
2026-06-08 19:30:00,587.2949829101562,1000.0,0,0.0,1000.0
2026-06-08 19:35:00,587.8634033203125,1000.0,0,0.0,1000.0
2026-06-08 19:40:00,588.2589721679688,1000.0,0,0.0,1000.0
2026-06-08 19:45:00,589.6099853515625,1000.0,0,0.0,1000.0
2026-06-08 19:50:00,586.5999755859375,1000.0,0,0.0,1000.0
2026-06-08 19:55:00,585.3350219726562,1000.0,0,0.0,1000.0
2026-06-09 13:30:00,590.8499755859375,1000.0,0,0.0,1000.0
2026-06-09 13:35:00,593.5599975585938,1000.0,0,0.0,1000.0
2026-06-09 13:40:00,595.75927734375,1000.0,0,0.0,1000.0
2026-06-09 13:45:00,596.6799926757812,1000.0,0,0.0,1000.0
2026-06-09 13:50:00,594.7949829101562,1000.0,0,0.0,1000.0
2026-06-09 13:55:00,596.0150146484375,1000.0,0,0.0,1000.0
2026-06-09 14:00:00,595.760009765625,1000.0,0,0.0,1000.0
2026-06-09 14:05:00,596.9000244140625,1000.0,0,0.0,1000.0
2026-06-09 14:10:00,594.405029296875,1000.0,0,0.0,1000.0
2026-06-09 14:15:00,593.1890258789062,1000.0,0,0.0,1000.0
2026-06-09 14:20:00,595.6199951171875,1000.0,0,0.0,1000.0
2026-06-09 14:25:00,594.5499877929688,1000.0,0,0.0,1000.0
2026-06-09 14:30:00,596.3099975585938,1000.0,0,0.0,1000.0
2026-06-09 14:35:00,596.02001953125,1000.0,0,0.0,1000.0
2026-06-09 14:40:00,594.3900146484375,1000.0,0,0.0,1000.0
2026-06-09 14:45:00,591.1099853515625,1000.0,0,0.0,1000.0
2026-06-09 14:50:00,591.9000244140625,1000.0,0,0.0,1000.0
2026-06-09 14:55:00,593.280029296875,1000.0,0,0.0,1000.0
2026-06-09 15:00:00,593.3599853515625,1000.0,0,0.0,1000.0
2026-06-09 15:05:00,594.0599975585938,1000.0,0,0.0,1000.0
2026-06-09 15:10:00,593.3350219726562,1000.0,0,0.0,1000.0
2026-06-09 15:15:00,592.9500122070312,1000.0,0,0.0,1000.0
2026-06-09 15:20:00,591.0399780273438,1000.0,0,0.0,1000.0
2026-06-09 15:25:00,588.35009765625,1000.0,0,0.0,1000.0
2026-06-09 15:30:00,588.594970703125,1000.0,0,0.0,1000.0
2026-06-09 15:35:00,588.1500244140625,1000.0,0,0.0,1000.0
2026-06-09 15:40:00,588.7650146484375,1000.0,0,0.0,1000.0
2026-06-09 15:45:00,589.4650268554688,1000.0,0,0.0,1000.0
2026-06-09 15:50:00,589.0349731445312,1000.0,0,0.0,1000.0
2026-06-09 15:55:00,587.2949829101562,1000.0,0,0.0,1000.0
2026-06-09 16:00:00,587.0250244140625,1000.0,0,0.0,1000.0
2026-06-09 16:05:00,586.5120239257812,1000.0,0,0.0,1000.0
2026-06-09 16:10:00,587.125,1000.0,0,0.0,1000.0
2026-06-09 16:15:00,584.739990234375,1000.0,0,0.0,1000.0
2026-06-09 16:20:00,585.7999877929688,1000.0,0,0.0,1000.0
2026-06-09 16:25:00,586.155029296875,1000.0,0,0.0,1000.0
2026-06-09 16:30:00,586.52001953125,1000.0,0,0.0,1000.0
2026-06-09 16:35:00,581.6409912109375,1000.0,0,0.0,1000.0
2026-06-09 16:40:00,582.721923828125,1000.0,0,0.0,1000.0
2026-06-09 16:45:00,582.6649780273438,1000.0,0,0.0,1000.0
2026-06-09 16:50:00,581.7100219726562,1000.0,0,0.0,1000.0
2026-06-09 16:55:00,584.010009765625,1000.0,0,0.0,1000.0
2026-06-09 17:00:00,585.010009765625,1000.0,0,0.0,1000.0
2026-06-09 17:05:00,584.5349731445312,1000.0,0,0.0,1000.0
2026-06-09 17:10:00,584.9650268554688,1000.0,0,0.0,1000.0
2026-06-09 17:15:00,586.260009765625,1000.0,0,0.0,1000.0
2026-06-09 17:20:00,586.4749755859375,1000.0,0,0.0,1000.0
2026-06-09 17:25:00,586.7274780273438,1000.0,0,0.0,1000.0
2026-06-09 17:30:00,587.6900024414062,1000.0,0,0.0,1000.0
2026-06-09 17:35:00,588.1099853515625,1000.0,0,0.0,1000.0
2026-06-09 17:40:00,589.25,1000.0,0,0.0,1000.0
2026-06-09 17:45:00,587.9000244140625,1000.0,0,0.0,1000.0
2026-06-09 17:50:00,589.22998046875,1000.0,0,0.0,1000.0
2026-06-09 17:55:00,588.6699829101562,1000.0,0,0.0,1000.0
2026-06-09 18:00:00,589.7949829101562,1000.0,0,0.0,1000.0
2026-06-09 18:05:00,590.4450073242188,1000.0,0,0.0,1000.0
2026-06-09 18:10:00,588.4400024414062,1000.0,0,0.0,1000.0
2026-06-09 18:15:00,589.405029296875,1000.0,0,0.0,1000.0
2026-06-09 18:20:00,589.9000244140625,1000.0,0,0.0,1000.0
2026-06-09 18:25:00,589.5900268554688,1000.0,0,0.0,1000.0
2026-06-09 18:30:00,589.7899780273438,1000.0,0,0.0,1000.0
2026-06-09 18:35:00,590.0900268554688,1000.0,0,0.0,1000.0
2026-06-09 18:40:00,589.2550048828125,1000.0,0,0.0,1000.0
2026-06-09 18:45:00,589.8800048828125,1000.0,0,0.0,1000.0
2026-06-09 18:50:00,590.1799926757812,1000.0,0,0.0,1000.0
2026-06-09 18:55:00,590.97998046875,1000.0,0,0.0,1000.0
2026-06-09 19:00:00,590.9149780273438,1000.0,0,0.0,1000.0
2026-06-09 19:05:00,591.1400146484375,1000.0,0,0.0,1000.0
2026-06-09 19:10:00,589.680419921875,1000.0,0,0.0,1000.0
2026-06-09 19:15:00,588.8900146484375,1000.0,0,0.0,1000.0
2026-06-09 19:20:00,589.1600952148438,1000.0,0,0.0,1000.0
2026-06-09 19:25:00,588.3300170898438,1000.0,0,0.0,1000.0
2026-06-09 19:30:00,587.405029296875,1000.0,0,0.0,1000.0
2026-06-09 19:35:00,586.72998046875,1000.0,0,0.0,1000.0
2026-06-09 19:40:00,586.260009765625,1000.0,0,0.0,1000.0
2026-06-09 19:45:00,585.030029296875,1000.0,0,0.0,1000.0
2026-06-09 19:50:00,587.3200073242188,1000.0,0,0.0,1000.0
2026-06-09 19:55:00,584.5599975585938,1000.0,0,0.0,1000.0
2026-06-10 13:30:00,584.8250122070312,1000.0,0,0.0,1000.0
2026-06-10 13:35:00,588.4299926757812,1000.0,0,0.0,1000.0
2026-06-10 13:40:00,591.1199951171875,1000.0,0,0.0,1000.0
2026-06-10 13:45:00,589.9400024414062,1000.0,0,0.0,1000.0
2026-06-10 13:50:00,588.5599975585938,1000.0,0,0.0,1000.0
2026-06-10 13:55:00,587.7949829101562,1000.0,0,0.0,1000.0
2026-06-10 14:00:00,587.677001953125,1000.0,0,0.0,1000.0
2026-06-10 14:05:00,584.880126953125,1000.0,0,0.0,1000.0
2026-06-10 14:10:00,585.3499755859375,1000.0,0,0.0,1000.0
2026-06-10 14:15:00,585.469970703125,1000.0,0,0.0,1000.0
2026-06-10 14:20:00,586.0,1000.0,0,0.0,1000.0
2026-06-10 14:25:00,583.5050048828125,1000.0,0,0.0,1000.0
2026-06-10 14:30:00,583.6090087890625,1000.0,0,0.0,1000.0
2026-06-10 14:35:00,582.6500244140625,1000.0,0,0.0,1000.0
2026-06-10 14:40:00,582.010009765625,1000.0,0,0.0,1000.0
2026-06-10 14:45:00,581.9000244140625,1000.0,0,0.0,1000.0
2026-06-10 14:50:00,581.5050048828125,1000.0,0,0.0,1000.0
2026-06-10 14:55:00,578.9749755859375,1000.0,0,0.0,1000.0
2026-06-10 15:00:00,579.47998046875,1000.0,0,0.0,1000.0
2026-06-10 15:05:00,576.7100219726562,1000.0,0,0.0,1000.0
2026-06-10 15:10:00,576.4199829101562,1000.0,0,0.0,1000.0
2026-06-10 15:15:00,576.5999755859375,1000.0,0,0.0,1000.0
2026-06-10 15:20:00,577.9299926757812,1000.0,0,0.0,1000.0
2026-06-10 15:25:00,577.75,1000.0,0,0.0,1000.0
2026-06-10 15:30:00,577.3555908203125,1000.0,0,0.0,1000.0
2026-06-10 15:35:00,577.5999755859375,1000.0,0,0.0,1000.0
2026-06-10 15:40:00,579.6798706054688,1000.0,0,0.0,1000.0
2026-06-10 15:45:00,577.8699951171875,1000.0,0,0.0,1000.0
2026-06-10 15:50:00,578.3499755859375,1000.0,0,0.0,1000.0
2026-06-10 15:55:00,579.510009765625,1000.0,0,0.0,1000.0
2026-06-10 16:00:00,578.5399780273438,1000.0,0,0.0,1000.0
2026-06-10 16:05:00,578.510009765625,1000.0,0,0.0,1000.0
2026-06-10 16:10:00,577.8250122070312,1000.0,0,0.0,1000.0
2026-06-10 16:15:00,577.385009765625,1000.0,0,0.0,1000.0
2026-06-10 16:20:00,576.9199829101562,1000.0,0,0.0,1000.0
2026-06-10 16:25:00,577.10498046875,1000.0,0,0.0,1000.0
2026-06-10 16:30:00,577.7100219726562,1000.0,0,0.0,1000.0
2026-06-10 16:35:00,577.8685302734375,1000.0,0,0.0,1000.0
2026-06-10 16:40:00,577.2650146484375,1000.0,0,0.0,1000.0
2026-06-10 16:45:00,576.9801025390625,1000.0,0,0.0,1000.0
2026-06-10 16:50:00,577.7020263671875,1000.0,0,0.0,1000.0
2026-06-10 16:55:00,577.3400268554688,1000.0,0,0.0,1000.0
2026-06-10 17:00:00,577.875,1000.0,0,0.0,1000.0
2026-06-10 17:05:00,576.9099731445312,1000.0,0,0.0,1000.0
2026-06-10 17:10:00,575.77001953125,1000.0,0,0.0,1000.0
2026-06-10 17:15:00,575.5499877929688,1000.0,0,0.0,1000.0
2026-06-10 17:20:00,576.1400146484375,1000.0,0,0.0,1000.0
2026-06-10 17:25:00,576.0850219726562,1000.0,0,0.0,1000.0
2026-06-10 17:30:00,575.1572265625,1000.0,0,0.0,1000.0
2026-06-10 17:35:00,574.155029296875,1000.0,0,0.0,1000.0
2026-06-10 17:40:00,574.2100219726562,1000.0,0,0.0,1000.0
2026-06-10 17:45:00,575.6400146484375,1000.0,0,0.0,1000.0
2026-06-10 17:50:00,574.469970703125,1000.0,0,0.0,1000.0
2026-06-10 17:55:00,575.2550048828125,1000.0,0,0.0,1000.0
2026-06-10 18:00:00,576.760009765625,1000.0,0,0.0,1000.0
2026-06-10 18:05:00,576.4600219726562,1000.0,0,0.0,1000.0
2026-06-10 18:10:00,575.9400024414062,1000.0,0,0.0,1000.0
2026-06-10 18:15:00,575.2449951171875,1000.0,0,0.0,1000.0
2026-06-10 18:20:00,575.5700073242188,1000.0,0,0.0,1000.0
2026-06-10 18:25:00,575.5050048828125,1000.0,0,0.0,1000.0
2026-06-10 18:30:00,574.6290283203125,1000.0,0,0.0,1000.0
2026-06-10 18:35:00,573.625,1000.0,0,0.0,1000.0
2026-06-10 18:40:00,573.5449829101562,1000.0,0,0.0,1000.0
2026-06-10 18:45:00,573.2100219726562,1000.0,0,0.0,1000.0
2026-06-10 18:50:00,573.2901000976562,1000.0,0,0.0,1000.0
2026-06-10 18:55:00,572.469970703125,1000.0,0,0.0,1000.0
2026-06-10 19:00:00,572.5,1000.0,0,0.0,1000.0
2026-06-10 19:05:00,572.3699951171875,1000.0,0,0.0,1000.0
2026-06-10 19:10:00,572.1749877929688,1000.0,0,0.0,1000.0
2026-06-10 19:15:00,572.717529296875,1000.0,0,0.0,1000.0
2026-06-10 19:20:00,572.4099731445312,1000.0,0,0.0,1000.0
2026-06-10 19:25:00,570.969970703125,1000.0,0,0.0,1000.0
2026-06-10 19:30:00,572.0399780273438,1000.0,0,0.0,1000.0
2026-06-10 19:35:00,573.1400146484375,1000.0,0,0.0,1000.0
2026-06-10 19:40:00,573.3474731445312,1000.0,0,0.0,1000.0
2026-06-10 19:45:00,572.1400146484375,1000.0,0,0.0,1000.0
2026-06-10 19:50:00,572.7150268554688,1000.0,0,0.0,1000.0
2026-06-10 19:55:00,570.7899780273438,1000.0,0,0.0,1000.0
