Datetime,Close,High,Low,Open,Volume,Adj Close
2026-04-29 09:30:00-04:00,24557.34375,24601.779296875,24547.685546875,24601.779296875,0,24557.34375
2026-04-29 09:35:00-04:00,24597.07421875,24597.07421875,24539.7578125,24552.052734375,183204000,24597.07421875
2026-04-29 09:40:00-04:00,24601.330078125,24607.541015625,24588.08984375,24604.439453125,143125000,24601.330078125
2026-04-29 09:45:00-04:00,24604.802734375,24612.693359375,24574.63671875,24595.04296875,145867000,24604.802734375
2026-04-29 09:50:00-04:00,24648.86328125,24649.26953125,24600.953125,24600.953125,122894000,24648.86328125
2026-04-29 09:55:00-04:00,24643.123046875,24655.16015625,24637.599609375,24654.64453125,104115000,24643.123046875
2026-04-29 10:00:00-04:00,24624.064453125,24636.7734375,24602.521484375,24636.7734375,143056000,24624.064453125
2026-04-29 10:05:00-04:00,24612.625,24630.16796875,24603.326171875,24623.9140625,132085000,24612.625
2026-04-29 10:10:00-04:00,24641.349609375,24641.349609375,24603.22265625,24612.439453125,109062000,24641.349609375
2026-04-29 10:15:00-04:00,24648.12109375,24648.142578125,24629.37890625,24641.71484375,86416000,24648.12109375
2026-04-29 10:20:00-04:00,24658.19140625,24658.396484375,24629.216796875,24645.666015625,86422000,24658.19140625
2026-04-29 10:25:00-04:00,24684.564453125,24688.599609375,24657.802734375,24660.375,85477000,24684.564453125
2026-04-29 10:30:00-04:00,24703.189453125,24704.92578125,24664.7890625,24677.33203125,88134000,24703.189453125
2026-04-29 10:35:00-04:00,24711.73828125,24723.796875,24699.638671875,24704.904296875,87073000,24711.73828125
2026-04-29 10:40:00-04:00,24710.501953125,24711.3046875,24690.390625,24705.94921875,101394000,24710.501953125
2026-04-29 10:45:00-04:00,24693.060546875,24719.173828125,24693.060546875,24718.244140625,81207000,24693.060546875
2026-04-29 10:50:00-04:00,24695.1015625,24699.08203125,24686.533203125,24693.00390625,79467000,24695.1015625
2026-04-29 10:55:00-04:00,24691.900390625,24700.298828125,24687.35546875,24695.30859375,69261000,24691.900390625
2026-04-29 11:00:00-04:00,24674.71484375,24697.064453125,24671.466796875,24690.96875,76860000,24674.71484375
2026-04-29 11:05:00-04:00,24647.49609375,24680.5,24647.49609375,24674.451171875,66410000,24647.49609375
2026-04-29 11:10:00-04:00,24626.142578125,24647.572265625,24625.1953125,24644.140625,71981000,24626.142578125
2026-04-29 11:15:00-04:00,24645.970703125,24652.552734375,24618.994140625,24624.685546875,61883000,24645.970703125
2026-04-29 11:20:00-04:00,24656.021484375,24659.83984375,24647.6328125,24648.982421875,57699000,24656.021484375
2026-04-29 11:25:00-04:00,24665.8203125,24669.357421875,24651.876953125,24655.90625,53677000,24665.8203125
2026-04-29 11:30:00-04:00,24676.083984375,24677.609375,24660.419921875,24664.796875,58306000,24676.083984375
2026-04-29 11:35:00-04:00,24667.23828125,24682.48046875,24663.662109375,24680.404296875,51901000,24667.23828125
2026-04-29 11:40:00-04:00,24662.07421875,24672.98046875,24655.947265625,24667.853515625,50054000,24662.07421875
2026-04-29 11:45:00-04:00,24667.646484375,24678.927734375,24661.35546875,24661.904296875,53083000,24667.646484375
2026-04-29 11:50:00-04:00,24601.89453125,24671.34765625,24597.669921875,24668.39453125,65822000,24601.89453125
2026-04-29 11:55:00-04:00,24622.765625,24625.8515625,24596.38671875,24607.546875,56795000,24622.765625
2026-04-29 12:00:00-04:00,24630.27734375,24635.0625,24617.35546875,24623.330078125,59966000,24630.27734375
2026-04-29 12:05:00-04:00,24631.908203125,24642.400390625,24626.623046875,24630.142578125,41022000,24631.908203125
2026-04-29 12:10:00-04:00,24624.466796875,24643.1171875,24624.18359375,24631.35546875,46511000,24624.466796875
2026-04-29 12:15:00-04:00,24590.140625,24631.333984375,24589.041015625,24624.201171875,41984000,24590.140625
2026-04-29 12:20:00-04:00,24601.970703125,24607.025390625,24586.287109375,24588.390625,36075000,24601.970703125
2026-04-29 12:25:00-04:00,24577.24609375,24604.29296875,24576.958984375,24601.767578125,43806000,24577.24609375
2026-04-29 12:30:00-04:00,24541.20703125,24572.94140625,24537.865234375,24572.94140625,53698000,24541.20703125
2026-04-29 12:35:00-04:00,24558.068359375,24558.068359375,24533.01171875,24541.310546875,53726000,24558.068359375
2026-04-29 12:40:00-04:00,24575.77734375,24578.490234375,24562.736328125,24562.736328125,46015000,24575.77734375
2026-04-29 12:45:00-04:00,24579.244140625,24580.744140625,24567.3203125,24575.234375,46457000,24579.244140625
2026-04-29 12:50:00-04:00,24575.677734375,24589.306640625,24572.373046875,24577.146484375,37773000,24575.677734375
2026-04-29 12:55:00-04:00,24569.52734375,24581.755859375,24560.017578125,24575.064453125,49951000,24569.52734375
2026-04-29 13:00:00-04:00,24562.7890625,24573.80078125,24552.162109375,24570.3046875,40581000,24562.7890625
2026-04-29 13:05:00-04:00,24579.908203125,24580.6640625,24561.265625,24563.48828125,44691000,24579.908203125
2026-04-29 13:10:00-04:00,24579.41796875,24590.291015625,24575.0234375,24580.994140625,36133000,24579.41796875
2026-04-29 13:15:00-04:00,24581.419921875,24588.634765625,24570.169921875,24579.349609375,37364000,24581.419921875
2026-04-29 13:20:00-04:00,24585.619140625,24599.435546875,24580.697265625,24580.697265625,41943000,24585.619140625
2026-04-29 13:25:00-04:00,24590.7109375,24590.7109375,24576.80859375,24584.8671875,37686000,24590.7109375
2026-04-29 13:30:00-04:00,24593.798828125,24604.7265625,24590.11328125,24595.412109375,36982000,24593.798828125
2026-04-29 13:35:00-04:00,24596.5703125,24599.396484375,24589.970703125,24594.052734375,43939000,24596.5703125
2026-04-29 13:40:00-04:00,24599.4609375,24599.57421875,24587.029296875,24596.640625,41440000,24599.4609375
2026-04-29 13:45:00-04:00,24615.28125,24619.556640625,24596.169921875,24600.0390625,49216000,24615.28125
2026-04-29 13:50:00-04:00,24610.2421875,24628.021484375,24607.59765625,24615.275390625,44383000,24610.2421875
2026-04-29 13:55:00-04:00,24618.564453125,24618.564453125,24607.955078125,24609.43359375,36744000,24618.564453125
2026-04-29 14:00:00-04:00,24575.865234375,24621.849609375,24573.294921875,24619.0703125,52519000,24575.865234375
2026-04-29 14:05:00-04:00,24551.685546875,24592.2421875,24549.61328125,24577.279296875,44491000,24551.685546875
2026-04-29 14:10:00-04:00,24566.947265625,24568.7734375,24536.673828125,24550.587890625,46572000,24566.947265625
2026-04-29 14:15:00-04:00,24593.447265625,24605.59375,24563.521484375,24565.826171875,55483000,24593.447265625
2026-04-29 14:20:00-04:00,24594.125,24604.8828125,24588.5234375,24592.8828125,39809000,24594.125
2026-04-29 14:25:00-04:00,24578.6015625,24594.19921875,24576.7421875,24594.19921875,47073000,24578.6015625
2026-04-29 14:30:00-04:00,24574.6875,24580.33984375,24554.685546875,24578.775390625,49233000,24574.6875
2026-04-29 14:35:00-04:00,24588.380859375,24623.203125,24573.990234375,24573.990234375,68936000,24588.380859375
2026-04-29 14:40:00-04:00,24565.578125,24589.291015625,24565.25,24587.8359375,45245000,24565.578125
2026-04-29 14:45:00-04:00,24605.56640625,24607.626953125,24553.953125,24565.001953125,52415000,24605.56640625
2026-04-29 14:50:00-04:00,24614.103515625,24627.0390625,24605.7578125,24605.7578125,49549000,24614.103515625
2026-04-29 14:55:00-04:00,24655.56640625,24657.3515625,24613.0,24613.970703125,55970000,24655.56640625
2026-04-29 15:00:00-04:00,24646.302734375,24663.4765625,24642.634765625,24655.486328125,65876000,24646.302734375
2026-04-29 15:05:00-04:00,24641.669921875,24647.50390625,24628.021484375,24639.029296875,52210000,24641.669921875
2026-04-29 15:10:00-04:00,24675.4453125,24675.4453125,24638.951171875,24641.486328125,57889000,24675.4453125
2026-04-29 15:15:00-04:00,24678.818359375,24689.1484375,24674.705078125,24674.705078125,61781000,24678.818359375
2026-04-29 15:20:00-04:00,24680.498046875,24681.46875,24664.501953125,24679.662109375,56074000,24680.498046875
2026-04-29 15:25:00-04:00,24671.580078125,24684.740234375,24670.93359375,24680.455078125,67650000,24671.580078125
2026-04-29 15:30:00-04:00,24643.2734375,24672.7265625,24635.43359375,24671.017578125,70899000,24643.2734375
2026-04-29 15:35:00-04:00,24655.744140625,24659.79296875,24636.5625,24643.474609375,70439000,24655.744140625
2026-04-29 15:40:00-04:00,24637.515625,24658.8515625,24635.626953125,24655.9140625,86193000,24637.515625
2026-04-29 15:45:00-04:00,24645.0625,24650.240234375,24640.703125,24641.2421875,77774000,24645.0625
2026-04-29 15:50:00-04:00,24656.0078125,24656.15625,24630.64453125,24631.3984375,157534000,24656.0078125
2026-04-29 15:55:00-04:00,24679.060546875,24679.060546875,24646.09765625,24649.517578125,161173000,24679.060546875
2026-04-30 09:30:00-04:00,24733.07421875,24843.41796875,24733.07421875,24843.41796875,0,24733.07421875
2026-04-30 09:35:00-04:00,24667.20703125,24736.939453125,24667.20703125,24728.552734375,134138323,24667.20703125
2026-04-30 09:40:00-04:00,24700.759765625,24701.90234375,24625.525390625,24667.580078125,128693452,24700.759765625
2026-04-30 09:45:00-04:00,24681.45703125,24711.689453125,24639.34375,24687.224609375,120212417,24681.45703125
2026-04-30 09:50:00-04:00,24592.123046875,24699.017578125,24592.123046875,24682.15625,111451641,24592.123046875
2026-04-30 09:55:00-04:00,24589.564453125,24599.138671875,24554.50390625,24592.357421875,108567000,24589.564453125
2026-04-30 10:00:00-04:00,24624.453125,24639.626953125,24585.4453125,24590.02734375,111996000,24624.453125
2026-04-30 10:05:00-04:00,24573.162109375,24635.8515625,24552.5546875,24623.365234375,103245000,24573.162109375
2026-04-30 10:10:00-04:00,24591.294921875,24603.939453125,24550.1484375,24572.287109375,100513000,24591.294921875
2026-04-30 10:15:00-04:00,24543.681640625,24581.65234375,24503.681640625,24579.431640625,111385000,24543.681640625
2026-04-30 10:20:00-04:00,24566.61328125,24584.0859375,24539.677734375,24539.677734375,85505000,24566.61328125
2026-04-30 10:25:00-04:00,24553.6328125,24566.3046875,24515.3046875,24562.732421875,93922000,24553.6328125
2026-04-30 10:30:00-04:00,24531.6953125,24590.396484375,24523.12890625,24541.984375,90187000,24531.6953125
2026-04-30 10:35:00-04:00,24492.02734375,24547.46875,24492.02734375,24537.1875,83946000,24492.02734375
2026-04-30 10:40:00-04:00,24568.728515625,24571.55859375,24496.166015625,24496.166015625,78969000,24568.728515625
2026-04-30 10:45:00-04:00,24598.83203125,24613.69921875,24567.3671875,24567.3671875,75588000,24598.83203125
2026-04-30 10:50:00-04:00,24658.275390625,24660.45703125,24586.853515625,24592.78515625,85313000,24658.275390625
2026-04-30 10:55:00-04:00,24678.796875,24692.64453125,24655.876953125,24655.876953125,73070000,24678.796875
2026-04-30 11:00:00-04:00,24697.607421875,24720.482421875,24679.19140625,24679.19140625,77505000,24697.607421875
2026-04-30 11:05:00-04:00,24718.431640625,24719.111328125,24673.90625,24689.677734375,68605000,24718.431640625
2026-04-30 11:10:00-04:00,24725.681640625,24730.150390625,24703.1484375,24723.28125,70468000,24725.681640625
2026-04-30 11:15:00-04:00,24715.09765625,24732.5,24707.99609375,24723.744140625,66321000,24715.09765625
2026-04-30 11:20:00-04:00,24708.1875,24718.61328125,24691.923828125,24716.77734375,71214000,24708.1875
2026-04-30 11:25:00-04:00,24711.82421875,24718.3671875,24699.826171875,24707.30859375,67994000,24711.82421875
2026-04-30 11:30:00-04:00,24709.9765625,24739.6953125,24708.998046875,24712.35546875,67336000,24709.9765625
2026-04-30 11:35:00-04:00,24672.03125,24700.8671875,24665.203125,24700.84765625,54974000,24672.03125
2026-04-30 11:40:00-04:00,24673.181640625,24677.48046875,24659.42578125,24671.99609375,52271000,24673.181640625
2026-04-30 11:45:00-04:00,24679.1484375,24679.1484375,24643.005859375,24669.748046875,55363000,24679.1484375
2026-04-30 11:50:00-04:00,24710.876953125,24714.0703125,24681.025390625,24681.025390625,55084000,24710.876953125
2026-04-30 11:55:00-04:00,24697.517578125,24722.638671875,24697.517578125,24710.666015625,53960000,24697.517578125
2026-04-30 12:00:00-04:00,24693.73046875,24701.45703125,24670.875,24688.720703125,50689000,24693.73046875
2026-04-30 12:05:00-04:00,24698.865234375,24715.87109375,24692.873046875,24693.271484375,49810000,24698.865234375
2026-04-30 12:10:00-04:00,24742.244140625,24742.244140625,24695.525390625,24698.8828125,54698000,24742.244140625
2026-04-30 12:15:00-04:00,24742.158203125,24743.36328125,24723.984375,24743.359375,54676000,24742.158203125
2026-04-30 12:20:00-04:00,24718.107421875,24745.28515625,24718.107421875,24741.74609375,53587000,24718.107421875
2026-04-30 12:25:00-04:00,24721.193359375,24722.828125,24706.263671875,24715.07421875,51074000,24721.193359375
2026-04-30 12:30:00-04:00,24726.998046875,24735.802734375,24721.33984375,24722.35546875,46235000,24726.998046875
2026-04-30 12:35:00-04:00,24729.392578125,24730.265625,24715.984375,24727.236328125,47982000,24729.392578125
2026-04-30 12:40:00-04:00,24703.75390625,24730.607421875,24703.724609375,24730.607421875,47031000,24703.75390625
2026-04-30 12:45:00-04:00,24712.015625,24714.8359375,24694.552734375,24703.05859375,50574000,24712.015625
2026-04-30 12:50:00-04:00,24689.09375,24711.849609375,24679.302734375,24711.849609375,52462000,24689.09375
2026-04-30 12:55:00-04:00,24684.125,24689.556640625,24668.5,24686.21484375,40525000,24684.125
2026-04-30 13:00:00-04:00,24730.876953125,24734.453125,24685.1953125,24685.1953125,49594000,24730.876953125
2026-04-30 13:05:00-04:00,24747.595703125,24748.908203125,24726.63671875,24731.755859375,42882000,24747.595703125
2026-04-30 13:10:00-04:00,24766.158203125,24768.861328125,24744.63671875,24745.576171875,46891000,24766.158203125
2026-04-30 13:15:00-04:00,24756.2265625,24764.2578125,24747.994140625,24762.443359375,38920000,24756.2265625
2026-04-30 13:20:00-04:00,24768.234375,24768.912109375,24749.111328125,24756.38671875,45310000,24768.234375
2026-04-30 13:25:00-04:00,24782.119140625,24782.119140625,24762.06640625,24765.947265625,34891000,24782.119140625
2026-04-30 13:30:00-04:00,24804.69921875,24813.33984375,24782.140625,24782.140625,52440000,24804.69921875
2026-04-30 13:35:00-04:00,24816.474609375,24816.474609375,24799.80078125,24803.84765625,45647000,24816.474609375
2026-04-30 13:40:00-04:00,24807.626953125,24815.09375,24802.802734375,24815.052734375,39889000,24807.626953125
2026-04-30 13:45:00-04:00,24821.26171875,24828.447265625,24807.14453125,24807.14453125,40494000,24821.26171875
2026-04-30 13:50:00-04:00,24825.392578125,24829.994140625,24818.267578125,24820.15625,42617000,24825.392578125
2026-04-30 13:55:00-04:00,24852.791015625,24853.4453125,24824.60546875,24825.044921875,44499000,24852.791015625
2026-04-30 14:00:00-04:00,24886.0859375,24893.13671875,24851.41015625,24851.41015625,52285000,24886.0859375
2026-04-30 14:05:00-04:00,24866.345703125,24889.015625,24862.076171875,24883.97265625,43202000,24866.345703125
2026-04-30 14:10:00-04:00,24876.2421875,24877.4375,24859.65625,24865.115234375,44313000,24876.2421875
2026-04-30 14:15:00-04:00,24876.302734375,24890.607421875,24874.39453125,24876.7109375,45541000,24876.302734375
2026-04-30 14:20:00-04:00,24867.255859375,24879.01171875,24866.3359375,24876.25390625,54212000,24867.255859375
2026-04-30 14:25:00-04:00,24880.017578125,24880.1640625,24864.92578125,24866.43359375,48537000,24880.017578125
2026-04-30 14:30:00-04:00,24888.576171875,24891.359375,24878.361328125,24878.361328125,47308000,24888.576171875
2026-04-30 14:35:00-04:00,24896.935546875,24902.73828125,24889.0859375,24889.939453125,53872000,24896.935546875
2026-04-30 14:40:00-04:00,24897.904296875,24905.4453125,24895.37890625,24896.67578125,43572000,24897.904296875
2026-04-30 14:45:00-04:00,24893.576171875,24903.310546875,24893.576171875,24898.89453125,54695000,24893.576171875
2026-04-30 14:50:00-04:00,24891.833984375,24897.6171875,24885.609375,24893.31640625,47448000,24891.833984375
2026-04-30 14:55:00-04:00,24879.837890625,24894.17578125,24873.826171875,24889.255859375,58315000,24879.837890625
2026-04-30 15:00:00-04:00,24891.681640625,24893.580078125,24872.634765625,24879.142578125,65624000,24891.681640625
2026-04-30 15:05:00-04:00,24904.380859375,24906.58984375,24888.884765625,24892.87890625,54244000,24904.380859375
2026-04-30 15:10:00-04:00,24921.01171875,24921.01171875,24905.912109375,24905.912109375,54763000,24921.01171875
2026-04-30 15:15:00-04:00,24916.693359375,24923.4765625,24913.583984375,24921.107421875,70292000,24916.693359375
2026-04-30 15:20:00-04:00,24923.451171875,24923.451171875,24911.21484375,24913.65625,52138000,24923.451171875
2026-04-30 15:25:00-04:00,24914.115234375,24924.259765625,24911.908203125,24923.99609375,62418000,24914.115234375
2026-04-30 15:30:00-04:00,24912.15234375,24913.640625,24903.755859375,24911.650390625,90632000,24912.15234375
2026-04-30 15:35:00-04:00,24920.896484375,24922.130859375,24903.615234375,24912.271484375,66816000,24920.896484375
2026-04-30 15:40:00-04:00,24931.744140625,24934.251953125,24907.34765625,24919.359375,74960000,24931.744140625
2026-04-30 15:45:00-04:00,24924.296875,24935.384765625,24917.63671875,24931.673828125,97935000,24924.296875
2026-04-30 15:50:00-04:00,24907.087890625,24922.53515625,24891.2578125,24914.662109375,142272000,24907.087890625
2026-04-30 15:55:00-04:00,24897.5234375,24925.923828125,24886.68359375,24892.814453125,163674000,24897.5234375
2026-05-01 09:30:00-04:00,25064.373046875,25072.146484375,24967.671875,24967.671875,0,25064.373046875
2026-05-01 09:35:00-04:00,25069.2265625,25074.640625,25038.01953125,25066.9296875,158272137,25069.2265625
2026-05-01 09:40:00-04:00,25077.7265625,25097.560546875,25062.603515625,25078.88671875,133251525,25077.7265625
2026-05-01 09:45:00-04:00,25075.818359375,25077.107421875,25049.16015625,25077.107421875,125173200,25075.818359375
2026-05-01 09:50:00-04:00,25085.2890625,25096.419921875,25046.623046875,25073.88671875,121466000,25085.2890625
2026-05-01 09:55:00-04:00,25142.177734375,25142.177734375,25085.130859375,25085.130859375,112361000,25142.177734375
2026-05-01 10:00:00-04:00,25163.8671875,25174.04296875,25139.640625,25150.1171875,113888000,25163.8671875
2026-05-01 10:05:00-04:00,25168.978515625,25175.669921875,25136.298828125,25162.615234375,99704000,25168.978515625
2026-05-01 10:10:00-04:00,25182.501953125,25194.07421875,25159.013671875,25169.90234375,95761000,25182.501953125
2026-05-01 10:15:00-04:00,25167.73828125,25179.408203125,25155.275390625,25176.927734375,93003000,25167.73828125
2026-05-01 10:20:00-04:00,25175.8828125,25197.005859375,25174.177734375,25174.177734375,81920000,25175.8828125
2026-05-01 10:25:00-04:00,25167.67578125,25176.779296875,25162.892578125,25170.798828125,76425000,25167.67578125
2026-05-01 10:30:00-04:00,25092.064453125,25166.8203125,25092.064453125,25166.8203125,93831000,25092.064453125
2026-05-01 10:35:00-04:00,25086.591796875,25100.181640625,25053.189453125,25096.44140625,82780000,25086.591796875
2026-05-01 10:40:00-04:00,25116.888671875,25124.91015625,25078.904296875,25090.107421875,69921000,25116.888671875
2026-05-01 10:45:00-04:00,25134.001953125,25135.3828125,25107.142578125,25110.921875,63920000,25134.001953125
2026-05-01 10:50:00-04:00,25133.125,25140.69921875,25104.39453125,25131.791015625,66356000,25133.125
2026-05-01 10:55:00-04:00,25130.630859375,25147.908203125,25125.24609375,25129.3515625,75838000,25130.630859375
2026-05-01 11:00:00-04:00,25108.900390625,25124.44140625,25084.341796875,25120.888671875,84399000,25108.900390625
2026-05-01 11:05:00-04:00,25107.892578125,25112.7109375,25093.9609375,25104.787109375,65633000,25107.892578125
2026-05-01 11:10:00-04:00,25139.220703125,25139.220703125,25100.51171875,25108.9140625,71794000,25139.220703125
2026-05-01 11:15:00-04:00,25148.681640625,25149.841796875,25132.880859375,25142.943359375,62615000,25148.681640625
2026-05-01 11:20:00-04:00,25158.34765625,25168.16796875,25150.232421875,25150.232421875,62336000,25158.34765625
2026-05-01 11:25:00-04:00,25164.279296875,25166.966796875,25150.271484375,25161.1640625,54455000,25164.279296875
2026-05-01 11:30:00-04:00,25167.56640625,25175.2109375,25156.4765625,25163.896484375,58408000,25167.56640625
2026-05-01 11:35:00-04:00,25197.92578125,25201.373046875,25164.681640625,25165.1953125,62104000,25197.92578125
2026-05-01 11:40:00-04:00,25200.658203125,25202.482421875,25195.9296875,25196.091796875,54698000,25200.658203125
2026-05-01 11:45:00-04:00,25218.35546875,25220.349609375,25196.38671875,25201.3671875,54357000,25218.35546875
2026-05-01 11:50:00-04:00,25179.19921875,25223.1171875,25160.255859375,25218.640625,66422000,25179.19921875
2026-05-01 11:55:00-04:00,25185.853515625,25200.4921875,25179.447265625,25183.501953125,47552000,25185.853515625
2026-05-01 12:00:00-04:00,25182.64453125,25193.779296875,25179.4765625,25186.234375,50167000,25182.64453125
2026-05-01 12:05:00-04:00,25141.099609375,25186.380859375,25139.697265625,25183.50390625,52532000,25141.099609375
2026-05-01 12:10:00-04:00,25146.3671875,25158.21875,25137.26953125,25138.91796875,46858000,25146.3671875
2026-05-01 12:15:00-04:00,25167.072265625,25167.072265625,25145.5703125,25145.703125,46861000,25167.072265625
2026-05-01 12:20:00-04:00,25151.697265625,25175.59375,25138.478515625,25167.142578125,59861000,25151.697265625
2026-05-01 12:25:00-04:00,25137.884765625,25153.0546875,25124.298828125,25153.0546875,44271000,25137.884765625
2026-05-01 12:30:00-04:00,25132.591796875,25143.337890625,25117.74609375,25135.05078125,46067000,25132.591796875
2026-05-01 12:35:00-04:00,25141.48046875,25144.005859375,25126.599609375,25131.93359375,40868000,25141.48046875
2026-05-01 12:40:00-04:00,25118.90234375,25144.3046875,25118.90234375,25140.8359375,44894000,25118.90234375
2026-05-01 12:45:00-04:00,25113.1796875,25125.857421875,25103.365234375,25116.435546875,41497000,25113.1796875
2026-05-01 12:50:00-04:00,25137.490234375,25140.9375,25108.35546875,25113.302734375,45858000,25137.490234375
2026-05-01 12:55:00-04:00,25133.181640625,25151.8984375,25132.96484375,25138.03125,50110000,25133.181640625
2026-05-01 13:00:00-04:00,25141.220703125,25147.7421875,25131.982421875,25131.982421875,45949000,25141.220703125
2026-05-01 13:05:00-04:00,25143.734375,25150.33984375,25140.146484375,25140.4453125,48230000,25143.734375
2026-05-01 13:10:00-04:00,25157.904296875,25157.904296875,25145.310546875,25145.310546875,39055000,25157.904296875
2026-05-01 13:15:00-04:00,25176.955078125,25176.955078125,25157.201171875,25157.201171875,48779000,25176.955078125
2026-05-01 13:20:00-04:00,25179.447265625,25187.62890625,25174.814453125,25178.3359375,43973000,25179.447265625
2026-05-01 13:25:00-04:00,25186.455078125,25186.455078125,25175.181640625,25179.373046875,41355000,25186.455078125
2026-05-01 13:30:00-04:00,25175.71875,25188.560546875,25175.431640625,25187.09375,41815000,25175.71875
2026-05-01 13:35:00-04:00,25174.287109375,25176.263671875,25166.677734375,25175.513671875,50352000,25174.287109375
2026-05-01 13:40:00-04:00,25180.7578125,25183.765625,25175.6640625,25177.125,36589000,25180.7578125
2026-05-01 13:45:00-04:00,25177.505859375,25183.1953125,25173.873046875,25182.6015625,43434000,25177.505859375
2026-05-01 13:50:00-04:00,25176.435546875,25185.091796875,25169.6640625,25177.3828125,45634000,25176.435546875
2026-05-01 13:55:00-04:00,25174.408203125,25182.373046875,25173.8359375,25176.494140625,37950000,25174.408203125
2026-05-01 14:00:00-04:00,25160.015625,25178.21484375,25157.689453125,25175.75390625,44992000,25160.015625
2026-05-01 14:05:00-04:00,25167.2890625,25168.6328125,25148.87890625,25160.453125,44716000,25167.2890625
2026-05-01 14:10:00-04:00,25141.5703125,25167.958984375,25140.7265625,25167.826171875,50399000,25141.5703125
2026-05-01 14:15:00-04:00,25145.38671875,25148.95703125,25131.970703125,25141.53515625,51583000,25145.38671875
2026-05-01 14:20:00-04:00,25159.28515625,25159.376953125,25142.111328125,25146.09375,41537000,25159.28515625
2026-05-01 14:25:00-04:00,25161.439453125,25161.439453125,25149.240234375,25160.41796875,45047000,25161.439453125
2026-05-01 14:30:00-04:00,25137.736328125,25160.091796875,25137.013671875,25160.091796875,50915000,25137.736328125
2026-05-01 14:35:00-04:00,25126.953125,25137.732421875,25124.646484375,25137.732421875,39594000,25126.953125
2026-05-01 14:40:00-04:00,25115.130859375,25127.90625,25109.537109375,25126.84765625,41964000,25115.130859375
2026-05-01 14:45:00-04:00,25100.8671875,25116.453125,25093.755859375,25115.6484375,52025000,25100.8671875
2026-05-01 14:50:00-04:00,25101.216796875,25108.8203125,25093.080078125,25103.251953125,41233000,25101.216796875
2026-05-01 14:55:00-04:00,25110.396484375,25112.173828125,25099.5625,25101.30078125,53250000,25110.396484375
2026-05-01 15:00:00-04:00,25127.76171875,25131.7265625,25106.64453125,25108.875,48192000,25127.76171875
2026-05-01 15:05:00-04:00,25139.8359375,25140.4921875,25127.91796875,25127.91796875,51537000,25139.8359375
2026-05-01 15:10:00-04:00,25151.9609375,25153.720703125,25134.6328125,25139.84765625,60956000,25151.9609375
2026-05-01 15:15:00-04:00,25149.02734375,25157.283203125,25147.212890625,25152.447265625,51814000,25149.02734375
2026-05-01 15:20:00-04:00,25156.52734375,25157.91015625,25145.568359375,25149.693359375,58003000,25156.52734375
2026-05-01 15:25:00-04:00,25174.6015625,25175.302734375,25156.89453125,25156.89453125,60679000,25174.6015625
2026-05-01 15:30:00-04:00,25166.9609375,25177.7109375,25156.134765625,25174.84375,75683000,25166.9609375
2026-05-01 15:35:00-04:00,25161.21875,25166.564453125,25151.45703125,25166.564453125,63198000,25161.21875
2026-05-01 15:40:00-04:00,25157.013671875,25166.76171875,25150.513671875,25161.654296875,69520000,25157.013671875
2026-05-01 15:45:00-04:00,25147.626953125,25159.474609375,25143.32421875,25157.037109375,85079000,25147.626953125
2026-05-01 15:50:00-04:00,25122.818359375,25155.689453125,25114.662109375,25155.689453125,128126000,25122.818359375
2026-05-01 15:55:00-04:00,25109.98046875,25120.544921875,25107.943359375,25107.943359375,170394000,25109.98046875
2026-05-04 09:30:00-04:00,25124.470703125,25140.029296875,25088.3046875,25126.466796875,0,25124.470703125
2026-05-04 09:35:00-04:00,25120.87890625,25151.19140625,25110.41796875,25121.5859375,154626188,25120.87890625
2026-05-04 09:40:00-04:00,25126.27734375,25163.66015625,25117.203125,25117.203125,136346000,25126.27734375
2026-05-04 09:45:00-04:00,25143.64453125,25162.056640625,25124.03125,25124.03125,133349000,25143.64453125
2026-05-04 09:50:00-04:00,25128.9609375,25151.845703125,25113.095703125,25135.6796875,115040000,25128.9609375
2026-05-04 09:55:00-04:00,25137.40625,25145.25390625,25100.3984375,25123.369140625,106296000,25137.40625
2026-05-04 10:00:00-04:00,25116.46875,25142.921875,25116.46875,25139.931640625,99085000,25116.46875
2026-05-04 10:05:00-04:00,25105.037109375,25136.775390625,25100.166015625,25112.255859375,104895000,25105.037109375
2026-05-04 10:10:00-04:00,25147.044921875,25155.318359375,25104.716796875,25104.716796875,101908000,25147.044921875
2026-05-04 10:15:00-04:00,25162.71484375,25162.75,25142.119140625,25144.59375,101114000,25162.71484375
2026-05-04 10:20:00-04:00,25155.427734375,25166.701171875,25148.6953125,25164.578125,86540000,25155.427734375
2026-05-04 10:25:00-04:00,25131.103515625,25159.97265625,25126.376953125,25153.2265625,86399000,25131.103515625
2026-05-04 10:30:00-04:00,25157.634765625,25165.689453125,25126.166015625,25127.73046875,87513000,25157.634765625
2026-05-04 10:35:00-04:00,25176.57421875,25181.87890625,25150.23828125,25157.75,85969000,25176.57421875
2026-05-04 10:40:00-04:00,25193.251953125,25197.638671875,25178.5703125,25178.6875,80433000,25193.251953125
2026-05-04 10:45:00-04:00,25197.591796875,25205.841796875,25193.1484375,25195.71484375,77106000,25197.591796875
2026-05-04 10:50:00-04:00,25200.22265625,25209.892578125,25195.123046875,25197.11328125,77357000,25200.22265625
2026-05-04 10:55:00-04:00,25150.923828125,25206.650390625,25147.1953125,25202.880859375,82606000,25150.923828125
2026-05-04 11:00:00-04:00,25170.6171875,25180.685546875,25123.853515625,25141.623046875,82026000,25170.6171875
2026-05-04 11:05:00-04:00,25166.166015625,25177.30859375,25151.599609375,25164.541015625,70504000,25166.166015625
2026-05-04 11:10:00-04:00,25130.71875,25166.884765625,25120.83984375,25163.640625,66487000,25130.71875
2026-05-04 11:15:00-04:00,25066.298828125,25143.259765625,25066.298828125,25127.568359375,81923000,25066.298828125
2026-05-04 11:20:00-04:00,25011.69140625,25062.76953125,24996.77734375,25061.244140625,99838000,25011.69140625
2026-05-04 11:25:00-04:00,25051.130859375,25065.314453125,25014.40234375,25014.40234375,74849000,25051.130859375
2026-05-04 11:30:00-04:00,25035.48046875,25058.296875,25008.79296875,25055.173828125,66168000,25035.48046875
2026-05-04 11:35:00-04:00,25012.357421875,25035.869140625,24994.447265625,25030.681640625,67096000,25012.357421875
2026-05-04 11:40:00-04:00,25038.943359375,25039.998046875,24978.501953125,25009.419921875,69595000,25038.943359375
2026-05-04 11:45:00-04:00,25015.265625,25038.4375,25012.130859375,25036.705078125,57337000,25015.265625
2026-05-04 11:50:00-04:00,25036.626953125,25036.626953125,24986.380859375,25013.953125,66255000,25036.626953125
2026-05-04 11:55:00-04:00,25014.927734375,25046.15234375,25014.115234375,25040.69140625,49045000,25014.927734375
2026-05-04 12:00:00-04:00,25001.24609375,25018.482421875,24989.44921875,25014.986328125,53756000,25001.24609375
2026-05-04 12:05:00-04:00,24948.560546875,25004.01953125,24916.623046875,25004.01953125,74654000,24948.560546875
2026-05-04 12:10:00-04:00,24950.224609375,24969.671875,24925.703125,24947.693359375,56504000,24950.224609375
2026-05-04 12:15:00-04:00,24996.556640625,25013.080078125,24918.125,24945.1015625,60645000,24996.556640625
2026-05-04 12:20:00-04:00,25008.2734375,25019.009765625,24994.1328125,25001.1953125,52499000,25008.2734375
2026-05-04 12:25:00-04:00,24998.083984375,25024.615234375,24992.4375,25008.080078125,45454000,24998.083984375
2026-05-04 12:30:00-04:00,25018.00390625,25022.482421875,24992.48828125,24998.01171875,48053000,25018.00390625
2026-05-04 12:35:00-04:00,24992.1796875,25020.326171875,24986.349609375,25020.326171875,44269000,24992.1796875
2026-05-04 12:40:00-04:00,25010.130859375,25022.2109375,24993.552734375,24994.287109375,41299000,25010.130859375
2026-05-04 12:45:00-04:00,25008.708984375,25012.74609375,24997.833984375,25009.15625,43823000,25008.708984375
2026-05-04 12:50:00-04:00,24997.787109375,25010.966796875,24987.009765625,25009.716796875,44561000,24997.787109375
2026-05-04 12:55:00-04:00,25001.853515625,25009.2578125,24996.4375,25000.34375,49322000,25001.853515625
2026-05-04 13:00:00-04:00,25026.078125,25026.078125,25001.28125,25008.505859375,38976000,25026.078125
2026-05-04 13:05:00-04:00,25033.1015625,25039.59765625,25025.140625,25026.716796875,39278000,25033.1015625
2026-05-04 13:10:00-04:00,25036.96484375,25041.974609375,25022.56640625,25034.99609375,38905000,25036.96484375
2026-05-04 13:15:00-04:00,25076.107421875,25079.67578125,25033.474609375,25035.63671875,51008000,25076.107421875
2026-05-04 13:20:00-04:00,25081.998046875,25087.427734375,25074.732421875,25076.93359375,45895000,25081.998046875
2026-05-04 13:25:00-04:00,25076.22265625,25083.8515625,25069.734375,25082.56640625,39669000,25076.22265625
2026-05-04 13:30:00-04:00,25060.140625,25079.060546875,25060.140625,25076.5078125,37290000,25060.140625
2026-05-04 13:35:00-04:00,25063.60546875,25063.7734375,25045.44921875,25061.12109375,44834000,25063.60546875
2026-05-04 13:40:00-04:00,25071.9453125,25073.869140625,25057.759765625,25063.931640625,41327000,25071.9453125
2026-05-04 13:45:00-04:00,25072.55078125,25073.408203125,25064.30078125,25072.560546875,37239000,25072.55078125
2026-05-04 13:50:00-04:00,25083.345703125,25087.51953125,25069.6953125,25070.6640625,42103000,25083.345703125
2026-05-04 13:55:00-04:00,25088.234375,25096.486328125,25082.919921875,25082.919921875,39088000,25088.234375
2026-05-04 14:00:00-04:00,25105.03125,25107.58984375,25087.115234375,25087.115234375,49213000,25105.03125
2026-05-04 14:05:00-04:00,25095.419921875,25112.31640625,25093.767578125,25105.486328125,46804000,25095.419921875
2026-05-04 14:10:00-04:00,25086.701171875,25100.16015625,25086.701171875,25095.068359375,40098000,25086.701171875
2026-05-04 14:15:00-04:00,25075.703125,25086.8046875,25074.005859375,25085.548828125,40303000,25075.703125
2026-05-04 14:20:00-04:00,25065.90234375,25076.931640625,25058.29296875,25075.697265625,41454000,25065.90234375
2026-05-04 14:25:00-04:00,25072.587890625,25073.203125,25040.69140625,25064.197265625,45926000,25072.587890625
2026-05-04 14:30:00-04:00,25061.5546875,25074.982421875,25055.326171875,25072.296875,47528000,25061.5546875
2026-05-04 14:35:00-04:00,25053.13671875,25060.162109375,25045.869140625,25059.849609375,30977000,25053.13671875
2026-05-04 14:40:00-04:00,25029.52734375,25057.138671875,25029.52734375,25052.865234375,41110000,25029.52734375
2026-05-04 14:45:00-04:00,25043.8515625,25044.12109375,25021.2734375,25027.673828125,40598000,25043.8515625
2026-05-04 14:50:00-04:00,25032.673828125,25051.404296875,25032.244140625,25045.216796875,50908000,25032.673828125
2026-05-04 14:55:00-04:00,25055.14453125,25061.529296875,25032.517578125,25032.517578125,47782000,25055.14453125
2026-05-04 15:00:00-04:00,25048.845703125,25060.1484375,25038.212890625,25056.65625,46993000,25048.845703125
2026-05-04 15:05:00-04:00,25070.525390625,25073.619140625,25039.185546875,25048.37890625,59925000,25070.525390625
2026-05-04 15:10:00-04:00,25070.478515625,25070.998046875,25062.21875,25070.390625,44228000,25070.478515625
2026-05-04 15:15:00-04:00,25066.466796875,25078.119140625,25065.99609375,25072.24609375,53720000,25066.466796875
2026-05-04 15:20:00-04:00,25064.6171875,25067.171875,25056.9453125,25067.171875,54754000,25064.6171875
2026-05-04 15:25:00-04:00,25073.36328125,25080.72265625,25053.869140625,25067.02734375,59347000,25073.36328125
2026-05-04 15:30:00-04:00,25083.826171875,25089.35546875,25074.42578125,25074.5078125,61586000,25083.826171875
2026-05-04 15:35:00-04:00,25076.787109375,25087.78515625,25075.17578125,25084.0078125,68345000,25076.787109375
2026-05-04 15:40:00-04:00,25070.58203125,25078.166015625,25065.0,25078.166015625,74752000,25070.58203125
2026-05-04 15:45:00-04:00,25080.375,25080.375,25060.904296875,25068.564453125,70405000,25080.375
2026-05-04 15:50:00-04:00,25052.75,25065.08984375,25047.259765625,25057.708984375,120055000,25052.75
2026-05-04 15:55:00-04:00,25070.2109375,25070.2109375,25046.509765625,25053.267578125,164891000,25070.2109375
2026-05-05 09:30:00-04:00,25280.4140625,25291.916015625,25217.16015625,25263.37109375,1032583000,25280.4140625
2026-05-05 09:35:00-04:00,25289.966796875,25308.55859375,25274.41796875,25280.22265625,162051000,25289.966796875
2026-05-05 09:40:00-04:00,25305.7890625,25317.505859375,25289.279296875,25290.947265625,152150000,25305.7890625
2026-05-05 09:45:00-04:00,25305.2578125,25334.8046875,25301.888671875,25311.81640625,138633000,25305.2578125
2026-05-05 09:50:00-04:00,25285.81640625,25333.8515625,25285.81640625,25304.796875,128498000,25285.81640625
2026-05-05 09:55:00-04:00,25267.634765625,25295.5078125,25267.634765625,25281.892578125,116439000,25267.634765625
2026-05-05 10:00:00-04:00,25299.83984375,25299.83984375,25251.7734375,25274.318359375,117263000,25299.83984375
2026-05-05 10:05:00-04:00,25304.76953125,25307.41796875,25291.201171875,25297.365234375,108890000,25304.76953125
2026-05-05 10:10:00-04:00,25251.451171875,25311.625,25248.859375,25302.642578125,111238000,25251.451171875
2026-05-05 10:15:00-04:00,25242.1015625,25272.498046875,25232.771484375,25242.853515625,105357000,25242.1015625
2026-05-05 10:20:00-04:00,25304.779296875,25306.859375,25241.71484375,25241.71484375,100007000,25304.779296875
2026-05-05 10:25:00-04:00,25314.318359375,25323.060546875,25305.671875,25305.671875,92886000,25314.318359375
2026-05-05 10:30:00-04:00,25318.390625,25320.134765625,25306.5234375,25317.486328125,105022000,25318.390625
2026-05-05 10:35:00-04:00,25293.2109375,25328.89453125,25292.76953125,25317.84765625,87966000,25293.2109375
2026-05-05 10:40:00-04:00,25285.357421875,25309.42578125,25285.357421875,25293.048828125,74212000,25285.357421875
2026-05-05 10:45:00-04:00,25289.982421875,25294.41015625,25272.357421875,25286.43359375,74621000,25289.982421875
2026-05-05 10:50:00-04:00,25285.865234375,25287.912109375,25267.271484375,25287.912109375,71771000,25285.865234375
2026-05-05 10:55:00-04:00,25290.435546875,25294.375,25282.6015625,25289.625,71438000,25290.435546875
2026-05-05 11:00:00-04:00,25305.9921875,25305.9921875,25277.255859375,25284.85546875,73597000,25305.9921875
2026-05-05 11:05:00-04:00,25303.056640625,25311.072265625,25297.044921875,25307.2890625,75401000,25303.056640625
2026-05-05 11:10:00-04:00,25314.763671875,25315.484375,25299.07421875,25301.546875,67054000,25314.763671875
2026-05-05 11:15:00-04:00,25305.470703125,25317.951171875,25304.154296875,25315.046875,64953000,25305.470703125
2026-05-05 11:20:00-04:00,25303.91796875,25315.578125,25302.2265625,25306.626953125,60348000,25303.91796875
2026-05-05 11:25:00-04:00,25310.744140625,25314.537109375,25298.951171875,25300.330078125,60814000,25310.744140625
2026-05-05 11:30:00-04:00,25301.28515625,25314.123046875,25295.5703125,25312.328125,63950000,25301.28515625
2026-05-05 11:35:00-04:00,25312.970703125,25320.0859375,25302.49609375,25303.095703125,59399000,25312.970703125
2026-05-05 11:40:00-04:00,25317.873046875,25319.75390625,25312.0859375,25314.6015625,56875000,25317.873046875
2026-05-05 11:45:00-04:00,25317.453125,25324.71484375,25316.033203125,25317.888671875,66527000,25317.453125
2026-05-05 11:50:00-04:00,25312.365234375,25319.958984375,25308.95703125,25317.134765625,60081000,25312.365234375
2026-05-05 11:55:00-04:00,25296.271484375,25308.427734375,25292.0390625,25307.84375,57016000,25296.271484375
2026-05-05 12:00:00-04:00,25306.8359375,25309.447265625,25291.30859375,25296.162109375,59384000,25306.8359375
2026-05-05 12:05:00-04:00,25311.453125,25315.25390625,25304.29296875,25308.353515625,49687000,25311.453125
2026-05-05 12:10:00-04:00,25317.322265625,25321.826171875,25312.1015625,25312.1015625,50747000,25317.322265625
2026-05-05 12:15:00-04:00,25315.826171875,25319.26171875,25307.5703125,25316.638671875,53510000,25315.826171875
2026-05-05 12:20:00-04:00,25319.798828125,25329.078125,25317.43359375,25317.43359375,53332000,25319.798828125
2026-05-05 12:25:00-04:00,25303.005859375,25323.15234375,25285.619140625,25318.798828125,48065000,25303.005859375
2026-05-05 12:30:00-04:00,25302.8125,25306.94140625,25294.58984375,25301.64453125,50470000,25302.8125
2026-05-05 12:35:00-04:00,25295.52734375,25314.615234375,25294.697265625,25302.037109375,48986000,25295.52734375
2026-05-05 12:40:00-04:00,25298.724609375,25300.013671875,25284.890625,25294.337890625,46060000,25298.724609375
2026-05-05 12:45:00-04:00,25307.1796875,25313.876953125,25296.0078125,25298.12109375,42405000,25307.1796875
2026-05-05 12:50:00-04:00,25303.55859375,25308.462890625,25296.486328125,25306.216796875,38349000,25303.55859375
2026-05-05 12:55:00-04:00,25299.2734375,25311.14453125,25298.1328125,25303.828125,43344000,25299.2734375
2026-05-05 13:00:00-04:00,25300.494140625,25305.5546875,25293.267578125,25299.5078125,45283000,25300.494140625
2026-05-05 13:05:00-04:00,25286.587890625,25300.263671875,25285.1640625,25299.3359375,44141000,25286.587890625
2026-05-05 13:10:00-04:00,25289.708984375,25292.884765625,25281.578125,25286.0078125,41372000,25289.708984375
2026-05-05 13:15:00-04:00,25304.837890625,25304.837890625,25289.94921875,25289.94921875,46479000,25304.837890625
2026-05-05 13:20:00-04:00,25300.978515625,25307.349609375,25296.75390625,25307.349609375,42597000,25300.978515625
2026-05-05 13:25:00-04:00,25315.181640625,25315.8203125,25300.658203125,25301.640625,46785000,25315.181640625
2026-05-05 13:30:00-04:00,25305.626953125,25319.833984375,25304.380859375,25315.34765625,49533000,25305.626953125
2026-05-05 13:35:00-04:00,25308.654296875,25319.0390625,25304.28515625,25305.45703125,41281000,25308.654296875
2026-05-05 13:40:00-04:00,25317.513671875,25321.34765625,25305.26171875,25308.48046875,44845000,25317.513671875
2026-05-05 13:45:00-04:00,25319.42578125,25321.724609375,25315.45703125,25318.798828125,37607000,25319.42578125
2026-05-05 13:50:00-04:00,25331.330078125,25334.703125,25318.349609375,25318.349609375,41991000,25331.330078125
2026-05-05 13:55:00-04:00,25328.3203125,25335.072265625,25326.982421875,25331.88671875,45548000,25328.3203125
2026-05-05 14:00:00-04:00,25341.662109375,25341.662109375,25324.97265625,25326.6953125,50625000,25341.662109375
2026-05-05 14:05:00-04:00,25338.99609375,25343.220703125,25336.96875,25340.640625,49733000,25338.99609375
2026-05-05 14:10:00-04:00,25352.20703125,25352.861328125,25338.265625,25338.9921875,44865000,25352.20703125
2026-05-05 14:15:00-04:00,25349.8984375,25353.810546875,25344.8984375,25351.48828125,45307000,25349.8984375
2026-05-05 14:20:00-04:00,25346.64453125,25357.80859375,25345.931640625,25350.27734375,44289000,25346.64453125
2026-05-05 14:25:00-04:00,25347.294921875,25352.802734375,25343.9453125,25346.61328125,50604000,25347.294921875
2026-05-05 14:30:00-04:00,25338.666015625,25350.59375,25338.130859375,25347.275390625,50874000,25338.666015625
2026-05-05 14:35:00-04:00,25341.1796875,25349.314453125,25338.44921875,25338.44921875,45842000,25341.1796875
2026-05-05 14:40:00-04:00,25345.20703125,25346.916015625,25340.30859375,25340.76171875,48919000,25345.20703125
2026-05-05 14:45:00-04:00,25345.390625,25353.1640625,25343.302734375,25345.041015625,46938000,25345.390625
2026-05-05 14:50:00-04:00,25330.654296875,25349.244140625,25324.00390625,25345.439453125,52021000,25330.654296875
2026-05-05 14:55:00-04:00,25336.87890625,25342.669921875,25329.48046875,25330.134765625,51031000,25336.87890625
2026-05-05 15:00:00-04:00,25338.203125,25342.9296875,25335.107421875,25337.83203125,60097000,25338.203125
2026-05-05 15:05:00-04:00,25349.603515625,25349.603515625,25337.86328125,25338.08203125,57578000,25349.603515625
2026-05-05 15:10:00-04:00,25349.353515625,25360.8515625,25348.51953125,25349.880859375,59272000,25349.353515625
2026-05-05 15:15:00-04:00,25355.109375,25357.203125,25343.294921875,25348.474609375,54608000,25355.109375
2026-05-05 15:20:00-04:00,25358.208984375,25359.07421875,25344.6796875,25356.216796875,57611000,25358.208984375
2026-05-05 15:25:00-04:00,25347.095703125,25359.826171875,25345.87890625,25357.05859375,64979000,25347.095703125
2026-05-05 15:30:00-04:00,25341.34375,25348.06640625,25340.029296875,25346.3828125,77708000,25341.34375
2026-05-05 15:35:00-04:00,25346.18359375,25347.6328125,25335.6796875,25340.328125,64830000,25346.18359375
2026-05-05 15:40:00-04:00,25344.875,25349.76953125,25337.01953125,25346.71484375,80153000,25344.875
2026-05-05 15:45:00-04:00,25338.173828125,25346.166015625,25337.419921875,25344.23828125,86520000,25338.173828125
2026-05-05 15:50:00-04:00,25314.10546875,25332.390625,25310.3203125,25330.259765625,128661000,25314.10546875
2026-05-05 15:55:00-04:00,25327.5,25328.740234375,25307.318359375,25309.26171875,161822000,25327.5
2026-05-06 09:30:00-04:00,25547.533203125,25553.083984375,25468.693359375,25492.150390625,269260955,25547.533203125
2026-05-06 09:35:00-04:00,25542.537109375,25561.0546875,25518.408203125,25550.17578125,220031102,25542.537109375
2026-05-06 09:40:00-04:00,25569.09375,25569.96484375,25538.416015625,25540.171875,148742000,25569.09375
2026-05-06 09:45:00-04:00,25574.0703125,25589.279296875,25561.162109375,25577.056640625,154482000,25574.0703125
2026-05-06 09:50:00-04:00,25605.580078125,25608.46484375,25528.763671875,25566.1640625,124272000,25605.580078125
2026-05-06 09:55:00-04:00,25590.017578125,25617.673828125,25580.009765625,25601.607421875,115808000,25590.017578125
2026-05-06 10:00:00-04:00,25555.22265625,25602.3984375,25553.90234375,25599.251953125,117433000,25555.22265625
2026-05-06 10:05:00-04:00,25603.357421875,25603.376953125,25532.525390625,25553.708984375,124905000,25603.357421875
2026-05-06 10:10:00-04:00,25629.75,25634.076171875,25600.619140625,25602.875,111921000,25629.75
2026-05-06 10:15:00-04:00,25569.39453125,25632.0078125,25569.39453125,25622.107421875,111305000,25569.39453125
2026-05-06 10:20:00-04:00,25594.115234375,25601.97265625,25571.234375,25571.234375,103471000,25594.115234375
2026-05-06 10:25:00-04:00,25591.94140625,25633.95703125,25590.009765625,25600.5,100482000,25591.94140625
2026-05-06 10:30:00-04:00,25642.341796875,25646.2265625,25592.390625,25594.955078125,92730000,25642.341796875
2026-05-06 10:35:00-04:00,25653.7578125,25657.126953125,25640.45703125,25646.5703125,87045000,25653.7578125
2026-05-06 10:40:00-04:00,25670.755859375,25673.041015625,25657.177734375,25661.384765625,88806000,25670.755859375
2026-05-06 10:45:00-04:00,25683.044921875,25683.119140625,25668.69140625,25677.193359375,80639000,25683.044921875
2026-05-06 10:50:00-04:00,25681.48828125,25684.93359375,25673.4453125,25683.3125,77232000,25681.48828125
2026-05-06 10:55:00-04:00,25672.974609375,25691.57421875,25670.70703125,25681.921875,75903000,25672.974609375
2026-05-06 11:00:00-04:00,25682.509765625,25694.830078125,25674.599609375,25677.34765625,78154000,25682.509765625
2026-05-06 11:05:00-04:00,25674.337890625,25694.123046875,25674.177734375,25683.484375,75313000,25674.337890625
2026-05-06 11:10:00-04:00,25658.37890625,25682.482421875,25645.857421875,25676.044921875,74891000,25658.37890625
2026-05-06 11:15:00-04:00,25692.419921875,25693.8203125,25657.845703125,25658.162109375,72692000,25692.419921875
2026-05-06 11:20:00-04:00,25699.017578125,25702.87109375,25688.826171875,25692.953125,66747000,25699.017578125
2026-05-06 11:25:00-04:00,25697.875,25708.779296875,25697.875,25701.640625,69521000,25697.875
2026-05-06 11:30:00-04:00,25702.490234375,25707.59765625,25693.380859375,25700.447265625,74567000,25702.490234375
2026-05-06 11:35:00-04:00,25686.892578125,25706.31640625,25682.68359375,25702.041015625,70380000,25686.892578125
2026-05-06 11:40:00-04:00,25695.513671875,25695.513671875,25664.79296875,25687.615234375,60955000,25695.513671875
2026-05-06 11:45:00-04:00,25692.841796875,25699.21484375,25682.984375,25692.15625,72212000,25692.841796875
2026-05-06 11:50:00-04:00,25702.095703125,25703.83203125,25685.158203125,25695.123046875,66592000,25702.095703125
2026-05-06 11:55:00-04:00,25700.0625,25705.990234375,25691.90234375,25703.0625,64606000,25700.0625
2026-05-06 12:00:00-04:00,25707.478515625,25711.97265625,25693.591796875,25696.04296875,64660000,25707.478515625
2026-05-06 12:05:00-04:00,25701.681640625,25713.001953125,25698.13671875,25708.166015625,62493000,25701.681640625
2026-05-06 12:10:00-04:00,25729.443359375,25731.47265625,25703.265625,25703.265625,60267000,25729.443359375
2026-05-06 12:15:00-04:00,25713.642578125,25732.416015625,25713.642578125,25729.037109375,60440000,25713.642578125
2026-05-06 12:20:00-04:00,25715.98046875,25718.796875,25711.740234375,25712.17578125,60563000,25715.98046875
2026-05-06 12:25:00-04:00,25722.23046875,25730.80859375,25720.046875,25720.41015625,60367000,25722.23046875
2026-05-06 12:30:00-04:00,25715.9609375,25724.080078125,25715.7734375,25722.43359375,55292000,25715.9609375
2026-05-06 12:35:00-04:00,25712.07421875,25714.86328125,25701.279296875,25714.16796875,60702000,25712.07421875
2026-05-06 12:40:00-04:00,25708.888671875,25720.451171875,25706.85546875,25712.279296875,45851000,25708.888671875
2026-05-06 12:45:00-04:00,25693.248046875,25712.3046875,25685.556640625,25710.37109375,58983000,25693.248046875
2026-05-06 12:50:00-04:00,25671.0078125,25698.958984375,25671.0078125,25692.7734375,48851000,25671.0078125
2026-05-06 12:55:00-04:00,25691.166015625,25691.166015625,25665.576171875,25668.798828125,57990000,25691.166015625
2026-05-06 13:00:00-04:00,25707.91796875,25708.560546875,25680.296875,25689.85546875,55241000,25707.91796875
2026-05-06 13:05:00-04:00,25713.275390625,25716.322265625,25708.1171875,25708.23046875,53946000,25713.275390625
2026-05-06 13:10:00-04:00,25727.984375,25732.62109375,25712.267578125,25712.267578125,58425000,25727.984375
2026-05-06 13:15:00-04:00,25733.755859375,25733.794921875,25718.63671875,25729.853515625,48215000,25733.755859375
2026-05-06 13:20:00-04:00,25728.654296875,25741.13671875,25726.23828125,25732.447265625,48629000,25728.654296875
2026-05-06 13:25:00-04:00,25728.705078125,25732.08203125,25722.90234375,25728.046875,56670000,25728.705078125
2026-05-06 13:30:00-04:00,25731.236328125,25736.419921875,25726.64453125,25726.806640625,48665000,25731.236328125
2026-05-06 13:35:00-04:00,25730.126953125,25747.84375,25729.3359375,25730.822265625,54242000,25730.126953125
2026-05-06 13:40:00-04:00,25742.611328125,25743.904296875,25726.119140625,25729.212890625,53701000,25742.611328125
2026-05-06 13:45:00-04:00,25736.345703125,25744.111328125,25730.18359375,25742.845703125,50418000,25736.345703125
2026-05-06 13:50:00-04:00,25739.86328125,25741.39453125,25728.720703125,25734.748046875,48753000,25739.86328125
2026-05-06 13:55:00-04:00,25736.52734375,25745.943359375,25735.333984375,25738.9609375,56270000,25736.52734375
2026-05-06 14:00:00-04:00,25736.443359375,25742.560546875,25732.896484375,25737.638671875,53601000,25736.443359375
2026-05-06 14:05:00-04:00,25753.01953125,25755.2578125,25736.115234375,25736.115234375,48387000,25753.01953125
2026-05-06 14:10:00-04:00,25756.447265625,25759.560546875,25744.537109375,25752.35546875,52165000,25756.447265625
2026-05-06 14:15:00-04:00,25769.66015625,25775.955078125,25755.66015625,25755.66015625,56585000,25769.66015625
2026-05-06 14:20:00-04:00,25770.16015625,25773.32421875,25766.044921875,25768.876953125,52031000,25770.16015625
2026-05-06 14:25:00-04:00,25772.857421875,25777.125,25765.599609375,25770.21875,52811000,25772.857421875
2026-05-06 14:30:00-04:00,25782.2109375,25782.2109375,25766.37890625,25772.970703125,54249000,25782.2109375
2026-05-06 14:35:00-04:00,25788.390625,25797.05859375,25782.595703125,25782.595703125,60146000,25788.390625
2026-05-06 14:40:00-04:00,25785.330078125,25793.822265625,25784.994140625,25789.45703125,52601000,25785.330078125
2026-05-06 14:45:00-04:00,25771.9375,25790.0390625,25768.833984375,25782.783203125,49186000,25771.9375
2026-05-06 14:50:00-04:00,25782.38671875,25783.228515625,25769.076171875,25770.001953125,54147000,25782.38671875
2026-05-06 14:55:00-04:00,25773.365234375,25784.826171875,25773.365234375,25782.822265625,57477000,25773.365234375
2026-05-06 15:00:00-04:00,25784.966796875,25789.4296875,25771.720703125,25772.17578125,62810000,25784.966796875
2026-05-06 15:05:00-04:00,25795.015625,25798.294921875,25779.208984375,25784.83203125,60270000,25795.015625
2026-05-06 15:10:00-04:00,25800.84765625,25803.07421875,25793.7421875,25793.9140625,67732000,25800.84765625
2026-05-06 15:15:00-04:00,25799.017578125,25806.068359375,25798.345703125,25802.13671875,73216000,25799.017578125
2026-05-06 15:20:00-04:00,25804.037109375,25810.833984375,25798.109375,25800.076171875,78938000,25804.037109375
2026-05-06 15:25:00-04:00,25808.900390625,25814.494140625,25800.6328125,25803.91796875,86704000,25808.900390625
2026-05-06 15:30:00-04:00,25795.8125,25806.7890625,25791.333984375,25806.7890625,84487000,25795.8125
2026-05-06 15:35:00-04:00,25809.556640625,25810.470703125,25793.41015625,25795.095703125,77937000,25809.556640625
2026-05-06 15:40:00-04:00,25795.583984375,25811.359375,25795.583984375,25808.962890625,98554000,25795.583984375
2026-05-06 15:45:00-04:00,25797.962890625,25806.84765625,25794.0703125,25794.0703125,107404000,25797.962890625
2026-05-06 15:50:00-04:00,25828.294921875,25832.212890625,25798.43359375,25798.43359375,148819000,25828.294921875
2026-05-06 15:55:00-04:00,25834.880859375,25850.060546875,25832.861328125,25835.8671875,193795000,25834.880859375
2026-05-07 09:30:00-04:00,25881.68359375,25895.416015625,25866.74609375,25876.29296875,0,25881.68359375
2026-05-07 09:35:00-04:00,25909.912109375,25909.912109375,25879.73046875,25884.5,172154405,25909.912109375
2026-05-07 09:40:00-04:00,25868.876953125,25920.53125,25868.876953125,25908.794921875,165259000,25868.876953125
2026-05-07 09:45:00-04:00,25864.1328125,25877.265625,25850.453125,25873.9921875,157250000,25864.1328125
2026-05-07 09:50:00-04:00,25899.548828125,25901.39453125,25859.490234375,25861.33203125,133556000,25899.548828125
2026-05-07 09:55:00-04:00,25897.220703125,25916.84765625,25891.892578125,25904.447265625,131850000,25897.220703125
2026-05-07 10:00:00-04:00,25933.55859375,25935.017578125,25898.517578125,25898.517578125,138464000,25933.55859375
2026-05-07 10:05:00-04:00,25947.83984375,25959.845703125,25924.98046875,25936.53125,117817000,25947.83984375
2026-05-07 10:10:00-04:00,25958.013671875,25969.685546875,25949.693359375,25953.009765625,108067000,25958.013671875
2026-05-07 10:15:00-04:00,25955.78125,25968.744140625,25940.353515625,25959.390625,112503000,25955.78125
2026-05-07 10:20:00-04:00,25967.712890625,25992.515625,25956.908203125,25956.908203125,110086000,25967.712890625
2026-05-07 10:25:00-04:00,25989.384765625,26000.03125,25967.384765625,25967.384765625,102420000,25989.384765625
2026-05-07 10:30:00-04:00,25974.48828125,25983.6328125,25966.861328125,25983.6328125,97136000,25974.48828125
2026-05-07 10:35:00-04:00,26011.97265625,26011.97265625,25974.689453125,25975.0078125,98317000,26011.97265625
2026-05-07 10:40:00-04:00,26002.40234375,26017.576171875,25996.103515625,26011.041015625,96136000,26002.40234375
2026-05-07 10:45:00-04:00,25988.40234375,26018.67578125,25981.951171875,26004.05078125,91856000,25988.40234375
2026-05-07 10:50:00-04:00,26018.232421875,26019.4609375,25985.021484375,25987.171875,89527000,26018.232421875
2026-05-07 10:55:00-04:00,26021.90234375,26036.25,26015.916015625,26019.55078125,84424000,26021.90234375
2026-05-07 11:00:00-04:00,26002.017578125,26021.248046875,25999.271484375,26021.248046875,92634000,26002.017578125
2026-05-07 11:05:00-04:00,25993.251953125,26000.75,25958.201171875,26000.05078125,89930000,25993.251953125
2026-05-07 11:10:00-04:00,25966.6484375,25994.591796875,25964.064453125,25993.275390625,85510000,25966.6484375
2026-05-07 11:15:00-04:00,25977.056640625,25986.958984375,25965.654296875,25965.654296875,80460000,25977.056640625
2026-05-07 11:20:00-04:00,25966.138671875,25983.6796875,25960.921875,25975.859375,80608000,25966.138671875
2026-05-07 11:25:00-04:00,25953.8203125,25977.638671875,25942.37890625,25966.236328125,75587000,25953.8203125
2026-05-07 11:30:00-04:00,25988.869140625,25989.890625,25958.921875,25958.921875,68577000,25988.869140625
2026-05-07 11:35:00-04:00,25982.84375,25994.447265625,25979.1640625,25979.1640625,59648000,25982.84375
2026-05-07 11:40:00-04:00,25983.9921875,25992.8984375,25965.849609375,25983.248046875,67781000,25983.9921875
2026-05-07 11:45:00-04:00,25962.888671875,25989.021484375,25962.888671875,25984.306640625,67827000,25962.888671875
2026-05-07 11:50:00-04:00,25957.212890625,25962.162109375,25937.69921875,25956.48046875,74205000,25957.212890625
2026-05-07 11:55:00-04:00,25907.37890625,25958.3203125,25900.974609375,25958.3203125,74173000,25907.37890625
2026-05-07 12:00:00-04:00,25884.666015625,25905.578125,25879.73046875,25905.578125,73823000,25884.666015625
2026-05-07 12:05:00-04:00,25868.349609375,25875.86328125,25845.80859375,25875.86328125,75604000,25868.349609375
2026-05-07 12:10:00-04:00,25833.0,25867.982421875,25825.376953125,25867.572265625,64546000,25833.0
2026-05-07 12:15:00-04:00,25790.064453125,25828.04296875,25782.26171875,25828.04296875,84328000,25790.064453125
2026-05-07 12:20:00-04:00,25837.373046875,25837.373046875,25782.267578125,25786.49609375,82909000,25837.373046875
2026-05-07 12:25:00-04:00,25872.919921875,25874.73046875,25837.3125,25837.3125,63951000,25872.919921875
2026-05-07 12:30:00-04:00,25888.1640625,25899.50390625,25867.025390625,25873.1171875,59825000,25888.1640625
2026-05-07 12:35:00-04:00,25846.79296875,25888.001953125,25845.80078125,25888.001953125,58687000,25846.79296875
2026-05-07 12:40:00-04:00,25849.375,25867.037109375,25835.509765625,25845.177734375,54032000,25849.375
2026-05-07 12:45:00-04:00,25836.50390625,25853.84375,25831.4453125,25847.962890625,48624000,25836.50390625
2026-05-07 12:50:00-04:00,25830.46484375,25836.162109375,25812.2265625,25835.8984375,56687000,25830.46484375
2026-05-07 12:55:00-04:00,25821.48828125,25837.25,25793.98828125,25832.005859375,60590000,25821.48828125
2026-05-07 13:00:00-04:00,25816.5546875,25831.107421875,25807.708984375,25824.845703125,48906000,25816.5546875
2026-05-07 13:05:00-04:00,25811.38671875,25837.689453125,25808.734375,25815.873046875,51172000,25811.38671875
2026-05-07 13:10:00-04:00,25802.953125,25815.330078125,25790.017578125,25812.873046875,67106000,25802.953125
2026-05-07 13:15:00-04:00,25768.900390625,25799.744140625,25756.23046875,25799.744140625,63975000,25768.900390625
2026-05-07 13:20:00-04:00,25813.505859375,25815.322265625,25757.083984375,25766.203125,69550000,25813.505859375
2026-05-07 13:25:00-04:00,25756.5078125,25825.060546875,25715.298828125,25815.205078125,77568000,25756.5078125
2026-05-07 13:30:00-04:00,25772.015625,25778.37890625,25742.33203125,25760.1015625,58103000,25772.015625
2026-05-07 13:35:00-04:00,25804.578125,25805.349609375,25762.705078125,25769.943359375,55972000,25804.578125
2026-05-07 13:40:00-04:00,25782.56640625,25818.5234375,25780.8359375,25804.1640625,49487000,25782.56640625
2026-05-07 13:45:00-04:00,25766.240234375,25787.59375,25760.6171875,25783.62109375,51077000,25766.240234375
2026-05-07 13:50:00-04:00,25764.7734375,25774.263671875,25752.806640625,25765.25390625,48009000,25764.7734375
2026-05-07 13:55:00-04:00,25830.330078125,25832.19140625,25766.240234375,25770.76171875,50149000,25830.330078125
2026-05-07 14:00:00-04:00,25820.236328125,25832.587890625,25813.798828125,25829.734375,51412000,25820.236328125
2026-05-07 14:05:00-04:00,25803.841796875,25846.40234375,25803.841796875,25821.46875,52086000,25803.841796875
2026-05-07 14:10:00-04:00,25813.734375,25824.189453125,25795.609375,25800.228515625,54990000,25813.734375
2026-05-07 14:15:00-04:00,25827.546875,25843.619140625,25812.875,25813.54296875,55762000,25827.546875
2026-05-07 14:20:00-04:00,25806.03515625,25837.28515625,25804.986328125,25828.455078125,51393000,25806.03515625
2026-05-07 14:25:00-04:00,25797.55078125,25811.25390625,25790.619140625,25804.916015625,68265000,25797.55078125
2026-05-07 14:30:00-04:00,25824.7890625,25828.658203125,25797.6015625,25798.07421875,50576000,25824.7890625
2026-05-07 14:35:00-04:00,25812.443359375,25830.70703125,25796.9609375,25825.79296875,45272000,25812.443359375
2026-05-07 14:40:00-04:00,25754.416015625,25814.671875,25748.16015625,25814.671875,54070000,25754.416015625
2026-05-07 14:45:00-04:00,25753.29296875,25772.912109375,25738.712890625,25754.654296875,57611000,25753.29296875
2026-05-07 14:50:00-04:00,25758.400390625,25763.80078125,25737.6875,25750.98046875,59069000,25758.400390625
2026-05-07 14:55:00-04:00,25786.91015625,25788.16796875,25748.033203125,25756.42578125,52275000,25786.91015625
2026-05-07 15:00:00-04:00,25766.072265625,25790.1328125,25761.65234375,25787.099609375,57342000,25766.072265625
2026-05-07 15:05:00-04:00,25759.40625,25774.990234375,25755.974609375,25766.00390625,57051000,25759.40625
2026-05-07 15:10:00-04:00,25787.2578125,25791.806640625,25757.130859375,25760.25390625,60234000,25787.2578125
2026-05-07 15:15:00-04:00,25754.955078125,25790.349609375,25746.875,25786.416015625,66122000,25754.955078125
2026-05-07 15:20:00-04:00,25738.26953125,25759.017578125,25737.111328125,25754.951171875,70135000,25738.26953125
2026-05-07 15:25:00-04:00,25753.486328125,25760.93359375,25731.4765625,25736.48828125,69433000,25753.486328125
2026-05-07 15:30:00-04:00,25776.119140625,25779.544921875,25751.041015625,25755.04296875,70511000,25776.119140625
2026-05-07 15:35:00-04:00,25800.169921875,25801.314453125,25772.7265625,25773.4765625,81375000,25800.169921875
2026-05-07 15:40:00-04:00,25799.6796875,25807.912109375,25791.044921875,25802.294921875,91683000,25799.6796875
2026-05-07 15:45:00-04:00,25793.466796875,25804.958984375,25787.720703125,25800.080078125,97153000,25793.466796875
2026-05-07 15:50:00-04:00,25778.939453125,25825.79296875,25777.568359375,25808.646484375,154128000,25778.939453125
2026-05-07 15:55:00-04:00,25806.640625,25812.3203125,25787.357421875,25787.357421875,190782000,25806.640625
2026-05-08 09:30:00-04:00,26025.484375,26025.484375,25944.9609375,25959.685546875,0,26025.484375
2026-05-08 09:35:00-04:00,26012.97265625,26034.02734375,26008.791015625,26023.685546875,212441732,26012.97265625
2026-05-08 09:40:00-04:00,26043.20703125,26046.01171875,26002.779296875,26015.359375,181192000,26043.20703125
2026-05-08 09:45:00-04:00,26100.0078125,26107.708984375,26061.6875,26062.01171875,159114000,26100.0078125
2026-05-08 09:50:00-04:00,26085.244140625,26111.171875,26078.19921875,26105.080078125,135870000,26085.244140625
2026-05-08 09:55:00-04:00,26118.103515625,26118.103515625,26075.66015625,26091.796875,132316000,26118.103515625
2026-05-08 10:00:00-04:00,26121.275390625,26131.595703125,26113.166015625,26131.185546875,127934000,26121.275390625
2026-05-08 10:05:00-04:00,26121.12890625,26127.384765625,26108.455078125,26125.552734375,124526000,26121.12890625
2026-05-08 10:10:00-04:00,26119.0234375,26127.7109375,26100.568359375,26115.333984375,125570000,26119.0234375
2026-05-08 10:15:00-04:00,26122.220703125,26129.5546875,26100.89453125,26114.1171875,116861000,26122.220703125
2026-05-08 10:20:00-04:00,26143.962890625,26148.30859375,26119.3671875,26122.62109375,113747000,26143.962890625
2026-05-08 10:25:00-04:00,26097.66796875,26155.435546875,26097.66796875,26148.017578125,101611000,26097.66796875
2026-05-08 10:30:00-04:00,26103.359375,26115.7890625,26078.296875,26101.369140625,107589000,26103.359375
2026-05-08 10:35:00-04:00,26103.16796875,26103.21484375,26067.443359375,26102.078125,96819000,26103.16796875
2026-05-08 10:40:00-04:00,26122.314453125,26123.234375,26089.87109375,26104.25,86463000,26122.314453125
2026-05-08 10:45:00-04:00,26132.052734375,26135.05859375,26112.810546875,26123.095703125,86924000,26132.052734375
2026-05-08 10:50:00-04:00,26144.765625,26144.765625,26125.318359375,26135.7421875,98773000,26144.765625
2026-05-08 10:55:00-04:00,26141.87890625,26154.416015625,26141.396484375,26146.513671875,96116000,26141.87890625
2026-05-08 11:00:00-04:00,26148.701171875,26156.826171875,26138.427734375,26138.427734375,93780000,26148.701171875
2026-05-08 11:05:00-04:00,26140.248046875,26157.8984375,26140.248046875,26150.072265625,85632000,26140.248046875
2026-05-08 11:10:00-04:00,26130.74609375,26155.220703125,26127.638671875,26141.396484375,104735000,26130.74609375
2026-05-08 11:15:00-04:00,26117.0703125,26130.275390625,26102.171875,26128.734375,82535000,26117.0703125
2026-05-08 11:20:00-04:00,26131.890625,26146.109375,26116.78125,26117.53125,91990000,26131.890625
2026-05-08 11:25:00-04:00,26143.685546875,26143.685546875,26131.1015625,26131.1015625,84653000,26143.685546875
2026-05-08 11:30:00-04:00,26143.01171875,26148.802734375,26122.92578125,26148.36328125,80599000,26143.01171875
2026-05-08 11:35:00-04:00,26163.873046875,26172.5,26146.0234375,26146.845703125,75486000,26163.873046875
2026-05-08 11:40:00-04:00,26145.498046875,26167.40234375,26137.16015625,26163.087890625,82684000,26145.498046875
2026-05-08 11:45:00-04:00,26157.44140625,26170.69140625,26139.51953125,26146.462890625,73223000,26157.44140625
2026-05-08 11:50:00-04:00,26154.693359375,26160.146484375,26141.75,26157.79296875,72570000,26154.693359375
2026-05-08 11:55:00-04:00,26133.732421875,26154.419921875,26132.0703125,26153.498046875,65979000,26133.732421875
2026-05-08 12:00:00-04:00,26149.291015625,26156.353515625,26136.634765625,26136.634765625,67691000,26149.291015625
2026-05-08 12:05:00-04:00,26149.841796875,26157.6171875,26145.328125,26148.365234375,73110000,26149.841796875
2026-05-08 12:10:00-04:00,26167.58203125,26171.1953125,26146.017578125,26150.921875,60219000,26167.58203125
2026-05-08 12:15:00-04:00,26154.814453125,26170.025390625,26154.814453125,26167.115234375,63697000,26154.814453125
2026-05-08 12:20:00-04:00,26169.14453125,26169.14453125,26155.263671875,26156.462890625,74737000,26169.14453125
2026-05-08 12:25:00-04:00,26180.400390625,26187.794921875,26169.521484375,26169.521484375,68320000,26180.400390625
2026-05-08 12:30:00-04:00,26175.53515625,26182.224609375,26168.96875,26181.4375,70205000,26175.53515625
2026-05-08 12:35:00-04:00,26176.947265625,26176.947265625,26158.126953125,26174.78515625,69265000,26176.947265625
2026-05-08 12:40:00-04:00,26145.037109375,26179.357421875,26145.037109375,26177.39453125,68585000,26145.037109375
2026-05-08 12:45:00-04:00,26175.64453125,26175.64453125,26146.6015625,26146.6015625,71249000,26175.64453125
2026-05-08 12:50:00-04:00,26166.66796875,26177.748046875,26161.916015625,26177.748046875,77745000,26166.66796875
2026-05-08 12:55:00-04:00,26164.583984375,26169.16015625,26163.09765625,26166.509765625,68163000,26164.583984375
2026-05-08 13:00:00-04:00,26191.24609375,26191.9296875,26159.03515625,26160.267578125,66875000,26191.24609375
2026-05-08 13:05:00-04:00,26194.171875,26194.171875,26172.28515625,26190.6171875,73337000,26194.171875
2026-05-08 13:10:00-04:00,26192.3046875,26195.609375,26186.03125,26193.916015625,71551000,26192.3046875
2026-05-08 13:15:00-04:00,26203.2421875,26203.83203125,26190.861328125,26191.41015625,55714000,26203.2421875
2026-05-08 13:20:00-04:00,26212.138671875,26216.06640625,26196.421875,26202.015625,62004000,26212.138671875
2026-05-08 13:25:00-04:00,26209.31640625,26217.419921875,26199.708984375,26212.666015625,65849000,26209.31640625
2026-05-08 13:30:00-04:00,26213.556640625,26213.556640625,26201.00390625,26209.46875,63778000,26213.556640625
2026-05-08 13:35:00-04:00,26198.830078125,26218.46484375,26198.830078125,26212.697265625,58363000,26198.830078125
2026-05-08 13:40:00-04:00,26184.080078125,26201.86328125,26182.466796875,26199.185546875,61101000,26184.080078125
2026-05-08 13:45:00-04:00,26186.076171875,26199.841796875,26180.72265625,26184.587890625,61214000,26186.076171875
2026-05-08 13:50:00-04:00,26191.873046875,26191.873046875,26171.3671875,26184.291015625,63682000,26191.873046875
2026-05-08 13:55:00-04:00,26177.625,26198.546875,26177.625,26191.328125,60192000,26177.625
2026-05-08 14:00:00-04:00,26201.8828125,26206.0234375,26176.123046875,26177.736328125,66837000,26201.8828125
2026-05-08 14:05:00-04:00,26194.107421875,26212.005859375,26191.8203125,26201.7421875,54626000,26194.107421875
2026-05-08 14:10:00-04:00,26206.55859375,26207.52734375,26189.892578125,26193.67578125,53141000,26206.55859375
2026-05-08 14:15:00-04:00,26202.173828125,26211.068359375,26197.2109375,26206.708984375,56313000,26202.173828125
2026-05-08 14:20:00-04:00,26211.439453125,26211.7578125,26202.42578125,26202.42578125,63887000,26211.439453125
2026-05-08 14:25:00-04:00,26212.427734375,26216.912109375,26208.712890625,26212.986328125,62792000,26212.427734375
2026-05-08 14:30:00-04:00,26209.0234375,26215.6796875,26206.2421875,26212.23046875,55452000,26209.0234375
2026-05-08 14:35:00-04:00,26199.328125,26210.919921875,26196.166015625,26209.21484375,69937000,26199.328125
2026-05-08 14:40:00-04:00,26189.818359375,26202.482421875,26189.818359375,26198.13671875,56565000,26189.818359375
2026-05-08 14:45:00-04:00,26182.908203125,26188.42578125,26179.232421875,26186.39453125,60224000,26182.908203125
2026-05-08 14:50:00-04:00,26178.904296875,26194.298828125,26175.744140625,26184.0703125,65859000,26178.904296875
2026-05-08 14:55:00-04:00,26164.0703125,26185.779296875,26160.14453125,26178.4140625,59391000,26164.0703125
2026-05-08 15:00:00-04:00,26186.517578125,26186.517578125,26164.95703125,26164.95703125,69872000,26186.517578125
2026-05-08 15:05:00-04:00,26207.125,26214.3828125,26182.775390625,26187.71484375,61618000,26207.125
2026-05-08 15:10:00-04:00,26206.341796875,26212.85546875,26202.310546875,26205.935546875,62859000,26206.341796875
2026-05-08 15:15:00-04:00,26212.447265625,26215.041015625,26205.2734375,26206.19921875,66979000,26212.447265625
2026-05-08 15:20:00-04:00,26201.5703125,26212.314453125,26197.7109375,26212.205078125,71941000,26201.5703125
2026-05-08 15:25:00-04:00,26184.26953125,26202.81640625,26184.26953125,26200.80078125,78681000,26184.26953125
2026-05-08 15:30:00-04:00,26201.052734375,26202.42578125,26180.771484375,26182.12890625,73136000,26201.052734375
2026-05-08 15:35:00-04:00,26208.1953125,26210.919921875,26196.765625,26200.388671875,92139000,26208.1953125
2026-05-08 15:40:00-04:00,26218.0390625,26221.427734375,26207.5546875,26210.1640625,95743000,26218.0390625
2026-05-08 15:45:00-04:00,26221.482421875,26226.931640625,26216.431640625,26216.947265625,98542000,26221.482421875
2026-05-08 15:50:00-04:00,26245.1875,26245.1875,26219.845703125,26229.142578125,151818000,26245.1875
2026-05-08 15:55:00-04:00,26239.748046875,26248.6171875,26233.931640625,26248.6171875,178992000,26239.748046875
2026-05-11 09:30:00-04:00,26221.15625,26223.484375,26129.828125,26129.828125,0,26221.15625
2026-05-11 09:35:00-04:00,26227.224609375,26230.759765625,26184.0703125,26230.759765625,277722000,26227.224609375
2026-05-11 09:40:00-04:00,26259.935546875,26259.935546875,26222.02734375,26236.439453125,226545000,26259.935546875
2026-05-11 09:45:00-04:00,26252.3046875,26293.701171875,26252.3046875,26264.630859375,205555000,26252.3046875
2026-05-11 09:50:00-04:00,26225.07421875,26272.107421875,26221.7109375,26254.435546875,182277000,26225.07421875
2026-05-11 09:55:00-04:00,26210.7578125,26231.40234375,26203.94140625,26227.234375,169390000,26210.7578125
2026-05-11 10:00:00-04:00,26241.162109375,26250.130859375,26220.814453125,26220.814453125,156083000,26241.162109375
2026-05-11 10:05:00-04:00,26248.755859375,26261.22265625,26241.10546875,26241.10546875,147788000,26248.755859375
2026-05-11 10:10:00-04:00,26270.123046875,26271.595703125,26233.48828125,26249.4296875,158711000,26270.123046875
2026-05-11 10:15:00-04:00,26277.666015625,26287.265625,26262.888671875,26272.236328125,135398000,26277.666015625
2026-05-11 10:20:00-04:00,26270.154296875,26285.37109375,26270.154296875,26275.265625,142050000,26270.154296875
2026-05-11 10:25:00-04:00,26192.421875,26276.76171875,26192.421875,26274.568359375,144526000,26192.421875
2026-05-11 10:30:00-04:00,26207.21875,26209.298828125,26160.341796875,26189.80078125,150949000,26207.21875
2026-05-11 10:35:00-04:00,26239.400390625,26239.400390625,26200.537109375,26206.048828125,123200000,26239.400390625
2026-05-11 10:40:00-04:00,26248.17578125,26253.228515625,26236.58984375,26243.123046875,99074000,26248.17578125
2026-05-11 10:45:00-04:00,26267.732421875,26267.732421875,26242.525390625,26248.041015625,112641000,26267.732421875
2026-05-11 10:50:00-04:00,26294.916015625,26296.21875,26261.78125,26267.59765625,115489000,26294.916015625
2026-05-11 10:55:00-04:00,26288.216796875,26304.376953125,26276.357421875,26298.98828125,123212000,26288.216796875
2026-05-11 11:00:00-04:00,26295.921875,26296.150390625,26275.1328125,26293.17578125,114439000,26295.921875
2026-05-11 11:05:00-04:00,26313.50390625,26313.50390625,26282.98046875,26293.345703125,111736000,26313.50390625
2026-05-11 11:10:00-04:00,26277.71484375,26312.865234375,26273.310546875,26310.791015625,112114000,26277.71484375
2026-05-11 11:15:00-04:00,26290.3828125,26297.9609375,26268.236328125,26274.63671875,94802000,26290.3828125
2026-05-11 11:20:00-04:00,26306.8359375,26306.8359375,26283.25390625,26286.306640625,87175000,26306.8359375
2026-05-11 11:25:00-04:00,26336.451171875,26336.451171875,26302.994140625,26306.98828125,94129000,26336.451171875
2026-05-11 11:30:00-04:00,26325.3515625,26339.28125,26316.5703125,26335.08203125,98901000,26325.3515625
2026-05-11 11:35:00-04:00,26325.333984375,26327.65625,26317.22265625,26326.33203125,99882000,26325.333984375
2026-05-11 11:40:00-04:00,26321.201171875,26337.36328125,26315.13671875,26327.029296875,104067000,26321.201171875
2026-05-11 11:45:00-04:00,26330.935546875,26333.232421875,26321.41796875,26321.41796875,99201000,26330.935546875
2026-05-11 11:50:00-04:00,26346.66015625,26346.724609375,26319.71484375,26327.919921875,87829000,26346.66015625
2026-05-11 11:55:00-04:00,26342.796875,26351.626953125,26336.625,26345.115234375,83080000,26342.796875
2026-05-11 12:00:00-04:00,26345.203125,26350.41015625,26333.748046875,26341.57421875,86392000,26345.203125
2026-05-11 12:05:00-04:00,26345.583984375,26349.001953125,26337.552734375,26346.80859375,84258000,26345.583984375
2026-05-11 12:10:00-04:00,26351.701171875,26356.609375,26342.494140625,26347.103515625,101444000,26351.701171875
2026-05-11 12:15:00-04:00,26339.607421875,26351.666015625,26336.5625,26350.626953125,85541000,26339.607421875
2026-05-11 12:20:00-04:00,26339.2421875,26343.224609375,26332.35546875,26339.46484375,88598000,26339.2421875
2026-05-11 12:25:00-04:00,26349.6640625,26351.2421875,26339.591796875,26339.87109375,80118000,26349.6640625
2026-05-11 12:30:00-04:00,26349.234375,26359.2265625,26345.388671875,26349.439453125,66644000,26349.234375
2026-05-11 12:35:00-04:00,26325.302734375,26349.84765625,26324.583984375,26349.505859375,75274000,26325.302734375
2026-05-11 12:40:00-04:00,26295.306640625,26325.94140625,26269.568359375,26322.984375,90067000,26295.306640625
2026-05-11 12:45:00-04:00,26295.478515625,26309.7109375,26291.974609375,26295.828125,80240000,26295.478515625
2026-05-11 12:50:00-04:00,26292.990234375,26302.662109375,26285.15625,26295.810546875,56707000,26292.990234375
2026-05-11 12:55:00-04:00,26284.77734375,26294.73828125,26278.6796875,26291.341796875,68505000,26284.77734375
2026-05-11 13:00:00-04:00,26297.49609375,26301.421875,26287.80859375,26290.2421875,61020000,26297.49609375
2026-05-11 13:05:00-04:00,26291.220703125,26300.494140625,26281.919921875,26299.10546875,63067000,26291.220703125
2026-05-11 13:10:00-04:00,26268.802734375,26291.365234375,26264.060546875,26291.365234375,71242000,26268.802734375
2026-05-11 13:15:00-04:00,26264.623046875,26273.603515625,26256.85546875,26268.51953125,67368000,26264.623046875
2026-05-11 13:20:00-04:00,26295.888671875,26296.392578125,26263.666015625,26264.998046875,75145000,26295.888671875
2026-05-11 13:25:00-04:00,26307.888671875,26312.095703125,26291.658203125,26293.927734375,56718000,26307.888671875
2026-05-11 13:30:00-04:00,26315.708984375,26316.173828125,26305.24609375,26306.439453125,65910000,26315.708984375
2026-05-11 13:35:00-04:00,26325.6796875,26335.0859375,26313.53125,26315.365234375,60833000,26325.6796875
2026-05-11 13:40:00-04:00,26336.67578125,26337.11328125,26322.77734375,26325.369140625,58647000,26336.67578125
2026-05-11 13:45:00-04:00,26328.810546875,26344.439453125,26327.70703125,26336.869140625,63902000,26328.810546875
2026-05-11 13:50:00-04:00,26319.466796875,26331.712890625,26319.04296875,26329.37109375,61850000,26319.466796875
2026-05-11 13:55:00-04:00,26309.36328125,26326.55078125,26307.583984375,26319.31640625,56111000,26309.36328125
2026-05-11 14:00:00-04:00,26328.240234375,26333.970703125,26309.60546875,26310.4765625,63526000,26328.240234375
2026-05-11 14:05:00-04:00,26339.53515625,26339.53515625,26326.4375,26327.7890625,68185000,26339.53515625
2026-05-11 14:10:00-04:00,26330.96484375,26339.37890625,26329.16796875,26339.37890625,53173000,26330.96484375
2026-05-11 14:15:00-04:00,26328.0859375,26332.701171875,26324.126953125,26331.17578125,63221000,26328.0859375
2026-05-11 14:20:00-04:00,26330.03125,26333.66015625,26317.689453125,26328.376953125,53402000,26330.03125
2026-05-11 14:25:00-04:00,26333.84765625,26335.23828125,26326.365234375,26329.951171875,67124000,26333.84765625
2026-05-11 14:30:00-04:00,26317.1875,26334.119140625,26317.1875,26334.119140625,63471000,26317.1875
2026-05-11 14:35:00-04:00,26308.87890625,26327.142578125,26308.87890625,26318.55078125,65167000,26308.87890625
2026-05-11 14:40:00-04:00,26308.123046875,26312.58984375,26299.990234375,26309.74609375,65135000,26308.123046875
2026-05-11 14:45:00-04:00,26304.4140625,26311.68359375,26298.1796875,26307.9609375,63582000,26304.4140625
2026-05-11 14:50:00-04:00,26297.146484375,26311.21484375,26295.59375,26305.021484375,61299000,26297.146484375
2026-05-11 14:55:00-04:00,26256.4765625,26302.94921875,26254.330078125,26296.998046875,84563000,26256.4765625
2026-05-11 15:00:00-04:00,26248.560546875,26269.29296875,26248.560546875,26255.94140625,62539000,26248.560546875
2026-05-11 15:05:00-04:00,26282.337890625,26283.19140625,26247.79296875,26248.53125,81843000,26282.337890625
2026-05-11 15:10:00-04:00,26277.513671875,26290.681640625,26275.33984375,26284.333984375,64403000,26277.513671875
2026-05-11 15:15:00-04:00,26262.23046875,26278.677734375,26257.6328125,26277.90625,77961000,26262.23046875
2026-05-11 15:20:00-04:00,26243.056640625,26266.341796875,26243.056640625,26263.08984375,68668000,26243.056640625
2026-05-11 15:25:00-04:00,26245.697265625,26252.986328125,26235.255859375,26244.677734375,85600000,26245.697265625
2026-05-11 15:30:00-04:00,26254.751953125,26267.17578125,26241.099609375,26245.9375,96014000,26254.751953125
2026-05-11 15:35:00-04:00,26254.974609375,26257.9453125,26245.8203125,26255.1171875,80145000,26254.974609375
2026-05-11 15:40:00-04:00,26244.376953125,26264.09375,26243.248046875,26258.6640625,96225000,26244.376953125
2026-05-11 15:45:00-04:00,26255.8046875,26259.416015625,26242.34375,26243.9140625,104126000,26255.8046875
2026-05-11 15:50:00-04:00,26261.1875,26272.484375,26250.06640625,26262.388671875,154746000,26261.1875
2026-05-11 15:55:00-04:00,26272.955078125,26272.955078125,26259.205078125,26262.775390625,205375000,26272.955078125
2026-05-12 09:30:00-04:00,26114.61328125,26118.8359375,26069.724609375,26080.630859375,0,26114.61328125
2026-05-12 09:35:00-04:00,26126.623046875,26130.25,26073.267578125,26106.140625,197689000,26126.623046875
2026-05-12 09:40:00-04:00,26174.97265625,26186.546875,26116.4296875,26129.4609375,168636000,26174.97265625
2026-05-12 09:45:00-04:00,26128.005859375,26184.966796875,26111.236328125,26184.021484375,157339000,26128.005859375
2026-05-12 09:50:00-04:00,26135.857421875,26149.5234375,26094.306640625,26118.306640625,137252000,26135.857421875
2026-05-12 09:55:00-04:00,26043.08984375,26128.611328125,26034.67578125,26128.611328125,151128000,26043.08984375
2026-05-12 10:00:00-04:00,26038.705078125,26075.892578125,26028.58984375,26037.59765625,145247000,26038.705078125
2026-05-12 10:05:00-04:00,26062.251953125,26074.45703125,26041.033203125,26046.736328125,124831000,26062.251953125
2026-05-12 10:10:00-04:00,26105.673828125,26105.673828125,26043.44921875,26067.375,116644000,26105.673828125
2026-05-12 10:15:00-04:00,26128.818359375,26128.818359375,26088.76171875,26105.392578125,105631000,26128.818359375
2026-05-12 10:20:00-04:00,26089.3203125,26134.625,26086.3671875,26128.8359375,93981000,26089.3203125
2026-05-12 10:25:00-04:00,26016.63671875,26098.451171875,26016.3828125,26086.935546875,110958000,26016.63671875
2026-05-12 10:30:00-04:00,25971.1484375,26017.529296875,25949.1875,26015.216796875,122111000,25971.1484375
2026-05-12 10:35:00-04:00,26020.322265625,26025.994140625,25952.4453125,25979.984375,107325000,26020.322265625
2026-05-12 10:40:00-04:00,26005.279296875,26036.451171875,25993.5625,26020.955078125,82551000,26005.279296875
2026-05-12 10:45:00-04:00,25968.462890625,26003.7734375,25966.87109375,26003.7734375,82615000,25968.462890625
2026-05-12 10:50:00-04:00,25981.01953125,25990.267578125,25946.76171875,25966.580078125,84650000,25981.01953125
2026-05-12 10:55:00-04:00,25943.45703125,25989.109375,25934.248046875,25986.705078125,77421000,25943.45703125
2026-05-12 11:00:00-04:00,25925.591796875,25956.451171875,25920.60546875,25942.84765625,88361000,25925.591796875
2026-05-12 11:05:00-04:00,25953.65625,25958.609375,25915.35546875,25922.2421875,86726000,25953.65625
2026-05-12 11:10:00-04:00,25910.302734375,25956.376953125,25910.302734375,25956.376953125,73325000,25910.302734375
2026-05-12 11:15:00-04:00,25887.02734375,25909.751953125,25870.765625,25909.751953125,89512000,25887.02734375
2026-05-12 11:20:00-04:00,25828.431640625,25893.224609375,25827.02734375,25880.77734375,81778000,25828.431640625
2026-05-12 11:25:00-04:00,25835.3515625,25842.033203125,25814.005859375,25836.724609375,85662000,25835.3515625
2026-05-12 11:30:00-04:00,25874.486328125,25878.48046875,25830.724609375,25846.6328125,81175000,25874.486328125
2026-05-12 11:35:00-04:00,25891.31640625,25894.576171875,25853.455078125,25870.142578125,63092000,25891.31640625
2026-05-12 11:40:00-04:00,25893.931640625,25897.337890625,25866.091796875,25885.60546875,66307000,25893.931640625
2026-05-12 11:45:00-04:00,25881.15234375,25903.275390625,25879.845703125,25891.830078125,59684000,25881.15234375
2026-05-12 11:50:00-04:00,25856.318359375,25882.171875,25856.318359375,25880.044921875,58626000,25856.318359375
2026-05-12 11:55:00-04:00,25827.521484375,25854.669921875,25817.1171875,25841.498046875,65237000,25827.521484375
2026-05-12 12:00:00-04:00,25870.34765625,25874.046875,25807.955078125,25821.345703125,66548000,25870.34765625
2026-05-12 12:05:00-04:00,25846.626953125,25871.390625,25841.80859375,25868.82421875,58157000,25846.626953125
2026-05-12 12:10:00-04:00,25882.25,25885.115234375,25839.6484375,25845.134765625,54855000,25882.25
2026-05-12 12:15:00-04:00,25849.4375,25880.314453125,25849.4375,25880.314453125,59497000,25849.4375
2026-05-12 12:20:00-04:00,25830.6015625,25858.732421875,25818.931640625,25847.57421875,46902000,25830.6015625
2026-05-12 12:25:00-04:00,25823.078125,25840.63671875,25823.078125,25830.525390625,50235000,25823.078125
2026-05-12 12:30:00-04:00,25802.951171875,25829.5703125,25790.8125,25825.43359375,55822000,25802.951171875
2026-05-12 12:35:00-04:00,25805.712890625,25823.623046875,25801.537109375,25803.263671875,51807000,25805.712890625
2026-05-12 12:40:00-04:00,25792.87109375,25818.32421875,25775.623046875,25804.451171875,55413000,25792.87109375
2026-05-12 12:45:00-04:00,25774.23828125,25800.22265625,25762.201171875,25792.744140625,61951000,25774.23828125
2026-05-12 12:50:00-04:00,25754.970703125,25779.09375,25746.384765625,25775.619140625,61705000,25754.970703125
2026-05-12 12:55:00-04:00,25745.326171875,25761.90234375,25739.224609375,25753.8203125,56733000,25745.326171875
2026-05-12 13:00:00-04:00,25779.349609375,25783.365234375,25750.552734375,25760.931640625,49384000,25779.349609375
2026-05-12 13:05:00-04:00,25796.517578125,25812.08203125,25779.12109375,25779.12109375,54417000,25796.517578125
2026-05-12 13:10:00-04:00,25815.62890625,25818.353515625,25794.84375,25797.056640625,58149000,25815.62890625
2026-05-12 13:15:00-04:00,25850.46875,25852.208984375,25816.234375,25817.611328125,58572000,25850.46875
2026-05-12 13:20:00-04:00,25884.693359375,25900.525390625,25849.859375,25849.859375,71793000,25884.693359375
2026-05-12 13:25:00-04:00,25869.74609375,25886.09375,25852.22265625,25886.09375,46094000,25869.74609375
2026-05-12 13:30:00-04:00,25901.546875,25904.443359375,25866.896484375,25869.42578125,62603000,25901.546875
2026-05-12 13:35:00-04:00,25885.224609375,25902.765625,25867.212890625,25900.54296875,40592000,25885.224609375
2026-05-12 13:40:00-04:00,25888.984375,25897.37890625,25882.134765625,25886.1640625,43270000,25888.984375
2026-05-12 13:45:00-04:00,25882.810546875,25893.005859375,25872.99609375,25889.783203125,40245000,25882.810546875
2026-05-12 13:50:00-04:00,25899.498046875,25900.318359375,25872.6171875,25883.41796875,47731000,25899.498046875
2026-05-12 13:55:00-04:00,25902.55078125,25906.8046875,25885.953125,25903.18359375,53881000,25902.55078125
2026-05-12 14:00:00-04:00,25913.7265625,25916.22265625,25895.0703125,25902.55078125,56525000,25913.7265625
2026-05-12 14:05:00-04:00,25898.828125,25916.494140625,25894.26953125,25914.619140625,58404000,25898.828125
2026-05-12 14:10:00-04:00,25918.951171875,25918.951171875,25893.681640625,25898.068359375,51411000,25918.951171875
2026-05-12 14:15:00-04:00,25914.068359375,25929.33984375,25904.544921875,25918.748046875,46110000,25914.068359375
2026-05-12 14:20:00-04:00,25925.369140625,25930.10546875,25910.16796875,25913.244140625,54074000,25925.369140625
2026-05-12 14:25:00-04:00,25954.490234375,25965.763671875,25930.08203125,25930.08203125,54394000,25954.490234375
2026-05-12 14:30:00-04:00,25953.00390625,25972.193359375,25951.904296875,25954.236328125,56377000,25953.00390625
2026-05-12 14:35:00-04:00,25954.138671875,25966.767578125,25945.53515625,25953.212890625,56067000,25954.138671875
2026-05-12 14:40:00-04:00,25949.8828125,25961.615234375,25949.8828125,25951.544921875,51140000,25949.8828125
2026-05-12 14:45:00-04:00,25944.4765625,25948.52734375,25923.22265625,25948.52734375,60353000,25944.4765625
2026-05-12 14:50:00-04:00,25953.189453125,25961.912109375,25939.4921875,25944.513671875,43191000,25953.189453125
2026-05-12 14:55:00-04:00,25930.873046875,25973.37890625,25929.921875,25953.96875,64640000,25930.873046875
2026-05-12 15:00:00-04:00,25952.26171875,25956.021484375,25934.216796875,25934.216796875,60178000,25952.26171875
2026-05-12 15:05:00-04:00,25961.8984375,25973.798828125,25945.728515625,25953.568359375,53218000,25961.8984375
2026-05-12 15:10:00-04:00,25998.568359375,26007.125,25964.46875,25964.46875,67033000,25998.568359375
2026-05-12 15:15:00-04:00,26003.154296875,26014.689453125,26002.083984375,26003.8984375,53217000,26003.154296875
2026-05-12 15:20:00-04:00,26001.291015625,26006.3984375,25981.982421875,26005.607421875,67022000,26001.291015625
2026-05-12 15:25:00-04:00,26010.49609375,26014.94921875,26000.814453125,26001.923828125,68050000,26010.49609375
2026-05-12 15:30:00-04:00,26054.953125,26058.15625,26010.65234375,26010.65234375,79511000,26054.953125
2026-05-12 15:35:00-04:00,26059.642578125,26061.341796875,26044.9765625,26056.62109375,83209000,26059.642578125
2026-05-12 15:40:00-04:00,26071.86328125,26074.5234375,26056.17578125,26056.55859375,78763000,26071.86328125
2026-05-12 15:45:00-04:00,26071.03515625,26078.724609375,26054.57421875,26070.826171875,98572000,26071.03515625
2026-05-12 15:50:00-04:00,26079.51171875,26112.30859375,26079.357421875,26083.783203125,144949000,26079.51171875
2026-05-12 15:55:00-04:00,26090.302734375,26095.029296875,26072.41015625,26076.94921875,174186000,26090.302734375
2026-05-13 09:30:00-04:00,26160.59765625,26165.8359375,26119.255859375,26143.208984375,0,26160.59765625
2026-05-13 09:35:00-04:00,26108.603515625,26166.8359375,26096.3046875,26166.8359375,196521000,26108.603515625
2026-05-13 09:40:00-04:00,26104.50390625,26145.39453125,26095.29296875,26110.22265625,180568000,26104.50390625
2026-05-13 09:45:00-04:00,26045.283203125,26102.498046875,25992.7109375,26101.951171875,171798000,26045.283203125
2026-05-13 09:50:00-04:00,26120.2890625,26120.2890625,26009.080078125,26041.251953125,143068000,26120.2890625
2026-05-13 09:55:00-04:00,26097.572265625,26125.306640625,26073.97265625,26120.65625,133369000,26097.572265625
2026-05-13 10:00:00-04:00,26101.115234375,26106.13671875,26081.36328125,26100.837890625,134826000,26101.115234375
2026-05-13 10:05:00-04:00,26092.494140625,26114.8203125,26075.822265625,26097.62890625,120502000,26092.494140625
2026-05-13 10:10:00-04:00,26116.30859375,26132.603515625,26085.28515625,26094.716796875,108948000,26116.30859375
2026-05-13 10:15:00-04:00,26108.076171875,26134.890625,26101.01171875,26119.880859375,106751000,26108.076171875
2026-05-13 10:20:00-04:00,26172.396484375,26178.708984375,26114.033203125,26114.748046875,102696000,26172.396484375
2026-05-13 10:25:00-04:00,26165.9609375,26192.34765625,26165.9609375,26175.669921875,109160000,26165.9609375
2026-05-13 10:30:00-04:00,26188.583984375,26188.583984375,26158.2265625,26167.455078125,101773000,26188.583984375
2026-05-13 10:35:00-04:00,26165.65625,26201.548828125,26154.611328125,26191.830078125,89840000,26165.65625
2026-05-13 10:40:00-04:00,26198.447265625,26205.31640625,26158.705078125,26166.853515625,87374000,26198.447265625
2026-05-13 10:45:00-04:00,26204.09375,26206.33203125,26175.267578125,26206.33203125,92218000,26204.09375
2026-05-13 10:50:00-04:00,26235.853515625,26241.130859375,26197.044921875,26202.931640625,88880000,26235.853515625
2026-05-13 10:55:00-04:00,26242.90625,26248.728515625,26234.14453125,26238.908203125,91822000,26242.90625
2026-05-13 11:00:00-04:00,26266.302734375,26273.822265625,26247.08203125,26247.08203125,82937000,26266.302734375
2026-05-13 11:05:00-04:00,26266.865234375,26268.01953125,26249.146484375,26261.359375,82738000,26266.865234375
2026-05-13 11:10:00-04:00,26259.05078125,26271.36328125,26237.275390625,26264.615234375,88306000,26259.05078125
2026-05-13 11:15:00-04:00,26270.529296875,26275.505859375,26259.6484375,26259.6484375,88762000,26270.529296875
2026-05-13 11:20:00-04:00,26259.17578125,26276.751953125,26252.158203125,26271.34765625,75302000,26259.17578125
2026-05-13 11:25:00-04:00,26265.033203125,26268.365234375,26236.759765625,26259.263671875,71385000,26265.033203125
2026-05-13 11:30:00-04:00,26275.51171875,26282.005859375,26242.16796875,26265.634765625,70126000,26275.51171875
2026-05-13 11:35:00-04:00,26285.81640625,26293.90625,26271.78125,26274.203125,69415000,26285.81640625
2026-05-13 11:40:00-04:00,26323.078125,26323.951171875,26288.5390625,26288.5390625,66779000,26323.078125
2026-05-13 11:45:00-04:00,26305.435546875,26323.951171875,26305.435546875,26323.951171875,64279000,26305.435546875
2026-05-13 11:50:00-04:00,26295.173828125,26298.80078125,26278.57421875,26298.80078125,58522000,26295.173828125
2026-05-13 11:55:00-04:00,26267.611328125,26293.056640625,26258.931640625,26293.056640625,80289000,26267.611328125
2026-05-13 12:00:00-04:00,26300.9765625,26300.9765625,26260.564453125,26266.0078125,76508000,26300.9765625
2026-05-13 12:05:00-04:00,26310.625,26311.779296875,26287.720703125,26301.806640625,67516000,26310.625
2026-05-13 12:10:00-04:00,26330.400390625,26330.98046875,26306.80078125,26311.8359375,60545000,26330.400390625
2026-05-13 12:15:00-04:00,26321.18359375,26334.4765625,26318.0078125,26329.943359375,72287000,26321.18359375
2026-05-13 12:20:00-04:00,26369.560546875,26373.142578125,26318.28515625,26321.26953125,68032000,26369.560546875
2026-05-13 12:25:00-04:00,26377.34375,26385.240234375,26360.47265625,26369.720703125,62422000,26377.34375
2026-05-13 12:30:00-04:00,26382.044921875,26382.966796875,26361.92578125,26375.8203125,78188000,26382.044921875
2026-05-13 12:35:00-04:00,26376.48828125,26386.787109375,26375.28125,26381.396484375,58794000,26376.48828125
2026-05-13 12:40:00-04:00,26375.49609375,26385.275390625,26374.484375,26374.484375,56481000,26375.49609375
2026-05-13 12:45:00-04:00,26369.869140625,26381.935546875,26367.41015625,26375.52734375,57400000,26369.869140625
2026-05-13 12:50:00-04:00,26378.685546875,26378.767578125,26361.634765625,26369.416015625,56754000,26378.685546875
2026-05-13 12:55:00-04:00,26386.251953125,26399.0078125,26380.03125,26380.03125,52910000,26386.251953125
2026-05-13 13:00:00-04:00,26408.619140625,26412.287109375,26389.677734375,26389.677734375,64277000,26408.619140625
2026-05-13 13:05:00-04:00,26408.70703125,26422.732421875,26407.208984375,26408.619140625,64491000,26408.70703125
2026-05-13 13:10:00-04:00,26415.62109375,26423.0078125,26410.265625,26411.197265625,58391000,26415.62109375
2026-05-13 13:15:00-04:00,26409.26171875,26421.59375,26404.6328125,26413.025390625,51762000,26409.26171875
2026-05-13 13:20:00-04:00,26391.76953125,26409.662109375,26391.76953125,26409.05078125,60372000,26391.76953125
2026-05-13 13:25:00-04:00,26411.24609375,26412.6640625,26391.04296875,26391.04296875,45526000,26411.24609375
2026-05-13 13:30:00-04:00,26398.9765625,26413.765625,26392.923828125,26411.505859375,56113000,26398.9765625
2026-05-13 13:35:00-04:00,26392.79296875,26401.490234375,26389.849609375,26397.49609375,52240000,26392.79296875
2026-05-13 13:40:00-04:00,26406.466796875,26408.5234375,26393.107421875,26393.107421875,42950000,26406.466796875
2026-05-13 13:45:00-04:00,26404.73828125,26412.92578125,26401.03515625,26406.818359375,54165000,26404.73828125
2026-05-13 13:50:00-04:00,26405.04296875,26412.6171875,26404.650390625,26404.806640625,48615000,26405.04296875
2026-05-13 13:55:00-04:00,26375.572265625,26408.0234375,26375.416015625,26404.30078125,59550000,26375.572265625
2026-05-13 14:00:00-04:00,26408.544921875,26410.796875,26375.533203125,26375.533203125,60440000,26408.544921875
2026-05-13 14:05:00-04:00,26420.5,26421.98046875,26407.537109375,26409.029296875,48508000,26420.5
2026-05-13 14:10:00-04:00,26446.373046875,26447.52734375,26418.86328125,26418.86328125,55139000,26446.373046875
2026-05-13 14:15:00-04:00,26458.072265625,26465.42578125,26446.875,26446.875,61199000,26458.072265625
2026-05-13 14:20:00-04:00,26463.49609375,26473.529296875,26456.0390625,26457.841796875,65597000,26463.49609375
2026-05-13 14:25:00-04:00,26462.05859375,26473.181640625,26461.134765625,26464.884765625,61618000,26462.05859375
2026-05-13 14:30:00-04:00,26457.607421875,26463.787109375,26451.673828125,26461.98828125,65944000,26457.607421875
2026-05-13 14:35:00-04:00,26447.451171875,26458.953125,26433.43359375,26458.953125,67819000,26447.451171875
2026-05-13 14:40:00-04:00,26437.3984375,26454.232421875,26437.3984375,26446.728515625,65686000,26437.3984375
2026-05-13 14:45:00-04:00,26435.896484375,26445.23046875,26429.578125,26435.669921875,73675000,26435.896484375
2026-05-13 14:50:00-04:00,26432.017578125,26436.115234375,26426.201171875,26436.115234375,58275000,26432.017578125
2026-05-13 14:55:00-04:00,26398.763671875,26434.29296875,26397.703125,26434.29296875,78201000,26398.763671875
2026-05-13 15:00:00-04:00,26412.7890625,26419.751953125,26400.80078125,26400.80078125,62345000,26412.7890625
2026-05-13 15:05:00-04:00,26441.228515625,26442.8984375,26408.873046875,26413.396484375,70049000,26441.228515625
2026-05-13 15:10:00-04:00,26447.453125,26449.12890625,26437.048828125,26440.916015625,77585000,26447.453125
2026-05-13 15:15:00-04:00,26456.251953125,26459.41796875,26439.787109375,26447.5859375,78909000,26456.251953125
2026-05-13 15:20:00-04:00,26423.0390625,26457.763671875,26421.87890625,26456.236328125,87789000,26423.0390625
2026-05-13 15:25:00-04:00,26440.716796875,26441.1796875,26418.583984375,26421.0390625,76147000,26440.716796875
2026-05-13 15:30:00-04:00,26435.04296875,26444.306640625,26431.6640625,26441.32421875,114268000,26435.04296875
2026-05-13 15:35:00-04:00,26442.8671875,26445.3046875,26429.408203125,26435.11328125,94122000,26442.8671875
2026-05-13 15:40:00-04:00,26445.068359375,26447.701171875,26438.6015625,26443.857421875,101005000,26445.068359375
2026-05-13 15:45:00-04:00,26439.87109375,26449.03125,26436.7109375,26444.4375,106736000,26439.87109375
2026-05-13 15:50:00-04:00,26389.4140625,26424.255859375,26382.7265625,26424.255859375,155221000,26389.4140625
2026-05-13 15:55:00-04:00,26404.744140625,26408.990234375,26391.03125,26396.517578125,195288000,26404.744140625
2026-05-14 09:30:00-04:00,26480.150390625,26489.810546875,26424.509765625,26435.4765625,0,26480.150390625
2026-05-14 09:35:00-04:00,26488.8515625,26504.52734375,26474.443359375,26477.802734375,193804000,26488.8515625
2026-05-14 09:40:00-04:00,26508.716796875,26517.865234375,26476.3984375,26487.017578125,166045000,26508.716796875
2026-05-14 09:45:00-04:00,26527.80859375,26550.275390625,26512.9296875,26512.9296875,156252000,26527.80859375
2026-05-14 09:50:00-04:00,26492.29296875,26540.2109375,26492.29296875,26534.71484375,131816000,26492.29296875
2026-05-14 09:55:00-04:00,26439.037109375,26506.740234375,26429.322265625,26487.361328125,137063000,26439.037109375
2026-05-14 10:00:00-04:00,26503.326171875,26506.33203125,26436.119140625,26436.119140625,135093000,26503.326171875
2026-05-14 10:05:00-04:00,26474.333984375,26508.171875,26462.771484375,26503.763671875,119903000,26474.333984375
2026-05-14 10:10:00-04:00,26506.4765625,26511.548828125,26470.35546875,26475.2890625,119625000,26506.4765625
2026-05-14 10:15:00-04:00,26558.84765625,26558.84765625,26502.53515625,26503.97265625,104618000,26558.84765625
2026-05-14 10:20:00-04:00,26558.81640625,26579.615234375,26547.064453125,26554.70703125,111263000,26558.81640625
2026-05-14 10:25:00-04:00,26537.259765625,26564.90625,26519.181640625,26564.90625,102316000,26537.259765625
2026-05-14 10:30:00-04:00,26549.4609375,26552.302734375,26532.6796875,26543.6015625,108167000,26549.4609375
2026-05-14 10:35:00-04:00,26587.650390625,26591.16796875,26546.341796875,26546.341796875,111448000,26587.650390625
2026-05-14 10:40:00-04:00,26598.9765625,26602.64453125,26581.662109375,26582.240234375,107874000,26598.9765625
2026-05-14 10:45:00-04:00,26617.552734375,26620.193359375,26601.958984375,26605.2890625,111047000,26617.552734375
2026-05-14 10:50:00-04:00,26617.857421875,26637.6640625,26610.5234375,26617.689453125,108293000,26617.857421875
2026-05-14 10:55:00-04:00,26598.443359375,26625.84765625,26590.638671875,26625.84765625,106102000,26598.443359375
2026-05-14 11:00:00-04:00,26603.625,26624.75,26588.40234375,26588.40234375,91515000,26603.625
2026-05-14 11:05:00-04:00,26632.84765625,26635.38671875,26597.75,26597.98046875,80297000,26632.84765625
2026-05-14 11:10:00-04:00,26645.787109375,26645.787109375,26625.60546875,26633.4375,87808000,26645.787109375
2026-05-14 11:15:00-04:00,26665.3828125,26665.98046875,26649.30859375,26649.478515625,86329000,26665.3828125
2026-05-14 11:20:00-04:00,26667.314453125,26678.2265625,26655.30859375,26661.62109375,86757000,26667.314453125
2026-05-14 11:25:00-04:00,26670.5078125,26679.23046875,26666.998046875,26667.751953125,74965000,26670.5078125
2026-05-14 11:30:00-04:00,26670.912109375,26683.576171875,26663.873046875,26665.142578125,79065000,26670.912109375
2026-05-14 11:35:00-04:00,26666.3359375,26676.65234375,26656.958984375,26667.91015625,86499000,26666.3359375
2026-05-14 11:40:00-04:00,26676.36328125,26680.607421875,26661.0078125,26667.5703125,83217000,26676.36328125
2026-05-14 11:45:00-04:00,26665.60546875,26678.6015625,26658.337890625,26675.73828125,81689000,26665.60546875
2026-05-14 11:50:00-04:00,26671.736328125,26673.79296875,26661.90625,26667.111328125,84113000,26671.736328125
2026-05-14 11:55:00-04:00,26679.166015625,26693.03125,26672.423828125,26672.423828125,71042000,26679.166015625
2026-05-14 12:00:00-04:00,26696.50390625,26698.814453125,26677.791015625,26677.791015625,81266000,26696.50390625
2026-05-14 12:05:00-04:00,26693.544921875,26700.9375,26687.1953125,26696.990234375,83176000,26693.544921875
2026-05-14 12:10:00-04:00,26679.576171875,26706.873046875,26679.576171875,26693.390625,89744000,26679.576171875
2026-05-14 12:15:00-04:00,26676.302734375,26699.662109375,26672.173828125,26683.26171875,74703000,26676.302734375
2026-05-14 12:20:00-04:00,26676.41015625,26698.41015625,26675.134765625,26676.591796875,57337000,26676.41015625
2026-05-14 12:25:00-04:00,26645.775390625,26678.525390625,26638.69140625,26675.4140625,67770000,26645.775390625
2026-05-14 12:30:00-04:00,26632.0703125,26657.01171875,26623.634765625,26644.849609375,70374000,26632.0703125
2026-05-14 12:35:00-04:00,26650.763671875,26651.21484375,26631.7421875,26631.87109375,57716000,26650.763671875
2026-05-14 12:40:00-04:00,26645.66015625,26664.568359375,26642.33203125,26649.2734375,73160000,26645.66015625
2026-05-14 12:45:00-04:00,26646.92578125,26654.255859375,26626.24609375,26642.25,63447000,26646.92578125
2026-05-14 12:50:00-04:00,26649.498046875,26649.498046875,26628.853515625,26645.712890625,73063000,26649.498046875
2026-05-14 12:55:00-04:00,26649.201171875,26652.48046875,26621.28515625,26651.404296875,76711000,26649.201171875
2026-05-14 13:00:00-04:00,26661.673828125,26669.67578125,26650.58203125,26650.58203125,73517000,26661.673828125
2026-05-14 13:05:00-04:00,26617.4765625,26662.25390625,26617.4765625,26662.02734375,71246000,26617.4765625
2026-05-14 13:10:00-04:00,26587.6640625,26629.71484375,26586.076171875,26613.96875,61510000,26587.6640625
2026-05-14 13:15:00-04:00,26559.400390625,26596.77734375,26550.271484375,26589.52734375,82396000,26559.400390625
2026-05-14 13:20:00-04:00,26569.55078125,26590.630859375,26558.564453125,26558.564453125,77701000,26569.55078125
2026-05-14 13:25:00-04:00,26591.908203125,26591.908203125,26549.8046875,26569.423828125,75575000,26591.908203125
2026-05-14 13:30:00-04:00,26597.97265625,26611.10546875,26586.51953125,26590.744140625,74135000,26597.97265625
2026-05-14 13:35:00-04:00,26624.623046875,26629.02734375,26598.12109375,26598.12109375,68356000,26624.623046875
2026-05-14 13:40:00-04:00,26630.49609375,26634.9765625,26617.87109375,26626.4140625,71835000,26630.49609375
2026-05-14 13:45:00-04:00,26654.58203125,26656.12890625,26630.75390625,26630.75390625,62351000,26654.58203125
2026-05-14 13:50:00-04:00,26664.615234375,26667.99609375,26650.6875,26655.435546875,65666000,26664.615234375
2026-05-14 13:55:00-04:00,26655.357421875,26673.15625,26655.357421875,26664.048828125,71038000,26655.357421875
2026-05-14 14:00:00-04:00,26595.1796875,26650.68359375,26587.701171875,26647.302734375,57573000,26595.1796875
2026-05-14 14:05:00-04:00,26603.955078125,26608.208984375,26593.638671875,26595.7109375,66943000,26603.955078125
2026-05-14 14:10:00-04:00,26630.69921875,26631.572265625,26599.8203125,26604.513671875,70257000,26630.69921875
2026-05-14 14:15:00-04:00,26645.345703125,26646.041015625,26629.443359375,26630.8203125,71171000,26645.345703125
2026-05-14 14:20:00-04:00,26626.8359375,26645.767578125,26622.880859375,26645.767578125,84770000,26626.8359375
2026-05-14 14:25:00-04:00,26619.876953125,26630.2890625,26611.1875,26627.478515625,70004000,26619.876953125
2026-05-14 14:30:00-04:00,26631.833984375,26638.59765625,26619.244140625,26619.8125,83213000,26631.833984375
2026-05-14 14:35:00-04:00,26627.103515625,26635.072265625,26620.103515625,26631.953125,61197000,26627.103515625
2026-05-14 14:40:00-04:00,26620.16796875,26627.810546875,26606.3359375,26627.810546875,63109000,26620.16796875
2026-05-14 14:45:00-04:00,26632.216796875,26634.1953125,26608.603515625,26620.09765625,63693000,26632.216796875
2026-05-14 14:50:00-04:00,26644.759765625,26645.751953125,26632.744140625,26632.748046875,68460000,26644.759765625
2026-05-14 14:55:00-04:00,26648.25,26658.25,26642.373046875,26644.162109375,85254000,26648.25
2026-05-14 15:00:00-04:00,26665.333984375,26670.88671875,26652.1015625,26652.6328125,63670000,26665.333984375
2026-05-14 15:05:00-04:00,26668.91796875,26671.302734375,26657.54296875,26664.322265625,72481000,26668.91796875
2026-05-14 15:10:00-04:00,26651.974609375,26671.017578125,26644.470703125,26669.791015625,76782000,26651.974609375
2026-05-14 15:15:00-04:00,26657.982421875,26664.85546875,26648.994140625,26651.146484375,71306000,26657.982421875
2026-05-14 15:20:00-04:00,26660.330078125,26678.017578125,26656.27734375,26657.384765625,73291000,26660.330078125
2026-05-14 15:25:00-04:00,26643.6015625,26663.673828125,26641.400390625,26661.013671875,80035000,26643.6015625
2026-05-14 15:30:00-04:00,26653.431640625,26663.638671875,26642.275390625,26642.275390625,95409000,26653.431640625
2026-05-14 15:35:00-04:00,26657.90234375,26659.935546875,26645.16015625,26652.580078125,85553000,26657.90234375
2026-05-14 15:40:00-04:00,26661.96875,26669.765625,26655.7890625,26656.443359375,101395000,26661.96875
2026-05-14 15:45:00-04:00,26655.87890625,26665.830078125,26650.560546875,26660.484375,112745000,26655.87890625
2026-05-14 15:50:00-04:00,26648.986328125,26655.20703125,26632.806640625,26647.1328125,138293000,26648.986328125
2026-05-14 15:55:00-04:00,26634.103515625,26640.744140625,26627.767578125,26635.13671875,198498000,26634.103515625
2026-05-15 09:30:00-04:00,26220.197265625,26272.380859375,26181.736328125,26270.45703125,0,26220.197265625
2026-05-15 09:35:00-04:00,26173.33984375,26227.423828125,26160.701171875,26199.2890625,182110000,26173.33984375
2026-05-15 09:40:00-04:00,26166.5078125,26225.826171875,26166.5078125,26172.138671875,176269000,26166.5078125
2026-05-15 09:45:00-04:00,26214.140625,26214.140625,26098.115234375,26167.2109375,166375000,26214.140625
2026-05-15 09:50:00-04:00,26251.298828125,26262.09765625,26177.11328125,26215.77734375,132292000,26251.298828125
2026-05-15 09:55:00-04:00,26165.359375,26276.646484375,26162.107421875,26256.810546875,133559000,26165.359375
2026-05-15 10:00:00-04:00,26192.17578125,26219.263671875,26153.056640625,26161.572265625,124568000,26192.17578125
2026-05-15 10:05:00-04:00,26231.41015625,26244.890625,26174.708984375,26191.28125,107033000,26231.41015625
2026-05-15 10:10:00-04:00,26301.701171875,26302.548828125,26222.947265625,26230.474609375,118055000,26301.701171875
2026-05-15 10:15:00-04:00,26333.205078125,26344.251953125,26286.14453125,26307.685546875,97328000,26333.205078125
2026-05-15 10:20:00-04:00,26331.666015625,26363.21875,26325.083984375,26332.6171875,100268000,26331.666015625
2026-05-15 10:25:00-04:00,26269.009765625,26328.705078125,26266.4375,26328.705078125,90995000,26269.009765625
2026-05-15 10:30:00-04:00,26326.55078125,26326.55078125,26283.619140625,26283.619140625,95089000,26326.55078125
2026-05-15 10:35:00-04:00,26325.68359375,26338.486328125,26298.419921875,26323.951171875,85040000,26325.68359375
2026-05-15 10:40:00-04:00,26333.259765625,26345.2890625,26320.40234375,26320.40234375,79684000,26333.259765625
2026-05-15 10:45:00-04:00,26276.76953125,26340.576171875,26274.349609375,26332.783203125,84643000,26276.76953125
2026-05-15 10:50:00-04:00,26289.677734375,26289.677734375,26246.123046875,26275.490234375,84819000,26289.677734375
2026-05-15 10:55:00-04:00,26274.74609375,26312.353515625,26273.98046875,26312.353515625,82047000,26274.74609375
2026-05-15 11:00:00-04:00,26279.541015625,26300.271484375,26255.52734375,26278.12109375,89764000,26279.541015625
2026-05-15 11:05:00-04:00,26306.21484375,26306.21484375,26247.400390625,26279.431640625,95249000,26306.21484375
2026-05-15 11:10:00-04:00,26281.572265625,26313.46484375,26269.83203125,26310.2890625,82357000,26281.572265625
2026-05-15 11:15:00-04:00,26306.59375,26313.3828125,26277.24609375,26284.16015625,76998000,26306.59375
2026-05-15 11:20:00-04:00,26318.154296875,26341.9140625,26311.70703125,26313.041015625,79434000,26318.154296875
2026-05-15 11:25:00-04:00,26311.69921875,26327.32421875,26295.953125,26316.798828125,88543000,26311.69921875
2026-05-15 11:30:00-04:00,26328.19140625,26349.73046875,26323.560546875,26326.375,77533000,26328.19140625
2026-05-15 11:35:00-04:00,26319.19921875,26354.568359375,26319.19921875,26328.765625,80828000,26319.19921875
2026-05-15 11:40:00-04:00,26276.5,26326.599609375,26271.74609375,26317.349609375,78714000,26276.5
2026-05-15 11:45:00-04:00,26262.646484375,26288.98828125,26259.171875,26276.384765625,68874000,26262.646484375
2026-05-15 11:50:00-04:00,26241.826171875,26262.259765625,26235.546875,26262.259765625,85256000,26241.826171875
2026-05-15 11:55:00-04:00,26272.666015625,26273.703125,26219.8046875,26241.546875,75215000,26272.666015625
2026-05-15 12:00:00-04:00,26272.240234375,26298.7890625,26265.390625,26277.044921875,65575000,26272.240234375
2026-05-15 12:05:00-04:00,26283.62890625,26286.408203125,26257.806640625,26268.083984375,65014000,26283.62890625
2026-05-15 12:10:00-04:00,26279.919921875,26286.328125,26251.55078125,26284.93359375,63123000,26279.919921875
2026-05-15 12:15:00-04:00,26267.8671875,26279.494140625,26252.734375,26278.85546875,65074000,26267.8671875
2026-05-15 12:20:00-04:00,26314.611328125,26316.703125,26267.03515625,26269.0,67495000,26314.611328125
2026-05-15 12:25:00-04:00,26323.24609375,26329.966796875,26313.228515625,26313.85546875,74968000,26323.24609375
2026-05-15 12:30:00-04:00,26332.193359375,26336.462890625,26322.021484375,26325.44921875,63013000,26332.193359375
2026-05-15 12:35:00-04:00,26326.595703125,26332.04296875,26315.09375,26331.322265625,60618000,26326.595703125
2026-05-15 12:40:00-04:00,26331.150390625,26331.1875,26317.080078125,26327.5859375,55365000,26331.150390625
2026-05-15 12:45:00-04:00,26327.81640625,26336.6640625,26321.412109375,26332.693359375,56806000,26327.81640625
2026-05-15 12:50:00-04:00,26281.826171875,26333.115234375,26280.3203125,26330.431640625,62567000,26281.826171875
2026-05-15 12:55:00-04:00,26306.1328125,26314.587890625,26286.337890625,26286.337890625,47092000,26306.1328125
2026-05-15 13:00:00-04:00,26311.62890625,26317.328125,26299.8046875,26306.427734375,59442000,26311.62890625
2026-05-15 13:05:00-04:00,26333.9296875,26333.9296875,26307.3671875,26307.3671875,52590000,26333.9296875
2026-05-15 13:10:00-04:00,26349.375,26349.375,26334.732421875,26336.638671875,50551000,26349.375
2026-05-15 13:15:00-04:00,26353.818359375,26353.818359375,26334.52734375,26349.69921875,55871000,26353.818359375
2026-05-15 13:20:00-04:00,26385.21484375,26385.21484375,26351.03515625,26355.46484375,48207000,26385.21484375
2026-05-15 13:25:00-04:00,26400.625,26406.501953125,26384.8046875,26384.8046875,60503000,26400.625
2026-05-15 13:30:00-04:00,26427.314453125,26427.314453125,26400.93359375,26400.953125,54206000,26427.314453125
2026-05-15 13:35:00-04:00,26423.80078125,26430.34375,26409.291015625,26427.49609375,57808000,26423.80078125
2026-05-15 13:40:00-04:00,26409.375,26425.814453125,26394.3515625,26423.376953125,51280000,26409.375
2026-05-15 13:45:00-04:00,26405.23046875,26417.75390625,26403.080078125,26411.474609375,43890000,26405.23046875
2026-05-15 13:50:00-04:00,26420.8046875,26425.18359375,26404.451171875,26404.451171875,51637000,26420.8046875
2026-05-15 13:55:00-04:00,26431.88671875,26432.841796875,26415.01953125,26420.36328125,46093000,26431.88671875
2026-05-15 14:00:00-04:00,26442.9765625,26444.046875,26433.091796875,26433.091796875,55490000,26442.9765625
2026-05-15 14:05:00-04:00,26442.42578125,26460.7578125,26440.56640625,26442.05078125,59715000,26442.42578125
2026-05-15 14:10:00-04:00,26439.875,26455.1875,26439.783203125,26442.841796875,53163000,26439.875
2026-05-15 14:15:00-04:00,26373.048828125,26441.11328125,26372.494140625,26439.38671875,66596000,26373.048828125
2026-05-15 14:20:00-04:00,26402.01953125,26415.009765625,26372.521484375,26376.59375,52669000,26402.01953125
2026-05-15 14:25:00-04:00,26369.94921875,26404.80859375,26361.908203125,26401.099609375,53103000,26369.94921875
2026-05-15 14:30:00-04:00,26327.1640625,26370.267578125,26312.255859375,26370.267578125,65767000,26327.1640625
2026-05-15 14:35:00-04:00,26365.29296875,26365.29296875,26330.01953125,26330.64453125,55016000,26365.29296875
2026-05-15 14:40:00-04:00,26352.71875,26366.294921875,26337.794921875,26366.294921875,58939000,26352.71875
2026-05-15 14:45:00-04:00,26353.373046875,26357.326171875,26337.162109375,26355.75,44835000,26353.373046875
2026-05-15 14:50:00-04:00,26375.89453125,26377.048828125,26347.546875,26353.41015625,85567000,26375.89453125
2026-05-15 14:55:00-04:00,26365.990234375,26381.115234375,26352.392578125,26370.51171875,70901000,26365.990234375
2026-05-15 15:00:00-04:00,26333.759765625,26372.67578125,26332.884765625,26368.15234375,68681000,26333.759765625
2026-05-15 15:05:00-04:00,26318.41796875,26339.861328125,26313.14453125,26333.486328125,69605000,26318.41796875
2026-05-15 15:10:00-04:00,26310.0703125,26316.51953125,26293.09765625,26315.388671875,64278000,26310.0703125
2026-05-15 15:15:00-04:00,26296.0546875,26311.544921875,26282.859375,26311.1875,70498000,26296.0546875
2026-05-15 15:20:00-04:00,26279.427734375,26308.654296875,26279.427734375,26294.33203125,65715000,26279.427734375
2026-05-15 15:25:00-04:00,26281.66796875,26288.25390625,26277.265625,26277.958984375,77664000,26281.66796875
2026-05-15 15:30:00-04:00,26295.181640625,26306.6484375,26280.044921875,26280.044921875,71962000,26295.181640625
2026-05-15 15:35:00-04:00,26315.61328125,26317.5390625,26285.341796875,26295.962890625,73549000,26315.61328125
2026-05-15 15:40:00-04:00,26286.142578125,26321.5,26285.75390625,26317.564453125,92513000,26286.142578125
2026-05-15 15:45:00-04:00,26285.025390625,26292.71875,26266.587890625,26289.228515625,104548000,26285.025390625
2026-05-15 15:50:00-04:00,26222.673828125,26273.06640625,26219.138671875,26270.9765625,139402000,26222.673828125
2026-05-15 15:55:00-04:00,26221.521484375,26238.068359375,26208.150390625,26224.783203125,174839000,26221.521484375
2026-05-18 09:30:00-04:00,26247.00390625,26283.052734375,26233.923828125,26263.091796875,0,26247.00390625
2026-05-18 09:35:00-04:00,26240.84375,26259.986328125,26222.205078125,26231.421875,203496000,26240.84375
2026-05-18 09:40:00-04:00,26160.068359375,26249.27734375,26159.677734375,26227.673828125,211188000,26160.068359375
2026-05-18 09:45:00-04:00,26175.224609375,26208.859375,26142.1796875,26159.998046875,187754000,26175.224609375
2026-05-18 09:50:00-04:00,26283.89453125,26287.14453125,26186.8984375,26196.732421875,151994000,26283.89453125
2026-05-18 09:55:00-04:00,26266.79296875,26307.98828125,26253.78515625,26288.8359375,137336000,26266.79296875
2026-05-18 10:00:00-04:00,26202.978515625,26267.046875,26182.48828125,26267.046875,143439000,26202.978515625
2026-05-18 10:05:00-04:00,26269.1953125,26274.92578125,26174.650390625,26200.705078125,128925000,26269.1953125
2026-05-18 10:10:00-04:00,26274.328125,26289.68359375,26245.671875,26245.671875,102446000,26274.328125
2026-05-18 10:15:00-04:00,26269.146484375,26306.4453125,26235.724609375,26275.3984375,117451000,26269.146484375
2026-05-18 10:20:00-04:00,26234.40625,26280.734375,26226.0703125,26275.755859375,102610000,26234.40625
2026-05-18 10:25:00-04:00,26175.62890625,26244.7265625,26170.716796875,26226.984375,107960000,26175.62890625
2026-05-18 10:30:00-04:00,26066.55078125,26196.935546875,26058.3984375,26183.34375,126598000,26066.55078125
2026-05-18 10:35:00-04:00,26103.533203125,26113.62890625,26029.568359375,26066.103515625,125132000,26103.533203125
2026-05-18 10:40:00-04:00,26133.435546875,26154.123046875,26070.869140625,26105.953125,90145000,26133.435546875
2026-05-18 10:45:00-04:00,26069.4296875,26135.34765625,26060.13671875,26130.423828125,102438000,26069.4296875
2026-05-18 10:50:00-04:00,26108.66015625,26142.2109375,26059.296875,26063.857421875,118941000,26108.66015625
2026-05-18 10:55:00-04:00,26125.53515625,26137.197265625,26096.91015625,26104.666015625,97712000,26125.53515625
2026-05-18 11:00:00-04:00,26100.333984375,26152.55859375,26080.759765625,26120.314453125,117934000,26100.333984375
2026-05-18 11:05:00-04:00,26065.18359375,26105.150390625,26065.18359375,26100.17578125,97582000,26065.18359375
2026-05-18 11:10:00-04:00,26097.287109375,26114.673828125,26056.119140625,26061.193359375,97972000,26097.287109375
2026-05-18 11:15:00-04:00,26032.771484375,26095.888671875,26031.384765625,26093.501953125,84816000,26032.771484375
2026-05-18 11:20:00-04:00,26042.251953125,26056.2421875,26023.318359375,26037.30078125,84492000,26042.251953125
2026-05-18 11:25:00-04:00,26002.927734375,26074.966796875,26002.927734375,26038.033203125,78401000,26002.927734375
2026-05-18 11:30:00-04:00,26047.017578125,26047.017578125,25990.34765625,26003.142578125,73495000,26047.017578125
2026-05-18 11:35:00-04:00,26058.12109375,26085.95703125,26046.79296875,26046.79296875,74257000,26058.12109375
2026-05-18 11:40:00-04:00,26031.455078125,26082.06640625,26030.568359375,26064.0859375,71490000,26031.455078125
2026-05-18 11:45:00-04:00,26045.326171875,26059.939453125,26025.810546875,26031.52734375,75911000,26045.326171875
2026-05-18 11:50:00-04:00,26060.556640625,26063.3203125,26011.71484375,26043.86328125,81685000,26060.556640625
2026-05-18 11:55:00-04:00,26031.69921875,26068.884765625,26029.41015625,26059.3671875,81711000,26031.69921875
2026-05-18 12:00:00-04:00,26007.021484375,26039.560546875,26002.259765625,26039.560546875,76512000,26007.021484375
2026-05-18 12:05:00-04:00,26028.462890625,26035.154296875,26002.337890625,26006.884765625,94650000,26028.462890625
2026-05-18 12:10:00-04:00,26058.041015625,26059.30859375,26025.4765625,26027.078125,92080000,26058.041015625
2026-05-18 12:15:00-04:00,26071.068359375,26075.359375,26056.193359375,26059.240234375,84491000,26071.068359375
2026-05-18 12:20:00-04:00,26037.73046875,26104.568359375,26028.041015625,26070.380859375,67116000,26037.73046875
2026-05-18 12:25:00-04:00,25931.53125,26039.7890625,25923.318359375,26039.28125,92267000,25931.53125
2026-05-18 12:30:00-04:00,25961.052734375,25981.171875,25905.333984375,25931.615234375,88530000,25961.052734375
2026-05-18 12:35:00-04:00,25986.58203125,26003.978515625,25957.248046875,25957.248046875,92675000,25986.58203125
2026-05-18 12:40:00-04:00,25969.91015625,25992.142578125,25968.650390625,25986.208984375,61320000,25969.91015625
2026-05-18 12:45:00-04:00,25974.61328125,25981.861328125,25959.8828125,25971.330078125,76988000,25974.61328125
2026-05-18 12:50:00-04:00,26051.591796875,26051.591796875,25972.509765625,25975.396484375,60090000,26051.591796875
2026-05-18 12:55:00-04:00,26042.044921875,26073.7265625,26037.94921875,26053.623046875,74496000,26042.044921875
2026-05-18 13:00:00-04:00,26044.0234375,26048.84375,26014.44140625,26042.78515625,59949000,26044.0234375
2026-05-18 13:05:00-04:00,26050.486328125,26067.466796875,26038.4453125,26044.056640625,60418000,26050.486328125
2026-05-18 13:10:00-04:00,26032.57421875,26069.107421875,26032.57421875,26051.458984375,51581000,26032.57421875
2026-05-18 13:15:00-04:00,26045.748046875,26052.919921875,26028.576171875,26032.052734375,48318000,26045.748046875
2026-05-18 13:20:00-04:00,26021.1953125,26048.85546875,26013.908203125,26046.162109375,52116000,26021.1953125
2026-05-18 13:25:00-04:00,26051.482421875,26051.482421875,26012.93359375,26024.70703125,43324000,26051.482421875
2026-05-18 13:30:00-04:00,26029.724609375,26053.67578125,26020.990234375,26049.6875,63580000,26029.724609375
2026-05-18 13:35:00-04:00,26018.423828125,26030.576171875,26011.017578125,26030.576171875,52459000,26018.423828125
2026-05-18 13:40:00-04:00,26049.6640625,26061.84765625,26015.76953125,26020.119140625,59234000,26049.6640625
2026-05-18 13:45:00-04:00,26026.630859375,26052.40234375,26020.900390625,26049.900390625,55075000,26026.630859375
2026-05-18 13:50:00-04:00,26048.15234375,26054.423828125,26024.626953125,26024.626953125,53905000,26048.15234375
2026-05-18 13:55:00-04:00,26051.8125,26055.22265625,26037.42578125,26041.615234375,44919000,26051.8125
2026-05-18 14:00:00-04:00,26000.140625,26053.734375,25997.13671875,26050.537109375,47840000,26000.140625
2026-05-18 14:05:00-04:00,25987.279296875,26010.203125,25983.4453125,26001.91796875,53431000,25987.279296875
2026-05-18 14:10:00-04:00,25966.931640625,25991.96875,25966.931640625,25985.982421875,46936000,25966.931640625
2026-05-18 14:15:00-04:00,25923.08203125,25967.515625,25913.0,25967.515625,59021000,25923.08203125
2026-05-18 14:20:00-04:00,25924.599609375,25928.81640625,25908.767578125,25923.123046875,61151000,25924.599609375
2026-05-18 14:25:00-04:00,25937.810546875,25939.955078125,25896.212890625,25923.591796875,76222000,25937.810546875
2026-05-18 14:30:00-04:00,25939.755859375,25962.345703125,25933.912109375,25941.833984375,64035000,25939.755859375
2026-05-18 14:35:00-04:00,25912.95703125,25950.134765625,25912.95703125,25941.984375,52045000,25912.95703125
2026-05-18 14:40:00-04:00,25913.087890625,25914.26953125,25896.15625,25911.720703125,66114000,25913.087890625
2026-05-18 14:45:00-04:00,25884.994140625,25921.3125,25884.994140625,25914.166015625,68020000,25884.994140625
2026-05-18 14:50:00-04:00,25878.2890625,25890.529296875,25868.765625,25884.619140625,72709000,25878.2890625
2026-05-18 14:55:00-04:00,25887.490234375,25903.87109375,25870.07421875,25875.1328125,67903000,25887.490234375
2026-05-18 15:00:00-04:00,26019.529296875,26077.7109375,25886.96484375,25886.96484375,126124000,26019.529296875
2026-05-18 15:05:00-04:00,26001.3125,26040.25390625,25967.267578125,26026.431640625,55883000,26001.3125
2026-05-18 15:10:00-04:00,25991.11328125,26019.65234375,25988.498046875,26003.134765625,77165000,25991.11328125
2026-05-18 15:15:00-04:00,25971.298828125,26000.62890625,25966.326171875,25997.0390625,54717000,25971.298828125
2026-05-18 15:20:00-04:00,25958.134765625,25992.4140625,25954.001953125,25973.1328125,57891000,25958.134765625
2026-05-18 15:25:00-04:00,25962.6796875,25962.6796875,25934.294921875,25957.44140625,61197000,25962.6796875
2026-05-18 15:30:00-04:00,25988.521484375,26001.6484375,25955.861328125,25962.82421875,70767000,25988.521484375
2026-05-18 15:35:00-04:00,26034.849609375,26035.921875,25988.4140625,25989.73828125,84224000,26034.849609375
2026-05-18 15:40:00-04:00,26063.984375,26064.57421875,26036.19921875,26036.19921875,78153000,26063.984375
2026-05-18 15:45:00-04:00,26082.15234375,26086.759765625,26053.814453125,26064.294921875,99420000,26082.15234375
2026-05-18 15:50:00-04:00,26095.369140625,26104.63671875,26066.236328125,26077.509765625,129826000,26095.369140625
2026-05-18 15:55:00-04:00,26090.63671875,26098.7734375,26067.990234375,26088.259765625,167640000,26090.63671875
2026-05-19 09:30:00-04:00,25934.91796875,25969.55078125,25920.556640625,25920.556640625,0,25934.91796875
2026-05-19 09:35:00-04:00,25980.541015625,26024.822265625,25915.544921875,25922.326171875,174268000,25980.541015625
2026-05-19 09:40:00-04:00,25895.248046875,25990.203125,25893.44921875,25990.203125,149013000,25895.248046875
2026-05-19 09:45:00-04:00,25930.634765625,25961.142578125,25858.783203125,25899.0625,141449000,25930.634765625
2026-05-19 09:50:00-04:00,25976.447265625,25978.5859375,25903.513671875,25928.23828125,129152000,25976.447265625
2026-05-19 09:55:00-04:00,25926.185546875,25992.791015625,25914.751953125,25973.546875,125567000,25926.185546875
2026-05-19 10:00:00-04:00,25906.99609375,25928.1640625,25868.927734375,25928.1640625,120684000,25906.99609375
2026-05-19 10:05:00-04:00,25816.638671875,25910.494140625,25790.681640625,25910.494140625,133055000,25816.638671875
2026-05-19 10:10:00-04:00,25768.814453125,25839.498046875,25766.3671875,25807.947265625,121963000,25768.814453125
2026-05-19 10:15:00-04:00,25745.564453125,25769.974609375,25735.9453125,25757.48828125,135192000,25745.564453125
2026-05-19 10:20:00-04:00,25748.6484375,25754.69140625,25701.904296875,25745.6171875,109733000,25748.6484375
2026-05-19 10:25:00-04:00,25740.376953125,25771.251953125,25729.490234375,25757.572265625,98448000,25740.376953125
2026-05-19 10:30:00-04:00,25732.21875,25780.677734375,25721.552734375,25747.609375,100871000,25732.21875
2026-05-19 10:35:00-04:00,25780.890625,25787.97265625,25731.58984375,25731.58984375,91912000,25780.890625
2026-05-19 10:40:00-04:00,25758.404296875,25809.10546875,25753.8515625,25777.4453125,86953000,25758.404296875
2026-05-19 10:45:00-04:00,25728.6640625,25768.78125,25703.359375,25760.0546875,86197000,25728.6640625
2026-05-19 10:50:00-04:00,25751.998046875,25769.515625,25717.83984375,25724.353515625,77971000,25751.998046875
2026-05-19 10:55:00-04:00,25807.3515625,25809.60546875,25750.125,25755.52734375,75915000,25807.3515625
2026-05-19 11:00:00-04:00,25813.826171875,25826.404296875,25790.322265625,25810.626953125,74390000,25813.826171875
2026-05-19 11:05:00-04:00,25788.029296875,25812.28515625,25765.291015625,25811.421875,76235000,25788.029296875
2026-05-19 11:10:00-04:00,25822.93359375,25829.92578125,25794.337890625,25794.337890625,79603000,25822.93359375
2026-05-19 11:15:00-04:00,25794.48046875,25846.55078125,25794.48046875,25826.607421875,93146000,25794.48046875
2026-05-19 11:20:00-04:00,25753.595703125,25809.005859375,25753.595703125,25796.255859375,83901000,25753.595703125
2026-05-19 11:25:00-04:00,25769.369140625,25785.615234375,25742.1484375,25748.4765625,69005000,25769.369140625
2026-05-19 11:30:00-04:00,25795.560546875,25818.69140625,25759.861328125,25765.748046875,71158000,25795.560546875
2026-05-19 11:35:00-04:00,25823.65625,25831.99609375,25778.73828125,25783.228515625,72044000,25823.65625
2026-05-19 11:40:00-04:00,25832.701171875,25846.90234375,25810.94921875,25824.046875,75122000,25832.701171875
2026-05-19 11:45:00-04:00,25824.0,25836.662109375,25805.677734375,25836.662109375,63076000,25824.0
2026-05-19 11:50:00-04:00,25801.033203125,25826.1171875,25790.0234375,25824.68359375,59936000,25801.033203125
2026-05-19 11:55:00-04:00,25786.951171875,25795.564453125,25767.568359375,25791.748046875,61248000,25786.951171875
2026-05-19 12:00:00-04:00,25834.99609375,25841.5234375,25792.38671875,25792.966796875,59618000,25834.99609375
2026-05-19 12:05:00-04:00,25787.794921875,25840.876953125,25787.794921875,25836.359375,62146000,25787.794921875
2026-05-19 12:10:00-04:00,25779.96875,25796.42578125,25769.42578125,25785.25390625,61480000,25779.96875
2026-05-19 12:15:00-04:00,25816.712890625,25822.439453125,25782.02734375,25782.10546875,57569000,25816.712890625
2026-05-19 12:20:00-04:00,25831.357421875,25831.357421875,25808.171875,25818.314453125,48220000,25831.357421875
2026-05-19 12:25:00-04:00,25859.36328125,25868.302734375,25831.568359375,25831.568359375,60781000,25859.36328125
2026-05-19 12:30:00-04:00,25888.466796875,25890.591796875,25854.0859375,25856.22265625,65391000,25888.466796875
2026-05-19 12:35:00-04:00,25899.990234375,25901.537109375,25868.162109375,25887.916015625,60084000,25899.990234375
2026-05-19 12:40:00-04:00,25916.35546875,25916.35546875,25897.1640625,25899.134765625,51780000,25916.35546875
2026-05-19 12:45:00-04:00,25915.595703125,25922.734375,25902.970703125,25918.279296875,62622000,25915.595703125
2026-05-19 12:50:00-04:00,25957.671875,25957.671875,25908.130859375,25914.017578125,53491000,25957.671875
2026-05-19 12:55:00-04:00,25960.841796875,25967.51953125,25949.814453125,25958.1875,57005000,25960.841796875
2026-05-19 13:00:00-04:00,25991.82421875,25993.244140625,25952.328125,25958.857421875,55956000,25991.82421875
2026-05-19 13:05:00-04:00,26000.931640625,26001.458984375,25980.94140625,25991.193359375,54349000,26000.931640625
2026-05-19 13:10:00-04:00,26008.8359375,26012.23046875,25994.083984375,26002.263671875,57031000,26008.8359375
2026-05-19 13:15:00-04:00,26028.521484375,26035.845703125,26008.81640625,26008.81640625,52425000,26028.521484375
2026-05-19 13:20:00-04:00,26041.88671875,26050.111328125,26026.943359375,26029.986328125,55970000,26041.88671875
2026-05-19 13:25:00-04:00,26013.033203125,26043.759765625,25993.578125,26041.892578125,54818000,26013.033203125
2026-05-19 13:30:00-04:00,26008.865234375,26038.78125,26007.017578125,26011.404296875,52942000,26008.865234375
2026-05-19 13:35:00-04:00,26024.322265625,26026.623046875,26005.91796875,26005.91796875,65959000,26024.322265625
2026-05-19 13:40:00-04:00,26014.66796875,26032.109375,26012.10546875,26025.505859375,49397000,26014.66796875
2026-05-19 13:45:00-04:00,25988.34765625,26015.328125,25967.740234375,26015.328125,51609000,25988.34765625
2026-05-19 13:50:00-04:00,25961.197265625,25988.423828125,25949.423828125,25988.423828125,50734000,25961.197265625
2026-05-19 13:55:00-04:00,26000.83984375,26003.013671875,25969.099609375,25969.099609375,49932000,26000.83984375
2026-05-19 14:00:00-04:00,26014.22265625,26017.611328125,25997.34765625,26002.71875,54902000,26014.22265625
2026-05-19 14:05:00-04:00,26024.013671875,26025.08203125,26012.927734375,26014.662109375,58174000,26024.013671875
2026-05-19 14:10:00-04:00,26007.0859375,26028.02734375,26007.0859375,26021.423828125,46834000,26007.0859375
2026-05-19 14:15:00-04:00,25994.041015625,26012.494140625,25989.560546875,26005.017578125,53946000,25994.041015625
2026-05-19 14:20:00-04:00,25977.55859375,25996.19140625,25958.283203125,25996.19140625,57932000,25977.55859375
2026-05-19 14:25:00-04:00,25963.630859375,25996.5078125,25963.17578125,25978.310546875,55049000,25963.630859375
2026-05-19 14:30:00-04:00,25976.2265625,25980.783203125,25956.234375,25964.02734375,52003000,25976.2265625
2026-05-19 14:35:00-04:00,25958.205078125,25990.34375,25958.205078125,25976.998046875,47117000,25958.205078125
2026-05-19 14:40:00-04:00,25958.41796875,25962.34375,25946.572265625,25958.23828125,53672000,25958.41796875
2026-05-19 14:45:00-04:00,25959.66796875,25959.6875,25938.3359375,25958.08984375,51464000,25959.66796875
2026-05-19 14:50:00-04:00,25920.8359375,25958.294921875,25920.8359375,25958.294921875,59604000,25920.8359375
2026-05-19 14:55:00-04:00,25913.85546875,25917.369140625,25896.546875,25917.369140625,63170000,25913.85546875
2026-05-19 15:00:00-04:00,25921.625,25936.43359375,25912.548828125,25912.548828125,68804000,25921.625
2026-05-19 15:05:00-04:00,25944.0703125,25949.044921875,25904.43359375,25921.51953125,63404000,25944.0703125
2026-05-19 15:10:00-04:00,25975.259765625,25976.763671875,25943.11328125,25943.796875,66597000,25975.259765625
2026-05-19 15:15:00-04:00,25943.025390625,25981.47265625,25943.025390625,25978.978515625,60134000,25943.025390625
2026-05-19 15:20:00-04:00,25893.306640625,25946.990234375,25893.306640625,25945.25390625,59941000,25893.306640625
2026-05-19 15:25:00-04:00,25921.568359375,25924.083984375,25882.734375,25889.478515625,70318000,25921.568359375
2026-05-19 15:30:00-04:00,25913.693359375,25942.021484375,25910.990234375,25921.65234375,73693000,25913.693359375
2026-05-19 15:35:00-04:00,25901.625,25918.19140625,25891.107421875,25915.642578125,67791000,25901.625
2026-05-19 15:40:00-04:00,25886.5078125,25901.4375,25883.72265625,25901.4375,78738000,25886.5078125
2026-05-19 15:45:00-04:00,25874.90625,25892.201171875,25872.5234375,25884.94140625,92433000,25874.90625
2026-05-19 15:50:00-04:00,25838.283203125,25884.642578125,25835.73046875,25868.978515625,144164000,25838.283203125
2026-05-19 15:55:00-04:00,25874.17578125,25880.515625,25825.720703125,25825.720703125,143239000,25874.17578125
2026-05-20 09:30:00-04:00,26030.451171875,26032.80859375,25990.28125,25992.05078125,254236000,26030.451171875
2026-05-20 09:35:00-04:00,25957.017578125,26029.34375,25936.689453125,26029.34375,169187000,25957.017578125
2026-05-20 09:40:00-04:00,26030.77734375,26030.77734375,25950.564453125,25964.216796875,153809000,26030.77734375
2026-05-20 09:45:00-04:00,26031.26953125,26073.177734375,26018.177734375,26035.01953125,135729000,26031.26953125
2026-05-20 09:50:00-04:00,25976.494140625,26044.994140625,25970.115234375,26038.876953125,127036000,25976.494140625
2026-05-20 09:55:00-04:00,25998.419921875,25999.6015625,25950.232421875,25977.6171875,111670000,25998.419921875
2026-05-20 10:00:00-04:00,25980.083984375,26015.759765625,25968.751953125,25996.43359375,119816000,25980.083984375
2026-05-20 10:05:00-04:00,25970.919921875,25997.79296875,25963.591796875,25977.52734375,110299000,25970.919921875
2026-05-20 10:10:00-04:00,25992.50390625,26025.685546875,25928.677734375,25973.802734375,123428000,25992.50390625
2026-05-20 10:15:00-04:00,26076.232421875,26116.1484375,25988.619140625,26003.103515625,141650000,26076.232421875
2026-05-20 10:20:00-04:00,26052.150390625,26117.75,26047.185546875,26080.083984375,119014000,26052.150390625
2026-05-20 10:25:00-04:00,26089.16015625,26100.76953125,26038.025390625,26048.724609375,100543000,26089.16015625
2026-05-20 10:30:00-04:00,26115.62109375,26143.15234375,26097.7265625,26097.7265625,108232000,26115.62109375
2026-05-20 10:35:00-04:00,26103.466796875,26115.681640625,26081.197265625,26112.005859375,92914000,26103.466796875
2026-05-20 10:40:00-04:00,26113.75,26113.75,26090.59375,26096.9296875,97313000,26113.75
2026-05-20 10:45:00-04:00,26100.14453125,26128.1171875,26085.650390625,26123.697265625,95279000,26100.14453125
2026-05-20 10:50:00-04:00,26149.23046875,26149.23046875,26098.90234375,26101.859375,76017000,26149.23046875
2026-05-20 10:55:00-04:00,26165.9140625,26175.693359375,26142.171875,26147.681640625,86168000,26165.9140625
2026-05-20 11:00:00-04:00,26141.498046875,26173.931640625,26140.068359375,26163.4296875,86098000,26141.498046875
2026-05-20 11:05:00-04:00,26150.0078125,26157.994140625,26134.576171875,26142.408203125,82348000,26150.0078125
2026-05-20 11:10:00-04:00,26151.20703125,26155.7421875,26142.43359375,26150.6328125,76303000,26151.20703125
2026-05-20 11:15:00-04:00,26208.85546875,26263.94921875,26152.68359375,26152.68359375,117492000,26208.85546875
2026-05-20 11:20:00-04:00,26206.546875,26228.009765625,26202.443359375,26211.015625,78314000,26206.546875
2026-05-20 11:25:00-04:00,26175.927734375,26209.619140625,26175.419921875,26206.2265625,82100000,26175.927734375
2026-05-20 11:30:00-04:00,26199.900390625,26199.900390625,26175.490234375,26175.490234375,73177000,26199.900390625
2026-05-20 11:35:00-04:00,26192.37109375,26208.140625,26190.810546875,26202.828125,69113000,26192.37109375
2026-05-20 11:40:00-04:00,26203.87109375,26208.201171875,26184.84375,26198.951171875,69302000,26203.87109375
2026-05-20 11:45:00-04:00,26229.04296875,26229.04296875,26202.45703125,26205.208984375,63051000,26229.04296875
2026-05-20 11:50:00-04:00,26222.099609375,26235.423828125,26217.0703125,26230.537109375,67418000,26222.099609375
2026-05-20 11:55:00-04:00,26213.568359375,26229.18359375,26198.91015625,26222.85546875,69563000,26213.568359375
2026-05-20 12:00:00-04:00,26211.255859375,26223.552734375,26200.486328125,26214.787109375,56978000,26211.255859375
2026-05-20 12:05:00-04:00,26207.677734375,26221.880859375,26198.96484375,26211.587890625,59388000,26207.677734375
2026-05-20 12:10:00-04:00,26202.05078125,26215.474609375,26189.755859375,26208.220703125,63438000,26202.05078125
2026-05-20 12:15:00-04:00,26168.890625,26201.24609375,26161.935546875,26201.24609375,55533000,26168.890625
2026-05-20 12:20:00-04:00,26157.494140625,26174.546875,26145.13671875,26168.3359375,63879000,26157.494140625
2026-05-20 12:25:00-04:00,26150.697265625,26153.59375,26132.029296875,26150.26171875,72813000,26150.697265625
2026-05-20 12:30:00-04:00,26145.314453125,26167.751953125,26138.396484375,26152.23046875,62699000,26145.314453125
2026-05-20 12:35:00-04:00,26145.107421875,26155.5859375,26135.513671875,26144.962890625,53695000,26145.107421875
2026-05-20 12:40:00-04:00,26183.830078125,26183.9765625,26139.38671875,26143.6953125,54838000,26183.830078125
2026-05-20 12:45:00-04:00,26156.796875,26190.6640625,26146.52734375,26189.181640625,55900000,26156.796875
2026-05-20 12:50:00-04:00,26167.974609375,26171.96484375,26159.11328125,26159.11328125,48663000,26167.974609375
2026-05-20 12:55:00-04:00,26169.873046875,26175.681640625,26140.220703125,26169.48046875,55117000,26169.873046875
2026-05-20 13:00:00-04:00,26158.23046875,26184.775390625,26158.23046875,26170.755859375,48596000,26158.23046875
2026-05-20 13:05:00-04:00,26152.755859375,26163.2265625,26149.45703125,26159.50390625,49040000,26152.755859375
2026-05-20 13:10:00-04:00,26187.28515625,26197.1796875,26142.68359375,26153.193359375,59847000,26187.28515625
2026-05-20 13:15:00-04:00,26185.19140625,26193.203125,26171.599609375,26187.5,51347000,26185.19140625
2026-05-20 13:20:00-04:00,26178.927734375,26195.27734375,26176.125,26185.5859375,50867000,26178.927734375
2026-05-20 13:25:00-04:00,26198.201171875,26202.115234375,26177.404296875,26179.939453125,45667000,26198.201171875
2026-05-20 13:30:00-04:00,26189.498046875,26206.55078125,26182.806640625,26198.71875,58984000,26189.498046875
2026-05-20 13:35:00-04:00,26213.544921875,26224.3828125,26187.87890625,26189.068359375,48889000,26213.544921875
2026-05-20 13:40:00-04:00,26206.755859375,26211.126953125,26200.42578125,26209.99609375,44985000,26206.755859375
2026-05-20 13:45:00-04:00,26201.6640625,26210.349609375,26196.484375,26207.833984375,46511000,26201.6640625
2026-05-20 13:50:00-04:00,26192.607421875,26205.947265625,26191.630859375,26202.361328125,42390000,26192.607421875
2026-05-20 13:55:00-04:00,26206.267578125,26207.3359375,26189.640625,26189.640625,44751000,26206.267578125
2026-05-20 14:00:00-04:00,26221.591796875,26222.828125,26191.408203125,26207.822265625,58462000,26221.591796875
2026-05-20 14:05:00-04:00,26215.5546875,26224.701171875,26213.861328125,26221.546875,46685000,26215.5546875
2026-05-20 14:10:00-04:00,26210.470703125,26219.89453125,26203.923828125,26215.810546875,50420000,26210.470703125
2026-05-20 14:15:00-04:00,26211.283203125,26221.021484375,26209.224609375,26209.755859375,44073000,26211.283203125
2026-05-20 14:20:00-04:00,26193.900390625,26218.62890625,26193.900390625,26212.04296875,54567000,26193.900390625
2026-05-20 14:25:00-04:00,26210.6796875,26211.001953125,26187.755859375,26194.705078125,42346000,26210.6796875
2026-05-20 14:30:00-04:00,26216.732421875,26219.044921875,26207.5859375,26211.810546875,55258000,26216.732421875
2026-05-20 14:35:00-04:00,26231.861328125,26238.40625,26214.44140625,26216.6640625,52667000,26231.861328125
2026-05-20 14:40:00-04:00,26200.658203125,26234.00390625,26200.658203125,26234.00390625,48581000,26200.658203125
2026-05-20 14:45:00-04:00,26200.083984375,26208.576171875,26195.34765625,26195.96484375,55152000,26200.083984375
2026-05-20 14:50:00-04:00,26198.28125,26204.83984375,26186.99609375,26199.4765625,51286000,26198.28125
2026-05-20 14:55:00-04:00,26198.580078125,26204.7578125,26194.6953125,26197.6875,65948000,26198.580078125
2026-05-20 15:00:00-04:00,26203.1640625,26220.439453125,26197.548828125,26198.830078125,62013000,26203.1640625
2026-05-20 15:05:00-04:00,26203.451171875,26208.4296875,26195.505859375,26199.85546875,59846000,26203.451171875
2026-05-20 15:10:00-04:00,26218.890625,26219.36328125,26198.505859375,26201.947265625,52339000,26218.890625
2026-05-20 15:15:00-04:00,26217.7421875,26224.375,26210.421875,26219.466796875,51894000,26217.7421875
2026-05-20 15:20:00-04:00,26222.8984375,26227.95703125,26216.76171875,26217.7109375,61191000,26222.8984375
2026-05-20 15:25:00-04:00,26224.830078125,26227.939453125,26215.998046875,26223.28125,61817000,26224.830078125
2026-05-20 15:30:00-04:00,26226.904296875,26232.580078125,26213.904296875,26225.150390625,80990000,26226.904296875
2026-05-20 15:35:00-04:00,26243.8671875,26252.787109375,26224.599609375,26226.228515625,85319000,26243.8671875
2026-05-20 15:40:00-04:00,26243.83203125,26247.740234375,26238.28125,26244.076171875,75698000,26243.83203125
2026-05-20 15:45:00-04:00,26242.68359375,26256.931640625,26236.599609375,26241.791015625,74979000,26242.68359375
2026-05-20 15:50:00-04:00,26251.515625,26267.328125,26228.283203125,26233.521484375,125147000,26251.515625
2026-05-20 15:55:00-04:00,26269.388671875,26273.59765625,26240.5859375,26253.15234375,164217000,26269.388671875
2026-05-21 09:30:00-04:00,26192.369140625,26192.369140625,26102.134765625,26136.458984375,0,26192.369140625
2026-05-21 09:35:00-04:00,26122.408203125,26195.43359375,26122.408203125,26195.43359375,161194000,26122.408203125
2026-05-21 09:40:00-04:00,26137.8359375,26171.892578125,26122.421875,26127.01171875,159076000,26137.8359375
2026-05-21 09:45:00-04:00,26109.96484375,26163.232421875,26106.08984375,26137.326171875,135895000,26109.96484375
2026-05-21 09:50:00-04:00,26182.3515625,26188.1875,26103.578125,26113.455078125,125257000,26182.3515625
2026-05-21 09:55:00-04:00,26177.318359375,26202.978515625,26142.0859375,26192.77734375,121506000,26177.318359375
2026-05-21 10:00:00-04:00,26193.498046875,26216.99609375,26177.400390625,26177.400390625,120612000,26193.498046875
2026-05-21 10:05:00-04:00,26215.947265625,26215.947265625,26167.416015625,26194.201171875,108030000,26215.947265625
2026-05-21 10:10:00-04:00,26183.59765625,26217.603515625,26158.0546875,26217.603515625,102849000,26183.59765625
2026-05-21 10:15:00-04:00,26089.525390625,26167.37890625,26089.525390625,26164.84765625,117537000,26089.525390625
2026-05-21 10:20:00-04:00,26061.861328125,26084.818359375,26041.150390625,26072.578125,110680000,26061.861328125
2026-05-21 10:25:00-04:00,26085.2734375,26088.310546875,26048.10546875,26063.431640625,82969000,26085.2734375
2026-05-21 10:30:00-04:00,26088.4375,26120.1328125,26076.0,26086.953125,87577000,26088.4375
2026-05-21 10:35:00-04:00,26130.25,26136.19921875,26093.443359375,26093.443359375,86171000,26130.25
2026-05-21 10:40:00-04:00,26121.013671875,26130.701171875,26097.37890625,26130.701171875,83326000,26121.013671875
2026-05-21 10:45:00-04:00,26087.640625,26128.162109375,26075.791015625,26121.384765625,83872000,26087.640625
2026-05-21 10:50:00-04:00,26118.21875,26118.21875,26069.0546875,26088.55859375,82257000,26118.21875
2026-05-21 10:55:00-04:00,26132.615234375,26146.568359375,26114.765625,26120.646484375,74050000,26132.615234375
2026-05-21 11:00:00-04:00,26117.5859375,26144.544921875,26112.12109375,26136.341796875,71772000,26117.5859375
2026-05-21 11:05:00-04:00,26072.611328125,26121.126953125,26061.76171875,26116.390625,72904000,26072.611328125
2026-05-21 11:10:00-04:00,26134.8203125,26137.955078125,26055.5234375,26055.71875,84249000,26134.8203125
2026-05-21 11:15:00-04:00,26141.88671875,26144.123046875,26127.6015625,26136.470703125,65065000,26141.88671875
2026-05-21 11:20:00-04:00,26135.39453125,26155.548828125,26131.54296875,26142.3515625,65167000,26135.39453125
2026-05-21 11:25:00-04:00,26141.712890625,26151.3984375,26127.8828125,26134.58203125,69544000,26141.712890625
2026-05-21 11:30:00-04:00,26099.072265625,26142.1171875,26095.30078125,26138.35546875,66903000,26099.072265625
2026-05-21 11:35:00-04:00,26153.9296875,26153.9296875,26097.09375,26097.09375,61088000,26153.9296875
2026-05-21 11:40:00-04:00,26158.626953125,26170.291015625,26149.9921875,26150.857421875,53285000,26158.626953125
2026-05-21 11:45:00-04:00,26184.7890625,26187.029296875,26160.830078125,26160.830078125,61899000,26184.7890625
2026-05-21 11:50:00-04:00,26178.1640625,26189.638671875,26172.609375,26185.9765625,56247000,26178.1640625
2026-05-21 11:55:00-04:00,26163.173828125,26182.3671875,26163.173828125,26174.126953125,55423000,26163.173828125
2026-05-21 12:00:00-04:00,26186.701171875,26191.720703125,26165.107421875,26165.107421875,61898000,26186.701171875
2026-05-21 12:05:00-04:00,26199.54296875,26199.54296875,26171.83203125,26187.025390625,60562000,26199.54296875
2026-05-21 12:10:00-04:00,26169.294921875,26198.697265625,26165.486328125,26198.697265625,70153000,26169.294921875
2026-05-21 12:15:00-04:00,26161.8203125,26174.724609375,26157.353515625,26171.767578125,47541000,26161.8203125
2026-05-21 12:20:00-04:00,26144.234375,26168.68359375,26125.2421875,26163.529296875,47484000,26144.234375
2026-05-21 12:25:00-04:00,26145.111328125,26145.75390625,26132.625,26144.376953125,54544000,26145.111328125
2026-05-21 12:30:00-04:00,26152.34375,26159.62109375,26140.646484375,26142.8203125,44102000,26152.34375
2026-05-21 12:35:00-04:00,26139.78515625,26160.076171875,26128.291015625,26153.576171875,46540000,26139.78515625
2026-05-21 12:40:00-04:00,26144.576171875,26152.736328125,26132.54296875,26140.58984375,50594000,26144.576171875
2026-05-21 12:45:00-04:00,26129.666015625,26154.451171875,26121.078125,26146.5390625,47525000,26129.666015625
2026-05-21 12:50:00-04:00,26133.794921875,26138.205078125,26110.08984375,26128.02734375,47739000,26133.794921875
2026-05-21 12:55:00-04:00,26152.501953125,26152.501953125,26132.130859375,26133.20703125,43832000,26152.501953125
2026-05-21 13:00:00-04:00,26165.923828125,26176.505859375,26155.9765625,26155.9765625,50151000,26165.923828125
2026-05-21 13:05:00-04:00,26168.28515625,26174.74609375,26165.599609375,26165.8203125,46336000,26168.28515625
2026-05-21 13:10:00-04:00,26217.708984375,26246.18359375,26166.736328125,26166.736328125,72286000,26217.708984375
2026-05-21 13:15:00-04:00,26277.658203125,26296.50390625,26213.623046875,26216.8515625,90570000,26277.658203125
2026-05-21 13:20:00-04:00,26281.76171875,26325.837890625,26248.513671875,26277.685546875,63654000,26281.76171875
2026-05-21 13:25:00-04:00,26285.02734375,26296.869140625,26282.80859375,26282.80859375,56051000,26285.02734375
2026-05-21 13:30:00-04:00,26302.5,26311.31640625,26283.982421875,26283.982421875,55565000,26302.5
2026-05-21 13:35:00-04:00,26319.50390625,26321.35546875,26303.2109375,26303.541015625,48756000,26319.50390625
2026-05-21 13:40:00-04:00,26347.890625,26348.521484375,26320.50390625,26320.50390625,48533000,26347.890625
2026-05-21 13:45:00-04:00,26352.98046875,26356.82421875,26335.52734375,26348.94921875,54363000,26352.98046875
2026-05-21 13:50:00-04:00,26394.298828125,26395.091796875,26348.974609375,26355.908203125,63469000,26394.298828125
2026-05-21 13:55:00-04:00,26352.818359375,26403.076171875,26352.818359375,26398.115234375,59979000,26352.818359375
2026-05-21 14:00:00-04:00,26330.1953125,26372.025390625,26329.234375,26352.33203125,63047000,26330.1953125
2026-05-21 14:05:00-04:00,26339.8828125,26348.63671875,26325.115234375,26330.697265625,45738000,26339.8828125
2026-05-21 14:10:00-04:00,26306.392578125,26339.955078125,26306.392578125,26338.556640625,52081000,26306.392578125
2026-05-21 14:15:00-04:00,26320.8046875,26321.513671875,26293.978515625,26308.48828125,54511000,26320.8046875
2026-05-21 14:20:00-04:00,26326.498046875,26330.283203125,26311.533203125,26320.546875,52635000,26326.498046875
2026-05-21 14:25:00-04:00,26323.173828125,26333.4765625,26319.173828125,26329.71484375,56199000,26323.173828125
2026-05-21 14:30:00-04:00,26314.97265625,26330.525390625,26310.40625,26322.96484375,57162000,26314.97265625
2026-05-21 14:35:00-04:00,26308.693359375,26317.892578125,26304.875,26315.974609375,51543000,26308.693359375
2026-05-21 14:40:00-04:00,26324.22265625,26329.998046875,26307.875,26308.326171875,53834000,26324.22265625
2026-05-21 14:45:00-04:00,26281.884765625,26329.79296875,26275.927734375,26326.056640625,59888000,26281.884765625
2026-05-21 14:50:00-04:00,26201.96484375,26296.646484375,26201.96484375,26280.8359375,68047000,26201.96484375
2026-05-21 14:55:00-04:00,26217.080078125,26217.080078125,26190.06640625,26190.06640625,66510000,26217.080078125
2026-05-21 15:00:00-04:00,26250.451171875,26252.16796875,26220.140625,26220.140625,54312000,26250.451171875
2026-05-21 15:05:00-04:00,26269.33984375,26269.638671875,26226.865234375,26249.943359375,58884000,26269.33984375
2026-05-21 15:10:00-04:00,26275.310546875,26275.310546875,26257.11328125,26268.771484375,58541000,26275.310546875
2026-05-21 15:15:00-04:00,26290.294921875,26290.400390625,26273.521484375,26276.583984375,56637000,26290.294921875
2026-05-21 15:20:00-04:00,26287.76953125,26295.916015625,26276.798828125,26291.947265625,63729000,26287.76953125
2026-05-21 15:25:00-04:00,26291.66796875,26297.689453125,26281.63671875,26288.099609375,55207000,26291.66796875
2026-05-21 15:30:00-04:00,26277.931640625,26299.46875,26277.76171875,26290.203125,68685000,26277.931640625
2026-05-21 15:35:00-04:00,26291.513671875,26294.87890625,26280.0390625,26280.0390625,70072000,26291.513671875
2026-05-21 15:40:00-04:00,26281.677734375,26302.876953125,26272.041015625,26293.47265625,82539000,26281.677734375
2026-05-21 15:45:00-04:00,26284.703125,26289.490234375,26269.9921875,26279.193359375,86395000,26284.703125
2026-05-21 15:50:00-04:00,26272.15234375,26301.169921875,26258.8984375,26292.650390625,146315000,26272.15234375
2026-05-21 15:55:00-04:00,26296.181640625,26304.69921875,26258.751953125,26258.751953125,165699000,26296.181640625
2026-05-22 09:30:00-04:00,26450.712890625,26458.16796875,26389.158203125,26389.158203125,0,26450.712890625
2026-05-22 09:35:00-04:00,26486.611328125,26500.5859375,26449.234375,26457.443359375,181732000,26486.611328125
2026-05-22 09:40:00-04:00,26436.5546875,26502.515625,26435.640625,26490.55859375,176320000,26436.5546875
2026-05-22 09:45:00-04:00,26427.91015625,26463.478515625,26418.783203125,26449.16015625,156443000,26427.91015625
2026-05-22 09:50:00-04:00,26426.607421875,26437.185546875,26400.33203125,26432.279296875,148117000,26426.607421875
2026-05-22 09:55:00-04:00,26433.970703125,26433.970703125,26397.984375,26428.841796875,137672000,26433.970703125
2026-05-22 10:00:00-04:00,26375.205078125,26419.798828125,26357.02734375,26414.046875,131208000,26375.205078125
2026-05-22 10:05:00-04:00,26372.0390625,26373.83203125,26344.712890625,26373.205078125,131948000,26372.0390625
2026-05-22 10:10:00-04:00,26367.943359375,26388.251953125,26363.767578125,26373.142578125,128761000,26367.943359375
2026-05-22 10:15:00-04:00,26355.720703125,26388.6328125,26355.720703125,26363.302734375,120244000,26355.720703125
2026-05-22 10:20:00-04:00,26325.896484375,26360.458984375,26309.80078125,26356.296875,112602000,26325.896484375
2026-05-22 10:25:00-04:00,26360.306640625,26360.306640625,26325.236328125,26327.380859375,108609000,26360.306640625
2026-05-22 10:30:00-04:00,26387.447265625,26388.841796875,26353.876953125,26363.189453125,110748000,26387.447265625
2026-05-22 10:35:00-04:00,26396.37890625,26403.349609375,26382.009765625,26389.650390625,110877000,26396.37890625
2026-05-22 10:40:00-04:00,26418.259765625,26419.97265625,26396.48046875,26398.255859375,104241000,26418.259765625
2026-05-22 10:45:00-04:00,26413.328125,26421.5,26392.943359375,26421.3125,103486000,26413.328125
2026-05-22 10:50:00-04:00,26413.541015625,26414.47265625,26401.04296875,26414.0625,87281000,26413.541015625
2026-05-22 10:55:00-04:00,26427.65234375,26432.357421875,26410.451171875,26414.591796875,80345000,26427.65234375
2026-05-22 11:00:00-04:00,26448.01171875,26448.396484375,26428.607421875,26431.63671875,118691000,26448.01171875
2026-05-22 11:05:00-04:00,26461.546875,26461.546875,26447.33984375,26447.458984375,90187000,26461.546875
2026-05-22 11:10:00-04:00,26460.970703125,26463.736328125,26454.1953125,26462.880859375,104397000,26460.970703125
2026-05-22 11:15:00-04:00,26473.13671875,26473.13671875,26459.91796875,26461.74609375,96340000,26473.13671875
2026-05-22 11:20:00-04:00,26457.615234375,26471.50390625,26455.876953125,26471.427734375,93739000,26457.615234375
2026-05-22 11:25:00-04:00,26478.58984375,26480.009765625,26452.20703125,26454.376953125,83015000,26478.58984375
2026-05-22 11:30:00-04:00,26468.421875,26481.34375,26466.923828125,26480.2265625,82644000,26468.421875
2026-05-22 11:35:00-04:00,26462.001953125,26476.783203125,26461.625,26469.279296875,75621000,26462.001953125
2026-05-22 11:40:00-04:00,26463.166015625,26468.830078125,26455.6484375,26463.84375,72194000,26463.166015625
2026-05-22 11:45:00-04:00,26436.59765625,26463.30078125,26436.59765625,26463.30078125,71641000,26436.59765625
2026-05-22 11:50:00-04:00,26463.283203125,26463.576171875,26435.810546875,26435.810546875,80721000,26463.283203125
2026-05-22 11:55:00-04:00,26460.916015625,26462.640625,26454.693359375,26462.42578125,68942000,26460.916015625
2026-05-22 12:00:00-04:00,26457.10546875,26465.224609375,26447.607421875,26459.8203125,78567000,26457.10546875
2026-05-22 12:05:00-04:00,26452.486328125,26461.1875,26448.47265625,26454.47265625,59105000,26452.486328125
2026-05-22 12:10:00-04:00,26455.404296875,26461.09765625,26443.935546875,26451.5859375,69382000,26455.404296875
2026-05-22 12:15:00-04:00,26424.90625,26454.57421875,26424.822265625,26454.57421875,65002000,26424.90625
2026-05-22 12:20:00-04:00,26425.78515625,26440.560546875,26423.76953125,26424.57421875,60116000,26425.78515625
2026-05-22 12:25:00-04:00,26439.3515625,26439.3515625,26422.408203125,26425.626953125,65474000,26439.3515625
2026-05-22 12:30:00-04:00,26421.783203125,26446.65234375,26421.08984375,26440.14453125,56386000,26421.783203125
2026-05-22 12:35:00-04:00,26418.951171875,26433.1484375,26413.255859375,26421.630859375,61227000,26418.951171875
2026-05-22 12:40:00-04:00,26411.818359375,26422.19921875,26411.158203125,26419.01171875,56305000,26411.818359375
2026-05-22 12:45:00-04:00,26414.083984375,26430.650390625,26413.431640625,26413.431640625,58934000,26414.083984375
2026-05-22 12:50:00-04:00,26430.73046875,26431.013671875,26412.4921875,26413.77734375,55762000,26430.73046875
2026-05-22 12:55:00-04:00,26431.42578125,26432.97265625,26420.693359375,26430.37890625,68150000,26431.42578125
2026-05-22 13:00:00-04:00,26449.86328125,26452.078125,26432.703125,26433.322265625,57216000,26449.86328125
2026-05-22 13:05:00-04:00,26450.2265625,26455.50390625,26446.89453125,26450.21484375,54393000,26450.2265625
2026-05-22 13:10:00-04:00,26453.78515625,26454.580078125,26448.423828125,26450.638671875,54991000,26453.78515625
2026-05-22 13:15:00-04:00,26444.646484375,26460.453125,26444.646484375,26454.943359375,54289000,26444.646484375
2026-05-22 13:20:00-04:00,26443.9765625,26444.962890625,26415.3359375,26415.3359375,60619000,26443.9765625
2026-05-22 13:25:00-04:00,26493.86328125,26493.86328125,26443.306640625,26447.435546875,70298000,26493.86328125
2026-05-22 13:30:00-04:00,26463.341796875,26499.3984375,26463.01953125,26498.58984375,65710000,26463.341796875
2026-05-22 13:35:00-04:00,26469.455078125,26471.35546875,26448.623046875,26463.01171875,55762000,26469.455078125
2026-05-22 13:40:00-04:00,26457.96484375,26470.0703125,26457.96484375,26469.224609375,44871000,26457.96484375
2026-05-22 13:45:00-04:00,26449.837890625,26460.052734375,26448.228515625,26457.6328125,47297000,26449.837890625
2026-05-22 13:50:00-04:00,26426.322265625,26449.791015625,26420.607421875,26449.3046875,57321000,26426.322265625
2026-05-22 13:55:00-04:00,26419.7109375,26434.578125,26419.5703125,26425.63671875,44411000,26419.7109375
2026-05-22 14:00:00-04:00,26408.271484375,26425.3828125,26397.71484375,26420.88671875,55795000,26408.271484375
2026-05-22 14:05:00-04:00,26422.70703125,26424.021484375,26405.517578125,26406.59375,51926000,26422.70703125
2026-05-22 14:10:00-04:00,26410.736328125,26427.91796875,26406.662109375,26422.5546875,48351000,26410.736328125
2026-05-22 14:15:00-04:00,26408.708984375,26415.052734375,26400.267578125,26411.103515625,55490000,26408.708984375
2026-05-22 14:20:00-04:00,26421.17578125,26421.22265625,26408.25390625,26410.876953125,41587000,26421.17578125
2026-05-22 14:25:00-04:00,26417.123046875,26421.7578125,26410.73828125,26421.626953125,59152000,26417.123046875
2026-05-22 14:30:00-04:00,26411.1015625,26419.1640625,26407.353515625,26417.7578125,47188000,26411.1015625
2026-05-22 14:35:00-04:00,26411.80078125,26420.009765625,26391.921875,26411.734375,53022000,26411.80078125
2026-05-22 14:40:00-04:00,26420.7890625,26427.482421875,26409.681640625,26411.494140625,55225000,26420.7890625
2026-05-22 14:45:00-04:00,26407.23046875,26424.3359375,26404.955078125,26421.630859375,51828000,26407.23046875
2026-05-22 14:50:00-04:00,26418.296875,26422.306640625,26401.845703125,26407.1015625,52131000,26418.296875
2026-05-22 14:55:00-04:00,26409.556640625,26418.955078125,26407.130859375,26418.31640625,56041000,26409.556640625
2026-05-22 15:00:00-04:00,26385.052734375,26415.57421875,26375.935546875,26410.259765625,81305000,26385.052734375
2026-05-22 15:05:00-04:00,26376.8515625,26388.857421875,26367.046875,26385.90234375,52798000,26376.8515625
2026-05-22 15:10:00-04:00,26364.9453125,26381.96875,26360.37109375,26376.04296875,56414000,26364.9453125
2026-05-22 15:15:00-04:00,26361.650390625,26367.744140625,26350.06640625,26365.654296875,60270000,26361.650390625
2026-05-22 15:20:00-04:00,26350.091796875,26361.193359375,26343.693359375,26361.193359375,62541000,26350.091796875
2026-05-22 15:25:00-04:00,26328.423828125,26353.162109375,26324.720703125,26350.119140625,88751000,26328.423828125
2026-05-22 15:30:00-04:00,26344.76953125,26345.220703125,26317.255859375,26326.806640625,64687000,26344.76953125
2026-05-22 15:35:00-04:00,26347.86328125,26357.0078125,26337.810546875,26344.880859375,75454000,26347.86328125
2026-05-22 15:40:00-04:00,26335.099609375,26349.130859375,26325.353515625,26347.6015625,76913000,26335.099609375
2026-05-22 15:45:00-04:00,26331.123046875,26332.43359375,26313.759765625,26329.998046875,85198000,26331.123046875
2026-05-22 15:50:00-04:00,26331.736328125,26344.802734375,26317.083984375,26327.345703125,122772000,26331.736328125
2026-05-22 15:55:00-04:00,26346.2734375,26365.59765625,26335.1953125,26335.1953125,184702000,26346.2734375
2026-05-26 09:30:00-04:00,26559.107421875,26600.037109375,26552.046875,26590.19921875,0,26559.107421875
2026-05-26 09:35:00-04:00,26539.078125,26561.142578125,26537.736328125,26561.142578125,280671000,26539.078125
2026-05-26 09:40:00-04:00,26589.318359375,26590.9140625,26539.3359375,26539.3359375,178074000,26589.318359375
2026-05-26 09:45:00-04:00,26635.310546875,26635.310546875,26594.22265625,26594.22265625,161741000,26635.310546875
2026-05-26 09:50:00-04:00,26604.1796875,26634.41015625,26575.076171875,26634.41015625,160675000,26604.1796875
2026-05-26 09:55:00-04:00,26630.97265625,26630.97265625,26599.267578125,26605.283203125,146073000,26630.97265625
2026-05-26 10:00:00-04:00,26651.65625,26651.65625,26631.396484375,26647.080078125,161843000,26651.65625
2026-05-26 10:05:00-04:00,26662.1015625,26670.984375,26645.724609375,26657.87109375,139903000,26662.1015625
2026-05-26 10:10:00-04:00,26689.734375,26689.734375,26653.8671875,26661.04296875,126125000,26689.734375
2026-05-26 10:15:00-04:00,26695.322265625,26695.322265625,26672.400390625,26690.21484375,118765000,26695.322265625
2026-05-26 10:20:00-04:00,26698.0078125,26707.9765625,26684.435546875,26692.07421875,112808000,26698.0078125
2026-05-26 10:25:00-04:00,26706.392578125,26714.466796875,26692.462890625,26703.78125,111188000,26706.392578125
2026-05-26 10:30:00-04:00,26698.310546875,26716.396484375,26695.451171875,26716.396484375,104199000,26698.310546875
2026-05-26 10:35:00-04:00,26711.380859375,26724.783203125,26699.671875,26701.70703125,103217000,26711.380859375
2026-05-26 10:40:00-04:00,26713.927734375,26722.064453125,26706.251953125,26706.888671875,92629000,26713.927734375
2026-05-26 10:45:00-04:00,26697.560546875,26715.009765625,26697.560546875,26715.009765625,92476000,26697.560546875
2026-05-26 10:50:00-04:00,26687.578125,26707.08203125,26684.359375,26699.244140625,94803000,26687.578125
2026-05-26 10:55:00-04:00,26671.59375,26687.833984375,26670.19140625,26687.833984375,89456000,26671.59375
2026-05-26 11:00:00-04:00,26649.98828125,26679.6171875,26649.18359375,26677.06640625,85763000,26649.98828125
2026-05-26 11:05:00-04:00,26652.669921875,26658.62109375,26626.439453125,26654.751953125,92075000,26652.669921875
2026-05-26 11:10:00-04:00,26649.20703125,26653.6796875,26629.94921875,26653.6796875,85044000,26649.20703125
2026-05-26 11:15:00-04:00,26643.53125,26646.51171875,26619.2890625,26641.53125,93578000,26643.53125
2026-05-26 11:20:00-04:00,26626.068359375,26643.478515625,26617.392578125,26643.12890625,87251000,26626.068359375
2026-05-26 11:25:00-04:00,26614.6953125,26642.1953125,26613.001953125,26626.607421875,79035000,26614.6953125
2026-05-26 11:30:00-04:00,26611.6875,26620.267578125,26602.427734375,26614.171875,71606000,26611.6875
2026-05-26 11:35:00-04:00,26605.3046875,26619.876953125,26585.7421875,26611.38671875,71009000,26605.3046875
2026-05-26 11:40:00-04:00,26587.896484375,26604.48046875,26582.736328125,26601.875,63526000,26587.896484375
2026-05-26 11:45:00-04:00,26567.53125,26592.640625,26567.53125,26589.818359375,62834000,26567.53125
2026-05-26 11:50:00-04:00,26536.794921875,26573.30078125,26530.71484375,26569.103515625,75335000,26536.794921875
2026-05-26 11:55:00-04:00,26547.6953125,26548.7421875,26520.298828125,26536.119140625,70536000,26547.6953125
2026-05-26 12:00:00-04:00,26572.912109375,26578.205078125,26544.548828125,26549.455078125,64855000,26572.912109375
2026-05-26 12:05:00-04:00,26551.3203125,26581.376953125,26548.65625,26572.939453125,57680000,26551.3203125
2026-05-26 12:10:00-04:00,26547.873046875,26562.515625,26541.296875,26553.30859375,56613000,26547.873046875
2026-05-26 12:15:00-04:00,26564.322265625,26565.857421875,26541.2109375,26548.298828125,64005000,26564.322265625
2026-05-26 12:20:00-04:00,26572.470703125,26572.470703125,26552.115234375,26564.033203125,56457000,26572.470703125
2026-05-26 12:25:00-04:00,26600.150390625,26600.353515625,26573.330078125,26574.767578125,59199000,26600.150390625
2026-05-26 12:30:00-04:00,26614.462890625,26615.740234375,26600.236328125,26600.748046875,54180000,26614.462890625
2026-05-26 12:35:00-04:00,26602.220703125,26617.7578125,26602.220703125,26614.509765625,56684000,26602.220703125
2026-05-26 12:40:00-04:00,26576.171875,26599.66015625,26576.171875,26599.66015625,57901000,26576.171875
2026-05-26 12:45:00-04:00,26566.53515625,26591.091796875,26566.53515625,26576.404296875,58950000,26566.53515625
2026-05-26 12:50:00-04:00,26589.572265625,26589.572265625,26565.76953125,26565.76953125,59917000,26589.572265625
2026-05-26 12:55:00-04:00,26582.869140625,26591.05078125,26581.53125,26589.494140625,48460000,26582.869140625
2026-05-26 13:00:00-04:00,26593.880859375,26603.4375,26577.603515625,26581.255859375,56593000,26593.880859375
2026-05-26 13:05:00-04:00,26580.220703125,26597.0625,26577.6875,26595.060546875,48133000,26580.220703125
2026-05-26 13:10:00-04:00,26584.029296875,26586.86328125,26577.890625,26581.146484375,45825000,26584.029296875
2026-05-26 13:15:00-04:00,26567.060546875,26584.76171875,26566.234375,26584.322265625,49229000,26567.060546875
2026-05-26 13:20:00-04:00,26559.056640625,26580.75390625,26554.50390625,26566.64453125,50583000,26559.056640625
2026-05-26 13:25:00-04:00,26561.9140625,26566.138671875,26554.34375,26559.28125,52554000,26561.9140625
2026-05-26 13:30:00-04:00,26577.669921875,26577.669921875,26553.28125,26561.224609375,56406000,26577.669921875
2026-05-26 13:35:00-04:00,26562.5234375,26581.984375,26562.296875,26577.982421875,48784000,26562.5234375
2026-05-26 13:40:00-04:00,26569.462890625,26574.123046875,26553.51171875,26562.72265625,40893000,26569.462890625
2026-05-26 13:45:00-04:00,26587.935546875,26589.7890625,26569.783203125,26569.783203125,45763000,26587.935546875
2026-05-26 13:50:00-04:00,26586.203125,26593.787109375,26584.599609375,26588.5234375,54266000,26586.203125
2026-05-26 13:55:00-04:00,26579.78515625,26584.443359375,26569.064453125,26582.9921875,45022000,26579.78515625
2026-05-26 14:00:00-04:00,26587.08984375,26589.34375,26567.46484375,26578.611328125,54475000,26587.08984375
2026-05-26 14:05:00-04:00,26598.080078125,26598.962890625,26584.23828125,26588.41015625,48940000,26598.080078125
2026-05-26 14:10:00-04:00,26605.76171875,26611.88671875,26598.8984375,26599.07421875,50350000,26605.76171875
2026-05-26 14:15:00-04:00,26624.5,26624.5,26607.322265625,26607.408203125,47631000,26624.5
2026-05-26 14:20:00-04:00,26622.318359375,26631.84765625,26618.912109375,26625.1015625,52836000,26622.318359375
2026-05-26 14:25:00-04:00,26618.703125,26628.7734375,26615.20703125,26622.546875,55672000,26618.703125
2026-05-26 14:30:00-04:00,26622.76953125,26627.7109375,26615.544921875,26618.619140625,59810000,26622.76953125
2026-05-26 14:35:00-04:00,26618.109375,26625.22265625,26612.08203125,26623.638671875,46648000,26618.109375
2026-05-26 14:40:00-04:00,26596.294921875,26618.529296875,26596.294921875,26617.521484375,55883000,26596.294921875
2026-05-26 14:45:00-04:00,26595.78125,26604.962890625,26594.287109375,26596.505859375,62082000,26595.78125
2026-05-26 14:50:00-04:00,26601.087890625,26611.0078125,26592.369140625,26595.923828125,58734000,26601.087890625
2026-05-26 14:55:00-04:00,26579.439453125,26605.623046875,26576.287109375,26600.974609375,78263000,26579.439453125
2026-05-26 15:00:00-04:00,26590.07421875,26590.2265625,26573.783203125,26579.076171875,70280000,26590.07421875
2026-05-26 15:05:00-04:00,26604.193359375,26604.728515625,26583.73046875,26590.650390625,69585000,26604.193359375
2026-05-26 15:10:00-04:00,26599.291015625,26610.140625,26595.900390625,26603.361328125,55144000,26599.291015625
2026-05-26 15:15:00-04:00,26607.013671875,26612.078125,26599.01171875,26599.01171875,62558000,26607.013671875
2026-05-26 15:20:00-04:00,26609.16015625,26615.533203125,26603.189453125,26608.177734375,58867000,26609.16015625
2026-05-26 15:25:00-04:00,26616.421875,26616.46875,26610.314453125,26610.888671875,71051000,26616.421875
2026-05-26 15:30:00-04:00,26633.96875,26634.701171875,26615.20703125,26615.20703125,78605000,26633.96875
2026-05-26 15:35:00-04:00,26643.65234375,26643.7109375,26630.73046875,26633.609375,83919000,26643.65234375
2026-05-26 15:40:00-04:00,26653.79296875,26654.712890625,26641.568359375,26642.64453125,84017000,26653.79296875
2026-05-26 15:45:00-04:00,26657.029296875,26660.005859375,26646.90234375,26651.525390625,87976000,26657.029296875
2026-05-26 15:50:00-04:00,26662.46484375,26675.345703125,26652.20703125,26664.806640625,139447000,26662.46484375
2026-05-26 15:55:00-04:00,26652.78515625,26661.83203125,26646.0,26659.447265625,171032000,26652.78515625
2026-05-27 09:30:00-04:00,26682.2890625,26711.359375,26666.640625,26691.94921875,0,26682.2890625
2026-05-27 09:35:00-04:00,26659.685546875,26691.732421875,26648.697265625,26682.951171875,207340000,26659.685546875
2026-05-27 09:40:00-04:00,26582.17578125,26653.775390625,26574.6875,26650.521484375,166258000,26582.17578125
2026-05-27 09:45:00-04:00,26598.25390625,26620.484375,26571.982421875,26582.802734375,160430000,26598.25390625
2026-05-27 09:50:00-04:00,26621.3515625,26658.265625,26593.109375,26603.359375,151520000,26621.3515625
2026-05-27 09:55:00-04:00,26663.42578125,26663.42578125,26600.27734375,26620.52734375,145093000,26663.42578125
2026-05-27 10:00:00-04:00,26696.38671875,26707.78125,26651.525390625,26668.44921875,149755000,26696.38671875
2026-05-27 10:05:00-04:00,26644.1171875,26699.30859375,26628.46875,26696.4453125,146991000,26644.1171875
2026-05-27 10:10:00-04:00,26648.693359375,26651.412109375,26615.1953125,26646.54296875,133205000,26648.693359375
2026-05-27 10:15:00-04:00,26662.912109375,26679.33984375,26640.98046875,26651.322265625,124712000,26662.912109375
2026-05-27 10:20:00-04:00,26606.294921875,26668.265625,26606.029296875,26666.78125,118068000,26606.294921875
2026-05-27 10:25:00-04:00,26575.234375,26601.42578125,26557.35546875,26600.72265625,122809000,26575.234375
2026-05-27 10:30:00-04:00,26600.779296875,26601.60546875,26556.29296875,26578.740234375,106539000,26600.779296875
2026-05-27 10:35:00-04:00,26639.19140625,26641.97265625,26592.541015625,26601.333984375,100867000,26639.19140625
2026-05-27 10:40:00-04:00,26634.357421875,26655.423828125,26617.87890625,26640.5078125,97497000,26634.357421875
2026-05-27 10:45:00-04:00,26619.4375,26650.046875,26617.173828125,26633.9375,92014000,26619.4375
2026-05-27 10:50:00-04:00,26634.078125,26640.669921875,26616.890625,26616.890625,81183000,26634.078125
2026-05-27 10:55:00-04:00,26587.724609375,26634.13671875,26574.927734375,26634.13671875,81263000,26587.724609375
2026-05-27 11:00:00-04:00,26593.76953125,26604.478515625,26572.73046875,26591.046875,79963000,26593.76953125
2026-05-27 11:05:00-04:00,26609.52734375,26609.52734375,26582.908203125,26592.5703125,73279000,26609.52734375
2026-05-27 11:10:00-04:00,26608.98046875,26621.443359375,26607.271484375,26609.341796875,91169000,26608.98046875
2026-05-27 11:15:00-04:00,26570.435546875,26603.013671875,26570.435546875,26603.013671875,89048000,26570.435546875
2026-05-27 11:20:00-04:00,26581.287109375,26581.314453125,26553.287109375,26573.025390625,75813000,26581.287109375
2026-05-27 11:25:00-04:00,26599.9375,26599.9375,26579.111328125,26580.296875,67904000,26599.9375
2026-05-27 11:30:00-04:00,26617.126953125,26624.2578125,26601.529296875,26601.6328125,76095000,26617.126953125
2026-05-27 11:35:00-04:00,26568.52734375,26622.923828125,26567.546875,26620.357421875,76658000,26568.52734375
2026-05-27 11:40:00-04:00,26552.166015625,26580.078125,26549.28125,26568.291015625,69759000,26552.166015625
2026-05-27 11:45:00-04:00,26551.55859375,26573.107421875,26538.630859375,26552.365234375,67992000,26551.55859375
2026-05-27 11:50:00-04:00,26567.546875,26583.375,26546.263671875,26555.25,72749000,26567.546875
2026-05-27 11:55:00-04:00,26575.796875,26581.455078125,26555.265625,26568.615234375,66771000,26575.796875
2026-05-27 12:00:00-04:00,26570.521484375,26589.451171875,26564.447265625,26576.2109375,68405000,26570.521484375
2026-05-27 12:05:00-04:00,26603.763671875,26603.763671875,26570.287109375,26570.287109375,59323000,26603.763671875
2026-05-27 12:10:00-04:00,26620.283203125,26624.626953125,26602.80859375,26606.53515625,63160000,26620.283203125
2026-05-27 12:15:00-04:00,26609.486328125,26627.3984375,26602.720703125,26620.134765625,64842000,26609.486328125
2026-05-27 12:20:00-04:00,26634.90234375,26636.013671875,26608.6328125,26609.498046875,68115000,26634.90234375
2026-05-27 12:25:00-04:00,26626.82421875,26635.025390625,26613.93359375,26635.025390625,67937000,26626.82421875
2026-05-27 12:30:00-04:00,26630.24609375,26636.83203125,26620.259765625,26625.84375,50941000,26630.24609375
2026-05-27 12:35:00-04:00,26656.869140625,26656.9296875,26629.1484375,26630.453125,62284000,26656.869140625
2026-05-27 12:40:00-04:00,26668.810546875,26675.892578125,26655.0703125,26657.86328125,52224000,26668.810546875
2026-05-27 12:45:00-04:00,26682.318359375,26682.318359375,26663.900390625,26672.802734375,73219000,26682.318359375
2026-05-27 12:50:00-04:00,26648.90234375,26683.322265625,26647.232421875,26682.57421875,57947000,26648.90234375
2026-05-27 12:55:00-04:00,26637.98828125,26649.3828125,26625.033203125,26649.3828125,54049000,26637.98828125
2026-05-27 13:00:00-04:00,26625.93359375,26643.24609375,26625.93359375,26638.26953125,59257000,26625.93359375
2026-05-27 13:05:00-04:00,26560.798828125,26631.0703125,26560.798828125,26625.55078125,62667000,26560.798828125
2026-05-27 13:10:00-04:00,26573.48046875,26585.916015625,26561.958984375,26565.33203125,59986000,26573.48046875
2026-05-27 13:15:00-04:00,26599.701171875,26600.40234375,26573.53515625,26574.599609375,46780000,26599.701171875
2026-05-27 13:20:00-04:00,26612.099609375,26613.919921875,26598.779296875,26599.4375,49930000,26612.099609375
2026-05-27 13:25:00-04:00,26607.841796875,26620.537109375,26607.50390625,26611.44140625,50849000,26607.841796875
2026-05-27 13:30:00-04:00,26623.482421875,26624.380859375,26607.734375,26607.734375,50467000,26623.482421875
2026-05-27 13:35:00-04:00,26627.005859375,26634.998046875,26619.46484375,26621.6640625,49391000,26627.005859375
2026-05-27 13:40:00-04:00,26603.017578125,26625.56640625,26602.33203125,26624.69140625,51696000,26603.017578125
2026-05-27 13:45:00-04:00,26612.455078125,26614.591796875,26599.806640625,26603.65234375,40440000,26612.455078125
2026-05-27 13:50:00-04:00,26627.599609375,26629.369140625,26613.6953125,26615.130859375,44289000,26627.599609375
2026-05-27 13:55:00-04:00,26621.837890625,26635.015625,26621.10546875,26629.935546875,53109000,26621.837890625
2026-05-27 14:00:00-04:00,26628.1484375,26634.40234375,26615.236328125,26621.779296875,54729000,26628.1484375
2026-05-27 14:05:00-04:00,26642.552734375,26648.640625,26618.115234375,26629.201171875,65019000,26642.552734375
2026-05-27 14:10:00-04:00,26645.625,26647.794921875,26632.908203125,26642.55078125,53476000,26645.625
2026-05-27 14:15:00-04:00,26657.677734375,26659.474609375,26640.837890625,26645.5546875,59512000,26657.677734375
2026-05-27 14:20:00-04:00,26676.869140625,26677.1171875,26656.037109375,26658.416015625,58546000,26676.869140625
2026-05-27 14:25:00-04:00,26689.072265625,26690.09765625,26675.45703125,26677.796875,59214000,26689.072265625
2026-05-27 14:30:00-04:00,26688.248046875,26692.26171875,26680.62890625,26689.99609375,53866000,26688.248046875
2026-05-27 14:35:00-04:00,26673.587890625,26688.2890625,26658.947265625,26687.9921875,62560000,26673.587890625
2026-05-27 14:40:00-04:00,26675.626953125,26681.2109375,26668.546875,26673.3515625,62722000,26675.626953125
2026-05-27 14:45:00-04:00,26672.27734375,26682.0625,26672.27734375,26675.044921875,53044000,26672.27734375
2026-05-27 14:50:00-04:00,26673.568359375,26684.009765625,26666.615234375,26673.63671875,56144000,26673.568359375
2026-05-27 14:55:00-04:00,26672.2265625,26684.7421875,26668.09375,26673.552734375,58827000,26672.2265625
2026-05-27 15:00:00-04:00,26684.06640625,26686.001953125,26661.048828125,26674.41015625,64969000,26684.06640625
2026-05-27 15:05:00-04:00,26676.46484375,26686.33203125,26668.96875,26683.525390625,64342000,26676.46484375
2026-05-27 15:10:00-04:00,26676.294921875,26679.6015625,26669.9140625,26675.890625,60807000,26676.294921875
2026-05-27 15:15:00-04:00,26673.748046875,26686.6953125,26673.51953125,26676.298828125,71010000,26673.748046875
2026-05-27 15:20:00-04:00,26667.361328125,26679.705078125,26665.21484375,26675.654296875,60057000,26667.361328125
2026-05-27 15:25:00-04:00,26661.59765625,26667.90625,26648.328125,26667.90625,74070000,26661.59765625
2026-05-27 15:30:00-04:00,26668.04296875,26676.638671875,26660.8828125,26662.25390625,79055000,26668.04296875
2026-05-27 15:35:00-04:00,26685.0234375,26689.986328125,26668.341796875,26669.822265625,78411000,26685.0234375
2026-05-27 15:40:00-04:00,26690.220703125,26690.220703125,26681.107421875,26685.380859375,81618000,26690.220703125
2026-05-27 15:45:00-04:00,26678.03125,26693.892578125,26678.03125,26691.41796875,103055000,26678.03125
2026-05-27 15:50:00-04:00,26661.798828125,26680.57421875,26660.849609375,26667.498046875,136020000,26661.798828125
2026-05-27 15:55:00-04:00,26676.603515625,26678.931640625,26658.736328125,26658.736328125,146338000,26676.603515625
2026-05-28 09:30:00-04:00,26632.19140625,26707.390625,26625.095703125,26694.142578125,0,26632.19140625
2026-05-28 09:35:00-04:00,26623.375,26638.986328125,26609.826171875,26622.865234375,162637000,26623.375
2026-05-28 09:40:00-04:00,26595.337890625,26623.736328125,26589.712890625,26612.76953125,136230000,26595.337890625
2026-05-28 09:45:00-04:00,26600.759765625,26616.353515625,26591.03125,26605.02734375,139705000,26600.759765625
2026-05-28 09:50:00-04:00,26622.044921875,26651.73046875,26595.0703125,26597.212890625,128758000,26622.044921875
2026-05-28 09:55:00-04:00,26654.80078125,26656.67578125,26623.66015625,26623.66015625,115457000,26654.80078125
2026-05-28 10:00:00-04:00,26672.298828125,26686.2265625,26645.189453125,26657.322265625,123494000,26672.298828125
2026-05-28 10:05:00-04:00,26685.35546875,26686.08203125,26654.828125,26673.7890625,107814000,26685.35546875
2026-05-28 10:10:00-04:00,26782.193359375,26793.01953125,26652.115234375,26686.19921875,119976000,26782.193359375
2026-05-28 10:15:00-04:00,26778.01171875,26804.2734375,26747.390625,26784.888671875,145174000,26778.01171875
2026-05-28 10:20:00-04:00,26729.564453125,26788.265625,26710.6171875,26780.017578125,110873000,26729.564453125
2026-05-28 10:25:00-04:00,26757.099609375,26758.302734375,26727.8671875,26727.8671875,90343000,26757.099609375
2026-05-28 10:30:00-04:00,26714.783203125,26766.427734375,26714.783203125,26760.193359375,89264000,26714.783203125
2026-05-28 10:35:00-04:00,26724.94140625,26738.443359375,26715.5546875,26715.5546875,85602000,26724.94140625
2026-05-28 10:40:00-04:00,26766.486328125,26766.826171875,26724.06640625,26724.06640625,88881000,26766.486328125
2026-05-28 10:45:00-04:00,26745.34375,26773.064453125,26739.875,26767.927734375,91101000,26745.34375
2026-05-28 10:50:00-04:00,26778.224609375,26781.181640625,26745.908203125,26745.908203125,78424000,26778.224609375
2026-05-28 10:55:00-04:00,26782.80078125,26784.19921875,26769.013671875,26778.15234375,81210000,26782.80078125
2026-05-28 11:00:00-04:00,26826.642578125,26829.681640625,26783.666015625,26784.294921875,86604000,26826.642578125
2026-05-28 11:05:00-04:00,26817.4375,26833.826171875,26808.869140625,26828.94921875,78234000,26817.4375
2026-05-28 11:10:00-04:00,26808.525390625,26820.91015625,26807.990234375,26819.634765625,76692000,26808.525390625
2026-05-28 11:15:00-04:00,26815.484375,26817.720703125,26800.13671875,26808.884765625,76639000,26815.484375
2026-05-28 11:20:00-04:00,26830.6796875,26831.607421875,26815.251953125,26816.234375,83035000,26830.6796875
2026-05-28 11:25:00-04:00,26843.86328125,26852.890625,26828.8046875,26829.01953125,82250000,26843.86328125
2026-05-28 11:30:00-04:00,26853.6171875,26854.087890625,26836.849609375,26841.25390625,80401000,26853.6171875
2026-05-28 11:35:00-04:00,26856.6484375,26860.830078125,26843.8984375,26851.80078125,76117000,26856.6484375
2026-05-28 11:40:00-04:00,26845.55078125,26856.865234375,26843.69921875,26856.865234375,79513000,26845.55078125
2026-05-28 11:45:00-04:00,26838.947265625,26847.466796875,26835.083984375,26844.0234375,68821000,26838.947265625
2026-05-28 11:50:00-04:00,26839.548828125,26855.40625,26839.310546875,26839.310546875,64185000,26839.548828125
2026-05-28 11:55:00-04:00,26846.107421875,26850.57421875,26834.880859375,26835.642578125,65387000,26846.107421875
2026-05-28 12:00:00-04:00,26834.693359375,26845.58984375,26827.181640625,26845.58984375,69272000,26834.693359375
2026-05-28 12:05:00-04:00,26845.939453125,26846.859375,26835.650390625,26835.650390625,55706000,26845.939453125
2026-05-28 12:10:00-04:00,26850.06640625,26851.150390625,26844.6171875,26846.083984375,58622000,26850.06640625
2026-05-28 12:15:00-04:00,26871.982421875,26874.99609375,26845.775390625,26849.462890625,57843000,26871.982421875
2026-05-28 12:20:00-04:00,26885.826171875,26887.9765625,26860.470703125,26873.091796875,66412000,26885.826171875
2026-05-28 12:25:00-04:00,26870.140625,26884.48046875,26869.67578125,26883.728515625,51298000,26870.140625
2026-05-28 12:30:00-04:00,26853.357421875,26872.951171875,26853.357421875,26870.265625,52696000,26853.357421875
2026-05-28 12:35:00-04:00,26857.0546875,26859.521484375,26846.078125,26853.7890625,59390000,26857.0546875
2026-05-28 12:40:00-04:00,26871.150390625,26872.443359375,26856.73828125,26857.400390625,55413000,26871.150390625
2026-05-28 12:45:00-04:00,26865.76953125,26882.212890625,26865.76953125,26872.34765625,55725000,26865.76953125
2026-05-28 12:50:00-04:00,26864.4453125,26869.060546875,26861.3359375,26866.126953125,62901000,26864.4453125
2026-05-28 12:55:00-04:00,26885.775390625,26887.921875,26864.5,26864.83203125,51860000,26885.775390625
2026-05-28 13:00:00-04:00,26894.142578125,26897.681640625,26886.259765625,26886.259765625,58577000,26894.142578125
2026-05-28 13:05:00-04:00,26884.546875,26897.345703125,26883.705078125,26894.8203125,53670000,26884.546875
2026-05-28 13:10:00-04:00,26880.314453125,26887.751953125,26879.1015625,26883.857421875,65144000,26880.314453125
2026-05-28 13:15:00-04:00,26873.375,26882.384765625,26871.865234375,26881.615234375,52190000,26873.375
2026-05-28 13:20:00-04:00,26889.69140625,26890.958984375,26873.2109375,26873.2109375,52194000,26889.69140625
2026-05-28 13:25:00-04:00,26877.033203125,26892.24609375,26877.033203125,26890.31640625,54352000,26877.033203125
2026-05-28 13:30:00-04:00,26873.966796875,26891.26953125,26873.966796875,26878.296875,62417000,26873.966796875
2026-05-28 13:35:00-04:00,26893.1640625,26894.099609375,26872.7421875,26872.7421875,61210000,26893.1640625
2026-05-28 13:40:00-04:00,26900.806640625,26904.33203125,26889.130859375,26893.923828125,57244000,26900.806640625
2026-05-28 13:45:00-04:00,26918.451171875,26919.125,26899.974609375,26900.41015625,58335000,26918.451171875
2026-05-28 13:50:00-04:00,26927.947265625,26928.26953125,26918.67578125,26918.67578125,56946000,26927.947265625
2026-05-28 13:55:00-04:00,26913.623046875,26928.048828125,26909.759765625,26927.314453125,57665000,26913.623046875
2026-05-28 14:00:00-04:00,26931.431640625,26931.431640625,26907.279296875,26915.513671875,55881000,26931.431640625
2026-05-28 14:05:00-04:00,26918.869140625,26930.5625,26918.654296875,26930.5625,59374000,26918.869140625
2026-05-28 14:10:00-04:00,26904.171875,26919.7734375,26903.541015625,26919.7734375,52794000,26904.171875
2026-05-28 14:15:00-04:00,26909.166015625,26918.296875,26904.7421875,26904.7421875,55117000,26909.166015625
2026-05-28 14:20:00-04:00,26917.767578125,26918.3046875,26902.068359375,26908.626953125,55092000,26917.767578125
2026-05-28 14:25:00-04:00,26918.103515625,26921.638671875,26915.1796875,26917.98046875,59858000,26918.103515625
2026-05-28 14:30:00-04:00,26916.427734375,26919.08984375,26912.3359375,26916.0078125,51334000,26916.427734375
2026-05-28 14:35:00-04:00,26907.078125,26916.431640625,26902.46484375,26916.330078125,58410000,26907.078125
2026-05-28 14:40:00-04:00,26914.6484375,26918.54296875,26906.04296875,26906.544921875,53568000,26914.6484375
2026-05-28 14:45:00-04:00,26905.556640625,26918.291015625,26902.326171875,26915.4609375,60438000,26905.556640625
2026-05-28 14:50:00-04:00,26921.15625,26921.3828125,26903.369140625,26905.28125,55944000,26921.15625
2026-05-28 14:55:00-04:00,26903.48828125,26924.228515625,26903.48828125,26921.8984375,63569000,26903.48828125
2026-05-28 15:00:00-04:00,26909.591796875,26909.591796875,26893.72265625,26903.154296875,60671000,26909.591796875
2026-05-28 15:05:00-04:00,26909.126953125,26915.337890625,26908.291015625,26909.0703125,64685000,26909.126953125
2026-05-28 15:10:00-04:00,26900.54296875,26918.068359375,26900.318359375,26910.052734375,51911000,26900.54296875
2026-05-28 15:15:00-04:00,26898.255859375,26902.80078125,26892.19140625,26899.888671875,62160000,26898.255859375
2026-05-28 15:20:00-04:00,26905.521484375,26905.521484375,26894.0,26897.935546875,61156000,26905.521484375
2026-05-28 15:25:00-04:00,26915.576171875,26917.111328125,26903.970703125,26903.970703125,70063000,26915.576171875
2026-05-28 15:30:00-04:00,26923.32421875,26927.375,26914.787109375,26915.443359375,82171000,26923.32421875
2026-05-28 15:35:00-04:00,26933.529296875,26933.8671875,26921.939453125,26922.056640625,77046000,26933.529296875
2026-05-28 15:40:00-04:00,26919.55859375,26934.705078125,26918.904296875,26934.705078125,88868000,26919.55859375
2026-05-28 15:45:00-04:00,26922.75,26933.158203125,26916.41015625,26918.27734375,100725000,26922.75
2026-05-28 15:50:00-04:00,26910.65234375,26921.947265625,26898.939453125,26911.44921875,162874000,26910.65234375
2026-05-28 15:55:00-04:00,26916.9140625,26922.384765625,26902.248046875,26907.404296875,178818000,26916.9140625
2026-05-29 09:30:00-04:00,26948.32421875,26991.85546875,26942.927734375,26950.240234375,0,26948.32421875
2026-05-29 09:35:00-04:00,27004.2265625,27008.09375,26949.7890625,26949.7890625,237480000,27004.2265625
2026-05-29 09:40:00-04:00,27058.6796875,27058.6796875,27004.4375,27004.4375,200781000,27058.6796875
2026-05-29 09:45:00-04:00,27065.6328125,27067.265625,27044.234375,27061.65234375,183441000,27065.6328125
2026-05-29 09:50:00-04:00,27066.587890625,27081.703125,27056.958984375,27061.435546875,161731000,27066.587890625
2026-05-29 09:55:00-04:00,27073.69921875,27081.7578125,27065.318359375,27067.41796875,171164000,27073.69921875
2026-05-29 10:00:00-04:00,27073.953125,27093.24609375,27069.138671875,27087.556640625,175939000,27073.953125
2026-05-29 10:05:00-04:00,27043.25390625,27082.07421875,27043.25390625,27078.671875,180199000,27043.25390625
2026-05-29 10:10:00-04:00,27016.048828125,27057.916015625,27016.048828125,27036.234375,175812000,27016.048828125
2026-05-29 10:15:00-04:00,26978.080078125,27016.330078125,26960.98828125,27016.330078125,157769000,26978.080078125
2026-05-29 10:20:00-04:00,26952.291015625,26996.580078125,26952.291015625,26975.0390625,138023000,26952.291015625
2026-05-29 10:25:00-04:00,26967.97265625,26967.97265625,26914.375,26948.111328125,138029000,26967.97265625
2026-05-29 10:30:00-04:00,26988.94140625,26989.73828125,26950.48828125,26969.48046875,134196000,26988.94140625
2026-05-29 10:35:00-04:00,26919.8984375,26990.173828125,26919.107421875,26987.439453125,120211000,26919.8984375
2026-05-29 10:40:00-04:00,26875.951171875,26931.4296875,26874.76953125,26928.8046875,152230000,26875.951171875
2026-05-29 10:45:00-04:00,26889.81640625,26904.142578125,26861.3515625,26867.548828125,122003000,26889.81640625
2026-05-29 10:50:00-04:00,26926.265625,26965.513671875,26886.38671875,26889.603515625,139413000,26926.265625
2026-05-29 10:55:00-04:00,26937.181640625,26959.599609375,26928.5390625,26928.5390625,104874000,26937.181640625
2026-05-29 11:00:00-04:00,26953.978515625,26954.943359375,26930.171875,26942.609375,103676000,26953.978515625
2026-05-29 11:05:00-04:00,26979.3515625,26981.24609375,26935.080078125,26953.35546875,107812000,26979.3515625
2026-05-29 11:10:00-04:00,27012.904296875,27012.904296875,26980.423828125,26981.27734375,105916000,27012.904296875
2026-05-29 11:15:00-04:00,26986.68359375,27019.9921875,26985.732421875,27012.150390625,96703000,26986.68359375
2026-05-29 11:20:00-04:00,26984.330078125,26987.830078125,26955.859375,26982.53125,89710000,26984.330078125
2026-05-29 11:25:00-04:00,26989.72265625,27003.486328125,26966.486328125,26983.67578125,86160000,26989.72265625
2026-05-29 11:30:00-04:00,26998.705078125,27003.41796875,26987.61328125,26987.61328125,85696000,26998.705078125
2026-05-29 11:35:00-04:00,26998.359375,27004.580078125,26978.921875,26993.01953125,83808000,26998.359375
2026-05-29 11:40:00-04:00,26969.34765625,27000.60546875,26963.076171875,26997.642578125,83458000,26969.34765625
2026-05-29 11:45:00-04:00,26972.451171875,26972.451171875,26956.03125,26967.73046875,78564000,26972.451171875
2026-05-29 11:50:00-04:00,26973.013671875,26984.025390625,26962.166015625,26973.5,78506000,26973.013671875
2026-05-29 11:55:00-04:00,26962.53125,26975.361328125,26958.41796875,26972.478515625,72298000,26962.53125
2026-05-29 12:00:00-04:00,26996.544921875,26997.630859375,26960.162109375,26963.86328125,72804000,26996.544921875
2026-05-29 12:05:00-04:00,27019.54296875,27019.685546875,26991.388671875,26996.0234375,79556000,27019.54296875
2026-05-29 12:10:00-04:00,27025.615234375,27032.39453125,27019.609375,27020.291015625,84703000,27025.615234375
2026-05-29 12:15:00-04:00,27007.884765625,27029.89453125,27003.033203125,27026.2421875,81442000,27007.884765625
2026-05-29 12:20:00-04:00,27016.177734375,27027.517578125,27003.83203125,27007.29296875,80722000,27016.177734375
2026-05-29 12:25:00-04:00,26992.951171875,27012.689453125,26991.595703125,27012.689453125,66236000,26992.951171875
2026-05-29 12:30:00-04:00,27011.779296875,27017.822265625,26982.087890625,26992.47265625,88999000,27011.779296875
2026-05-29 12:35:00-04:00,27031.796875,27032.248046875,27008.248046875,27012.685546875,74017000,27031.796875
2026-05-29 12:40:00-04:00,27022.31640625,27038.373046875,27020.306640625,27033.0859375,78761000,27022.31640625
2026-05-29 12:45:00-04:00,27010.072265625,27024.701171875,27010.072265625,27021.623046875,75434000,27010.072265625
2026-05-29 12:50:00-04:00,26999.61328125,27009.623046875,26988.24609375,27009.623046875,58846000,26999.61328125
2026-05-29 12:55:00-04:00,26993.0625,27000.833984375,26979.251953125,26998.267578125,71619000,26993.0625
2026-05-29 13:00:00-04:00,26985.46484375,27004.271484375,26985.46484375,26993.587890625,53526000,26985.46484375
2026-05-29 13:05:00-04:00,26995.869140625,26998.44921875,26979.689453125,26986.77734375,59940000,26995.869140625
2026-05-29 13:10:00-04:00,26992.236328125,27001.015625,26986.85546875,26996.2890625,60813000,26992.236328125
2026-05-29 13:15:00-04:00,26989.9375,26998.015625,26986.494140625,26993.591796875,61696000,26989.9375
2026-05-29 13:20:00-04:00,26982.310546875,26990.564453125,26963.1875,26989.7109375,69111000,26982.310546875
2026-05-29 13:25:00-04:00,26975.044921875,26985.5546875,26965.638671875,26982.25390625,54434000,26975.044921875
2026-05-29 13:30:00-04:00,26971.46875,26974.263671875,26961.376953125,26974.263671875,54998000,26971.46875
2026-05-29 13:35:00-04:00,26966.98828125,26975.689453125,26964.59375,26970.490234375,51780000,26966.98828125
2026-05-29 13:40:00-04:00,26955.529296875,26970.421875,26953.142578125,26967.154296875,57054000,26955.529296875
2026-05-29 13:45:00-04:00,26955.396484375,26959.857421875,26951.587890625,26955.197265625,57911000,26955.396484375
2026-05-29 13:50:00-04:00,26947.322265625,26965.9609375,26947.322265625,26955.28515625,67696000,26947.322265625
2026-05-29 13:55:00-04:00,26915.39453125,26946.84375,26913.724609375,26946.84375,74977000,26915.39453125
2026-05-29 14:00:00-04:00,26934.931640625,26935.115234375,26910.443359375,26915.294921875,62094000,26934.931640625
2026-05-29 14:05:00-04:00,26951.39453125,26951.6640625,26937.505859375,26937.505859375,52244000,26951.39453125
2026-05-29 14:10:00-04:00,26939.0625,26960.302734375,26935.8125,26951.794921875,53145000,26939.0625
2026-05-29 14:15:00-04:00,26952.728515625,26952.728515625,26932.421875,26942.306640625,51877000,26952.728515625
2026-05-29 14:20:00-04:00,26963.94921875,26963.94921875,26951.798828125,26953.5078125,53013000,26963.94921875
2026-05-29 14:25:00-04:00,26975.271484375,26979.400390625,26962.12890625,26964.404296875,60012000,26975.271484375
2026-05-29 14:30:00-04:00,26987.13671875,26992.306640625,26975.783203125,26975.783203125,58182000,26987.13671875
2026-05-29 14:35:00-04:00,26969.244140625,26987.220703125,26964.59765625,26986.05859375,51040000,26969.244140625
2026-05-29 14:40:00-04:00,26974.8203125,26977.43359375,26968.029296875,26969.365234375,59287000,26974.8203125
2026-05-29 14:45:00-04:00,26944.197265625,26975.326171875,26935.5703125,26975.326171875,72367000,26944.197265625
2026-05-29 14:50:00-04:00,26938.8359375,26951.9921875,26925.123046875,26944.912109375,56208000,26938.8359375
2026-05-29 14:55:00-04:00,26923.603515625,26939.435546875,26918.478515625,26938.392578125,58967000,26923.603515625
2026-05-29 15:00:00-04:00,26941.63671875,26945.8984375,26917.4765625,26923.794921875,73770000,26941.63671875
2026-05-29 15:05:00-04:00,26961.390625,26965.779296875,26940.890625,26940.890625,54305000,26961.390625
2026-05-29 15:10:00-04:00,26967.123046875,26970.431640625,26957.431640625,26961.22265625,55727000,26967.123046875
2026-05-29 15:15:00-04:00,26959.23828125,26970.064453125,26949.0546875,26965.880859375,70172000,26959.23828125
2026-05-29 15:20:00-04:00,26968.5703125,26972.59765625,26955.119140625,26961.125,55951000,26968.5703125
2026-05-29 15:25:00-04:00,26980.201171875,26980.849609375,26958.6953125,26967.548828125,67724000,26980.201171875
2026-05-29 15:30:00-04:00,26993.298828125,26997.2890625,26980.072265625,26980.072265625,87014000,26993.298828125
2026-05-29 15:35:00-04:00,27016.373046875,27016.607421875,26996.044921875,26998.45703125,79297000,27016.373046875
2026-05-29 15:40:00-04:00,27010.28515625,27019.8125,27009.2265625,27015.861328125,91298000,27010.28515625
2026-05-29 15:45:00-04:00,27008.43359375,27012.31640625,26994.341796875,27009.97265625,95775000,27008.43359375
2026-05-29 15:50:00-04:00,26986.5234375,27017.42578125,26974.69921875,27007.2265625,160440000,26986.5234375
2026-05-29 15:55:00-04:00,26976.353515625,26997.365234375,26976.353515625,26989.0390625,181129000,26976.353515625
2026-06-01 09:30:00-04:00,26944.494140625,26982.2578125,26922.03515625,26938.404296875,0,26944.494140625
2026-06-01 09:35:00-04:00,27008.103515625,27030.0625,26949.12109375,26949.12109375,214185000,27008.103515625
2026-06-01 09:40:00-04:00,26991.51171875,27024.400390625,26975.443359375,27005.49609375,218614000,26991.51171875
2026-06-01 09:45:00-04:00,27000.904296875,27032.46484375,26989.27734375,26993.7109375,172340000,27000.904296875
2026-06-01 09:50:00-04:00,26971.66796875,27027.994140625,26969.01953125,27002.1328125,157714000,26971.66796875
2026-06-01 09:55:00-04:00,26928.37890625,26970.23046875,26928.37890625,26965.017578125,145070000,26928.37890625
2026-06-01 10:00:00-04:00,26929.396484375,26950.736328125,26921.302734375,26928.8046875,127704000,26929.396484375
2026-06-01 10:05:00-04:00,26980.8671875,26980.8671875,26927.650390625,26927.650390625,131886000,26980.8671875
2026-06-01 10:10:00-04:00,26955.560546875,26979.46875,26940.380859375,26979.46875,107528000,26955.560546875
2026-06-01 10:15:00-04:00,26968.185546875,26995.0234375,26951.466796875,26961.296875,110749000,26968.185546875
2026-06-01 10:20:00-04:00,26999.57421875,27008.845703125,26965.853515625,26965.853515625,102991000,26999.57421875
2026-06-01 10:25:00-04:00,26968.474609375,26995.890625,26968.474609375,26993.32421875,106389000,26968.474609375
2026-06-01 10:30:00-04:00,26986.158203125,26995.1875,26962.318359375,26968.712890625,99407000,26986.158203125
2026-06-01 10:35:00-04:00,26969.8515625,26998.654296875,26960.439453125,26987.650390625,110574000,26969.8515625
2026-06-01 10:40:00-04:00,26990.228515625,26994.533203125,26964.412109375,26966.564453125,123265000,26990.228515625
2026-06-01 10:45:00-04:00,26992.05078125,27004.86328125,26976.08203125,26991.583984375,91739000,26992.05078125
2026-06-01 10:50:00-04:00,26983.498046875,27000.2421875,26979.115234375,26988.6484375,97378000,26983.498046875
2026-06-01 10:55:00-04:00,26986.17578125,26986.17578125,26967.587890625,26982.865234375,91842000,26986.17578125
2026-06-01 11:00:00-04:00,26986.8671875,26998.783203125,26977.015625,26993.248046875,97970000,26986.8671875
2026-06-01 11:05:00-04:00,26989.296875,27009.51171875,26974.6953125,26974.6953125,100728000,26989.296875
2026-06-01 11:10:00-04:00,26992.86328125,27002.0859375,26969.525390625,26989.533203125,88696000,26992.86328125
2026-06-01 11:15:00-04:00,27001.6640625,27006.455078125,26990.80859375,26995.115234375,89684000,27001.6640625
2026-06-01 11:20:00-04:00,27014.259765625,27025.51171875,27002.474609375,27002.474609375,81717000,27014.259765625
2026-06-01 11:25:00-04:00,27015.3359375,27021.0078125,27003.802734375,27014.1171875,82554000,27015.3359375
2026-06-01 11:30:00-04:00,27060.2421875,27065.68359375,27014.052734375,27014.052734375,100304000,27060.2421875
2026-06-01 11:35:00-04:00,27074.248046875,27078.171875,27059.845703125,27059.845703125,87366000,27074.248046875
2026-06-01 11:40:00-04:00,27065.984375,27077.5859375,27063.26953125,27076.8046875,83517000,27065.984375
2026-06-01 11:45:00-04:00,27047.34375,27068.728515625,27047.34375,27068.728515625,75268000,27047.34375
2026-06-01 11:50:00-04:00,27055.35546875,27058.46875,27040.67578125,27049.51953125,68501000,27055.35546875
2026-06-01 11:55:00-04:00,27030.5546875,27055.3203125,27029.435546875,27055.3203125,73013000,27030.5546875
2026-06-01 12:00:00-04:00,27050.96875,27065.2265625,27036.44140625,27036.44140625,74080000,27050.96875
2026-06-01 12:05:00-04:00,27040.111328125,27052.45703125,27036.84765625,27050.845703125,71178000,27040.111328125
2026-06-01 12:10:00-04:00,27022.388671875,27040.984375,27014.990234375,27039.171875,66889000,27022.388671875
2026-06-01 12:15:00-04:00,27008.69921875,27027.056640625,26994.56640625,27019.79296875,71821000,27008.69921875
2026-06-01 12:20:00-04:00,27037.42578125,27037.68359375,27008.7890625,27008.7890625,60250000,27037.42578125
2026-06-01 12:25:00-04:00,27042.609375,27043.59765625,27028.259765625,27034.54296875,62086000,27042.609375
2026-06-01 12:30:00-04:00,27060.6484375,27064.96484375,27044.03515625,27044.03515625,66836000,27060.6484375
2026-06-01 12:35:00-04:00,27059.646484375,27065.111328125,27045.1015625,27061.07421875,62595000,27059.646484375
2026-06-01 12:40:00-04:00,27052.505859375,27062.541015625,27050.36328125,27059.3046875,65072000,27052.505859375
2026-06-01 12:45:00-04:00,27047.9921875,27053.84375,27037.79296875,27052.828125,52563000,27047.9921875
2026-06-01 12:50:00-04:00,27084.65625,27086.306640625,27047.29296875,27047.7265625,68438000,27084.65625
2026-06-01 12:55:00-04:00,27097.33984375,27097.33984375,27085.296875,27085.296875,56081000,27097.33984375
2026-06-01 13:00:00-04:00,27066.35546875,27096.703125,27066.35546875,27096.703125,68149000,27066.35546875
2026-06-01 13:05:00-04:00,27058.6640625,27072.767578125,27056.455078125,27063.298828125,67385000,27058.6640625
2026-06-01 13:10:00-04:00,27068.83203125,27073.78515625,27058.884765625,27058.884765625,57948000,27068.83203125
2026-06-01 13:15:00-04:00,27058.744140625,27072.125,27053.681640625,27068.103515625,62794000,27058.744140625
2026-06-01 13:20:00-04:00,27075.62109375,27078.84765625,27057.19140625,27058.984375,73487000,27075.62109375
2026-06-01 13:25:00-04:00,27107.875,27107.875,27073.10546875,27075.623046875,65377000,27107.875
2026-06-01 13:30:00-04:00,27092.34765625,27121.822265625,27086.6875,27109.05859375,80547000,27092.34765625
2026-06-01 13:35:00-04:00,27107.958984375,27113.224609375,27087.28125,27091.765625,70199000,27107.958984375
2026-06-01 13:40:00-04:00,27157.69921875,27174.8984375,27106.421875,27107.98828125,71712000,27157.69921875
2026-06-01 13:45:00-04:00,27171.830078125,27181.5078125,27159.140625,27159.140625,76565000,27171.830078125
2026-06-01 13:50:00-04:00,27185.50390625,27186.78515625,27169.943359375,27172.341796875,80522000,27185.50390625
2026-06-01 13:55:00-04:00,27167.728515625,27189.681640625,27156.60546875,27188.912109375,89173000,27167.728515625
2026-06-01 14:00:00-04:00,27166.958984375,27173.142578125,27159.162109375,27167.32421875,90532000,27166.958984375
2026-06-01 14:05:00-04:00,27161.146484375,27171.859375,27157.75390625,27167.677734375,96664000,27161.146484375
2026-06-01 14:10:00-04:00,27138.70703125,27164.3515625,27136.099609375,27161.98046875,79704000,27138.70703125
2026-06-01 14:15:00-04:00,27160.72265625,27160.72265625,27137.78515625,27139.921875,94802000,27160.72265625
2026-06-01 14:20:00-04:00,27165.931640625,27167.685546875,27158.51953125,27160.47265625,96723000,27165.931640625
2026-06-01 14:25:00-04:00,27168.0625,27168.994140625,27164.009765625,27165.92578125,75823000,27168.0625
2026-06-01 14:30:00-04:00,27164.625,27169.201171875,27156.9375,27167.9921875,75292000,27164.625
2026-06-01 14:35:00-04:00,27157.775390625,27169.98828125,27153.583984375,27165.46484375,61055000,27157.775390625
2026-06-01 14:40:00-04:00,27167.01171875,27167.01171875,27153.16015625,27158.14453125,63993000,27167.01171875
2026-06-01 14:45:00-04:00,27151.91796875,27167.62109375,27151.314453125,27166.830078125,65437000,27151.91796875
2026-06-01 14:50:00-04:00,27151.04296875,27153.98046875,27144.662109375,27151.865234375,61655000,27151.04296875
2026-06-01 14:55:00-04:00,27153.65625,27166.0546875,27149.751953125,27150.068359375,77952000,27153.65625
2026-06-01 15:00:00-04:00,27169.97265625,27169.97265625,27146.046875,27154.0078125,67678000,27169.97265625
2026-06-01 15:05:00-04:00,27167.416015625,27171.74609375,27156.900390625,27169.623046875,66382000,27167.416015625
2026-06-01 15:10:00-04:00,27163.251953125,27172.72265625,27161.5078125,27166.01171875,69202000,27163.251953125
2026-06-01 15:15:00-04:00,27154.388671875,27164.71875,27154.181640625,27162.71875,73403000,27154.388671875
2026-06-01 15:20:00-04:00,27155.935546875,27160.306640625,27152.787109375,27154.072265625,75283000,27155.935546875
2026-06-01 15:25:00-04:00,27154.849609375,27161.341796875,27152.08203125,27155.71875,62363000,27154.849609375
2026-06-01 15:30:00-04:00,27126.23046875,27153.634765625,27125.91015625,27152.994140625,93803000,27126.23046875
2026-06-01 15:35:00-04:00,27128.1875,27129.943359375,27114.373046875,27125.3515625,76427000,27128.1875
2026-06-01 15:40:00-04:00,27120.77734375,27126.154296875,27114.857421875,27126.154296875,91296000,27120.77734375
2026-06-01 15:45:00-04:00,27097.55859375,27121.681640625,27097.40625,27119.990234375,101297000,27097.55859375
2026-06-01 15:50:00-04:00,27087.255859375,27100.982421875,27084.537109375,27088.125,145452000,27087.255859375
2026-06-01 15:55:00-04:00,27083.673828125,27090.9296875,27077.42578125,27084.24609375,172337000,27083.673828125
2026-06-02 09:30:00-04:00,27012.890625,27041.875,27006.96875,27017.888671875,0,27012.890625
2026-06-02 09:35:00-04:00,26970.06640625,27015.552734375,26970.06640625,27012.333984375,228279000,26970.06640625
2026-06-02 09:40:00-04:00,26990.9296875,26990.9296875,26934.345703125,26960.345703125,197521000,26990.9296875
2026-06-02 09:45:00-04:00,27053.92578125,27053.92578125,26994.380859375,26994.380859375,159073000,27053.92578125
2026-06-02 09:50:00-04:00,27065.54296875,27086.765625,27048.42578125,27054.658203125,152134000,27065.54296875
2026-06-02 09:55:00-04:00,27092.095703125,27099.09765625,27048.4140625,27068.2265625,137662000,27092.095703125
2026-06-02 10:00:00-04:00,27093.068359375,27096.33203125,27071.44140625,27084.283203125,137140000,27093.068359375
2026-06-02 10:05:00-04:00,27108.390625,27110.369140625,27088.748046875,27096.703125,128013000,27108.390625
2026-06-02 10:10:00-04:00,27120.654296875,27133.115234375,27097.61328125,27107.0390625,127888000,27120.654296875
2026-06-02 10:15:00-04:00,27133.0,27134.244140625,27106.2421875,27122.689453125,125338000,27133.0
2026-06-02 10:20:00-04:00,27097.587890625,27144.6796875,27096.2578125,27132.171875,124636000,27097.587890625
2026-06-02 10:25:00-04:00,27084.46875,27102.6875,27067.287109375,27102.6875,135855000,27084.46875
2026-06-02 10:30:00-04:00,27111.861328125,27119.912109375,27084.150390625,27086.671875,130085000,27111.861328125
2026-06-02 10:35:00-04:00,27114.458984375,27125.078125,27108.943359375,27113.939453125,118793000,27114.458984375
2026-06-02 10:40:00-04:00,27121.578125,27124.955078125,27097.609375,27116.005859375,107864000,27121.578125
2026-06-02 10:45:00-04:00,27123.380859375,27123.90234375,27107.146484375,27121.265625,104982000,27123.380859375
2026-06-02 10:50:00-04:00,27140.037109375,27143.705078125,27119.5625,27121.2578125,103021000,27140.037109375
2026-06-02 10:55:00-04:00,27144.724609375,27145.6640625,27131.650390625,27137.0,92019000,27144.724609375
2026-06-02 11:00:00-04:00,27128.302734375,27150.298828125,27123.353515625,27147.7578125,98287000,27128.302734375
2026-06-02 11:05:00-04:00,27149.359375,27151.921875,27114.4140625,27124.94140625,89540000,27149.359375
2026-06-02 11:10:00-04:00,27152.326171875,27152.326171875,27133.755859375,27151.123046875,89359000,27152.326171875
2026-06-02 11:15:00-04:00,27162.138671875,27162.138671875,27151.12890625,27154.6328125,87812000,27162.138671875
2026-06-02 11:20:00-04:00,27168.0625,27169.625,27155.359375,27158.650390625,80178000,27168.0625
2026-06-02 11:25:00-04:00,27153.818359375,27171.244140625,27147.947265625,27168.630859375,78588000,27153.818359375
2026-06-02 11:30:00-04:00,27146.876953125,27150.640625,27136.703125,27150.640625,86426000,27146.876953125
2026-06-02 11:35:00-04:00,27148.8515625,27161.328125,27144.974609375,27144.974609375,85737000,27148.8515625
2026-06-02 11:40:00-04:00,27138.61328125,27153.884765625,27138.09375,27151.45703125,79833000,27138.61328125
2026-06-02 11:45:00-04:00,27135.357421875,27154.681640625,27133.95703125,27138.849609375,83052000,27135.357421875
2026-06-02 11:50:00-04:00,27140.12890625,27148.201171875,27131.337890625,27133.3125,78175000,27140.12890625
2026-06-02 11:55:00-04:00,27142.48828125,27150.71484375,27135.794921875,27142.166015625,72820000,27142.48828125
2026-06-02 12:00:00-04:00,27130.576171875,27146.384765625,27126.0859375,27143.029296875,69230000,27130.576171875
2026-06-02 12:05:00-04:00,27145.25,27155.521484375,27130.927734375,27130.927734375,73136000,27145.25
2026-06-02 12:10:00-04:00,27155.455078125,27161.828125,27144.5859375,27145.310546875,67179000,27155.455078125
2026-06-02 12:15:00-04:00,27131.990234375,27155.02734375,27130.806640625,27155.02734375,67304000,27131.990234375
2026-06-02 12:20:00-04:00,27130.701171875,27134.572265625,27114.93359375,27132.23046875,78732000,27130.701171875
2026-06-02 12:25:00-04:00,27124.662109375,27130.650390625,27118.087890625,27130.650390625,58627000,27124.662109375
2026-06-02 12:30:00-04:00,27115.369140625,27136.00390625,27115.369140625,27124.865234375,71140000,27115.369140625
2026-06-02 12:35:00-04:00,27106.134765625,27116.068359375,27103.962890625,27116.068359375,72778000,27106.134765625
2026-06-02 12:40:00-04:00,27105.365234375,27113.904296875,27105.365234375,27106.12890625,67064000,27105.365234375
2026-06-02 12:45:00-04:00,27124.228515625,27124.23828125,27103.68359375,27105.783203125,71980000,27124.228515625
2026-06-02 12:50:00-04:00,27129.728515625,27141.58203125,27124.669921875,27124.669921875,58137000,27129.728515625
2026-06-02 12:55:00-04:00,27140.90234375,27142.6640625,27126.248046875,27128.515625,64670000,27140.90234375
2026-06-02 13:00:00-04:00,27150.150390625,27151.865234375,27132.798828125,27141.396484375,56156000,27150.150390625
2026-06-02 13:05:00-04:00,27148.09765625,27153.521484375,27140.609375,27150.23828125,53897000,27148.09765625
2026-06-02 13:10:00-04:00,27149.181640625,27149.810546875,27139.21484375,27148.513671875,51713000,27149.181640625
2026-06-02 13:15:00-04:00,27111.82421875,27148.826171875,27111.78125,27148.220703125,56400000,27111.82421875
2026-06-02 13:20:00-04:00,27104.568359375,27120.642578125,27102.322265625,27109.38671875,56105000,27104.568359375
2026-06-02 13:25:00-04:00,27095.947265625,27105.306640625,27088.53125,27105.306640625,52790000,27095.947265625
2026-06-02 13:30:00-04:00,27088.3125,27102.658203125,27086.43359375,27095.373046875,63386000,27088.3125
2026-06-02 13:35:00-04:00,27075.560546875,27088.486328125,27073.37109375,27085.962890625,69931000,27075.560546875
2026-06-02 13:40:00-04:00,27091.552734375,27095.81640625,27074.623046875,27074.623046875,51571000,27091.552734375
2026-06-02 13:45:00-04:00,27095.869140625,27100.39453125,27088.16796875,27091.56640625,60921000,27095.869140625
2026-06-02 13:50:00-04:00,27088.724609375,27099.8828125,27087.24609375,27097.724609375,52660000,27088.724609375
2026-06-02 13:55:00-04:00,27074.853515625,27088.26171875,27072.052734375,27088.26171875,47045000,27074.853515625
2026-06-02 14:00:00-04:00,27069.953125,27076.63671875,27068.54296875,27074.033203125,69979000,27069.953125
2026-06-02 14:05:00-04:00,27087.890625,27089.705078125,27069.83203125,27069.83203125,52196000,27087.890625
2026-06-02 14:10:00-04:00,27080.515625,27095.126953125,27080.345703125,27087.041015625,57663000,27080.515625
2026-06-02 14:15:00-04:00,27070.7578125,27080.685546875,27069.90234375,27080.685546875,54836000,27070.7578125
2026-06-02 14:20:00-04:00,27065.267578125,27072.19140625,27064.921875,27072.19140625,55956000,27065.267578125
2026-06-02 14:25:00-04:00,27064.30859375,27069.771484375,27058.486328125,27065.767578125,57630000,27064.30859375
2026-06-02 14:30:00-04:00,27065.58203125,27080.939453125,27063.134765625,27064.4375,59033000,27065.58203125
2026-06-02 14:35:00-04:00,27044.703125,27064.62890625,27044.703125,27064.62890625,61009000,27044.703125
2026-06-02 14:40:00-04:00,27050.986328125,27051.201171875,27038.365234375,27044.234375,58856000,27050.986328125
2026-06-02 14:45:00-04:00,27056.431640625,27059.02734375,27046.119140625,27049.759765625,64546000,27056.431640625
2026-06-02 14:50:00-04:00,27053.55859375,27059.96875,27045.755859375,27056.998046875,66624000,27053.55859375
2026-06-02 14:55:00-04:00,27059.365234375,27062.416015625,27047.97265625,27052.0390625,62838000,27059.365234375
2026-06-02 15:00:00-04:00,27083.666015625,27083.7421875,27058.466796875,27058.466796875,68526000,27083.666015625
2026-06-02 15:05:00-04:00,27080.44921875,27087.234375,27075.423828125,27082.833984375,69444000,27080.44921875
2026-06-02 15:10:00-04:00,27081.57421875,27090.296875,27079.400390625,27079.400390625,72643000,27081.57421875
2026-06-02 15:15:00-04:00,27083.529296875,27084.689453125,27076.392578125,27081.896484375,62863000,27083.529296875
2026-06-02 15:20:00-04:00,27092.7265625,27096.43359375,27080.392578125,27080.392578125,75825000,27092.7265625
2026-06-02 15:25:00-04:00,27072.509765625,27092.8203125,27071.380859375,27092.8203125,70856000,27072.509765625
2026-06-02 15:30:00-04:00,27083.138671875,27085.87890625,27073.314453125,27074.654296875,86010000,27083.138671875
2026-06-02 15:35:00-04:00,27078.55078125,27087.67578125,27077.501953125,27082.83203125,77192000,27078.55078125
2026-06-02 15:40:00-04:00,27075.75390625,27087.677734375,27074.181640625,27079.548828125,88824000,27075.75390625
2026-06-02 15:45:00-04:00,27087.41796875,27089.74609375,27075.060546875,27077.4140625,102120000,27087.41796875
2026-06-02 15:50:00-04:00,27086.86328125,27094.23046875,27079.94921875,27083.556640625,149145000,27086.86328125
2026-06-02 15:55:00-04:00,27093.955078125,27100.443359375,27081.720703125,27085.77734375,176051000,27093.955078125
2026-06-03 09:30:00-04:00,27053.818359375,27130.875,27053.818359375,27088.04296875,0,27053.818359375
2026-06-03 09:35:00-04:00,27032.341796875,27048.0078125,27008.623046875,27048.0078125,226092000,27032.341796875
2026-06-03 09:40:00-04:00,26951.4921875,27037.376953125,26951.4921875,27035.388671875,200787000,26951.4921875
2026-06-03 09:45:00-04:00,26873.1015625,26964.318359375,26862.765625,26964.318359375,171523000,26873.1015625
2026-06-03 09:50:00-04:00,26904.19140625,26933.361328125,26850.9296875,26867.130859375,173033000,26904.19140625
2026-06-03 09:55:00-04:00,26912.193359375,26932.63671875,26892.365234375,26899.755859375,149855000,26912.193359375
2026-06-03 10:00:00-04:00,26954.802734375,26962.06640625,26909.376953125,26909.376953125,134982000,26954.802734375
2026-06-03 10:05:00-04:00,26959.509765625,26970.228515625,26935.98046875,26955.541015625,122084000,26959.509765625
2026-06-03 10:10:00-04:00,26998.564453125,26998.564453125,26959.984375,26968.326171875,114568000,26998.564453125
2026-06-03 10:15:00-04:00,26976.83203125,27008.041015625,26976.83203125,27001.337890625,109294000,26976.83203125
2026-06-03 10:20:00-04:00,26965.61328125,26993.361328125,26958.19140625,26969.396484375,106052000,26965.61328125
2026-06-03 10:25:00-04:00,26994.447265625,26994.447265625,26959.671875,26967.35546875,93610000,26994.447265625
2026-06-03 10:30:00-04:00,26976.478515625,27002.3046875,26973.953125,27002.3046875,103370000,26976.478515625
2026-06-03 10:35:00-04:00,26981.44140625,26985.806640625,26951.767578125,26976.708984375,91542000,26981.44140625
2026-06-03 10:40:00-04:00,26965.16015625,26998.041015625,26965.16015625,26982.82421875,82979000,26965.16015625
2026-06-03 10:45:00-04:00,26946.0078125,26977.18359375,26946.0078125,26966.662109375,85807000,26946.0078125
2026-06-03 10:50:00-04:00,26952.908203125,26961.556640625,26932.443359375,26948.38671875,87558000,26952.908203125
2026-06-03 10:55:00-04:00,26935.6328125,26955.568359375,26921.828125,26955.568359375,79703000,26935.6328125
2026-06-03 11:00:00-04:00,26947.171875,26956.5,26937.115234375,26937.115234375,80141000,26947.171875
2026-06-03 11:05:00-04:00,26936.728515625,26946.37890625,26932.916015625,26944.537109375,92150000,26936.728515625
2026-06-03 11:10:00-04:00,26931.470703125,26959.8828125,26929.4140625,26937.279296875,86524000,26931.470703125
2026-06-03 11:15:00-04:00,26931.880859375,26935.42578125,26916.349609375,26933.216796875,84075000,26931.880859375
2026-06-03 11:20:00-04:00,26899.185546875,26939.759765625,26890.91015625,26932.34765625,79991000,26899.185546875
2026-06-03 11:25:00-04:00,26921.541015625,26924.068359375,26883.0078125,26894.59765625,74064000,26921.541015625
2026-06-03 11:30:00-04:00,26895.072265625,26942.25390625,26892.2734375,26921.494140625,74816000,26895.072265625
2026-06-03 11:35:00-04:00,26887.26171875,26913.056640625,26884.060546875,26895.515625,73821000,26887.26171875
2026-06-03 11:40:00-04:00,26881.44140625,26887.11328125,26876.388671875,26885.345703125,69765000,26881.44140625
2026-06-03 11:45:00-04:00,26879.421875,26884.681640625,26855.392578125,26880.265625,70211000,26879.421875
2026-06-03 11:50:00-04:00,26887.0,26898.416015625,26872.28125,26880.779296875,64883000,26887.0
2026-06-03 11:55:00-04:00,26880.505859375,26894.09375,26875.32421875,26879.58203125,66371000,26880.505859375
2026-06-03 12:00:00-04:00,26877.52734375,26890.421875,26864.255859375,26881.16796875,64046000,26877.52734375
2026-06-03 12:05:00-04:00,26866.5625,26886.478515625,26863.9296875,26879.408203125,64054000,26866.5625
2026-06-03 12:10:00-04:00,26872.193359375,26883.150390625,26863.884765625,26863.884765625,53090000,26872.193359375
2026-06-03 12:15:00-04:00,26848.455078125,26871.466796875,26833.509765625,26871.466796875,59511000,26848.455078125
2026-06-03 12:20:00-04:00,26812.68359375,26853.05859375,26812.68359375,26850.419921875,57675000,26812.68359375
2026-06-03 12:25:00-04:00,26812.1171875,26815.337890625,26799.599609375,26810.60546875,65123000,26812.1171875
2026-06-03 12:30:00-04:00,26820.787109375,26831.771484375,26812.18359375,26812.18359375,61251000,26820.787109375
2026-06-03 12:35:00-04:00,26793.27734375,26820.287109375,26791.111328125,26820.287109375,49533000,26793.27734375
2026-06-03 12:40:00-04:00,26793.759765625,26799.06640625,26769.15625,26791.7734375,64718000,26793.759765625
2026-06-03 12:45:00-04:00,26828.216796875,26830.10546875,26795.708984375,26795.708984375,52835000,26828.216796875
2026-06-03 12:50:00-04:00,26829.634765625,26842.373046875,26825.0,26828.08984375,58242000,26829.634765625
2026-06-03 12:55:00-04:00,26858.212890625,26859.337890625,26823.837890625,26827.56640625,45263000,26858.212890625
2026-06-03 13:00:00-04:00,26830.65625,26858.951171875,26830.65625,26858.951171875,48076000,26830.65625
2026-06-03 13:05:00-04:00,26840.51953125,26850.845703125,26817.615234375,26829.228515625,45874000,26840.51953125
2026-06-03 13:10:00-04:00,26802.662109375,26843.107421875,26799.744140625,26841.40625,50346000,26802.662109375
2026-06-03 13:15:00-04:00,26799.021484375,26807.5546875,26788.654296875,26803.611328125,49814000,26799.021484375
2026-06-03 13:20:00-04:00,26820.939453125,26820.939453125,26797.2890625,26799.890625,42543000,26820.939453125
2026-06-03 13:25:00-04:00,26831.03515625,26831.03515625,26817.828125,26822.619140625,45754000,26831.03515625
2026-06-03 13:30:00-04:00,26842.072265625,26842.072265625,26809.744140625,26830.720703125,47713000,26842.072265625
2026-06-03 13:35:00-04:00,26846.064453125,26854.080078125,26837.12890625,26841.75390625,47023000,26846.064453125
2026-06-03 13:40:00-04:00,26864.298828125,26869.072265625,26842.70703125,26845.662109375,54691000,26864.298828125
2026-06-03 13:45:00-04:00,26863.6171875,26870.431640625,26856.830078125,26864.744140625,42652000,26863.6171875
2026-06-03 13:50:00-04:00,26878.4765625,26878.548828125,26864.076171875,26864.076171875,50718000,26878.4765625
2026-06-03 13:55:00-04:00,26883.98828125,26887.123046875,26877.900390625,26879.13671875,43829000,26883.98828125
2026-06-03 14:00:00-04:00,26887.220703125,26888.7109375,26878.2734375,26884.2734375,54846000,26887.220703125
2026-06-03 14:05:00-04:00,26878.14453125,26886.294921875,26872.109375,26886.01171875,48697000,26878.14453125
2026-06-03 14:10:00-04:00,26868.62109375,26878.791015625,26862.6171875,26877.529296875,49702000,26868.62109375
2026-06-03 14:15:00-04:00,26883.072265625,26883.0859375,26860.982421875,26869.560546875,52225000,26883.072265625
2026-06-03 14:20:00-04:00,26898.099609375,26898.099609375,26877.51171875,26877.51171875,47657000,26898.099609375
2026-06-03 14:25:00-04:00,26913.19921875,26916.400390625,26896.21484375,26899.1875,62721000,26913.19921875
2026-06-03 14:30:00-04:00,26907.6015625,26920.10546875,26905.78515625,26914.3515625,68641000,26907.6015625
2026-06-03 14:35:00-04:00,26895.357421875,26906.8046875,26892.51953125,26906.63671875,64575000,26895.357421875
2026-06-03 14:40:00-04:00,26899.060546875,26900.96484375,26889.46484375,26895.662109375,55964000,26899.060546875
2026-06-03 14:45:00-04:00,26900.814453125,26911.287109375,26897.947265625,26899.40625,52589000,26900.814453125
2026-06-03 14:50:00-04:00,26897.509765625,26905.390625,26887.947265625,26899.8984375,59335000,26897.509765625
2026-06-03 14:55:00-04:00,26895.603515625,26899.6640625,26888.400390625,26895.91796875,47514000,26895.603515625
2026-06-03 15:00:00-04:00,26873.64453125,26895.779296875,26865.4375,26895.25390625,63501000,26873.64453125
2026-06-03 15:05:00-04:00,26879.66796875,26891.359375,26873.625,26873.765625,59159000,26879.66796875
2026-06-03 15:10:00-04:00,26877.14453125,26882.16015625,26860.224609375,26881.611328125,56617000,26877.14453125
2026-06-03 15:15:00-04:00,26878.2421875,26896.73828125,26868.572265625,26878.087890625,66408000,26878.2421875
2026-06-03 15:20:00-04:00,26860.765625,26880.3125,26858.01953125,26878.330078125,58228000,26860.765625
2026-06-03 15:25:00-04:00,26870.0078125,26870.0078125,26853.142578125,26861.193359375,73121000,26870.0078125
2026-06-03 15:30:00-04:00,26876.47265625,26877.27734375,26862.02734375,26869.03125,88175000,26876.47265625
2026-06-03 15:35:00-04:00,26899.677734375,26902.701171875,26872.951171875,26876.830078125,73950000,26899.677734375
2026-06-03 15:40:00-04:00,26901.322265625,26906.84765625,26894.55859375,26899.408203125,95696000,26901.322265625
2026-06-03 15:45:00-04:00,26901.455078125,26906.57421875,26894.955078125,26900.451171875,89880000,26901.455078125
2026-06-03 15:50:00-04:00,26865.62109375,26890.66015625,26865.62109375,26886.455078125,139710000,26865.62109375
2026-06-03 15:55:00-04:00,26862.9296875,26880.416015625,26847.91796875,26862.203125,166154000,26862.9296875
2026-06-04 09:30:00-04:00,26660.685546875,26660.685546875,26560.17578125,26569.3828125,0,26660.685546875
2026-06-04 09:35:00-04:00,26666.41796875,26687.7265625,26638.44140625,26652.93359375,184550000,26666.41796875
2026-06-04 09:40:00-04:00,26585.951171875,26667.37890625,26585.951171875,26653.443359375,157332000,26585.951171875
2026-06-04 09:45:00-04:00,26594.498046875,26617.890625,26563.572265625,26574.90625,165768000,26594.498046875
2026-06-04 09:50:00-04:00,26608.375,26647.271484375,26588.611328125,26596.626953125,142225000,26608.375
2026-06-04 09:55:00-04:00,26627.48828125,26663.37109375,26601.267578125,26601.267578125,128435000,26627.48828125
2026-06-04 10:00:00-04:00,26597.119140625,26642.62109375,26595.826171875,26642.62109375,138031000,26597.119140625
2026-06-04 10:05:00-04:00,26589.505859375,26600.734375,26565.291015625,26594.376953125,136546000,26589.505859375
2026-06-04 10:10:00-04:00,26656.3203125,26656.3203125,26589.240234375,26589.240234375,135022000,26656.3203125
2026-06-04 10:15:00-04:00,26647.65625,26678.984375,26647.65625,26658.71484375,118655000,26647.65625
2026-06-04 10:20:00-04:00,26686.8359375,26686.8359375,26635.603515625,26643.4453125,107778000,26686.8359375
2026-06-04 10:25:00-04:00,26690.62109375,26701.6171875,26678.01171875,26688.25,97974000,26690.62109375
2026-06-04 10:30:00-04:00,26695.578125,26699.37890625,26669.9921875,26693.021484375,109413000,26695.578125
2026-06-04 10:35:00-04:00,26682.564453125,26695.716796875,26668.259765625,26695.716796875,82273000,26682.564453125
2026-06-04 10:40:00-04:00,26691.01171875,26707.58203125,26682.28515625,26682.28515625,85262000,26691.01171875
2026-06-04 10:45:00-04:00,26689.193359375,26712.005859375,26673.419921875,26689.80859375,80000000,26689.193359375
2026-06-04 10:50:00-04:00,26695.294921875,26701.716796875,26677.12890625,26689.314453125,88960000,26695.294921875
2026-06-04 10:55:00-04:00,26719.201171875,26719.201171875,26695.017578125,26695.017578125,71256000,26719.201171875
2026-06-04 11:00:00-04:00,26731.66015625,26737.560546875,26720.640625,26721.642578125,78984000,26731.66015625
2026-06-04 11:05:00-04:00,26776.04296875,26782.578125,26732.24609375,26732.24609375,102358000,26776.04296875
2026-06-04 11:10:00-04:00,26794.732421875,26797.544921875,26770.169921875,26775.326171875,87455000,26794.732421875
2026-06-04 11:15:00-04:00,26803.83984375,26811.33984375,26789.95703125,26789.95703125,73123000,26803.83984375
2026-06-04 11:20:00-04:00,26807.05859375,26807.05859375,26782.513671875,26804.748046875,73569000,26807.05859375
2026-06-04 11:25:00-04:00,26800.271484375,26808.66015625,26794.546875,26805.2265625,70178000,26800.271484375
2026-06-04 11:30:00-04:00,26790.015625,26802.509765625,26784.376953125,26801.076171875,67894000,26790.015625
2026-06-04 11:35:00-04:00,26785.908203125,26793.5859375,26778.759765625,26791.7578125,69351000,26785.908203125
2026-06-04 11:40:00-04:00,26767.7578125,26789.248046875,26763.892578125,26784.5546875,56486000,26767.7578125
2026-06-04 11:45:00-04:00,26732.771484375,26768.65234375,26727.8515625,26767.056640625,62182000,26732.771484375
2026-06-04 11:50:00-04:00,26759.12109375,26767.212890625,26731.39453125,26738.60546875,62972000,26759.12109375
2026-06-04 11:55:00-04:00,26763.880859375,26774.408203125,26747.39453125,26757.224609375,59344000,26763.880859375
2026-06-04 12:00:00-04:00,26774.1640625,26779.783203125,26752.12890625,26766.564453125,65432000,26774.1640625
2026-06-04 12:05:00-04:00,26800.40234375,26803.22265625,26769.8515625,26773.6953125,54183000,26800.40234375
2026-06-04 12:10:00-04:00,26794.23828125,26803.365234375,26787.48046875,26798.4140625,61435000,26794.23828125
2026-06-04 12:15:00-04:00,26799.48046875,26806.990234375,26792.056640625,26794.744140625,48645000,26799.48046875
2026-06-04 12:20:00-04:00,26816.54296875,26818.76953125,26796.814453125,26798.38671875,46439000,26816.54296875
2026-06-04 12:25:00-04:00,26804.3203125,26816.6640625,26802.595703125,26815.537109375,62646000,26804.3203125
2026-06-04 12:30:00-04:00,26792.0078125,26804.69140625,26776.357421875,26804.69140625,53170000,26792.0078125
2026-06-04 12:35:00-04:00,26817.96875,26819.369140625,26788.623046875,26793.265625,53651000,26817.96875
2026-06-04 12:40:00-04:00,26826.173828125,26830.490234375,26808.9921875,26818.45703125,54541000,26826.173828125
2026-06-04 12:45:00-04:00,26815.5234375,26827.35546875,26807.431640625,26827.35546875,65694000,26815.5234375
2026-06-04 12:50:00-04:00,26828.72265625,26832.548828125,26816.30078125,26817.103515625,62832000,26828.72265625
2026-06-04 12:55:00-04:00,26822.720703125,26828.439453125,26818.845703125,26826.482421875,60553000,26822.720703125
2026-06-04 13:00:00-04:00,26818.6640625,26828.115234375,26811.375,26819.1484375,62689000,26818.6640625
2026-06-04 13:05:00-04:00,26836.361328125,26836.4765625,26813.287109375,26818.853515625,53095000,26836.361328125
2026-06-04 13:10:00-04:00,26840.923828125,26846.74609375,26833.95703125,26837.904296875,54424000,26840.923828125
2026-06-04 13:15:00-04:00,26841.767578125,26844.298828125,26827.93359375,26841.181640625,45881000,26841.767578125
2026-06-04 13:20:00-04:00,26847.158203125,26850.248046875,26833.14453125,26842.416015625,50780000,26847.158203125
2026-06-04 13:25:00-04:00,26863.3203125,26869.23828125,26845.73046875,26846.580078125,51246000,26863.3203125
2026-06-04 13:30:00-04:00,26876.84765625,26890.70703125,26859.75390625,26863.01953125,54954000,26876.84765625
2026-06-04 13:35:00-04:00,26865.345703125,26878.140625,26864.41796875,26876.96875,53835000,26865.345703125
2026-06-04 13:40:00-04:00,26877.830078125,26881.521484375,26863.140625,26865.15625,43799000,26877.830078125
2026-06-04 13:45:00-04:00,26880.548828125,26884.56640625,26868.826171875,26878.533203125,41561000,26880.548828125
2026-06-04 13:50:00-04:00,26884.41015625,26889.908203125,26875.47265625,26879.8515625,46309000,26884.41015625
2026-06-04 13:55:00-04:00,26900.275390625,26900.712890625,26882.48828125,26884.794921875,52524000,26900.275390625
2026-06-04 14:00:00-04:00,26911.607421875,26911.7265625,26899.419921875,26901.181640625,53295000,26911.607421875
2026-06-04 14:05:00-04:00,26917.1875,26920.140625,26911.90234375,26912.775390625,48842000,26917.1875
2026-06-04 14:10:00-04:00,26913.755859375,26922.806640625,26911.09765625,26917.451171875,59159000,26913.755859375
2026-06-04 14:15:00-04:00,26919.158203125,26923.009765625,26902.201171875,26912.212890625,45631000,26919.158203125
2026-06-04 14:20:00-04:00,26912.80078125,26920.95703125,26904.66796875,26918.2421875,52405000,26912.80078125
2026-06-04 14:25:00-04:00,26917.732421875,26923.701171875,26910.3671875,26910.716796875,56128000,26917.732421875
2026-06-04 14:30:00-04:00,26910.529296875,26918.337890625,26899.630859375,26917.482421875,54856000,26910.529296875
2026-06-04 14:35:00-04:00,26909.54296875,26914.4609375,26903.07421875,26911.521484375,56945000,26909.54296875
2026-06-04 14:40:00-04:00,26912.861328125,26912.88671875,26899.10546875,26908.220703125,47686000,26912.861328125
2026-06-04 14:45:00-04:00,26912.51953125,26916.263671875,26903.056640625,26910.42578125,57346000,26912.51953125
2026-06-04 14:50:00-04:00,26905.28515625,26913.673828125,26905.28515625,26913.146484375,44249000,26905.28515625
2026-06-04 14:55:00-04:00,26889.033203125,26906.51953125,26883.45703125,26906.0,55518000,26889.033203125
2026-06-04 15:00:00-04:00,26899.630859375,26901.154296875,26887.048828125,26888.390625,58911000,26899.630859375
2026-06-04 15:05:00-04:00,26900.3671875,26911.763671875,26898.392578125,26900.572265625,57594000,26900.3671875
2026-06-04 15:10:00-04:00,26891.5078125,26901.40625,26881.658203125,26900.609375,64457000,26891.5078125
2026-06-04 15:15:00-04:00,26878.25390625,26891.078125,26875.525390625,26891.078125,55499000,26878.25390625
2026-06-04 15:20:00-04:00,26892.2421875,26896.720703125,26876.84765625,26878.302734375,58483000,26892.2421875
2026-06-04 15:25:00-04:00,26911.013671875,26911.013671875,26892.642578125,26893.138671875,72332000,26911.013671875
2026-06-04 15:30:00-04:00,26902.30859375,26917.25,26898.861328125,26910.875,67090000,26902.30859375
2026-06-04 15:35:00-04:00,26904.3828125,26910.240234375,26897.123046875,26903.533203125,71826000,26904.3828125
2026-06-04 15:40:00-04:00,26886.70703125,26904.93359375,26886.70703125,26904.876953125,81772000,26886.70703125
2026-06-04 15:45:00-04:00,26885.505859375,26888.697265625,26874.025390625,26886.078125,90955000,26885.505859375
2026-06-04 15:50:00-04:00,26867.740234375,26892.62890625,26858.849609375,26892.62890625,145113000,26867.740234375
2026-06-04 15:55:00-04:00,26835.20703125,26856.65625,26835.20703125,26853.1171875,141070000,26835.20703125
2026-06-05 09:30:00-04:00,26542.21875,26572.130859375,26487.546875,26521.77734375,0,26542.21875
2026-06-05 09:35:00-04:00,26502.763671875,26535.810546875,26478.55078125,26529.056640625,160434000,26502.763671875
2026-06-05 09:40:00-04:00,26445.208984375,26503.650390625,26445.208984375,26496.169921875,160829000,26445.208984375
2026-06-05 09:45:00-04:00,26389.818359375,26456.73828125,26389.818359375,26444.068359375,153517000,26389.818359375
2026-06-05 09:50:00-04:00,26420.19921875,26421.478515625,26393.9375,26397.349609375,175931000,26420.19921875
2026-06-05 09:55:00-04:00,26330.1796875,26423.740234375,26330.1796875,26415.779296875,170547000,26330.1796875
2026-06-05 10:00:00-04:00,26326.078125,26360.8828125,26309.603515625,26334.658203125,184215000,26326.078125
2026-06-05 10:05:00-04:00,26375.427734375,26375.427734375,26310.76171875,26324.845703125,157610000,26375.427734375
2026-06-05 10:10:00-04:00,26385.15234375,26385.78125,26338.701171875,26376.708984375,153092000,26385.15234375
2026-06-05 10:15:00-04:00,26444.220703125,26444.220703125,26386.16015625,26387.1640625,146417000,26444.220703125
2026-06-05 10:20:00-04:00,26379.544921875,26437.130859375,26377.974609375,26437.130859375,146314000,26379.544921875
2026-06-05 10:25:00-04:00,26339.333984375,26380.69140625,26326.85546875,26380.69140625,147034000,26339.333984375
2026-06-05 10:30:00-04:00,26398.2109375,26398.2109375,26339.0234375,26339.0234375,110996000,26398.2109375
2026-06-05 10:35:00-04:00,26381.32421875,26412.708984375,26381.322265625,26394.95703125,103851000,26381.32421875
2026-06-05 10:40:00-04:00,26340.380859375,26379.5625,26332.337890625,26379.5625,84929000,26340.380859375
2026-06-05 10:45:00-04:00,26327.509765625,26363.38671875,26319.666015625,26345.681640625,87564000,26327.509765625
2026-06-05 10:50:00-04:00,26336.283203125,26350.0625,26324.7421875,26330.11328125,85358000,26336.283203125
2026-06-05 10:55:00-04:00,26352.33984375,26363.0703125,26328.625,26334.759765625,92635000,26352.33984375
2026-06-05 11:00:00-04:00,26327.0390625,26362.2109375,26306.794921875,26348.4296875,103358000,26327.0390625
2026-06-05 11:05:00-04:00,26297.79296875,26328.705078125,26284.896484375,26328.705078125,106113000,26297.79296875
2026-06-05 11:10:00-04:00,26251.458984375,26306.837890625,26251.458984375,26292.625,106012000,26251.458984375
2026-06-05 11:15:00-04:00,26269.998046875,26271.564453125,26248.025390625,26251.43359375,87245000,26269.998046875
2026-06-05 11:20:00-04:00,26234.4296875,26277.365234375,26222.439453125,26269.923828125,133625000,26234.4296875
2026-06-05 11:25:00-04:00,26246.017578125,26251.908203125,26229.095703125,26234.728515625,110592000,26246.017578125
2026-06-05 11:30:00-04:00,26223.251953125,26258.642578125,26221.43359375,26242.396484375,112315000,26223.251953125
2026-06-05 11:35:00-04:00,26181.408203125,26233.365234375,26178.166015625,26220.4296875,127226000,26181.408203125
2026-06-05 11:40:00-04:00,26177.744140625,26200.37109375,26165.60546875,26181.236328125,155722000,26177.744140625
2026-06-05 11:45:00-04:00,26181.271484375,26207.822265625,26171.431640625,26180.0625,107900000,26181.271484375
2026-06-05 11:50:00-04:00,26205.677734375,26209.494140625,26182.21484375,26182.728515625,99122000,26205.677734375
2026-06-05 11:55:00-04:00,26204.544921875,26214.11328125,26194.80859375,26206.107421875,86576000,26204.544921875
2026-06-05 12:00:00-04:00,26167.515625,26201.794921875,26165.146484375,26201.794921875,93910000,26167.515625
2026-06-05 12:05:00-04:00,26130.0078125,26167.36328125,26123.56640625,26167.36328125,96269000,26130.0078125
2026-06-05 12:10:00-04:00,26146.037109375,26162.525390625,26121.6484375,26129.97265625,106459000,26146.037109375
2026-06-05 12:15:00-04:00,26105.19140625,26143.732421875,26104.640625,26143.732421875,109266000,26105.19140625
2026-06-05 12:20:00-04:00,26130.07421875,26136.76171875,26103.369140625,26105.802734375,85111000,26130.07421875
2026-06-05 12:25:00-04:00,26108.79296875,26143.3828125,26108.79296875,26126.90625,71203000,26108.79296875
2026-06-05 12:30:00-04:00,26075.09765625,26109.763671875,26063.705078125,26108.033203125,77871000,26075.09765625
2026-06-05 12:35:00-04:00,26065.5,26085.0859375,26054.6796875,26077.484375,83970000,26065.5
2026-06-05 12:40:00-04:00,26022.09375,26071.244140625,26012.09765625,26070.435546875,77322000,26022.09375
2026-06-05 12:45:00-04:00,26028.32421875,26028.55859375,25988.900390625,26022.923828125,94781000,26028.32421875
2026-06-05 12:50:00-04:00,26083.701171875,26083.701171875,26013.072265625,26031.068359375,82530000,26083.701171875
2026-06-05 12:55:00-04:00,26075.869140625,26080.435546875,26050.279296875,26080.435546875,71151000,26075.869140625
2026-06-05 13:00:00-04:00,26043.83984375,26076.89453125,26022.142578125,26076.658203125,77337000,26043.83984375
2026-06-05 13:05:00-04:00,26023.251953125,26043.693359375,26014.8046875,26042.6328125,68643000,26023.251953125
2026-06-05 13:10:00-04:00,26015.7109375,26029.55859375,25995.98828125,26027.326171875,84279000,26015.7109375
2026-06-05 13:15:00-04:00,26006.650390625,26019.505859375,25984.138671875,26017.25,63798000,26006.650390625
2026-06-05 13:20:00-04:00,26048.046875,26051.654296875,25984.208984375,26007.56640625,77127000,26048.046875
2026-06-05 13:25:00-04:00,26045.599609375,26050.2421875,26019.92578125,26049.630859375,71789000,26045.599609375
2026-06-05 13:30:00-04:00,26059.337890625,26059.337890625,26029.0625,26046.2265625,61866000,26059.337890625
2026-06-05 13:35:00-04:00,26089.98046875,26090.4765625,26062.09765625,26062.09765625,68249000,26089.98046875
2026-06-05 13:40:00-04:00,26034.703125,26103.6328125,26030.62109375,26090.443359375,71347000,26034.703125
2026-06-05 13:45:00-04:00,26039.46484375,26059.44921875,26032.03125,26036.7109375,73432000,26039.46484375
2026-06-05 13:50:00-04:00,26051.43359375,26052.494140625,26035.134765625,26039.642578125,60788000,26051.43359375
2026-06-05 13:55:00-04:00,26069.177734375,26070.89453125,26046.171875,26050.751953125,66009000,26069.177734375
2026-06-05 14:00:00-04:00,26011.6953125,26074.53515625,26011.6953125,26071.16796875,70757000,26011.6953125
2026-06-05 14:05:00-04:00,26001.177734375,26018.748046875,26000.59375,26012.39453125,64522000,26001.177734375
2026-06-05 14:10:00-04:00,25934.357421875,26008.54296875,25932.763671875,25999.970703125,71303000,25934.357421875
2026-06-05 14:15:00-04:00,25888.705078125,25937.080078125,25885.419921875,25937.080078125,78968000,25888.705078125
2026-06-05 14:20:00-04:00,25892.396484375,25908.447265625,25887.39453125,25888.837890625,78159000,25892.396484375
2026-06-05 14:25:00-04:00,25866.896484375,25891.0078125,25853.21484375,25890.0625,70825000,25866.896484375
2026-06-05 14:30:00-04:00,25851.236328125,25872.7109375,25836.720703125,25865.326171875,87841000,25851.236328125
2026-06-05 14:35:00-04:00,25839.33203125,25851.984375,25816.41015625,25851.6484375,72277000,25839.33203125
2026-06-05 14:40:00-04:00,25818.615234375,25838.48046875,25793.326171875,25838.48046875,75603000,25818.615234375
2026-06-05 14:45:00-04:00,25800.634765625,25814.724609375,25756.962890625,25814.724609375,92087000,25800.634765625
2026-06-05 14:50:00-04:00,25795.455078125,25809.712890625,25768.89453125,25800.986328125,82459000,25795.455078125
2026-06-05 14:55:00-04:00,25822.56640625,25845.2421875,25783.4296875,25796.2734375,78465000,25822.56640625
2026-06-05 15:00:00-04:00,25819.841796875,25830.87890625,25781.333984375,25814.66015625,79691000,25819.841796875
2026-06-05 15:05:00-04:00,25762.8125,25822.537109375,25749.623046875,25821.810546875,82273000,25762.8125
2026-06-05 15:10:00-04:00,25720.650390625,25765.69140625,25707.85546875,25765.69140625,80124000,25720.650390625
2026-06-05 15:15:00-04:00,25677.75390625,25718.505859375,25652.41015625,25718.505859375,93272000,25677.75390625
2026-06-05 15:20:00-04:00,25708.923828125,25708.923828125,25665.03515625,25676.50390625,93889000,25708.923828125
2026-06-05 15:25:00-04:00,25794.91796875,25794.91796875,25714.5,25714.5,83672000,25794.91796875
2026-06-05 15:30:00-04:00,25763.1875,25793.3359375,25733.630859375,25793.3359375,103650000,25763.1875
2026-06-05 15:35:00-04:00,25800.115234375,25802.240234375,25756.900390625,25762.689453125,105917000,25800.115234375
2026-06-05 15:40:00-04:00,25761.59765625,25797.9296875,25727.2734375,25797.3203125,119890000,25761.59765625
2026-06-05 15:45:00-04:00,25809.205078125,25815.5078125,25758.587890625,25759.84765625,135586000,25809.205078125
2026-06-05 15:50:00-04:00,25805.70703125,25837.748046875,25778.982421875,25805.736328125,149083000,25805.70703125
2026-06-05 15:55:00-04:00,25713.67578125,25795.044921875,25713.67578125,25779.0,160996000,25713.67578125
2026-06-08 09:30:00-04:00,25972.33984375,26109.49609375,25972.33984375,26064.462890625,0,25972.33984375
2026-06-08 09:35:00-04:00,25990.556640625,26022.193359375,25960.0078125,25966.0390625,206859000,25990.556640625
2026-06-08 09:40:00-04:00,26016.234375,26048.0546875,25978.328125,25983.595703125,154729000,26016.234375
2026-06-08 09:45:00-04:00,26007.033203125,26055.916015625,25981.611328125,26022.0,147238000,26007.033203125
2026-06-08 09:50:00-04:00,26033.357421875,26060.16015625,25978.376953125,26005.583984375,136890000,26033.357421875
2026-06-08 09:55:00-04:00,25910.4921875,26029.25,25905.568359375,26028.158203125,125573000,25910.4921875
2026-06-08 10:00:00-04:00,25927.40234375,25963.15234375,25901.84765625,25907.7265625,136678000,25927.40234375
2026-06-08 10:05:00-04:00,25974.12890625,25978.048828125,25916.216796875,25924.21875,123560000,25974.12890625
2026-06-08 10:10:00-04:00,25962.4140625,25983.322265625,25943.236328125,25975.3515625,114701000,25962.4140625
2026-06-08 10:15:00-04:00,25942.83203125,25963.09375,25918.38671875,25963.09375,116519000,25942.83203125
2026-06-08 10:20:00-04:00,25987.310546875,25989.3359375,25930.958984375,25944.689453125,118004000,25987.310546875
2026-06-08 10:25:00-04:00,26017.0390625,26028.109375,25972.703125,25982.7734375,122533000,26017.0390625
2026-06-08 10:30:00-04:00,26044.240234375,26044.240234375,26017.6484375,26017.6484375,124193000,26044.240234375
2026-06-08 10:35:00-04:00,26068.021484375,26083.87890625,26036.140625,26042.171875,147868000,26068.021484375
2026-06-08 10:40:00-04:00,26045.984375,26079.166015625,26027.7109375,26070.81640625,128082000,26045.984375
2026-06-08 10:45:00-04:00,26111.3046875,26119.244140625,26045.291015625,26045.291015625,108002000,26111.3046875
2026-06-08 10:50:00-04:00,26119.240234375,26132.169921875,26089.07421875,26097.6640625,101339000,26119.240234375
2026-06-08 10:55:00-04:00,26147.208984375,26150.708984375,26101.78515625,26120.728515625,93528000,26147.208984375
2026-06-08 11:00:00-04:00,26151.009765625,26165.3359375,26141.833984375,26147.82421875,95874000,26151.009765625
2026-06-08 11:05:00-04:00,26171.431640625,26173.662109375,26148.52734375,26152.0,87203000,26171.431640625
2026-06-08 11:10:00-04:00,26163.21875,26176.4609375,26163.21875,26173.87890625,83449000,26163.21875
2026-06-08 11:15:00-04:00,26172.611328125,26175.341796875,26154.181640625,26166.96875,90152000,26172.611328125
2026-06-08 11:20:00-04:00,26172.24609375,26174.4296875,26140.482421875,26169.52734375,75541000,26172.24609375
2026-06-08 11:25:00-04:00,26092.326171875,26169.255859375,26092.326171875,26169.255859375,75842000,26092.326171875
2026-06-08 11:30:00-04:00,26051.505859375,26091.7890625,26037.666015625,26091.7890625,91697000,26051.505859375
2026-06-08 11:35:00-04:00,26110.642578125,26111.392578125,26043.61328125,26048.525390625,77543000,26110.642578125
2026-06-08 11:40:00-04:00,26121.607421875,26124.728515625,26099.666015625,26113.91015625,68404000,26121.607421875
2026-06-08 11:45:00-04:00,26107.69921875,26149.859375,26105.8984375,26127.32421875,72211000,26107.69921875
2026-06-08 11:50:00-04:00,26107.794921875,26135.9453125,26104.458984375,26113.390625,73849000,26107.794921875
2026-06-08 11:55:00-04:00,26066.873046875,26108.00390625,26060.369140625,26108.00390625,70537000,26066.873046875
2026-06-08 12:00:00-04:00,26086.388671875,26097.259765625,26051.32421875,26068.630859375,71385000,26086.388671875
2026-06-08 12:05:00-04:00,26078.58203125,26100.873046875,26073.21484375,26087.66796875,57314000,26078.58203125
2026-06-08 12:10:00-04:00,26093.375,26103.591796875,26066.21875,26079.22265625,58788000,26093.375
2026-06-08 12:15:00-04:00,26133.861328125,26134.419921875,26094.716796875,26094.716796875,58558000,26133.861328125
2026-06-08 12:20:00-04:00,26104.20703125,26144.94140625,26100.15625,26135.466796875,62282000,26104.20703125
2026-06-08 12:25:00-04:00,26063.18359375,26117.51953125,26061.60546875,26102.638671875,61823000,26063.18359375
2026-06-08 12:30:00-04:00,26054.751953125,26083.96484375,26054.556640625,26063.798828125,60351000,26054.751953125
2026-06-08 12:35:00-04:00,26042.552734375,26070.814453125,26037.08984375,26057.376953125,63971000,26042.552734375
2026-06-08 12:40:00-04:00,26058.365234375,26063.6484375,26037.75390625,26039.77734375,51365000,26058.365234375
2026-06-08 12:45:00-04:00,26078.142578125,26094.287109375,26057.494140625,26060.0234375,50945000,26078.142578125
2026-06-08 12:50:00-04:00,26075.5625,26085.189453125,26068.8828125,26079.234375,46119000,26075.5625
2026-06-08 12:55:00-04:00,26057.90234375,26077.189453125,26055.767578125,26075.59375,45385000,26057.90234375
2026-06-08 13:00:00-04:00,26006.564453125,26056.046875,25989.556640625,26055.34765625,59303000,26006.564453125
2026-06-08 13:05:00-04:00,26010.861328125,26035.9609375,26000.734375,26004.3359375,56718000,26010.861328125
2026-06-08 13:10:00-04:00,26013.625,26013.798828125,25982.85546875,26012.373046875,55820000,26013.625
2026-06-08 13:15:00-04:00,25995.68359375,26020.962890625,25985.732421875,26013.47265625,58568000,25995.68359375
2026-06-08 13:20:00-04:00,25998.671875,26013.392578125,25985.58984375,25995.58984375,53413000,25998.671875
2026-06-08 13:25:00-04:00,26075.294921875,26075.294921875,25997.203125,25997.203125,59388000,26075.294921875
2026-06-08 13:30:00-04:00,26072.056640625,26091.357421875,26043.705078125,26071.439453125,59173000,26072.056640625
2026-06-08 13:35:00-04:00,26033.70703125,26072.212890625,26019.609375,26067.498046875,52561000,26033.70703125
2026-06-08 13:40:00-04:00,25988.79296875,26038.013671875,25988.79296875,26034.83984375,50067000,25988.79296875
2026-06-08 13:45:00-04:00,26030.48046875,26030.48046875,25987.1171875,25988.36328125,61591000,26030.48046875
2026-06-08 13:50:00-04:00,26048.869140625,26056.7890625,26022.27734375,26031.279296875,48141000,26048.869140625
2026-06-08 13:55:00-04:00,26020.14453125,26050.373046875,26013.482421875,26049.10546875,49701000,26020.14453125
2026-06-08 14:00:00-04:00,26026.677734375,26048.421875,26022.873046875,26022.873046875,70221000,26026.677734375
2026-06-08 14:05:00-04:00,26036.2265625,26052.52734375,26026.68359375,26027.693359375,78976000,26036.2265625
2026-06-08 14:10:00-04:00,26012.873046875,26048.115234375,26008.705078125,26036.6484375,81132000,26012.873046875
2026-06-08 14:15:00-04:00,26022.349609375,26033.0859375,26012.759765625,26014.392578125,108577000,26022.349609375
2026-06-08 14:20:00-04:00,26029.923828125,26032.228515625,26007.80078125,26026.06640625,78644000,26029.923828125
2026-06-08 14:25:00-04:00,26035.810546875,26038.298828125,26017.375,26027.87109375,60445000,26035.810546875
2026-06-08 14:30:00-04:00,26032.748046875,26054.578125,26032.748046875,26035.775390625,75567000,26032.748046875
2026-06-08 14:35:00-04:00,26000.708984375,26045.279296875,25997.869140625,26032.224609375,88654000,26000.708984375
2026-06-08 14:40:00-04:00,25988.353515625,26004.9921875,25984.373046875,26001.19140625,83895000,25988.353515625
2026-06-08 14:45:00-04:00,26001.376953125,26018.890625,25988.408203125,25988.8359375,74146000,26001.376953125
2026-06-08 14:50:00-04:00,26009.998046875,26013.75390625,25997.03125,26001.734375,79535000,26009.998046875
2026-06-08 14:55:00-04:00,25998.546875,26019.064453125,25996.412109375,26010.4375,69630000,25998.546875
2026-06-08 15:00:00-04:00,25993.548828125,25999.826171875,25976.4921875,25999.810546875,82042000,25993.548828125
2026-06-08 15:05:00-04:00,25962.744140625,26000.869140625,25962.744140625,25993.8671875,89173000,25962.744140625
2026-06-08 15:10:00-04:00,25919.88671875,25957.42578125,25919.88671875,25957.42578125,108924000,25919.88671875
2026-06-08 15:15:00-04:00,25910.91015625,25930.068359375,25907.630859375,25918.908203125,92470000,25910.91015625
2026-06-08 15:20:00-04:00,25881.578125,25932.1796875,25881.578125,25913.63671875,90075000,25881.578125
2026-06-08 15:25:00-04:00,25915.107421875,25915.107421875,25872.744140625,25882.326171875,112143000,25915.107421875
2026-06-08 15:30:00-04:00,25928.048828125,25955.8359375,25915.302734375,25915.302734375,93254000,25928.048828125
2026-06-08 15:35:00-04:00,25928.53515625,25947.033203125,25913.392578125,25927.064453125,86515000,25928.53515625
2026-06-08 15:40:00-04:00,25921.5390625,25934.095703125,25906.775390625,25925.361328125,91272000,25921.5390625
2026-06-08 15:45:00-04:00,25918.611328125,25943.990234375,25915.00390625,25918.5078125,101825000,25918.611328125
2026-06-08 15:50:00-04:00,25920.599609375,25942.859375,25907.658203125,25934.724609375,156695000,25920.599609375
2026-06-08 15:55:00-04:00,25931.560546875,25937.06640625,25913.697265625,25917.529296875,170915000,25931.560546875
2026-06-09 09:30:00-04:00,26103.978515625,26142.26171875,26085.91015625,26111.9375,0,26103.978515625
2026-06-09 09:35:00-04:00,26140.666015625,26172.642578125,26115.515625,26115.515625,172453000,26140.666015625
2026-06-09 09:40:00-04:00,26182.171875,26189.4609375,26120.138671875,26140.32421875,169660000,26182.171875
2026-06-09 09:45:00-04:00,26254.462890625,26259.0859375,26186.1171875,26186.1171875,148370000,26254.462890625
2026-06-09 09:50:00-04:00,26175.001953125,26253.30078125,26175.001953125,26253.30078125,129678000,26175.001953125
2026-06-09 09:55:00-04:00,26123.125,26177.6171875,26123.125,26167.37109375,131881000,26123.125
2026-06-09 10:00:00-04:00,26110.62109375,26145.45703125,26101.00390625,26126.599609375,144616000,26110.62109375
2026-06-09 10:05:00-04:00,26080.08984375,26126.64453125,26080.08984375,26107.857421875,120305000,26080.08984375
2026-06-09 10:10:00-04:00,25970.625,26068.51953125,25967.73046875,26068.51953125,129977000,25970.625
2026-06-09 10:15:00-04:00,25883.373046875,25978.306640625,25859.814453125,25963.41015625,150814000,25883.373046875
2026-06-09 10:20:00-04:00,25967.8984375,25967.8984375,25859.072265625,25876.68359375,133392000,25967.8984375
2026-06-09 10:25:00-04:00,25919.32421875,25979.037109375,25910.287109375,25956.462890625,125247000,25919.32421875
2026-06-09 10:30:00-04:00,25919.7109375,25932.001953125,25880.2265625,25915.78125,124473000,25919.7109375
2026-06-09 10:35:00-04:00,25917.904296875,25953.685546875,25895.328125,25916.1171875,112313000,25917.904296875
2026-06-09 10:40:00-04:00,25805.396484375,25936.857421875,25798.138671875,25926.162109375,114119000,25805.396484375
2026-06-09 10:45:00-04:00,25656.98046875,25812.05859375,25648.728515625,25809.66015625,164316000,25656.98046875
2026-06-09 10:50:00-04:00,25717.14453125,25717.14453125,25642.498046875,25645.337890625,136211000,25717.14453125
2026-06-09 10:55:00-04:00,25757.990234375,25757.990234375,25682.619140625,25726.267578125,94319000,25757.990234375
2026-06-09 11:00:00-04:00,25719.232421875,25769.408203125,25716.376953125,25758.521484375,101965000,25719.232421875
2026-06-09 11:05:00-04:00,25769.626953125,25769.626953125,25685.654296875,25718.82421875,94567000,25769.626953125
2026-06-09 11:10:00-04:00,25755.171875,25789.109375,25722.9375,25778.53515625,89942000,25755.171875
2026-06-09 11:15:00-04:00,25687.466796875,25749.94921875,25687.466796875,25749.94921875,88731000,25687.466796875
2026-06-09 11:20:00-04:00,25574.611328125,25699.23046875,25574.611328125,25683.619140625,102366000,25574.611328125
2026-06-09 11:25:00-04:00,25439.005859375,25578.76171875,25432.310546875,25575.0703125,132978000,25439.005859375
2026-06-09 11:30:00-04:00,25432.236328125,25465.591796875,25420.15625,25449.01953125,126489000,25432.236328125
2026-06-09 11:35:00-04:00,25459.02734375,25459.02734375,25409.65625,25433.419921875,106402000,25459.02734375
2026-06-09 11:40:00-04:00,25471.0234375,25499.109375,25449.40234375,25454.45703125,100806000,25471.0234375
2026-06-09 11:45:00-04:00,25486.453125,25495.009765625,25467.919921875,25479.111328125,89352000,25486.453125
2026-06-09 11:50:00-04:00,25452.9140625,25518.07421875,25452.9140625,25490.640625,106202000,25452.9140625
2026-06-09 11:55:00-04:00,25329.73828125,25450.41796875,25324.607421875,25445.80859375,119199000,25329.73828125
2026-06-09 12:00:00-04:00,25349.572265625,25391.537109375,25326.48046875,25326.48046875,99791000,25349.572265625
2026-06-09 12:05:00-04:00,25263.111328125,25348.060546875,25243.451171875,25348.060546875,105750000,25263.111328125
2026-06-09 12:10:00-04:00,25272.078125,25309.224609375,25246.142578125,25264.515625,103026000,25272.078125
2026-06-09 12:15:00-04:00,25145.23046875,25276.31640625,25133.060546875,25272.412109375,112420000,25145.23046875
2026-06-09 12:20:00-04:00,25209.779296875,25209.779296875,25112.806640625,25142.537109375,109301000,25209.779296875
2026-06-09 12:25:00-04:00,25206.330078125,25241.521484375,25184.62890625,25206.822265625,98025000,25206.330078125
2026-06-09 12:30:00-04:00,25184.865234375,25244.25390625,25155.12890625,25202.90625,87816000,25184.865234375
2026-06-09 12:35:00-04:00,25009.720703125,25228.48046875,24997.869140625,25186.650390625,91243000,25009.720703125
2026-06-09 12:40:00-04:00,25082.484375,25089.845703125,24980.376953125,25010.33984375,131334000,25082.484375
2026-06-09 12:45:00-04:00,25081.529296875,25125.326171875,25044.193359375,25080.13671875,81607000,25081.529296875
2026-06-09 12:50:00-04:00,25022.3671875,25093.150390625,25021.02734375,25084.423828125,76721000,25022.3671875
2026-06-09 12:55:00-04:00,25168.115234375,25168.115234375,25017.806640625,25017.806640625,81515000,25168.115234375
2026-06-09 13:00:00-04:00,25285.998046875,25287.34765625,25166.001953125,25171.08203125,85933000,25285.998046875
2026-06-09 13:05:00-04:00,25278.466796875,25291.6875,25242.33984375,25282.255859375,78276000,25278.466796875
2026-06-09 13:10:00-04:00,25307.55859375,25322.96484375,25234.84375,25271.853515625,68494000,25307.55859375
2026-06-09 13:15:00-04:00,25367.48046875,25368.794921875,25279.44921875,25305.962890625,66747000,25367.48046875
2026-06-09 13:20:00-04:00,25372.18359375,25416.29296875,25339.220703125,25364.806640625,79284000,25372.18359375
2026-06-09 13:25:00-04:00,25393.130859375,25409.896484375,25349.58984375,25368.875,60248000,25393.130859375
2026-06-09 13:30:00-04:00,25433.90625,25434.8125,25368.11328125,25391.474609375,57688000,25433.90625
2026-06-09 13:35:00-04:00,25455.154296875,25473.208984375,25410.240234375,25434.54296875,59705000,25455.154296875
2026-06-09 13:40:00-04:00,25493.849609375,25530.990234375,25447.763671875,25455.0546875,69627000,25493.849609375
2026-06-09 13:45:00-04:00,25394.328125,25500.78515625,25386.080078125,25492.052734375,61253000,25394.328125
2026-06-09 13:50:00-04:00,25450.689453125,25482.9453125,25396.962890625,25396.962890625,59891000,25450.689453125
2026-06-09 13:55:00-04:00,25468.193359375,25492.326171875,25450.875,25450.875,52108000,25468.193359375
2026-06-09 14:00:00-04:00,25471.08984375,25495.365234375,25449.03515625,25468.98046875,58653000,25471.08984375
2026-06-09 14:05:00-04:00,25513.23046875,25516.884765625,25462.892578125,25469.33984375,49635000,25513.23046875
2026-06-09 14:10:00-04:00,25506.15625,25511.7578125,25473.29296875,25511.7578125,51924000,25506.15625
2026-06-09 14:15:00-04:00,25560.21875,25560.21875,25476.736328125,25504.126953125,63785000,25560.21875
2026-06-09 14:20:00-04:00,25587.548828125,25592.62890625,25534.337890625,25562.740234375,53463000,25587.548828125
2026-06-09 14:25:00-04:00,25588.1875,25589.7421875,25541.1484375,25588.3359375,56003000,25588.1875
2026-06-09 14:30:00-04:00,25618.935546875,25641.7265625,25589.802734375,25589.802734375,61708000,25618.935546875
2026-06-09 14:35:00-04:00,25632.111328125,25643.029296875,25611.796875,25619.12109375,49534000,25632.111328125
2026-06-09 14:40:00-04:00,25559.546875,25632.623046875,25554.4453125,25632.623046875,56207000,25559.546875
2026-06-09 14:45:00-04:00,25592.9140625,25595.587890625,25557.357421875,25557.357421875,62849000,25592.9140625
2026-06-09 14:50:00-04:00,25603.177734375,25627.52734375,25582.78515625,25595.2890625,50428000,25603.177734375
2026-06-09 14:55:00-04:00,25663.21875,25678.150390625,25602.78125,25602.9921875,54042000,25663.21875
2026-06-09 15:00:00-04:00,25697.025390625,25697.025390625,25633.314453125,25664.44921875,60672000,25697.025390625
2026-06-09 15:05:00-04:00,25651.701171875,25709.05859375,25651.701171875,25695.099609375,59975000,25651.701171875
2026-06-09 15:10:00-04:00,25585.892578125,25652.119140625,25584.697265625,25652.119140625,61709000,25585.892578125
2026-06-09 15:15:00-04:00,25512.57421875,25588.16015625,25509.013671875,25588.16015625,71473000,25512.57421875
2026-06-09 15:20:00-04:00,25527.068359375,25544.98828125,25499.140625,25512.162109375,76809000,25527.068359375
2026-06-09 15:25:00-04:00,25568.453125,25578.126953125,25514.646484375,25525.78515625,66202000,25568.453125
2026-06-09 15:30:00-04:00,25580.0859375,25588.84375,25555.123046875,25570.396484375,80522000,25580.0859375
2026-06-09 15:35:00-04:00,25538.95703125,25582.40625,25538.833984375,25577.796875,73582000,25538.95703125
2026-06-09 15:40:00-04:00,25531.712890625,25551.3515625,25490.806640625,25539.482421875,84982000,25531.712890625
2026-06-09 15:45:00-04:00,25502.072265625,25541.501953125,25482.77734375,25536.73828125,95016000,25502.072265625
2026-06-09 15:50:00-04:00,25632.421875,25632.421875,25517.205078125,25517.205078125,163990000,25632.421875
2026-06-09 15:55:00-04:00,25675.19140625,25687.51171875,25632.291015625,25632.291015625,154309000,25675.19140625
2026-06-10 09:30:00-04:00,25414.283203125,25522.865234375,25414.283203125,25522.865234375,0,25414.283203125
2026-06-10 09:35:00-04:00,25556.39453125,25591.23828125,25406.796875,25411.880859375,154216000,25556.39453125
2026-06-10 09:40:00-04:00,25640.859375,25646.017578125,25488.71484375,25557.341796875,141260000,25640.859375
2026-06-10 09:45:00-04:00,25675.01953125,25691.111328125,25601.759765625,25637.294921875,135321000,25675.01953125
2026-06-10 09:50:00-04:00,25585.42578125,25673.30078125,25553.97265625,25673.30078125,120297000,25585.42578125
2026-06-10 09:55:00-04:00,25580.734375,25643.3203125,25576.931640625,25581.26953125,102613000,25580.734375
2026-06-10 10:00:00-04:00,25632.6796875,25657.236328125,25567.640625,25596.75390625,120771000,25632.6796875
2026-06-10 10:05:00-04:00,25667.6640625,25675.12109375,25604.654296875,25630.244140625,114751000,25667.6640625
2026-06-10 10:10:00-04:00,25644.83203125,25686.138671875,25626.4140625,25668.150390625,116922000,25644.83203125
2026-06-10 10:15:00-04:00,25632.048828125,25660.73046875,25606.828125,25646.44921875,115747000,25632.048828125
2026-06-10 10:20:00-04:00,25717.703125,25718.529296875,25620.1015625,25638.0234375,105314000,25717.703125
2026-06-10 10:25:00-04:00,25680.357421875,25725.619140625,25649.9609375,25718.966796875,102797000,25680.357421875
2026-06-10 10:30:00-04:00,25716.8125,25721.15625,25623.732421875,25681.509765625,93140000,25716.8125
2026-06-10 10:35:00-04:00,25646.64453125,25721.05859375,25629.7734375,25718.53515625,96251000,25646.64453125
2026-06-10 10:40:00-04:00,25606.818359375,25679.142578125,25606.818359375,25646.345703125,83773000,25606.818359375
2026-06-10 10:45:00-04:00,25556.65234375,25621.990234375,25544.234375,25602.3203125,99994000,25556.65234375
2026-06-10 10:50:00-04:00,25554.5078125,25604.869140625,25542.267578125,25562.09765625,99961000,25554.5078125
2026-06-10 10:55:00-04:00,25463.509765625,25565.154296875,25431.814453125,25557.59375,113697000,25463.509765625
2026-06-10 11:00:00-04:00,25472.328125,25525.275390625,25418.64453125,25464.59765625,93013000,25472.328125
2026-06-10 11:05:00-04:00,25410.318359375,25472.369140625,25408.99609375,25472.369140625,87098000,25410.318359375
2026-06-10 11:10:00-04:00,25355.4375,25415.44140625,25349.4609375,25414.611328125,102560000,25355.4375
2026-06-10 11:15:00-04:00,25332.140625,25348.779296875,25288.623046875,25348.779296875,93410000,25332.140625
2026-06-10 11:20:00-04:00,25409.287109375,25430.490234375,25327.029296875,25327.029296875,91542000,25409.287109375
2026-06-10 11:25:00-04:00,25388.958984375,25440.744140625,25388.958984375,25409.076171875,75834000,25388.958984375
2026-06-10 11:30:00-04:00,25376.892578125,25419.048828125,25353.830078125,25387.046875,77937000,25376.892578125
2026-06-10 11:35:00-04:00,25365.0234375,25393.966796875,25337.236328125,25370.62890625,76501000,25365.0234375
2026-06-10 11:40:00-04:00,25442.603515625,25450.431640625,25353.84375,25366.345703125,71840000,25442.603515625
2026-06-10 11:45:00-04:00,25330.80859375,25458.7734375,25305.234375,25441.064453125,98498000,25330.80859375
2026-06-10 11:50:00-04:00,25393.025390625,25405.671875,25270.283203125,25331.65234375,94816000,25393.025390625
2026-06-10 11:55:00-04:00,25436.951171875,25439.595703125,25353.9921875,25380.53515625,69024000,25436.951171875
2026-06-10 12:00:00-04:00,25413.1328125,25459.9453125,25393.55859375,25436.62109375,65505000,25413.1328125
2026-06-10 12:05:00-04:00,25372.173828125,25424.546875,25370.205078125,25414.32421875,59639000,25372.173828125
2026-06-10 12:10:00-04:00,25335.62109375,25374.759765625,25331.56640625,25374.759765625,61924000,25335.62109375
2026-06-10 12:15:00-04:00,25354.06640625,25367.95703125,25331.8671875,25337.251953125,63418000,25354.06640625
2026-06-10 12:20:00-04:00,25331.912109375,25364.611328125,25326.12109375,25353.111328125,49297000,25331.912109375
2026-06-10 12:25:00-04:00,25353.359375,25365.9609375,25330.86328125,25331.193359375,43595000,25353.359375
2026-06-10 12:30:00-04:00,25397.1640625,25397.1640625,25329.818359375,25350.1640625,48031000,25397.1640625
2026-06-10 12:35:00-04:00,25417.732421875,25433.947265625,25377.26953125,25405.27734375,57779000,25417.732421875
2026-06-10 12:40:00-04:00,25369.298828125,25430.87109375,25356.552734375,25418.046875,51273000,25369.298828125
2026-06-10 12:45:00-04:00,25330.52734375,25367.1484375,25301.556640625,25367.1484375,57590000,25330.52734375
2026-06-10 12:50:00-04:00,25343.8359375,25367.8125,25312.87890625,25328.013671875,51117000,25343.8359375
2026-06-10 12:55:00-04:00,25341.044921875,25342.26171875,25312.25,25342.26171875,46999000,25341.044921875
2026-06-10 13:00:00-04:00,25383.0625,25388.6953125,25331.0390625,25338.392578125,50864000,25383.0625
2026-06-10 13:05:00-04:00,25318.10546875,25381.38671875,25312.6953125,25381.38671875,46216000,25318.10546875
2026-06-10 13:10:00-04:00,25287.353515625,25316.900390625,25277.27734375,25316.900390625,49788000,25287.353515625
2026-06-10 13:15:00-04:00,25283.82421875,25302.740234375,25276.287109375,25287.275390625,43515000,25283.82421875
2026-06-10 13:20:00-04:00,25305.529296875,25308.857421875,25274.416015625,25282.244140625,45469000,25305.529296875
2026-06-10 13:25:00-04:00,25313.009765625,25322.140625,25295.115234375,25306.10546875,49899000,25313.009765625
2026-06-10 13:30:00-04:00,25293.140625,25318.013671875,25273.990234375,25316.041015625,49482000,25293.140625
2026-06-10 13:35:00-04:00,25267.09765625,25293.783203125,25265.626953125,25293.783203125,60764000,25267.09765625
2026-06-10 13:40:00-04:00,25260.875,25284.95703125,25259.572265625,25268.994140625,51733000,25260.875
2026-06-10 13:45:00-04:00,25372.509765625,25384.2578125,25258.71484375,25261.162109375,69977000,25372.509765625
2026-06-10 13:50:00-04:00,25352.21484375,25375.888671875,25318.087890625,25371.68359375,62138000,25352.21484375
2026-06-10 13:55:00-04:00,25385.34765625,25391.0859375,25351.841796875,25354.400390625,50324000,25385.34765625
2026-06-10 14:00:00-04:00,25420.734375,25420.734375,25380.650390625,25386.15625,52223000,25420.734375
2026-06-10 14:05:00-04:00,25374.8125,25421.51953125,25374.8125,25421.51953125,55055000,25374.8125
2026-06-10 14:10:00-04:00,25385.673828125,25401.01953125,25371.892578125,25371.892578125,64971000,25385.673828125
2026-06-10 14:15:00-04:00,25345.728515625,25405.78125,25336.22265625,25385.1484375,59308000,25345.728515625
2026-06-10 14:20:00-04:00,25352.17578125,25369.4765625,25329.8359375,25346.76953125,61989000,25352.17578125
2026-06-10 14:25:00-04:00,25337.58203125,25354.349609375,25331.71484375,25351.923828125,52719000,25337.58203125
2026-06-10 14:30:00-04:00,25315.859375,25336.15234375,25308.904296875,25336.15234375,55027000,25315.859375
2026-06-10 14:35:00-04:00,25288.65625,25314.150390625,25274.515625,25314.150390625,59766000,25288.65625
2026-06-10 14:40:00-04:00,25289.482421875,25300.48046875,25272.32421875,25288.439453125,59757000,25289.482421875
2026-06-10 14:45:00-04:00,25263.95703125,25286.142578125,25263.95703125,25283.89453125,52233000,25263.95703125
2026-06-10 14:50:00-04:00,25251.162109375,25260.154296875,25224.21875,25260.154296875,61538000,25251.162109375
2026-06-10 14:55:00-04:00,25238.431640625,25252.0546875,25220.51953125,25248.1484375,54799000,25238.431640625
2026-06-10 15:00:00-04:00,25247.107421875,25268.083984375,25215.875,25229.8046875,57169000,25247.107421875
2026-06-10 15:05:00-04:00,25258.177734375,25275.201171875,25231.685546875,25245.091796875,60595000,25258.177734375
2026-06-10 15:10:00-04:00,25219.970703125,25258.357421875,25214.412109375,25258.357421875,61768000,25219.970703125
2026-06-10 15:15:00-04:00,25188.470703125,25222.6953125,25182.095703125,25221.521484375,66457000,25188.470703125
2026-06-10 15:20:00-04:00,25174.234375,25189.615234375,25156.955078125,25189.615234375,81557000,25174.234375
2026-06-10 15:25:00-04:00,25180.7109375,25181.85546875,25145.54296875,25175.37890625,65250000,25180.7109375
2026-06-10 15:30:00-04:00,25218.8828125,25227.111328125,25164.8125,25177.84375,88715000,25218.8828125
2026-06-10 15:35:00-04:00,25259.15625,25262.90625,25214.46484375,25219.94140625,91444000,25259.15625
2026-06-10 15:40:00-04:00,25240.6796875,25266.228515625,25219.9140625,25261.841796875,89704000,25240.6796875
2026-06-10 15:45:00-04:00,25209.927734375,25241.115234375,25186.94140625,25241.115234375,94790000,25209.927734375
2026-06-10 15:50:00-04:00,25217.97265625,25258.716796875,25187.70703125,25187.70703125,160552000,25217.97265625
2026-06-10 15:55:00-04:00,25167.123046875,25241.556640625,25167.123046875,25219.927734375,176264000,25167.123046875
