Datetime,Close,High,Low,Open,Volume,Adj Close
2026-04-29 09:30:00-04:00,344.32501220703125,345.17999267578125,342.69000244140625,342.7449951171875,971588,344.32501220703125
2026-04-29 09:35:00-04:00,345.94000244140625,346.04998779296875,343.8399963378906,344.2699890136719,354857,345.94000244140625
2026-04-29 09:40:00-04:00,346.8550109863281,347.0199890136719,345.8599853515625,345.944091796875,369153,346.8550109863281
2026-04-29 09:45:00-04:00,348.20001220703125,348.7099914550781,346.32000732421875,346.75,339051,348.20001220703125
2026-04-29 09:50:00-04:00,349.010009765625,349.3999938964844,348.1199951171875,348.20001220703125,287621,349.010009765625
2026-04-29 09:55:00-04:00,349.7650146484375,349.7699890136719,348.6000061035156,349.19000244140625,243026,349.7650146484375
2026-04-29 10:00:00-04:00,349.4599914550781,349.989990234375,348.6099853515625,349.7900085449219,309042,349.4599914550781
2026-04-29 10:05:00-04:00,348.8900146484375,349.3399963378906,348.6499938964844,349.32501220703125,196223,348.8900146484375
2026-04-29 10:10:00-04:00,349.8699951171875,350.2900085449219,348.7900085449219,348.8699951171875,376011,349.8699951171875
2026-04-29 10:15:00-04:00,349.9849853515625,350.0797119140625,349.2699890136719,349.82000732421875,179856,349.9849853515625
2026-04-29 10:20:00-04:00,350.5400085449219,350.56988525390625,349.9049987792969,349.94000244140625,266543,350.5400085449219
2026-04-29 10:25:00-04:00,351.3299865722656,351.4200134277344,350.54998779296875,350.55999755859375,229823,351.3299865722656
2026-04-29 10:30:00-04:00,352.80999755859375,352.9100036621094,350.92999267578125,351.3599853515625,296365,352.80999755859375
2026-04-29 10:35:00-04:00,352.6199951171875,353.3900146484375,352.5801086425781,352.7300109863281,260917,352.6199951171875
2026-04-29 10:40:00-04:00,352.8299865722656,353.04998779296875,351.79998779296875,352.6199951171875,620668,352.8299865722656
2026-04-29 10:45:00-04:00,351.54998779296875,352.864990234375,351.5,352.864990234375,187805,351.54998779296875
2026-04-29 10:50:00-04:00,350.82000732421875,351.8276062011719,350.7200012207031,351.54998779296875,224448,350.82000732421875
2026-04-29 10:55:00-04:00,349.7699890136719,350.9599914550781,349.7699890136719,350.8299865722656,269719,349.7699890136719
2026-04-29 11:00:00-04:00,350.664794921875,350.75,349.7699890136719,349.7699890136719,176983,350.664794921875
2026-04-29 11:05:00-04:00,349.7799987792969,350.9599914550781,349.7699890136719,350.6300048828125,183555,349.7799987792969
2026-04-29 11:10:00-04:00,349.31500244140625,350.0292053222656,349.29998779296875,349.75,143638,349.31500244140625
2026-04-29 11:15:00-04:00,349.50750732421875,349.7699890136719,349.2349853515625,349.30499267578125,121394,349.50750732421875
2026-04-29 11:20:00-04:00,349.20001220703125,349.6199951171875,349.010009765625,349.5199890136719,117201,349.20001220703125
2026-04-29 11:25:00-04:00,349.4599914550781,349.7298889160156,349.1499938964844,349.239990234375,396003,349.4599914550781
2026-04-29 11:30:00-04:00,350.05999755859375,350.0899963378906,349.5199890136719,349.5199890136719,162151,350.05999755859375
2026-04-29 11:35:00-04:00,349.90301513671875,350.4599914550781,349.8999938964844,350.04998779296875,129395,349.90301513671875
2026-04-29 11:40:00-04:00,349.45001220703125,350.04998779296875,349.45001220703125,349.9200134277344,89252,349.45001220703125
2026-04-29 11:45:00-04:00,349.68499755859375,349.8800048828125,349.3399963378906,349.4800109863281,129308,349.68499755859375
2026-04-29 11:50:00-04:00,348.7200012207031,349.75,348.364990234375,349.69000244140625,205007,348.7200012207031
2026-04-29 11:55:00-04:00,348.9049987792969,348.989990234375,348.510009765625,348.7598876953125,92310,348.9049987792969
2026-04-29 12:00:00-04:00,348.2760009765625,348.94000244140625,348.1600036621094,348.94000244140625,106323,348.2760009765625
2026-04-29 12:05:00-04:00,348.0150146484375,348.29998779296875,347.8450012207031,348.2850036621094,100515,348.0150146484375
2026-04-29 12:10:00-04:00,348.1600036621094,348.2398986816406,347.95001220703125,347.95001220703125,73399,348.1600036621094
2026-04-29 12:15:00-04:00,347.80999755859375,348.3251037597656,347.7359924316406,348.17559814453125,87256,347.80999755859375
2026-04-29 12:20:00-04:00,347.6199951171875,347.9599914550781,347.45001220703125,347.760009765625,103475,347.6199951171875
2026-04-29 12:25:00-04:00,347.1260070800781,347.70001220703125,347.0,347.6199951171875,105528,347.1260070800781
2026-04-29 12:30:00-04:00,346.2699890136719,347.1050109863281,346.2250061035156,347.1050109863281,124630,346.2699890136719
2026-04-29 12:35:00-04:00,346.1499938964844,346.3949890136719,345.6709899902344,346.32000732421875,142470,346.1499938964844
2026-04-29 12:40:00-04:00,346.4599914550781,346.6000061035156,346.25,346.3699951171875,119354,346.4599914550781
2026-04-29 12:45:00-04:00,346.2915954589844,346.6285095214844,346.1400146484375,346.4800109863281,116681,346.2915954589844
2026-04-29 12:50:00-04:00,346.2300109863281,346.6099853515625,346.1600036621094,346.260009765625,90252,346.2300109863281
2026-04-29 12:55:00-04:00,346.0,346.4100036621094,345.82000732421875,346.2200012207031,115380,346.0
2026-04-29 13:00:00-04:00,345.94000244140625,346.1700134277344,345.5899963378906,346.1099853515625,111740,345.94000244140625
2026-04-29 13:05:00-04:00,346.42999267578125,346.4649963378906,345.92498779296875,346.0,110703,346.42999267578125
2026-04-29 13:10:00-04:00,346.44000244140625,346.55999755859375,346.17999267578125,346.4599914550781,102759,346.44000244140625
2026-04-29 13:15:00-04:00,346.7699890136719,346.94989013671875,346.32501220703125,346.44000244140625,119095,346.7699890136719
2026-04-29 13:20:00-04:00,347.2200012207031,347.3800048828125,346.760009765625,346.7900085449219,130802,347.2200012207031
2026-04-29 13:25:00-04:00,347.2619934082031,347.2799987792969,347.0299987792969,347.2449951171875,60823,347.2619934082031
2026-04-29 13:30:00-04:00,347.3599853515625,347.489990234375,347.15130615234375,347.2799987792969,114110,347.3599853515625
2026-04-29 13:35:00-04:00,347.260009765625,347.42999267578125,347.0849914550781,347.3550109863281,104907,347.260009765625
2026-04-29 13:40:00-04:00,347.39990234375,347.43499755859375,347.135009765625,347.2699890136719,99852,347.39990234375
2026-04-29 13:45:00-04:00,347.3800048828125,347.489990234375,347.0400085449219,347.3900146484375,109423,347.3800048828125
2026-04-29 13:50:00-04:00,347.2049865722656,347.5400085449219,347.0060119628906,347.4599914550781,96846,347.2049865722656
2026-04-29 13:55:00-04:00,347.3900146484375,347.54998779296875,347.1600036621094,347.2300109863281,87174,347.3900146484375
2026-04-29 14:00:00-04:00,346.7099914550781,347.42999267578125,346.6213073730469,347.4100036621094,137922,346.7099914550781
2026-04-29 14:05:00-04:00,346.7300109863281,346.8500061035156,346.3800048828125,346.7099914550781,96245,346.7300109863281
2026-04-29 14:10:00-04:00,347.3450012207031,347.3999938964844,346.6000061035156,346.75,90530,347.3450012207031
2026-04-29 14:15:00-04:00,347.75,348.1000061035156,347.32000732421875,347.32000732421875,105232,347.75
2026-04-29 14:20:00-04:00,347.5849914550781,348.1000061035156,347.4599914550781,347.7300109863281,104292,347.5849914550781
2026-04-29 14:25:00-04:00,347.2099914550781,347.4549865722656,347.1099853515625,347.4549865722656,86127,347.2099914550781
2026-04-29 14:30:00-04:00,347.2145080566406,347.289306640625,346.80999755859375,347.19500732421875,118064,347.2145080566406
2026-04-29 14:35:00-04:00,347.6499938964844,348.1300048828125,347.2300109863281,347.25,178128,347.6499938964844
2026-04-29 14:40:00-04:00,347.2349853515625,347.6400146484375,347.2349853515625,347.5799865722656,141599,347.2349853515625
2026-04-29 14:45:00-04:00,348.0150146484375,348.0199890136719,347.0899963378906,347.2099914550781,129249,348.0150146484375
2026-04-29 14:50:00-04:00,348.1700134277344,348.5450134277344,347.989990234375,348.010009765625,137011,348.1700134277344
2026-04-29 14:55:00-04:00,349.1099853515625,349.19500732421875,348.1199951171875,348.1449890136719,129634,349.1099853515625
2026-04-29 15:00:00-04:00,348.8550109863281,349.3800048828125,348.7900085449219,349.1400146484375,134243,348.8550109863281
2026-04-29 15:05:00-04:00,348.69000244140625,348.9049987792969,348.6000061035156,348.8699951171875,129528,348.69000244140625
2026-04-29 15:10:00-04:00,348.9750061035156,349.2699890136719,348.5201110839844,348.69000244140625,155974,348.9750061035156
2026-04-29 15:15:00-04:00,349.1400146484375,349.3800048828125,349.0350036621094,349.07000732421875,137892,349.1400146484375
2026-04-29 15:20:00-04:00,349.2799072265625,349.510009765625,348.8450012207031,349.1600036621094,203173,349.2799072265625
2026-04-29 15:25:00-04:00,349.0,349.3800048828125,348.9200134277344,349.2799987792969,188985,349.0
2026-04-29 15:30:00-04:00,348.6099853515625,349.1199951171875,348.4100036621094,349.0,249793,348.6099853515625
2026-04-29 15:35:00-04:00,348.8500061035156,348.989990234375,348.5,348.6000061035156,199011,348.8500061035156
2026-04-29 15:40:00-04:00,348.2099914550781,348.9100036621094,348.1025085449219,348.8699951171875,213989,348.2099914550781
2026-04-29 15:45:00-04:00,348.0799865722656,348.6099853515625,348.0600891113281,348.2300109863281,179930,348.0799865722656
2026-04-29 15:50:00-04:00,347.75,348.17999267578125,347.6600036621094,348.05999755859375,441322,347.75
2026-04-29 15:55:00-04:00,347.8699951171875,348.2300109863281,346.80999755859375,347.760009765625,1037216,347.8699951171875
2026-04-30 09:30:00-04:00,369.5400085449219,374.22100830078125,368.74481201171875,371.2550048828125,4771529,369.5400085449219
2026-04-30 09:35:00-04:00,366.82000732421875,371.0199890136719,366.4800109863281,369.4649963378906,1524552,366.82000732421875
2026-04-30 09:40:00-04:00,366.6700134277344,366.8796081542969,363.760009765625,366.8796081542969,1107815,366.6700134277344
2026-04-30 09:45:00-04:00,368.4700012207031,369.1698913574219,365.57000732421875,366.69000244140625,845279,368.4700012207031
2026-04-30 09:50:00-04:00,366.260009765625,369.8800048828125,366.07000732421875,368.3699951171875,638333,366.260009765625
2026-04-30 09:55:00-04:00,367.17498779296875,367.7149963378906,365.29010009765625,366.19000244140625,710507,367.17498779296875
2026-04-30 10:00:00-04:00,368.18011474609375,368.4800109863281,366.1300048828125,367.260009765625,776428,368.18011474609375
2026-04-30 10:05:00-04:00,367.8949890136719,368.6700134277344,367.0,368.2099914550781,659238,367.8949890136719
2026-04-30 10:10:00-04:00,367.5150146484375,368.0799865722656,366.04998779296875,368.0,736975,367.5150146484375
2026-04-30 10:15:00-04:00,365.5350036621094,368.239990234375,365.5,367.4800109863281,529909,365.5350036621094
2026-04-30 10:20:00-04:00,366.3500061035156,366.989990234375,365.4700012207031,365.5350036621094,449107,366.3500061035156
2026-04-30 10:25:00-04:00,366.20001220703125,366.32989501953125,365.19000244140625,366.30999755859375,417442,366.20001220703125
2026-04-30 10:30:00-04:00,364.110107421875,366.44000244140625,363.9574890136719,366.1199951171875,479745,364.110107421875
2026-04-30 10:35:00-04:00,363.17999267578125,365.07000732421875,363.0899963378906,364.1199951171875,468520,363.17999267578125
2026-04-30 10:40:00-04:00,365.2799987792969,365.29998779296875,363.2250061035156,363.2699890136719,413357,365.2799987792969
2026-04-30 10:45:00-04:00,365.6300048828125,367.0599060058594,364.9804992675781,365.19000244140625,362579,365.6300048828125
2026-04-30 10:50:00-04:00,367.32000732421875,367.364990234375,365.4599914550781,365.9800109863281,336730,367.32000732421875
2026-04-30 10:55:00-04:00,369.2749938964844,369.95001220703125,367.3417053222656,367.3417053222656,436933,369.2749938964844
2026-04-30 11:00:00-04:00,370.70001220703125,371.0,369.239990234375,369.239990234375,564043,370.70001220703125
2026-04-30 11:05:00-04:00,372.61749267578125,372.95001220703125,370.1449890136719,371.1567077636719,489957,372.61749267578125
2026-04-30 11:10:00-04:00,374.7998962402344,374.8099060058594,372.0799865722656,372.6700134277344,725059,374.7998962402344
2026-04-30 11:15:00-04:00,373.9800109863281,375.1499938964844,373.4501037597656,374.760009765625,830398,373.9800109863281
2026-04-30 11:20:00-04:00,373.69000244140625,374.2099914550781,372.3999938964844,374.0199890136719,476030,373.69000244140625
2026-04-30 11:25:00-04:00,372.69940185546875,374.45989990234375,372.55999755859375,373.760009765625,377375,372.69940185546875
2026-04-30 11:30:00-04:00,372.78009033203125,373.7900085449219,372.4100036621094,372.70001220703125,455212,372.78009033203125
2026-04-30 11:35:00-04:00,371.6600036621094,373.3800048828125,371.5719909667969,372.7799987792969,369754,371.6600036621094
2026-04-30 11:40:00-04:00,371.0,371.4999084472656,370.79998779296875,371.1099853515625,271825,371.0
2026-04-30 11:45:00-04:00,371.04998779296875,371.20001220703125,370.0450134277344,370.95001220703125,251021,371.04998779296875
2026-04-30 11:50:00-04:00,371.6400146484375,371.9200134277344,371.1000061035156,371.1000061035156,388873,371.6400146484375
2026-04-30 11:55:00-04:00,371.2749938964844,372.30999755859375,371.2300109863281,371.70001220703125,365486,371.2749938964844
2026-04-30 12:00:00-04:00,371.0400085449219,371.5400085449219,370.54998779296875,371.3299865722656,301864,371.0400085449219
2026-04-30 12:05:00-04:00,371.2099914550781,372.0,371.07000732421875,371.07000732421875,501488,371.2099914550781
2026-04-30 12:10:00-04:00,373.385009765625,373.4100036621094,371.1199951171875,371.20001220703125,395855,373.385009765625
2026-04-30 12:15:00-04:00,374.4549865722656,374.6600036621094,372.92999267578125,373.4100036621094,407492,374.4549865722656
2026-04-30 12:20:00-04:00,372.5899963378906,374.8399963378906,372.55999755859375,374.4501037597656,286126,372.5899963378906
2026-04-30 12:25:00-04:00,373.2099914550781,373.2699890136719,372.55999755859375,372.6000061035156,333732,373.2099914550781
2026-04-30 12:30:00-04:00,374.04998779296875,374.4798889160156,373.20001220703125,373.2300109863281,274838,374.04998779296875
2026-04-30 12:35:00-04:00,373.69500732421875,374.5199890136719,373.6200866699219,374.0299987792969,189987,373.69500732421875
2026-04-30 12:40:00-04:00,373.6050109863281,374.114990234375,373.57000732421875,373.69500732421875,316393,373.6050109863281
2026-04-30 12:45:00-04:00,374.3700866699219,374.9399108886719,373.5000915527344,373.6000061035156,243512,374.3700866699219
2026-04-30 12:50:00-04:00,374.6400146484375,374.8699951171875,374.2300109863281,374.42999267578125,200071,374.6400146484375
2026-04-30 12:55:00-04:00,374.6300048828125,375.0199890136719,374.1499938964844,374.6216125488281,260741,374.6300048828125
2026-04-30 13:00:00-04:00,377.1600036621094,377.5,374.5400085449219,374.59991455078125,520392,377.1600036621094
2026-04-30 13:05:00-04:00,378.04998779296875,378.32000732421875,376.8800048828125,377.19000244140625,381125,378.04998779296875
2026-04-30 13:10:00-04:00,380.1700134277344,380.25,377.760009765625,377.9100036621094,554849,380.1700134277344
2026-04-30 13:15:00-04:00,379.5350036621094,380.42999267578125,379.07000732421875,380.17999267578125,437931,379.5350036621094
2026-04-30 13:20:00-04:00,379.7900085449219,380.2998962402344,379.1499938964844,379.6400146484375,339576,379.7900085449219
2026-04-30 13:25:00-04:00,380.6400146484375,380.8299865722656,379.6700134277344,379.739990234375,393583,380.6400146484375
2026-04-30 13:30:00-04:00,379.67999267578125,381.0,379.57000732421875,380.8800048828125,361409,379.67999267578125
2026-04-30 13:35:00-04:00,380.54998779296875,380.6549987792969,379.6000061035156,379.739990234375,306896,380.54998779296875
2026-04-30 13:40:00-04:00,379.6549987792969,380.6199951171875,379.57501220703125,380.54998779296875,240474,379.6549987792969
2026-04-30 13:45:00-04:00,380.2149963378906,380.3999938964844,379.6000061035156,379.6499938964844,276173,380.2149963378906
2026-04-30 13:50:00-04:00,379.9100036621094,380.43499755859375,379.7300109863281,380.19000244140625,201161,379.9100036621094
2026-04-30 13:55:00-04:00,381.1400146484375,381.1745910644531,379.82501220703125,379.8919982910156,306327,381.1400146484375
2026-04-30 14:00:00-04:00,381.75,382.32000732421875,380.8999938964844,381.1499938964844,476731,381.75
2026-04-30 14:05:00-04:00,380.489990234375,381.9601135253906,380.385009765625,381.7200012207031,297039,380.489990234375
2026-04-30 14:10:00-04:00,381.54010009765625,381.57000732421875,380.2300109863281,380.4801025390625,352268,381.54010009765625
2026-04-30 14:15:00-04:00,381.42999267578125,381.69000244140625,380.6400146484375,381.5400085449219,354734,381.42999267578125
2026-04-30 14:20:00-04:00,380.79998779296875,381.5400085449219,380.7850036621094,381.42999267578125,229184,380.79998779296875
2026-04-30 14:25:00-04:00,381.2200012207031,381.3486022949219,380.7799987792969,380.82000732421875,263492,381.2200012207031
2026-04-30 14:30:00-04:00,380.5299987792969,381.5,380.239990234375,381.3500061035156,246942,380.5299987792969
2026-04-30 14:35:00-04:00,379.79998779296875,380.7799072265625,379.73040771484375,380.54998779296875,230201,379.79998779296875
2026-04-30 14:40:00-04:00,379.3699951171875,380.2875061035156,378.9100036621094,379.7850036621094,261996,379.3699951171875
2026-04-30 14:45:00-04:00,378.5400085449219,379.3299865722656,378.1300048828125,379.30999755859375,295176,378.5400085449219
2026-04-30 14:50:00-04:00,378.8399963378906,379.3599853515625,378.40008544921875,378.57000732421875,276056,378.8399963378906
2026-04-30 14:55:00-04:00,378.5249938964844,379.2099914550781,378.30999755859375,378.82000732421875,225448,378.5249938964844
2026-04-30 15:00:00-04:00,379.0299987792969,379.0299987792969,377.8900146484375,378.55999755859375,412125,379.0299987792969
2026-04-30 15:05:00-04:00,379.9700012207031,380.19000244140625,378.95001220703125,379.0199890136719,232171,379.9700012207031
2026-04-30 15:10:00-04:00,379.8399963378906,380.18499755859375,379.32000732421875,379.54998779296875,182318,379.8399963378906
2026-04-30 15:15:00-04:00,379.20001220703125,379.8399963378906,379.0899963378906,379.79998779296875,226862,379.20001220703125
2026-04-30 15:20:00-04:00,378.9750061035156,379.64990234375,378.64111328125,379.12701416015625,243044,378.9750061035156
2026-04-30 15:25:00-04:00,378.3900146484375,379.0199890136719,378.0799865722656,378.9800109863281,253369,378.3900146484375
2026-04-30 15:30:00-04:00,378.8399963378906,379.0,377.70001220703125,378.3900146484375,333339,378.8399963378906
2026-04-30 15:35:00-04:00,379.3699951171875,379.5199890136719,378.0199890136719,378.8699951171875,263482,379.3699951171875
2026-04-30 15:40:00-04:00,379.8399963378906,379.8500061035156,379.0299987792969,379.3399963378906,288888,379.8399963378906
2026-04-30 15:45:00-04:00,379.8699035644531,380.0775146484375,379.30999755859375,379.8299865722656,322755,379.8699035644531
2026-04-30 15:50:00-04:00,379.6300048828125,380.04998779296875,377.92999267578125,379.8699951171875,922761,379.6300048828125
2026-04-30 15:55:00-04:00,382.0,382.6300048828125,379.6499938964844,379.7300109863281,1871929,382.0
2026-05-01 09:30:00-04:00,379.0799865722656,379.385009765625,375.2699890136719,378.07000732421875,0,379.0799865722656
2026-05-01 09:35:00-04:00,379.0299987792969,379.760009765625,377.9800109863281,379.0400085449219,4554985,379.0299987792969
2026-05-01 09:40:00-04:00,377.80938720703125,379.8500061035156,377.4200134277344,379.010009765625,631492,377.80938720703125
2026-05-01 09:45:00-04:00,377.3699951171875,378.1600036621094,376.7900085449219,377.8511962890625,571910,377.3699951171875
2026-05-01 09:50:00-04:00,378.6499938964844,378.7900085449219,375.92999267578125,377.3699951171875,659747,378.6499938964844
2026-05-01 09:55:00-04:00,380.9800109863281,380.9800109863281,378.69000244140625,378.69000244140625,821106,380.9800109863281
2026-05-01 10:00:00-04:00,381.8009948730469,381.9800109863281,380.4599914550781,380.9800109863281,605815,381.8009948730469
2026-05-01 10:05:00-04:00,380.70001220703125,381.8550109863281,380.6000061035156,381.8550109863281,404856,380.70001220703125
2026-05-01 10:10:00-04:00,380.1300048828125,380.7699890136719,379.04998779296875,380.7699890136719,354755,380.1300048828125
2026-05-01 10:15:00-04:00,381.29998779296875,381.4100036621094,380.0400085449219,380.17999267578125,289023,381.29998779296875
2026-05-01 10:20:00-04:00,381.31988525390625,382.6499938964844,381.24969482421875,381.31500244140625,620409,381.31988525390625
2026-05-01 10:25:00-04:00,381.4700012207031,382.0,380.8999938964844,381.30999755859375,309018,381.4700012207031
2026-05-01 10:30:00-04:00,378.7749938964844,381.55499267578125,378.6700134277344,381.4800109863281,336760,378.7749938964844
2026-05-01 10:35:00-04:00,378.41180419921875,379.1199951171875,378.15301513671875,378.80499267578125,295133,378.41180419921875
2026-05-01 10:40:00-04:00,379.79998779296875,380.05999755859375,378.2699890136719,378.3299865722656,212225,379.79998779296875
2026-05-01 10:45:00-04:00,380.6099853515625,380.69000244140625,379.7715148925781,379.7995910644531,254930,380.6099853515625
2026-05-01 10:50:00-04:00,381.2049865722656,381.88330078125,380.17999267578125,380.57501220703125,312334,381.2049865722656
2026-05-01 10:55:00-04:00,381.1000061035156,381.8999938964844,380.8999938964844,381.1709899902344,701513,381.1000061035156
2026-05-01 11:00:00-04:00,380.10101318359375,381.1199951171875,380.0,381.1199951171875,205790,380.10101318359375
2026-05-01 11:05:00-04:00,380.510009765625,380.5299072265625,379.7099914550781,380.1700134277344,222519,380.510009765625
2026-05-01 11:10:00-04:00,380.6745910644531,380.7398986816406,379.8900146484375,380.5,304767,380.6745910644531
2026-05-01 11:15:00-04:00,380.69000244140625,381.0,380.0299987792969,380.7049865722656,245950,380.69000244140625
2026-05-01 11:20:00-04:00,381.95001220703125,381.989990234375,380.70001220703125,380.70001220703125,300367,381.95001220703125
2026-05-01 11:25:00-04:00,381.9601135253906,382.1000061035156,381.04998779296875,381.940185546875,285326,381.9601135253906
2026-05-01 11:30:00-04:00,382.7799987792969,383.260009765625,381.8999938964844,382.0,299832,382.7799987792969
2026-05-01 11:35:00-04:00,382.6278991699219,382.8800048828125,382.260009765625,382.67999267578125,159653,382.6278991699219
2026-05-01 11:40:00-04:00,381.8699951171875,382.70001220703125,381.739990234375,382.6217041015625,202235,381.8699951171875
2026-05-01 11:45:00-04:00,381.68011474609375,382.0299987792969,381.4200134277344,381.82000732421875,186770,381.68011474609375
2026-05-01 11:50:00-04:00,380.3500061035156,381.989990234375,380.239990234375,381.7300109863281,285360,380.3500061035156
2026-05-01 11:55:00-04:00,380.3599853515625,380.9800109863281,380.260009765625,380.3699951171875,144348,380.3599853515625
2026-05-01 12:00:00-04:00,380.6098937988281,380.9700012207031,380.3500061035156,380.5892028808594,378150,380.6098937988281
2026-05-01 12:05:00-04:00,379.9800109863281,380.7099914550781,379.96038818359375,380.5899963378906,156012,379.9800109863281
2026-05-01 12:10:00-04:00,380.94720458984375,381.0899963378906,379.8599853515625,379.9800109863281,143632,380.94720458984375
2026-05-01 12:15:00-04:00,381.54998779296875,381.6499938964844,380.6000061035156,380.9700012207031,169575,381.54998779296875
2026-05-01 12:20:00-04:00,381.2326965332031,381.70001220703125,380.7900085449219,381.5400085449219,150465,381.2326965332031
2026-05-01 12:25:00-04:00,380.8999938964844,381.3999938964844,380.3299865722656,381.2900085449219,161827,380.8999938964844
2026-05-01 12:30:00-04:00,381.2402038574219,381.2900085449219,380.2565002441406,380.8599853515625,205188,381.2402038574219
2026-05-01 12:35:00-04:00,381.69000244140625,381.7699890136719,381.2799987792969,381.44000244140625,142575,381.69000244140625
2026-05-01 12:40:00-04:00,380.57000732421875,381.69000244140625,380.5400085449219,381.6499938964844,129802,380.57000732421875
2026-05-01 12:45:00-04:00,380.4849853515625,380.7850036621094,379.9599914550781,380.5505065917969,158615,380.4849853515625
2026-05-01 12:50:00-04:00,381.3999938964844,381.44000244140625,380.239990234375,380.4700012207031,158646,381.3999938964844
2026-05-01 12:55:00-04:00,381.32000732421875,381.9649963378906,381.1600036621094,381.3999938964844,219750,381.32000732421875
2026-05-01 13:00:00-04:00,381.61138916015625,381.7799987792969,381.260009765625,381.3599853515625,108162,381.61138916015625
2026-05-01 13:05:00-04:00,381.75,381.93499755859375,381.6300048828125,381.6600036621094,149226,381.75
2026-05-01 13:10:00-04:00,381.8861083984375,382.0,381.6499938964844,381.75,182233,381.8861083984375
2026-05-01 13:15:00-04:00,382.7300109863281,382.7699890136719,381.8160095214844,381.8999938964844,197971,382.7300109863281
2026-05-01 13:20:00-04:00,382.5400085449219,383.0,382.42498779296875,382.760009765625,177683,382.5400085449219
2026-05-01 13:25:00-04:00,382.6499938964844,382.9200134277344,382.32000732421875,382.5450134277344,107286,382.6499938964844
2026-05-01 13:30:00-04:00,381.8299865722656,382.739990234375,381.79998779296875,382.67999267578125,138157,381.8299865722656
2026-05-01 13:35:00-04:00,381.7900085449219,381.9800109863281,381.6099853515625,381.80499267578125,100987,381.7900085449219
2026-05-01 13:40:00-04:00,381.92999267578125,381.989990234375,381.5360107421875,381.8299865722656,134332,381.92999267578125
2026-05-01 13:45:00-04:00,381.54998779296875,382.1000061035156,381.54010009765625,381.9599914550781,120486,381.54998779296875
2026-05-01 13:50:00-04:00,381.79998779296875,381.94000244140625,381.5,381.57501220703125,125706,381.79998779296875
2026-05-01 13:55:00-04:00,381.82000732421875,382.0299987792969,381.7099914550781,381.7900085449219,116649,381.82000732421875
2026-05-01 14:00:00-04:00,381.94000244140625,382.1600036621094,381.7200927734375,381.7900085449219,99478,381.94000244140625
2026-05-01 14:05:00-04:00,381.4649963378906,382.0199890136719,381.2699890136719,381.94000244140625,114780,381.4649963378906
2026-05-01 14:10:00-04:00,381.1300048828125,381.6400146484375,381.0400085449219,381.44000244140625,181716,381.1300048828125
2026-05-01 14:15:00-04:00,380.989990234375,381.20001220703125,380.79998779296875,381.1199951171875,155280,380.989990234375
2026-05-01 14:20:00-04:00,381.42010498046875,381.45001220703125,380.9849853515625,380.9949951171875,135624,381.42010498046875
2026-05-01 14:25:00-04:00,381.6300048828125,381.8599853515625,381.30999755859375,381.4800109863281,231618,381.6300048828125
2026-05-01 14:30:00-04:00,381.1400146484375,381.6600036621094,379.94000244140625,381.6499938964844,433683,381.1400146484375
2026-05-01 14:35:00-04:00,381.1099853515625,381.29998779296875,380.66009521484375,381.1347961425781,165136,381.1099853515625
2026-05-01 14:40:00-04:00,380.80999755859375,381.2898864746094,380.5799865722656,380.92498779296875,164184,380.80999755859375
2026-05-01 14:45:00-04:00,379.8450012207031,380.8299865722656,379.5899963378906,380.7799987792969,169547,379.8450012207031
2026-05-01 14:50:00-04:00,379.29998779296875,379.9999084472656,379.10198974609375,379.8450012207031,163289,379.29998779296875
2026-05-01 14:55:00-04:00,380.3500061035156,380.45001220703125,379.0201110839844,379.30999755859375,189168,380.3500061035156
2026-05-01 15:00:00-04:00,381.9200134277344,381.9200134277344,380.2200012207031,380.3699951171875,417654,381.9200134277344
2026-05-01 15:05:00-04:00,381.6099853515625,382.0,381.3399963378906,381.8999938964844,384384,381.6099853515625
2026-05-01 15:10:00-04:00,381.7200012207031,381.95001220703125,381.3500061035156,381.5799865722656,144559,381.7200012207031
2026-05-01 15:15:00-04:00,381.69000244140625,382.0,381.55999755859375,381.7200012207031,145408,381.69000244140625
2026-05-01 15:20:00-04:00,381.760009765625,382.09991455078125,381.5199890136719,381.69500732421875,139047,381.760009765625
2026-05-01 15:25:00-04:00,382.67999267578125,382.75,381.6199951171875,381.75,278571,382.67999267578125
2026-05-01 15:30:00-04:00,382.8949890136719,383.1199951171875,382.239990234375,382.69500732421875,318255,382.8949890136719
2026-05-01 15:35:00-04:00,382.3800048828125,382.9798889160156,382.239990234375,382.8699951171875,275287,382.3800048828125
2026-05-01 15:40:00-04:00,382.5,382.56500244140625,381.9599914550781,382.3900146484375,222422,382.5
2026-05-01 15:45:00-04:00,382.4999084472656,382.75,382.3900146484375,382.6600036621094,293752,382.4999084472656
2026-05-01 15:50:00-04:00,382.6400146484375,383.1400146484375,382.3800048828125,382.5,575161,382.6400146484375
2026-05-01 15:55:00-04:00,383.3900146484375,383.3900146484375,382.1300048828125,382.55999755859375,1115469,383.3900146484375
2026-05-04 09:30:00-04:00,381.0328063964844,384.1600036621094,380.8500061035156,382.32000732421875,1952716,381.0328063964844
2026-05-04 09:35:00-04:00,379.6400146484375,381.1300048828125,379.0,381.0299987792969,842847,379.6400146484375
2026-05-04 09:40:00-04:00,379.7298889160156,380.92919921875,378.8599853515625,379.6499938964844,329403,379.7298889160156
2026-05-04 09:45:00-04:00,378.6650085449219,379.94000244140625,378.6000061035156,379.6600036621094,302807,378.6650085449219
2026-05-04 09:50:00-04:00,377.9849853515625,378.8699951171875,377.92999267578125,378.67498779296875,345558,377.9849853515625
2026-05-04 09:55:00-04:00,379.55999755859375,379.6499938964844,378.1300048828125,378.1300048828125,285151,379.55999755859375
2026-05-04 10:00:00-04:00,378.7349853515625,379.95001220703125,378.7349853515625,379.5799865722656,405901,378.7349853515625
2026-05-04 10:05:00-04:00,379.2799987792969,380.239990234375,378.7200012207031,378.7699890136719,361762,379.2799987792969
2026-05-04 10:10:00-04:00,379.489990234375,379.5799865722656,378.7149963378906,379.19000244140625,177901,379.489990234375
2026-05-04 10:15:00-04:00,380.4700012207031,380.6300048828125,379.29998779296875,379.44000244140625,209053,380.4700012207031
2026-05-04 10:20:00-04:00,379.5050048828125,380.5299987792969,379.260009765625,380.4599914550781,178169,379.5050048828125
2026-05-04 10:25:00-04:00,378.95001220703125,379.7799987792969,378.6836853027344,379.4599914550781,197332,378.95001220703125
2026-05-04 10:30:00-04:00,379.5150146484375,379.57000732421875,378.510009765625,378.8900146484375,157647,379.5150146484375
2026-05-04 10:35:00-04:00,378.8500061035156,379.5299987792969,378.5574951171875,379.5,159401,378.8500061035156
2026-05-04 10:40:00-04:00,380.1499938964844,380.1499938964844,378.6700134277344,378.8924865722656,204961,380.1499938964844
2026-05-04 10:45:00-04:00,379.6199951171875,380.32000732421875,379.5849914550781,380.1600036621094,140689,379.6199951171875
2026-05-04 10:50:00-04:00,379.80499267578125,380.09979248046875,379.4700012207031,379.6400146484375,168628,379.80499267578125
2026-05-04 10:55:00-04:00,379.2099914550781,379.94000244140625,379.19000244140625,379.875,163522,379.2099914550781
2026-05-04 11:00:00-04:00,379.58990478515625,379.8800048828125,378.9599914550781,379.2799987792969,149045,379.58990478515625
2026-05-04 11:05:00-04:00,379.4175109863281,379.7998962402344,379.1007080078125,379.57000732421875,128512,379.4175109863281
2026-05-04 11:10:00-04:00,378.0899963378906,379.3500061035156,377.70001220703125,379.32550048828125,233626,378.0899963378906
2026-05-04 11:15:00-04:00,377.5199890136719,378.55999755859375,377.3299865722656,378.1000061035156,167713,377.5199890136719
2026-05-04 11:20:00-04:00,377.8699951171875,377.9700012207031,376.7699890136719,377.5,325391,377.8699951171875
2026-05-04 11:25:00-04:00,378.6499938964844,378.6499938964844,377.82000732421875,377.8299865722656,224917,378.6499938964844
2026-05-04 11:30:00-04:00,378.29998779296875,378.6700134277344,377.82000732421875,378.6400146484375,144784,378.29998779296875
2026-05-04 11:35:00-04:00,378.6099853515625,378.79998779296875,377.7601013183594,378.3096008300781,146177,378.6099853515625
2026-05-04 11:40:00-04:00,379.0799865722656,379.11639404296875,378.2200927734375,378.5700988769531,95880,379.0799865722656
2026-05-04 11:45:00-04:00,379.385009765625,379.70001220703125,378.75,379.0849914550781,162965,379.385009765625
2026-05-04 11:50:00-04:00,380.125,380.1700134277344,378.7799987792969,379.4649963378906,201465,380.125
2026-05-04 11:55:00-04:00,380.2200927734375,380.79998779296875,379.94500732421875,380.125,154381,380.2200927734375
2026-05-04 12:00:00-04:00,379.92999267578125,380.25,379.7200012207031,380.25,112972,379.92999267578125
2026-05-04 12:05:00-04:00,379.239990234375,380.0400085449219,378.32000732421875,380.0,211097,379.239990234375
2026-05-04 12:10:00-04:00,379.0299987792969,379.639892578125,379.0,379.19000244140625,117546,379.0299987792969
2026-05-04 12:15:00-04:00,379.4599914550781,379.8299865722656,378.2699890136719,379.0199890136719,169012,379.4599914550781
2026-05-04 12:20:00-04:00,380.0,380.04998779296875,379.29998779296875,379.639892578125,169471,380.0
2026-05-04 12:25:00-04:00,379.7532958984375,380.30999755859375,379.6000061035156,380.0199890136719,79758,379.7532958984375
2026-05-04 12:30:00-04:00,379.7699890136719,380.0350036621094,379.3999938964844,379.7528076171875,119892,379.7699890136719
2026-05-04 12:35:00-04:00,380.1099853515625,380.25,379.4800109863281,379.7699890136719,141955,380.1099853515625
2026-05-04 12:40:00-04:00,380.17498779296875,380.6400146484375,379.92999267578125,380.1300048828125,115100,380.17498779296875
2026-05-04 12:45:00-04:00,379.9551086425781,380.3009948730469,379.5899963378906,380.17498779296875,92793,379.9551086425781
2026-05-04 12:50:00-04:00,379.85009765625,380.1700134277344,379.6300048828125,379.9442138671875,75833,379.85009765625
2026-05-04 12:55:00-04:00,380.5299987792969,380.625,380.0899963378906,380.18389892578125,76855,380.5299987792969
2026-05-04 13:00:00-04:00,380.7099914550781,380.9049987792969,380.4200134277344,380.6499938964844,80460,380.7099914550781
2026-05-04 13:05:00-04:00,380.6499938964844,380.92999267578125,380.5,380.7300109863281,72756,380.6499938964844
2026-05-04 13:10:00-04:00,380.6400146484375,380.8599853515625,380.3399963378906,380.67999267578125,93400,380.6400146484375
2026-05-04 13:15:00-04:00,381.1401062011719,381.2099914550781,380.5,380.6629943847656,210290,381.1401062011719
2026-05-04 13:20:00-04:00,380.7950134277344,381.32989501953125,380.7799987792969,381.2300109863281,139671,380.7950134277344
2026-05-04 13:25:00-04:00,380.94000244140625,381.2699890136719,380.760009765625,380.80999755859375,119321,380.94000244140625
2026-05-04 13:30:00-04:00,380.6700134277344,381.04998779296875,380.6401062011719,380.94000244140625,115608,380.6700134277344
2026-05-04 13:35:00-04:00,380.7821960449219,380.7821960449219,380.3599853515625,380.6600036621094,85239,380.7821960449219
2026-05-04 13:40:00-04:00,380.79010009765625,380.8699951171875,380.32501220703125,380.739990234375,107590,380.79010009765625
2026-05-04 13:45:00-04:00,380.94000244140625,381.20001220703125,380.7200012207031,380.82501220703125,126892,380.94000244140625
2026-05-04 13:50:00-04:00,381.6400146484375,381.79998779296875,380.8800048828125,380.9200134277344,112518,381.6400146484375
2026-05-04 13:55:00-04:00,381.55999755859375,381.7898864746094,381.5199890136719,381.54998779296875,63780,381.55999755859375
2026-05-04 14:00:00-04:00,381.32501220703125,381.6199951171875,381.2619934082031,381.57000732421875,72712,381.32501220703125
2026-05-04 14:05:00-04:00,381.17498779296875,381.364990234375,380.94000244140625,381.31939697265625,63078,381.17498779296875
2026-05-04 14:10:00-04:00,381.1300048828125,381.4150085449219,381.0,381.1700134277344,120790,381.1300048828125
2026-05-04 14:15:00-04:00,381.1199951171875,381.3599853515625,381.0249938964844,381.2200012207031,73925,381.1199951171875
2026-05-04 14:20:00-04:00,381.0083923339844,381.20989990234375,380.75,381.0849914550781,104678,381.0083923339844
2026-05-04 14:25:00-04:00,380.92999267578125,380.9800109863281,380.4833984375,380.9100036621094,100460,380.92999267578125
2026-05-04 14:30:00-04:00,380.5028991699219,380.989990234375,380.45001220703125,380.7900085449219,90637,380.5028991699219
2026-05-04 14:35:00-04:00,380.3900146484375,380.4700012207031,380.0350036621094,380.4599914550781,70671,380.3900146484375
2026-05-04 14:40:00-04:00,380.2799987792969,380.69000244140625,380.260009765625,380.3800048828125,80019,380.2799987792969
2026-05-04 14:45:00-04:00,380.4501037597656,380.5199890136719,379.95001220703125,380.2998962402344,95287,380.4501037597656
2026-05-04 14:50:00-04:00,379.7099914550781,380.489990234375,379.70001220703125,380.489990234375,92169,379.7099914550781
2026-05-04 14:55:00-04:00,379.81500244140625,380.010009765625,379.6282043457031,379.70001220703125,78123,379.81500244140625
2026-05-04 15:00:00-04:00,379.5150146484375,380.1199951171875,379.07000732421875,379.8399963378906,97116,379.5150146484375
2026-05-04 15:05:00-04:00,379.9599914550781,380.0,379.135009765625,379.54998779296875,98567,379.9599914550781
2026-05-04 15:10:00-04:00,379.80999755859375,379.9800109863281,379.6199951171875,379.92999267578125,77514,379.80999755859375
2026-05-04 15:15:00-04:00,379.82000732421875,379.9649963378906,379.739990234375,379.8299865722656,178542,379.82000732421875
2026-05-04 15:20:00-04:00,379.68499755859375,379.8800048828125,379.6000061035156,379.8299865722656,81187,379.68499755859375
2026-05-04 15:25:00-04:00,379.75,379.79998779296875,379.3999938964844,379.70001220703125,90034,379.75
2026-05-04 15:30:00-04:00,380.0849914550781,380.1499938964844,379.7250061035156,379.760009765625,141373,380.0849914550781
2026-05-04 15:35:00-04:00,379.9700012207031,380.2300109863281,379.85009765625,380.0899963378906,129462,379.9700012207031
2026-05-04 15:40:00-04:00,379.5799865722656,380.0,379.45001220703125,379.9750061035156,91623,379.5799865722656
2026-05-04 15:45:00-04:00,379.92498779296875,379.92999267578125,379.3900146484375,379.57000732421875,108453,379.92498779296875
2026-05-04 15:50:00-04:00,379.8299865722656,380.0899963378906,379.0199890136719,379.9100036621094,346415,379.8299865722656
2026-05-04 15:55:00-04:00,379.489990234375,380.2799987792969,379.4700012207031,379.8399963378906,1061775,379.489990234375
2026-05-05 09:30:00-04:00,383.80999755859375,384.5,380.8399963378906,381.1499938964844,1278914,383.80999755859375
2026-05-05 09:35:00-04:00,386.1400146484375,386.3500061035156,383.0299987792969,383.79998779296875,644056,386.1400146484375
2026-05-05 09:40:00-04:00,388.4100036621094,388.5799865722656,385.7300109863281,386.1600036621094,414331,388.4100036621094
2026-05-05 09:45:00-04:00,387.3500061035156,388.9599914550781,386.2200012207031,388.375,346197,387.3500061035156
2026-05-05 09:50:00-04:00,385.79998779296875,388.1499938964844,385.79998779296875,387.2099914550781,272963,385.79998779296875
2026-05-05 09:55:00-04:00,384.4599914550781,386.0,384.17999267578125,385.7200012207031,236995,384.4599914550781
2026-05-05 10:00:00-04:00,384.92999267578125,385.010009765625,383.54998779296875,384.4150085449219,236806,384.92999267578125
2026-05-05 10:05:00-04:00,384.67498779296875,385.2300109863281,384.4800109863281,384.9100036621094,176972,384.67498779296875
2026-05-05 10:10:00-04:00,383.3900146484375,385.0299987792969,383.2799987792969,384.6400146484375,154944,383.3900146484375
2026-05-05 10:15:00-04:00,383.2699890136719,383.82000732421875,382.8599853515625,383.260009765625,197311,383.2699890136719
2026-05-05 10:20:00-04:00,383.9800109863281,384.051513671875,382.9200134277344,383.25,171989,383.9800109863281
2026-05-05 10:25:00-04:00,384.5050048828125,384.7489929199219,383.92999267578125,383.95001220703125,155098,384.5050048828125
2026-05-05 10:30:00-04:00,384.7300109863281,384.79998779296875,384.2699890136719,384.489990234375,132512,384.7300109863281
2026-05-05 10:35:00-04:00,385.1099853515625,385.4800109863281,384.4700012207031,385.1499938964844,243603,385.1099853515625
2026-05-05 10:40:00-04:00,384.1549987792969,385.69000244140625,384.07000732421875,385.1000061035156,162005,384.1549987792969
2026-05-05 10:45:00-04:00,384.0849914550781,384.2099914550781,383.6099853515625,384.1549987792969,154376,384.0849914550781
2026-05-05 10:50:00-04:00,384.30499267578125,384.6400146484375,383.8399963378906,384.2200012207031,108350,384.30499267578125
2026-05-05 10:55:00-04:00,384.3800048828125,384.69000244140625,384.0,384.29998779296875,125995,384.3800048828125
2026-05-05 11:00:00-04:00,384.1199951171875,384.4700012207031,383.9200134277344,384.4100036621094,111831,384.1199951171875
2026-05-05 11:05:00-04:00,384.32000732421875,384.4599914550781,383.72039794921875,384.1499938964844,106384,384.32000732421875
2026-05-05 11:10:00-04:00,384.7799987792969,384.9800109863281,384.2699890136719,384.3599853515625,94796,384.7799987792969
2026-05-05 11:15:00-04:00,384.7200012207031,384.8599853515625,384.3999938964844,384.7699890136719,79728,384.7200012207031
2026-05-05 11:20:00-04:00,384.9200134277344,385.1899108886719,384.7099914550781,384.7099914550781,104591,384.9200134277344
2026-05-05 11:25:00-04:00,384.9877014160156,385.30999755859375,384.7497863769531,384.92999267578125,101982,384.9877014160156
2026-05-05 11:30:00-04:00,384.80999755859375,385.05999755859375,384.5199890136719,384.92999267578125,92221,384.80999755859375
2026-05-05 11:35:00-04:00,385.1099853515625,385.1099853515625,384.79998779296875,385.0799865722656,90729,385.1099853515625
2026-05-05 11:40:00-04:00,385.55999755859375,385.5899963378906,385.04998779296875,385.1400146484375,84674,385.55999755859375
2026-05-05 11:45:00-04:00,385.1499938964844,385.8900146484375,385.07501220703125,385.5899963378906,88746,385.1499938964844
2026-05-05 11:50:00-04:00,385.07000732421875,385.3500061035156,385.0400085449219,385.1449890136719,83605,385.07000732421875
2026-05-05 11:55:00-04:00,383.54998779296875,385.05999755859375,383.5400085449219,385.05999755859375,124139,383.54998779296875
2026-05-05 12:00:00-04:00,384.0799865722656,384.1199951171875,383.5635986328125,383.5635986328125,95100,384.0799865722656
2026-05-05 12:05:00-04:00,383.8550109863281,384.2550048828125,383.4949951171875,384.0299987792969,114645,383.8550109863281
2026-05-05 12:10:00-04:00,384.25,384.4999084472656,383.8699951171875,383.8699951171875,99277,384.25
2026-05-05 12:15:00-04:00,384.3999938964844,384.45001220703125,384.0,384.25,122061,384.3999938964844
2026-05-05 12:20:00-04:00,384.0610046386719,384.6896057128906,384.04998779296875,384.4200134277344,89956,384.0610046386719
2026-05-05 12:25:00-04:00,383.6700134277344,384.1499938964844,383.45001220703125,384.1499938964844,98422,383.6700134277344
2026-05-05 12:30:00-04:00,383.6300048828125,384.0513000488281,383.2799987792969,383.5950012207031,93171,383.6300048828125
2026-05-05 12:35:00-04:00,383.4700012207031,383.7149963378906,383.1499938964844,383.6099853515625,71707,383.4700012207031
2026-05-05 12:40:00-04:00,383.44000244140625,383.55999755859375,383.1401062011719,383.510009765625,92024,383.44000244140625
2026-05-05 12:45:00-04:00,383.3599853515625,383.67999267578125,383.2099914550781,383.3800048828125,69219,383.3599853515625
2026-05-05 12:50:00-04:00,383.0801086425781,383.3399963378906,382.80999755859375,383.3399963378906,97649,383.0801086425781
2026-05-05 12:55:00-04:00,382.4700012207031,383.2298889160156,382.3800048828125,383.114990234375,115430,382.4700012207031
2026-05-05 13:00:00-04:00,382.2300109863281,382.7099914550781,382.0199890136719,382.4649963378906,89361,382.2300109863281
2026-05-05 13:05:00-04:00,381.864990234375,382.29998779296875,381.82000732421875,382.239990234375,84474,381.864990234375
2026-05-05 13:10:00-04:00,381.8999938964844,382.0799865722656,381.760009765625,381.8500061035156,93560,381.8999938964844
2026-05-05 13:15:00-04:00,381.0299987792969,382.0199890136719,380.7799987792969,381.9200134277344,235733,381.0299987792969
2026-05-05 13:20:00-04:00,381.1400146484375,381.2900085449219,380.3500061035156,380.9800109863281,127960,381.1400146484375
2026-05-05 13:25:00-04:00,381.0799865722656,381.2449951171875,380.75,381.0199890136719,110567,381.0799865722656
2026-05-05 13:30:00-04:00,380.8279113769531,381.18499755859375,380.6499938964844,381.05999755859375,90093,380.8279113769531
2026-05-05 13:35:00-04:00,381.57000732421875,381.67999267578125,380.79998779296875,380.82000732421875,99266,381.57000732421875
2026-05-05 13:40:00-04:00,381.75,382.0400085449219,381.5,381.510009765625,90959,381.75
2026-05-05 13:45:00-04:00,381.92999267578125,382.0,381.3699951171875,381.7699890136719,101355,381.92999267578125
2026-05-05 13:50:00-04:00,382.5101013183594,382.6000061035156,381.7300109863281,381.95001220703125,126253,382.5101013183594
2026-05-05 13:55:00-04:00,382.17498779296875,382.55999755859375,382.0799865722656,382.5299987792969,103292,382.17498779296875
2026-05-05 14:00:00-04:00,382.3450012207031,382.59991455078125,382.1300048828125,382.17498779296875,75514,382.3450012207031
2026-05-05 14:05:00-04:00,382.1700134277344,382.4700012207031,381.9599914550781,382.3500061035156,78918,382.1700134277344
2026-05-05 14:10:00-04:00,382.597900390625,382.69000244140625,382.0899963378906,382.1700134277344,87219,382.597900390625
2026-05-05 14:15:00-04:00,382.7001037597656,382.7900085449219,382.44000244140625,382.6000061035156,85603,382.7001037597656
2026-05-05 14:20:00-04:00,382.5141906738281,382.80999755859375,382.4757995605469,382.6600036621094,76662,382.5141906738281
2026-05-05 14:25:00-04:00,382.0950012207031,382.5249938964844,382.0140075683594,382.5199890136719,70176,382.0950012207031
2026-05-05 14:30:00-04:00,381.8900146484375,382.1700134277344,381.67999267578125,382.1300048828125,76459,381.8900146484375
2026-05-05 14:35:00-04:00,382.0799865722656,382.1300048828125,381.8299865722656,381.8999938964844,65681,382.0799865722656
2026-05-05 14:40:00-04:00,382.2300109863281,382.4399108886719,382.1200866699219,382.1600036621094,80118,382.2300109863281
2026-05-05 14:45:00-04:00,382.1700134277344,382.3999938964844,381.9599914550781,382.29998779296875,75354,382.1700134277344
2026-05-05 14:50:00-04:00,381.94000244140625,382.4999084472656,381.92999267578125,382.125,91178,381.94000244140625
2026-05-05 14:55:00-04:00,382.3500061035156,382.3500061035156,381.8547058105469,381.94000244140625,59457,382.3500061035156
2026-05-05 15:00:00-04:00,382.4150085449219,382.69000244140625,382.2049865722656,382.3500061035156,86681,382.4150085449219
2026-05-05 15:05:00-04:00,382.55499267578125,382.7099914550781,382.1400146484375,382.44000244140625,77096,382.55499267578125
2026-05-05 15:10:00-04:00,382.6099853515625,382.7900085449219,382.45001220703125,382.5400085449219,91564,382.6099853515625
2026-05-05 15:15:00-04:00,383.07000732421875,383.1099853515625,382.5799865722656,382.6000061035156,104602,383.07000732421875
2026-05-05 15:20:00-04:00,383.2099914550781,383.2799987792969,382.70001220703125,383.07000732421875,95559,383.2099914550781
2026-05-05 15:25:00-04:00,383.4183044433594,383.4700012207031,383.1300048828125,383.239990234375,88273,383.4183044433594
2026-05-05 15:30:00-04:00,383.7799987792969,383.875,383.3599853515625,383.45001220703125,106364,383.7799987792969
2026-05-05 15:35:00-04:00,383.6099853515625,383.75,383.5199890136719,383.7149963378906,86780,383.6099853515625
2026-05-05 15:40:00-04:00,383.7200012207031,383.7300109863281,383.44000244140625,383.6199951171875,84411,383.7200012207031
2026-05-05 15:45:00-04:00,383.6600036621094,383.8500061035156,383.5799865722656,383.69500732421875,174706,383.6600036621094
2026-05-05 15:50:00-04:00,383.7699890136719,383.7699890136719,383.1700134277344,383.6300048828125,269593,383.7699890136719
2026-05-05 15:55:00-04:00,384.2699890136719,384.4200134277344,383.6099853515625,383.7900085449219,640011,384.2699890136719
2026-05-06 09:30:00-04:00,389.0899963378906,391.6600036621094,387.20001220703125,389.260009765625,2014865,389.0899963378906
2026-05-06 09:35:00-04:00,391.375,392.239990234375,388.8999938964844,389.1300048828125,385131,391.375
2026-05-06 09:40:00-04:00,391.6319885253906,392.3598937988281,391.3429870605469,391.3429870605469,363368,391.6319885253906
2026-05-06 09:45:00-04:00,392.885009765625,393.42999267578125,391.1400146484375,391.6600036621094,426515,392.885009765625
2026-05-06 09:50:00-04:00,390.44000244140625,392.989990234375,390.42999267578125,392.739990234375,318061,390.44000244140625
2026-05-06 09:55:00-04:00,390.2650146484375,390.79998779296875,390.0,390.3900146484375,256267,390.2650146484375
2026-05-06 10:00:00-04:00,390.07000732421875,390.75,389.8699951171875,390.2699890136719,423924,390.07000732421875
2026-05-06 10:05:00-04:00,391.0199890136719,391.17999267578125,389.30999755859375,390.04998779296875,518642,391.0199890136719
2026-05-06 10:10:00-04:00,392.0799865722656,392.54998779296875,390.7950134277344,391.1025085449219,228772,392.0799865722656
2026-05-06 10:15:00-04:00,390.8550109863281,392.18499755859375,390.6528015136719,392.0400085449219,178739,390.8550109863281
2026-05-06 10:20:00-04:00,392.0799865722656,392.9200134277344,391.60009765625,391.7650146484375,279038,392.0799865722656
2026-05-06 10:25:00-04:00,389.91400146484375,392.2099914550781,389.8599853515625,392.0199890136719,252107,389.91400146484375
2026-05-06 10:30:00-04:00,390.7449951171875,390.7699890136719,389.2799987792969,389.8949890136719,222831,390.7449951171875
2026-05-06 10:35:00-04:00,391.9100036621094,392.0,390.7300109863281,390.7449951171875,125738,391.9100036621094
2026-05-06 10:40:00-04:00,392.3999938964844,392.6524963378906,391.75,391.875,176355,392.3999938964844
2026-05-06 10:45:00-04:00,393.4800109863281,393.760009765625,392.4601135253906,392.5150146484375,208522,393.4800109863281
2026-05-06 10:50:00-04:00,393.0010986328125,393.5,392.3800048828125,393.4707946777344,143262,393.0010986328125
2026-05-06 10:55:00-04:00,394.0849914550781,394.1099853515625,392.7550048828125,393.010009765625,172577,394.0849914550781
2026-05-06 11:00:00-04:00,393.9200134277344,394.5,393.6466979980469,394.0400085449219,204811,393.9200134277344
2026-05-06 11:05:00-04:00,393.4700012207031,394.1199035644531,393.2900085449219,393.8800048828125,137903,393.4700012207031
2026-05-06 11:10:00-04:00,391.94000244140625,393.5199890136719,391.760009765625,393.5,148529,391.94000244140625
2026-05-06 11:15:00-04:00,391.7799987792969,392.0199890136719,391.5299987792969,391.9200134277344,206524,391.7799987792969
2026-05-06 11:20:00-04:00,392.2744140625,392.6199951171875,391.6300048828125,391.75,159887,392.2744140625
2026-05-06 11:25:00-04:00,392.3800048828125,392.79998779296875,392.07000732421875,392.25,103663,392.3800048828125
2026-05-06 11:30:00-04:00,392.4700012207031,392.6600036621094,391.82000732421875,392.3999938964844,138480,392.4700012207031
2026-05-06 11:35:00-04:00,392.7799987792969,392.8900146484375,392.04998779296875,392.5329895019531,114759,392.7799987792969
2026-05-06 11:40:00-04:00,393.3299865722656,393.4599914550781,392.67999267578125,392.79998779296875,178658,393.3299865722656
2026-05-06 11:45:00-04:00,393.70001220703125,393.8500061035156,393.2900085449219,393.3800048828125,134974,393.70001220703125
2026-05-06 11:50:00-04:00,393.8999938964844,394.1099853515625,393.2001037597656,393.7300109863281,145530,393.8999938964844
2026-05-06 11:55:00-04:00,393.9599914550781,394.010009765625,393.6499938964844,393.9100036621094,153111,393.9599914550781
2026-05-06 12:00:00-04:00,393.80999755859375,394.3900146484375,393.75,393.9200134277344,159823,393.80999755859375
2026-05-06 12:05:00-04:00,393.8299865722656,394.07000732421875,393.6000061035156,393.81500244140625,142295,393.8299865722656
2026-05-06 12:10:00-04:00,396.0899963378906,396.1899108886719,393.6730041503906,393.82000732421875,328256,396.0899963378906
2026-05-06 12:15:00-04:00,395.9049987792969,396.3800048828125,395.6499938964844,396.1296081542969,217934,395.9049987792969
2026-05-06 12:20:00-04:00,395.6700134277344,395.95001220703125,395.1700134277344,395.8999938964844,215868,395.6700134277344
2026-05-06 12:25:00-04:00,396.0400085449219,396.1300048828125,395.6000061035156,395.70001220703125,175221,396.0400085449219
2026-05-06 12:30:00-04:00,395.95001220703125,396.25,395.80999755859375,396.0249938964844,193047,395.95001220703125
2026-05-06 12:35:00-04:00,396.0799865722656,396.260009765625,395.6000061035156,395.95001220703125,216809,396.0799865722656
2026-05-06 12:40:00-04:00,395.18499755859375,396.1099853515625,395.0199890136719,396.0849914550781,177702,395.18499755859375
2026-05-06 12:45:00-04:00,394.92999267578125,395.25,394.79998779296875,395.17498779296875,85074,394.92999267578125
2026-05-06 12:50:00-04:00,394.739990234375,395.1499938964844,394.5899963378906,394.9200134277344,120822,394.739990234375
2026-05-06 12:55:00-04:00,394.9649963378906,395.29998779296875,394.6499938964844,394.7200012207031,125340,394.9649963378906
2026-05-06 13:00:00-04:00,395.4599914550781,395.4898986816406,394.44000244140625,394.9549865722656,266952,395.4599914550781
2026-05-06 13:05:00-04:00,395.92999267578125,395.92999267578125,395.06500244140625,395.4750061035156,258324,395.92999267578125
2026-05-06 13:10:00-04:00,395.54998779296875,396.1499938964844,395.5199890136719,395.92498779296875,214328,395.54998779296875
2026-05-06 13:15:00-04:00,395.69000244140625,395.8599853515625,395.4501037597656,395.5517883300781,62641,395.69000244140625
2026-05-06 13:20:00-04:00,394.6484069824219,396.17999267578125,394.5801086425781,395.7250061035156,154470,394.6484069824219
2026-05-06 13:25:00-04:00,394.54998779296875,394.9100036621094,394.3900146484375,394.6600036621094,80244,394.54998779296875
2026-05-06 13:30:00-04:00,394.2898864746094,394.510009765625,394.16009521484375,394.2200012207031,127151,394.2898864746094
2026-05-06 13:35:00-04:00,394.3500061035156,394.6199951171875,394.17999267578125,394.239990234375,98924,394.3500061035156
2026-05-06 13:40:00-04:00,394.0400085449219,394.5799865722656,394.0299987792969,394.3599853515625,74082,394.0400085449219
2026-05-06 13:45:00-04:00,394.7001037597656,394.8800048828125,393.67449951171875,394.05999755859375,224163,394.7001037597656
2026-05-06 13:50:00-04:00,394.5256042480469,394.809814453125,394.5,394.70001220703125,91176,394.5256042480469
2026-05-06 13:55:00-04:00,394.1099853515625,394.5899963378906,394.04998779296875,394.5199890136719,85767,394.1099853515625
2026-05-06 14:00:00-04:00,393.7099914550781,394.2799987792969,393.6400146484375,394.1400146484375,105593,393.7099914550781
2026-05-06 14:05:00-04:00,393.1700134277344,393.7099914550781,393.07000732421875,393.6700134277344,110128,393.1700134277344
2026-05-06 14:10:00-04:00,393.489990234375,393.6950988769531,393.18011474609375,393.20001220703125,73485,393.489990234375
2026-05-06 14:15:00-04:00,393.3900146484375,393.55999755859375,393.29998779296875,393.439208984375,77522,393.3900146484375
2026-05-06 14:20:00-04:00,392.635009765625,393.45989990234375,392.601806640625,393.3399963378906,104767,392.635009765625
2026-05-06 14:25:00-04:00,392.364990234375,392.6499938964844,392.2799987792969,392.6000061035156,88438,392.364990234375
2026-05-06 14:30:00-04:00,392.739990234375,392.7799987792969,392.0801086425781,392.3900146484375,120375,392.739990234375
2026-05-06 14:35:00-04:00,392.5450134277344,393.04998779296875,392.4617004394531,392.69000244140625,99443,392.5450134277344
2026-05-06 14:40:00-04:00,392.6600036621094,392.8599853515625,392.3349914550781,392.6000061035156,83968,392.6600036621094
2026-05-06 14:45:00-04:00,393.1499938964844,393.2137145996094,392.6199951171875,392.6199951171875,73416,393.1499938964844
2026-05-06 14:50:00-04:00,393.42498779296875,393.4700012207031,392.8900146484375,393.114990234375,66915,393.42498779296875
2026-05-06 14:55:00-04:00,393.6099853515625,393.92999267578125,393.3663024902344,393.4150085449219,115917,393.6099853515625
2026-05-06 15:00:00-04:00,393.4999084472656,394.239990234375,393.3399963378906,393.6099853515625,108680,393.4999084472656
2026-05-06 15:05:00-04:00,393.04998779296875,393.5,393.010009765625,393.4700012207031,91576,393.04998779296875
2026-05-06 15:10:00-04:00,392.95001220703125,393.1400146484375,392.6099853515625,393.07000732421875,89370,392.95001220703125
2026-05-06 15:15:00-04:00,391.82000732421875,392.9601135253906,391.7799987792969,392.9601135253906,136440,391.82000732421875
2026-05-06 15:20:00-04:00,392.4599914550781,392.56500244140625,391.6300048828125,391.8399963378906,165435,392.4599914550781
2026-05-06 15:25:00-04:00,392.260009765625,392.6600036621094,392.1700134277344,392.6099853515625,930061,392.260009765625
2026-05-06 15:30:00-04:00,392.7699890136719,392.8599853515625,392.05999755859375,392.30999755859375,160611,392.7699890136719
2026-05-06 15:35:00-04:00,393.1300048828125,393.2449951171875,392.75,392.7950134277344,182013,393.1300048828125
2026-05-06 15:40:00-04:00,393.4100036621094,393.5299987792969,393.04998779296875,393.1099853515625,176147,393.4100036621094
2026-05-06 15:45:00-04:00,393.3299865722656,393.92498779296875,393.20001220703125,393.3999938964844,218390,393.3299865722656
2026-05-06 15:50:00-04:00,395.0799865722656,395.1600036621094,393.3299865722656,393.3299865722656,485413,395.0799865722656
2026-05-06 15:55:00-04:00,394.989990234375,395.9700012207031,394.95001220703125,395.0799865722656,1380790,394.989990234375
2026-05-07 09:30:00-04:00,395.1000061035156,397.2799987792969,393.6099853515625,397.1700134277344,1254756,395.1000061035156
2026-05-07 09:35:00-04:00,395.90008544921875,395.94000244140625,394.0018005371094,395.0950012207031,321595,395.90008544921875
2026-05-07 09:40:00-04:00,394.42999267578125,396.05999755859375,394.3699951171875,395.8999938964844,348797,394.42999267578125
2026-05-07 09:45:00-04:00,393.3800048828125,395.17999267578125,393.2699890136719,394.45001220703125,268132,393.3800048828125
2026-05-07 09:50:00-04:00,394.32379150390625,394.3999938964844,392.8699951171875,393.3599853515625,192933,394.32379150390625
2026-05-07 09:55:00-04:00,394.54998779296875,394.5899963378906,394.0,394.3450927734375,181525,394.54998779296875
2026-05-07 10:00:00-04:00,394.2550048828125,394.8500061035156,394.20001220703125,394.5,149330,394.2550048828125
2026-05-07 10:05:00-04:00,393.95001220703125,394.8299865722656,393.6600036621094,394.2699890136719,140332,393.95001220703125
2026-05-07 10:10:00-04:00,393.739990234375,394.602294921875,393.739990234375,393.9800109863281,162399,393.739990234375
2026-05-07 10:15:00-04:00,393.19989013671875,393.9100036621094,392.79998779296875,393.81781005859375,210153,393.19989013671875
2026-05-07 10:20:00-04:00,394.1700134277344,394.6300048828125,393.0799865722656,393.1700134277344,202296,394.1700134277344
2026-05-07 10:25:00-04:00,394.30999755859375,394.7149963378906,394.0299987792969,394.19000244140625,165434,394.30999755859375
2026-05-07 10:30:00-04:00,393.3800048828125,394.3599853515625,393.239990234375,394.3500061035156,139786,393.3800048828125
2026-05-07 10:35:00-04:00,393.14990234375,393.6402893066406,392.69000244140625,393.42498779296875,280506,393.14990234375
2026-05-07 10:40:00-04:00,393.2799987792969,393.3999938964844,392.885009765625,393.1300048828125,120625,393.2799987792969
2026-05-07 10:45:00-04:00,393.54998779296875,393.80999755859375,393.260009765625,393.2998962402344,90509,393.54998779296875
2026-05-07 10:50:00-04:00,393.95001220703125,394.0299987792969,393.44000244140625,393.5799865722656,127627,393.95001220703125
2026-05-07 10:55:00-04:00,394.0801086425781,394.17999267578125,393.7799987792969,393.95001220703125,106574,394.0801086425781
2026-05-07 11:00:00-04:00,393.9800109863281,394.489990234375,393.8599853515625,394.135498046875,157966,393.9800109863281
2026-05-07 11:05:00-04:00,393.82501220703125,394.010009765625,392.82000732421875,393.9700012207031,126059,393.82501220703125
2026-05-07 11:10:00-04:00,393.2749938964844,393.9599914550781,392.8800048828125,393.80999755859375,156085,393.2749938964844
2026-05-07 11:15:00-04:00,393.2850036621094,393.54998779296875,393.1400146484375,393.2799987792969,105927,393.2850036621094
2026-05-07 11:20:00-04:00,393.3299865722656,393.6000061035156,393.1700134277344,393.29998779296875,89298,393.3299865722656
2026-05-07 11:25:00-04:00,393.8999938964844,394.0400085449219,393.3175048828125,393.32501220703125,112088,393.8999938964844
2026-05-07 11:30:00-04:00,393.4224853515625,394.2300109863281,393.35009765625,393.9200134277344,79541,393.4224853515625
2026-05-07 11:35:00-04:00,393.2001037597656,393.6400146484375,393.19000244140625,393.3699951171875,114912,393.2001037597656
2026-05-07 11:40:00-04:00,393.2200012207031,393.44000244140625,392.75,393.2699890136719,126200,393.2200012207031
2026-05-07 11:45:00-04:00,393.6300048828125,393.6700134277344,393.114990234375,393.2099914550781,93410,393.6300048828125
2026-05-07 11:50:00-04:00,393.5299987792969,393.6882019042969,393.32000732421875,393.6882019042969,87925,393.5299987792969
2026-05-07 11:55:00-04:00,392.4949951171875,393.5299987792969,392.4100036621094,393.5299987792969,177450,392.4949951171875
2026-05-07 12:00:00-04:00,392.25,392.5950012207031,392.04010009765625,392.5,142256,392.25
2026-05-07 12:05:00-04:00,392.3949890136719,392.4198913574219,391.8500061035156,392.2099914550781,136634,392.3949890136719
2026-05-07 12:10:00-04:00,391.8500061035156,392.3900146484375,391.360107421875,392.3699951171875,140590,391.8500061035156
2026-05-07 12:15:00-04:00,390.7300109863281,391.864990234375,390.6499938964844,391.864990234375,203682,390.7300109863281
2026-05-07 12:20:00-04:00,391.1700134277344,391.2651062011719,390.30999755859375,390.7300109863281,151584,391.1700134277344
2026-05-07 12:25:00-04:00,391.9750061035156,392.1300048828125,391.1000061035156,391.2200012207031,194450,391.9750061035156
2026-05-07 12:30:00-04:00,392.5150146484375,392.6698913574219,391.8399963378906,391.989990234375,137619,392.5150146484375
2026-05-07 12:35:00-04:00,391.93499755859375,392.67999267578125,391.93499755859375,392.4750061035156,118903,391.93499755859375
2026-05-07 12:40:00-04:00,392.17999267578125,392.510009765625,391.8999938964844,391.92999267578125,83074,392.17999267578125
2026-05-07 12:45:00-04:00,392.0899963378906,392.4800109863281,392.0199890136719,392.2049865722656,58708,392.0899963378906
2026-05-07 12:50:00-04:00,391.8800048828125,392.1000061035156,391.5899963378906,392.07000732421875,93905,391.8800048828125
2026-05-07 12:55:00-04:00,392.4100036621094,392.4599914550781,391.69000244140625,391.864990234375,105184,392.4100036621094
2026-05-07 13:00:00-04:00,392.1499938964844,392.6148986816406,392.05999755859375,392.4200134277344,89442,392.1499938964844
2026-05-07 13:05:00-04:00,392.19000244140625,392.69000244140625,392.05999755859375,392.1499938964844,90254,392.19000244140625
2026-05-07 13:10:00-04:00,392.375,392.3800048828125,391.7799987792969,392.20001220703125,128187,392.375
2026-05-07 13:15:00-04:00,393.19500732421875,393.5,391.94000244140625,392.364990234375,189400,393.19500732421875
2026-05-07 13:20:00-04:00,393.8299865722656,393.909912109375,392.7900085449219,393.20159912109375,134713,393.8299865722656
2026-05-07 13:25:00-04:00,393.2799987792969,394.0,392.39300537109375,393.8399963378906,163015,393.2799987792969
2026-05-07 13:30:00-04:00,392.9599914550781,393.42999267578125,392.55999755859375,393.2799987792969,79676,392.9599914550781
2026-05-07 13:35:00-04:00,394.0498962402344,394.1400146484375,392.7701110839844,393.0398864746094,75448,394.0498962402344
2026-05-07 13:40:00-04:00,393.8200988769531,394.29998779296875,393.6000061035156,394.0199890136719,74988,393.8200988769531
2026-05-07 13:45:00-04:00,393.4150085449219,394.0400085449219,393.314697265625,393.8900146484375,46543,393.4150085449219
2026-05-07 13:50:00-04:00,393.2149963378906,393.44000244140625,392.9700012207031,393.3900146484375,75244,393.2149963378906
2026-05-07 13:55:00-04:00,394.1199035644531,394.1199035644531,393.1994934082031,393.25,81550,394.1199035644531
2026-05-07 14:00:00-04:00,393.3999938964844,394.0799865722656,393.3306884765625,394.07000732421875,69968,393.3999938964844
2026-05-07 14:05:00-04:00,393.7300109863281,394.1199951171875,393.3700866699219,393.3900146484375,101887,393.7300109863281
2026-05-07 14:10:00-04:00,394.0350036621094,394.139892578125,393.7799987792969,393.91009521484375,64324,394.0350036621094
2026-05-07 14:15:00-04:00,394.6700134277344,394.8699951171875,393.93011474609375,394.0,85554,394.6700134277344
2026-05-07 14:20:00-04:00,393.80999755859375,394.8223876953125,393.7799987792969,394.67999267578125,71941,393.80999755859375
2026-05-07 14:25:00-04:00,393.95001220703125,394.2499084472656,393.6199951171875,393.79998779296875,80575,393.95001220703125
2026-05-07 14:30:00-04:00,394.44500732421875,394.5050048828125,393.95001220703125,393.95001220703125,59295,394.44500732421875
2026-05-07 14:35:00-04:00,394.30999755859375,394.6449890136719,394.0982971191406,394.44500732421875,84410,394.30999755859375
2026-05-07 14:40:00-04:00,393.8500061035156,394.6199951171875,393.6400146484375,394.3399963378906,89994,393.8500061035156
2026-05-07 14:45:00-04:00,394.04998779296875,394.17999267578125,393.6300048828125,393.8900146484375,75415,394.04998779296875
2026-05-07 14:50:00-04:00,394.1343994140625,394.6300048828125,393.8599853515625,394.0199890136719,73746,394.1343994140625
2026-05-07 14:55:00-04:00,394.2099914550781,394.7699890136719,393.9200134277344,394.1311950683594,132302,394.2099914550781
2026-05-07 15:00:00-04:00,392.29998779296875,394.17999267578125,392.260009765625,394.17999267578125,207304,392.29998779296875
2026-05-07 15:05:00-04:00,392.3575134277344,392.4200134277344,391.70001220703125,392.2699890136719,148009,392.3575134277344
2026-05-07 15:10:00-04:00,393.3699951171875,393.510009765625,392.15008544921875,392.2799987792969,129292,393.3699951171875
2026-05-07 15:15:00-04:00,393.0799865722656,393.54998779296875,392.9700012207031,393.3399963378906,90074,393.0799865722656
2026-05-07 15:20:00-04:00,393.2200012207031,393.25,392.9100036621094,393.0400085449219,101716,393.2200012207031
2026-05-07 15:25:00-04:00,393.3550109863281,393.5,392.70001220703125,392.8299865722656,100935,393.3550109863281
2026-05-07 15:30:00-04:00,394.05999755859375,394.2200012207031,393.3900146484375,393.3900146484375,105327,394.05999755859375
2026-05-07 15:35:00-04:00,394.1600036621094,394.489990234375,393.9200134277344,394.1000061035156,72009,394.1600036621094
2026-05-07 15:40:00-04:00,394.1400146484375,394.2650146484375,394.010009765625,394.114990234375,87797,394.1400146484375
2026-05-07 15:45:00-04:00,394.2799987792969,394.4200134277344,394.07000732421875,394.1400146484375,81192,394.2799987792969
2026-05-07 15:50:00-04:00,393.0950012207031,394.55999755859375,392.6499938964844,394.32000732421875,379634,393.0950012207031
2026-05-07 15:55:00-04:00,395.2900085449219,395.510009765625,394.91448974609375,395.0299987792969,864475,395.2900085449219
2026-05-08 09:30:00-04:00,394.6600036621094,395.5,394.1700134277344,394.4175109863281,712583,394.6600036621094
2026-05-08 09:35:00-04:00,394.5400085449219,394.9800109863281,393.67999267578125,394.67999267578125,215089,394.5400085449219
2026-05-08 09:40:00-04:00,396.1499938964844,396.44000244140625,394.20001220703125,394.510009765625,327917,396.1499938964844
2026-05-08 09:45:00-04:00,397.6000061035156,397.6400146484375,395.9949951171875,396.1199951171875,252229,397.6000061035156
2026-05-08 09:50:00-04:00,396.2200012207031,397.2799987792969,396.1700134277344,396.95001220703125,163374,396.2200012207031
2026-05-08 09:55:00-04:00,396.4150085449219,396.54998779296875,395.67010498046875,396.25,177084,396.4150085449219
2026-05-08 10:00:00-04:00,396.8949890136719,397.0899963378906,396.29998779296875,396.44000244140625,114208,396.8949890136719
2026-05-08 10:05:00-04:00,397.6199951171875,397.6400146484375,396.6607971191406,396.92999267578125,168118,397.6199951171875
2026-05-08 10:10:00-04:00,397.2598876953125,398.0,397.0199890136719,397.6199951171875,195576,397.2598876953125
2026-05-08 10:15:00-04:00,396.19000244140625,397.260009765625,396.1199951171875,397.260009765625,161015,396.19000244140625
2026-05-08 10:20:00-04:00,396.5899963378906,396.72900390625,395.80999755859375,396.2300109863281,127345,396.5899963378906
2026-05-08 10:25:00-04:00,396.4700012207031,397.44500732421875,396.3599853515625,396.5899963378906,146571,396.4700012207031
2026-05-08 10:30:00-04:00,396.29998779296875,396.6400146484375,395.9429931640625,396.4700012207031,84740,396.29998779296875
2026-05-08 10:35:00-04:00,396.43011474609375,396.4800109863281,395.5199890136719,396.29998779296875,140245,396.43011474609375
2026-05-08 10:40:00-04:00,397.29998779296875,397.29998779296875,396.2900085449219,396.4800109863281,124268,397.29998779296875
2026-05-08 10:45:00-04:00,396.94500732421875,397.5799865722656,396.8434143066406,397.29998779296875,123371,396.94500732421875
2026-05-08 10:50:00-04:00,396.5199890136719,397.3299865722656,396.31298828125,396.9898986816406,70929,396.5199890136719
2026-05-08 10:55:00-04:00,396.45001220703125,396.8999938964844,396.2900085449219,396.5400085449219,95164,396.45001220703125
2026-05-08 11:00:00-04:00,395.8450012207031,396.5150146484375,395.8299865722656,396.46551513671875,142872,395.8450012207031
2026-05-08 11:05:00-04:00,395.822509765625,396.0199890136719,395.5159912109375,395.8500061035156,140531,395.822509765625
2026-05-08 11:10:00-04:00,395.4559020996094,395.92999267578125,395.2300109863281,395.75,100073,395.4559020996094
2026-05-08 11:15:00-04:00,395.6099853515625,395.80999755859375,395.30499267578125,395.44000244140625,112432,395.6099853515625
2026-05-08 11:20:00-04:00,396.1050109863281,396.2200012207031,395.5249938964844,395.5899963378906,116304,396.1050109863281
2026-05-08 11:25:00-04:00,396.0976867675781,396.25,395.8800048828125,396.0924987792969,84390,396.0976867675781
2026-05-08 11:30:00-04:00,395.3200988769531,396.2099914550781,395.2799987792969,396.05999755859375,146611,395.3200988769531
2026-05-08 11:35:00-04:00,395.9150085449219,396.0799865722656,395.0400085449219,395.3699951171875,170157,395.9150085449219
2026-05-08 11:40:00-04:00,396.0899963378906,396.20001220703125,395.70001220703125,395.92498779296875,75432,396.0899963378906
2026-05-08 11:45:00-04:00,395.6086120605469,396.0899963378906,395.510009765625,396.0899963378906,61053,395.6086120605469
2026-05-08 11:50:00-04:00,396.0003967285156,396.1099853515625,395.5400085449219,395.56500244140625,95433,396.0003967285156
2026-05-08 11:55:00-04:00,395.5,396.0360107421875,395.239990234375,396.0,59326,395.5
2026-05-08 12:00:00-04:00,395.5295104980469,395.6000061035156,395.30999755859375,395.5450134277344,82224,395.5295104980469
2026-05-08 12:05:00-04:00,395.50469970703125,395.75,395.0299987792969,395.510009765625,72457,395.50469970703125
2026-05-08 12:10:00-04:00,396.0899963378906,396.1600036621094,395.5201110839844,395.5299987792969,63592,396.0899963378906
2026-05-08 12:15:00-04:00,395.8500061035156,396.1499938964844,395.80999755859375,396.0899963378906,68214,395.8500061035156
2026-05-08 12:20:00-04:00,395.6099853515625,395.8699951171875,395.4800109863281,395.8349914550781,70431,395.6099853515625
2026-05-08 12:25:00-04:00,395.32000732421875,395.9200134277344,395.29998779296875,395.6099853515625,75877,395.32000732421875
2026-05-08 12:30:00-04:00,395.3678894042969,395.4898986816406,394.9599914550781,395.2699890136719,119451,395.3678894042969
2026-05-08 12:35:00-04:00,395.29998779296875,395.55999755859375,395.1050109863281,395.3500061035156,71094,395.29998779296875
2026-05-08 12:40:00-04:00,394.44000244140625,395.44000244140625,394.3002014160156,395.29998779296875,113798,394.44000244140625
2026-05-08 12:45:00-04:00,394.92999267578125,394.94000244140625,394.4599914550781,394.4599914550781,81974,394.92999267578125
2026-05-08 12:50:00-04:00,394.43499755859375,394.9200134277344,394.3200988769531,394.9200134277344,53564,394.43499755859375
2026-05-08 12:55:00-04:00,394.1000061035156,394.4599914550781,394.0400085449219,394.25,80888,394.1000061035156
2026-05-08 13:00:00-04:00,394.260009765625,394.5,393.79998779296875,394.05999755859375,78590,394.260009765625
2026-05-08 13:05:00-04:00,394.5,394.6199951171875,394.30999755859375,394.30999755859375,63390,394.5
2026-05-08 13:10:00-04:00,394.29998779296875,394.4549865722656,394.0304870605469,394.45001220703125,84292,394.29998779296875
2026-05-08 13:15:00-04:00,394.75,394.7550048828125,394.32000732421875,394.32000732421875,77433,394.75
2026-05-08 13:20:00-04:00,394.5,394.7900085449219,394.3599853515625,394.7900085449219,75055,394.5
2026-05-08 13:25:00-04:00,394.5299987792969,394.5799865722656,394.26409912109375,394.4700012207031,67738,394.5299987792969
2026-05-08 13:30:00-04:00,394.7640075683594,394.80120849609375,394.3599853515625,394.5,92145,394.7640075683594
2026-05-08 13:35:00-04:00,394.82501220703125,395.04998779296875,394.69000244140625,394.7900085449219,57159,394.82501220703125
2026-05-08 13:40:00-04:00,394.55499267578125,394.8500061035156,394.5,394.82501220703125,45338,394.55499267578125
2026-05-08 13:45:00-04:00,394.7550048828125,394.8500061035156,394.4700927734375,394.54400634765625,42150,394.7550048828125
2026-05-08 13:50:00-04:00,395.2300109863281,395.3349914550781,394.57501220703125,394.7550048828125,65641,395.2300109863281
2026-05-08 13:55:00-04:00,395.30999755859375,395.57000732421875,395.2001953125,395.2001953125,65114,395.30999755859375
2026-05-08 14:00:00-04:00,395.739990234375,395.8999938964844,395.2650146484375,395.3450012207031,110369,395.739990234375
2026-05-08 14:05:00-04:00,395.6000061035156,395.8349914550781,395.4601135253906,395.75,57782,395.6000061035156
2026-05-08 14:10:00-04:00,395.7799987792969,395.8999938964844,395.43011474609375,395.57000732421875,59391,395.7799987792969
2026-05-08 14:15:00-04:00,395.7950134277344,395.9800109863281,395.65008544921875,395.7560119628906,50695,395.7950134277344
2026-05-08 14:20:00-04:00,395.9700012207031,395.9700012207031,395.760009765625,395.79998779296875,49444,395.9700012207031
2026-05-08 14:25:00-04:00,396.0299987792969,396.1000061035156,395.885009765625,395.9800109863281,67749,396.0299987792969
2026-05-08 14:30:00-04:00,396.1700134277344,396.2900085449219,395.8699951171875,395.9750061035156,86870,396.1700134277344
2026-05-08 14:35:00-04:00,395.94830322265625,396.260009765625,395.79998779296875,396.14990234375,56929,395.94830322265625
2026-05-08 14:40:00-04:00,395.8500061035156,395.94000244140625,395.58050537109375,395.94000244140625,68888,395.8500061035156
2026-05-08 14:45:00-04:00,395.5899963378906,395.7850036621094,395.3599853515625,395.7799987792969,81665,395.5899963378906
2026-05-08 14:50:00-04:00,395.510009765625,395.7799987792969,395.3800048828125,395.6199951171875,400458,395.510009765625
2026-05-08 14:55:00-04:00,395.7900085449219,396.1300048828125,395.1700134277344,395.5400085449219,84203,395.7900085449219
2026-05-08 15:00:00-04:00,395.7799987792969,395.8800048828125,395.5450134277344,395.7900085449219,49690,395.7799987792969
2026-05-08 15:05:00-04:00,395.8599853515625,396.0780029296875,395.7500915527344,395.82000732421875,74836,395.8599853515625
2026-05-08 15:10:00-04:00,395.9750061035156,396.0350036621094,395.6600036621094,395.8599853515625,76467,395.9750061035156
2026-05-08 15:15:00-04:00,396.0215148925781,396.1499938964844,395.75,395.9800109863281,110697,396.0215148925781
2026-05-08 15:20:00-04:00,395.95001220703125,396.1700134277344,395.69000244140625,396.0299987792969,113161,395.95001220703125
2026-05-08 15:25:00-04:00,395.8999938964844,396.1499938964844,395.8699951171875,395.9200134277344,95412,395.8999938964844
2026-05-08 15:30:00-04:00,396.6521911621094,397.0199890136719,395.82000732421875,395.8699951171875,182235,396.6521911621094
2026-05-08 15:35:00-04:00,396.8800048828125,396.9100036621094,396.510009765625,396.6400146484375,132847,396.8800048828125
2026-05-08 15:40:00-04:00,397.1199951171875,397.20001220703125,396.79998779296875,396.8299865722656,115202,397.1199951171875
2026-05-08 15:45:00-04:00,397.6700134277344,397.8500061035156,397.0867004394531,397.1400146484375,161316,397.6700134277344
2026-05-08 15:50:00-04:00,398.1799011230469,398.3699951171875,397.6099853515625,397.80999755859375,360675,398.1799011230469
2026-05-08 15:55:00-04:00,397.07000732421875,398.32000732421875,396.80999755859375,398.1300048828125,1110876,397.07000732421875
2026-05-11 09:30:00-04:00,391.3699951171875,391.3999938964844,388.7101135253906,390.69000244140625,1476352,391.3699951171875
2026-05-11 09:35:00-04:00,392.4549865722656,392.7200012207031,390.5,391.3768005371094,523132,392.4549865722656
2026-05-11 09:40:00-04:00,393.510009765625,394.3299865722656,392.2699890136719,392.42999267578125,483817,393.510009765625
2026-05-11 09:45:00-04:00,393.1199951171875,393.75,392.3399963378906,393.45001220703125,231204,393.1199951171875
2026-05-11 09:50:00-04:00,392.658203125,393.5299987792969,392.4599914550781,393.1340026855469,162508,392.658203125
2026-05-11 09:55:00-04:00,392.9800109863281,393.0050964355469,392.05999755859375,392.67999267578125,150925,392.9800109863281
2026-05-11 10:00:00-04:00,392.614990234375,393.19000244140625,392.03009033203125,393.0400085449219,152172,392.614990234375
2026-05-11 10:05:00-04:00,391.94000244140625,392.7699890136719,391.82000732421875,392.5799865722656,165010,391.94000244140625
2026-05-11 10:10:00-04:00,391.3800048828125,391.93499755859375,391.2300109863281,391.93499755859375,152253,391.3800048828125
2026-05-11 10:15:00-04:00,391.32501220703125,391.6600036621094,391.2300109863281,391.3299865722656,134708,391.32501220703125
2026-05-11 10:20:00-04:00,391.6099853515625,391.8699951171875,391.1300048828125,391.2500915527344,133984,391.6099853515625
2026-05-11 10:25:00-04:00,389.8800048828125,391.7049865722656,389.79998779296875,391.6000061035156,255498,389.8800048828125
2026-05-11 10:30:00-04:00,389.92999267578125,390.0799865722656,389.07000732421875,389.8500061035156,205483,389.92999267578125
2026-05-11 10:35:00-04:00,390.7699890136719,390.92999267578125,389.760009765625,389.95001220703125,158820,390.7699890136719
2026-05-11 10:40:00-04:00,390.70001220703125,390.8999938964844,390.3800048828125,390.84991455078125,186431,390.70001220703125
2026-05-11 10:45:00-04:00,390.97601318359375,391.0400085449219,390.55999755859375,390.75,113448,390.97601318359375
2026-05-11 10:50:00-04:00,391.447509765625,391.6000061035156,390.7001037597656,391.0199890136719,152356,391.447509765625
2026-05-11 10:55:00-04:00,390.739990234375,391.7900085449219,390.5462951660156,391.510009765625,121534,390.739990234375
2026-05-11 11:00:00-04:00,390.7301025390625,390.8399963378906,390.3800048828125,390.7200012207031,120636,390.7301025390625
2026-05-11 11:05:00-04:00,391.0299987792969,391.07000732421875,390.6600036621094,390.760009765625,106622,391.0299987792969
2026-05-11 11:10:00-04:00,390.3900146484375,391.0997009277344,390.29888916015625,390.9100036621094,175351,390.3900146484375
2026-05-11 11:15:00-04:00,390.239990234375,390.58551025390625,390.2149963378906,390.3577880859375,118702,390.239990234375
2026-05-11 11:20:00-04:00,390.1499938964844,390.2699890136719,389.8700866699219,390.2200927734375,166529,390.1499938964844
2026-05-11 11:25:00-04:00,390.4599914550781,390.5299987792969,389.88018798828125,390.1449890136719,146488,390.4599914550781
2026-05-11 11:30:00-04:00,390.739990234375,390.8900146484375,390.3900146484375,390.45989990234375,123346,390.739990234375
2026-05-11 11:35:00-04:00,390.44500732421875,390.8800048828125,390.2799987792969,390.6913146972656,117414,390.44500732421875
2026-05-11 11:40:00-04:00,390.57000732421875,391.1400146484375,390.3599853515625,390.44500732421875,142487,390.57000732421875
2026-05-11 11:45:00-04:00,390.3900146484375,390.6300048828125,390.3900146484375,390.5299987792969,99188,390.3900146484375
2026-05-11 11:50:00-04:00,391.0849914550781,391.1400146484375,390.2300109863281,390.3699951171875,104519,391.0849914550781
2026-05-11 11:55:00-04:00,391.3699035644531,391.6300048828125,390.95001220703125,391.0799865722656,148674,391.3699035644531
2026-05-11 12:00:00-04:00,390.989990234375,391.54998779296875,390.96771240234375,391.3599853515625,120261,390.989990234375
2026-05-11 12:05:00-04:00,390.7300109863281,390.9800109863281,390.4700012207031,390.9700012207031,98976,390.7300109863281
2026-05-11 12:10:00-04:00,390.92999267578125,390.94000244140625,390.4800109863281,390.7300109863281,79302,390.92999267578125
2026-05-11 12:15:00-04:00,390.7799987792969,390.95001220703125,390.4999084472656,390.91400146484375,101843,390.7799987792969
2026-05-11 12:20:00-04:00,390.6600036621094,390.8299865722656,390.51568603515625,390.7900085449219,67208,390.6600036621094
2026-05-11 12:25:00-04:00,390.8949890136719,390.9800109863281,390.6199951171875,390.6499938964844,73562,390.8949890136719
2026-05-11 12:30:00-04:00,391.1700134277344,391.1700134277344,390.7300109863281,390.8699951171875,106172,391.1700134277344
2026-05-11 12:35:00-04:00,390.8349914550781,391.3500061035156,390.7699890136719,391.1600036621094,107526,390.8349914550781
2026-05-11 12:40:00-04:00,390.8699951171875,390.9798889160156,390.3800048828125,390.7900085449219,131595,390.8699951171875
2026-05-11 12:45:00-04:00,390.5199890136719,390.92999267578125,390.4700012207031,390.7900085449219,84286,390.5199890136719
2026-05-11 12:50:00-04:00,390.70001220703125,390.7900085449219,390.489990234375,390.5104064941406,101878,390.70001220703125
2026-05-11 12:55:00-04:00,390.2401123046875,390.7200012207031,390.20001220703125,390.7149963378906,98006,390.2401123046875
2026-05-11 13:00:00-04:00,390.4100036621094,390.5799865722656,390.2601013183594,390.2699890136719,59523,390.4100036621094
2026-05-11 13:05:00-04:00,390.3999938964844,390.5799865722656,390.1650085449219,390.4100036621094,77389,390.3999938964844
2026-05-11 13:10:00-04:00,389.6000061035156,390.3800048828125,389.6000061035156,390.3699951171875,173416,389.6000061035156
2026-05-11 13:15:00-04:00,389.0950012207031,389.739990234375,389.05999755859375,389.5899963378906,121918,389.0950012207031
2026-05-11 13:20:00-04:00,389.3301086425781,389.5199890136719,389.05999755859375,389.1000061035156,102740,389.3301086425781
2026-05-11 13:25:00-04:00,389.8900146484375,389.92999267578125,389.19000244140625,389.3500061035156,102746,389.8900146484375
2026-05-11 13:30:00-04:00,389.95001220703125,390.0199890136719,389.6600036621094,389.8900146484375,91479,389.95001220703125
2026-05-11 13:35:00-04:00,390.239990234375,390.4800109863281,389.95001220703125,389.9599914550781,119897,390.239990234375
2026-05-11 13:40:00-04:00,390.3800048828125,390.55999755859375,390.17999267578125,390.25,79331,390.3800048828125
2026-05-11 13:45:00-04:00,390.0400085449219,390.6625061035156,390.010009765625,390.3999938964844,103532,390.0400085449219
2026-05-11 13:50:00-04:00,389.44000244140625,390.159912109375,389.3900146484375,390.05499267578125,95770,389.44000244140625
2026-05-11 13:55:00-04:00,389.70001220703125,389.70001220703125,389.20001220703125,389.4200134277344,84915,389.70001220703125
2026-05-11 14:00:00-04:00,389.5849914550781,389.8299865722656,389.4100036621094,389.7200012207031,73463,389.5849914550781
2026-05-11 14:05:00-04:00,389.5899963378906,389.68499755859375,389.489990234375,389.5849914550781,72721,389.5899963378906
2026-05-11 14:10:00-04:00,389.760009765625,389.9700012207031,389.57000732421875,389.590087890625,89919,389.760009765625
2026-05-11 14:15:00-04:00,389.3500061035156,389.79998779296875,389.3500061035156,389.75,99512,389.3500061035156
2026-05-11 14:20:00-04:00,389.32000732421875,389.5,389.20001220703125,389.3599853515625,105092,389.32000732421875
2026-05-11 14:25:00-04:00,389.17010498046875,389.45001220703125,389.1600036621094,389.2900085449219,142366,389.17010498046875
2026-05-11 14:30:00-04:00,388.6499938964844,389.20001220703125,388.4700012207031,388.79998779296875,191085,388.6499938964844
2026-05-11 14:35:00-04:00,388.2300109863281,388.7300109863281,388.2099914550781,388.635009765625,125205,388.2300109863281
2026-05-11 14:40:00-04:00,388.3949890136719,388.3999938964844,387.92999267578125,388.2250061035156,130969,388.3949890136719
2026-05-11 14:45:00-04:00,388.32000732421875,388.4750061035156,388.2500915527344,388.3800048828125,100992,388.32000732421875
2026-05-11 14:50:00-04:00,388.0350036621094,388.3800048828125,387.9800109863281,388.2900085449219,113158,388.0350036621094
2026-05-11 14:55:00-04:00,387.5098876953125,388.1401062011719,387.4150085449219,388.0400085449219,165647,387.5098876953125
2026-05-11 15:00:00-04:00,387.30999755859375,387.6625061035156,387.2300109863281,387.4750061035156,146018,387.30999755859375
2026-05-11 15:05:00-04:00,387.6499938964844,387.82000732421875,387.2799987792969,387.30999755859375,117823,387.6499938964844
2026-05-11 15:10:00-04:00,387.70001220703125,387.9700012207031,387.489990234375,387.7200012207031,128503,387.70001220703125
2026-05-11 15:15:00-04:00,387.4049987792969,387.760009765625,387.3699951171875,387.6700134277344,140479,387.4049987792969
2026-05-11 15:20:00-04:00,386.9750061035156,387.3500061035156,386.9100036621094,387.29998779296875,250629,386.9750061035156
2026-05-11 15:25:00-04:00,387.79998779296875,387.79998779296875,386.92498779296875,386.989990234375,156358,387.79998779296875
2026-05-11 15:30:00-04:00,387.8500061035156,387.9800109863281,387.5,387.7900085449219,172037,387.8500061035156
2026-05-11 15:35:00-04:00,387.989990234375,388.04998779296875,387.739990234375,387.8500061035156,154473,387.989990234375
2026-05-11 15:40:00-04:00,387.0899963378906,388.0899963378906,387.0199890136719,387.9750061035156,170297,387.0899963378906
2026-05-11 15:45:00-04:00,387.1300048828125,387.260009765625,386.80999755859375,387.010009765625,182544,387.1300048828125
2026-05-11 15:50:00-04:00,386.54998779296875,387.3900146484375,386.32000732421875,387.1400146484375,444738,386.54998779296875
2026-05-11 15:55:00-04:00,386.739990234375,386.8999938964844,386.45001220703125,386.54998779296875,877256,386.739990234375
2026-05-12 09:30:00-04:00,383.82000732421875,386.32000732421875,382.8999938964844,385.1000061035156,1310880,383.82000732421875
2026-05-12 09:35:00-04:00,383.7300109863281,383.739990234375,382.82000732421875,383.7250061035156,267139,383.7300109863281
2026-05-12 09:40:00-04:00,385.4949951171875,385.7265930175781,383.04998779296875,383.7099914550781,0,385.4949951171875
2026-05-12 09:45:00-04:00,384.9200134277344,385.7099914550781,384.5199890136719,385.510009765625,2084224,384.9200134277344
2026-05-12 09:50:00-04:00,384.5899963378906,385.5700988769531,384.1040954589844,384.82000732421875,187926,384.5899963378906
2026-05-12 09:55:00-04:00,384.07000732421875,384.6050109863281,383.6084899902344,384.55999755859375,158379,384.07000732421875
2026-05-12 10:00:00-04:00,383.0570068359375,384.1000061035156,382.739990234375,384.05999755859375,262878,383.0570068359375
2026-05-12 10:05:00-04:00,382.69000244140625,383.5,382.41009521484375,383.05999755859375,149993,382.69000244140625
2026-05-12 10:10:00-04:00,383.67999267578125,383.8599853515625,382.0799865722656,382.69000244140625,227742,383.67999267578125
2026-05-12 10:15:00-04:00,384.6000061035156,384.739990234375,383.4549865722656,383.760009765625,157980,384.6000061035156
2026-05-12 10:20:00-04:00,384.25,384.8699951171875,383.989990234375,384.5899963378906,158604,384.25
2026-05-12 10:25:00-04:00,383.79400634765625,384.7300109863281,383.79400634765625,384.2900085449219,113545,383.79400634765625
2026-05-12 10:30:00-04:00,384.1300048828125,384.2099914550781,383.42999267578125,383.7799987792969,154174,384.1300048828125
2026-05-12 10:35:00-04:00,384.79998779296875,384.9287109375,383.92999267578125,384.1300048828125,123426,384.79998779296875
2026-05-12 10:40:00-04:00,383.75,384.8399963378906,383.67999267578125,384.7799987792969,171836,383.75
2026-05-12 10:45:00-04:00,384.0450134277344,384.1099853515625,383.3103942871094,383.7449951171875,163851,384.0450134277344
2026-05-12 10:50:00-04:00,384.2950134277344,384.44989013671875,383.7300109863281,384.0,119152,384.2950134277344
2026-05-12 10:55:00-04:00,384.5899963378906,384.5899963378906,383.6300048828125,384.2900085449219,103663,384.5899963378906
2026-05-12 11:00:00-04:00,384.6600036621094,384.79998779296875,383.9100036621094,384.6600036621094,156457,384.6600036621094
2026-05-12 11:05:00-04:00,385.1400146484375,385.260009765625,384.2799987792969,384.6199951171875,119975,385.1400146484375
2026-05-12 11:10:00-04:00,384.9949951171875,385.4100036621094,384.91009521484375,385.1199951171875,220067,384.9949951171875
2026-05-12 11:15:00-04:00,385.0350036621094,385.44000244140625,384.69000244140625,384.9700012207031,123091,385.0350036621094
2026-05-12 11:20:00-04:00,384.739990234375,385.3688049316406,384.0801086425781,384.95001220703125,121714,384.739990234375
2026-05-12 11:25:00-04:00,385.1700134277344,385.17498779296875,384.30010986328125,384.760009765625,104768,385.1700134277344
2026-05-12 11:30:00-04:00,385.1499938964844,385.3699951171875,384.6600036621094,385.11749267578125,81533,385.1499938964844
2026-05-12 11:35:00-04:00,384.54998779296875,385.1600036621094,384.32000732421875,385.1600036621094,83068,384.54998779296875
2026-05-12 11:40:00-04:00,385.3349914550781,385.3999938964844,384.510009765625,384.5350036621094,85981,385.3349914550781
2026-05-12 11:45:00-04:00,385.3999938964844,385.75,385.2850036621094,385.3599853515625,88513,385.3999938964844
2026-05-12 11:50:00-04:00,384.67999267578125,385.5400085449219,384.67999267578125,385.32000732421875,59202,384.67999267578125
2026-05-12 11:55:00-04:00,383.760009765625,384.80999755859375,383.760009765625,384.57000732421875,112188,383.760009765625
2026-05-12 12:00:00-04:00,383.989990234375,384.75,383.4100036621094,383.79998779296875,159431,383.989990234375
2026-05-12 12:05:00-04:00,383.5199890136719,384.0740051269531,383.44000244140625,384.0299987792969,87845,383.5199890136719
2026-05-12 12:10:00-04:00,383.7427062988281,383.9200134277344,382.82000732421875,383.44000244140625,87143,383.7427062988281
2026-05-12 12:15:00-04:00,383.0,383.760009765625,382.8399963378906,383.739990234375,93389,383.0
2026-05-12 12:20:00-04:00,382.8275146484375,383.260009765625,382.55999755859375,382.9549865722656,98741,382.8275146484375
2026-05-12 12:25:00-04:00,383.2300109863281,383.3680114746094,382.7749938964844,382.7749938964844,63159,383.2300109863281
2026-05-12 12:30:00-04:00,381.8349914550781,383.21990966796875,381.8349914550781,383.20001220703125,140002,381.8349914550781
2026-05-12 12:35:00-04:00,381.5150146484375,382.0199890136719,381.4599914550781,381.8349914550781,99580,381.5150146484375
2026-05-12 12:40:00-04:00,381.3399963378906,381.7300109863281,381.010009765625,381.54998779296875,165716,381.3399963378906
2026-05-12 12:45:00-04:00,381.0950012207031,381.6000061035156,380.86248779296875,381.3301086425781,215158,381.0950012207031
2026-05-12 12:50:00-04:00,381.0799865722656,381.3699951171875,380.8301086425781,381.0849914550781,113342,381.0799865722656
2026-05-12 12:55:00-04:00,380.510009765625,381.07000732421875,380.510009765625,380.9750061035156,98249,380.510009765625
2026-05-12 13:00:00-04:00,380.45001220703125,380.80999755859375,380.2550048828125,380.5400085449219,205936,380.45001220703125
2026-05-12 13:05:00-04:00,380.2900085449219,380.6449890136719,380.04998779296875,380.42999267578125,242788,380.2900085449219
2026-05-12 13:10:00-04:00,380.1300048828125,380.739990234375,379.7200012207031,380.29998779296875,246393,380.1300048828125
2026-05-12 13:15:00-04:00,380.5,380.7099914550781,379.8999938964844,380.1400146484375,228743,380.5
2026-05-12 13:20:00-04:00,381.80999755859375,381.9800109863281,380.510009765625,380.5299072265625,163729,381.80999755859375
2026-05-12 13:25:00-04:00,381.1700134277344,381.82000732421875,380.9725036621094,381.7900085449219,105773,381.1700134277344
2026-05-12 13:30:00-04:00,381.4200134277344,381.44000244140625,380.864990234375,381.17999267578125,84415,381.4200134277344
2026-05-12 13:35:00-04:00,381.6300048828125,381.6300048828125,381.010009765625,381.4049987792969,83916,381.6300048828125
2026-05-12 13:40:00-04:00,381.614990234375,381.87890625,381.5221862792969,381.57000732421875,74519,381.614990234375
2026-05-12 13:45:00-04:00,381.3800048828125,381.67999267578125,381.2401123046875,381.55499267578125,79691,381.3800048828125
2026-05-12 13:50:00-04:00,381.6099853515625,381.6400146484375,381.2192077636719,381.4200134277344,105379,381.6099853515625
2026-05-12 13:55:00-04:00,381.5400085449219,381.67498779296875,381.17010498046875,381.6600036621094,69351,381.5400085449219
2026-05-12 14:00:00-04:00,381.8900146484375,381.8949890136719,381.2499084472656,381.45001220703125,88541,381.8900146484375
2026-05-12 14:05:00-04:00,381.82000732421875,381.92999267578125,381.51251220703125,381.8450012207031,70434,381.82000732421875
2026-05-12 14:10:00-04:00,381.8599853515625,382.1899108886719,381.6400146484375,381.80499267578125,90853,381.8599853515625
2026-05-12 14:15:00-04:00,381.57000732421875,382.1300048828125,381.55999755859375,381.85400390625,81908,381.57000732421875
2026-05-12 14:20:00-04:00,382.1700134277344,382.2799072265625,381.42999267578125,381.60699462890625,74087,382.1700134277344
2026-05-12 14:25:00-04:00,382.67498779296875,382.989990234375,382.1600036621094,382.17999267578125,85226,382.67498779296875
2026-05-12 14:30:00-04:00,382.1499938964844,382.739990234375,382.010009765625,382.6600036621094,104653,382.1499938964844
2026-05-12 14:35:00-04:00,381.7900085449219,382.4100036621094,381.7900085449219,382.1300048828125,103825,381.7900085449219
2026-05-12 14:40:00-04:00,381.8599853515625,382.1499938964844,381.7373962402344,381.760009765625,89659,381.8599853515625
2026-05-12 14:45:00-04:00,381.3999938964844,381.8500061035156,381.25,381.80999755859375,123557,381.3999938964844
2026-05-12 14:50:00-04:00,381.668212890625,381.7200012207031,381.1400146484375,381.3999938964844,100568,381.668212890625
2026-05-12 14:55:00-04:00,381.7799987792969,381.8800048828125,381.4100036621094,381.6549987792969,106491,381.7799987792969
2026-05-12 15:00:00-04:00,381.5899963378906,381.7799072265625,381.3599853515625,381.7799072265625,94392,381.5899963378906
2026-05-12 15:05:00-04:00,381.6600036621094,381.94000244140625,381.2301025390625,381.5899963378906,96199,381.6600036621094
2026-05-12 15:10:00-04:00,382.0400085449219,382.2441101074219,381.6600036621094,381.67999267578125,112056,382.0400085449219
2026-05-12 15:15:00-04:00,382.2300109863281,382.4599914550781,381.95001220703125,382.05999755859375,125246,382.2300109863281
2026-05-12 15:20:00-04:00,382.7699890136719,382.7699890136719,382.1705017089844,382.2049865722656,114847,382.7699890136719
2026-05-12 15:25:00-04:00,383.0,383.1000061035156,382.69500732421875,382.69500732421875,104525,383.0
2026-05-12 15:30:00-04:00,382.79998779296875,383.05999755859375,382.65008544921875,383.0,112666,382.79998779296875
2026-05-12 15:35:00-04:00,383.114990234375,383.2200012207031,382.67999267578125,382.7850036621094,119400,383.114990234375
2026-05-12 15:40:00-04:00,383.9800109863281,384.05999755859375,382.92999267578125,383.114990234375,168523,383.9800109863281
2026-05-12 15:45:00-04:00,383.6449890136719,384.1400146484375,383.6300048828125,383.9549865722656,164267,383.6449890136719
2026-05-12 15:50:00-04:00,383.6300048828125,384.3500061035156,383.54998779296875,383.6700134277344,383688,383.6300048828125
2026-05-12 15:55:00-04:00,383.9599914550781,384.05999755859375,383.239990234375,383.6499938964844,887620,383.9599914550781
2026-05-13 09:30:00-04:00,383.2001037597656,383.70001220703125,381.5799865722656,381.9049987792969,753308,383.2001037597656
2026-05-13 09:35:00-04:00,383.5199890136719,384.760009765625,382.8500061035156,383.32000732421875,269677,383.5199890136719
2026-05-13 09:40:00-04:00,385.0799865722656,385.5,383.239990234375,383.5050048828125,371134,385.0799865722656
2026-05-13 09:45:00-04:00,385.07989501953125,385.2099914550781,383.7799987792969,385.0899963378906,213985,385.07989501953125
2026-05-13 09:50:00-04:00,387.6099853515625,387.6300048828125,384.6600036621094,385.0450134277344,268763,387.6099853515625
2026-05-13 09:55:00-04:00,387.5799865722656,387.7699890136719,386.80999755859375,387.5400085449219,197074,387.5799865722656
2026-05-13 10:00:00-04:00,388.04998779296875,388.8800048828125,387.5111999511719,387.6400146484375,363186,388.04998779296875
2026-05-13 10:05:00-04:00,387.989990234375,389.1499938964844,387.7300109863281,388.04998779296875,343192,387.989990234375
2026-05-13 10:10:00-04:00,389.010009765625,389.010009765625,387.989990234375,387.989990234375,196684,389.010009765625
2026-05-13 10:15:00-04:00,389.94000244140625,390.04998779296875,388.5799865722656,389.0299987792969,252010,389.94000244140625
2026-05-13 10:20:00-04:00,390.3699951171875,390.7099914550781,389.9200134277344,389.9599914550781,239990,390.3699951171875
2026-05-13 10:25:00-04:00,391.05999755859375,391.6199951171875,390.1803894042969,390.3599853515625,256025,391.05999755859375
2026-05-13 10:30:00-04:00,390.8800048828125,391.29998779296875,390.3599853515625,391.03851318359375,221670,390.8800048828125
2026-05-13 10:35:00-04:00,389.989990234375,391.19000244140625,389.7015075683594,390.885009765625,180501,389.989990234375
2026-05-13 10:40:00-04:00,390.75,390.8500061035156,389.80999755859375,390.0050964355469,151366,390.75
2026-05-13 10:45:00-04:00,391.44000244140625,391.44989013671875,390.2550048828125,390.8299865722656,117735,391.44000244140625
2026-05-13 10:50:00-04:00,392.45001220703125,392.65869140625,391.4200134277344,391.44000244140625,290690,392.45001220703125
2026-05-13 10:55:00-04:00,392.8500061035156,393.1000061035156,392.42999267578125,392.4599914550781,285301,392.8500061035156
2026-05-13 11:00:00-04:00,393.30999755859375,393.94989013671875,392.6499938964844,392.82501220703125,210751,393.30999755859375
2026-05-13 11:05:00-04:00,393.44000244140625,393.4599914550781,393.1050109863281,393.29998779296875,139056,393.44000244140625
2026-05-13 11:10:00-04:00,393.2550048828125,393.625,392.8500061035156,393.5,122643,393.2550048828125
2026-05-13 11:15:00-04:00,393.36871337890625,393.6400146484375,392.9501037597656,393.2799987792969,126762,393.36871337890625
2026-05-13 11:20:00-04:00,393.30999755859375,393.6683044433594,392.79119873046875,393.3550109863281,113342,393.30999755859375
2026-05-13 11:25:00-04:00,393.9700012207031,394.1000061035156,393.0199890136719,393.32501220703125,135649,393.9700012207031
2026-05-13 11:30:00-04:00,393.79998779296875,394.57000732421875,393.3399963378906,393.9100036621094,187090,393.79998779296875
2026-05-13 11:35:00-04:00,393.76141357421875,393.9800109863281,393.46160888671875,393.75,134534,393.76141357421875
2026-05-13 11:40:00-04:00,394.05999755859375,394.0899963378906,393.739990234375,393.8013000488281,111740,394.05999755859375
2026-05-13 11:45:00-04:00,393.9800109863281,394.5899963378906,393.860107421875,394.06878662109375,168493,393.9800109863281
2026-05-13 11:50:00-04:00,393.9849853515625,394.1499938964844,393.67498779296875,393.9800109863281,133023,393.9849853515625
2026-05-13 11:55:00-04:00,393.87200927734375,394.20001220703125,393.70001220703125,393.9849853515625,91034,393.87200927734375
2026-05-13 12:00:00-04:00,394.44000244140625,394.6099853515625,393.80010986328125,393.8550109863281,111387,394.44000244140625
2026-05-13 12:05:00-04:00,394.79998779296875,394.79998779296875,394.239990234375,394.45001220703125,104839,394.79998779296875
2026-05-13 12:10:00-04:00,395.1499938964844,395.19000244140625,394.510009765625,394.79998779296875,166251,395.1499938964844
2026-05-13 12:15:00-04:00,394.8900146484375,395.45001220703125,394.7799987792969,395.1449890136719,118175,394.8900146484375
2026-05-13 12:20:00-04:00,395.6099853515625,395.760009765625,394.7799987792969,394.8800048828125,102278,395.6099853515625
2026-05-13 12:25:00-04:00,396.1300048828125,396.489990234375,395.6300048828125,395.6400146484375,207948,396.1300048828125
2026-05-13 12:30:00-04:00,396.17999267578125,396.5400085449219,395.79998779296875,396.0899963378906,199372,396.17999267578125
2026-05-13 12:35:00-04:00,395.8299865722656,396.17999267578125,395.5799865722656,396.1300048828125,144019,395.8299865722656
2026-05-13 12:40:00-04:00,396.20001220703125,396.44500732421875,395.79998779296875,395.8599853515625,107883,396.20001220703125
2026-05-13 12:45:00-04:00,396.1400146484375,396.5899963378906,396.1199951171875,396.20001220703125,114612,396.1400146484375
2026-05-13 12:50:00-04:00,396.7699890136719,396.7699890136719,396.0,396.1700134277344,121536,396.7699890136719
2026-05-13 12:55:00-04:00,396.95001220703125,397.0050048828125,396.6864929199219,396.7749938964844,134024,396.95001220703125
2026-05-13 13:00:00-04:00,397.625,397.70001220703125,396.989990234375,397.0,203344,397.625
2026-05-13 13:05:00-04:00,397.8099060058594,397.8800048828125,397.5799865722656,397.6000061035156,158584,397.8099060058594
2026-05-13 13:10:00-04:00,397.7699890136719,398.1499938964844,397.5523986816406,397.7550964355469,152154,397.7699890136719
2026-05-13 13:15:00-04:00,397.4200134277344,398.25,397.3599853515625,397.7200012207031,124073,397.4200134277344
2026-05-13 13:20:00-04:00,397.010009765625,397.6300048828125,397.0,397.44000244140625,112727,397.010009765625
2026-05-13 13:25:00-04:00,397.55999755859375,397.6400146484375,396.9800109863281,397.0199890136719,111610,397.55999755859375
2026-05-13 13:30:00-04:00,397.4949951171875,398.0,397.3500061035156,397.5899963378906,136494,397.4949951171875
2026-05-13 13:35:00-04:00,397.5199890136719,397.7699890136719,397.3500061035156,397.4700012207031,91229,397.5199890136719
2026-05-13 13:40:00-04:00,397.7699890136719,397.7900085449219,397.3599853515625,397.57000732421875,89738,397.7699890136719
2026-05-13 13:45:00-04:00,397.9849853515625,398.1099853515625,397.6300048828125,397.7900085449219,106130,397.9849853515625
2026-05-13 13:50:00-04:00,398.135009765625,398.4198913574219,397.9849853515625,397.98858642578125,112515,398.135009765625
2026-05-13 13:55:00-04:00,397.8800964355469,398.3500061035156,397.8399963378906,398.1099853515625,106749,397.8800964355469
2026-05-13 14:00:00-04:00,398.79998779296875,398.8800048828125,397.80999755859375,397.8800048828125,130068,398.79998779296875
2026-05-13 14:05:00-04:00,398.6099853515625,399.0799865722656,398.5450134277344,398.82000732421875,244125,398.6099853515625
2026-05-13 14:10:00-04:00,399.0899963378906,399.135009765625,398.5299987792969,398.5899963378906,122944,399.0899963378906
2026-05-13 14:15:00-04:00,398.635009765625,399.4200134277344,398.5899963378906,399.0252990722656,118038,398.635009765625
2026-05-13 14:20:00-04:00,399.3800964355469,399.510009765625,398.5400085449219,398.6506042480469,132873,399.3800964355469
2026-05-13 14:25:00-04:00,399.70001220703125,399.7900085449219,399.3399963378906,399.3699951171875,159812,399.70001220703125
2026-05-13 14:30:00-04:00,399.760009765625,399.92999267578125,399.3800048828125,399.7099914550781,137028,399.760009765625
2026-05-13 14:35:00-04:00,399.19000244140625,399.7898864746094,398.8900146484375,399.7550048828125,138273,399.19000244140625
2026-05-13 14:40:00-04:00,398.5199890136719,399.1783142089844,398.44000244140625,399.1700134277344,131649,398.5199890136719
2026-05-13 14:45:00-04:00,398.6200866699219,398.7900085449219,398.4215087890625,398.5144958496094,147663,398.6200866699219
2026-05-13 14:50:00-04:00,398.4798889160156,398.6449890136719,398.2099914550781,398.6199951171875,137289,398.4798889160156
2026-05-13 14:55:00-04:00,397.760009765625,398.4800109863281,397.7099914550781,398.43499755859375,105635,397.760009765625
2026-05-13 15:00:00-04:00,398.25,398.2799987792969,397.7799987792969,397.82000732421875,99362,398.25
2026-05-13 15:05:00-04:00,398.8900146484375,399.0,398.239990234375,398.2578125,142901,398.8900146484375
2026-05-13 15:10:00-04:00,398.9700012207031,399.1000061035156,398.6600036621094,398.885009765625,133637,398.9700012207031
2026-05-13 15:15:00-04:00,398.8299865722656,399.0400085449219,398.5400085449219,398.94500732421875,143562,398.8299865722656
2026-05-13 15:20:00-04:00,398.4100036621094,398.8500061035156,398.3800048828125,398.8200988769531,107193,398.4100036621094
2026-05-13 15:25:00-04:00,399.19000244140625,399.239990234375,398.3500061035156,398.4049987792969,121481,399.19000244140625
2026-05-13 15:30:00-04:00,399.1099853515625,399.57000732421875,399.0,399.19000244140625,156592,399.1099853515625
2026-05-13 15:35:00-04:00,399.0950012207031,399.2099914550781,398.94000244140625,399.1000061035156,97059,399.0950012207031
2026-05-13 15:40:00-04:00,399.1929931640625,399.2149963378906,398.70001220703125,399.1000061035156,162586,399.1929931640625
2026-05-13 15:45:00-04:00,399.4017028808594,399.55999755859375,399.1499938964844,399.17498779296875,202861,399.4017028808594
2026-05-13 15:50:00-04:00,398.9700012207031,399.4100036621094,398.06500244140625,399.3999938964844,459596,398.9700012207031
2026-05-13 15:55:00-04:00,399.1000061035156,399.29998779296875,398.5899963378906,398.9800109863281,919591,399.1000061035156
2026-05-14 09:30:00-04:00,396.3999938964844,396.8041076660156,393.1099853515625,393.92999267578125,1055590,396.3999938964844
2026-05-14 09:35:00-04:00,395.82000732421875,397.0,395.75,396.4100036621094,360352,395.82000732421875
2026-05-14 09:40:00-04:00,396.0799865722656,396.32000732421875,394.94000244140625,395.85369873046875,276248,396.0799865722656
2026-05-14 09:45:00-04:00,396.8900146484375,397.54998779296875,396.0199890136719,396.1199951171875,236490,396.8900146484375
2026-05-14 09:50:00-04:00,395.2300109863281,396.92999267578125,394.8900146484375,396.8500061035156,203326,395.2300109863281
2026-05-14 09:55:00-04:00,394.6499938964844,395.42999267578125,394.3800048828125,395.2349853515625,157224,394.6499938964844
2026-05-14 10:00:00-04:00,394.5299987792969,394.82000732421875,393.8699951171875,394.5899963378906,189534,394.5299987792969
2026-05-14 10:05:00-04:00,394.8399963378906,395.34698486328125,394.3999938964844,394.5400085449219,241118,394.8399963378906
2026-05-14 10:10:00-04:00,394.5299987792969,395.2955017089844,394.5,394.87921142578125,161232,394.5299987792969
2026-05-14 10:15:00-04:00,395.1700134277344,395.260009765625,394.3299865722656,394.5000915527344,144607,395.1700134277344
2026-05-14 10:20:00-04:00,394.1700134277344,395.3688049316406,394.1400146484375,395.1524963378906,191902,394.1700134277344
2026-05-14 10:25:00-04:00,393.05999755859375,394.2300109863281,392.7279968261719,394.1499938964844,247403,393.05999755859375
2026-05-14 10:30:00-04:00,394.1679992675781,394.2499084472656,392.7799987792969,393.04998779296875,162992,394.1679992675781
2026-05-14 10:35:00-04:00,394.0899963378906,394.2799987792969,393.6099853515625,394.2099914550781,167025,394.0899963378906
2026-05-14 10:40:00-04:00,393.7799987792969,394.1499938964844,393.6000061035156,394.0899963378906,154811,393.7799987792969
2026-05-14 10:45:00-04:00,393.7001037597656,394.32000732421875,393.4200134277344,393.79400634765625,164519,393.7001037597656
2026-05-14 10:50:00-04:00,394.3699951171875,394.82000732421875,393.6650085449219,393.739990234375,162802,394.3699951171875
2026-05-14 10:55:00-04:00,394.4100036621094,394.6499938964844,394.0,394.4100036621094,104846,394.4100036621094
2026-05-14 11:00:00-04:00,394.239990234375,394.6700134277344,394.010009765625,394.44000244140625,135175,394.239990234375
2026-05-14 11:05:00-04:00,394.4150085449219,394.7699890136719,394.0899963378906,394.239990234375,112631,394.4150085449219
2026-05-14 11:10:00-04:00,394.489990234375,394.9700012207031,394.1400146484375,394.4599914550781,134215,394.489990234375
2026-05-14 11:15:00-04:00,394.80999755859375,394.8446044921875,394.4100036621094,394.4599914550781,96934,394.80999755859375
2026-05-14 11:20:00-04:00,394.3999938964844,395.0799865722656,394.1499938964844,394.8215026855469,108290,394.3999938964844
2026-05-14 11:25:00-04:00,394.8399963378906,395.5,394.260009765625,394.3800048828125,124114,394.8399963378906
2026-05-14 11:30:00-04:00,394.80999755859375,395.44000244140625,394.7699890136719,394.8900146484375,104904,394.80999755859375
2026-05-14 11:35:00-04:00,395.8399963378906,395.8800048828125,394.8599853515625,394.8900146484375,155614,395.8399963378906
2026-05-14 11:40:00-04:00,396.29998779296875,396.4800109863281,395.75,395.8399963378906,193608,396.29998779296875
2026-05-14 11:45:00-04:00,396.2799987792969,396.5,396.1700134277344,396.4100036621094,109576,396.2799987792969
2026-05-14 11:50:00-04:00,396.95001220703125,397.0,396.1000061035156,396.2900085449219,119160,396.95001220703125
2026-05-14 11:55:00-04:00,398.3299865722656,398.3900146484375,396.93499755859375,396.93499755859375,240956,398.3299865722656
2026-05-14 12:00:00-04:00,398.81500244140625,398.8800048828125,398.04998779296875,398.30999755859375,174225,398.81500244140625
2026-05-14 12:05:00-04:00,397.70001220703125,398.7699890136719,397.3627014160156,398.7300109863281,159519,397.70001220703125
2026-05-14 12:10:00-04:00,397.0799865722656,398.1300048828125,397.0600891113281,397.6650085449219,91799,397.0799865722656
2026-05-14 12:15:00-04:00,396.7900085449219,397.739990234375,396.7300109863281,397.06048583984375,65216,396.7900085449219
2026-05-14 12:20:00-04:00,397.010009765625,397.3699951171875,396.7900085449219,396.8500061035156,80438,397.010009765625
2026-05-14 12:25:00-04:00,396.3399963378906,397.0400085449219,396.2301025390625,397.0400085449219,64720,396.3399963378906
2026-05-14 12:30:00-04:00,395.68499755859375,396.3800964355469,395.5400085449219,396.3800964355469,81604,395.68499755859375
2026-05-14 12:35:00-04:00,396.2099914550781,396.2898864746094,395.6499938964844,395.6499938964844,74854,396.2099914550781
2026-05-14 12:40:00-04:00,396.010009765625,396.3800048828125,395.8800048828125,396.17999267578125,66868,396.010009765625
2026-05-14 12:45:00-04:00,396.6400146484375,397.2898864746094,395.4700012207031,395.9023132324219,260212,396.6400146484375
2026-05-14 12:50:00-04:00,396.989990234375,396.989990234375,396.0899963378906,396.6600036621094,82702,396.989990234375
2026-05-14 12:55:00-04:00,396.7322998046875,397.1549987792969,396.25,397.0,81483,396.7322998046875
2026-05-14 13:00:00-04:00,397.32000732421875,397.6099853515625,396.75,396.7900085449219,119750,397.32000732421875
2026-05-14 13:05:00-04:00,396.1400146484375,397.32000732421875,396.1400146484375,397.2850036621094,88110,396.1400146484375
2026-05-14 13:10:00-04:00,395.631591796875,396.5299987792969,395.5799865722656,396.19000244140625,130305,395.631591796875
2026-05-14 13:15:00-04:00,396.1400146484375,396.20001220703125,395.3901062011719,395.6400146484375,135148,396.1400146484375
2026-05-14 13:20:00-04:00,396.80999755859375,397.05999755859375,396.1400146484375,396.1400146484375,116285,396.80999755859375
2026-05-14 13:25:00-04:00,397.4100036621094,397.44500732421875,396.3900146484375,396.8450012207031,116781,397.4100036621094
2026-05-14 13:30:00-04:00,397.4100036621094,397.5,396.9200134277344,397.4700012207031,100630,397.4100036621094
2026-05-14 13:35:00-04:00,398.1499938964844,398.2099914550781,397.1549987792969,397.3999938964844,114534,398.1499938964844
2026-05-14 13:40:00-04:00,398.7099914550781,398.7300109863281,397.9750061035156,398.1499938964844,117629,398.7099914550781
2026-05-14 13:45:00-04:00,398.6600036621094,399.0,398.5199890136719,398.6700134277344,141525,398.6600036621094
2026-05-14 13:50:00-04:00,398.8800048828125,399.10400390625,398.42999267578125,398.5899963378906,132779,398.8800048828125
2026-05-14 13:55:00-04:00,398.5,398.9100036621094,398.4100036621094,398.8999938964844,76248,398.5
2026-05-14 14:00:00-04:00,396.7799987792969,398.5,396.6200866699219,398.5,107111,396.7799987792969
2026-05-14 14:05:00-04:00,396.7311096191406,396.95989990234375,396.57000732421875,396.8299865722656,97487,396.7311096191406
2026-05-14 14:10:00-04:00,396.8699951171875,397.07000732421875,396.6700134277344,396.8399963378906,82457,396.8699951171875
2026-05-14 14:15:00-04:00,397.07000732421875,397.3299865722656,396.760009765625,396.8800048828125,80162,397.07000732421875
2026-05-14 14:20:00-04:00,396.1499938964844,397.04998779296875,396.1300048828125,397.04998779296875,81205,396.1499938964844
2026-05-14 14:25:00-04:00,396.07000732421875,396.2099914550781,395.69500732421875,396.19000244140625,84798,396.07000732421875
2026-05-14 14:30:00-04:00,396.44000244140625,396.5299987792969,395.92999267578125,396.07000732421875,80407,396.44000244140625
2026-05-14 14:35:00-04:00,396.1600036621094,396.489990234375,395.989990234375,396.43499755859375,70537,396.1600036621094
2026-05-14 14:40:00-04:00,396.1499938964844,396.2099914550781,395.79998779296875,396.17999267578125,85207,396.1499938964844
2026-05-14 14:45:00-04:00,396.1099853515625,396.2699890136719,395.8999938964844,396.1499938964844,88181,396.1099853515625
2026-05-14 14:50:00-04:00,396.4049987792969,396.6199951171875,396.05999755859375,396.07501220703125,90978,396.4049987792969
2026-05-14 14:55:00-04:00,396.6300048828125,396.8500061035156,396.2001037597656,396.3299865722656,81053,396.6300048828125
2026-05-14 15:00:00-04:00,396.8500061035156,397.0,396.5299987792969,396.6199951171875,219507,396.8500061035156
2026-05-14 15:05:00-04:00,397.04998779296875,397.05999755859375,396.6499938964844,396.8299865722656,99632,397.04998779296875
2026-05-14 15:10:00-04:00,396.70599365234375,397.04998779296875,396.6000061035156,397.04998779296875,93494,396.70599365234375
2026-05-14 15:15:00-04:00,396.82000732421875,397.1499938964844,396.6769104003906,396.7200012207031,92443,396.82000732421875
2026-05-14 15:20:00-04:00,397.114990234375,397.3500061035156,396.7650146484375,396.7799987792969,111628,397.114990234375
2026-05-14 15:25:00-04:00,397.0400085449219,397.25,397.0,397.1499938964844,71219,397.0400085449219
2026-05-14 15:30:00-04:00,396.9649963378906,397.3299865722656,396.95001220703125,397.023193359375,95634,396.9649963378906
2026-05-14 15:35:00-04:00,396.8900146484375,396.9700012207031,396.6099853515625,396.95001220703125,123107,396.8900146484375
2026-05-14 15:40:00-04:00,396.989990234375,397.239990234375,396.875,396.8999938964844,110062,396.989990234375
2026-05-14 15:45:00-04:00,396.55999755859375,397.0199890136719,396.5450134277344,396.989990234375,106761,396.55999755859375
2026-05-14 15:50:00-04:00,396.6210021972656,396.6700134277344,396.0199890136719,396.5199890136719,215636,396.6210021972656
2026-05-14 15:55:00-04:00,397.20001220703125,397.2799987792969,396.3699951171875,396.6199951171875,626043,397.20001220703125
2026-05-15 09:30:00-04:00,390.489990234375,393.3699951171875,389.79998779296875,393.2149963378906,2090946,390.489990234375
2026-05-15 09:35:00-04:00,390.8999938964844,391.7149963378906,389.760009765625,390.3599853515625,287685,390.8999938964844
2026-05-15 09:40:00-04:00,392.04998779296875,392.8599853515625,390.8399963378906,390.9599914550781,226703,392.04998779296875
2026-05-15 09:45:00-04:00,393.8999938964844,394.07000732421875,391.0,391.9700012207031,287312,393.8999938964844
2026-05-15 09:50:00-04:00,395.1050109863281,395.3599853515625,393.6499938964844,393.8500061035156,203864,395.1050109863281
2026-05-15 09:55:00-04:00,394.31500244140625,395.7300109863281,393.989990234375,395.07000732421875,279289,394.31500244140625
2026-05-15 10:00:00-04:00,394.2799987792969,394.8800048828125,393.489990234375,394.3299865722656,183216,394.2799987792969
2026-05-15 10:05:00-04:00,394.9700012207031,395.3999938964844,394.110107421875,394.3197937011719,127057,394.9700012207031
2026-05-15 10:10:00-04:00,395.3349914550781,395.6199951171875,394.54010009765625,394.9800109863281,222334,395.3349914550781
2026-05-15 10:15:00-04:00,395.30999755859375,395.8800048828125,395.1050109863281,395.29998779296875,130592,395.30999755859375
2026-05-15 10:20:00-04:00,394.9209899902344,395.7900085449219,394.8299865722656,395.2699890136719,147944,394.9209899902344
2026-05-15 10:25:00-04:00,394.6025085449219,395.25,394.20001220703125,394.8500061035156,189238,394.6025085449219
2026-05-15 10:30:00-04:00,395.0950012207031,395.17999267578125,394.510009765625,394.57501220703125,143101,395.0950012207031
2026-05-15 10:35:00-04:00,393.94000244140625,395.1050109863281,393.8699951171875,395.0899963378906,249726,393.94000244140625
2026-05-15 10:40:00-04:00,393.9700012207031,394.44000244140625,393.8299865722656,393.989990234375,100437,393.9700012207031
2026-05-15 10:45:00-04:00,393.3900146484375,394.1300048828125,393.2099914550781,393.9307861328125,134667,393.3900146484375
2026-05-15 10:50:00-04:00,393.8399963378906,393.8699951171875,392.92999267578125,393.3900146484375,133533,393.8399963378906
2026-05-15 10:55:00-04:00,394.55999755859375,394.69000244140625,393.7250061035156,393.8599853515625,88300,394.55999755859375
2026-05-15 11:00:00-04:00,394.1000061035156,394.8399963378906,393.8301086425781,394.6000061035156,75930,394.1000061035156
2026-05-15 11:05:00-04:00,394.80999755859375,394.873291015625,393.55999755859375,394.07501220703125,75442,394.80999755859375
2026-05-15 11:10:00-04:00,394.1300964355469,395.07000732421875,394.0199890136719,394.80999755859375,102233,394.1300964355469
2026-05-15 11:15:00-04:00,393.9100036621094,394.2200012207031,393.5199890136719,394.1300964355469,225110,393.9100036621094
2026-05-15 11:20:00-04:00,393.69500732421875,394.2099914550781,393.6400146484375,393.8550109863281,135512,393.69500732421875
2026-05-15 11:25:00-04:00,393.5899963378906,393.7200012207031,393.1199951171875,393.70001220703125,677002,393.5899963378906
2026-05-15 11:30:00-04:00,393.2099914550781,394.17999267578125,393.0899963378906,393.6099853515625,115642,393.2099914550781
2026-05-15 11:35:00-04:00,393.010009765625,393.92999267578125,392.95001220703125,393.2550048828125,62946,393.010009765625
2026-05-15 11:40:00-04:00,392.5050048828125,393.1700134277344,392.20001220703125,393.0,88904,392.5050048828125
2026-05-15 11:45:00-04:00,391.55999755859375,392.54998779296875,391.5400085449219,392.4800109863281,131872,391.55999755859375
2026-05-15 11:50:00-04:00,391.8900146484375,392.1199951171875,391.1000061035156,391.5950012207031,122605,391.8900146484375
2026-05-15 11:55:00-04:00,392.5950012207031,392.6820068359375,391.6300048828125,391.8450012207031,113832,392.5950012207031
2026-05-15 12:00:00-04:00,392.5,392.92999267578125,392.25,392.67999267578125,76518,392.5
2026-05-15 12:05:00-04:00,392.55999755859375,392.7300109863281,392.0199890136719,392.3999938964844,44156,392.55999755859375
2026-05-15 12:10:00-04:00,392.4649963378906,392.5799865722656,392.2401123046875,392.4700012207031,50915,392.4649963378906
2026-05-15 12:15:00-04:00,392.3500061035156,392.5198974609375,392.0101013183594,392.4200134277344,57687,392.3500061035156
2026-05-15 12:20:00-04:00,392.8599853515625,392.92999267578125,392.30999755859375,392.3999938964844,40607,392.8599853515625
2026-05-15 12:25:00-04:00,393.3200988769531,393.5,392.8299865722656,392.8299865722656,180581,393.3200988769531
2026-05-15 12:30:00-04:00,393.45001220703125,393.54998779296875,393.1300048828125,393.3999938964844,49593,393.45001220703125
2026-05-15 12:35:00-04:00,393.239990234375,393.54998779296875,392.9100036621094,393.45001220703125,82518,393.239990234375
2026-05-15 12:40:00-04:00,392.9949951171875,393.2300109863281,392.760009765625,393.2200012207031,69395,392.9949951171875
2026-05-15 12:45:00-04:00,392.93499755859375,393.1199951171875,392.739990234375,393.0199890136719,46549,392.93499755859375
2026-05-15 12:50:00-04:00,392.3800048828125,393.0249938964844,392.260009765625,392.885009765625,42245,392.3800048828125
2026-05-15 12:55:00-04:00,392.2850036621094,392.7099914550781,392.0899963378906,392.4200134277344,87503,392.2850036621094
2026-05-15 13:00:00-04:00,392.69000244140625,392.7699890136719,392.19000244140625,392.2850036621094,48162,392.69000244140625
2026-05-15 13:05:00-04:00,393.25,393.4100036621094,392.6400146484375,392.6499938964844,61945,393.25
2026-05-15 13:10:00-04:00,393.6449890136719,393.67498779296875,393.2200012207031,393.2200012207031,57771,393.6449890136719
2026-05-15 13:15:00-04:00,393.635009765625,393.639892578125,393.260009765625,393.5299987792969,70456,393.635009765625
2026-05-15 13:20:00-04:00,393.260009765625,393.7699890136719,393.2550048828125,393.67999267578125,59048,393.260009765625
2026-05-15 13:25:00-04:00,393.7099914550781,393.8500061035156,393.2799987792969,393.30999755859375,75245,393.7099914550781
2026-05-15 13:30:00-04:00,394.0,394.0,393.57000732421875,393.6700134277344,134399,394.0
2026-05-15 13:35:00-04:00,393.6099853515625,394.3299865722656,393.3500061035156,394.0,105772,393.6099853515625
2026-05-15 13:40:00-04:00,393.2651062011719,393.67999267578125,393.25,393.6000061035156,65695,393.2651062011719
2026-05-15 13:45:00-04:00,392.80999755859375,393.3949890136719,392.7900085449219,393.2799987792969,71856,392.80999755859375
2026-05-15 13:50:00-04:00,393.0799865722656,393.260009765625,392.7799987792969,392.82000732421875,89954,393.0799865722656
2026-05-15 13:55:00-04:00,393.05499267578125,393.260009765625,392.94000244140625,393.07501220703125,71817,393.05499267578125
2026-05-15 14:00:00-04:00,393.20001220703125,393.4599914550781,393.07501220703125,393.0799865722656,112944,393.20001220703125
2026-05-15 14:05:00-04:00,393.4100036621094,393.75,393.1549987792969,393.2300109863281,83141,393.4100036621094
2026-05-15 14:10:00-04:00,393.07501220703125,393.57000732421875,393.05999755859375,393.4100036621094,52860,393.07501220703125
2026-05-15 14:15:00-04:00,392.19000244140625,393.17999267578125,392.1300048828125,393.05999755859375,73821,392.19000244140625
2026-05-15 14:20:00-04:00,392.57000732421875,392.7699890136719,392.1199951171875,392.2066955566406,67024,392.57000732421875
2026-05-15 14:25:00-04:00,392.0299987792969,392.55999755859375,391.8800048828125,392.5299987792969,99522,392.0299987792969
2026-05-15 14:30:00-04:00,391.6300048828125,392.2300109863281,391.3599853515625,392.05999755859375,112140,391.6300048828125
2026-05-15 14:35:00-04:00,392.125,392.1344909667969,391.6549987792969,391.6549987792969,75354,392.125
2026-05-15 14:40:00-04:00,392.1000061035156,392.1499938964844,391.739990234375,392.1499938964844,55225,392.1000061035156
2026-05-15 14:45:00-04:00,392.3599853515625,392.3800048828125,391.95001220703125,392.1000061035156,84172,392.3599853515625
2026-05-15 14:50:00-04:00,392.6650085449219,392.75,392.0,392.0799865722656,57569,392.6650085449219
2026-05-15 14:55:00-04:00,392.80999755859375,392.909912109375,392.5000915527344,392.6199951171875,43267,392.80999755859375
2026-05-15 15:00:00-04:00,392.2099914550781,392.8999938964844,392.20001220703125,392.82000732421875,170034,392.2099914550781
2026-05-15 15:05:00-04:00,392.4599914550781,392.62109375,392.1600036621094,392.2049865722656,41515,392.4599914550781
2026-05-15 15:10:00-04:00,392.5072937011719,392.6299133300781,392.2200012207031,392.4999084472656,33048,392.5072937011719
2026-05-15 15:15:00-04:00,392.17401123046875,392.57000732421875,392.07501220703125,392.4849853515625,62034,392.17401123046875
2026-05-15 15:20:00-04:00,392.2099914550781,392.7099914550781,392.0296936035156,392.1499938964844,52609,392.2099914550781
2026-05-15 15:25:00-04:00,392.3699951171875,392.45001220703125,392.17498779296875,392.2099914550781,55981,392.3699951171875
2026-05-15 15:30:00-04:00,392.55999755859375,392.80999755859375,392.3299865722656,392.3299865722656,574608,392.55999755859375
2026-05-15 15:35:00-04:00,392.80999755859375,392.8500061035156,392.4200134277344,392.6199951171875,54240,392.80999755859375
2026-05-15 15:40:00-04:00,392.7853088378906,393.1400146484375,392.7699890136719,392.8299865722656,140857,392.7853088378906
2026-05-15 15:45:00-04:00,393.2850036621094,393.45001220703125,392.7099914550781,392.79998779296875,131757,393.2850036621094
2026-05-15 15:50:00-04:00,392.3299865722656,393.2850036621094,392.3299865722656,393.25,359711,392.3299865722656
2026-05-15 15:55:00-04:00,393.3800048828125,393.5199890136719,392.0199890136719,392.2699890136719,1018144,393.3800048828125
2026-05-18 09:30:00-04:00,394.0400085449219,394.4200134277344,390.9100036621094,392.125,1185545,394.0400085449219
2026-05-18 09:35:00-04:00,399.42999267578125,400.3800048828125,393.9800109863281,394.114990234375,1272961,399.42999267578125
2026-05-18 09:40:00-04:00,396.989990234375,400.3999938964844,396.6099853515625,399.4599914550781,532632,396.989990234375
2026-05-18 09:45:00-04:00,398.56500244140625,398.6199951171875,395.7857971191406,397.04998779296875,343347,398.56500244140625
2026-05-18 09:50:00-04:00,401.2449951171875,401.4700012207031,398.56500244140625,398.56500244140625,500157,401.2449951171875
2026-05-18 09:55:00-04:00,401.94000244140625,402.4200134277344,401.15008544921875,401.2449951171875,390306,401.94000244140625
2026-05-18 10:00:00-04:00,400.19000244140625,402.2049865722656,400.19000244140625,401.94000244140625,314092,400.19000244140625
2026-05-18 10:05:00-04:00,402.6000061035156,402.89990234375,400.19000244140625,400.2099914550781,430735,402.6000061035156
2026-05-18 10:10:00-04:00,403.0797119140625,403.239990234375,401.7799987792969,402.5,358460,403.0797119140625
2026-05-18 10:15:00-04:00,403.3399963378906,404.389892578125,402.510009765625,403.0400085449219,327433,403.3399963378906
2026-05-18 10:20:00-04:00,403.44000244140625,404.44000244140625,403.010009765625,403.3399963378906,363677,403.44000244140625
2026-05-18 10:25:00-04:00,402.04998779296875,404.1000061035156,401.75,403.4800109863281,247993,402.04998779296875
2026-05-18 10:30:00-04:00,399.0201110839844,402.54998779296875,398.69000244140625,402.04998779296875,296708,399.0201110839844
2026-05-18 10:35:00-04:00,399.7900085449219,400.260009765625,397.92999267578125,398.8399963378906,374968,399.7900085449219
2026-05-18 10:40:00-04:00,400.54998779296875,401.3299865722656,399.29010009765625,399.79998779296875,210866,400.54998779296875
2026-05-18 10:45:00-04:00,400.3999938964844,400.7699890136719,399.4949951171875,399.7349853515625,184017,400.3999938964844
2026-05-18 10:50:00-04:00,400.3099060058594,401.6300048828125,400.135009765625,400.5050048828125,206084,400.3099060058594
2026-05-18 10:55:00-04:00,400.3999938964844,400.8699951171875,399.70001220703125,400.260009765625,133661,400.3999938964844
2026-05-18 11:00:00-04:00,399.0249938964844,400.5199890136719,398.5602111816406,400.44500732421875,199342,399.0249938964844
2026-05-18 11:05:00-04:00,399.2900085449219,399.627685546875,398.5,399.0899963378906,121749,399.2900085449219
2026-05-18 11:10:00-04:00,400.3132019042969,400.8900146484375,398.9599914550781,399.2900085449219,153852,400.3132019042969
2026-05-18 11:15:00-04:00,399.75,400.45001220703125,399.55499267578125,400.3550109863281,128685,399.75
2026-05-18 11:20:00-04:00,399.6000061035156,400.0,399.1199951171875,399.68499755859375,113066,399.6000061035156
2026-05-18 11:25:00-04:00,398.3299865722656,400.0199890136719,398.2799987792969,399.6900939941406,152881,398.3299865722656
2026-05-18 11:30:00-04:00,399.55999755859375,399.7900085449219,398.20001220703125,398.3550109863281,159618,399.55999755859375
2026-05-18 11:35:00-04:00,398.8900146484375,400.09991455078125,398.7799987792969,399.6000061035156,113940,398.8900146484375
2026-05-18 11:40:00-04:00,398.7900085449219,399.760009765625,398.6600036621094,398.8900146484375,113867,398.7900085449219
2026-05-18 11:45:00-04:00,398.4100036621094,398.95001220703125,398.3999938964844,398.7850036621094,92472,398.4100036621094
2026-05-18 11:50:00-04:00,398.3399963378906,398.57501220703125,397.57000732421875,398.3699951171875,120897,398.3399963378906
2026-05-18 11:55:00-04:00,397.7449951171875,398.510009765625,397.6300048828125,398.3399963378906,94660,397.7449951171875
2026-05-18 12:00:00-04:00,396.9599914550781,397.8999938964844,396.95001220703125,397.75,121732,396.9599914550781
2026-05-18 12:05:00-04:00,397.1000061035156,397.4599914550781,396.80999755859375,397.0400085449219,120969,397.1000061035156
2026-05-18 12:10:00-04:00,397.9599914550781,398.04998779296875,397.0,397.4222106933594,117272,397.9599914550781
2026-05-18 12:15:00-04:00,398.2149963378906,398.3299865722656,397.7300109863281,397.9599914550781,99609,398.2149963378906
2026-05-18 12:20:00-04:00,397.760009765625,398.8900146484375,397.5400085449219,398.1600036621094,113114,397.760009765625
2026-05-18 12:25:00-04:00,396.7799987792969,397.95001220703125,396.5,397.7699890136719,170181,396.7799987792969
2026-05-18 12:30:00-04:00,397.2705078125,397.8783874511719,396.19000244140625,396.80999755859375,150665,397.2705078125
2026-05-18 12:35:00-04:00,397.95001220703125,398.2099914550781,397.1700134277344,397.260009765625,113367,397.95001220703125
2026-05-18 12:40:00-04:00,397.29998779296875,397.9700012207031,397.260009765625,397.92498779296875,75837,397.29998779296875
2026-05-18 12:45:00-04:00,397.2449951171875,397.6400146484375,397.1000061035156,397.3399963378906,71623,397.2449951171875
2026-05-18 12:50:00-04:00,397.9200134277344,398.0799865722656,397.1300048828125,397.2862854003906,74231,397.9200134277344
2026-05-18 12:55:00-04:00,398.07000732421875,398.42999267578125,397.7200927734375,397.95001220703125,80669,398.07000732421875
2026-05-18 13:00:00-04:00,397.8900146484375,398.2749938964844,397.67999267578125,397.7550048828125,84165,397.8900146484375
2026-05-18 13:05:00-04:00,398.67999267578125,398.67999267578125,397.760009765625,397.8399963378906,85265,398.67999267578125
2026-05-18 13:10:00-04:00,398.2124938964844,399.3399963378906,398.1199951171875,398.67999267578125,115046,398.2124938964844
2026-05-18 13:15:00-04:00,398.6700134277344,398.9100036621094,398.2250061035156,398.2250061035156,72001,398.6700134277344
2026-05-18 13:20:00-04:00,398.25,398.8999938964844,398.17999267578125,398.67999267578125,89071,398.25
2026-05-18 13:25:00-04:00,398.37640380859375,398.5299987792969,398.0,398.239990234375,58876,398.37640380859375
2026-05-18 13:30:00-04:00,397.7699890136719,398.4599914550781,397.4800109863281,398.3900146484375,80898,397.7699890136719
2026-05-18 13:35:00-04:00,397.375,397.8525085449219,397.1400146484375,397.81500244140625,62008,397.375
2026-05-18 13:40:00-04:00,397.8389892578125,398.2099914550781,397.32000732421875,397.385009765625,67788,397.8389892578125
2026-05-18 13:45:00-04:00,397.6600036621094,397.8800048828125,397.29998779296875,397.8139953613281,69300,397.6600036621094
2026-05-18 13:50:00-04:00,397.8450012207031,398.1400146484375,397.6099853515625,397.6499938964844,65448,397.8450012207031
2026-05-18 13:55:00-04:00,397.7799987792969,397.9082946777344,397.3500061035156,397.8450012207031,87869,397.7799987792969
2026-05-18 14:00:00-04:00,396.8999938964844,397.7799987792969,396.7200012207031,397.7699890136719,117459,396.8999938964844
2026-05-18 14:05:00-04:00,396.67498779296875,397.1099853515625,396.5450134277344,396.9089050292969,104197,396.67498779296875
2026-05-18 14:10:00-04:00,396.3799133300781,396.875,396.2900085449219,396.6499938964844,98832,396.3799133300781
2026-05-18 14:15:00-04:00,395.2850036621094,396.3399963378906,395.0516052246094,396.3299865722656,150084,395.2850036621094
2026-05-18 14:20:00-04:00,395.0199890136719,395.3699951171875,394.6700134277344,395.2699890136719,167167,395.0199890136719
2026-05-18 14:25:00-04:00,395.0199890136719,395.45001220703125,394.7200012207031,395.0299987792969,130079,395.0199890136719
2026-05-18 14:30:00-04:00,394.6199951171875,395.2300109863281,394.45001220703125,395.05999755859375,106411,394.6199951171875
2026-05-18 14:35:00-04:00,394.1159973144531,394.8349914550781,394.0600891113281,394.6199951171875,91252,394.1159973144531
2026-05-18 14:40:00-04:00,394.1700134277344,394.489990234375,393.95001220703125,394.1199951171875,108785,394.1700134277344
2026-05-18 14:45:00-04:00,393.80999755859375,394.42999267578125,393.7200012207031,394.1400146484375,117034,393.80999755859375
2026-05-18 14:50:00-04:00,393.739990234375,394.1600036621094,393.6300048828125,393.8399963378906,83078,393.739990234375
2026-05-18 14:55:00-04:00,393.17999267578125,393.9800109863281,393.15570068359375,393.7099914550781,120238,393.17999267578125
2026-05-18 15:00:00-04:00,394.8500061035156,395.9399108886719,393.0,393.1600036621094,250250,394.8500061035156
2026-05-18 15:05:00-04:00,395.010009765625,395.6000061035156,394.5799865722656,394.8500061035156,154105,395.010009765625
2026-05-18 15:10:00-04:00,394.635009765625,395.1000061035156,394.5050048828125,395.010009765625,121860,394.635009765625
2026-05-18 15:15:00-04:00,394.3999938964844,394.7799987792969,393.95001220703125,394.67999267578125,116620,394.3999938964844
2026-05-18 15:20:00-04:00,393.5899963378906,394.57000732421875,393.5400085449219,394.3999938964844,115910,393.5899963378906
2026-05-18 15:25:00-04:00,393.5199890136719,393.7300109863281,393.05499267578125,393.6000061035156,126553,393.5199890136719
2026-05-18 15:30:00-04:00,393.7200012207031,393.9818115234375,393.239990234375,393.54998779296875,127429,393.7200012207031
2026-05-18 15:35:00-04:00,393.8999938964844,394.0400085449219,393.5799865722656,393.79998779296875,109420,393.8999938964844
2026-05-18 15:40:00-04:00,394.2699890136719,394.4599914550781,393.80999755859375,393.864990234375,147738,394.2699890136719
2026-05-18 15:45:00-04:00,394.17999267578125,394.3900146484375,393.7099914550781,394.25,149328,394.17999267578125
2026-05-18 15:50:00-04:00,393.7449951171875,394.2699890136719,393.25,394.2200012207031,352916,393.7449951171875
2026-05-18 15:55:00-04:00,393.1499938964844,393.70001220703125,392.19000244140625,393.70001220703125,765206,393.1499938964844
2026-05-19 09:30:00-04:00,388.95001220703125,393.3627014160156,388.8800048828125,391.010009765625,1161200,388.95001220703125
2026-05-19 09:35:00-04:00,388.2799987792969,389.4200134277344,387.7101135253906,388.92999267578125,337080,388.2799987792969
2026-05-19 09:40:00-04:00,386.07000732421875,389.0400085449219,386.0,388.2900085449219,362117,386.07000732421875
2026-05-19 09:45:00-04:00,385.2699890136719,386.9200134277344,384.6499938964844,386.0,410919,385.2699890136719
2026-05-19 09:50:00-04:00,385.8999938964844,386.1000061035156,384.04998779296875,385.2900085449219,382955,385.8999938964844
2026-05-19 09:55:00-04:00,387.25,387.5,385.18011474609375,385.8500061035156,329031,387.25
2026-05-19 10:00:00-04:00,388.04998779296875,388.2300109863281,386.94000244140625,387.20001220703125,358376,388.04998779296875
2026-05-19 10:05:00-04:00,389.19000244140625,389.2049865722656,386.8299865722656,388.0249938964844,425159,389.19000244140625
2026-05-19 10:10:00-04:00,387.95001220703125,389.8999938964844,387.95001220703125,389.2300109863281,271019,387.95001220703125
2026-05-19 10:15:00-04:00,386.55999755859375,387.8399963378906,386.1400146484375,387.8299865722656,247451,386.55999755859375
2026-05-19 10:20:00-04:00,385.80999755859375,387.0199890136719,384.5,386.5400085449219,338538,385.80999755859375
2026-05-19 10:25:00-04:00,386.5849914550781,386.8800048828125,385.0849914550781,385.8900146484375,253122,386.5849914550781
2026-05-19 10:30:00-04:00,386.94000244140625,387.489990234375,386.1400146484375,386.6300048828125,246601,386.94000244140625
2026-05-19 10:35:00-04:00,387.1700134277344,387.70001220703125,386.8999938964844,386.94000244140625,170832,387.1700134277344
2026-05-19 10:40:00-04:00,386.159912109375,388.04998779296875,385.8999938964844,387.1300048828125,188989,386.159912109375
2026-05-19 10:45:00-04:00,385.2799987792969,386.2799987792969,384.70001220703125,386.07000732421875,200430,385.2799987792969
2026-05-19 10:50:00-04:00,385.7250061035156,386.17999267578125,384.8800048828125,385.2900085449219,154530,385.7250061035156
2026-05-19 10:55:00-04:00,386.04998779296875,386.20001220703125,385.239990234375,385.6400146484375,128347,386.04998779296875
2026-05-19 11:00:00-04:00,385.885009765625,386.5,385.70001220703125,386.0400085449219,152776,385.885009765625
2026-05-19 11:05:00-04:00,385.9800109863281,386.010009765625,385.0,385.8999938964844,166098,385.9800109863281
2026-05-19 11:10:00-04:00,385.6400146484375,386.3699951171875,385.32000732421875,386.0,813763,385.6400146484375
2026-05-19 11:15:00-04:00,384.80999755859375,385.81500244140625,384.80999755859375,385.6700134277344,131749,384.80999755859375
2026-05-19 11:20:00-04:00,384.0509948730469,385.2099914550781,383.9800109863281,384.83990478515625,236869,384.0509948730469
2026-05-19 11:25:00-04:00,383.9100036621094,384.29998779296875,383.45001220703125,384.0274963378906,176606,383.9100036621094
2026-05-19 11:30:00-04:00,385.0400085449219,385.260009765625,383.75,383.8399963378906,464318,385.0400085449219
2026-05-19 11:35:00-04:00,384.59039306640625,385.0799865722656,384.260009765625,385.0299987792969,121347,384.59039306640625
2026-05-19 11:40:00-04:00,384.7349853515625,384.7699890136719,383.9200134277344,384.5,144498,384.7349853515625
2026-05-19 11:45:00-04:00,384.3900146484375,384.7349853515625,383.9100036621094,384.7275085449219,155834,384.3900146484375
2026-05-19 11:50:00-04:00,384.0899963378906,384.45001220703125,383.75,384.4399108886719,161272,384.0899963378906
2026-05-19 11:55:00-04:00,383.8599853515625,384.05999755859375,383.3999938964844,384.05999755859375,148692,383.8599853515625
2026-05-19 12:00:00-04:00,384.7650146484375,384.7650146484375,383.75,383.8800048828125,134538,384.7650146484375
2026-05-19 12:05:00-04:00,384.0950012207031,385.07989501953125,384.07501220703125,384.7650146484375,110844,384.0950012207031
2026-05-19 12:10:00-04:00,383.17999267578125,384.260009765625,383.0,384.0400085449219,175590,383.17999267578125
2026-05-19 12:15:00-04:00,384.4150085449219,384.57000732421875,383.1600036621094,383.19000244140625,161373,384.4150085449219
2026-05-19 12:20:00-04:00,384.6199951171875,384.80999755859375,384.2699890136719,384.4100036621094,116112,384.6199951171875
2026-05-19 12:25:00-04:00,384.80999755859375,385.1300048828125,384.6000061035156,384.6000061035156,130217,384.80999755859375
2026-05-19 12:30:00-04:00,385.0799865722656,385.44000244140625,384.6199951171875,384.8370056152344,132977,385.0799865722656
2026-05-19 12:35:00-04:00,384.9100036621094,385.090087890625,384.3699951171875,385.0899963378906,112371,384.9100036621094
2026-05-19 12:40:00-04:00,384.6400146484375,385.0,384.4100036621094,384.9700012207031,79232,384.6400146484375
2026-05-19 12:45:00-04:00,384.30859375,384.9700012207031,384.2012939453125,384.6549987792969,146473,384.30859375
2026-05-19 12:50:00-04:00,386.468994140625,386.5,384.1099853515625,384.29998779296875,140111,386.468994140625
2026-05-19 12:55:00-04:00,386.70001220703125,386.9523010253906,386.3999938964844,386.42999267578125,145054,386.70001220703125
2026-05-19 13:00:00-04:00,387.8999938964844,388.0299987792969,386.5,386.7699890136719,149766,387.8999938964844
2026-05-19 13:05:00-04:00,388.239990234375,388.8999938964844,387.8999938964844,387.92999267578125,147538,388.239990234375
2026-05-19 13:10:00-04:00,388.04998779296875,388.5,387.8800048828125,388.2300109863281,216266,388.04998779296875
2026-05-19 13:15:00-04:00,389.0589904785156,389.44989013671875,388.0,388.0,217740,389.0589904785156
2026-05-19 13:20:00-04:00,389.7300109863281,390.3900146484375,388.9849853515625,389.05999755859375,290006,389.7300109863281
2026-05-19 13:25:00-04:00,388.239990234375,390.20001220703125,387.3900146484375,389.7099914550781,252373,388.239990234375
2026-05-19 13:30:00-04:00,386.8800048828125,388.6600036621094,386.79998779296875,388.17999267578125,116657,386.8800048828125
2026-05-19 13:35:00-04:00,386.79998779296875,387.5,386.5,386.9750061035156,130726,386.79998779296875
2026-05-19 13:40:00-04:00,386.5899963378906,387.0,386.32000732421875,386.80999755859375,88559,386.5899963378906
2026-05-19 13:45:00-04:00,386.4949951171875,386.79998779296875,386.2300109863281,386.6300048828125,120679,386.4949951171875
2026-05-19 13:50:00-04:00,386.8900146484375,386.8999938964844,386.260009765625,386.5199890136719,94456,386.8900146484375
2026-05-19 13:55:00-04:00,388.0950012207031,388.2900085449219,386.8900146484375,386.8901062011719,202640,388.0950012207031
2026-05-19 14:00:00-04:00,388.1300048828125,388.32000732421875,387.6549987792969,388.0899963378906,252080,388.1300048828125
2026-05-19 14:05:00-04:00,387.5899963378906,388.2200012207031,387.5,388.1549987792969,103075,387.5899963378906
2026-05-19 14:10:00-04:00,387.5249938964844,387.93499755859375,387.3599853515625,387.55999755859375,91046,387.5249938964844
2026-05-19 14:15:00-04:00,386.614990234375,387.7850036621094,386.5,387.5249938964844,98616,386.614990234375
2026-05-19 14:20:00-04:00,386.85009765625,387.2200012207031,386.54998779296875,386.6600036621094,124946,386.85009765625
2026-05-19 14:25:00-04:00,386.6300048828125,387.3500061035156,386.4601135253906,386.8949890136719,80601,386.6300048828125
2026-05-19 14:30:00-04:00,386.70770263671875,386.7550048828125,386.3900146484375,386.6000061035156,82843,386.70770263671875
2026-05-19 14:35:00-04:00,386.42999267578125,386.8399963378906,386.30999755859375,386.71771240234375,62805,386.42999267578125
2026-05-19 14:40:00-04:00,386.2799987792969,386.57989501953125,386.19000244140625,386.42999267578125,51748,386.2799987792969
2026-05-19 14:45:00-04:00,386.30999755859375,386.3699951171875,385.69000244140625,386.29998779296875,96022,386.30999755859375
2026-05-19 14:50:00-04:00,385.30999755859375,386.30999755859375,385.2099914550781,386.29998779296875,113660,385.30999755859375
2026-05-19 14:55:00-04:00,385.6600036621094,385.70001220703125,385.0199890136719,385.260009765625,103501,385.6600036621094
2026-05-19 15:00:00-04:00,385.510009765625,385.79998779296875,385.1099853515625,385.6099853515625,98974,385.510009765625
2026-05-19 15:05:00-04:00,385.7650146484375,385.92999267578125,385.19000244140625,385.56890869140625,75013,385.7650146484375
2026-05-19 15:10:00-04:00,386.17999267578125,386.2200012207031,385.4100036621094,385.7799987792969,116904,386.17999267578125
2026-05-19 15:15:00-04:00,386.57000732421875,386.75,386.010009765625,386.19000244140625,129622,386.57000732421875
2026-05-19 15:20:00-04:00,385.6199951171875,386.6700134277344,385.577392578125,386.55999755859375,158267,385.6199951171875
2026-05-19 15:25:00-04:00,386.25,386.389892578125,385.3699951171875,385.57000732421875,308642,386.25
2026-05-19 15:30:00-04:00,385.7900085449219,386.30999755859375,385.7300109863281,386.29998779296875,103776,385.7900085449219
2026-05-19 15:35:00-04:00,385.739990234375,385.8500061035156,385.5199890136719,385.80499267578125,90533,385.739990234375
2026-05-19 15:40:00-04:00,385.2900085449219,385.82000732421875,385.20001220703125,385.7099914550781,225701,385.2900085449219
2026-05-19 15:45:00-04:00,385.04998779296875,385.375,384.9700012207031,385.2749938964844,188811,385.04998779296875
2026-05-19 15:50:00-04:00,384.7049865722656,385.2900085449219,384.3299865722656,385.0299987792969,447634,384.7049865722656
2026-05-19 15:55:00-04:00,384.9150085449219,385.010009765625,383.8399963378906,384.7149963378906,1594164,384.9150085449219
2026-05-20 09:30:00-04:00,389.8599853515625,390.69989013671875,384.510009765625,385.2200012207031,1097550,389.8599853515625
2026-05-20 09:35:00-04:00,385.95001220703125,390.385009765625,385.6099853515625,389.67010498046875,331775,385.95001220703125
2026-05-20 09:40:00-04:00,385.8699951171875,387.1499938964844,384.989990234375,385.9856872558594,263682,385.8699951171875
2026-05-20 09:45:00-04:00,385.3550109863281,386.4075012207031,384.7699890136719,385.8900146484375,230798,385.3550109863281
2026-05-20 09:50:00-04:00,383.9100036621094,385.6698913574219,383.8299865722656,385.3399963378906,272068,383.9100036621094
2026-05-20 09:55:00-04:00,384.0199890136719,384.30999755859375,382.3999938964844,383.85009765625,304482,384.0199890136719
2026-05-20 10:00:00-04:00,381.92999267578125,384.0199890136719,381.760009765625,383.9800109863281,229120,381.92999267578125
2026-05-20 10:05:00-04:00,381.42999267578125,382.2900085449219,380.8999938964844,381.8399963378906,270979,381.42999267578125
2026-05-20 10:10:00-04:00,381.44000244140625,382.1400146484375,380.010009765625,381.3904113769531,309737,381.44000244140625
2026-05-20 10:15:00-04:00,382.9200134277344,383.1600036621094,381.44000244140625,381.4700012207031,285183,382.9200134277344
2026-05-20 10:20:00-04:00,383.29998779296875,384.06988525390625,382.8999938964844,382.8999938964844,222525,383.29998779296875
2026-05-20 10:25:00-04:00,382.1600036621094,383.3900146484375,381.8900146484375,383.29998779296875,223341,382.1600036621094
2026-05-20 10:30:00-04:00,381.8599853515625,382.7300109863281,381.79998779296875,382.0899963378906,174267,381.8599853515625
2026-05-20 10:35:00-04:00,381.89520263671875,382.3999938964844,381.6199951171875,381.875,154527,381.89520263671875
2026-05-20 10:40:00-04:00,382.2650146484375,382.2900085449219,381.3450012207031,381.8500061035156,145319,382.2650146484375
2026-05-20 10:45:00-04:00,381.54998779296875,382.3599853515625,381.3999938964844,382.2900085449219,141338,381.54998779296875
2026-05-20 10:50:00-04:00,382.2550048828125,382.2981872558594,381.17999267578125,381.6322937011719,133022,382.2550048828125
2026-05-20 10:55:00-04:00,382.4700012207031,382.79998779296875,381.8800048828125,382.20001220703125,120520,382.4700012207031
2026-05-20 11:00:00-04:00,382.0849914550781,382.989990234375,382.0,382.3800048828125,127703,382.0849914550781
2026-05-20 11:05:00-04:00,381.5400085449219,382.4798889160156,381.260009765625,382.0899963378906,139431,381.5400085449219
2026-05-20 11:10:00-04:00,381.5101013183594,381.7099914550781,381.25,381.54998779296875,101285,381.5101013183594
2026-05-20 11:15:00-04:00,382.2550048828125,383.70001220703125,381.57000732421875,381.57000732421875,271969,382.2550048828125
2026-05-20 11:20:00-04:00,382.17999267578125,382.8999938964844,381.9800109863281,382.2699890136719,111959,382.17999267578125
2026-05-20 11:25:00-04:00,381.1499938964844,382.2699890136719,381.1000061035156,382.1700134277344,242638,381.1499938964844
2026-05-20 11:30:00-04:00,381.3631896972656,381.79998779296875,381.05999755859375,381.19000244140625,146700,381.3631896972656
2026-05-20 11:35:00-04:00,381.7200012207031,381.8399963378906,381.29998779296875,381.4200134277344,103219,381.7200012207031
2026-05-20 11:40:00-04:00,382.3599853515625,382.44000244140625,381.6700134277344,381.79998779296875,96363,382.3599853515625
2026-05-20 11:45:00-04:00,383.82000732421875,383.84991455078125,382.3399963378906,382.3800048828125,187622,383.82000732421875
2026-05-20 11:50:00-04:00,383.69000244140625,384.0799865722656,383.42999267578125,383.82000732421875,146052,383.69000244140625
2026-05-20 11:55:00-04:00,383.2300109863281,383.80999755859375,382.8699951171875,383.73760986328125,103972,383.2300109863281
2026-05-20 12:00:00-04:00,383.6700134277344,383.7699890136719,383.0,383.2300109863281,83196,383.6700134277344
2026-05-20 12:05:00-04:00,382.9949951171875,383.59991455078125,382.8800048828125,383.59991455078125,81766,382.9949951171875
2026-05-20 12:10:00-04:00,382.89990234375,383.17999267578125,382.54998779296875,383.010009765625,77184,382.89990234375
2026-05-20 12:15:00-04:00,382.44000244140625,382.9198913574219,382.30999755859375,382.875,66983,382.44000244140625
2026-05-20 12:20:00-04:00,382.239990234375,382.5299987792969,381.7099914550781,382.4010009765625,97627,382.239990234375
2026-05-20 12:25:00-04:00,382.19500732421875,382.2099914550781,381.8500061035156,382.1099853515625,82192,382.19500732421875
2026-05-20 12:30:00-04:00,381.5400085449219,382.3699035644531,381.510009765625,382.18499755859375,72786,381.5400085449219
2026-05-20 12:35:00-04:00,381.5899963378906,382.0,381.3800048828125,381.54998779296875,111165,381.5899963378906
2026-05-20 12:40:00-04:00,382.5,382.5,381.4635009765625,381.55999755859375,70714,382.5
2026-05-20 12:45:00-04:00,381.8599853515625,382.510009765625,381.6099853515625,382.5050048828125,67951,381.8599853515625
2026-05-20 12:50:00-04:00,382.239990234375,382.3299865722656,381.8700866699219,381.8753967285156,55364,382.239990234375
2026-05-20 12:55:00-04:00,382.07000732421875,382.3800048828125,381.5,382.25,69670,382.07000732421875
2026-05-20 13:00:00-04:00,381.87750244140625,382.3699951171875,381.760009765625,382.05499267578125,68985,381.87750244140625
2026-05-20 13:05:00-04:00,381.2698974609375,381.8699035644531,381.1300048828125,381.81500244140625,85845,381.2698974609375
2026-05-20 13:10:00-04:00,382.0979919433594,382.4100036621094,380.9800109863281,381.2349853515625,188777,382.0979919433594
2026-05-20 13:15:00-04:00,382.010009765625,382.4049987792969,381.82501220703125,382.1099853515625,57480,382.010009765625
2026-05-20 13:20:00-04:00,381.6600036621094,382.1000061035156,381.4700012207031,382.0150146484375,71680,381.6600036621094
2026-05-20 13:25:00-04:00,382.0799865722656,382.0899963378906,381.5299987792969,381.6182861328125,64925,382.0799865722656
2026-05-20 13:30:00-04:00,381.3299865722656,382.2489929199219,381.29998779296875,382.0899963378906,93454,381.3299865722656
2026-05-20 13:35:00-04:00,381.8900146484375,382.2799987792969,381.2300109863281,381.4198913574219,105911,381.8900146484375
2026-05-20 13:40:00-04:00,381.6700134277344,382.010009765625,381.6099853515625,381.82000732421875,52661,381.6700134277344
2026-05-20 13:45:00-04:00,381.4849853515625,381.7699890136719,381.2799987792969,381.6499938964844,64055,381.4849853515625
2026-05-20 13:50:00-04:00,381.6499938964844,381.92999267578125,381.3800048828125,381.4800109863281,83378,381.6499938964844
2026-05-20 13:55:00-04:00,382.42010498046875,382.6300048828125,381.6199951171875,381.6499938964844,96140,382.42010498046875
2026-05-20 14:00:00-04:00,382.9700012207031,382.9800109863281,381.9700012207031,382.4599914550781,137580,382.9700012207031
2026-05-20 14:05:00-04:00,383.20001220703125,383.6875,382.8500061035156,382.94500732421875,148859,383.20001220703125
2026-05-20 14:10:00-04:00,382.9700012207031,383.4800109863281,382.95001220703125,383.1700134277344,67523,382.9700012207031
2026-05-20 14:15:00-04:00,383.2002868652344,383.4200134277344,382.9197998046875,382.95001220703125,76283,383.2002868652344
2026-05-20 14:20:00-04:00,382.739990234375,383.6199951171875,382.7300109863281,383.21051025390625,84397,382.739990234375
2026-05-20 14:25:00-04:00,383.19000244140625,383.20001220703125,382.55999755859375,382.67999267578125,66068,383.19000244140625
2026-05-20 14:30:00-04:00,383.1000061035156,383.2300109863281,382.760009765625,383.19940185546875,56892,383.1000061035156
2026-05-20 14:35:00-04:00,383.7900085449219,383.9100036621094,382.9010009765625,383.0199890136719,95631,383.7900085449219
2026-05-20 14:40:00-04:00,383.4750061035156,383.8999938964844,383.4599914550781,383.7850036621094,109375,383.4750061035156
2026-05-20 14:45:00-04:00,383.4800109863281,383.8900146484375,383.4049987792969,383.4700012207031,95333,383.4800109863281
2026-05-20 14:50:00-04:00,383.989990234375,384.0799865722656,383.4316101074219,383.5050048828125,104687,383.989990234375
2026-05-20 14:55:00-04:00,384.0090026855469,384.2799072265625,383.7909851074219,383.9549865722656,132680,384.0090026855469
2026-05-20 15:00:00-04:00,383.67999267578125,384.2200012207031,383.6499938964844,384.0,61951,383.67999267578125
2026-05-20 15:05:00-04:00,383.1401062011719,383.6600036621094,382.9700012207031,383.6600036621094,115426,383.1401062011719
2026-05-20 15:10:00-04:00,383.5,383.6099853515625,383.0199890136719,383.1400146484375,117815,383.5
2026-05-20 15:15:00-04:00,383.7950134277344,383.9800109863281,383.1400146484375,383.4800109863281,96128,383.7950134277344
2026-05-20 15:20:00-04:00,383.94000244140625,384.2200012207031,383.69000244140625,383.82000732421875,138420,383.94000244140625
2026-05-20 15:25:00-04:00,384.1000061035156,384.3999938964844,383.80999755859375,383.875,108439,384.1000061035156
2026-05-20 15:30:00-04:00,384.0799865722656,384.4200134277344,383.739990234375,384.0799865722656,121273,384.0799865722656
2026-05-20 15:35:00-04:00,384.510009765625,384.7300109863281,384.0799865722656,384.0799865722656,124589,384.510009765625
2026-05-20 15:40:00-04:00,384.3999938964844,384.739990234375,384.3940124511719,384.5199890136719,122060,384.3999938964844
2026-05-20 15:45:00-04:00,384.5950012207031,384.7200012207031,383.989990234375,384.3900146484375,176954,384.5950012207031
2026-05-20 15:50:00-04:00,384.82000732421875,385.2200012207031,384.0299987792969,384.510009765625,384987,384.82000732421875
2026-05-20 15:55:00-04:00,384.8900146484375,385.3299865722656,384.1200866699219,384.8299865722656,841823,384.8900146484375
2026-05-21 09:30:00-04:00,381.3399963378906,382.6700134277344,379.4800109863281,381.885009765625,991788,381.3399963378906
2026-05-21 09:35:00-04:00,381.3100891113281,382.6600036621094,380.7550048828125,381.32000732421875,227058,381.3100891113281
2026-05-21 09:40:00-04:00,382.7749938964844,383.0,381.260009765625,381.4071044921875,149552,382.7749938964844
2026-05-21 09:45:00-04:00,381.95001220703125,383.1199951171875,381.67340087890625,382.8999938964844,168769,381.95001220703125
2026-05-21 09:50:00-04:00,382.260009765625,382.7652893066406,381.5199890136719,381.94000244140625,173318,382.260009765625
2026-05-21 09:55:00-04:00,382.0299987792969,382.56500244140625,381.06500244140625,382.2699890136719,247563,382.0299987792969
2026-05-21 10:00:00-04:00,379.9750061035156,382.29998779296875,379.9100036621094,381.9100036621094,260481,379.9750061035156
2026-05-21 10:05:00-04:00,381.0032043457031,381.10101318359375,379.510009765625,379.9750061035156,346209,381.0032043457031
2026-05-21 10:10:00-04:00,380.5799865722656,381.75,380.0299987792969,381.0,263634,380.5799865722656
2026-05-21 10:15:00-04:00,382.0199890136719,382.3500061035156,380.4800109863281,380.6000061035156,212331,382.0199890136719
2026-05-21 10:20:00-04:00,381.4150085449219,382.1400146484375,380.8900146484375,382.0299987792969,176856,381.4150085449219
2026-05-21 10:25:00-04:00,382.7301025390625,382.7699890136719,381.2799987792969,381.45001220703125,190206,382.7301025390625
2026-05-21 10:30:00-04:00,384.17999267578125,384.5299987792969,382.6600036621094,382.8299865722656,406099,384.17999267578125
2026-05-21 10:35:00-04:00,384.05999755859375,384.5596008300781,383.9100036621094,384.17999267578125,244342,384.05999755859375
2026-05-21 10:40:00-04:00,384.1400146484375,384.20001220703125,383.55999755859375,384.0799865722656,182747,384.1400146484375
2026-05-21 10:45:00-04:00,384.1449890136719,384.4100036621094,383.760009765625,384.1199951171875,240677,384.1449890136719
2026-05-21 10:50:00-04:00,384.5,384.739990234375,383.69000244140625,384.1199951171875,187595,384.5
2026-05-21 10:55:00-04:00,384.9200134277344,385.4100036621094,384.489990234375,384.510009765625,210921,384.9200134277344
2026-05-21 11:00:00-04:00,385.04998779296875,385.3599853515625,384.70001220703125,384.9200134277344,137602,385.04998779296875
2026-05-21 11:05:00-04:00,384.5799865722656,385.1050109863281,384.1400146484375,385.03009033203125,107232,384.5799865722656
2026-05-21 11:10:00-04:00,385.3900146484375,385.5,383.92169189453125,384.5299987792969,147136,385.3900146484375
2026-05-21 11:15:00-04:00,385.3900146484375,385.4800109863281,384.9649963378906,385.4450988769531,102277,385.3900146484375
2026-05-21 11:20:00-04:00,384.79998779296875,385.5799865722656,384.7349853515625,385.3500061035156,131062,384.79998779296875
2026-05-21 11:25:00-04:00,385.44500732421875,385.50421142578125,384.6600036621094,384.739990234375,92021,385.44500732421875
2026-05-21 11:30:00-04:00,385.19500732421875,385.760009765625,385.0299987792969,385.44000244140625,133198,385.19500732421875
2026-05-21 11:35:00-04:00,386.57000732421875,386.6700134277344,385.1099853515625,385.1499938964844,166332,386.57000732421875
2026-05-21 11:40:00-04:00,386.260009765625,386.6300048828125,385.7699890136719,386.57000732421875,138681,386.260009765625
2026-05-21 11:45:00-04:00,385.7799987792969,386.46990966796875,385.70001220703125,386.3927917480469,85506,385.7799987792969
2026-05-21 11:50:00-04:00,385.5199890136719,385.8699951171875,385.3500061035156,385.79998779296875,92088,385.5199890136719
2026-05-21 11:55:00-04:00,385.67498779296875,385.94500732421875,385.3550109863281,385.510009765625,102716,385.67498779296875
2026-05-21 12:00:00-04:00,386.07000732421875,386.3699951171875,385.6700134277344,385.70001220703125,90413,386.07000732421875
2026-05-21 12:05:00-04:00,385.94000244140625,386.07000732421875,385.4100036621094,386.07000732421875,76882,385.94000244140625
2026-05-21 12:10:00-04:00,385.5199890136719,385.9700012207031,385.32000732421875,385.9200134277344,102574,385.5199890136719
2026-05-21 12:15:00-04:00,385.8299865722656,385.8299865722656,385.2200012207031,385.489990234375,71629,385.8299865722656
2026-05-21 12:20:00-04:00,385.385009765625,385.9599914550781,384.93011474609375,385.81500244140625,91985,385.385009765625
2026-05-21 12:25:00-04:00,385.1925964355469,385.45001220703125,385.0,385.3800048828125,59745,385.1925964355469
2026-05-21 12:30:00-04:00,384.9700012207031,385.3695983886719,384.8800048828125,385.17999267578125,85778,384.9700012207031
2026-05-21 12:35:00-04:00,384.2701110839844,385.0299987792969,384.07000732421875,385.010009765625,81911,384.2701110839844
2026-05-21 12:40:00-04:00,384.3367919921875,384.6000061035156,384.02801513671875,384.29998779296875,46999,384.3367919921875
2026-05-21 12:45:00-04:00,383.9964904785156,384.6000061035156,383.79998779296875,384.3590087890625,83922,383.9964904785156
2026-05-21 12:50:00-04:00,383.8900146484375,384.2200012207031,383.6000061035156,383.9800109863281,67513,383.8900146484375
2026-05-21 12:55:00-04:00,384.3399963378906,384.5199890136719,383.8399963378906,383.8800048828125,49454,384.3399963378906
2026-05-21 13:00:00-04:00,384.5899963378906,384.7250061035156,384.25,384.3399963378906,41674,384.5899963378906
2026-05-21 13:05:00-04:00,384.2925109863281,384.67999267578125,384.2250061035156,384.6000061035156,47733,384.2925109863281
2026-05-21 13:10:00-04:00,385.1400146484375,385.29998779296875,384.2099914550781,384.2550048828125,169838,385.1400146484375
2026-05-21 13:15:00-04:00,386.2799987792969,386.5,385.1400146484375,385.19000244140625,196324,386.2799987792969
2026-05-21 13:20:00-04:00,386.0,387.1199951171875,385.3299865722656,386.2300109863281,170246,386.0
2026-05-21 13:25:00-04:00,386.5199890136719,386.70001220703125,385.82501220703125,386.05999755859375,119863,386.5199890136719
2026-05-21 13:30:00-04:00,386.4800109863281,386.8299865722656,386.0899963378906,386.5249938964844,88041,386.4800109863281
2026-05-21 13:35:00-04:00,386.55999755859375,386.8299865722656,386.3299865722656,386.4700012207031,57984,386.55999755859375
2026-05-21 13:40:00-04:00,387.1499938964844,387.3349914550781,386.6000061035156,386.6300048828125,79881,387.1499938964844
2026-05-21 13:45:00-04:00,387.58441162109375,387.6000061035156,386.7250061035156,387.2200012207031,60039,387.58441162109375
2026-05-21 13:50:00-04:00,388.3301086425781,388.4501037597656,387.3999938964844,387.6000061035156,91372,388.3301086425781
2026-05-21 13:55:00-04:00,388.0,388.67779541015625,388.0,388.3599853515625,302128,388.0
2026-05-21 14:00:00-04:00,386.3999938964844,388.1700134277344,386.3999938964844,388.0,106075,386.3999938964844
2026-05-21 14:05:00-04:00,386.5199890136719,386.92999267578125,386.2900085449219,386.3999938964844,116880,386.5199890136719
2026-05-21 14:10:00-04:00,386.05499267578125,386.7200012207031,385.9700012207031,386.5,64095,386.05499267578125
2026-05-21 14:15:00-04:00,386.70001220703125,386.7449951171875,386.0,386.07000732421875,99807,386.70001220703125
2026-05-21 14:20:00-04:00,386.80499267578125,387.1499938964844,386.6099853515625,386.6700134277344,90365,386.80499267578125
2026-05-21 14:25:00-04:00,386.6099853515625,386.8599853515625,386.5450134277344,386.7699890136719,60839,386.6099853515625
2026-05-21 14:30:00-04:00,386.57000732421875,386.760009765625,386.1499938964844,386.6099853515625,85772,386.57000732421875
2026-05-21 14:35:00-04:00,386.32000732421875,386.7900085449219,386.17999267578125,386.510009765625,72904,386.32000732421875
2026-05-21 14:40:00-04:00,386.8500061035156,386.9599914550781,386.2799987792969,386.3299865722656,51521,386.8500061035156
2026-05-21 14:45:00-04:00,386.3374938964844,386.9549865722656,386.0899963378906,386.8800048828125,80337,386.3374938964844
2026-05-21 14:50:00-04:00,384.67999267578125,386.69000244140625,384.67999267578125,386.3699951171875,140728,384.67999267578125
2026-05-21 14:55:00-04:00,384.82000732421875,384.92999267578125,384.29998779296875,384.6099853515625,100883,384.82000732421875
2026-05-21 15:00:00-04:00,384.7699890136719,385.0400085449219,384.2900085449219,384.7699890136719,60049,384.7699890136719
2026-05-21 15:05:00-04:00,384.989990234375,385.1199951171875,384.20001220703125,384.78509521484375,70856,384.989990234375
2026-05-21 15:10:00-04:00,384.6300048828125,384.9200134277344,384.4700012207031,384.9100036621094,49765,384.6300048828125
2026-05-21 15:15:00-04:00,384.79998779296875,384.8699951171875,384.32000732421875,384.69000244140625,65223,384.79998779296875
2026-05-21 15:20:00-04:00,384.6700134277344,384.82000732421875,384.3900146484375,384.7799072265625,69811,384.6700134277344
2026-05-21 15:25:00-04:00,385.0400085449219,385.1099853515625,384.6499938964844,384.67999267578125,77705,385.0400085449219
2026-05-21 15:30:00-04:00,384.7200012207031,385.4049987792969,384.54010009765625,385.010009765625,59491,384.7200012207031
2026-05-21 15:35:00-04:00,384.55999755859375,384.760009765625,384.29998779296875,384.7300109863281,68055,384.55999755859375
2026-05-21 15:40:00-04:00,384.45001220703125,384.7699890136719,384.2099914550781,384.55499267578125,83692,384.45001220703125
2026-05-21 15:45:00-04:00,384.739990234375,384.7950134277344,384.30999755859375,384.44000244140625,119118,384.739990234375
2026-05-21 15:50:00-04:00,382.6300048828125,384.8599853515625,382.4100036621094,384.7650146484375,456887,382.6300048828125
2026-05-21 15:55:00-04:00,383.510009765625,383.67999267578125,382.0,382.6700134277344,1670112,383.510009765625
2026-05-22 09:30:00-04:00,382.80999755859375,383.2900085449219,381.239990234375,382.8500061035156,750290,382.80999755859375
2026-05-22 09:35:00-04:00,382.54998779296875,383.32000732421875,382.0400085449219,382.7749938964844,431789,382.54998779296875
2026-05-22 09:40:00-04:00,381.7749938964844,382.9800109863281,380.6000061035156,382.5450134277344,499695,381.7749938964844
2026-05-22 09:45:00-04:00,381.55999755859375,382.3500061035156,381.4200134277344,381.7699890136719,245838,381.55999755859375
2026-05-22 09:50:00-04:00,381.92999267578125,381.95001220703125,381.1700134277344,381.6000061035156,209583,381.92999267578125
2026-05-22 09:55:00-04:00,382.5,382.5,381.55999755859375,381.95001220703125,189056,382.5
2026-05-22 10:00:00-04:00,381.1724853515625,382.5,380.32501220703125,382.49249267578125,290907,381.1724853515625
2026-05-22 10:05:00-04:00,381.3299865722656,381.5899963378906,380.510009765625,381.1700134277344,162843,381.3299865722656
2026-05-22 10:10:00-04:00,381.4849853515625,381.5899963378906,381.05999755859375,381.3500061035156,143842,381.4849853515625
2026-05-22 10:15:00-04:00,381.9100036621094,382.5299987792969,381.3699951171875,381.44000244140625,174737,381.9100036621094
2026-05-22 10:20:00-04:00,382.18499755859375,382.25,381.4599914550781,381.94000244140625,151761,382.18499755859375
2026-05-22 10:25:00-04:00,383.010009765625,383.260009765625,382.0899963378906,382.20001220703125,253086,383.010009765625
2026-05-22 10:30:00-04:00,382.489990234375,383.1799011230469,382.42999267578125,383.06500244140625,121696,382.489990234375
2026-05-22 10:35:00-04:00,382.5198974609375,382.7998962402344,382.2300109863281,382.5,123838,382.5198974609375
2026-05-22 10:40:00-04:00,383.3699951171875,383.4599914550781,382.4849853515625,382.4849853515625,134254,383.3699951171875
2026-05-22 10:45:00-04:00,383.25,383.4599914550781,382.92999267578125,383.41009521484375,107200,383.25
2026-05-22 10:50:00-04:00,383.760009765625,383.8399963378906,383.1499938964844,383.2300109863281,120534,383.760009765625
2026-05-22 10:55:00-04:00,383.94000244140625,384.0299987792969,383.5299987792969,383.7900085449219,105457,383.94000244140625
2026-05-22 11:00:00-04:00,384.20001220703125,384.30999755859375,383.4150085449219,383.92498779296875,91427,384.20001220703125
2026-05-22 11:05:00-04:00,384.5400085449219,384.5450134277344,384.1650085449219,384.20001220703125,72477,384.5400085449219
2026-05-22 11:10:00-04:00,384.4700012207031,384.8500061035156,384.3500061035156,384.5450134277344,107713,384.4700012207031
2026-05-22 11:15:00-04:00,384.29998779296875,384.7799987792969,384.25,384.510009765625,129779,384.29998779296875
2026-05-22 11:20:00-04:00,383.1700134277344,384.30499267578125,383.1600036621094,384.2799987792969,108576,383.1700134277344
2026-05-22 11:25:00-04:00,383.239990234375,383.25,382.7300109863281,383.1650085449219,92206,383.239990234375
2026-05-22 11:30:00-04:00,383.0799865722656,383.2749938964844,382.9800109863281,383.239990234375,79299,383.0799865722656
2026-05-22 11:35:00-04:00,383.2799987792969,383.5299987792969,383.0,383.05999755859375,62848,383.2799987792969
2026-05-22 11:40:00-04:00,383.5299987792969,383.54998779296875,383.17999267578125,383.260009765625,55213,383.5299987792969
2026-05-22 11:45:00-04:00,382.9100036621094,383.6600036621094,382.9049987792969,383.52740478515625,90188,382.9100036621094
2026-05-22 11:50:00-04:00,383.1099853515625,383.2799072265625,382.8599853515625,382.92999267578125,95701,383.1099853515625
2026-05-22 11:55:00-04:00,383.1099853515625,383.2200012207031,382.8900146484375,383.1206970214844,65093,383.1099853515625
2026-05-22 12:00:00-04:00,383.0199890136719,383.1600036621094,382.7950134277344,383.0899963378906,95633,383.0199890136719
2026-05-22 12:05:00-04:00,383.0299987792969,383.2850036621094,382.94000244140625,382.95001220703125,89684,383.0299987792969
2026-05-22 12:10:00-04:00,382.5400085449219,383.0710144042969,382.5400085449219,383.0299987792969,59596,382.5400085449219
2026-05-22 12:15:00-04:00,382.0299987792969,382.6098937988281,381.8800048828125,382.54998779296875,118167,382.0299987792969
2026-05-22 12:20:00-04:00,382.07501220703125,382.3788146972656,381.9700012207031,382.010009765625,52890,382.07501220703125
2026-05-22 12:25:00-04:00,382.2200012207031,382.2699890136719,382.0299987792969,382.0299987792969,53023,382.2200012207031
2026-05-22 12:30:00-04:00,381.7099914550781,382.42999267578125,381.6600036621094,382.2001037597656,97845,381.7099914550781
2026-05-22 12:35:00-04:00,381.885009765625,382.0,381.5979919433594,381.7300109863281,67368,381.885009765625
2026-05-22 12:40:00-04:00,381.75,381.989990234375,381.7099914550781,381.8900146484375,47586,381.75
2026-05-22 12:45:00-04:00,381.9898986816406,382.2598876953125,381.739990234375,381.739990234375,96500,381.9898986816406
2026-05-22 12:50:00-04:00,382.29998779296875,382.38848876953125,381.9599914550781,381.9800109863281,57950,382.29998779296875
2026-05-22 12:55:00-04:00,382.2699890136719,382.3900146484375,382.0799865722656,382.2900085449219,42656,382.2699890136719
2026-05-22 13:00:00-04:00,382.3800048828125,382.44000244140625,382.18011474609375,382.2699890136719,47228,382.3800048828125
2026-05-22 13:05:00-04:00,381.82000732421875,382.5185852050781,381.6300048828125,382.3699951171875,114884,381.82000732421875
2026-05-22 13:10:00-04:00,382.0400085449219,382.1684875488281,381.79998779296875,381.82000732421875,88474,382.0400085449219
2026-05-22 13:15:00-04:00,381.32501220703125,382.20001220703125,381.20001220703125,382.1000061035156,119791,381.32501220703125
2026-05-22 13:20:00-04:00,381.4200134277344,381.6899108886719,381.2300109863281,381.30999755859375,94039,381.4200134277344
2026-05-22 13:25:00-04:00,382.29998779296875,382.3599853515625,381.3586120605469,381.4100036621094,154502,382.29998779296875
2026-05-22 13:30:00-04:00,382.1199951171875,382.6300048828125,382.0509948730469,382.3500061035156,83517,382.1199951171875
2026-05-22 13:35:00-04:00,381.9949951171875,382.1000061035156,381.7900085449219,382.0899963378906,79095,381.9949951171875
2026-05-22 13:40:00-04:00,381.80499267578125,382.19000244140625,381.7250061035156,382.0,61929,381.80499267578125
2026-05-22 13:45:00-04:00,381.79998779296875,381.9599914550781,381.69000244140625,381.82861328125,43706,381.79998779296875
2026-05-22 13:50:00-04:00,381.4140930175781,381.92999267578125,381.3699951171875,381.79998779296875,85831,381.4140930175781
2026-05-22 13:55:00-04:00,381.0199890136719,381.6099853515625,381.0199890136719,381.4184875488281,69647,381.0199890136719
2026-05-22 14:00:00-04:00,380.54998779296875,381.239990234375,380.3999938964844,381.0350036621094,182086,380.54998779296875
2026-05-22 14:05:00-04:00,380.9692077636719,381.1199951171875,380.489990234375,380.5899963378906,62817,380.9692077636719
2026-05-22 14:10:00-04:00,380.6899108886719,381.010009765625,380.6400146484375,380.9800109863281,53640,380.6899108886719
2026-05-22 14:15:00-04:00,380.7449951171875,380.80999755859375,380.3999938964844,380.6400146484375,92424,380.7449951171875
2026-05-22 14:20:00-04:00,380.7149963378906,380.8800048828125,380.6300048828125,380.75,69183,380.7149963378906
2026-05-22 14:25:00-04:00,380.6000061035156,380.7200012207031,380.3800048828125,380.7149963378906,82807,380.6000061035156
2026-05-22 14:30:00-04:00,381.05499267578125,381.07000732421875,380.6099853515625,380.6099853515625,98523,381.05499267578125
2026-05-22 14:35:00-04:00,381.0799865722656,381.3450012207031,380.67999267578125,381.0799865722656,124862,381.0799865722656
2026-05-22 14:40:00-04:00,381.0199890136719,381.17999267578125,380.80999755859375,381.06500244140625,66419,381.0199890136719
2026-05-22 14:45:00-04:00,380.875,381.13629150390625,380.739990234375,381.0299987792969,64693,380.875
2026-05-22 14:50:00-04:00,380.73980712890625,380.94989013671875,380.4700012207031,380.8699951171875,75737,380.73980712890625
2026-05-22 14:55:00-04:00,380.82000732421875,380.94970703125,380.6199951171875,380.75,74690,380.82000732421875
2026-05-22 15:00:00-04:00,380.6400146484375,381.2099914550781,380.510009765625,380.8399963378906,118767,380.6400146484375
2026-05-22 15:05:00-04:00,380.0299987792969,380.68798828125,379.9342956542969,380.6650085449219,166202,380.0299987792969
2026-05-22 15:10:00-04:00,379.4700927734375,380.2149963378906,379.3699951171875,380.010009765625,122853,379.4700927734375
2026-05-22 15:15:00-04:00,379.6000061035156,379.7300109863281,379.2650146484375,379.5050048828125,116069,379.6000061035156
2026-05-22 15:20:00-04:00,379.5799865722656,379.6300048828125,379.1401062011719,379.6000061035156,99200,379.5799865722656
2026-05-22 15:25:00-04:00,379.04998779296875,379.6600036621094,378.9700012207031,379.5950012207031,136182,379.04998779296875
2026-05-22 15:30:00-04:00,379.2850036621094,379.4599914550781,378.8500061035156,379.05999755859375,127460,379.2850036621094
2026-05-22 15:35:00-04:00,379.19000244140625,379.510009765625,379.05999755859375,379.2799987792969,133976,379.19000244140625
2026-05-22 15:40:00-04:00,378.75,379.2699890136719,378.5199890136719,379.19500732421875,153890,378.75
2026-05-22 15:45:00-04:00,378.635009765625,378.80999755859375,378.3299865722656,378.75,183486,378.635009765625
2026-05-22 15:50:00-04:00,379.4700012207031,379.4800109863281,378.260009765625,378.67999267578125,259908,379.4700012207031
2026-05-22 15:55:00-04:00,379.3900146484375,379.70001220703125,379.1700134277344,379.4599914550781,583631,379.3900146484375
2026-05-26 09:30:00-04:00,380.44000244140625,382.7699890136719,380.3301086425781,380.9949951171875,1368148,380.44000244140625
2026-05-26 09:35:00-04:00,379.92999267578125,380.8800048828125,379.1400146484375,380.4849853515625,431261,379.92999267578125
2026-05-26 09:40:00-04:00,381.1400146484375,381.4800109863281,379.8800048828125,379.95001220703125,231235,381.1400146484375
2026-05-26 09:45:00-04:00,381.42999267578125,381.7799072265625,380.8999938964844,381.0799865722656,187125,381.42999267578125
2026-05-26 09:50:00-04:00,381.4599914550781,381.5,380.3999938964844,381.4700012207031,210043,381.4599914550781
2026-05-26 09:55:00-04:00,383.3900146484375,383.4700012207031,381.1300048828125,381.4150085449219,276399,383.3900146484375
2026-05-26 10:00:00-04:00,383.7699890136719,384.1400146484375,382.75,383.385009765625,219476,383.7699890136719
2026-05-26 10:05:00-04:00,383.42999267578125,384.1199951171875,383.1600036621094,383.79998779296875,181284,383.42999267578125
2026-05-26 10:10:00-04:00,384.19000244140625,384.2200012207031,383.17999267578125,383.4800109863281,177100,384.19000244140625
2026-05-26 10:15:00-04:00,384.0350036621094,384.3500061035156,383.760009765625,384.20001220703125,211083,384.0350036621094
2026-05-26 10:20:00-04:00,383.1300048828125,384.4125061035156,382.9704895019531,383.989990234375,215884,383.1300048828125
2026-05-26 10:25:00-04:00,383.5,383.6499938964844,382.989990234375,383.1499938964844,192667,383.5
2026-05-26 10:30:00-04:00,383.7200927734375,383.8800048828125,383.0799865722656,383.5,155470,383.7200927734375
2026-05-26 10:35:00-04:00,383.2799987792969,384.0899963378906,383.2699890136719,383.7300109863281,184611,383.2799987792969
2026-05-26 10:40:00-04:00,382.44000244140625,383.260009765625,382.0199890136719,383.260009765625,166739,382.44000244140625
2026-05-26 10:45:00-04:00,382.114990234375,382.7099914550781,382.114990234375,382.3999938964844,140265,382.114990234375
2026-05-26 10:50:00-04:00,382.4599914550781,382.7200012207031,382.0,382.1300048828125,161723,382.4599914550781
2026-05-26 10:55:00-04:00,384.2149963378906,384.25,382.44000244140625,382.44500732421875,217035,384.2149963378906
2026-05-26 11:00:00-04:00,384.17498779296875,384.75,383.8999938964844,384.2149963378906,225835,384.17498779296875
2026-05-26 11:05:00-04:00,385.260009765625,385.3900146484375,383.84051513671875,384.1700134277344,223793,385.260009765625
2026-05-26 11:10:00-04:00,384.239990234375,385.3900146484375,384.16400146484375,385.25,138505,384.239990234375
2026-05-26 11:15:00-04:00,383.364990234375,384.19000244140625,383.2200012207031,384.17999267578125,107547,383.364990234375
2026-05-26 11:20:00-04:00,382.36749267578125,383.44000244140625,382.04998779296875,383.3985900878906,290179,382.36749267578125
2026-05-26 11:25:00-04:00,382.2149963378906,382.62969970703125,381.94000244140625,382.3399963378906,239445,382.2149963378906
2026-05-26 11:30:00-04:00,381.8299865722656,382.5400085449219,381.82000732421875,382.2099914550781,209022,381.8299865722656
2026-05-26 11:35:00-04:00,382.42999267578125,382.44000244140625,381.80999755859375,381.82000732421875,150173,382.42999267578125
2026-05-26 11:40:00-04:00,382.67999267578125,382.7799987792969,382.1499938964844,382.3999938964844,144495,382.67999267578125
2026-05-26 11:45:00-04:00,382.80999755859375,382.92999267578125,382.0199890136719,382.6600036621094,147080,382.80999755859375
2026-05-26 11:50:00-04:00,382.9649963378906,383.1799011230469,382.5899963378906,382.8399963378906,94674,382.9649963378906
2026-05-26 11:55:00-04:00,382.6600036621094,383.2099914550781,382.2607116699219,382.9599914550781,166648,382.6600036621094
2026-05-26 12:00:00-04:00,382.16839599609375,382.7099914550781,382.0299987792969,382.54998779296875,142077,382.16839599609375
2026-05-26 12:05:00-04:00,382.1499938964844,382.3399963378906,381.95001220703125,382.1199951171875,91377,382.1499938964844
2026-05-26 12:10:00-04:00,382.5899963378906,382.9100036621094,382.1199951171875,382.17999267578125,99922,382.5899963378906
2026-05-26 12:15:00-04:00,383.2200012207031,383.3450012207031,382.55999755859375,382.57000732421875,98040,383.2200012207031
2026-05-26 12:20:00-04:00,382.5899963378906,383.25,382.2300109863281,383.25,69971,382.5899963378906
2026-05-26 12:25:00-04:00,382.8900146484375,382.9800109863281,382.42999267578125,382.54998779296875,82720,382.8900146484375
2026-05-26 12:30:00-04:00,383.19000244140625,383.25,382.8299865722656,382.8700866699219,72745,383.19000244140625
2026-05-26 12:35:00-04:00,382.5812072753906,383.2699890136719,382.3999938964844,383.20001220703125,62778,382.5812072753906
2026-05-26 12:40:00-04:00,382.25,382.55999755859375,382.1700134277344,382.55999755859375,70208,382.25
2026-05-26 12:45:00-04:00,382.3699951171875,382.5,382.1300048828125,382.239990234375,266392,382.3699951171875
2026-05-26 12:50:00-04:00,382.864990234375,382.9100036621094,382.2699890136719,382.3800048828125,107574,382.864990234375
2026-05-26 12:55:00-04:00,382.61041259765625,382.8500061035156,382.239990234375,382.8435974121094,106563,382.61041259765625
2026-05-26 13:00:00-04:00,382.489990234375,382.7699890136719,382.3800048828125,382.6099853515625,84065,382.489990234375
2026-05-26 13:05:00-04:00,382.260009765625,382.8900146484375,382.1650085449219,382.5,92433,382.260009765625
2026-05-26 13:10:00-04:00,382.05059814453125,382.3900146484375,382.04998779296875,382.260009765625,64038,382.05059814453125
2026-05-26 13:15:00-04:00,382.3204040527344,382.3500061035156,381.3699951171875,382.0799865722656,113994,382.3204040527344
2026-05-26 13:20:00-04:00,382.1000061035156,382.4700012207031,381.8999938964844,382.3399963378906,85550,382.1000061035156
2026-05-26 13:25:00-04:00,381.9200134277344,382.3399963378906,381.9200134277344,382.0899963378906,65945,381.9200134277344
2026-05-26 13:30:00-04:00,382.20001220703125,382.2799987792969,381.7900085449219,381.93499755859375,59481,382.20001220703125
2026-05-26 13:35:00-04:00,382.010009765625,382.3999938964844,381.989990234375,382.20001220703125,68836,382.010009765625
2026-05-26 13:40:00-04:00,382.4400939941406,382.5544128417969,381.8399963378906,382.0199890136719,52940,382.4400939941406
2026-05-26 13:45:00-04:00,382.6050109863281,382.6499938964844,382.239990234375,382.4599914550781,49447,382.6050109863281
2026-05-26 13:50:00-04:00,382.82000732421875,383.0199890136719,382.6199951171875,382.6199951171875,105181,382.82000732421875
2026-05-26 13:55:00-04:00,382.739990234375,382.8299865722656,382.43011474609375,382.79998779296875,96007,382.739990234375
2026-05-26 14:00:00-04:00,382.510009765625,382.7200012207031,382.19500732421875,382.7200012207031,58155,382.510009765625
2026-05-26 14:05:00-04:00,382.79998779296875,382.8599853515625,382.4100036621094,382.489990234375,62382,382.79998779296875
2026-05-26 14:10:00-04:00,383.0899963378906,383.19000244140625,382.81500244140625,382.82000732421875,73471,383.0899963378906
2026-05-26 14:15:00-04:00,383.0,383.32000732421875,382.8305969238281,383.1099853515625,73228,383.0
2026-05-26 14:20:00-04:00,382.385009765625,383.0199890136719,382.0899963378906,383.010009765625,113620,382.385009765625
2026-05-26 14:25:00-04:00,382.6499938964844,382.96990966796875,382.3500061035156,382.3900146484375,78037,382.6499938964844
2026-05-26 14:30:00-04:00,382.5199890136719,382.9150085449219,382.43310546875,382.6499938964844,71560,382.5199890136719
2026-05-26 14:35:00-04:00,382.42999267578125,382.5799865722656,382.29998779296875,382.5249938964844,63475,382.42999267578125
2026-05-26 14:40:00-04:00,381.84991455078125,382.4700012207031,381.82000732421875,382.42498779296875,83631,381.84991455078125
2026-05-26 14:45:00-04:00,382.17999267578125,382.32000732421875,381.7850036621094,381.79998779296875,75806,382.17999267578125
2026-05-26 14:50:00-04:00,382.1400146484375,382.3800048828125,382.0199890136719,382.15008544921875,131120,382.1400146484375
2026-05-26 14:55:00-04:00,382.0299987792969,382.364990234375,381.989990234375,382.1099853515625,108558,382.0299987792969
2026-05-26 15:00:00-04:00,382.5400085449219,382.5799865722656,381.95001220703125,382.0199890136719,92623,382.5400085449219
2026-05-26 15:05:00-04:00,382.7200012207031,382.7200012207031,382.1600036621094,382.57000732421875,109971,382.7200012207031
2026-05-26 15:10:00-04:00,382.3949890136719,382.8599853515625,382.30999755859375,382.7149963378906,113127,382.3949890136719
2026-05-26 15:15:00-04:00,383.0450134277344,383.1000061035156,382.3399963378906,382.3999938964844,131273,383.0450134277344
2026-05-26 15:20:00-04:00,382.8500061035156,383.19000244140625,382.80999755859375,383.0350036621094,96524,382.8500061035156
2026-05-26 15:25:00-04:00,383.19500732421875,383.25,382.840087890625,382.864990234375,96315,383.19500732421875
2026-05-26 15:30:00-04:00,383.94000244140625,383.94000244140625,383.135009765625,383.2200012207031,110905,383.94000244140625
2026-05-26 15:35:00-04:00,383.9100036621094,383.9800109863281,383.76348876953125,383.94500732421875,86302,383.9100036621094
2026-05-26 15:40:00-04:00,384.3550109863281,384.5273132324219,383.7200012207031,383.8999938964844,167459,384.3550109863281
2026-05-26 15:45:00-04:00,384.7799987792969,384.7799987792969,384.2539978027344,384.3500061035156,171758,384.7799987792969
2026-05-26 15:50:00-04:00,384.25,384.8500061035156,384.1000061035156,384.7900085449219,357329,384.25
2026-05-26 15:55:00-04:00,384.9200134277344,384.9700012207031,384.17999267578125,384.29998779296875,638494,384.9200134277344
2026-05-27 09:30:00-04:00,383.05999755859375,385.5299987792969,382.0,382.8125,1035630,383.05999755859375
2026-05-27 09:35:00-04:00,385.4200134277344,386.80999755859375,382.9849853515625,383.05999755859375,435764,385.4200134277344
2026-05-27 09:40:00-04:00,384.7799987792969,385.9700012207031,383.81500244140625,385.3999938964844,335663,384.7799987792969
2026-05-27 09:45:00-04:00,384.9639892578125,385.69000244140625,384.010009765625,384.7699890136719,276421,384.9639892578125
2026-05-27 09:50:00-04:00,385.1499938964844,385.92999267578125,384.68499755859375,384.9599914550781,221843,385.1499938964844
2026-05-27 09:55:00-04:00,386.4800109863281,386.6099853515625,384.94500732421875,385.1570129394531,228103,386.4800109863281
2026-05-27 10:00:00-04:00,388.70001220703125,388.7898864746094,386.3500061035156,386.5799865722656,312711,388.70001220703125
2026-05-27 10:05:00-04:00,387.18499755859375,388.739990234375,387.0,388.67999267578125,287265,387.18499755859375
2026-05-27 10:10:00-04:00,387.3450012207031,387.489990234375,385.8500061035156,387.0799865722656,182711,387.3450012207031
2026-05-27 10:15:00-04:00,388.80499267578125,388.8599853515625,387.1600036621094,387.4049987792969,186792,388.80499267578125
2026-05-27 10:20:00-04:00,387.1700134277344,388.8999938964844,387.06500244140625,388.7749938964844,175499,387.1700134277344
2026-05-27 10:25:00-04:00,387.7200012207031,388.07000732421875,386.8200988769531,387.1400146484375,210790,387.7200012207031
2026-05-27 10:30:00-04:00,387.7850036621094,388.32000732421875,387.03009033203125,387.7200927734375,184025,387.7850036621094
2026-05-27 10:35:00-04:00,388.2799987792969,388.29998779296875,387.7200012207031,387.80999755859375,143949,388.2799987792969
2026-05-27 10:40:00-04:00,387.5199890136719,388.2699890136719,387.3299865722656,388.260009765625,156548,387.5199890136719
2026-05-27 10:45:00-04:00,387.125,387.6000061035156,387.0140075683594,387.54998779296875,118239,387.125
2026-05-27 10:50:00-04:00,387.0350036621094,387.2850036621094,386.70001220703125,387.1499938964844,142400,387.0350036621094
2026-05-27 10:55:00-04:00,387.1199951171875,387.3825988769531,386.6099853515625,387.0199890136719,130144,387.1199951171875
2026-05-27 11:00:00-04:00,387.7149963378906,387.92498779296875,387.0,387.1099853515625,132639,387.7149963378906
2026-05-27 11:05:00-04:00,387.510009765625,387.7900085449219,387.21240234375,387.70001220703125,99393,387.510009765625
2026-05-27 11:10:00-04:00,386.5,387.739990234375,386.5,387.4403991699219,120384,386.5
2026-05-27 11:15:00-04:00,387.5899963378906,388.19500732421875,386.53839111328125,386.53839111328125,144872,387.5899963378906
2026-05-27 11:20:00-04:00,387.6400146484375,387.7749938964844,386.8599853515625,387.5400085449219,138985,387.6400146484375
2026-05-27 11:25:00-04:00,387.9649963378906,388.0199890136719,387.1199951171875,387.6549987792969,142182,387.9649963378906
2026-05-27 11:30:00-04:00,387.5061950683594,387.9750061035156,387.32000732421875,387.9649963378906,128622,387.5061950683594
2026-05-27 11:35:00-04:00,387.3299865722656,388.05999755859375,387.2099914550781,387.5299987792969,143667,387.3299865722656
2026-05-27 11:40:00-04:00,387.2950134277344,388.0375061035156,387.1400146484375,387.29998779296875,118764,387.2950134277344
2026-05-27 11:45:00-04:00,387.2200012207031,387.79998779296875,386.9601135253906,387.3399963378906,132863,387.2200012207031
2026-05-27 11:50:00-04:00,387.7099914550781,388.0,387.0799865722656,387.25,103935,387.7099914550781
2026-05-27 11:55:00-04:00,387.2300109863281,387.7799987792969,387.0799865722656,387.7250061035156,103508,387.2300109863281
2026-05-27 12:00:00-04:00,386.3974914550781,387.2900085449219,386.0799865722656,387.2099914550781,171062,386.3974914550781
2026-05-27 12:05:00-04:00,386.875,387.07000732421875,386.3500061035156,386.3900146484375,124351,386.875
2026-05-27 12:10:00-04:00,386.8450012207031,387.2149963378906,386.71990966796875,386.8900146484375,81579,386.8450012207031
2026-05-27 12:15:00-04:00,386.4649963378906,386.9700012207031,386.25,386.8800048828125,67225,386.4649963378906
2026-05-27 12:20:00-04:00,387.32501220703125,387.3599853515625,386.42999267578125,386.42999267578125,109088,387.32501220703125
2026-05-27 12:25:00-04:00,387.3699951171875,387.43499755859375,386.9100036621094,387.2799987792969,85054,387.3699951171875
2026-05-27 12:30:00-04:00,388.44000244140625,388.5299987792969,387.260009765625,387.375,102581,388.44000244140625
2026-05-27 12:35:00-04:00,389.4601135253906,389.6300048828125,388.42999267578125,388.42999267578125,151479,389.4601135253906
2026-05-27 12:40:00-04:00,389.2200012207031,389.7250061035156,389.1700134277344,389.5150146484375,130660,389.2200012207031
2026-05-27 12:45:00-04:00,388.8900146484375,389.260009765625,388.57000732421875,389.2099914550781,115193,388.8900146484375
2026-05-27 12:50:00-04:00,388.0007019042969,388.92999267578125,387.9750061035156,388.92999267578125,86963,388.0007019042969
2026-05-27 12:55:00-04:00,387.7699890136719,388.06988525390625,387.3900146484375,388.04998779296875,84259,387.7699890136719
2026-05-27 13:00:00-04:00,387.6700134277344,387.9198913574219,387.55999755859375,387.7550048828125,79997,387.6700134277344
2026-05-27 13:05:00-04:00,387.1199951171875,387.7799987792969,387.0,387.6600036621094,116691,387.1199951171875
2026-05-27 13:10:00-04:00,386.8999938964844,387.3500061035156,386.6400146484375,387.07000732421875,102406,386.8999938964844
2026-05-27 13:15:00-04:00,387.0849914550781,387.20001220703125,386.80010986328125,386.8550109863281,72339,387.0849914550781
2026-05-27 13:20:00-04:00,386.7799987792969,387.159912109375,386.7699890136719,386.989990234375,71167,386.7799987792969
2026-05-27 13:25:00-04:00,386.44000244140625,386.92999267578125,386.42999267578125,386.7200012207031,58562,386.44000244140625
2026-05-27 13:30:00-04:00,386.4949951171875,386.77850341796875,386.4599914550781,386.4599914550781,69319,386.4949951171875
2026-05-27 13:35:00-04:00,387.3699951171875,387.6099853515625,386.489990234375,386.4949951171875,93445,387.3699951171875
2026-05-27 13:40:00-04:00,387.6099853515625,387.6499938964844,387.07000732421875,387.3399963378906,83744,387.6099853515625
2026-05-27 13:45:00-04:00,386.9700012207031,387.614990234375,386.95001220703125,387.614990234375,52678,386.9700012207031
2026-05-27 13:50:00-04:00,387.739990234375,387.7799987792969,386.8299865722656,387.0400085449219,101339,387.739990234375
2026-05-27 13:55:00-04:00,388.0400085449219,388.260009765625,387.70001220703125,387.80999755859375,96942,388.0400085449219
2026-05-27 14:00:00-04:00,387.3900146484375,388.20001220703125,387.32501220703125,388.05999755859375,96709,387.3900146484375
2026-05-27 14:05:00-04:00,387.9100036621094,387.9800109863281,387.260009765625,387.3699951171875,123081,387.9100036621094
2026-05-27 14:10:00-04:00,387.9599914550781,388.0400085449219,387.7900085449219,387.8999938964844,442166,387.9599914550781
2026-05-27 14:15:00-04:00,388.20001220703125,388.2998962402344,387.80950927734375,387.9549865722656,98955,388.20001220703125
2026-05-27 14:20:00-04:00,388.2699890136719,388.5,388.05999755859375,388.1600036621094,144633,388.2699890136719
2026-05-27 14:25:00-04:00,388.4898986816406,388.75,388.16009521484375,388.2449951171875,111440,388.4898986816406
2026-05-27 14:30:00-04:00,388.19000244140625,388.5199890136719,388.0400085449219,388.489990234375,88578,388.19000244140625
2026-05-27 14:35:00-04:00,387.614990234375,388.239990234375,387.30999755859375,388.19000244140625,100462,387.614990234375
2026-05-27 14:40:00-04:00,386.79998779296875,387.7200012207031,386.6600036621094,387.6199951171875,104882,386.79998779296875
2026-05-27 14:45:00-04:00,386.4599914550781,386.92999267578125,386.4580078125,386.7799987792969,99455,386.4599914550781
2026-05-27 14:50:00-04:00,386.5,386.6099853515625,386.2699890136719,386.4649963378906,101225,386.5
2026-05-27 14:55:00-04:00,386.7699890136719,387.1199035644531,386.4100036621094,386.4700012207031,99679,386.7699890136719
2026-05-27 15:00:00-04:00,387.32000732421875,387.5199890136719,386.739990234375,386.74749755859375,106964,387.32000732421875
2026-05-27 15:05:00-04:00,387.1300048828125,387.4100036621094,386.9599914550781,387.29998779296875,88880,387.1300048828125
2026-05-27 15:10:00-04:00,387.17999267578125,387.2300109863281,386.94000244140625,387.1300048828125,83893,387.17999267578125
2026-05-27 15:15:00-04:00,386.9599914550781,387.17999267578125,386.7699890136719,387.1600036621094,99373,386.9599914550781
2026-05-27 15:20:00-04:00,386.25750732421875,386.9599914550781,386.2550048828125,386.9549865722656,98916,386.25750732421875
2026-05-27 15:25:00-04:00,386.4549865722656,386.489990234375,386.2049865722656,386.2799987792969,197480,386.4549865722656
2026-05-27 15:30:00-04:00,386.17999267578125,386.6700134277344,386.07000732421875,386.4599914550781,109139,386.17999267578125
2026-05-27 15:35:00-04:00,386.19000244140625,386.44000244140625,386.07501220703125,386.1700134277344,108261,386.19000244140625
2026-05-27 15:40:00-04:00,386.0899963378906,386.2349853515625,385.92999267578125,386.20001220703125,105010,386.0899963378906
2026-05-27 15:45:00-04:00,385.67999267578125,386.2799987792969,385.4612121582031,386.1000061035156,177871,385.67999267578125
2026-05-27 15:50:00-04:00,385.05999755859375,385.6300048828125,384.75,385.6300048828125,398329,385.05999755859375
2026-05-27 15:55:00-04:00,384.8599853515625,385.07000732421875,384.3900146484375,385.0299987792969,1261067,384.8599853515625
2026-05-28 09:30:00-04:00,383.2699890136719,384.8599853515625,382.1400146484375,383.87750244140625,862955,383.2699890136719
2026-05-28 09:35:00-04:00,384.0,384.7749938964844,382.92999267578125,383.25,253971,384.0
2026-05-28 09:40:00-04:00,381.6099853515625,384.45001220703125,381.5201110839844,384.07000732421875,263772,381.6099853515625
2026-05-28 09:45:00-04:00,382.43499755859375,382.7900085449219,381.260009765625,381.6129150390625,245488,382.43499755859375
2026-05-28 09:50:00-04:00,383.42498779296875,383.9200134277344,382.489990234375,382.489990234375,270837,383.42498779296875
2026-05-28 09:55:00-04:00,383.44000244140625,383.6098937988281,382.75,383.4150085449219,203057,383.44000244140625
2026-05-28 10:00:00-04:00,384.3800048828125,384.5899963378906,382.0199890136719,383.44000244140625,273309,384.3800048828125
2026-05-28 10:05:00-04:00,384.4200134277344,384.7900085449219,383.4200134277344,384.4100036621094,184975,384.4200134277344
2026-05-28 10:10:00-04:00,386.30999755859375,386.30999755859375,383.9150085449219,384.3900146484375,392008,386.30999755859375
2026-05-28 10:15:00-04:00,385.6499938964844,386.4700012207031,385.29010009765625,386.2799987792969,193902,385.6499938964844
2026-05-28 10:20:00-04:00,385.1400146484375,386.1000061035156,384.875,385.7099914550781,157875,385.1400146484375
2026-05-28 10:25:00-04:00,385.6600036621094,385.7699890136719,385.0799865722656,385.1099853515625,106403,385.6600036621094
2026-05-28 10:30:00-04:00,384.9100036621094,385.8699951171875,384.9100036621094,385.69000244140625,113194,384.9100036621094
2026-05-28 10:35:00-04:00,385.1099853515625,385.3599853515625,384.8312072753906,384.9100036621094,106873,385.1099853515625
2026-05-28 10:40:00-04:00,385.7900085449219,385.8399963378906,385.0791015625,385.1000061035156,86759,385.7900085449219
2026-05-28 10:45:00-04:00,384.6400146484375,385.9100036621094,384.56768798828125,385.80999755859375,138356,384.6400146484375
2026-05-28 10:50:00-04:00,385.2950134277344,385.32989501953125,384.6099853515625,384.6099853515625,131450,385.2950134277344
2026-05-28 10:55:00-04:00,385.20001220703125,385.4200134277344,384.79998779296875,385.32000732421875,158288,385.20001220703125
2026-05-28 11:00:00-04:00,386.7799987792969,386.8999938964844,385.1099853515625,385.1600036621094,204474,386.7799987792969
2026-05-28 11:05:00-04:00,386.239990234375,387.3500061035156,386.19000244140625,386.7799987792969,194410,386.239990234375
2026-05-28 11:10:00-04:00,385.9549865722656,386.2900085449219,385.3008117675781,386.2900085449219,167151,385.9549865722656
2026-05-28 11:15:00-04:00,385.7850036621094,386.05999755859375,385.5199890136719,386.0,114374,385.7850036621094
2026-05-28 11:20:00-04:00,385.5799865722656,385.82000732421875,385.32000732421875,385.75,99640,385.5799865722656
2026-05-28 11:25:00-04:00,385.6650085449219,385.9200134277344,385.4700012207031,385.5899963378906,109469,385.6650085449219
2026-05-28 11:30:00-04:00,386.2900085449219,386.3800048828125,385.6300048828125,385.70001220703125,179230,386.2900085449219
2026-05-28 11:35:00-04:00,386.6300048828125,386.7901916503906,385.9049987792969,386.25,131121,386.6300048828125
2026-05-28 11:40:00-04:00,386.1099853515625,386.6400146484375,386.0,386.6400146484375,93223,386.1099853515625
2026-05-28 11:45:00-04:00,385.94000244140625,386.31500244140625,385.94000244140625,386.0799865722656,89983,385.94000244140625
2026-05-28 11:50:00-04:00,385.8900146484375,386.20001220703125,385.8599853515625,385.9200134277344,73917,385.8900146484375
2026-05-28 11:55:00-04:00,386.3500061035156,386.4200134277344,385.8004150390625,385.8500061035156,75402,386.3500061035156
2026-05-28 12:00:00-04:00,386.1099853515625,386.4200134277344,385.9750061035156,386.2950134277344,79549,386.1099853515625
2026-05-28 12:05:00-04:00,386.30999755859375,386.5,386.04010009765625,386.1700134277344,93898,386.30999755859375
2026-05-28 12:10:00-04:00,385.9150085449219,386.3599853515625,385.760009765625,386.2749938964844,100348,385.9150085449219
2026-05-28 12:15:00-04:00,386.04998779296875,386.44000244140625,385.6300048828125,385.94000244140625,85646,386.04998779296875
2026-05-28 12:20:00-04:00,386.2699890136719,386.3399963378906,385.4700012207031,386.04010009765625,85703,386.2699890136719
2026-05-28 12:25:00-04:00,385.7380065917969,386.2850036621094,385.69000244140625,386.2300109863281,73282,385.7380065917969
2026-05-28 12:30:00-04:00,385.17999267578125,385.82000732421875,385.1199951171875,385.6700134277344,86891,385.17999267578125
2026-05-28 12:35:00-04:00,384.95001220703125,385.1600036621094,384.8500061035156,385.1600036621094,75953,384.95001220703125
2026-05-28 12:40:00-04:00,384.7250061035156,385.1199951171875,384.6600036621094,384.989990234375,84300,384.7250061035156
2026-05-28 12:45:00-04:00,384.739990234375,384.9901123046875,384.6499938964844,384.75,83543,384.739990234375
2026-05-28 12:50:00-04:00,384.42999267578125,384.7200012207031,384.19000244140625,384.6000061035156,132795,384.42999267578125
2026-05-28 12:55:00-04:00,384.8999938964844,385.0899963378906,384.4100036621094,384.42999267578125,115905,384.8999938964844
2026-05-28 13:00:00-04:00,384.9750061035156,385.1199951171875,384.8399963378906,384.8999938964844,91793,384.9750061035156
2026-05-28 13:05:00-04:00,385.0827941894531,385.1000061035156,384.6499938964844,384.97430419921875,97609,385.0827941894531
2026-05-28 13:10:00-04:00,384.875,385.0400085449219,384.760009765625,385.0400085449219,73687,384.875
2026-05-28 13:15:00-04:00,385.0899963378906,385.1700134277344,384.8500061035156,384.875,100663,385.0899963378906
2026-05-28 13:20:00-04:00,385.80999755859375,385.80999755859375,385.07000732421875,385.0899963378906,106431,385.80999755859375
2026-05-28 13:25:00-04:00,385.9700012207031,386.2550048828125,385.8038024902344,385.82989501953125,152394,385.9700012207031
2026-05-28 13:30:00-04:00,386.4700012207031,386.80999755859375,386.010009765625,386.010009765625,222895,386.4700012207031
2026-05-28 13:35:00-04:00,386.44000244140625,386.6099853515625,386.18499755859375,386.45001220703125,206594,386.44000244140625
2026-05-28 13:40:00-04:00,386.5899963378906,387.0249938964844,386.3800964355469,386.4599914550781,194915,386.5899963378906
2026-05-28 13:45:00-04:00,386.989990234375,387.05499267578125,386.6099853515625,386.6400146484375,118455,386.989990234375
2026-05-28 13:50:00-04:00,386.2550048828125,387.07000732421875,386.0199890136719,386.9849853515625,174702,386.2550048828125
2026-05-28 13:55:00-04:00,385.69000244140625,386.29998779296875,385.510009765625,386.2449951171875,164839,385.69000244140625
2026-05-28 14:00:00-04:00,385.8900146484375,385.9049987792969,385.2300109863281,385.7149963378906,146769,385.8900146484375
2026-05-28 14:05:00-04:00,385.7349853515625,386.0400085449219,385.4468994140625,385.91680908203125,90210,385.7349853515625
2026-05-28 14:10:00-04:00,386.0400085449219,386.2200012207031,385.70001220703125,385.75,78790,386.0400085449219
2026-05-28 14:15:00-04:00,386.1600036621094,386.75,386.0199890136719,386.0199890136719,287386,386.1600036621094
2026-05-28 14:20:00-04:00,386.3500061035156,386.4100036621094,386.114990234375,386.17999267578125,84797,386.3500061035156
2026-05-28 14:25:00-04:00,386.45001220703125,386.9200134277344,386.3599853515625,386.3599853515625,104199,386.45001220703125
2026-05-28 14:30:00-04:00,386.80999755859375,386.82000732421875,386.32000732421875,386.42010498046875,121391,386.80999755859375
2026-05-28 14:35:00-04:00,386.6099853515625,386.8599853515625,386.2200012207031,386.80999755859375,89846,386.6099853515625
2026-05-28 14:40:00-04:00,386.9800109863281,387.3500061035156,386.5799865722656,386.5799865722656,135624,386.9800109863281
2026-05-28 14:45:00-04:00,387.010009765625,387.3299865722656,386.9660949707031,386.989990234375,112027,387.010009765625
2026-05-28 14:50:00-04:00,387.0174865722656,387.260009765625,386.8900146484375,386.9599914550781,104195,387.0174865722656
2026-05-28 14:55:00-04:00,386.4100036621094,387.20001220703125,386.4100036621094,386.9901123046875,129017,386.4100036621094
2026-05-28 15:00:00-04:00,386.6651916503906,386.6700134277344,386.2699890136719,386.4200134277344,112214,386.6651916503906
2026-05-28 15:05:00-04:00,386.5498962402344,386.8550109863281,386.3800048828125,386.6968078613281,94614,386.5498962402344
2026-05-28 15:10:00-04:00,386.5,386.95001220703125,386.41009521484375,386.54998779296875,76453,386.5
2026-05-28 15:15:00-04:00,386.67999267578125,386.8550109863281,386.44500732421875,386.4700012207031,238990,386.67999267578125
2026-05-28 15:20:00-04:00,386.79998779296875,386.8299865722656,386.5199890136719,386.68499755859375,105814,386.79998779296875
2026-05-28 15:25:00-04:00,386.9549865722656,387.05999755859375,386.67999267578125,386.7850036621094,857549,386.9549865722656
2026-05-28 15:30:00-04:00,387.17999267578125,387.5,386.9599914550781,386.9599914550781,110037,387.17999267578125
2026-05-28 15:35:00-04:00,387.7099914550781,387.8500061035156,387.1400146484375,387.19000244140625,125553,387.7099914550781
2026-05-28 15:40:00-04:00,387.2200012207031,387.739990234375,387.1499938964844,387.7300109863281,143849,387.2200012207031
2026-05-28 15:45:00-04:00,386.9270935058594,387.29998779296875,386.9150085449219,387.19000244140625,147094,386.9270935058594
2026-05-28 15:50:00-04:00,386.4599914550781,387.0299987792969,386.1300048828125,386.80999755859375,329398,386.4599914550781
2026-05-28 15:55:00-04:00,386.1499938964844,386.42498779296875,385.6600036621094,386.3999938964844,714071,386.1499938964844
2026-05-29 09:30:00-04:00,376.989990234375,381.2300109863281,376.5899963378906,381.20001220703125,2044824,376.989990234375
2026-05-29 09:35:00-04:00,379.1199951171875,379.79998779296875,376.7001037597656,376.94000244140625,629891,379.1199951171875
2026-05-29 09:40:00-04:00,379.7099914550781,380.2099914550781,378.9100036621094,379.1000061035156,414823,379.7099914550781
2026-05-29 09:45:00-04:00,380.17999267578125,380.7699890136719,379.1199951171875,379.7449951171875,324090,380.17999267578125
2026-05-29 09:50:00-04:00,380.8450012207031,381.1000061035156,380.0201110839844,380.260009765625,380424,380.8450012207031
2026-05-29 09:55:00-04:00,381.5,381.6499938964844,380.54998779296875,380.80999755859375,348739,381.5
2026-05-29 10:00:00-04:00,381.0199890136719,381.6300048828125,380.6700134277344,381.510009765625,248495,381.0199890136719
2026-05-29 10:05:00-04:00,380.5950012207031,381.25,380.55999755859375,381.0199890136719,175085,380.5950012207031
2026-05-29 10:10:00-04:00,379.7099914550781,380.9100036621094,379.5299987792969,380.6000061035156,385132,379.7099914550781
2026-05-29 10:15:00-04:00,379.8800964355469,380.3900146484375,379.4601135253906,379.760009765625,300324,379.8800964355469
2026-05-29 10:20:00-04:00,379.04998779296875,380.05828857421875,379.0,379.8800048828125,219148,379.04998779296875
2026-05-29 10:25:00-04:00,379.9200134277344,380.0899963378906,378.7699890136719,379.04998779296875,325486,379.9200134277344
2026-05-29 10:30:00-04:00,379.4200134277344,380.0199890136719,379.2650146484375,379.8999938964844,194012,379.4200134277344
2026-05-29 10:35:00-04:00,378.55999755859375,379.510009765625,378.5,379.4200134277344,264951,378.55999755859375
2026-05-29 10:40:00-04:00,377.45001220703125,378.95001220703125,377.2799987792969,378.55499267578125,389964,377.45001220703125
2026-05-29 10:45:00-04:00,378.1099853515625,378.2550048828125,377.2099914550781,377.4421081542969,273711,378.1099853515625
2026-05-29 10:50:00-04:00,379.05999755859375,379.6000061035156,378.125,378.125,312549,379.05999755859375
2026-05-29 10:55:00-04:00,379.0400085449219,379.4200134277344,378.79998779296875,379.0299987792969,137088,379.0400085449219
2026-05-29 11:00:00-04:00,379.3575134277344,379.43389892578125,378.67999267578125,379.0400085449219,148667,379.3575134277344
2026-05-29 11:05:00-04:00,379.9649963378906,380.07000732421875,379.30999755859375,379.3299865722656,143786,379.9649963378906
2026-05-29 11:10:00-04:00,379.82501220703125,380.14788818359375,379.70001220703125,379.9599914550781,105310,379.82501220703125
2026-05-29 11:15:00-04:00,379.5498962402344,380.1625061035156,379.4599914550781,379.8699951171875,108949,379.5498962402344
2026-05-29 11:20:00-04:00,380.32000732421875,380.3800048828125,379.1499938964844,379.5199890136719,104323,380.32000732421875
2026-05-29 11:25:00-04:00,379.80010986328125,380.3399963378906,379.80010986328125,380.3200988769531,94552,379.80010986328125
2026-05-29 11:30:00-04:00,380.04998779296875,380.25,379.82000732421875,379.9599914550781,75271,380.04998779296875
2026-05-29 11:35:00-04:00,379.7200012207031,380.260009765625,379.4700012207031,380.0400085449219,101469,379.7200012207031
2026-05-29 11:40:00-04:00,379.55999755859375,379.8999938964844,379.4599914550781,379.7099914550781,102445,379.55999755859375
2026-05-29 11:45:00-04:00,379.239990234375,379.54998779296875,379.0,379.5350036621094,108465,379.239990234375
2026-05-29 11:50:00-04:00,379.25,379.4200134277344,379.07000732421875,379.239990234375,97413,379.25
2026-05-29 11:55:00-04:00,379.1400146484375,379.3299865722656,379.0400085449219,379.239990234375,80021,379.1400146484375
2026-05-29 12:00:00-04:00,379.44000244140625,379.5899963378906,378.94000244140625,379.1499938964844,129637,379.44000244140625
2026-05-29 12:05:00-04:00,379.7099914550781,379.7799987792969,379.2699890136719,379.45989990234375,114306,379.7099914550781
2026-05-29 12:10:00-04:00,379.739990234375,379.7699890136719,379.30999755859375,379.7200012207031,95554,379.739990234375
2026-05-29 12:15:00-04:00,379.7300109863281,380.3088073730469,379.6600036621094,379.7099914550781,111282,379.7300109863281
2026-05-29 12:20:00-04:00,379.80999755859375,380.2099914550781,379.6000061035156,379.7300109863281,122420,379.80999755859375
2026-05-29 12:25:00-04:00,379.7049865722656,380.0498962402344,379.6700134277344,379.82000732421875,630047,379.7049865722656
2026-05-29 12:30:00-04:00,379.5199890136719,379.7900085449219,379.17999267578125,379.69000244140625,188994,379.5199890136719
2026-05-29 12:35:00-04:00,379.68499755859375,379.7799987792969,379.3999938964844,379.5199890136719,96512,379.68499755859375
2026-05-29 12:40:00-04:00,379.7200012207031,380.0898132324219,379.55499267578125,379.70001220703125,213900,379.7200012207031
2026-05-29 12:45:00-04:00,379.30499267578125,379.71990966796875,379.239990234375,379.71990966796875,120303,379.30499267578125
2026-05-29 12:50:00-04:00,379.2200012207031,379.4991149902344,379.1099853515625,379.29998779296875,109702,379.2200012207031
2026-05-29 12:55:00-04:00,379.2200012207031,379.2737121582031,378.7699890136719,379.2250061035156,332173,379.2200012207031
2026-05-29 13:00:00-04:00,378.94000244140625,379.43701171875,378.92999267578125,379.2300109863281,73021,378.94000244140625
2026-05-29 13:05:00-04:00,379.0299987792969,379.08441162109375,378.80999755859375,378.92999267578125,96359,379.0299987792969
2026-05-29 13:10:00-04:00,378.8349914550781,379.1700134277344,378.79998779296875,379.0400085449219,101053,378.8349914550781
2026-05-29 13:15:00-04:00,378.8699951171875,379.0400085449219,378.69000244140625,378.8351135253906,363082,378.8699951171875
2026-05-29 13:20:00-04:00,378.760009765625,378.95001220703125,378.3999938964844,378.8599853515625,118561,378.760009765625
2026-05-29 13:25:00-04:00,379.05999755859375,379.239990234375,378.6325988769531,378.7699890136719,77480,379.05999755859375
2026-05-29 13:30:00-04:00,379.29998779296875,379.30999755859375,378.8800048828125,379.06500244140625,92149,379.29998779296875
2026-05-29 13:35:00-04:00,379.4100036621094,379.7099914550781,379.2799987792969,379.3500061035156,82931,379.4100036621094
2026-05-29 13:40:00-04:00,379.30499267578125,379.45831298828125,379.1099853515625,379.4150085449219,78973,379.30499267578125
2026-05-29 13:45:00-04:00,379.625,379.864990234375,379.30499267578125,379.30499267578125,91558,379.625
2026-05-29 13:50:00-04:00,379.2300109863281,379.6499938964844,379.05999755859375,379.639892578125,103499,379.2300109863281
2026-05-29 13:55:00-04:00,378.9200134277344,379.239990234375,378.8800048828125,379.239990234375,80663,378.9200134277344
2026-05-29 14:00:00-04:00,379.510009765625,379.5259094238281,378.6300048828125,378.92999267578125,100314,379.510009765625
2026-05-29 14:05:00-04:00,379.5400085449219,380.0,379.489990234375,379.5299987792969,133680,379.5400085449219
2026-05-29 14:10:00-04:00,379.32000732421875,379.55999755859375,379.17999267578125,379.5199890136719,75440,379.32000732421875
2026-05-29 14:15:00-04:00,379.1099853515625,379.3900146484375,378.9599914550781,379.31500244140625,86214,379.1099853515625
2026-05-29 14:20:00-04:00,379.4100036621094,379.45001220703125,379.05999755859375,379.1000061035156,89511,379.4100036621094
2026-05-29 14:25:00-04:00,379.4649963378906,379.6700134277344,379.4100036621094,379.439208984375,82632,379.4649963378906
2026-05-29 14:30:00-04:00,379.4949951171875,379.67999267578125,379.3999938964844,379.489990234375,81959,379.4949951171875
2026-05-29 14:35:00-04:00,379.0950012207031,379.5299987792969,379.0849914550781,379.4949951171875,102896,379.0950012207031
2026-05-29 14:40:00-04:00,379.0,379.25,378.92999267578125,379.1000061035156,102393,379.0
2026-05-29 14:45:00-04:00,378.510009765625,379.04998779296875,378.42999267578125,379.0199890136719,115061,378.510009765625
2026-05-29 14:50:00-04:00,378.3500061035156,378.6600036621094,378.25,378.4800109863281,104831,378.3500061035156
2026-05-29 14:55:00-04:00,378.2449951171875,378.45001220703125,378.0400085449219,378.3450012207031,122019,378.2449951171875
2026-05-29 15:00:00-04:00,378.8399963378906,378.8500061035156,378.25,378.2699890136719,158379,378.8399963378906
2026-05-29 15:05:00-04:00,378.8349914550781,379.0400085449219,378.7850036621094,378.79998779296875,89761,378.8349914550781
2026-05-29 15:10:00-04:00,378.6499938964844,378.8399963378906,378.55999755859375,378.82000732421875,616721,378.6499938964844
2026-05-29 15:15:00-04:00,378.1300048828125,378.6549987792969,378.0,378.6400146484375,148696,378.1300048828125
2026-05-29 15:20:00-04:00,378.55999755859375,378.625,378.125,378.1600036621094,129668,378.55999755859375
2026-05-29 15:25:00-04:00,378.9700012207031,379.07000732421875,378.5199890136719,378.54998779296875,131933,378.9700012207031
2026-05-29 15:30:00-04:00,379.0899963378906,379.4100036621094,378.8900146484375,378.989990234375,159123,379.0899963378906
2026-05-29 15:35:00-04:00,378.9599914550781,379.1300048828125,378.8900146484375,379.1099853515625,145913,378.9599914550781
2026-05-29 15:40:00-04:00,378.44000244140625,378.9750061035156,378.3800048828125,378.9750061035156,209350,378.44000244140625
2026-05-29 15:45:00-04:00,378.17999267578125,378.4700012207031,377.8299865722656,378.44000244140625,271923,378.17999267578125
2026-05-29 15:50:00-04:00,376.29998779296875,378.2300109863281,374.29998779296875,378.17999267578125,2662649,376.29998779296875
2026-05-29 15:55:00-04:00,376.3800048828125,376.94000244140625,375.3999938964844,376.30999755859375,2553173,376.3800048828125
2026-06-01 09:30:00-04:00,371.9881896972656,373.6499938964844,371.0,372.281005859375,1441636,371.9881896972656
2026-06-01 09:35:00-04:00,370.17498779296875,372.989990234375,369.7099914550781,372.1099853515625,536390,370.17498779296875
2026-06-01 09:40:00-04:00,371.42138671875,372.1099853515625,370.010009765625,370.2156066894531,285059,371.42138671875
2026-06-01 09:45:00-04:00,371.7651062011719,372.55999755859375,371.0,371.5,302318,371.7651062011719
2026-06-01 09:50:00-04:00,371.3088073730469,371.7749938964844,370.1000061035156,371.7749938964844,286348,371.3088073730469
2026-06-01 09:55:00-04:00,371.1099853515625,371.57000732421875,370.7799987792969,371.2900085449219,174390,371.1099853515625
2026-06-01 10:00:00-04:00,372.0,372.739990234375,370.7992858886719,371.07000732421875,223842,372.0
2026-06-01 10:05:00-04:00,371.44000244140625,372.2799987792969,370.9100036621094,372.0199890136719,159980,371.44000244140625
2026-06-01 10:10:00-04:00,370.82000732421875,371.75,370.6326904296875,371.43170166015625,194419,370.82000732421875
2026-06-01 10:15:00-04:00,371.2300109863281,371.8699035644531,370.69000244140625,370.7900085449219,197576,371.2300109863281
2026-06-01 10:20:00-04:00,371.82000732421875,372.010009765625,371.1549987792969,371.1549987792969,320943,371.82000732421875
2026-06-01 10:25:00-04:00,372.05999755859375,372.5599060058594,371.70001220703125,371.8599853515625,253640,372.05999755859375
2026-06-01 10:30:00-04:00,372.25,372.7699890136719,371.8800048828125,372.0899963378906,206882,372.25
2026-06-01 10:35:00-04:00,372.135009765625,372.4800109863281,372.010009765625,372.2950134277344,135898,372.135009765625
2026-06-01 10:40:00-04:00,372.44000244140625,372.6005859375,372.010009765625,372.1300048828125,138863,372.44000244140625
2026-06-01 10:45:00-04:00,373.0199890136719,373.2250061035156,372.260009765625,372.4800109863281,119992,373.0199890136719
2026-06-01 10:50:00-04:00,372.6700134277344,373.1199951171875,372.6700134277344,373.04998779296875,95663,372.6700134277344
2026-06-01 10:55:00-04:00,372.6700134277344,372.8399963378906,372.4443054199219,372.6449890136719,91063,372.6700134277344
2026-06-01 11:00:00-04:00,373.0509033203125,373.6000061035156,372.510009765625,372.6600036621094,132737,373.0509033203125
2026-06-01 11:05:00-04:00,373.05999755859375,373.7799987792969,372.95001220703125,373.06500244140625,140427,373.05999755859375
2026-06-01 11:10:00-04:00,372.17999267578125,373.0950012207031,372.06201171875,373.07501220703125,113338,372.17999267578125
2026-06-01 11:15:00-04:00,371.3598937988281,372.20001220703125,371.3100891113281,372.1650085449219,162631,371.3598937988281
2026-06-01 11:20:00-04:00,371.6300048828125,371.95989990234375,371.20001220703125,371.30999755859375,93064,371.6300048828125
2026-06-01 11:25:00-04:00,371.82000732421875,372.2200012207031,371.5,371.6000061035156,97043,371.82000732421875
2026-06-01 11:30:00-04:00,371.54998779296875,372.57000732421875,371.4700012207031,371.79998779296875,150727,371.54998779296875
2026-06-01 11:35:00-04:00,371.8800048828125,372.1499938964844,371.3999938964844,371.6300048828125,132910,371.8800048828125
2026-06-01 11:40:00-04:00,371.32501220703125,371.8900146484375,371.239990234375,371.8699951171875,98647,371.32501220703125
2026-06-01 11:45:00-04:00,371.08990478515625,371.3900146484375,370.7806091308594,371.3399963378906,117048,371.08990478515625
2026-06-01 11:50:00-04:00,371.4200134277344,371.635009765625,371.0,371.0350036621094,81905,371.4200134277344
2026-06-01 11:55:00-04:00,371.44000244140625,371.6700134277344,371.2799987792969,371.44000244140625,84612,371.44000244140625
2026-06-01 12:00:00-04:00,371.44000244140625,371.79998779296875,371.32000732421875,371.4750061035156,110804,371.44000244140625
2026-06-01 12:05:00-04:00,371.3699951171875,371.46990966796875,371.20001220703125,371.42999267578125,65657,371.3699951171875
2026-06-01 12:10:00-04:00,371.07000732421875,371.44000244140625,371.0400085449219,371.3500061035156,71123,371.07000732421875
2026-06-01 12:15:00-04:00,370.82000732421875,371.2051086425781,370.7099914550781,371.0400085449219,109536,370.82000732421875
2026-06-01 12:20:00-04:00,371.27978515625,371.32000732421875,370.8399963378906,370.8399963378906,74135,371.27978515625
2026-06-01 12:25:00-04:00,371.0920104980469,371.32000732421875,371.0201110839844,371.2250061035156,69922,371.0920104980469
2026-06-01 12:30:00-04:00,371.4549865722656,371.6000061035156,370.8949890136719,371.07000732421875,77808,371.4549865722656
2026-06-01 12:35:00-04:00,371.29998779296875,371.8500061035156,371.2099914550781,371.44000244140625,76937,371.29998779296875
2026-06-01 12:40:00-04:00,371.1499938964844,371.4700012207031,371.1300048828125,371.25,77194,371.1499938964844
2026-06-01 12:45:00-04:00,371.04998779296875,371.1700134277344,370.8999938964844,371.135009765625,57389,371.04998779296875
2026-06-01 12:50:00-04:00,371.3299865722656,371.5299987792969,370.9599914550781,371.07000732421875,99262,371.3299865722656
2026-06-01 12:55:00-04:00,372.1000061035156,372.260009765625,371.3500061035156,371.3500061035156,117117,372.1000061035156
2026-06-01 13:00:00-04:00,371.8599853515625,372.0799865722656,371.7463073730469,372.0799865722656,104378,371.8599853515625
2026-06-01 13:05:00-04:00,372.4599914550781,372.7799072265625,371.8599853515625,371.8599853515625,93267,372.4599914550781
2026-06-01 13:10:00-04:00,372.3699951171875,372.55999755859375,372.19000244140625,372.43499755859375,76428,372.3699951171875
2026-06-01 13:15:00-04:00,372.54998779296875,372.55999755859375,372.3299865722656,372.3800048828125,66974,372.54998779296875
2026-06-01 13:20:00-04:00,372.8500061035156,373.1300048828125,372.4200134277344,372.5799865722656,524002,372.8500061035156
2026-06-01 13:25:00-04:00,374.0199890136719,374.05499267578125,372.8900146484375,372.8999938964844,123346,374.0199890136719
2026-06-01 13:30:00-04:00,373.2300109863281,374.1300048828125,373.05999755859375,374.07000732421875,126531,373.2300109863281
2026-06-01 13:35:00-04:00,373.0799865722656,373.7200012207031,373.04998779296875,373.239990234375,65963,373.0799865722656
2026-06-01 13:40:00-04:00,373.94000244140625,374.39990234375,372.981689453125,373.1000061035156,209241,373.94000244140625
2026-06-01 13:45:00-04:00,374.1400146484375,374.4599914550781,373.9800109863281,373.9800109863281,101222,374.1400146484375
2026-06-01 13:50:00-04:00,373.79998779296875,374.19989013671875,373.7699890136719,374.1400146484375,91848,373.79998779296875
2026-06-01 13:55:00-04:00,372.3900146484375,373.8900146484375,371.57000732421875,373.8500061035156,120032,372.3900146484375
2026-06-01 14:00:00-04:00,372.2950134277344,372.5,372.0,372.3999938964844,98855,372.2950134277344
2026-06-01 14:05:00-04:00,372.30499267578125,372.4700012207031,372.0799865722656,372.2799987792969,81117,372.30499267578125
2026-06-01 14:10:00-04:00,372.20001220703125,372.42999267578125,372.1099853515625,372.3299865722656,80183,372.20001220703125
2026-06-01 14:15:00-04:00,372.82000732421875,373.2799987792969,372.2099914550781,372.2099914550781,246349,372.82000732421875
2026-06-01 14:20:00-04:00,373.3949890136719,373.44000244140625,372.6700134277344,372.82501220703125,86909,373.3949890136719
2026-06-01 14:25:00-04:00,373.3500061035156,373.5,373.2701110839844,373.4100036621094,75014,373.3500061035156
2026-06-01 14:30:00-04:00,373.3299865722656,373.3599853515625,373.0400085449219,373.3349914550781,66990,373.3299865722656
2026-06-01 14:35:00-04:00,373.4599914550781,373.6300048828125,373.21038818359375,373.3299865722656,72992,373.4599914550781
2026-06-01 14:40:00-04:00,373.5,373.57000732421875,373.3299865722656,373.45001220703125,120206,373.5
2026-06-01 14:45:00-04:00,373.7200012207031,373.93499755859375,373.489990234375,373.5,79036,373.7200012207031
2026-06-01 14:50:00-04:00,373.53009033203125,373.82000732421875,373.53009033203125,373.75,77712,373.53009033203125
2026-06-01 14:55:00-04:00,373.8399963378906,373.95001220703125,373.510009765625,373.510009765625,64517,373.8399963378906
2026-06-01 15:00:00-04:00,374.2099914550781,374.375,373.6000061035156,373.8599853515625,143416,374.2099914550781
2026-06-01 15:05:00-04:00,373.9700012207031,374.2850036621094,373.8699951171875,374.2200012207031,109618,373.9700012207031
2026-06-01 15:10:00-04:00,373.7099914550781,374.1099853515625,373.67999267578125,373.95001220703125,109080,373.7099914550781
2026-06-01 15:15:00-04:00,374.0299987792969,374.1000061035156,373.70001220703125,373.7099914550781,120071,374.0299987792969
2026-06-01 15:20:00-04:00,374.3349914550781,374.3599853515625,373.9800109863281,374.0199890136719,74807,374.3349914550781
2026-06-01 15:25:00-04:00,374.3900146484375,374.4100036621094,374.07000732421875,374.3500061035156,139716,374.3900146484375
2026-06-01 15:30:00-04:00,374.0799865722656,374.6000061035156,373.9549865722656,374.3599853515625,130690,374.0799865722656
2026-06-01 15:35:00-04:00,373.5400085449219,374.0899963378906,373.4599914550781,374.0400085449219,141735,373.5400085449219
2026-06-01 15:40:00-04:00,373.4800109863281,373.6499938964844,373.1099853515625,373.5299987792969,116401,373.4800109863281
2026-06-01 15:45:00-04:00,374.0199890136719,374.0249938964844,373.4100036621094,373.4750061035156,108006,374.0199890136719
2026-06-01 15:50:00-04:00,373.2099914550781,374.1000061035156,373.1499938964844,374.1000061035156,201000,373.2099914550781
2026-06-01 15:55:00-04:00,372.5799865722656,373.2099914550781,372.3599853515625,373.2099914550781,540323,372.5799865722656
2026-06-02 09:30:00-04:00,357.9049987792969,363.3275146484375,357.55999755859375,363.2799987792969,3275141,357.9049987792969
2026-06-02 09:35:00-04:00,356.6000061035156,359.1600036621094,356.4209899902344,357.95001220703125,975656,356.6000061035156
2026-06-02 09:40:00-04:00,356.67999267578125,357.0799865722656,355.0,356.6000061035156,1130684,356.67999267578125
2026-06-02 09:45:00-04:00,358.25,358.54998779296875,355.8699951171875,356.7250061035156,842124,358.25
2026-06-02 09:50:00-04:00,359.5350036621094,359.55999755859375,357.7900085449219,358.20001220703125,641888,359.5350036621094
2026-06-02 09:55:00-04:00,360.29998779296875,360.5,358.9800109863281,359.5350036621094,692238,360.29998779296875
2026-06-02 10:00:00-04:00,362.5299987792969,362.6199951171875,359.8500061035156,360.32501220703125,583238,362.5299987792969
2026-06-02 10:05:00-04:00,364.6600036621094,364.6982116699219,362.3800048828125,362.5400085449219,875869,364.6600036621094
2026-06-02 10:10:00-04:00,364.93011474609375,365.864990234375,364.0799865722656,364.6600036621094,840096,364.93011474609375
2026-06-02 10:15:00-04:00,366.6499938964844,367.1700134277344,363.7799987792969,364.9599914550781,782305,366.6499938964844
2026-06-02 10:20:00-04:00,366.95001220703125,367.44189453125,366.3800048828125,366.6227111816406,466296,366.95001220703125
2026-06-02 10:25:00-04:00,367.0199890136719,367.2804870605469,366.54998779296875,366.9200134277344,473505,367.0199890136719
2026-06-02 10:30:00-04:00,367.53009033203125,367.6499938964844,366.7300109863281,366.9700012207031,326320,367.53009033203125
2026-06-02 10:35:00-04:00,367.7250061035156,368.20989990234375,366.67999267578125,367.54998779296875,414929,367.7250061035156
2026-06-02 10:40:00-04:00,368.32000732421875,368.79998779296875,367.6300048828125,367.7300109863281,252223,368.32000732421875
2026-06-02 10:45:00-04:00,368.0299987792969,368.6400146484375,367.79998779296875,368.2900085449219,235328,368.0299987792969
2026-06-02 10:50:00-04:00,368.989990234375,369.4898986816406,367.8399963378906,368.05999755859375,283567,368.989990234375
2026-06-02 10:55:00-04:00,369.0299987792969,369.7898864746094,368.67999267578125,369.010009765625,200277,369.0299987792969
2026-06-02 11:00:00-04:00,367.7799987792969,369.2799987792969,367.7799987792969,369.07000732421875,208261,367.7799987792969
2026-06-02 11:05:00-04:00,367.1600036621094,367.8399963378906,366.989990234375,367.80999755859375,284575,367.1600036621094
2026-06-02 11:10:00-04:00,366.3299865722656,367.2618103027344,365.8999938964844,367.1600036621094,290950,366.3299865722656
2026-06-02 11:15:00-04:00,366.260009765625,366.79998779296875,366.2300109863281,366.2799987792969,180798,366.260009765625
2026-06-02 11:20:00-04:00,366.6099853515625,366.7900085449219,366.07000732421875,366.2799987792969,254941,366.6099853515625
2026-06-02 11:25:00-04:00,366.2449951171875,366.82000732421875,365.8800048828125,366.5899963378906,268387,366.2449951171875
2026-06-02 11:30:00-04:00,365.0849914550781,366.2300109863281,365.07000732421875,366.2149963378906,223396,365.0849914550781
2026-06-02 11:35:00-04:00,364.2799987792969,365.497314453125,364.25,365.0849914550781,344082,364.2799987792969
2026-06-02 11:40:00-04:00,364.2080078125,364.6600036621094,364.1600036621094,364.30999755859375,231371,364.2080078125
2026-06-02 11:45:00-04:00,363.41009521484375,364.239990234375,363.3599853515625,364.2200012207031,250465,363.41009521484375
2026-06-02 11:50:00-04:00,363.6700134277344,363.7149963378906,363.32000732421875,363.4364929199219,201738,363.6700134277344
2026-06-02 11:55:00-04:00,363.1199951171875,364.3450012207031,363.010009765625,363.6300048828125,197909,363.1199951171875
2026-06-02 12:00:00-04:00,362.82000732421875,363.2699890136719,362.67010498046875,363.1300048828125,197024,362.82000732421875
2026-06-02 12:05:00-04:00,363.364990234375,363.6600036621094,362.75750732421875,362.885009765625,210979,363.364990234375
2026-06-02 12:10:00-04:00,364.0899963378906,364.4049987792969,363.3299865722656,363.3550109863281,174027,364.0899963378906
2026-06-02 12:15:00-04:00,363.4200134277344,364.5,363.375,364.05999755859375,151678,363.4200134277344
2026-06-02 12:20:00-04:00,363.6300048828125,364.04998779296875,363.3299865722656,363.4200134277344,130373,363.6300048828125
2026-06-02 12:25:00-04:00,363.8399963378906,364.1300048828125,363.614990234375,363.6300048828125,101493,363.8399963378906
2026-06-02 12:30:00-04:00,363.6499938964844,364.022705078125,363.5299987792969,363.82550048828125,122313,363.6499938964844
2026-06-02 12:35:00-04:00,363.760009765625,363.9599914550781,363.510009765625,363.67999267578125,91597,363.760009765625
2026-06-02 12:40:00-04:00,363.4100036621094,364.0299987792969,363.2799987792969,363.75,159406,363.4100036621094
2026-06-02 12:45:00-04:00,364.7650146484375,364.8399963378906,363.3299865722656,363.3800048828125,155760,364.7650146484375
2026-06-02 12:50:00-04:00,364.94000244140625,365.4049987792969,364.7200012207031,364.7699890136719,159902,364.94000244140625
2026-06-02 12:55:00-04:00,364.4800109863281,364.95989990234375,364.1700134277344,364.95001220703125,129783,364.4800109863281
2026-06-02 13:00:00-04:00,364.7099914550781,364.7799987792969,364.3399963378906,364.5150146484375,126945,364.7099914550781
2026-06-02 13:05:00-04:00,364.6449890136719,364.9093933105469,364.3900146484375,364.6700134277344,133532,364.6449890136719
2026-06-02 13:10:00-04:00,364.19000244140625,364.7300109863281,364.0,364.6400146484375,123822,364.19000244140625
2026-06-02 13:15:00-04:00,363.82000732421875,364.3599853515625,363.5899963378906,364.19500732421875,130307,363.82000732421875
2026-06-02 13:20:00-04:00,364.05999755859375,364.1400146484375,363.54998779296875,363.79998779296875,115576,364.05999755859375
2026-06-02 13:25:00-04:00,363.9800109863281,364.3599853515625,363.80999755859375,364.05999755859375,100895,363.9800109863281
2026-06-02 13:30:00-04:00,363.6600036621094,364.1199951171875,363.6099853515625,364.010009765625,131530,363.6600036621094
2026-06-02 13:35:00-04:00,364.32000732421875,364.4599914550781,363.6300048828125,363.6499938964844,168306,364.32000732421875
2026-06-02 13:40:00-04:00,364.6400146484375,364.7298889160156,364.0299987792969,364.3299865722656,99139,364.6400146484375
2026-06-02 13:45:00-04:00,364.6400146484375,364.864990234375,364.3900146484375,364.62060546875,296957,364.6400146484375
2026-06-02 13:50:00-04:00,364.4100036621094,364.8800048828125,364.3699951171875,364.6199951171875,92950,364.4100036621094
2026-06-02 13:55:00-04:00,363.54998779296875,364.4200134277344,363.5101013183594,364.4100036621094,119895,363.54998779296875
2026-06-02 14:00:00-04:00,363.4549865722656,363.55999755859375,363.17999267578125,363.5400085449219,126021,363.4549865722656
2026-06-02 14:05:00-04:00,363.590087890625,363.7300109863281,363.44000244140625,363.44000244140625,102265,363.590087890625
2026-06-02 14:10:00-04:00,363.45001220703125,363.7099914550781,363.1400146484375,363.6099853515625,133303,363.45001220703125
2026-06-02 14:15:00-04:00,362.92498779296875,363.4649963378906,362.8999938964844,363.4501037597656,135679,362.92498779296875
2026-06-02 14:20:00-04:00,362.4700012207031,362.9100036621094,362.2449951171875,362.9100036621094,147328,362.4700012207031
2026-06-02 14:25:00-04:00,361.2149963378906,362.4849853515625,361.0849914550781,362.4849853515625,231763,361.2149963378906
2026-06-02 14:30:00-04:00,361.44219970703125,362.1700134277344,361.2300109863281,361.2300109863281,185915,361.44219970703125
2026-06-02 14:35:00-04:00,361.7200012207031,361.7900085449219,361.20001220703125,361.42498779296875,128429,361.7200012207031
2026-06-02 14:40:00-04:00,361.67999267578125,361.8299865722656,361.3450012207031,361.7250061035156,118810,361.67999267578125
2026-06-02 14:45:00-04:00,361.25,361.68499755859375,361.2099914550781,361.68499755859375,135889,361.25
2026-06-02 14:50:00-04:00,360.95001220703125,361.3699951171875,360.7300109863281,361.2449951171875,192325,360.95001220703125
2026-06-02 14:55:00-04:00,360.8599853515625,361.0299987792969,360.7699890136719,360.9200134277344,168115,360.8599853515625
2026-06-02 15:00:00-04:00,360.9599914550781,361.0899963378906,360.44000244140625,360.8900146484375,262154,360.9599914550781
2026-06-02 15:05:00-04:00,360.8999938964844,361.3599853515625,360.7900085449219,360.9599914550781,165726,360.8999938964844
2026-06-02 15:10:00-04:00,360.7699890136719,360.9599914550781,360.57000732421875,360.8800048828125,138886,360.7699890136719
2026-06-02 15:15:00-04:00,360.7300109863281,360.8999938964844,360.6000061035156,360.7749938964844,155329,360.7300109863281
2026-06-02 15:20:00-04:00,360.7950134277344,360.92999267578125,360.6400146484375,360.7200012207031,155533,360.7950134277344
2026-06-02 15:25:00-04:00,360.5199890136719,360.7900085449219,360.4100036621094,360.7749938964844,213180,360.5199890136719
2026-06-02 15:30:00-04:00,360.6499938964844,360.67999267578125,360.3900146484375,360.5299987792969,239959,360.6499938964844
2026-06-02 15:35:00-04:00,360.1700134277344,360.7900085449219,360.1499938964844,360.6400146484375,210811,360.1700134277344
2026-06-02 15:40:00-04:00,359.7300109863281,360.2699890136719,359.614990234375,360.15008544921875,527752,359.7300109863281
2026-06-02 15:45:00-04:00,359.3500061035156,359.9100036621094,359.1000061035156,359.7300109863281,453568,359.3500061035156
2026-06-02 15:50:00-04:00,358.44000244140625,359.6499938964844,357.9700012207031,359.3399963378906,1132202,358.44000244140625
2026-06-02 15:55:00-04:00,358.5,359.2799987792969,357.8500061035156,358.4649963378906,1801850,358.5
2026-06-03 09:30:00-04:00,360.0299987792969,362.5,357.5232849121094,358.3349914550781,5771465,360.0299987792969
2026-06-03 09:35:00-04:00,359.2799987792969,360.20001220703125,357.55999755859375,360.0299987792969,1203224,359.2799987792969
2026-06-03 09:40:00-04:00,359.8299865722656,361.06988525390625,358.1400146484375,359.2300109863281,945574,359.8299865722656
2026-06-03 09:45:00-04:00,358.9599914550781,360.5400085449219,357.4100036621094,359.79998779296875,998844,358.9599914550781
2026-06-03 09:50:00-04:00,358.4150085449219,359.1400146484375,357.70001220703125,358.9200134277344,536131,358.4150085449219
2026-06-03 09:55:00-04:00,360.30999755859375,360.3599853515625,358.1099853515625,358.4150085449219,601065,360.30999755859375
2026-06-03 10:00:00-04:00,361.5400085449219,361.95001220703125,360.1400146484375,360.3599853515625,767542,361.5400085449219
2026-06-03 10:05:00-04:00,360.3299865722656,362.1000061035156,359.9410095214844,361.55999755859375,541783,360.3299865722656
2026-06-03 10:10:00-04:00,360.2650146484375,361.1700134277344,359.5,360.45001220703125,457184,360.2650146484375
2026-06-03 10:15:00-04:00,357.6600036621094,360.2099914550781,357.20001220703125,360.2099914550781,451832,357.6600036621094
2026-06-03 10:20:00-04:00,358.04998779296875,358.8999938964844,357.30999755859375,357.6794128417969,451528,358.04998779296875
2026-06-03 10:25:00-04:00,357.6600036621094,358.5,357.19000244140625,358.05499267578125,405956,357.6600036621094
2026-06-03 10:30:00-04:00,358.75,358.75,357.5,357.6000061035156,397799,358.75
2026-06-03 10:35:00-04:00,359.8900146484375,359.92498779296875,358.67010498046875,358.7449951171875,413110,359.8900146484375
2026-06-03 10:40:00-04:00,358.7850036621094,360.17999267578125,358.7850036621094,359.8800048828125,421414,358.7850036621094
2026-06-03 10:45:00-04:00,358.19000244140625,359.0400085449219,357.6199951171875,358.7699890136719,383539,358.19000244140625
2026-06-03 10:50:00-04:00,358.0799865722656,358.5799865722656,357.9100036621094,358.2099914550781,313387,358.0799865722656
2026-06-03 10:55:00-04:00,357.55999755859375,358.2799987792969,356.8900146484375,358.05999755859375,503703,357.55999755859375
2026-06-03 11:00:00-04:00,356.5450134277344,357.8299865722656,356.3699951171875,357.6400146484375,468071,356.5450134277344
2026-06-03 11:05:00-04:00,356.7799987792969,356.9700012207031,356.44000244140625,356.5,194296,356.7799987792969
2026-06-03 11:10:00-04:00,355.9200134277344,357.0,355.54998779296875,356.739990234375,367300,355.9200134277344
2026-06-03 11:15:00-04:00,355.4150085449219,355.92401123046875,355.0700988769531,355.92401123046875,675827,355.4150085449219
2026-06-03 11:20:00-04:00,355.20001220703125,355.4599914550781,354.7200012207031,355.3699951171875,507014,355.20001220703125
2026-06-03 11:25:00-04:00,355.864990234375,355.9700012207031,354.9700012207031,355.15008544921875,272383,355.864990234375
2026-06-03 11:30:00-04:00,355.4800109863281,355.9200134277344,355.3699951171875,355.9100036621094,246156,355.4800109863281
2026-06-03 11:35:00-04:00,355.3420104980469,355.6549987792969,355.1099853515625,355.45001220703125,146284,355.3420104980469
2026-06-03 11:40:00-04:00,356.2699890136719,356.2699890136719,355.239990234375,355.3399963378906,291218,356.2699890136719
2026-06-03 11:45:00-04:00,356.3949890136719,356.55999755859375,355.42010498046875,356.239990234375,374326,356.3949890136719
2026-06-03 11:50:00-04:00,355.57000732421875,356.54998779296875,355.1300048828125,356.3900146484375,203612,355.57000732421875
2026-06-03 11:55:00-04:00,355.95001220703125,356.0299987792969,355.5,355.57000732421875,146657,355.95001220703125
2026-06-03 12:00:00-04:00,356.9898986816406,357.0,355.8550109863281,355.989990234375,308038,356.9898986816406
2026-06-03 12:05:00-04:00,356.19000244140625,357.3500061035156,356.1400146484375,356.989990234375,226971,356.19000244140625
2026-06-03 12:10:00-04:00,355.7550048828125,356.40960693359375,355.70001220703125,356.1600036621094,441720,355.7550048828125
2026-06-03 12:15:00-04:00,355.3599853515625,355.9100036621094,355.239990234375,355.7449951171875,213529,355.3599853515625
2026-06-03 12:20:00-04:00,355.010009765625,355.3500061035156,354.8999938964844,355.3500061035156,261080,355.010009765625
2026-06-03 12:25:00-04:00,355.44000244140625,355.55499267578125,354.79998779296875,355.0,255841,355.44000244140625
2026-06-03 12:30:00-04:00,356.07000732421875,356.07000732421875,355.3999938964844,355.4700012207031,219700,356.07000732421875
2026-06-03 12:35:00-04:00,355.82000732421875,356.6600036621094,355.6700134277344,356.07501220703125,275451,355.82000732421875
2026-06-03 12:40:00-04:00,355.94000244140625,356.0,355.3450012207031,355.8299865722656,233793,355.94000244140625
2026-06-03 12:45:00-04:00,357.260009765625,357.6000061035156,356.6600036621094,356.6600036621094,209014,357.260009765625
2026-06-03 12:50:00-04:00,356.7651062011719,357.7900085449219,356.739990234375,357.2300109863281,243007,356.7651062011719
2026-06-03 12:55:00-04:00,357.54510498046875,357.6700134277344,356.73040771484375,356.80999755859375,102712,357.54510498046875
2026-06-03 13:00:00-04:00,356.9700012207031,357.5799865722656,356.7004089355469,357.56500244140625,111011,356.9700012207031
2026-06-03 13:05:00-04:00,357.67999267578125,357.67999267578125,356.92498779296875,356.9700012207031,200831,357.67999267578125
2026-06-03 13:10:00-04:00,357.3399963378906,357.79998779296875,356.9100036621094,357.70001220703125,227318,357.3399963378906
2026-06-03 13:15:00-04:00,358.1000061035156,358.1400146484375,357.260009765625,357.3301086425781,143101,358.1000061035156
2026-06-03 13:20:00-04:00,358.5400085449219,358.659912109375,357.9200134277344,358.07501220703125,167583,358.5400085449219
2026-06-03 13:25:00-04:00,357.8999938964844,358.5398864746094,357.3800048828125,358.3500061035156,169016,357.8999938964844
2026-06-03 13:30:00-04:00,357.6600036621094,358.0,357.42999267578125,357.8999938964844,192961,357.6600036621094
2026-06-03 13:35:00-04:00,357.4599914550781,357.6600036621094,357.0899963378906,357.5899963378906,159713,357.4599914550781
2026-06-03 13:40:00-04:00,357.8999938964844,358.30999755859375,357.4100036621094,357.4700012207031,165738,357.8999938964844
2026-06-03 13:45:00-04:00,356.875,357.92999267578125,356.6099853515625,357.8999938964844,179283,356.875
2026-06-03 13:50:00-04:00,356.5199890136719,357.05499267578125,356.3500061035156,356.875,180937,356.5199890136719
2026-06-03 13:55:00-04:00,356.798095703125,356.798095703125,356.4599914550781,356.5299987792969,221764,356.798095703125
2026-06-03 14:00:00-04:00,356.6600036621094,356.9200134277344,356.4700012207031,356.7749938964844,224250,356.6600036621094
2026-06-03 14:05:00-04:00,356.07000732421875,356.6700134277344,356.010009765625,356.6700134277344,225966,356.07000732421875
2026-06-03 14:10:00-04:00,355.6400146484375,356.1706848144531,355.510009765625,356.0849914550781,247725,355.6400146484375
2026-06-03 14:15:00-04:00,355.9100036621094,356.1300048828125,355.6050109863281,355.614990234375,246923,355.9100036621094
2026-06-03 14:20:00-04:00,355.739990234375,356.0400085449219,355.6000061035156,355.9150085449219,304126,355.739990234375
2026-06-03 14:25:00-04:00,356.0,356.2699890136719,355.6400146484375,355.7149963378906,354464,356.0
2026-06-03 14:30:00-04:00,356.0299987792969,356.29998779296875,355.9200134277344,356.010009765625,198292,356.0299987792969
2026-06-03 14:35:00-04:00,356.3999938964844,356.67999267578125,356.0199890136719,356.0299072265625,171568,356.3999938964844
2026-06-03 14:40:00-04:00,356.8900146484375,356.9700012207031,356.1000061035156,356.4200134277344,229624,356.8900146484375
2026-06-03 14:45:00-04:00,357.0101013183594,357.6300048828125,356.80999755859375,356.8800048828125,209496,357.0101013183594
2026-06-03 14:50:00-04:00,357.50469970703125,357.739990234375,356.79998779296875,357.0299987792969,237843,357.50469970703125
2026-06-03 14:55:00-04:00,356.9750061035156,357.8299865722656,356.82000732421875,357.5,269898,356.9750061035156
2026-06-03 15:00:00-04:00,356.260009765625,357.0199890136719,356.1300048828125,356.9750061035156,208084,356.260009765625
2026-06-03 15:05:00-04:00,356.42999267578125,356.489990234375,355.75,356.2300109863281,312525,356.42999267578125
2026-06-03 15:10:00-04:00,356.75,356.989990234375,356.0,356.4555969238281,250274,356.75
2026-06-03 15:15:00-04:00,356.2099914550781,356.8599853515625,356.135009765625,356.75,230911,356.2099914550781
2026-06-03 15:20:00-04:00,356.1700134277344,356.3900146484375,355.93450927734375,356.2099914550781,252968,356.1700134277344
2026-06-03 15:25:00-04:00,356.54998779296875,356.7699890136719,356.0400085449219,356.1650085449219,449607,356.54998779296875
2026-06-03 15:30:00-04:00,356.19000244140625,356.5450134277344,356.1099853515625,356.5299987792969,290813,356.19000244140625
2026-06-03 15:35:00-04:00,355.8299865722656,356.2200012207031,355.7900085449219,356.2099914550781,369921,355.8299865722656
2026-06-03 15:40:00-04:00,355.3699951171875,355.9100036621094,355.2099914550781,355.82000732421875,421160,355.3699951171875
2026-06-03 15:45:00-04:00,355.2250061035156,355.6000061035156,355.0799865722656,355.3299865722656,514323,355.2250061035156
2026-06-03 15:50:00-04:00,354.614990234375,355.25,354.42999267578125,355.2300109863281,987830,354.614990234375
2026-06-03 15:55:00-04:00,355.82000732421875,355.8500061035156,354.3999938964844,354.614990234375,2130605,355.82000732421875
2026-06-04 09:30:00-04:00,360.6549987792969,361.5799865722656,354.8500061035156,355.4800109863281,1876815,360.6549987792969
2026-06-04 09:35:00-04:00,359.75,361.32000732421875,359.6000061035156,360.739990234375,769887,359.75
2026-06-04 09:40:00-04:00,359.69000244140625,360.2900085449219,358.20001220703125,359.7799072265625,588882,359.69000244140625
2026-06-04 09:45:00-04:00,361.3550109863281,361.3599853515625,359.6400146484375,359.7300109863281,512886,361.3550109863281
2026-06-04 09:50:00-04:00,362.0150146484375,362.17999267578125,360.92999267578125,361.3550109863281,535839,362.0150146484375
2026-06-04 09:55:00-04:00,362.8500061035156,363.95001220703125,361.9200134277344,362.0400085449219,552202,362.8500061035156
2026-06-04 10:00:00-04:00,362.1499938964844,363.6400146484375,361.2514953613281,362.8500061035156,388802,362.1499938964844
2026-06-04 10:05:00-04:00,362.42999267578125,363.04998779296875,361.1199951171875,362.1600036621094,498767,362.42999267578125
2026-06-04 10:10:00-04:00,363.7950134277344,363.82000732421875,362.0,362.489990234375,496292,363.7950134277344
2026-06-04 10:15:00-04:00,364.2749938964844,364.8699951171875,363.739990234375,363.7900085449219,481680,364.2749938964844
2026-06-04 10:20:00-04:00,364.8699951171875,365.0,363.25,364.2149963378906,392375,364.8699951171875
2026-06-04 10:25:00-04:00,365.0299987792969,365.5,364.5199890136719,364.8699951171875,435641,365.0299987792969
2026-06-04 10:30:00-04:00,365.05999755859375,365.29998779296875,364.3399963378906,365.010009765625,403839,365.05999755859375
2026-06-04 10:35:00-04:00,364.8399963378906,365.20001220703125,364.0400085449219,365.1099853515625,343431,364.8399963378906
2026-06-04 10:40:00-04:00,365.19500732421875,365.6000061035156,364.78460693359375,364.8800048828125,256051,365.19500732421875
2026-06-04 10:45:00-04:00,364.5199890136719,365.42999267578125,364.2699890136719,365.20001220703125,259544,364.5199890136719
2026-06-04 10:50:00-04:00,365.30999755859375,365.3599853515625,364.3399963378906,364.5299987792969,230273,365.30999755859375
2026-06-04 10:55:00-04:00,365.30999755859375,365.69000244140625,364.7799987792969,365.30999755859375,261204,365.30999755859375
2026-06-04 11:00:00-04:00,365.8999938964844,366.2300109863281,365.2699890136719,365.30999755859375,366761,365.8999938964844
2026-06-04 11:05:00-04:00,365.2799987792969,365.9599914550781,364.1199951171875,365.8900146484375,319122,365.2799987792969
2026-06-04 11:10:00-04:00,365.239990234375,365.62860107421875,364.6099853515625,365.239990234375,212637,365.239990234375
2026-06-04 11:15:00-04:00,365.92999267578125,366.0,365.0400085449219,365.239990234375,217573,365.92999267578125
2026-06-04 11:20:00-04:00,366.9549865722656,366.9700012207031,365.0201110839844,365.9100036621094,316964,366.9549865722656
2026-06-04 11:25:00-04:00,367.80499267578125,367.8599853515625,366.8399963378906,366.9549865722656,361454,367.80499267578125
2026-06-04 11:30:00-04:00,366.8399963378906,367.79998779296875,366.1099853515625,367.79998779296875,348774,366.8399963378906
2026-06-04 11:35:00-04:00,367.0450134277344,367.2699890136719,366.481689453125,366.81500244140625,264581,367.0450134277344
2026-06-04 11:40:00-04:00,365.8500061035156,367.1400146484375,365.5299987792969,367.05999755859375,202783,365.8500061035156
2026-06-04 11:45:00-04:00,365.8299865722656,366.1650085449219,365.1199951171875,365.8500061035156,219384,365.8299865722656
2026-06-04 11:50:00-04:00,366.4750061035156,366.572998046875,365.8299865722656,365.8500061035156,214007,366.4750061035156
2026-06-04 11:55:00-04:00,366.864990234375,367.5799865722656,366.4100036621094,366.4599914550781,254556,366.864990234375
2026-06-04 12:00:00-04:00,367.5450134277344,368.0400085449219,366.44000244140625,366.8900146484375,289724,367.5450134277344
2026-06-04 12:05:00-04:00,368.94500732421875,369.29998779296875,367.5,367.5400085449219,294405,368.94500732421875
2026-06-04 12:10:00-04:00,368.5375061035156,369.3699951171875,368.3999938964844,368.9750061035156,431211,368.5375061035156
2026-06-04 12:15:00-04:00,367.7900085449219,368.5450134277344,367.2099914550781,368.5450134277344,247044,367.7900085449219
2026-06-04 12:20:00-04:00,368.69000244140625,368.9599914550781,367.6700134277344,367.8349914550781,188899,368.69000244140625
2026-06-04 12:25:00-04:00,368.2749938964844,368.8999938964844,368.1199951171875,368.67999267578125,175160,368.2749938964844
2026-06-04 12:30:00-04:00,368.2799987792969,368.45001220703125,368.0400085449219,368.30499267578125,163592,368.2799987792969
2026-06-04 12:35:00-04:00,368.760009765625,368.9599914550781,367.760009765625,368.2850036621094,233801,368.760009765625
2026-06-04 12:40:00-04:00,368.17498779296875,368.8299865722656,368.07000732421875,368.75,195820,368.17498779296875
2026-06-04 12:45:00-04:00,367.4849853515625,368.3099060058594,367.1600036621094,368.18499755859375,176282,367.4849853515625
2026-06-04 12:50:00-04:00,367.82501220703125,367.8699951171875,367.3299865722656,367.4849853515625,185017,367.82501220703125
2026-06-04 12:55:00-04:00,368.3800048828125,368.6000061035156,367.75,367.82501220703125,166815,368.3800048828125
2026-06-04 13:00:00-04:00,368.135009765625,368.42999267578125,367.8900146484375,368.4150085449219,232712,368.135009765625
2026-06-04 13:05:00-04:00,369.4599914550781,369.5299987792969,368.135009765625,368.1400146484375,206003,369.4599914550781
2026-06-04 13:10:00-04:00,369.56988525390625,369.5899963378906,369.3717041015625,369.4599914550781,180653,369.56988525390625
2026-06-04 13:15:00-04:00,369.2300109863281,369.56988525390625,368.6199951171875,369.55999755859375,170934,369.2300109863281
2026-06-04 13:20:00-04:00,369.5050048828125,369.6499938964844,368.739990234375,369.25,218949,369.5050048828125
2026-06-04 13:25:00-04:00,369.6700134277344,369.7090148925781,369.0201110839844,369.510009765625,120211,369.6700134277344
2026-06-04 13:30:00-04:00,368.489990234375,369.7049865722656,368.489990234375,369.63751220703125,282798,368.489990234375
2026-06-04 13:35:00-04:00,369.114990234375,369.2908935546875,368.2500915527344,368.55999755859375,122906,369.114990234375
2026-06-04 13:40:00-04:00,369.3349914550781,369.3399963378906,369.1000061035156,369.1400146484375,130167,369.3349914550781
2026-06-04 13:45:00-04:00,369.4800109863281,369.6400146484375,369.17999267578125,369.32000732421875,107707,369.4800109863281
2026-06-04 13:50:00-04:00,369.42999267578125,369.739990234375,369.3900146484375,369.4599914550781,127118,369.42999267578125
2026-06-04 13:55:00-04:00,369.44000244140625,369.56500244140625,369.2909851074219,369.44500732421875,111750,369.44000244140625
2026-06-04 14:00:00-04:00,368.45001220703125,369.6098937988281,368.260009765625,369.44000244140625,219398,368.45001220703125
2026-06-04 14:05:00-04:00,368.5249938964844,368.7300109863281,367.75,368.4700012207031,254527,368.5249938964844
2026-06-04 14:10:00-04:00,369.010009765625,369.0400085449219,368.2699890136719,368.5400085449219,182052,369.010009765625
2026-06-04 14:15:00-04:00,369.6099853515625,369.7799987792969,368.79998779296875,369.010009765625,190876,369.6099853515625
2026-06-04 14:20:00-04:00,369.3599853515625,369.8450012207031,369.05999755859375,369.5950012207031,140945,369.3599853515625
2026-06-04 14:25:00-04:00,369.40008544921875,369.7099914550781,368.94000244140625,369.3399963378906,156561,369.40008544921875
2026-06-04 14:30:00-04:00,369.0199890136719,369.45001220703125,368.8500061035156,369.4049987792969,129087,369.0199890136719
2026-06-04 14:35:00-04:00,369.385009765625,369.4700012207031,368.7799987792969,369.0400085449219,155891,369.385009765625
2026-06-04 14:40:00-04:00,369.1199951171875,369.43499755859375,368.9700012207031,369.385009765625,164583,369.1199951171875
2026-06-04 14:45:00-04:00,369.5199890136719,369.625,369.04998779296875,369.1300048828125,165672,369.5199890136719
2026-06-04 14:50:00-04:00,369.3599853515625,369.6099853515625,369.16009521484375,369.5400085449219,198542,369.3599853515625
2026-06-04 14:55:00-04:00,368.6499938964844,369.3900146484375,368.55999755859375,369.3500061035156,270632,368.6499938964844
2026-06-04 15:00:00-04:00,368.6199951171875,368.7898864746094,368.4540100097656,368.6549987792969,145106,368.6199951171875
2026-06-04 15:05:00-04:00,368.0299987792969,368.57501220703125,367.57000732421875,368.57000732421875,231575,368.0299987792969
2026-06-04 15:10:00-04:00,367.9200134277344,368.1199951171875,367.1200866699219,368.0338134765625,229492,367.9200134277344
2026-06-04 15:15:00-04:00,368.1700134277344,368.3500061035156,367.8500061035156,367.9200134277344,330630,368.1700134277344
2026-06-04 15:20:00-04:00,367.2900085449219,368.2550048828125,367.2099914550781,368.1950988769531,265276,367.2900085449219
2026-06-04 15:25:00-04:00,367.7699890136719,367.9700012207031,367.1199951171875,367.29998779296875,278486,367.7699890136719
2026-06-04 15:30:00-04:00,367.8699951171875,368.2699890136719,367.6700134277344,367.7900085449219,193508,367.8699951171875
2026-06-04 15:35:00-04:00,368.6300048828125,368.6600036621094,367.82000732421875,367.8666076660156,208539,368.6300048828125
2026-06-04 15:40:00-04:00,368.6700134277344,369.06500244140625,368.6400146484375,368.6400146484375,238434,368.6700134277344
2026-06-04 15:45:00-04:00,369.17498779296875,369.2300109863281,355.67999267578125,368.6700134277344,380219,369.17498779296875
2026-06-04 15:50:00-04:00,369.2439880371094,369.5799865722656,368.57000732421875,369.1600036621094,792512,369.2439880371094
2026-06-04 15:55:00-04:00,369.3699951171875,369.82000732421875,369.05999755859375,369.2449951171875,1324500,369.3699951171875
2026-06-05 09:30:00-04:00,365.260009765625,365.8699951171875,361.8299865722656,363.55999755859375,1309803,365.260009765625
2026-06-05 09:35:00-04:00,366.1199951171875,366.30999755859375,364.3599853515625,365.20001220703125,519443,366.1199951171875
2026-06-05 09:40:00-04:00,368.2799072265625,368.4100036621094,365.7900085449219,366.1400146484375,458626,368.2799072265625
2026-06-05 09:45:00-04:00,366.760009765625,368.5,366.5101013183594,368.2200012207031,545099,366.760009765625
2026-06-05 09:50:00-04:00,367.1000061035156,367.9100036621094,366.2749938964844,366.7900085449219,397138,367.1000061035156
2026-06-05 09:55:00-04:00,367.0450134277344,368.5799865722656,366.8299865722656,367.05499267578125,326345,367.0450134277344
2026-06-05 10:00:00-04:00,366.8349914550781,367.760009765625,365.7001037597656,367.1199951171875,429658,366.8349914550781
2026-06-05 10:05:00-04:00,367.760009765625,368.3851013183594,366.375,366.8349914550781,301586,367.760009765625
2026-06-05 10:10:00-04:00,368.6199951171875,368.6700134277344,367.17999267578125,367.8999938964844,334214,368.6199951171875
2026-06-05 10:15:00-04:00,368.05999755859375,369.20001220703125,367.8534851074219,368.6099853515625,337040,368.05999755859375
2026-06-05 10:20:00-04:00,367.7799987792969,368.889892578125,367.57000732421875,368.1099853515625,212883,367.7799987792969
2026-06-05 10:25:00-04:00,367.6499938964844,367.9200134277344,366.8999938964844,367.7250061035156,206616,367.6499938964844
2026-06-05 10:30:00-04:00,367.114990234375,367.9200134277344,366.70001220703125,367.6400146484375,291530,367.114990234375
2026-06-05 10:35:00-04:00,366.0950012207031,367.3999938964844,366.0400085449219,367.1199951171875,188461,366.0950012207031
2026-06-05 10:40:00-04:00,365.7250061035156,366.70001220703125,365.3399963378906,366.1199951171875,208786,365.7250061035156
2026-06-05 10:45:00-04:00,366.3299865722656,366.3900146484375,365.6199951171875,365.7250061035156,180412,366.3299865722656
2026-06-05 10:50:00-04:00,366.4599914550781,366.4800109863281,365.79998779296875,366.29998779296875,161868,366.4599914550781
2026-06-05 10:55:00-04:00,367.5299987792969,367.75,366.3599853515625,366.4049987792969,167004,367.5299987792969
2026-06-05 11:00:00-04:00,366.739990234375,367.5794982910156,366.6000061035156,367.55999755859375,124676,366.739990234375
2026-06-05 11:05:00-04:00,367.3599853515625,367.6000061035156,365.9599914550781,366.69500732421875,176562,367.3599853515625
2026-06-05 11:10:00-04:00,366.1300964355469,367.872802734375,366.0600891113281,367.32000732421875,113733,366.1300964355469
2026-06-05 11:15:00-04:00,366.8399963378906,366.8500061035156,365.92999267578125,366.1700134277344,141056,366.8399963378906
2026-06-05 11:20:00-04:00,366.75,367.04998779296875,366.3299865722656,366.8699951171875,216339,366.75
2026-06-05 11:25:00-04:00,367.42999267578125,367.42999267578125,366.1600036621094,366.7900085449219,158362,367.42999267578125
2026-06-05 11:30:00-04:00,366.9800109863281,367.6099853515625,366.9100036621094,367.2799987792969,176434,366.9800109863281
2026-06-05 11:35:00-04:00,366.75,367.5400085449219,366.30999755859375,366.9849853515625,219396,366.75
2026-06-05 11:40:00-04:00,366.533203125,367.0799865722656,366.3900146484375,366.7850036621094,269315,366.533203125
2026-06-05 11:45:00-04:00,366.3114013671875,367.04998779296875,366.1700134277344,366.6000061035156,144680,366.3114013671875
2026-06-05 11:50:00-04:00,367.70001220703125,368.0400085449219,366.2550048828125,366.3500061035156,137601,367.70001220703125
2026-06-05 11:55:00-04:00,368.0,368.4599914550781,367.5899963378906,367.69000244140625,148593,368.0
2026-06-05 12:00:00-04:00,367.635009765625,368.2699890136719,367.4700012207031,367.9700012207031,118795,367.635009765625
2026-06-05 12:05:00-04:00,367.0400085449219,367.6499938964844,366.8999938964844,367.635009765625,146013,367.0400085449219
2026-06-05 12:10:00-04:00,367.1600036621094,367.55999755859375,366.7200012207031,367.05999755859375,164694,367.1600036621094
2026-06-05 12:15:00-04:00,367.3399963378906,367.7900085449219,367.0,367.1199951171875,127266,367.3399963378906
2026-06-05 12:20:00-04:00,367.5845947265625,367.7699890136719,367.25,367.3500061035156,120674,367.5845947265625
2026-06-05 12:25:00-04:00,367.32000732421875,367.9898986816406,367.2749938964844,367.6000061035156,114024,367.32000732421875
2026-06-05 12:30:00-04:00,367.55999755859375,367.6499938964844,367.1300964355469,367.32000732421875,118792,367.55999755859375
2026-06-05 12:35:00-04:00,367.7099914550781,367.96990966796875,367.3500061035156,367.5299987792969,126956,367.7099914550781
2026-06-05 12:40:00-04:00,366.2900085449219,367.8999938964844,366.17010498046875,367.75,221299,366.2900085449219
2026-06-05 12:45:00-04:00,365.7950134277344,366.5199890136719,365.42999267578125,366.3299865722656,270611,365.7950134277344
2026-06-05 12:50:00-04:00,367.0299987792969,367.3299865722656,365.6300964355469,365.731689453125,198211,367.0299987792969
2026-06-05 12:55:00-04:00,367.2099914550781,367.4200134277344,366.3999938964844,366.9549865722656,151199,367.2099914550781
2026-06-05 13:00:00-04:00,367.5799865722656,367.8800048828125,366.885009765625,367.2200012207031,132067,367.5799865722656
2026-06-05 13:05:00-04:00,367.0899963378906,367.6099853515625,366.7550048828125,367.57000732421875,110275,367.0899963378906
2026-06-05 13:10:00-04:00,366.8699951171875,367.2650146484375,366.3299865722656,367.1549987792969,129244,366.8699951171875
2026-06-05 13:15:00-04:00,366.32501220703125,367.0,366.0600891113281,366.8399963378906,104576,366.32501220703125
2026-06-05 13:20:00-04:00,367.4549865722656,367.7300109863281,365.8500061035156,366.3699951171875,136197,367.4549865722656
2026-06-05 13:25:00-04:00,367.1499938964844,367.4200134277344,366.7900085449219,367.3399963378906,88952,367.1499938964844
2026-06-05 13:30:00-04:00,366.57000732421875,367.20001220703125,366.1300048828125,367.1499938964844,87408,366.57000732421875
2026-06-05 13:35:00-04:00,366.71990966796875,366.71990966796875,366.04998779296875,366.5899963378906,96139,366.71990966796875
2026-06-05 13:40:00-04:00,366.1200866699219,366.8299865722656,366.05999755859375,366.6499938964844,94325,366.1200866699219
2026-06-05 13:45:00-04:00,366.3550109863281,366.7099914550781,366.010009765625,366.17999267578125,97229,366.3550109863281
2026-06-05 13:50:00-04:00,366.3999938964844,366.5199890136719,365.8900146484375,366.3599853515625,67393,366.3999938964844
2026-06-05 13:55:00-04:00,366.7149963378906,366.8299865722656,366.1300048828125,366.4200134277344,123133,366.7149963378906
2026-06-05 14:00:00-04:00,366.5,367.06500244140625,366.45001220703125,366.7349853515625,130594,366.5
2026-06-05 14:05:00-04:00,366.875,366.8999938964844,366.45001220703125,366.4599914550781,114536,366.875
2026-06-05 14:10:00-04:00,364.739990234375,367.1499938964844,364.62548828125,366.9200134277344,288387,364.739990234375
2026-06-05 14:15:00-04:00,365.0950012207031,365.30999755859375,363.7300109863281,364.70721435546875,267770,365.0950012207031
2026-06-05 14:20:00-04:00,366.3656005859375,366.489990234375,365.110107421875,365.20001220703125,195926,366.3656005859375
2026-06-05 14:25:00-04:00,364.8399963378906,366.3599853515625,364.6099853515625,366.2900085449219,390586,364.8399963378906
2026-06-05 14:30:00-04:00,364.9800109863281,365.3800048828125,364.3800048828125,364.79998779296875,223631,364.9800109863281
2026-06-05 14:35:00-04:00,365.7651062011719,365.82000732421875,364.70001220703125,364.7799987792969,228588,365.7651062011719
2026-06-05 14:40:00-04:00,365.4200134277344,365.9800109863281,365.0,365.739990234375,234360,365.4200134277344
2026-06-05 14:45:00-04:00,365.44500732421875,365.9800109863281,364.67999267578125,365.3550109863281,336767,365.44500732421875
2026-06-05 14:50:00-04:00,365.1400146484375,365.69000244140625,364.4800109863281,365.4549865722656,155685,365.1400146484375
2026-06-05 14:55:00-04:00,364.3949890136719,365.739990234375,364.3599853515625,365.20001220703125,226760,364.3949890136719
2026-06-05 15:00:00-04:00,363.6700134277344,364.5350036621094,363.4649963378906,364.3949890136719,144746,363.6700134277344
2026-06-05 15:05:00-04:00,363.7900085449219,364.07000732421875,363.3399963378906,363.70001220703125,164320,363.7900085449219
2026-06-05 15:10:00-04:00,362.8550109863281,363.80999755859375,362.67999267578125,363.7565002441406,175327,362.8550109863281
2026-06-05 15:15:00-04:00,362.45001220703125,362.7650146484375,361.9200134277344,362.75,208615,362.45001220703125
2026-06-05 15:20:00-04:00,361.7900085449219,362.5199890136719,361.66009521484375,362.3699951171875,237393,361.7900085449219
2026-06-05 15:25:00-04:00,362.7799987792969,362.82000732421875,361.7850036621094,361.8450012207031,218845,362.7799987792969
2026-06-05 15:30:00-04:00,362.2300109863281,362.8399963378906,361.864990234375,362.82000732421875,214320,362.2300109863281
2026-06-05 15:35:00-04:00,362.3800048828125,362.6382141113281,361.70001220703125,362.2250061035156,179815,362.3800048828125
2026-06-05 15:40:00-04:00,362.20001220703125,362.4100036621094,361.6300048828125,362.4100036621094,309123,362.20001220703125
2026-06-05 15:45:00-04:00,363.635009765625,363.7799987792969,362.1300048828125,362.17999267578125,293011,363.635009765625
2026-06-05 15:50:00-04:00,365.6499938964844,365.6700134277344,363.4700012207031,363.6300048828125,582856,365.6499938964844
2026-06-05 15:55:00-04:00,366.0,366.3999938964844,364.6600036621094,365.6499938964844,1194705,366.0
2026-06-08 09:30:00-04:00,361.4800109863281,363.29998779296875,360.67999267578125,362.4849853515625,1692777,361.4800109863281
2026-06-08 09:35:00-04:00,363.0050048828125,363.3800048828125,359.8399963378906,361.3299865722656,504905,363.0050048828125
2026-06-08 09:40:00-04:00,362.30499267578125,363.07000732421875,361.0899963378906,362.94830322265625,317571,362.30499267578125
2026-06-08 09:45:00-04:00,361.2799987792969,362.3598937988281,360.840087890625,362.2699890136719,269873,361.2799987792969
2026-06-08 09:50:00-04:00,361.3800048828125,361.8500061035156,360.8900146484375,361.2300109863281,201796,361.3800048828125
2026-06-08 09:55:00-04:00,360.20001220703125,361.82000732421875,360.04998779296875,361.4150085449219,446998,360.20001220703125
2026-06-08 10:00:00-04:00,359.6700134277344,360.3299865722656,358.92999267578125,360.1549987792969,343911,359.6700134277344
2026-06-08 10:05:00-04:00,358.7099914550781,359.79998779296875,358.5199890136719,359.6754150390625,304148,358.7099914550781
2026-06-08 10:10:00-04:00,358.3949890136719,358.93499755859375,357.9049987792969,358.7250061035156,689684,358.3949890136719
2026-06-08 10:15:00-04:00,359.07000732421875,359.1549987792969,357.8900146484375,358.3999938964844,287942,359.07000732421875
2026-06-08 10:20:00-04:00,358.8699951171875,359.7099914550781,358.5799865722656,359.05999755859375,452735,358.8699951171875
2026-06-08 10:25:00-04:00,359.239990234375,359.25,358.2900085449219,358.8900146484375,192828,359.239990234375
2026-06-08 10:30:00-04:00,358.8699951171875,359.489990234375,358.69000244140625,359.20001220703125,176330,358.8699951171875
2026-06-08 10:35:00-04:00,359.1099853515625,359.56988525390625,358.6000061035156,358.8399963378906,197191,359.1099853515625
2026-06-08 10:40:00-04:00,358.6199951171875,359.1400146484375,358.239990234375,359.0849914550781,199506,358.6199951171875
2026-06-08 10:45:00-04:00,359.82000732421875,360.2099914550781,358.68701171875,358.70001220703125,243512,359.82000732421875
2026-06-08 10:50:00-04:00,360.9949951171875,361.08990478515625,359.7699890136719,359.9100036621094,171233,360.9949951171875
2026-06-08 10:55:00-04:00,361.739990234375,361.79998779296875,360.55999755859375,360.9501037597656,202789,361.739990234375
2026-06-08 11:00:00-04:00,361.0199890136719,361.9700012207031,360.9462890625,361.80999755859375,154174,361.0199890136719
2026-06-08 11:05:00-04:00,360.8800048828125,361.1099853515625,360.6000061035156,361.0400085449219,180647,360.8800048828125
2026-06-08 11:10:00-04:00,360.8550109863281,361.3550109863281,360.3999938964844,360.75,186235,360.8550109863281
2026-06-08 11:15:00-04:00,360.9100036621094,361.32989501953125,360.55999755859375,360.8550109863281,156386,360.9100036621094
2026-06-08 11:20:00-04:00,361.5950012207031,361.7300109863281,360.4100036621094,360.9200134277344,162993,361.5950012207031
2026-06-08 11:25:00-04:00,360.4700012207031,361.5799865722656,360.4150085449219,361.5799865722656,158070,360.4700012207031
2026-06-08 11:30:00-04:00,360.0400085449219,360.5199890136719,359.82501220703125,360.5199890136719,184455,360.0400085449219
2026-06-08 11:35:00-04:00,360.32000732421875,360.635009765625,359.6099853515625,359.9649963378906,189672,360.32000732421875
2026-06-08 11:40:00-04:00,359.8999938964844,360.56500244140625,359.6600036621094,360.29998779296875,129100,359.8999938964844
2026-06-08 11:45:00-04:00,359.3999938964844,360.19000244140625,359.3599853515625,359.9049987792969,140752,359.3999938964844
2026-06-08 11:50:00-04:00,359.1650085449219,359.6700134277344,359.0700988769531,359.3949890136719,112649,359.1650085449219
2026-06-08 11:55:00-04:00,359.2200012207031,359.2200012207031,358.6499938964844,359.1700134277344,122751,359.2200012207031
2026-06-08 12:00:00-04:00,359.3699951171875,359.510009765625,358.989990234375,359.239990234375,73160,359.3699951171875
2026-06-08 12:05:00-04:00,359.31500244140625,359.7699890136719,359.224609375,359.43499755859375,121868,359.31500244140625
2026-06-08 12:10:00-04:00,359.5199890136719,359.6199951171875,358.93011474609375,359.260009765625,141796,359.5199890136719
2026-06-08 12:15:00-04:00,359.94000244140625,359.94000244140625,359.25,359.5,83533,359.94000244140625
2026-06-08 12:20:00-04:00,359.4800109863281,360.0400085449219,359.4599914550781,359.94000244140625,244876,359.4800109863281
2026-06-08 12:25:00-04:00,359.1400146484375,359.7900085449219,359.0199890136719,359.4800109863281,100940,359.1400146484375
2026-06-08 12:30:00-04:00,359.4750061035156,359.80999755859375,359.07000732421875,359.19000244140625,82074,359.4750061035156
2026-06-08 12:35:00-04:00,359.6300048828125,359.7799987792969,359.20001220703125,359.4700012207031,85481,359.6300048828125
2026-06-08 12:40:00-04:00,359.6400146484375,359.8349914550781,359.349609375,359.5899963378906,88790,359.6400146484375
2026-06-08 12:45:00-04:00,360.0,360.30999755859375,359.6000061035156,359.6099853515625,85283,360.0
2026-06-08 12:50:00-04:00,359.6000061035156,360.30999755859375,359.55999755859375,360.0299987792969,170010,359.6000061035156
2026-06-08 12:55:00-04:00,359.375,359.6300048828125,359.20001220703125,359.5899963378906,82679,359.375
2026-06-08 13:00:00-04:00,358.67999267578125,359.3999938964844,358.3399963378906,359.375,158766,358.67999267578125
2026-06-08 13:05:00-04:00,358.81500244140625,359.1600036621094,358.6199951171875,358.68499755859375,70568,358.81500244140625
2026-06-08 13:10:00-04:00,358.8800048828125,358.909912109375,358.3900146484375,358.8299865722656,112624,358.8800048828125
2026-06-08 13:15:00-04:00,359.2250061035156,359.29998779296875,358.7799987792969,358.885009765625,118535,359.2250061035156
2026-06-08 13:20:00-04:00,359.9599914550781,359.989990234375,359.17999267578125,359.2250061035156,107786,359.9599914550781
2026-06-08 13:25:00-04:00,361.4949951171875,361.7900085449219,359.94000244140625,359.9599914550781,270830,361.4949951171875
2026-06-08 13:30:00-04:00,362.3500061035156,362.3599853515625,361.0899963378906,361.4599914550781,283128,362.3500061035156
2026-06-08 13:35:00-04:00,361.2799987792969,362.3299865722656,361.17999267578125,362.29998779296875,219355,361.2799987792969
2026-06-08 13:40:00-04:00,361.2049865722656,361.75,361.1600036621094,361.25,84867,361.2049865722656
2026-06-08 13:45:00-04:00,361.3727111816406,361.489990234375,360.7799987792969,361.25,122337,361.3727111816406
2026-06-08 13:50:00-04:00,361.3999938964844,361.9800109863281,361.3999938964844,361.4599914550781,83030,361.3999938964844
2026-06-08 13:55:00-04:00,361.55999755859375,361.82000732421875,361.3999938964844,361.4049987792969,112462,361.55999755859375
2026-06-08 14:00:00-04:00,361.70001220703125,361.7799987792969,361.3599853515625,361.5799865722656,99180,361.70001220703125
2026-06-08 14:05:00-04:00,361.92999267578125,362.0,361.5199890136719,361.7099914550781,95420,361.92999267578125
2026-06-08 14:10:00-04:00,361.55499267578125,361.92999267578125,360.7699890136719,361.9100036621094,138137,361.55499267578125
2026-06-08 14:15:00-04:00,361.2152099609375,361.6600036621094,361.1263122558594,361.5400085449219,83017,361.2152099609375
2026-06-08 14:20:00-04:00,361.2650146484375,361.5199890136719,361.1449890136719,361.239990234375,62544,361.2650146484375
2026-06-08 14:25:00-04:00,361.82000732421875,361.8599853515625,361.19000244140625,361.25,83163,361.82000732421875
2026-06-08 14:30:00-04:00,361.7099914550781,362.3999938964844,361.42999267578125,361.82000732421875,169207,361.7099914550781
2026-06-08 14:35:00-04:00,361.54998779296875,362.25,361.5299987792969,361.67999267578125,87198,361.54998779296875
2026-06-08 14:40:00-04:00,361.44000244140625,361.69500732421875,361.28009033203125,361.5299987792969,65169,361.44000244140625
2026-06-08 14:45:00-04:00,361.2900085449219,361.7699890136719,361.2550048828125,361.45001220703125,68340,361.2900085449219
2026-06-08 14:50:00-04:00,360.9505920410156,361.32000732421875,360.75,361.2799987792969,111909,360.9505920410156
2026-06-08 14:55:00-04:00,361.0,361.3800048828125,360.9849853515625,360.9849853515625,67777,361.0
2026-06-08 15:00:00-04:00,360.75,361.05499267578125,360.5199890136719,361.0150146484375,79984,360.75
2026-06-08 15:05:00-04:00,360.9700012207031,361.1000061035156,360.7200012207031,360.7250061035156,90328,360.9700012207031
2026-06-08 15:10:00-04:00,360.3299865722656,361.010009765625,360.29998779296875,360.9849853515625,139912,360.3299865722656
2026-06-08 15:15:00-04:00,360.2699890136719,360.45001220703125,360.1000061035156,360.3399963378906,86338,360.2699890136719
2026-06-08 15:20:00-04:00,360.0199890136719,360.4800109863281,359.95001220703125,360.2699890136719,95045,360.0199890136719
2026-06-08 15:25:00-04:00,360.4200134277344,360.45001220703125,359.6499938964844,360.0199890136719,109240,360.4200134277344
2026-06-08 15:30:00-04:00,360.4200134277344,360.6300048828125,360.19000244140625,360.45001220703125,104036,360.4200134277344
2026-06-08 15:35:00-04:00,360.1099853515625,360.5707092285156,360.05999755859375,360.4100036621094,98234,360.1099853515625
2026-06-08 15:40:00-04:00,360.6499938964844,360.6499938964844,359.82000732421875,360.1099853515625,129977,360.6499938964844
2026-06-08 15:45:00-04:00,360.7799987792969,361.260009765625,360.57000732421875,360.6099853515625,159880,360.7799987792969
2026-06-08 15:50:00-04:00,360.8299865722656,361.239990234375,360.32159423828125,360.82000732421875,287617,360.8299865722656
2026-06-08 15:55:00-04:00,361.1499938964844,361.5799865722656,360.2099914550781,360.8399963378906,975611,361.1499938964844
2026-06-09 09:30:00-04:00,369.32000732421875,369.5799865722656,364.3949890136719,365.0,1054839,369.32000732421875
2026-06-09 09:35:00-04:00,368.2099914550781,369.69219970703125,367.0400085449219,369.3299865722656,371755,368.2099914550781
2026-06-09 09:40:00-04:00,368.5400085449219,368.6000061035156,366.3299865722656,368.2174987792969,258203,368.5400085449219
2026-06-09 09:45:00-04:00,368.7099914550781,369.2698974609375,367.4638977050781,368.489990234375,214708,368.7099914550781
2026-06-09 09:50:00-04:00,367.29998779296875,368.81878662109375,367.1600036621094,368.7799987792969,171270,367.29998779296875
2026-06-09 09:55:00-04:00,367.07501220703125,368.1400146484375,366.739990234375,367.375,149060,367.07501220703125
2026-06-09 10:00:00-04:00,367.8399963378906,368.389892578125,366.8456115722656,367.135009765625,201394,367.8399963378906
2026-06-09 10:05:00-04:00,368.0419921875,368.2699890136719,367.4801025390625,367.8599853515625,174587,368.0419921875
2026-06-09 10:10:00-04:00,365.69000244140625,367.9949951171875,365.4599914550781,367.9949951171875,235191,365.69000244140625
2026-06-09 10:15:00-04:00,364.2699890136719,365.75,363.8500061035156,365.6549987792969,262362,364.2699890136719
2026-06-09 10:20:00-04:00,365.2300109863281,365.5299987792969,363.6700134277344,364.25,263380,365.2300109863281
2026-06-09 10:25:00-04:00,365.54998779296875,365.67999267578125,364.6300048828125,365.17498779296875,206214,365.54998779296875
2026-06-09 10:30:00-04:00,366.3800048828125,366.6099853515625,365.1199951171875,365.5,186170,366.3800048828125
2026-06-09 10:35:00-04:00,365.2149963378906,366.4200134277344,365.04998779296875,366.3599853515625,171381,365.2149963378906
2026-06-09 10:40:00-04:00,363.04998779296875,365.30999755859375,363.04998779296875,365.239990234375,206370,363.04998779296875
2026-06-09 10:45:00-04:00,361.510009765625,363.2200012207031,361.42999267578125,363.0799865722656,287653,361.510009765625
2026-06-09 10:50:00-04:00,361.8500061035156,361.9700012207031,360.94000244140625,361.42999267578125,248974,361.8500061035156
2026-06-09 10:55:00-04:00,362.5,362.8800048828125,361.7200012207031,361.8500061035156,170214,362.5
2026-06-09 11:00:00-04:00,361.8900146484375,362.7699890136719,361.66009521484375,362.6099853515625,127896,361.8900146484375
2026-06-09 11:05:00-04:00,361.93499755859375,362.0849914550781,361.57000732421875,361.8999938964844,104721,361.93499755859375
2026-06-09 11:10:00-04:00,361.7217102050781,362.385009765625,361.3399963378906,361.8999938964844,131335,361.7217102050781
2026-06-09 11:15:00-04:00,360.82000732421875,361.6700134277344,360.54998779296875,361.6300048828125,190582,360.82000732421875
2026-06-09 11:20:00-04:00,360.1000061035156,361.0199890136719,359.9700012207031,360.82000732421875,175346,360.1000061035156
2026-06-09 11:25:00-04:00,358.4750061035156,360.1099853515625,358.1000061035156,360.07501220703125,240898,358.4750061035156
2026-06-09 11:30:00-04:00,358.1700134277344,358.8752136230469,357.82000732421875,358.510009765625,214026,358.1700134277344
2026-06-09 11:35:00-04:00,357.9200134277344,358.2699890136719,357.2200012207031,358.1499938964844,267079,357.9200134277344
2026-06-09 11:40:00-04:00,358.125,358.5246887207031,357.3800964355469,357.8500061035156,171192,358.125
2026-06-09 11:45:00-04:00,358.7699890136719,358.9100036621094,358.1600036621094,358.17999267578125,162477,358.7699890136719
2026-06-09 11:50:00-04:00,358.6099853515625,359.2099914550781,358.0199890136719,358.7200012207031,128133,358.6099853515625
2026-06-09 11:55:00-04:00,357.8599853515625,358.94500732421875,357.67999267578125,358.6000061035156,239183,357.8599853515625
2026-06-09 12:00:00-04:00,358.625,358.989990234375,357.8599853515625,357.92999267578125,164722,358.625
2026-06-09 12:05:00-04:00,358.3599853515625,358.8500061035156,357.9700927734375,358.5899963378906,221206,358.3599853515625
2026-06-09 12:10:00-04:00,357.9700012207031,358.57000732421875,357.7099914550781,358.3550109863281,169503,357.9700012207031
2026-06-09 12:15:00-04:00,356.4599914550781,358.0,356.2900085449219,357.92999267578125,302204,356.4599914550781
2026-06-09 12:20:00-04:00,357.2799987792969,357.3399963378906,355.82000732421875,356.42999267578125,319898,357.2799987792969
2026-06-09 12:25:00-04:00,358.34161376953125,358.4200134277344,357.1401062011719,357.260009765625,196939,358.34161376953125
2026-06-09 12:30:00-04:00,358.4100036621094,359.1000061035156,357.7099914550781,358.30999755859375,179999,358.4100036621094
2026-06-09 12:35:00-04:00,355.3999938964844,358.69000244140625,355.2200012207031,358.4100036621094,303693,355.3999938964844
2026-06-09 12:40:00-04:00,355.9049987792969,355.9549865722656,354.7200012207031,355.37298583984375,436727,355.9049987792969
2026-06-09 12:45:00-04:00,355.9800109863281,356.4100036621094,355.3999938964844,355.8999938964844,192364,355.9800109863281
2026-06-09 12:50:00-04:00,355.8299865722656,356.8599853515625,355.7200012207031,355.9800109863281,169292,355.8299865722656
2026-06-09 12:55:00-04:00,357.55999755859375,357.6499938964844,355.610107421875,355.7200012207031,154806,357.55999755859375
2026-06-09 13:00:00-04:00,358.5801086425781,358.70001220703125,357.4700927734375,357.5799865722656,153460,358.5801086425781
2026-06-09 13:05:00-04:00,359.1000061035156,359.1199951171875,358.3299865722656,358.54998779296875,124866,359.1000061035156
2026-06-09 13:10:00-04:00,359.6499938964844,359.9599914550781,358.5299987792969,359.1000061035156,162337,359.6499938964844
2026-06-09 13:15:00-04:00,359.9849853515625,360.1099853515625,359.1400146484375,359.6000061035156,161035,359.9849853515625
2026-06-09 13:20:00-04:00,360.18499755859375,360.6400146484375,359.7300109863281,359.92999267578125,142965,360.18499755859375
2026-06-09 13:25:00-04:00,360.4549865722656,360.4599914550781,359.8999938964844,360.1499938964844,125846,360.4549865722656
2026-06-09 13:30:00-04:00,360.6300048828125,360.6300048828125,359.9800109863281,360.4100036621094,108503,360.6300048828125
2026-06-09 13:35:00-04:00,361.19500732421875,361.3450012207031,360.44000244140625,360.5950012207031,428425,361.19500732421875
2026-06-09 13:40:00-04:00,362.0899963378906,362.6698913574219,360.94000244140625,361.19500732421875,475572,362.0899963378906
2026-06-09 13:45:00-04:00,361.010009765625,362.1000061035156,360.9200134277344,362.0799865722656,150830,361.010009765625
2026-06-09 13:50:00-04:00,361.7699890136719,362.19000244140625,360.9700012207031,361.0050048828125,106438,361.7699890136719
2026-06-09 13:55:00-04:00,361.4150085449219,362.02301025390625,361.385009765625,361.79998779296875,106057,361.4150085449219
2026-06-09 14:00:00-04:00,361.7900085449219,362.1000061035156,361.3599853515625,361.42999267578125,122648,361.7900085449219
2026-06-09 14:05:00-04:00,362.5899963378906,362.69000244140625,361.760009765625,361.7650146484375,111759,362.5899963378906
2026-06-09 14:10:00-04:00,362.25,362.6400146484375,361.9800109863281,362.57501220703125,129303,362.25
2026-06-09 14:15:00-04:00,362.9599914550781,363.04998779296875,361.9200134277344,362.239990234375,185914,362.9599914550781
2026-06-09 14:20:00-04:00,363.0050048828125,363.1400146484375,362.489990234375,362.92999267578125,127631,363.0050048828125
2026-06-09 14:25:00-04:00,363.1300048828125,363.1300048828125,362.31500244140625,362.94000244140625,126521,363.1300048828125
2026-06-09 14:30:00-04:00,363.2749938964844,363.7099914550781,362.79998779296875,363.0899963378906,127508,363.2749938964844
2026-06-09 14:35:00-04:00,363.5199890136719,363.69000244140625,363.1499938964844,363.2749938964844,116593,363.5199890136719
2026-06-09 14:40:00-04:00,362.8299865722656,363.510009765625,362.6400146484375,363.510009765625,162089,362.8299865722656
2026-06-09 14:45:00-04:00,363.0899963378906,363.2699890136719,362.69000244140625,362.82501220703125,122532,363.0899963378906
2026-06-09 14:50:00-04:00,363.2099914550781,363.5899963378906,362.9949951171875,363.1099853515625,194779,363.2099914550781
2026-06-09 14:55:00-04:00,363.70001220703125,364.19000244140625,363.1199951171875,363.2049865722656,215813,363.70001220703125
2026-06-09 15:00:00-04:00,364.1300048828125,364.30499267578125,363.4800109863281,363.7200012207031,158690,364.1300048828125
2026-06-09 15:05:00-04:00,364.3900146484375,364.6499938964844,363.8900146484375,364.1300048828125,136618,364.3900146484375
2026-06-09 15:10:00-04:00,363.44000244140625,364.3800048828125,363.3599853515625,364.3800048828125,163379,363.44000244140625
2026-06-09 15:15:00-04:00,363.0,363.4700012207031,362.7300109863281,363.43499755859375,166574,363.0
2026-06-09 15:20:00-04:00,362.6000061035156,363.0899963378906,362.3299865722656,362.9800109863281,206003,362.6000061035156
2026-06-09 15:25:00-04:00,361.9599914550781,362.6499938964844,361.6499938964844,362.6099853515625,168107,361.9599914550781
2026-06-09 15:30:00-04:00,361.8699951171875,362.0249938964844,361.5400085449219,361.9599914550781,146156,361.8699951171875
2026-06-09 15:35:00-04:00,361.2250061035156,362.260009765625,361.0799865722656,361.8999938964844,297793,361.2250061035156
2026-06-09 15:40:00-04:00,361.2699890136719,361.5799865722656,360.9100036621094,361.239990234375,223597,361.2699890136719
2026-06-09 15:45:00-04:00,360.80999755859375,361.6199951171875,360.57000732421875,361.2900085449219,237848,360.80999755859375
2026-06-09 15:50:00-04:00,363.0799865722656,363.19000244140625,360.8500061035156,360.8500061035156,369717,363.0799865722656
2026-06-09 15:55:00-04:00,362.0,363.04998779296875,361.9700012207031,362.9800109863281,862323,362.0
2026-06-10 09:30:00-04:00,361.2250061035156,362.8800048828125,359.8800048828125,360.8399963378906,1123082,361.2250061035156
2026-06-10 09:35:00-04:00,362.6449890136719,362.80999755859375,360.7250061035156,361.2250061035156,271282,362.6449890136719
2026-06-10 09:40:00-04:00,363.5299987792969,364.1351013183594,361.9949951171875,362.6348876953125,279631,363.5299987792969
2026-06-10 09:45:00-04:00,361.7099914550781,363.5299072265625,361.30999755859375,363.5299072265625,282559,361.7099914550781
2026-06-10 09:50:00-04:00,361.7049865722656,361.9100036621094,360.9100036621094,361.4599914550781,239867,361.7049865722656
2026-06-10 09:55:00-04:00,363.95001220703125,364.5249938964844,361.5,361.7149963378906,290297,363.95001220703125
2026-06-10 10:00:00-04:00,364.55010986328125,364.80499267578125,363.01300048828125,363.9800109863281,231885,364.55010986328125
2026-06-10 10:05:00-04:00,364.0950012207031,365.0450134277344,363.6499938964844,364.57000732421875,233504,364.0950012207031
2026-06-10 10:10:00-04:00,364.9849853515625,365.7799987792969,363.8999938964844,364.05999755859375,320691,364.9849853515625
2026-06-10 10:15:00-04:00,364.5150146484375,365.1199951171875,363.4400939941406,364.9800109863281,264693,364.5150146484375
2026-06-10 10:20:00-04:00,365.79998779296875,366.30999755859375,364.30999755859375,364.4700012207031,247388,365.79998779296875
2026-06-10 10:25:00-04:00,365.20001220703125,365.9700012207031,364.67010498046875,365.8299865722656,163696,365.20001220703125
2026-06-10 10:30:00-04:00,364.3800048828125,365.29998779296875,363.7904968261719,365.2300109863281,225839,364.3800048828125
2026-06-10 10:35:00-04:00,362.7250061035156,364.38848876953125,362.5,364.3599853515625,193563,362.7250061035156
2026-06-10 10:40:00-04:00,362.5325927734375,363.69000244140625,362.5199890136719,362.70001220703125,121383,362.5325927734375
2026-06-10 10:45:00-04:00,362.125,362.80999755859375,361.8399963378906,362.5199890136719,131501,362.125
2026-06-10 10:50:00-04:00,361.8299865722656,362.6199951171875,361.7200012207031,362.1600036621094,120229,361.8299865722656
2026-06-10 10:55:00-04:00,361.2200012207031,361.9700012207031,360.55999755859375,361.7799987792969,221046,361.2200012207031
2026-06-10 11:00:00-04:00,361.3900146484375,362.0,360.7200012207031,361.2200012207031,197089,361.3900146484375
2026-06-10 11:05:00-04:00,360.7950134277344,361.54998779296875,360.6199951171875,361.3800048828125,234859,360.7950134277344
2026-06-10 11:10:00-04:00,359.44000244140625,360.9599914550781,359.4200134277344,360.8399963378906,230160,359.44000244140625
2026-06-10 11:15:00-04:00,358.9599914550781,359.4549865722656,358.42999267578125,359.42999267578125,179058,358.9599914550781
2026-06-10 11:20:00-04:00,360.3299865722656,360.6581115722656,358.7300109863281,358.8949890136719,157229,360.3299865722656
2026-06-10 11:25:00-04:00,360.07000732421875,360.8299865722656,360.04998779296875,360.3399963378906,211134,360.07000732421875
2026-06-10 11:30:00-04:00,359.4949951171875,360.3299865722656,359.0799865722656,360.0849914550781,149045,359.4949951171875
2026-06-10 11:35:00-04:00,359.1499938964844,360.04998779296875,358.7554016113281,359.44000244140625,96231,359.1499938964844
2026-06-10 11:40:00-04:00,359.7099914550781,359.95001220703125,358.8299865722656,359.1499938964844,92992,359.7099914550781
2026-06-10 11:45:00-04:00,358.0686950683594,359.9800109863281,357.6199951171875,359.7099914550781,247415,358.0686950683594
2026-06-10 11:50:00-04:00,358.45001220703125,358.8500061035156,357.0299987792969,357.989990234375,189906,358.45001220703125
2026-06-10 11:55:00-04:00,358.489990234375,358.8699951171875,357.880615234375,358.4100036621094,157099,358.489990234375
2026-06-10 12:00:00-04:00,358.2250061035156,358.9100036621094,358.010009765625,358.5,216211,358.2250061035156
2026-06-10 12:05:00-04:00,357.45001220703125,358.4599914550781,357.2101135253906,358.1400146484375,136800,357.45001220703125
2026-06-10 12:10:00-04:00,356.70001220703125,357.54998779296875,356.6099853515625,357.4700012207031,168603,356.70001220703125
2026-06-10 12:15:00-04:00,356.5899963378906,357.0899963378906,356.42999267578125,356.7699890136719,174609,356.5899963378906
2026-06-10 12:20:00-04:00,356.4805908203125,356.95001220703125,356.44000244140625,356.625,141884,356.4805908203125
2026-06-10 12:25:00-04:00,356.32501220703125,356.69000244140625,356.1300048828125,356.489990234375,95512,356.32501220703125
2026-06-10 12:30:00-04:00,356.5150146484375,356.54998779296875,355.9200134277344,356.32501220703125,171982,356.5150146484375
2026-06-10 12:35:00-04:00,356.70001220703125,357.0199890136719,356.2699890136719,356.6099853515625,99378,356.70001220703125
2026-06-10 12:40:00-04:00,356.0519104003906,356.92559814453125,355.82000732421875,356.6863098144531,114218,356.0519104003906
2026-06-10 12:45:00-04:00,355.5299987792969,356.07000732421875,355.1600036621094,356.0350036621094,108302,355.5299987792969
2026-06-10 12:50:00-04:00,355.989990234375,356.30999755859375,355.3500061035156,355.5,92145,355.989990234375
2026-06-10 12:55:00-04:00,355.92999267578125,356.04998779296875,355.57501220703125,356.0,54984,355.92999267578125
2026-06-10 13:00:00-04:00,356.2049865722656,356.44500732421875,355.8999938964844,355.94000244140625,108851,356.2049865722656
2026-06-10 13:05:00-04:00,355.2699890136719,356.239990234375,355.17999267578125,356.239990234375,89213,355.2699890136719
2026-06-10 13:10:00-04:00,354.6099853515625,355.30999755859375,354.44000244140625,355.29998779296875,158802,354.6099853515625
2026-06-10 13:15:00-04:00,354.4800109863281,354.8800048828125,354.3800048828125,354.6300048828125,120646,354.4800109863281
2026-06-10 13:20:00-04:00,354.7449951171875,354.9200134277344,354.3475036621094,354.4649963378906,134949,354.7449951171875
2026-06-10 13:25:00-04:00,354.67999267578125,354.8599853515625,354.4100036621094,354.75,89639,354.67999267578125
2026-06-10 13:30:00-04:00,354.30999755859375,354.71990966796875,353.8999938964844,354.66009521484375,173853,354.30999755859375
2026-06-10 13:35:00-04:00,353.8999938964844,354.3900146484375,353.7200012207031,354.25,155823,353.8999938964844
2026-06-10 13:40:00-04:00,353.95001220703125,354.32000732421875,353.8999938964844,353.9200134277344,115618,353.95001220703125
2026-06-10 13:45:00-04:00,354.8949890136719,355.0400085449219,353.82000732421875,353.9949951171875,159508,354.8949890136719
2026-06-10 13:50:00-04:00,354.8399963378906,355.1099853515625,354.2149963378906,354.8500061035156,183835,354.8399963378906
2026-06-10 13:55:00-04:00,354.9187927246094,355.17999267578125,354.6401062011719,354.8399963378906,91979,354.9187927246094
2026-06-10 14:00:00-04:00,355.05499267578125,355.3550109863281,354.760009765625,354.8599853515625,169869,355.05499267578125
2026-06-10 14:05:00-04:00,354.75,355.3699035644531,354.67999267578125,355.07000732421875,112915,354.75
2026-06-10 14:10:00-04:00,354.9599914550781,355.1400146484375,354.7099914550781,354.80999755859375,483325,354.9599914550781
2026-06-10 14:15:00-04:00,354.29998779296875,355.2699890136719,354.25,354.94000244140625,150524,354.29998779296875
2026-06-10 14:20:00-04:00,354.6099853515625,354.7200012207031,354.2099914550781,354.29998779296875,102318,354.6099853515625
2026-06-10 14:25:00-04:00,354.375,354.614990234375,354.0799865722656,354.6000061035156,77549,354.375
2026-06-10 14:30:00-04:00,354.239990234375,354.3949890136719,353.989990234375,354.3500061035156,112535,354.239990234375
2026-06-10 14:35:00-04:00,354.07000732421875,354.4200134277344,353.75,354.239990234375,533620,354.07000732421875
2026-06-10 14:40:00-04:00,354.3999938964844,354.44989013671875,353.9599914550781,354.0,85988,354.3999938964844
2026-06-10 14:45:00-04:00,354.2799987792969,354.739990234375,354.1300048828125,354.3599853515625,1130431,354.2799987792969
2026-06-10 14:50:00-04:00,354.3399963378906,354.3900146484375,353.760009765625,354.2699890136719,115791,354.3399963378906
2026-06-10 14:55:00-04:00,354.3399963378906,354.6099853515625,354.1300048828125,354.2900085449219,109097,354.3399963378906
2026-06-10 15:00:00-04:00,354.6000061035156,354.9200134277344,353.6600036621094,354.3500061035156,232309,354.6000061035156
2026-06-10 15:05:00-04:00,354.3851013183594,354.8999938964844,354.364990234375,354.6199951171875,106146,354.3851013183594
2026-06-10 15:10:00-04:00,354.4017028808594,354.45001220703125,353.885009765625,354.3800048828125,93811,354.4017028808594
2026-06-10 15:15:00-04:00,355.2099914550781,355.2799072265625,354.340087890625,354.4949951171875,187238,355.2099914550781
2026-06-10 15:20:00-04:00,354.6650085449219,355.20001220703125,354.5199890136719,355.20001220703125,122039,354.6650085449219
2026-06-10 15:25:00-04:00,354.4100036621094,354.8399963378906,354.1400146484375,354.7099914550781,124947,354.4100036621094
2026-06-10 15:30:00-04:00,354.2974853515625,354.54998779296875,354.1099853515625,354.4200134277344,189053,354.2974853515625
2026-06-10 15:35:00-04:00,354.6700134277344,354.739990234375,354.1400146484375,354.29998779296875,154156,354.6700134277344
2026-06-10 15:40:00-04:00,354.80999755859375,354.864990234375,354.3699951171875,354.70001220703125,203380,354.80999755859375
2026-06-10 15:45:00-04:00,353.5400085449219,354.8699951171875,353.3059997558594,354.7900085449219,351414,353.5400085449219
2026-06-10 15:50:00-04:00,353.25,353.79998779296875,352.80999755859375,353.5199890136719,657475,353.25
2026-06-10 15:55:00-04:00,353.32000732421875,354.25,353.20001220703125,353.2200012207031,1170909,353.32000732421875
