Datetime,Close,High,Low,Open,Volume,Adj Close
2026-04-29 09:30:00-04:00,58.94499969482422,59.040000915527344,58.939998626708984,59.040000915527344,413388,58.94499969482422
2026-04-29 09:35:00-04:00,58.994998931884766,59.005001068115234,58.92499923706055,58.94900131225586,215772,58.994998931884766
2026-04-29 09:40:00-04:00,58.994998931884766,59.0099983215332,58.97999954223633,59.0,219775,58.994998931884766
2026-04-29 09:45:00-04:00,58.97990036010742,59.0,58.95199966430664,58.9900016784668,248808,58.97990036010742
2026-04-29 09:50:00-04:00,59.019901275634766,59.019901275634766,58.974998474121094,58.974998474121094,74679,59.019901275634766
2026-04-29 09:55:00-04:00,59.02000045776367,59.025001525878906,59.010501861572266,59.02000045776367,79507,59.02000045776367
2026-04-29 10:00:00-04:00,59.0,59.018001556396484,58.97999954223633,59.018001556396484,132998,59.0
2026-04-29 10:05:00-04:00,58.97999954223633,59.0099983215332,58.97200012207031,59.0,88753,58.97999954223633
2026-04-29 10:10:00-04:00,59.0,59.0,58.974998474121094,58.97999954223633,106879,59.0
2026-04-29 10:15:00-04:00,59.0,59.0099983215332,58.9900016784668,58.994998931884766,36373,59.0
2026-04-29 10:20:00-04:00,59.01499938964844,59.02000045776367,58.97999954223633,59.005001068115234,109167,59.01499938964844
2026-04-29 10:25:00-04:00,59.025001525878906,59.040000915527344,59.010101318359375,59.01499938964844,106407,59.025001525878906
2026-04-29 10:30:00-04:00,59.043800354003906,59.04999923706055,59.02000045776367,59.025001525878906,38526,59.043800354003906
2026-04-29 10:35:00-04:00,59.060001373291016,59.06520080566406,59.040000915527344,59.04499816894531,86111,59.060001373291016
2026-04-29 10:40:00-04:00,59.04999923706055,59.05500030517578,59.04010009765625,59.04999923706055,86022,59.04999923706055
2026-04-29 10:45:00-04:00,59.04990005493164,59.060001373291016,59.040000915527344,59.05509948730469,76474,59.04990005493164
2026-04-29 10:50:00-04:00,59.05500030517578,59.060001373291016,59.03010177612305,59.04499816894531,101221,59.05500030517578
2026-04-29 10:55:00-04:00,59.043800354003906,59.060001373291016,59.040000915527344,59.05459976196289,97190,59.043800354003906
2026-04-29 11:00:00-04:00,59.02000045776367,59.04999923706055,59.02000045776367,59.04999923706055,109098,59.02000045776367
2026-04-29 11:05:00-04:00,59.0,59.029998779296875,58.994998931884766,59.025001525878906,135224,59.0
2026-04-29 11:10:00-04:00,58.98500061035156,59.0,58.96500015258789,58.994998931884766,119138,58.98500061035156
2026-04-29 11:15:00-04:00,58.994998931884766,59.0,58.970001220703125,58.97999954223633,189588,58.994998931884766
2026-04-29 11:20:00-04:00,59.0,59.005001068115234,58.9900016784668,58.994998931884766,71886,59.0
2026-04-29 11:25:00-04:00,59.005001068115234,59.0099983215332,58.9901008605957,58.994998931884766,60575,59.005001068115234
2026-04-29 11:30:00-04:00,59.0099983215332,59.02000045776367,58.994998931884766,59.005001068115234,63442,59.0099983215332
2026-04-29 11:35:00-04:00,59.0099983215332,59.02000045776367,59.00450134277344,59.01860046386719,49917,59.0099983215332
2026-04-29 11:40:00-04:00,59.0,59.02000045776367,58.994998931884766,59.0099983215332,86161,59.0
2026-04-29 11:45:00-04:00,59.0099983215332,59.02000045776367,58.994998931884766,58.994998931884766,49308,59.0099983215332
2026-04-29 11:50:00-04:00,58.959999084472656,59.02000045776367,58.94499969482422,59.0099983215332,361331,58.959999084472656
2026-04-29 11:55:00-04:00,58.974998474121094,58.97999954223633,58.95500183105469,58.959999084472656,62122,58.974998474121094
2026-04-29 12:00:00-04:00,58.984901428222656,58.9900016784668,58.970001220703125,58.970001220703125,31030,58.984901428222656
2026-04-29 12:05:00-04:00,58.9900016784668,59.0,58.981300354003906,58.98500061035156,57566,58.9900016784668
2026-04-29 12:10:00-04:00,58.974998474121094,58.994998931884766,58.970001220703125,58.98500061035156,187364,58.974998474121094
2026-04-29 12:15:00-04:00,58.94499969482422,58.97999954223633,58.939998626708984,58.974998474121094,80392,58.94499969482422
2026-04-29 12:20:00-04:00,58.95500183105469,58.959999084472656,58.94499969482422,58.9452018737793,81340,58.95500183105469
2026-04-29 12:25:00-04:00,58.939998626708984,58.959999084472656,58.939998626708984,58.95500183105469,55352,58.939998626708984
2026-04-29 12:30:00-04:00,58.90999984741211,58.93000030517578,58.900001525878906,58.93000030517578,102429,58.90999984741211
2026-04-29 12:35:00-04:00,58.9275016784668,58.9275016784668,58.90140151977539,58.90999984741211,51917,58.9275016784668
2026-04-29 12:40:00-04:00,58.935001373291016,58.95000076293945,58.920101165771484,58.92499923706055,49346,58.935001373291016
2026-04-29 12:45:00-04:00,58.94499969482422,58.94499969482422,58.93000030517578,58.939998626708984,42864,58.94499969482422
2026-04-29 12:50:00-04:00,58.935001373291016,58.95000076293945,58.935001373291016,58.939998626708984,71201,58.935001373291016
2026-04-29 12:55:00-04:00,58.93000030517578,58.939998626708984,58.90999984741211,58.935001373291016,55990,58.93000030517578
2026-04-29 13:00:00-04:00,58.90999984741211,58.93000030517578,58.90119934082031,58.93000030517578,64232,58.90999984741211
2026-04-29 13:05:00-04:00,58.929901123046875,58.93000030517578,58.914398193359375,58.914398193359375,40753,58.929901123046875
2026-04-29 13:10:00-04:00,58.92499923706055,58.93550109863281,58.920101165771484,58.93000030517578,36531,58.92499923706055
2026-04-29 13:15:00-04:00,58.93510055541992,58.93989944458008,58.91999816894531,58.93000030517578,26775,58.93510055541992
2026-04-29 13:20:00-04:00,58.931400299072266,58.95000076293945,58.93000030517578,58.935001373291016,50152,58.931400299072266
2026-04-29 13:25:00-04:00,58.93000030517578,58.93000030517578,58.91999816894531,58.93000030517578,44104,58.93000030517578
2026-04-29 13:30:00-04:00,58.93980026245117,58.95000076293945,58.93000030517578,58.939998626708984,56056,58.93980026245117
2026-04-29 13:35:00-04:00,58.935001373291016,58.939998626708984,58.93009948730469,58.935001373291016,54821,58.935001373291016
2026-04-29 13:40:00-04:00,58.935001373291016,58.939998626708984,58.92499923706055,58.93980026245117,75745,58.935001373291016
2026-04-29 13:45:00-04:00,58.94499969482422,58.95500183105469,58.93009948730469,58.93899917602539,62957,58.94499969482422
2026-04-29 13:50:00-04:00,58.94499969482422,58.959999084472656,58.940101623535156,58.95000076293945,43398,58.94499969482422
2026-04-29 13:55:00-04:00,58.95859909057617,58.96500015258789,58.939998626708984,58.94499969482422,48808,58.95859909057617
2026-04-29 14:00:00-04:00,58.91899871826172,58.970001220703125,58.904998779296875,58.970001220703125,88502,58.91899871826172
2026-04-29 14:05:00-04:00,58.899898529052734,58.935001373291016,58.88999938964844,58.90999984741211,137675,58.899898529052734
2026-04-29 14:10:00-04:00,58.915000915527344,58.91999816894531,58.88999938964844,58.900001525878906,70809,58.915000915527344
2026-04-29 14:15:00-04:00,58.931400299072266,58.94499969482422,58.91130065917969,58.91130065917969,155456,58.931400299072266
2026-04-29 14:20:00-04:00,58.946800231933594,58.95000076293945,58.93450164794922,58.935001373291016,28018,58.946800231933594
2026-04-29 14:25:00-04:00,58.92499923706055,58.94499969482422,58.920101165771484,58.94499969482422,67337,58.92499923706055
2026-04-29 14:30:00-04:00,58.92499923706055,58.935001373291016,58.904998779296875,58.92499923706055,108579,58.92499923706055
2026-04-29 14:35:00-04:00,58.935001373291016,58.970001220703125,58.92499923706055,58.92499923706055,108270,58.935001373291016
2026-04-29 14:40:00-04:00,58.900001525878906,58.935001373291016,58.900001525878906,58.935001373291016,175418,58.900001525878906
2026-04-29 14:45:00-04:00,58.94499969482422,58.949798583984375,58.88999938964844,58.904998779296875,78207,58.94499969482422
2026-04-29 14:50:00-04:00,58.959999084472656,58.96500015258789,58.94499969482422,58.95000076293945,375006,58.959999084472656
2026-04-29 14:55:00-04:00,58.97990036010742,58.97999954223633,58.95000076293945,58.95000076293945,100833,58.97990036010742
2026-04-29 15:00:00-04:00,58.970001220703125,58.9900016784668,58.96009826660156,58.97999954223633,43721,58.970001220703125
2026-04-29 15:05:00-04:00,58.9656982421875,58.974998474121094,58.95000076293945,58.970001220703125,51547,58.9656982421875
2026-04-29 15:10:00-04:00,58.994998931884766,59.0,58.96009826660156,58.96009826660156,101703,58.994998931884766
2026-04-29 15:15:00-04:00,58.994998931884766,59.009300231933594,58.9900016784668,59.0,141325,58.994998931884766
2026-04-29 15:20:00-04:00,58.98500061035156,58.994998931884766,58.970001220703125,58.994998931884766,78115,58.98500061035156
2026-04-29 15:25:00-04:00,58.995399475097656,59.0,58.98500061035156,58.9900016784668,163072,58.995399475097656
2026-04-29 15:30:00-04:00,58.959999084472656,58.9900016784668,58.95000076293945,58.9900016784668,95101,58.959999084472656
2026-04-29 15:35:00-04:00,58.96500015258789,58.974998474121094,58.95500183105469,58.96500015258789,122120,58.96500015258789
2026-04-29 15:40:00-04:00,58.959999084472656,58.970001220703125,58.95500183105469,58.970001220703125,42871,58.959999084472656
2026-04-29 15:45:00-04:00,58.95500183105469,58.96580123901367,58.95000076293945,58.95800018310547,86423,58.95500183105469
2026-04-29 15:50:00-04:00,58.970001220703125,58.970001220703125,58.939998626708984,58.95000076293945,211334,58.970001220703125
2026-04-29 15:55:00-04:00,58.994998931884766,59.0,58.959999084472656,58.970001220703125,348002,58.994998931884766
2026-04-30 09:30:00-04:00,59.064998626708984,59.220001220703125,59.04999923706055,59.209999084472656,701826,59.064998626708984
2026-04-30 09:35:00-04:00,59.03499984741211,59.080501556396484,59.03089904785156,59.060001373291016,212695,59.03499984741211
2026-04-30 09:40:00-04:00,59.09000015258789,59.095001220703125,59.0099983215332,59.03499984741211,188181,59.09000015258789
2026-04-30 09:45:00-04:00,59.099998474121094,59.11000061035156,59.04999923706055,59.09000015258789,222438,59.099998474121094
2026-04-30 09:50:00-04:00,59.025001525878906,59.109798431396484,59.02000045776367,59.09000015258789,213272,59.025001525878906
2026-04-30 09:55:00-04:00,59.029998779296875,59.040000915527344,58.9900016784668,59.02000045776367,361020,59.029998779296875
2026-04-30 10:00:00-04:00,59.05550003051758,59.06999969482422,59.025001525878906,59.029998779296875,223331,59.05550003051758
2026-04-30 10:05:00-04:00,58.99079895019531,59.064998626708984,58.98500061035156,59.060001373291016,161620,58.99079895019531
2026-04-30 10:10:00-04:00,59.019901275634766,59.04499816894531,58.974998474121094,58.994998931884766,159285,59.019901275634766
2026-04-30 10:15:00-04:00,58.9900016784668,59.025001525878906,58.94499969482422,59.02000045776367,169194,58.9900016784668
2026-04-30 10:20:00-04:00,59.025001525878906,59.03499984741211,58.9900016784668,59.0,145050,59.025001525878906
2026-04-30 10:25:00-04:00,59.0078010559082,59.02989959716797,58.97010040283203,59.025001525878906,122434,59.0078010559082
2026-04-30 10:30:00-04:00,58.989898681640625,59.04990005493164,58.98500061035156,59.0,137228,58.989898681640625
2026-04-30 10:35:00-04:00,58.95500183105469,59.0,58.95000076293945,58.999000549316406,59344,58.95500183105469
2026-04-30 10:40:00-04:00,59.01900100708008,59.02000045776367,58.96099853515625,58.970001220703125,138397,59.01900100708008
2026-04-30 10:45:00-04:00,59.04999923706055,59.060001373291016,59.025001525878906,59.02989959716797,98327,59.04999923706055
2026-04-30 10:50:00-04:00,59.095001220703125,59.095001220703125,59.03499984741211,59.040000915527344,201978,59.095001220703125
2026-04-30 10:55:00-04:00,59.10919952392578,59.119998931884766,59.0900993347168,59.095001220703125,104942,59.10919952392578
2026-04-30 11:00:00-04:00,59.1150016784668,59.13999938964844,59.099998474121094,59.11000061035156,126241,59.1150016784668
2026-04-30 11:05:00-04:00,59.12900161743164,59.130001068115234,59.09000015258789,59.11000061035156,181946,59.12900161743164
2026-04-30 11:10:00-04:00,59.125,59.13999938964844,59.099998474121094,59.130001068115234,118445,59.125
2026-04-30 11:15:00-04:00,59.10499954223633,59.13999938964844,59.10499954223633,59.12990188598633,168830,59.10499954223633
2026-04-30 11:20:00-04:00,59.119998931884766,59.119998931884766,59.095001220703125,59.109901428222656,95801,59.119998931884766
2026-04-30 11:25:00-04:00,59.11989974975586,59.130001068115234,59.100101470947266,59.1150016784668,140374,59.11989974975586
2026-04-30 11:30:00-04:00,59.12990188598633,59.150001525878906,59.1150016784668,59.1150016784668,136107,59.12990188598633
2026-04-30 11:35:00-04:00,59.097999572753906,59.125,59.09000015258789,59.119998931884766,78590,59.097999572753906
2026-04-30 11:40:00-04:00,59.095001220703125,59.11000061035156,59.08380126953125,59.099998474121094,98380,59.095001220703125
2026-04-30 11:45:00-04:00,59.09389877319336,59.099998474121094,59.064998626708984,59.09659957885742,51708,59.09389877319336
2026-04-30 11:50:00-04:00,59.125,59.130001068115234,59.095001220703125,59.099998474121094,67691,59.125
2026-04-30 11:55:00-04:00,59.10499954223633,59.13990020751953,59.10499954223633,59.125,43065,59.10499954223633
2026-04-30 12:00:00-04:00,59.10499954223633,59.11000061035156,59.07500076293945,59.099998474121094,98204,59.10499954223633
2026-04-30 12:05:00-04:00,59.10499954223633,59.119998931884766,59.099998474121094,59.10499954223633,68193,59.10499954223633
2026-04-30 12:10:00-04:00,59.136600494384766,59.13999938964844,59.10139846801758,59.10139846801758,238126,59.136600494384766
2026-04-30 12:15:00-04:00,59.1349983215332,59.138999938964844,59.119998931884766,59.1349983215332,34782,59.1349983215332
2026-04-30 12:20:00-04:00,59.1260986328125,59.13999938964844,59.119998931884766,59.13999938964844,73791,59.1260986328125
2026-04-30 12:25:00-04:00,59.125,59.130001068115234,59.11000061035156,59.119998931884766,44696,59.125
2026-04-30 12:30:00-04:00,59.1349983215332,59.13999938964844,59.119998931884766,59.130001068115234,76862,59.1349983215332
2026-04-30 12:35:00-04:00,59.1349983215332,59.1349983215332,59.119998931884766,59.1349983215332,61380,59.1349983215332
2026-04-30 12:40:00-04:00,59.1150016784668,59.13990020751953,59.1150016784668,59.1349983215332,134345,59.1150016784668
2026-04-30 12:45:00-04:00,59.119998931884766,59.119998931884766,59.099998474121094,59.1150016784668,61310,59.119998931884766
2026-04-30 12:50:00-04:00,59.09000015258789,59.119998931884766,59.084999084472656,59.11259841918945,48646,59.09000015258789
2026-04-30 12:55:00-04:00,59.084999084472656,59.09000015258789,59.070098876953125,59.09000015258789,61087,59.084999084472656
2026-04-30 13:00:00-04:00,59.1150016784668,59.130001068115234,59.084999084472656,59.084999084472656,74216,59.1150016784668
2026-04-30 13:05:00-04:00,59.136600494384766,59.13999938964844,59.119998931884766,59.119998931884766,35380,59.136600494384766
2026-04-30 13:10:00-04:00,59.14500045776367,59.150001525878906,59.130001068115234,59.1349983215332,48658,59.14500045776367
2026-04-30 13:15:00-04:00,59.138999938964844,59.150001525878906,59.131099700927734,59.14500045776367,63501,59.138999938964844
2026-04-30 13:20:00-04:00,59.150001525878906,59.150001525878906,59.130001068115234,59.13999938964844,125988,59.150001525878906
2026-04-30 13:25:00-04:00,59.154998779296875,59.154998779296875,59.13999938964844,59.14500045776367,62480,59.154998779296875
2026-04-30 13:30:00-04:00,59.165000915527344,59.18000030517578,59.154998779296875,59.154998779296875,91048,59.165000915527344
2026-04-30 13:35:00-04:00,59.16999816894531,59.16999816894531,59.15999984741211,59.161399841308594,50025,59.16999816894531
2026-04-30 13:40:00-04:00,59.167999267578125,59.18000030517578,59.160099029541016,59.16999816894531,93676,59.167999267578125
2026-04-30 13:45:00-04:00,59.18980026245117,59.189998626708984,59.16659927368164,59.16999816894531,46202,59.18980026245117
2026-04-30 13:50:00-04:00,59.185001373291016,59.189998626708984,59.18000030517578,59.185001373291016,68653,59.185001373291016
2026-04-30 13:55:00-04:00,59.19499969482422,59.20000076293945,59.185001373291016,59.185001373291016,70183,59.19499969482422
2026-04-30 14:00:00-04:00,59.21989822387695,59.22999954223633,59.19499969482422,59.20000076293945,72207,59.21989822387695
2026-04-30 14:05:00-04:00,59.21500015258789,59.224998474121094,59.209999084472656,59.21979904174805,53963,59.21500015258789
2026-04-30 14:10:00-04:00,59.21989822387695,59.220001220703125,59.209999084472656,59.21500015258789,74028,59.21989822387695
2026-04-30 14:15:00-04:00,59.224998474121094,59.22999954223633,59.2156982421875,59.220001220703125,36441,59.224998474121094
2026-04-30 14:20:00-04:00,59.22549819946289,59.22999954223633,59.21110153198242,59.224998474121094,56707,59.22549819946289
2026-04-30 14:25:00-04:00,59.21989822387695,59.220001220703125,59.21009826660156,59.220001220703125,37486,59.21989822387695
2026-04-30 14:30:00-04:00,59.22999954223633,59.23500061035156,59.220001220703125,59.220001220703125,80507,59.22999954223633
2026-04-30 14:35:00-04:00,59.230098724365234,59.2400016784668,59.224998474121094,59.224998474121094,30445,59.230098724365234
2026-04-30 14:40:00-04:00,59.23500061035156,59.2400016784668,59.22999954223633,59.23500061035156,60828,59.23500061035156
2026-04-30 14:45:00-04:00,59.237998962402344,59.2400016784668,59.22999954223633,59.23509979248047,74497,59.237998962402344
2026-04-30 14:50:00-04:00,59.236698150634766,59.2400016784668,59.22999954223633,59.23500061035156,52558,59.236698150634766
2026-04-30 14:55:00-04:00,59.230098724365234,59.2400016784668,59.22999954223633,59.236000061035156,97144,59.230098724365234
2026-04-30 15:00:00-04:00,59.2400016784668,59.25,59.22999954223633,59.23500061035156,140935,59.2400016784668
2026-04-30 15:05:00-04:00,59.255001068115234,59.2599983215332,59.2400016784668,59.2400016784668,69502,59.255001068115234
2026-04-30 15:10:00-04:00,59.26499938964844,59.27000045776367,59.255001068115234,59.255001068115234,60331,59.26499938964844
2026-04-30 15:15:00-04:00,59.275001525878906,59.279998779296875,59.26300048828125,59.26499938964844,37843,59.275001525878906
2026-04-30 15:20:00-04:00,59.27000045776367,59.279998779296875,59.27000045776367,59.278099060058594,75209,59.27000045776367
2026-04-30 15:25:00-04:00,59.27000045776367,59.279998779296875,59.27000045776367,59.27899932861328,43955,59.27000045776367
2026-04-30 15:30:00-04:00,59.275001525878906,59.279998779296875,59.26499938964844,59.275001525878906,68816,59.275001525878906
2026-04-30 15:35:00-04:00,59.275001525878906,59.279998779296875,59.27000045776367,59.275001525878906,141625,59.275001525878906
2026-04-30 15:40:00-04:00,59.28499984741211,59.290000915527344,59.27000045776367,59.275001525878906,112689,59.28499984741211
2026-04-30 15:45:00-04:00,59.290000915527344,59.290000915527344,59.28010177612305,59.289798736572266,119720,59.290000915527344
2026-04-30 15:50:00-04:00,59.285701751708984,59.29999923706055,59.26499938964844,59.290000915527344,360165,59.285701751708984
2026-04-30 15:55:00-04:00,59.27000045776367,59.30500030517578,59.27000045776367,59.279998779296875,208853,59.27000045776367
2026-05-01 09:30:00-04:00,58.79499816894531,58.810001373291016,58.73699951171875,58.779998779296875,687578,58.79499816894531
2026-05-01 09:35:00-04:00,58.834800720214844,58.83869934082031,58.790000915527344,58.79499816894531,382879,58.834800720214844
2026-05-01 09:40:00-04:00,58.84550094604492,58.859901428222656,58.83000183105469,58.84000015258789,132704,58.84550094604492
2026-05-01 09:45:00-04:00,58.84000015258789,58.85049819946289,58.81999969482422,58.8400993347168,117365,58.84000015258789
2026-05-01 09:50:00-04:00,58.839900970458984,58.8650016784668,58.82500076293945,58.845001220703125,208121,58.839900970458984
2026-05-01 09:55:00-04:00,58.899898529052734,58.900001525878906,58.834999084472656,58.834999084472656,113754,58.899898529052734
2026-05-01 10:00:00-04:00,58.904998779296875,58.91999816894531,58.8849983215332,58.900001525878906,127844,58.904998779296875
2026-05-01 10:05:00-04:00,58.88399887084961,58.904998779296875,58.87009811401367,58.904998779296875,103094,58.88399887084961
2026-05-01 10:10:00-04:00,58.890098571777344,58.911399841308594,58.880001068115234,58.888999938964844,113965,58.890098571777344
2026-05-01 10:15:00-04:00,58.875,58.899898529052734,58.86000061035156,58.899898529052734,139761,58.875
2026-05-01 10:20:00-04:00,58.875,58.900001525878906,58.869998931884766,58.880001068115234,107386,58.875
2026-05-01 10:25:00-04:00,58.86629867553711,58.8754997253418,58.8650016784668,58.875,42926,58.86629867553711
2026-05-01 10:30:00-04:00,58.818199157714844,58.86989974975586,58.814998626708984,58.84989929199219,130794,58.818199157714844
2026-05-01 10:35:00-04:00,58.82500076293945,58.82550048828125,58.779998779296875,58.81999969482422,137957,58.82500076293945
2026-05-01 10:40:00-04:00,58.834999084472656,58.845001220703125,58.810001373291016,58.81990051269531,61562,58.834999084472656
2026-05-01 10:45:00-04:00,58.845001220703125,58.84989929199219,58.83000183105469,58.834999084472656,62599,58.845001220703125
2026-05-01 10:50:00-04:00,58.83549880981445,58.849998474121094,58.814998626708984,58.84000015258789,282958,58.83549880981445
2026-05-01 10:55:00-04:00,58.81999969482422,58.849998474121094,58.814998626708984,58.83140182495117,57985,58.81999969482422
2026-05-01 11:00:00-04:00,58.79999923706055,58.81999969482422,58.779998779296875,58.814998626708984,107237,58.79999923706055
2026-05-01 11:05:00-04:00,58.810001373291016,58.81990051269531,58.79999923706055,58.79999923706055,65595,58.810001373291016
2026-05-01 11:10:00-04:00,58.834999084472656,58.845001220703125,58.80500030517578,58.81779861450195,54644,58.834999084472656
2026-05-01 11:15:00-04:00,58.834999084472656,58.849998474121094,58.830101013183594,58.839900970458984,74564,58.834999084472656
2026-05-01 11:20:00-04:00,58.849700927734375,58.86000061035156,58.84000015258789,58.849998474121094,72805,58.849700927734375
2026-05-01 11:25:00-04:00,58.84989929199219,58.849998474121094,58.84000015258789,58.849998474121094,52257,58.84989929199219
2026-05-01 11:30:00-04:00,58.85499954223633,58.86000061035156,58.8400993347168,58.849998474121094,45576,58.85499954223633
2026-05-01 11:35:00-04:00,58.8755989074707,58.88999938964844,58.849998474121094,58.849998474121094,135313,58.8755989074707
2026-05-01 11:40:00-04:00,58.875,58.880001068115234,58.86009979248047,58.875,84621,58.875
2026-05-01 11:45:00-04:00,58.875099182128906,58.880001068115234,58.8650016784668,58.875,76006,58.875099182128906
2026-05-01 11:50:00-04:00,58.84510040283203,58.880001068115234,58.814998626708984,58.880001068115234,164016,58.84510040283203
2026-05-01 11:55:00-04:00,58.86000061035156,58.86000061035156,58.849998474121094,58.849998474121094,59859,58.86000061035156
2026-05-01 12:00:00-04:00,58.85969924926758,58.869998931884766,58.85499954223633,58.86000061035156,50790,58.85969924926758
2026-05-01 12:05:00-04:00,58.82899856567383,58.86000061035156,58.82500076293945,58.8588981628418,61870,58.82899856567383
2026-05-01 12:10:00-04:00,58.834999084472656,58.84000015258789,58.81999969482422,58.83000183105469,44408,58.834999084472656
2026-05-01 12:15:00-04:00,58.84989929199219,58.849998474121094,58.83000183105469,58.834999084472656,128872,58.84989929199219
2026-05-01 12:20:00-04:00,58.845001220703125,58.86000061035156,58.82500076293945,58.84989929199219,103635,58.845001220703125
2026-05-01 12:25:00-04:00,58.83000183105469,58.84000015258789,58.81999969482422,58.84000015258789,71151,58.83000183105469
2026-05-01 12:30:00-04:00,58.820098876953125,58.839900970458984,58.810001373291016,58.82500076293945,62032,58.820098876953125
2026-05-01 12:35:00-04:00,58.834999084472656,58.834999084472656,58.814998626708984,58.81999969482422,64123,58.834999084472656
2026-05-01 12:40:00-04:00,58.810001373291016,58.84000015258789,58.810001373291016,58.834999084472656,52496,58.810001373291016
2026-05-01 12:45:00-04:00,58.81999969482422,58.83000183105469,58.810001373291016,58.810001373291016,30240,58.81999969482422
2026-05-01 12:50:00-04:00,58.847198486328125,58.847999572753906,58.81999969482422,58.82500076293945,40050,58.847198486328125
2026-05-01 12:55:00-04:00,58.845001220703125,58.85499954223633,58.84000015258789,58.849998474121094,52231,58.845001220703125
2026-05-01 13:00:00-04:00,58.845001220703125,58.85599899291992,58.83980178833008,58.845001220703125,32003,58.845001220703125
2026-05-01 13:05:00-04:00,58.849998474121094,58.849998474121094,58.84000015258789,58.84000015258789,18214,58.849998474121094
2026-05-01 13:10:00-04:00,58.85499954223633,58.86000061035156,58.84000015258789,58.845001220703125,28257,58.85499954223633
2026-05-01 13:15:00-04:00,58.8650016784668,58.8650016784668,58.85139846801758,58.85350036621094,18614,58.8650016784668
2026-05-01 13:20:00-04:00,58.8650016784668,58.869998931884766,58.85459899902344,58.8650016784668,42840,58.8650016784668
2026-05-01 13:25:00-04:00,58.86000061035156,58.869998931884766,58.849998474121094,58.86989974975586,44510,58.86000061035156
2026-05-01 13:30:00-04:00,58.85810089111328,58.869998931884766,58.849998474121094,58.86000061035156,49931,58.85810089111328
2026-05-01 13:35:00-04:00,58.845001220703125,58.86000061035156,58.84109878540039,58.85749816894531,39534,58.845001220703125
2026-05-01 13:40:00-04:00,58.85499954223633,58.86000061035156,58.84659957885742,58.849998474121094,45498,58.85499954223633
2026-05-01 13:45:00-04:00,58.86000061035156,58.86000061035156,58.849998474121094,58.859798431396484,44586,58.86000061035156
2026-05-01 13:50:00-04:00,58.85499954223633,58.86000061035156,58.849998474121094,58.85969924926758,20432,58.85499954223633
2026-05-01 13:55:00-04:00,58.85499954223633,58.86000061035156,58.850101470947266,58.856201171875,42817,58.85499954223633
2026-05-01 14:00:00-04:00,58.845001220703125,58.86000061035156,58.8380012512207,58.85499954223633,35181,58.845001220703125
2026-05-01 14:05:00-04:00,58.845001220703125,58.849998474121094,58.83000183105469,58.8400993347168,62676,58.845001220703125
2026-05-01 14:10:00-04:00,58.82500076293945,58.849998474121094,58.81999969482422,58.845001220703125,86886,58.82500076293945
2026-05-01 14:15:00-04:00,58.834999084472656,58.839900970458984,58.81999969482422,58.83000183105469,29834,58.834999084472656
2026-05-01 14:20:00-04:00,58.84510040283203,58.849998474121094,58.83000183105469,58.839900970458984,39050,58.84510040283203
2026-05-01 14:25:00-04:00,58.845001220703125,58.84989929199219,58.834999084472656,58.845001220703125,48100,58.845001220703125
2026-05-01 14:30:00-04:00,58.832401275634766,58.845699310302734,58.83000183105469,58.845001220703125,117883,58.832401275634766
2026-05-01 14:35:00-04:00,58.820098876953125,58.834999084472656,58.81999969482422,58.83000183105469,52723,58.820098876953125
2026-05-01 14:40:00-04:00,58.814998626708984,58.83000183105469,58.810001373291016,58.829898834228516,24709,58.814998626708984
2026-05-01 14:45:00-04:00,58.810001373291016,58.81999969482422,58.79999923706055,58.81990051269531,33804,58.810001373291016
2026-05-01 14:50:00-04:00,58.81610107421875,58.81990051269531,58.80400085449219,58.814998626708984,22737,58.81610107421875
2026-05-01 14:55:00-04:00,58.814998626708984,58.81990051269531,58.810001373291016,58.814998626708984,31052,58.814998626708984
2026-05-01 15:00:00-04:00,58.82500076293945,58.83000183105469,58.8140983581543,58.81999969482422,27277,58.82500076293945
2026-05-01 15:05:00-04:00,58.834999084472656,58.84000015258789,58.82500076293945,58.83000183105469,36333,58.834999084472656
2026-05-01 15:10:00-04:00,58.84769821166992,58.849998474121094,58.83399963378906,58.834999084472656,53291,58.84769821166992
2026-05-01 15:15:00-04:00,58.85499954223633,58.86000061035156,58.845001220703125,58.845001220703125,42303,58.85499954223633
2026-05-01 15:20:00-04:00,58.85749816894531,58.86000061035156,58.850101470947266,58.85499954223633,30430,58.85749816894531
2026-05-01 15:25:00-04:00,58.8650016784668,58.869998931884766,58.85499954223633,58.85749816894531,83902,58.8650016784668
2026-05-01 15:30:00-04:00,58.8650016784668,58.869998931884766,58.850101470947266,58.8650016784668,56235,58.8650016784668
2026-05-01 15:35:00-04:00,58.8650016784668,58.869998931884766,58.86000061035156,58.86970138549805,23569,58.8650016784668
2026-05-01 15:40:00-04:00,58.8650016784668,58.869998931884766,58.86000061035156,58.8650016784668,49881,58.8650016784668
2026-05-01 15:45:00-04:00,58.86000061035156,58.86989974975586,58.849998474121094,58.86000061035156,180266,58.86000061035156
2026-05-01 15:50:00-04:00,58.85029983520508,58.869998931884766,58.84000015258789,58.86000061035156,75634,58.85029983520508
2026-05-01 15:55:00-04:00,58.84000015258789,58.86000061035156,58.834598541259766,58.849998474121094,177523,58.84000015258789
2026-05-04 09:30:00-04:00,58.879798889160156,58.88999938964844,58.84000015258789,58.84000015258789,648462,58.879798889160156
2026-05-04 09:35:00-04:00,58.88010025024414,58.909000396728516,58.8650016784668,58.880001068115234,239454,58.88010025024414
2026-05-04 09:40:00-04:00,58.890098571777344,58.91999816894531,58.875,58.8849983215332,184929,58.890098571777344
2026-05-04 09:45:00-04:00,58.90010070800781,58.91999816894531,58.880001068115234,58.900001525878906,224281,58.90010070800781
2026-05-04 09:50:00-04:00,58.904998779296875,58.91999816894531,58.88999938964844,58.904998779296875,211974,58.904998779296875
2026-05-04 09:55:00-04:00,58.904998779296875,58.90999984741211,58.880001068115234,58.904998779296875,197802,58.904998779296875
2026-05-04 10:00:00-04:00,58.888999938964844,58.90999984741211,58.880001068115234,58.904998779296875,141108,58.888999938964844
2026-05-04 10:05:00-04:00,58.875,58.900001525878906,58.869998931884766,58.8849983215332,174432,58.875
2026-05-04 10:10:00-04:00,58.915000915527344,58.91999816894531,58.869998931884766,58.879798889160156,128471,58.915000915527344
2026-05-04 10:15:00-04:00,58.915000915527344,58.91999816894531,58.900001525878906,58.90999984741211,96212,58.915000915527344
2026-05-04 10:20:00-04:00,58.90999984741211,58.91999816894531,58.904998779296875,58.910099029541016,102908,58.90999984741211
2026-05-04 10:25:00-04:00,58.9099006652832,58.91999816894531,58.900001525878906,58.904998779296875,101179,58.9099006652832
2026-05-04 10:30:00-04:00,58.93000030517578,58.93000030517578,58.904998779296875,58.904998779296875,0,58.93000030517578
2026-05-04 10:35:00-04:00,58.94499969482422,58.95000076293945,58.91999816894531,58.92499923706055,2663387,58.94499969482422
2026-05-04 10:40:00-04:00,58.95500183105469,58.959999084472656,58.939998626708984,58.939998626708984,117995,58.95500183105469
2026-05-04 10:45:00-04:00,58.96500015258789,58.970001220703125,58.95500183105469,58.96500015258789,117737,58.96500015258789
2026-05-04 10:50:00-04:00,58.94499969482422,58.96500015258789,58.939998626708984,58.959999084472656,124949,58.94499969482422
2026-05-04 10:55:00-04:00,58.919898986816406,58.959999084472656,58.900001525878906,58.95000076293945,138737,58.919898986816406
2026-05-04 11:00:00-04:00,58.92499923706055,58.935001373291016,58.880001068115234,58.90999984741211,113648,58.92499923706055
2026-05-04 11:05:00-04:00,58.92499923706055,58.93000030517578,58.90999984741211,58.91999816894531,45308,58.92499923706055
2026-05-04 11:10:00-04:00,58.89500045776367,58.93000030517578,58.88999938964844,58.920101165771484,114253,58.89500045776367
2026-05-04 11:15:00-04:00,58.84000015258789,58.904998779296875,58.83000183105469,58.89500045776367,83836,58.84000015258789
2026-05-04 11:20:00-04:00,58.79999923706055,58.84989929199219,58.79499816894531,58.84000015258789,169821,58.79999923706055
2026-05-04 11:25:00-04:00,58.8380012512207,58.84989929199219,58.79499816894531,58.79499816894531,66197,58.8380012512207
2026-05-04 11:30:00-04:00,58.81999969482422,58.84000015258789,58.79999923706055,58.84000015258789,107399,58.81999969482422
2026-05-04 11:35:00-04:00,58.814998626708984,58.834999084472656,58.79999923706055,58.82500076293945,70243,58.814998626708984
2026-05-04 11:40:00-04:00,58.834999084472656,58.84000015258789,58.78499984741211,58.814998626708984,109390,58.834999084472656
2026-05-04 11:45:00-04:00,58.814998626708984,58.834999084472656,58.81010055541992,58.83000183105469,52594,58.814998626708984
2026-05-04 11:50:00-04:00,58.83000183105469,58.84000015258789,58.793800354003906,58.814998626708984,77855,58.83000183105469
2026-05-04 11:55:00-04:00,58.814998626708984,58.845001220703125,58.81380081176758,58.84000015258789,41448,58.814998626708984
2026-05-04 12:00:00-04:00,58.809898376464844,58.81999969482422,58.79999923706055,58.814998626708984,86189,58.809898376464844
2026-05-04 12:05:00-04:00,58.757198333740234,58.80500030517578,58.72999954223633,58.80500030517578,210687,58.757198333740234
2026-05-04 12:10:00-04:00,58.75,58.779998779296875,58.74250030517578,58.752601623535156,38376,58.75
2026-05-04 12:15:00-04:00,58.79999923706055,58.814998626708984,58.72999954223633,58.75,146268,58.79999923706055
2026-05-04 12:20:00-04:00,58.81999969482422,58.82500076293945,58.790000915527344,58.809898376464844,61934,58.81999969482422
2026-05-04 12:25:00-04:00,58.809898376464844,58.83000183105469,58.79999923706055,58.81999969482422,71641,58.809898376464844
2026-05-04 12:30:00-04:00,58.82500076293945,58.82500076293945,58.790000915527344,58.80500030517578,39387,58.82500076293945
2026-05-04 12:35:00-04:00,58.79010009765625,58.83000183105469,58.790000915527344,58.82500076293945,86825,58.79010009765625
2026-05-04 12:40:00-04:00,58.81650161743164,58.81999969482422,58.790000915527344,58.790000915527344,30043,58.81650161743164
2026-05-04 12:45:00-04:00,58.80350112915039,58.81999969482422,58.79999923706055,58.811100006103516,33443,58.80350112915039
2026-05-04 12:50:00-04:00,58.79990005493164,58.814998626708984,58.779998779296875,58.80500030517578,25730,58.79990005493164
2026-05-04 12:55:00-04:00,58.79999923706055,58.810001373291016,58.79499816894531,58.79999923706055,31575,58.79999923706055
2026-05-04 13:00:00-04:00,58.82500076293945,58.83000183105469,58.80500030517578,58.80970001220703,68476,58.82500076293945
2026-05-04 13:05:00-04:00,58.82500076293945,58.84000015258789,58.8213996887207,58.82600021362305,28766,58.82500076293945
2026-05-04 13:10:00-04:00,58.82500076293945,58.83940124511719,58.81999969482422,58.82500076293945,24949,58.82500076293945
2026-05-04 13:15:00-04:00,58.8650016784668,58.869998931884766,58.820098876953125,58.829898834228516,45817,58.8650016784668
2026-05-04 13:20:00-04:00,58.875,58.880001068115234,58.86009979248047,58.86989974975586,36596,58.875
2026-05-04 13:25:00-04:00,58.86009979248047,58.875,58.86000061035156,58.87009811401367,28418,58.86009979248047
2026-05-04 13:30:00-04:00,58.85499954223633,58.869998931884766,58.85499954223633,58.861000061035156,50301,58.85499954223633
2026-05-04 13:35:00-04:00,58.85929870605469,58.85929870605469,58.84000015258789,58.85860061645508,23618,58.85929870605469
2026-05-04 13:40:00-04:00,58.842899322509766,58.859901428222656,58.84000015258789,58.859901428222656,48460,58.842899322509766
2026-05-04 13:45:00-04:00,58.849998474121094,58.849998474121094,58.84000015258789,58.845001220703125,20950,58.849998474121094
2026-05-04 13:50:00-04:00,58.85409927368164,58.86000061035156,58.84339904785156,58.849998474121094,43104,58.85409927368164
2026-05-04 13:55:00-04:00,58.86989974975586,58.869998931884766,58.85139846801758,58.86000061035156,33545,58.86989974975586
2026-05-04 14:00:00-04:00,58.8849983215332,58.88999938964844,58.86000061035156,58.869998931884766,41614,58.8849983215332
2026-05-04 14:05:00-04:00,58.8760986328125,58.88999938964844,58.869998931884766,58.8849983215332,28149,58.8760986328125
2026-05-04 14:10:00-04:00,58.86539840698242,58.875,58.86000061035156,58.875,33135,58.86539840698242
2026-05-04 14:15:00-04:00,58.849998474121094,58.8650016784668,58.84989929199219,58.8650016784668,29912,58.849998474121094
2026-05-04 14:20:00-04:00,58.834999084472656,58.849998474121094,58.83000183105469,58.84560012817383,93982,58.834999084472656
2026-05-04 14:25:00-04:00,58.84000015258789,58.84000015258789,58.8140983581543,58.83000183105469,29600,58.84000015258789
2026-05-04 14:30:00-04:00,58.834999084472656,58.84000015258789,58.83000183105469,58.84000015258789,37764,58.834999084472656
2026-05-04 14:35:00-04:00,58.82500076293945,58.84000015258789,58.81999969482422,58.834999084472656,30678,58.82500076293945
2026-05-04 14:40:00-04:00,58.81100082397461,58.84000015258789,58.81100082397461,58.834999084472656,31567,58.81100082397461
2026-05-04 14:45:00-04:00,58.82500076293945,58.83000183105469,58.810001373291016,58.81010055541992,41289,58.82500076293945
2026-05-04 14:50:00-04:00,58.82500076293945,58.84000015258789,58.814998626708984,58.820098876953125,73535,58.82500076293945
2026-05-04 14:55:00-04:00,58.840301513671875,58.849998474121094,58.823699951171875,58.82500076293945,27812,58.840301513671875
2026-05-04 15:00:00-04:00,58.834999084472656,58.8484992980957,58.82500076293945,58.845001220703125,40476,58.834999084472656
2026-05-04 15:05:00-04:00,58.845001220703125,58.85499954223633,58.83000183105469,58.834999084472656,236183,58.845001220703125
2026-05-04 15:10:00-04:00,58.845001220703125,58.849998474121094,58.84000015258789,58.845001220703125,56849,58.845001220703125
2026-05-04 15:15:00-04:00,58.849998474121094,58.859901428222656,58.845001220703125,58.845001220703125,75033,58.849998474121094
2026-05-04 15:20:00-04:00,58.830101013183594,58.849998474121094,58.83000183105469,58.849998474121094,93519,58.830101013183594
2026-05-04 15:25:00-04:00,58.845001220703125,58.849998474121094,58.823699951171875,58.8380012512207,36435,58.845001220703125
2026-05-04 15:30:00-04:00,58.85499954223633,58.85499954223633,58.84000015258789,58.84560012817383,36609,58.85499954223633
2026-05-04 15:35:00-04:00,58.845001220703125,58.86000061035156,58.8400993347168,58.849998474121094,82529,58.845001220703125
2026-05-04 15:40:00-04:00,58.845001220703125,58.849998474121094,58.84000015258789,58.845001220703125,34471,58.845001220703125
2026-05-04 15:45:00-04:00,58.85499954223633,58.86000061035156,58.83000183105469,58.845001220703125,67975,58.85499954223633
2026-05-04 15:50:00-04:00,58.829898834228516,58.85499954223633,58.82500076293945,58.85499954223633,80680,58.829898834228516
2026-05-04 15:55:00-04:00,58.84000015258789,58.849998474121094,58.81999969482422,58.82500076293945,103223,58.84000015258789
2026-05-05 09:30:00-04:00,59.01499938964844,59.029998779296875,58.97890090942383,58.98500061035156,1018442,59.01499938964844
2026-05-05 09:35:00-04:00,59.03499984741211,59.040000915527344,59.010101318359375,59.01499938964844,229841,59.03499984741211
2026-05-05 09:40:00-04:00,59.05500030517578,59.05500030517578,59.029998779296875,59.03499984741211,165978,59.05500030517578
2026-05-05 09:45:00-04:00,59.05500030517578,59.079898834228516,59.04999923706055,59.060001373291016,115364,59.05500030517578
2026-05-05 09:50:00-04:00,59.05139923095703,59.08000183105469,59.04999923706055,59.05139923095703,188790,59.05139923095703
2026-05-05 09:55:00-04:00,59.058998107910156,59.06999969482422,59.04999923706055,59.050201416015625,105049,59.058998107910156
2026-05-05 10:00:00-04:00,59.04499816894531,59.060001373291016,59.029998779296875,59.04999923706055,127725,59.04499816894531
2026-05-05 10:05:00-04:00,59.04499816894531,59.060001373291016,59.040000915527344,59.04499816894531,520004,59.04499816894531
2026-05-05 10:10:00-04:00,59.010101318359375,59.05500030517578,59.005001068115234,59.04499816894531,124387,59.010101318359375
2026-05-05 10:15:00-04:00,59.0099983215332,59.03499984741211,58.994998931884766,59.0099983215332,177864,59.0099983215332
2026-05-05 10:20:00-04:00,59.04999923706055,59.04999923706055,59.001399993896484,59.005001068115234,84154,59.04999923706055
2026-05-05 10:25:00-04:00,59.05509948730469,59.06990051269531,59.04999923706055,59.04999923706055,155843,59.05509948730469
2026-05-05 10:30:00-04:00,59.05500030517578,59.060001373291016,59.040000915527344,59.05500030517578,146128,59.05500030517578
2026-05-05 10:35:00-04:00,59.03990173339844,59.060001373291016,59.029998779296875,59.05500030517578,60585,59.03990173339844
2026-05-05 10:40:00-04:00,59.025001525878906,59.04999923706055,59.02000045776367,59.03499984741211,127566,59.025001525878906
2026-05-05 10:45:00-04:00,59.03630065917969,59.040000915527344,59.02009963989258,59.0255012512207,154313,59.03630065917969
2026-05-05 10:50:00-04:00,59.03369903564453,59.040000915527344,59.0099983215332,59.03499984741211,101598,59.03369903564453
2026-05-05 10:55:00-04:00,59.03499984741211,59.040000915527344,59.029998779296875,59.03499984741211,103790,59.03499984741211
2026-05-05 11:00:00-04:00,59.04010009765625,59.04010009765625,59.025001525878906,59.03499984741211,65274,59.04010009765625
2026-05-05 11:05:00-04:00,59.04499816894531,59.04999923706055,59.029998779296875,59.04499816894531,71672,59.04499816894531
2026-05-05 11:10:00-04:00,59.05500030517578,59.060001373291016,59.040000915527344,59.04499816894531,65617,59.05500030517578
2026-05-05 11:15:00-04:00,59.04499816894531,59.060001373291016,59.040000915527344,59.05500030517578,61043,59.04499816894531
2026-05-05 11:20:00-04:00,59.05500030517578,59.060001373291016,59.040000915527344,59.04990005493164,116037,59.05500030517578
2026-05-05 11:25:00-04:00,59.040000915527344,59.060001373291016,59.040000915527344,59.05500030517578,63318,59.040000915527344
2026-05-05 11:30:00-04:00,59.04999923706055,59.05860137939453,59.040000915527344,59.04999923706055,46913,59.04999923706055
2026-05-05 11:35:00-04:00,59.05500030517578,59.060001373291016,59.044498443603516,59.04499816894531,63871,59.05500030517578
2026-05-05 11:40:00-04:00,59.04999923706055,59.060001373291016,59.04999923706055,59.05609893798828,82056,59.04999923706055
2026-05-05 11:45:00-04:00,59.064998626708984,59.06999969482422,59.04999923706055,59.05500030517578,116262,59.064998626708984
2026-05-05 11:50:00-04:00,59.06010055541992,59.06990051269531,59.060001373291016,59.060001373291016,33786,59.06010055541992
2026-05-05 11:55:00-04:00,59.05500030517578,59.06999969482422,59.04999923706055,59.06999969482422,87153,59.05500030517578
2026-05-05 12:00:00-04:00,59.059898376464844,59.060001373291016,59.04999923706055,59.05500030517578,51643,59.059898376464844
2026-05-05 12:05:00-04:00,59.06100082397461,59.06999969482422,59.04999923706055,59.060001373291016,59812,59.06100082397461
2026-05-05 12:10:00-04:00,59.06990051269531,59.06999969482422,59.060001373291016,59.06990051269531,59841,59.06990051269531
2026-05-05 12:15:00-04:00,59.064998626708984,59.06999969482422,59.060001373291016,59.064998626708984,37478,59.064998626708984
2026-05-05 12:20:00-04:00,59.068599700927734,59.06999969482422,59.060001373291016,59.064998626708984,63356,59.068599700927734
2026-05-05 12:25:00-04:00,59.03499984741211,59.06800079345703,59.012001037597656,59.064998626708984,135982,59.03499984741211
2026-05-05 12:30:00-04:00,59.025001525878906,59.03990173339844,59.02000045776367,59.03499984741211,42523,59.025001525878906
2026-05-05 12:35:00-04:00,59.02009963989258,59.04499816894531,59.02000045776367,59.025001525878906,65892,59.02009963989258
2026-05-05 12:40:00-04:00,59.029998779296875,59.029998779296875,59.0099983215332,59.02989959716797,59326,59.029998779296875
2026-05-05 12:45:00-04:00,59.04499816894531,59.04999923706055,59.0255012512207,59.02909851074219,65608,59.04499816894531
2026-05-05 12:50:00-04:00,59.040000915527344,59.04999923706055,59.029998779296875,59.04499816894531,38201,59.040000915527344
2026-05-05 12:55:00-04:00,59.04140090942383,59.04999923706055,59.040000915527344,59.04499816894531,39918,59.04140090942383
2026-05-05 13:00:00-04:00,59.040000915527344,59.04999923706055,59.03499984741211,59.04499816894531,59665,59.040000915527344
2026-05-05 13:05:00-04:00,59.03010177612305,59.04999923706055,59.03010177612305,59.04930114746094,55130,59.03010177612305
2026-05-05 13:10:00-04:00,59.03499984741211,59.040000915527344,59.029998779296875,59.03499984741211,34889,59.03499984741211
2026-05-05 13:15:00-04:00,59.060001373291016,59.060001373291016,59.038700103759766,59.038700103759766,50823,59.060001373291016
2026-05-05 13:20:00-04:00,59.05500030517578,59.060001373291016,59.04999923706055,59.05500030517578,34356,59.05500030517578
2026-05-05 13:25:00-04:00,59.05009841918945,59.060001373291016,59.04999923706055,59.05009841918945,37326,59.05009841918945
2026-05-05 13:30:00-04:00,59.04999923706055,59.060001373291016,59.04999923706055,59.059898376464844,42623,59.04999923706055
2026-05-05 13:35:00-04:00,59.05009841918945,59.060001373291016,59.04999923706055,59.05500030517578,29740,59.05009841918945
2026-05-05 13:40:00-04:00,59.05500030517578,59.060001373291016,59.04999923706055,59.052101135253906,48180,59.05500030517578
2026-05-05 13:45:00-04:00,59.059898376464844,59.060001373291016,59.04999923706055,59.05009841918945,48770,59.059898376464844
2026-05-05 13:50:00-04:00,59.060001373291016,59.060001373291016,59.04999923706055,59.04999923706055,29020,59.060001373291016
2026-05-05 13:55:00-04:00,59.05500030517578,59.060001373291016,59.04999923706055,59.05500030517578,59470,59.05500030517578
2026-05-05 14:00:00-04:00,59.064998626708984,59.064998626708984,59.04999923706055,59.05500030517578,88693,59.064998626708984
2026-05-05 14:05:00-04:00,59.063499450683594,59.06999969482422,59.060001373291016,59.06990051269531,45282,59.063499450683594
2026-05-05 14:10:00-04:00,59.07500076293945,59.08000183105469,59.060001373291016,59.064998626708984,80826,59.07500076293945
2026-05-05 14:15:00-04:00,59.07500076293945,59.08000183105469,59.06999969482422,59.07500076293945,53550,59.07500076293945
2026-05-05 14:20:00-04:00,59.06999969482422,59.08000183105469,59.064998626708984,59.08000183105469,85509,59.06999969482422
2026-05-05 14:25:00-04:00,59.070499420166016,59.08000183105469,59.06010055541992,59.064998626708984,57488,59.070499420166016
2026-05-05 14:30:00-04:00,59.07500076293945,59.08000183105469,59.064998626708984,59.07500076293945,71731,59.07500076293945
2026-05-05 14:35:00-04:00,59.060001373291016,59.08000183105469,59.060001373291016,59.06999969482422,25409,59.060001373291016
2026-05-05 14:40:00-04:00,59.07500076293945,59.08000183105469,59.060001373291016,59.06869888305664,62238,59.07500076293945
2026-05-05 14:45:00-04:00,59.0703010559082,59.08000183105469,59.06999969482422,59.07500076293945,41065,59.0703010559082
2026-05-05 14:50:00-04:00,59.060001373291016,59.08000183105469,59.060001373291016,59.07500076293945,70314,59.060001373291016
2026-05-05 14:55:00-04:00,59.06990051269531,59.06999969482422,59.060001373291016,59.060001373291016,47301,59.06990051269531
2026-05-05 15:00:00-04:00,59.0702018737793,59.08000183105469,59.064998626708984,59.06999969482422,30118,59.0702018737793
2026-05-05 15:05:00-04:00,59.07500076293945,59.08000183105469,59.06999969482422,59.0723991394043,56306,59.07500076293945
2026-05-05 15:10:00-04:00,59.08000183105469,59.09000015258789,59.06999969482422,59.08000183105469,127317,59.08000183105469
2026-05-05 15:15:00-04:00,59.07500076293945,59.084999084472656,59.070098876953125,59.08000183105469,39613,59.07500076293945
2026-05-05 15:20:00-04:00,59.064998626708984,59.08000183105469,59.060001373291016,59.08000183105469,33701,59.064998626708984
2026-05-05 15:25:00-04:00,59.064998626708984,59.06999969482422,59.060001373291016,59.06019973754883,25401,59.064998626708984
2026-05-05 15:30:00-04:00,59.06010055541992,59.06999969482422,59.060001373291016,59.064998626708984,33372,59.06010055541992
2026-05-05 15:35:00-04:00,59.06999969482422,59.06999969482422,59.060001373291016,59.064998626708984,25060,59.06999969482422
2026-05-05 15:40:00-04:00,59.060001373291016,59.06999969482422,59.04999923706055,59.06999969482422,86003,59.060001373291016
2026-05-05 15:45:00-04:00,59.05970001220703,59.06549835205078,59.04999923706055,59.060001373291016,24163,59.05970001220703
2026-05-05 15:50:00-04:00,59.03990173339844,59.05500030517578,59.029998779296875,59.04999923706055,72030,59.03990173339844
2026-05-05 15:55:00-04:00,59.05500030517578,59.060001373291016,59.03010177612305,59.03499984741211,76264,59.05500030517578
2026-05-06 09:30:00-04:00,59.28499984741211,59.290000915527344,59.150001525878906,59.165000915527344,1026560,59.28499984741211
2026-05-06 09:35:00-04:00,59.28499984741211,59.290000915527344,59.25,59.28499984741211,232533,59.28499984741211
2026-05-06 09:40:00-04:00,59.29499816894531,59.29999923706055,59.27000045776367,59.28499984741211,156664,59.29499816894531
2026-05-06 09:45:00-04:00,59.275001525878906,59.319801330566406,59.27009963989258,59.29999923706055,387482,59.275001525878906
2026-05-06 09:50:00-04:00,59.29069900512695,59.29999923706055,59.24140167236328,59.27840042114258,357945,59.29069900512695
2026-05-06 09:55:00-04:00,59.29499816894531,59.310001373291016,59.27009963989258,59.29999923706055,192206,59.29499816894531
2026-05-06 10:00:00-04:00,59.25600051879883,59.29999923706055,59.255001068115234,59.29610061645508,193118,59.25600051879883
2026-05-06 10:05:00-04:00,59.29999923706055,59.30670166015625,59.22999954223633,59.25669860839844,277500,59.29999923706055
2026-05-06 10:10:00-04:00,59.31669998168945,59.31999969482422,59.29499816894531,59.30500030517578,80705,59.31669998168945
2026-05-06 10:15:00-04:00,59.26499938964844,59.314998626708984,59.2599983215332,59.310001373291016,271002,59.26499938964844
2026-05-06 10:20:00-04:00,59.28850173950195,59.290000915527344,59.2599983215332,59.26499938964844,112870,59.28850173950195
2026-05-06 10:25:00-04:00,59.279998779296875,59.310001373291016,59.275001525878906,59.28070068359375,244999,59.279998779296875
2026-05-06 10:30:00-04:00,59.33000183105469,59.33000183105469,59.2760009765625,59.2760009765625,127280,59.33000183105469
2026-05-06 10:35:00-04:00,59.33000183105469,59.33000183105469,59.31999969482422,59.329898834228516,89955,59.33000183105469
2026-05-06 10:40:00-04:00,59.345001220703125,59.349998474121094,59.33000183105469,59.33000183105469,95450,59.345001220703125
2026-05-06 10:45:00-04:00,59.34510040283203,59.35639953613281,59.34000015258789,59.3400993347168,96647,59.34510040283203
2026-05-06 10:50:00-04:00,59.35499954223633,59.36000061035156,59.34000015258789,59.349998474121094,58028,59.35499954223633
2026-05-06 10:55:00-04:00,59.345001220703125,59.36349868774414,59.34000015258789,59.35919952392578,75655,59.345001220703125
2026-05-06 11:00:00-04:00,59.345001220703125,59.36000061035156,59.34000015258789,59.349998474121094,69509,59.345001220703125
2026-05-06 11:05:00-04:00,59.345001220703125,59.36000061035156,59.34000015258789,59.345001220703125,171986,59.345001220703125
2026-05-06 11:10:00-04:00,59.345001220703125,59.36000061035156,59.330101013183594,59.34989929199219,74865,59.345001220703125
2026-05-06 11:15:00-04:00,59.3650016784668,59.369998931884766,59.34000015258789,59.345001220703125,76655,59.3650016784668
2026-05-06 11:20:00-04:00,59.375,59.375,59.36000061035156,59.36470031738281,50597,59.375
2026-05-06 11:25:00-04:00,59.375,59.380001068115234,59.369998931884766,59.375099182128906,40743,59.375
2026-05-06 11:30:00-04:00,59.380001068115234,59.380001068115234,59.369998931884766,59.372798919677734,70343,59.380001068115234
2026-05-06 11:35:00-04:00,59.350101470947266,59.37990188598633,59.349998474121094,59.37990188598633,97081,59.350101470947266
2026-05-06 11:40:00-04:00,59.35499954223633,59.36009979248047,59.34000015258789,59.358699798583984,276338,59.35499954223633
2026-05-06 11:45:00-04:00,59.35599899291992,59.36000061035156,59.349998474121094,59.35499954223633,56557,59.35599899291992
2026-05-06 11:50:00-04:00,59.355899810791016,59.36000061035156,59.345001220703125,59.3557014465332,109359,59.355899810791016
2026-05-06 11:55:00-04:00,59.35499954223633,59.36000061035156,59.349998474121094,59.36000061035156,61721,59.35499954223633
2026-05-06 12:00:00-04:00,59.3650016784668,59.369998931884766,59.349998474121094,59.3572998046875,74821,59.3650016784668
2026-05-06 12:05:00-04:00,59.35850143432617,59.369998931884766,59.35499954223633,59.36669921875,60424,59.35850143432617
2026-05-06 12:10:00-04:00,59.36600112915039,59.369998931884766,59.349998474121094,59.36240005493164,46758,59.36600112915039
2026-05-06 12:15:00-04:00,59.35609817504883,59.369998931884766,59.349998474121094,59.36000061035156,70373,59.35609817504883
2026-05-06 12:20:00-04:00,59.349998474121094,59.349998474121094,59.34000015258789,59.349998474121094,71306,59.349998474121094
2026-05-06 12:25:00-04:00,59.345001220703125,59.349998474121094,59.34000015258789,59.34510040283203,105976,59.345001220703125
2026-05-06 12:30:00-04:00,59.349998474121094,59.349998474121094,59.34000015258789,59.345001220703125,137494,59.349998474121094
2026-05-06 12:35:00-04:00,59.345001220703125,59.349998474121094,59.33000183105469,59.34550094604492,142991,59.345001220703125
2026-05-06 12:40:00-04:00,59.345001220703125,59.349998474121094,59.34000015258789,59.3400993347168,24413,59.345001220703125
2026-05-06 12:45:00-04:00,59.334999084472656,59.3468017578125,59.33000183105469,59.345001220703125,39707,59.334999084472656
2026-05-06 12:50:00-04:00,59.334999084472656,59.34000015258789,59.33000183105469,59.334999084472656,55183,59.334999084472656
2026-05-06 12:55:00-04:00,59.335899353027344,59.339900970458984,59.31999969482422,59.330101013183594,76695,59.335899353027344
2026-05-06 13:00:00-04:00,59.34000015258789,59.349998474121094,59.334999084472656,59.334999084472656,42983,59.34000015258789
2026-05-06 13:05:00-04:00,59.35139846801758,59.36000061035156,59.34000015258789,59.345001220703125,41352,59.35139846801758
2026-05-06 13:10:00-04:00,59.35499954223633,59.36000061035156,59.349998474121094,59.349998474121094,41236,59.35499954223633
2026-05-06 13:15:00-04:00,59.3661003112793,59.3661003112793,59.349998474121094,59.35499954223633,38798,59.3661003112793
2026-05-06 13:20:00-04:00,59.349998474121094,59.369998931884766,59.349998474121094,59.36000061035156,91036,59.349998474121094
2026-05-06 13:25:00-04:00,59.35499954223633,59.36000061035156,59.349998474121094,59.3583984375,122163,59.35499954223633
2026-05-06 13:30:00-04:00,59.36009979248047,59.369998931884766,59.35499954223633,59.35499954223633,50439,59.36009979248047
2026-05-06 13:35:00-04:00,59.369998931884766,59.380001068115234,59.36000061035156,59.36000061035156,49358,59.369998931884766
2026-05-06 13:40:00-04:00,59.375,59.380001068115234,59.36349868774414,59.375,123752,59.375
2026-05-06 13:45:00-04:00,59.3650016784668,59.380001068115234,59.36000061035156,59.3765983581543,54796,59.3650016784668
2026-05-06 13:50:00-04:00,59.3650016784668,59.369998931884766,59.36000061035156,59.36989974975586,74562,59.3650016784668
2026-05-06 13:55:00-04:00,59.36009979248047,59.369998931884766,59.36000061035156,59.36479949951172,43158,59.36009979248047
2026-05-06 14:00:00-04:00,59.3650016784668,59.369998931884766,59.36000061035156,59.3650016784668,26247,59.3650016784668
2026-05-06 14:05:00-04:00,59.380001068115234,59.380001068115234,59.36000061035156,59.3650016784668,63467,59.380001068115234
2026-05-06 14:10:00-04:00,59.375,59.380001068115234,59.369998931884766,59.369998931884766,50237,59.375
2026-05-06 14:15:00-04:00,59.375,59.380001068115234,59.369998931884766,59.375,44360,59.375
2026-05-06 14:20:00-04:00,59.380001068115234,59.380001068115234,59.369998931884766,59.369998931884766,128415,59.380001068115234
2026-05-06 14:25:00-04:00,59.375,59.380001068115234,59.369998931884766,59.375,50711,59.375
2026-05-06 14:30:00-04:00,59.3849983215332,59.38999938964844,59.369998931884766,59.369998931884766,43734,59.3849983215332
2026-05-06 14:35:00-04:00,59.40010070800781,59.40999984741211,59.38999938964844,59.38999938964844,127744,59.40010070800781
2026-05-06 14:40:00-04:00,59.39500045776367,59.40679931640625,59.390098571777344,59.400001525878906,53354,59.39500045776367
2026-05-06 14:45:00-04:00,59.380001068115234,59.39649963378906,59.380001068115234,59.39500045776367,174006,59.380001068115234
2026-05-06 14:50:00-04:00,59.39500045776367,59.39649963378906,59.380001068115234,59.3849983215332,29985,59.39500045776367
2026-05-06 14:55:00-04:00,59.3849983215332,59.400001525878906,59.380001068115234,59.390098571777344,86739,59.3849983215332
2026-05-06 15:00:00-04:00,59.3849983215332,59.38999938964844,59.380001068115234,59.38999938964844,72456,59.3849983215332
2026-05-06 15:05:00-04:00,59.400001525878906,59.400001525878906,59.380001068115234,59.3849983215332,36970,59.400001525878906
2026-05-06 15:10:00-04:00,59.38999938964844,59.400001525878906,59.38999938964844,59.39500045776367,155981,59.38999938964844
2026-05-06 15:15:00-04:00,59.39500045776367,59.400001525878906,59.38999938964844,59.39500045776367,56016,59.39500045776367
2026-05-06 15:20:00-04:00,59.39500045776367,59.400001525878906,59.38999938964844,59.39500045776367,49187,59.39500045776367
2026-05-06 15:25:00-04:00,59.39500045776367,59.400001525878906,59.38999938964844,59.38999938964844,31945,59.39500045776367
2026-05-06 15:30:00-04:00,59.38959884643555,59.400001525878906,59.380001068115234,59.400001525878906,69637,59.38959884643555
2026-05-06 15:35:00-04:00,59.39569854736328,59.400001525878906,59.380001068115234,59.38800048828125,57902,59.39569854736328
2026-05-06 15:40:00-04:00,59.3849983215332,59.400001525878906,59.380001068115234,59.394500732421875,69723,59.3849983215332
2026-05-06 15:45:00-04:00,59.3849983215332,59.38999938964844,59.380001068115234,59.3849983215332,60984,59.3849983215332
2026-05-06 15:50:00-04:00,59.4099006652832,59.40999984741211,59.3849983215332,59.38999938964844,178515,59.4099006652832
2026-05-06 15:55:00-04:00,59.41699981689453,59.42900085449219,59.400001525878906,59.4099006652832,150995,59.41699981689453
2026-05-07 09:30:00-04:00,59.3849983215332,59.43000030517578,59.369998931884766,59.41999816894531,667016,59.3849983215332
2026-05-07 09:35:00-04:00,59.39500045776367,59.39500045776367,59.369998931884766,59.3849983215332,148077,59.39500045776367
2026-05-07 09:40:00-04:00,59.3650016784668,59.400001525878906,59.36000061035156,59.39500045776367,124316,59.3650016784668
2026-05-07 09:45:00-04:00,59.36859893798828,59.375,59.349998474121094,59.36640167236328,171680,59.36859893798828
2026-05-07 09:50:00-04:00,59.40599822998047,59.40599822998047,59.36000061035156,59.3650016784668,128966,59.40599822998047
2026-05-07 09:55:00-04:00,59.39500045776367,59.40999984741211,59.38999938964844,59.404998779296875,106220,59.39500045776367
2026-05-07 10:00:00-04:00,59.404998779296875,59.407100677490234,59.38999938964844,59.39500045776367,85989,59.404998779296875
2026-05-07 10:05:00-04:00,59.42499923706055,59.43000030517578,59.400001525878906,59.40919876098633,98483,59.42499923706055
2026-05-07 10:10:00-04:00,59.41490173339844,59.43000030517578,59.40999984741211,59.41999816894531,90370,59.41490173339844
2026-05-07 10:15:00-04:00,59.42499923706055,59.43000030517578,59.415000915527344,59.415000915527344,162277,59.42499923706055
2026-05-07 10:20:00-04:00,59.435001373291016,59.470001220703125,59.43000030517578,59.43000030517578,156420,59.435001373291016
2026-05-07 10:25:00-04:00,59.44499969482422,59.45000076293945,59.43450164794922,59.43450164794922,54011,59.44499969482422
2026-05-07 10:30:00-04:00,59.44499969482422,59.45000076293945,59.43450164794922,59.44499969482422,75025,59.44499969482422
2026-05-07 10:35:00-04:00,59.45500183105469,59.459999084472656,59.439998626708984,59.44499969482422,55756,59.45500183105469
2026-05-07 10:40:00-04:00,59.45000076293945,59.45989990234375,59.439998626708984,59.45500183105469,61415,59.45000076293945
2026-05-07 10:45:00-04:00,59.435001373291016,59.45650100708008,59.43000030517578,59.44990158081055,79248,59.435001373291016
2026-05-07 10:50:00-04:00,59.449798583984375,59.45000076293945,59.43000030517578,59.435001373291016,39850,59.449798583984375
2026-05-07 10:55:00-04:00,59.45500183105469,59.459999084472656,59.439998626708984,59.44499969482422,60209,59.45500183105469
2026-05-07 11:00:00-04:00,59.439998626708984,59.45000076293945,59.43000030517578,59.45000076293945,55779,59.439998626708984
2026-05-07 11:05:00-04:00,59.42499923706055,59.43989944458008,59.40999984741211,59.43989944458008,71902,59.42499923706055
2026-05-07 11:10:00-04:00,59.40999984741211,59.43000030517578,59.40999984741211,59.42499923706055,72355,59.40999984741211
2026-05-07 11:15:00-04:00,59.415000915527344,59.41999816894531,59.40999984741211,59.41600036621094,43620,59.415000915527344
2026-05-07 11:20:00-04:00,59.415000915527344,59.41999816894531,59.404998779296875,59.41999816894531,64136,59.415000915527344
2026-05-07 11:25:00-04:00,59.404998779296875,59.41999816894531,59.39500045776367,59.41999816894531,69835,59.404998779296875
2026-05-07 11:30:00-04:00,59.43000030517578,59.43000030517578,59.40230178833008,59.40999984741211,70914,59.43000030517578
2026-05-07 11:35:00-04:00,59.42100143432617,59.43000030517578,59.41999816894531,59.422000885009766,193075,59.42100143432617
2026-05-07 11:40:00-04:00,59.41999816894531,59.42679977416992,59.40999984741211,59.42499923706055,45346,59.41999816894531
2026-05-07 11:45:00-04:00,59.404998779296875,59.41999816894531,59.400001525878906,59.41999816894531,64134,59.404998779296875
2026-05-07 11:50:00-04:00,59.404998779296875,59.40999984741211,59.390098571777344,59.399898529052734,62430,59.404998779296875
2026-05-07 11:55:00-04:00,59.375,59.404998779296875,59.369998931884766,59.404998779296875,95346,59.375
2026-05-07 12:00:00-04:00,59.375,59.38639831542969,59.36000061035156,59.37990188598633,60041,59.375
2026-05-07 12:05:00-04:00,59.349998474121094,59.369998931884766,59.34000015258789,59.36000061035156,188380,59.349998474121094
2026-05-07 12:10:00-04:00,59.334999084472656,59.359901428222656,59.32500076293945,59.35499954223633,84167,59.334999084472656
2026-05-07 12:15:00-04:00,59.30500030517578,59.33000183105469,59.29499816894531,59.33000183105469,272262,59.30500030517578
2026-05-07 12:20:00-04:00,59.334999084472656,59.34000015258789,59.290000915527344,59.30500030517578,132488,59.334999084472656
2026-05-07 12:25:00-04:00,59.35419845581055,59.36000061035156,59.334999084472656,59.33639907836914,77315,59.35419845581055
2026-05-07 12:30:00-04:00,59.375,59.380001068115234,59.349998474121094,59.350101470947266,65181,59.375
2026-05-07 12:35:00-04:00,59.3400993347168,59.375,59.34000015258789,59.375,48811,59.3400993347168
2026-05-07 12:40:00-04:00,59.352298736572266,59.36000061035156,59.34000015258789,59.340999603271484,50260,59.352298736572266
2026-05-07 12:45:00-04:00,59.345001220703125,59.36000061035156,59.34349822998047,59.35860061645508,23720,59.345001220703125
2026-05-07 12:50:00-04:00,59.34510040283203,59.349998474121094,59.33000183105469,59.345001220703125,33361,59.34510040283203
2026-05-07 12:55:00-04:00,59.345001220703125,59.349998474121094,59.32500076293945,59.34659957885742,26933,59.345001220703125
2026-05-07 13:00:00-04:00,59.34989929199219,59.349998474121094,59.34000015258789,59.341400146484375,16082,59.34989929199219
2026-05-07 13:05:00-04:00,59.334999084472656,59.35499954223633,59.33000183105469,59.349998474121094,34926,59.334999084472656
2026-05-07 13:10:00-04:00,59.34000015258789,59.34000015258789,59.31999969482422,59.334999084472656,58362,59.34000015258789
2026-05-07 13:15:00-04:00,59.30500030517578,59.33000183105469,59.29499816894531,59.33000183105469,68008,59.30500030517578
2026-05-07 13:20:00-04:00,59.339900970458984,59.34000015258789,59.29349899291992,59.29499816894531,78243,59.339900970458984
2026-05-07 13:25:00-04:00,59.29499816894531,59.349998474121094,59.25,59.334999084472656,265068,59.29499816894531
2026-05-07 13:30:00-04:00,59.310001373291016,59.314998626708984,59.279998779296875,59.29999923706055,59680,59.310001373291016
2026-05-07 13:35:00-04:00,59.334999084472656,59.345001220703125,59.30500030517578,59.310001373291016,45760,59.334999084472656
2026-05-07 13:40:00-04:00,59.314998626708984,59.345001220703125,59.314998626708984,59.334999084472656,33668,59.314998626708984
2026-05-07 13:45:00-04:00,59.309898376464844,59.32500076293945,59.29999923706055,59.31990051269531,24297,59.309898376464844
2026-05-07 13:50:00-04:00,59.310001373291016,59.310001373291016,59.290000915527344,59.30979919433594,44136,59.310001373291016
2026-05-07 13:55:00-04:00,59.349998474121094,59.349998474121094,59.29999923706055,59.309898376464844,57927,59.349998474121094
2026-05-07 14:00:00-04:00,59.349998474121094,59.36000061035156,59.34109878540039,59.349998474121094,28463,59.349998474121094
2026-05-07 14:05:00-04:00,59.33000183105469,59.369998931884766,59.33000183105469,59.34989929199219,36809,59.33000183105469
2026-05-07 14:10:00-04:00,59.334999084472656,59.34000015258789,59.3203010559082,59.32500076293945,41983,59.334999084472656
2026-05-07 14:15:00-04:00,59.35499954223633,59.369998931884766,59.334999084472656,59.334999084472656,44504,59.35499954223633
2026-05-07 14:20:00-04:00,59.345001220703125,59.355899810791016,59.34000015258789,59.35499954223633,69073,59.345001220703125
2026-05-07 14:25:00-04:00,59.32500076293945,59.339900970458984,59.3213996887207,59.33380126953125,27229,59.32500076293945
2026-05-07 14:30:00-04:00,59.345001220703125,59.349998474121094,59.32500076293945,59.32500076293945,53424,59.345001220703125
2026-05-07 14:35:00-04:00,59.334999084472656,59.345001220703125,59.32419967651367,59.3400993347168,41757,59.334999084472656
2026-05-07 14:40:00-04:00,59.30500030517578,59.34000015258789,59.29499816894531,59.332801818847656,62947,59.30500030517578
2026-05-07 14:45:00-04:00,59.309898376464844,59.31999969482422,59.28450012207031,59.30500030517578,37201,59.309898376464844
2026-05-07 14:50:00-04:00,59.309898376464844,59.310001373291016,59.290000915527344,59.30609893798828,54086,59.309898376464844
2026-05-07 14:55:00-04:00,59.32500076293945,59.33000183105469,59.29999923706055,59.310001373291016,66216,59.32500076293945
2026-05-07 15:00:00-04:00,59.31010055541992,59.334999084472656,59.310001373291016,59.32500076293945,92208,59.31010055541992
2026-05-07 15:05:00-04:00,59.314998626708984,59.31999969482422,59.29999923706055,59.31990051269531,43964,59.314998626708984
2026-05-07 15:10:00-04:00,59.339900970458984,59.339900970458984,59.310001373291016,59.314998626708984,49122,59.339900970458984
2026-05-07 15:15:00-04:00,59.30500030517578,59.34000015258789,59.30379867553711,59.334999084472656,47563,59.30500030517578
2026-05-07 15:20:00-04:00,59.29499816894531,59.309898376464844,59.29499816894531,59.30500030517578,50887,59.29499816894531
2026-05-07 15:25:00-04:00,59.30979919433594,59.310001373291016,59.290000915527344,59.290000915527344,30986,59.30979919433594
2026-05-07 15:30:00-04:00,59.334999084472656,59.33769989013672,59.30509948730469,59.30509948730469,63179,59.334999084472656
2026-05-07 15:35:00-04:00,59.35499954223633,59.36000061035156,59.32109832763672,59.33000183105469,56277,59.35499954223633
2026-05-07 15:40:00-04:00,59.349998474121094,59.36000061035156,59.34000015258789,59.36000061035156,28203,59.349998474121094
2026-05-07 15:45:00-04:00,59.345001220703125,59.36159896850586,59.34000015258789,59.35499954223633,34422,59.345001220703125
2026-05-07 15:50:00-04:00,59.34000015258789,59.375099182128906,59.33000183105469,59.349998474121094,101531,59.34000015258789
2026-05-07 15:55:00-04:00,59.369998931884766,59.375,59.33000183105469,59.334999084472656,133659,59.369998931884766
2026-05-08 09:30:00-04:00,59.474998474121094,59.5,59.45000076293945,59.470001220703125,485962,59.474998474121094
2026-05-08 09:35:00-04:00,59.5,59.5,59.4739990234375,59.47999954223633,105397,59.5
2026-05-08 09:40:00-04:00,59.515899658203125,59.52000045776367,59.47999954223633,59.494998931884766,125977,59.515899658203125
2026-05-08 09:45:00-04:00,59.53010177612305,59.54999923706055,59.52000045776367,59.52000045776367,157345,59.53010177612305
2026-05-08 09:50:00-04:00,59.53499984741211,59.540000915527344,59.52000045776367,59.53499984741211,140669,59.53499984741211
2026-05-08 09:55:00-04:00,59.54999923706055,59.54999923706055,59.529998779296875,59.5364990234375,113113,59.54999923706055
2026-05-08 10:00:00-04:00,59.54999923706055,59.568599700927734,59.529998779296875,59.55500030517578,133633,59.54999923706055
2026-05-08 10:05:00-04:00,59.53499984741211,59.54999923706055,59.529998779296875,59.540000915527344,95321,59.53499984741211
2026-05-08 10:10:00-04:00,59.529998779296875,59.540000915527344,59.52000045776367,59.540000915527344,66189,59.529998779296875
2026-05-08 10:15:00-04:00,59.525001525878906,59.529998779296875,59.52000045776367,59.52989959716797,101320,59.525001525878906
2026-05-08 10:20:00-04:00,59.55500030517578,59.560001373291016,59.52109909057617,59.53459930419922,201247,59.55500030517578
2026-05-08 10:25:00-04:00,59.525001525878906,59.560001373291016,59.52000045776367,59.560001373291016,251652,59.525001525878906
2026-05-08 10:30:00-04:00,59.52399826049805,59.529998779296875,59.5099983215332,59.525001525878906,103256,59.52399826049805
2026-05-08 10:35:00-04:00,59.52069854736328,59.529998779296875,59.5099983215332,59.525001525878906,112652,59.52069854736328
2026-05-08 10:40:00-04:00,59.53499984741211,59.540000915527344,59.5099983215332,59.52220153808594,52007,59.53499984741211
2026-05-08 10:45:00-04:00,59.54499816894531,59.54999923706055,59.529998779296875,59.53499984741211,98804,59.54499816894531
2026-05-08 10:50:00-04:00,59.53990173339844,59.54999923706055,59.529998779296875,59.54499816894531,49509,59.53990173339844
2026-05-08 10:55:00-04:00,59.55009841918945,59.560001373291016,59.529998779296875,59.540000915527344,105630,59.55009841918945
2026-05-08 11:00:00-04:00,59.54600143432617,59.55500030517578,59.540000915527344,59.55500030517578,84418,59.54600143432617
2026-05-08 11:05:00-04:00,59.540000915527344,59.54999923706055,59.540000915527344,59.54499816894531,50755,59.540000915527344
2026-05-08 11:10:00-04:00,59.54999923706055,59.54999923706055,59.53099822998047,59.54499816894531,90827,59.54999923706055
2026-05-08 11:15:00-04:00,59.540000915527344,59.54999923706055,59.529998779296875,59.54970169067383,179809,59.540000915527344
2026-05-08 11:20:00-04:00,59.54499816894531,59.560001373291016,59.53499984741211,59.53499984741211,54087,59.54499816894531
2026-05-08 11:25:00-04:00,59.54880142211914,59.54999923706055,59.540000915527344,59.54010009765625,36695,59.54880142211914
2026-05-08 11:30:00-04:00,59.54999923706055,59.54999923706055,59.529998779296875,59.544700622558594,141360,59.54999923706055
2026-05-08 11:35:00-04:00,59.559898376464844,59.560001373291016,59.54999923706055,59.54999923706055,72707,59.559898376464844
2026-05-08 11:40:00-04:00,59.54990005493164,59.560001373291016,59.529998779296875,59.55099868774414,178054,59.54990005493164
2026-05-08 11:45:00-04:00,59.559898376464844,59.560001373291016,59.540000915527344,59.540000915527344,43966,59.559898376464844
2026-05-08 11:50:00-04:00,59.56010055541992,59.567501068115234,59.54999923706055,59.55500030517578,96484,59.56010055541992
2026-05-08 11:55:00-04:00,59.55009841918945,59.56589889526367,59.54999923706055,59.564998626708984,90116,59.55009841918945
2026-05-08 12:00:00-04:00,59.55860137939453,59.560001373291016,59.54999923706055,59.55500030517578,30206,59.55860137939453
2026-05-08 12:05:00-04:00,59.559898376464844,59.560001373291016,59.54999923706055,59.560001373291016,67409,59.559898376464844
2026-05-08 12:10:00-04:00,59.564998626708984,59.56999969482422,59.55009841918945,59.55500030517578,30819,59.564998626708984
2026-05-08 12:15:00-04:00,59.564998626708984,59.56999969482422,59.560001373291016,59.564998626708984,24137,59.564998626708984
2026-05-08 12:20:00-04:00,59.56999969482422,59.56999969482422,59.560001373291016,59.564998626708984,46645,59.56999969482422
2026-05-08 12:25:00-04:00,59.584999084472656,59.59000015258789,59.56999969482422,59.56999969482422,107178,59.584999084472656
2026-05-08 12:30:00-04:00,59.58209991455078,59.59000015258789,59.58000183105469,59.58150100708008,34438,59.58209991455078
2026-05-08 12:35:00-04:00,59.57500076293945,59.59000015258789,59.56999969482422,59.59000015258789,240590,59.57500076293945
2026-05-08 12:40:00-04:00,59.55500030517578,59.58000183105469,59.55500030517578,59.57500076293945,215720,59.55500030517578
2026-05-08 12:45:00-04:00,59.560001373291016,59.56999969482422,59.54999923706055,59.55500030517578,112093,59.560001373291016
2026-05-08 12:50:00-04:00,59.54759979248047,59.564998626708984,59.540000915527344,59.564998626708984,42243,59.54759979248047
2026-05-08 12:55:00-04:00,59.54499816894531,59.54999923706055,59.540000915527344,59.54499816894531,41021,59.54499816894531
2026-05-08 13:00:00-04:00,59.54499816894531,59.560001373291016,59.534400939941406,59.53990173339844,63738,59.54499816894531
2026-05-08 13:05:00-04:00,59.53990173339844,59.54999923706055,59.529998779296875,59.53499984741211,138364,59.53990173339844
2026-05-08 13:10:00-04:00,59.54499816894531,59.54999923706055,59.540000915527344,59.540000915527344,50418,59.54499816894531
2026-05-08 13:15:00-04:00,59.54499816894531,59.54999923706055,59.540000915527344,59.54499816894531,98242,59.54499816894531
2026-05-08 13:20:00-04:00,59.55950164794922,59.560001373291016,59.540000915527344,59.54499816894531,57070,59.55950164794922
2026-05-08 13:25:00-04:00,59.54499816894531,59.560001373291016,59.540000915527344,59.55009841918945,217597,59.54499816894531
2026-05-08 13:30:00-04:00,59.54499816894531,59.54999923706055,59.540000915527344,59.54499816894531,55174,59.54499816894531
2026-05-08 13:35:00-04:00,59.53499984741211,59.54999923706055,59.529998779296875,59.54499816894531,153241,59.53499984741211
2026-05-08 13:40:00-04:00,59.53889846801758,59.540000915527344,59.529998779296875,59.53499984741211,54362,59.53889846801758
2026-05-08 13:45:00-04:00,59.529998779296875,59.540000915527344,59.529998779296875,59.53990173339844,115340,59.529998779296875
2026-05-08 13:50:00-04:00,59.532100677490234,59.540000915527344,59.52000045776367,59.53499984741211,403305,59.532100677490234
2026-05-08 13:55:00-04:00,59.529998779296875,59.540000915527344,59.529998779296875,59.53990173339844,35996,59.529998779296875
2026-05-08 14:00:00-04:00,59.540000915527344,59.54999923706055,59.525001525878906,59.53499984741211,153424,59.540000915527344
2026-05-08 14:05:00-04:00,59.53990173339844,59.540000915527344,59.529998779296875,59.53990173339844,67421,59.53990173339844
2026-05-08 14:10:00-04:00,59.5453987121582,59.54999923706055,59.529998779296875,59.529998779296875,52866,59.5453987121582
2026-05-08 14:15:00-04:00,59.54499816894531,59.560001373291016,59.540000915527344,59.54999923706055,264695,59.54499816894531
2026-05-08 14:20:00-04:00,59.54499816894531,59.54999923706055,59.540000915527344,59.54499816894531,21315,59.54499816894531
2026-05-08 14:25:00-04:00,59.55500030517578,59.560001373291016,59.540000915527344,59.54819869995117,47720,59.55500030517578
2026-05-08 14:30:00-04:00,59.55500030517578,59.560001373291016,59.54999923706055,59.54999923706055,35398,59.55500030517578
2026-05-08 14:35:00-04:00,59.55979919433594,59.560001373291016,59.54999923706055,59.55500030517578,29374,59.55979919433594
2026-05-08 14:40:00-04:00,59.560001373291016,59.560001373291016,59.54999923706055,59.55500030517578,110389,59.560001373291016
2026-05-08 14:45:00-04:00,59.54499816894531,59.54999923706055,59.540000915527344,59.54999923706055,107419,59.54499816894531
2026-05-08 14:50:00-04:00,59.560001373291016,59.560001373291016,59.540000915527344,59.54010009765625,79856,59.560001373291016
2026-05-08 14:55:00-04:00,59.535099029541016,59.560001373291016,59.529998779296875,59.560001373291016,199515,59.535099029541016
2026-05-08 15:00:00-04:00,59.54010009765625,59.54999923706055,59.53499984741211,59.53499984741211,82940,59.54010009765625
2026-05-08 15:05:00-04:00,59.564998626708984,59.56610107421875,59.540000915527344,59.540000915527344,49328,59.564998626708984
2026-05-08 15:10:00-04:00,59.559898376464844,59.56999969482422,59.54999923706055,59.560001373291016,42738,59.559898376464844
2026-05-08 15:15:00-04:00,59.55500030517578,59.560001373291016,59.54999923706055,59.55609893798828,50640,59.55500030517578
2026-05-08 15:20:00-04:00,59.54499816894531,59.564998626708984,59.54499816894531,59.559898376464844,91701,59.54499816894531
2026-05-08 15:25:00-04:00,59.53499984741211,59.54999923706055,59.53010177612305,59.54499816894531,92098,59.53499984741211
2026-05-08 15:30:00-04:00,59.540000915527344,59.54999923706055,59.53499984741211,59.537200927734375,34286,59.540000915527344
2026-05-08 15:35:00-04:00,59.56010055541992,59.56990051269531,59.540000915527344,59.54499816894531,51188,59.56010055541992
2026-05-08 15:40:00-04:00,59.57500076293945,59.579898834228516,59.560001373291016,59.564998626708984,43583,59.57500076293945
2026-05-08 15:45:00-04:00,59.57609939575195,59.59000015258789,59.56999969482422,59.579898834228516,44983,59.57609939575195
2026-05-08 15:50:00-04:00,59.599998474121094,59.599998474121094,59.58000183105469,59.58000183105469,61760,59.599998474121094
2026-05-08 15:55:00-04:00,59.599998474121094,59.599998474121094,59.58000183105469,59.595001220703125,144221,59.599998474121094
2026-05-11 09:30:00-04:00,59.665000915527344,59.66999816894531,59.51499938964844,59.52000045776367,752641,59.665000915527344
2026-05-11 09:35:00-04:00,59.654998779296875,59.66999816894531,59.619998931884766,59.64500045776367,400256,59.654998779296875
2026-05-11 09:40:00-04:00,59.665000915527344,59.669898986816406,59.63999938964844,59.654998779296875,182161,59.665000915527344
2026-05-11 09:45:00-04:00,59.649898529052734,59.66999816894531,59.64500045776367,59.665000915527344,153169,59.649898529052734
2026-05-11 09:50:00-04:00,59.625,59.65999984741211,59.61000061035156,59.64500045776367,312316,59.625
2026-05-11 09:55:00-04:00,59.6150016784668,59.630001068115234,59.60499954223633,59.619998931884766,322232,59.6150016784668
2026-05-11 10:00:00-04:00,59.640098571777344,59.650001525878906,59.619998931884766,59.619998931884766,110459,59.640098571777344
2026-05-11 10:05:00-04:00,59.65999984741211,59.66999816894531,59.6422004699707,59.6422004699707,123012,59.65999984741211
2026-05-11 10:10:00-04:00,59.67499923706055,59.67499923706055,59.640098571777344,59.654998779296875,135774,59.67499923706055
2026-05-11 10:15:00-04:00,59.6614990234375,59.67660140991211,59.65999984741211,59.67599868774414,90621,59.6614990234375
2026-05-11 10:20:00-04:00,59.65999984741211,59.66999816894531,59.65999984741211,59.665000915527344,85736,59.65999984741211
2026-05-11 10:25:00-04:00,59.6150016784668,59.66550064086914,59.6150016784668,59.65999984741211,435335,59.6150016784668
2026-05-11 10:30:00-04:00,59.64500045776367,59.649898529052734,59.61000061035156,59.6150016784668,165908,59.64500045776367
2026-05-11 10:35:00-04:00,59.66170120239258,59.669898986816406,59.63999938964844,59.63999938964844,100930,59.66170120239258
2026-05-11 10:40:00-04:00,59.66999816894531,59.68000030517578,59.65999984741211,59.665000915527344,96055,59.66999816894531
2026-05-11 10:45:00-04:00,59.67499923706055,59.68000030517578,59.65999984741211,59.67499923706055,79468,59.67499923706055
2026-05-11 10:50:00-04:00,59.68989944458008,59.689998626708984,59.66999816894531,59.67499923706055,61852,59.68989944458008
2026-05-11 10:55:00-04:00,59.685001373291016,59.689998626708984,59.67499923706055,59.685001373291016,45514,59.685001373291016
2026-05-11 11:00:00-04:00,59.68009948730469,59.689998626708984,59.66999816894531,59.685001373291016,52002,59.68009948730469
2026-05-11 11:05:00-04:00,59.689998626708984,59.689998626708984,59.67409896850586,59.68000030517578,51536,59.689998626708984
2026-05-11 11:10:00-04:00,59.665000915527344,59.689998626708984,59.665000915527344,59.68989944458008,86881,59.665000915527344
2026-05-11 11:15:00-04:00,59.66999816894531,59.679901123046875,59.65999984741211,59.665000915527344,58088,59.66999816894531
2026-05-11 11:20:00-04:00,59.680999755859375,59.689998626708984,59.66019821166992,59.66999816894531,83461,59.680999755859375
2026-05-11 11:25:00-04:00,59.70000076293945,59.70000076293945,59.68000030517578,59.685001373291016,74910,59.70000076293945
2026-05-11 11:30:00-04:00,59.694000244140625,59.70000076293945,59.68479919433594,59.69499969482422,57581,59.694000244140625
2026-05-11 11:35:00-04:00,59.703800201416016,59.709999084472656,59.689998626708984,59.69499969482422,110852,59.703800201416016
2026-05-11 11:40:00-04:00,59.709999084472656,59.71549987792969,59.70000076293945,59.70500183105469,153717,59.709999084472656
2026-05-11 11:45:00-04:00,59.70500183105469,59.71500015258789,59.70000076293945,59.70500183105469,82961,59.70500183105469
2026-05-11 11:50:00-04:00,59.71670150756836,59.720001220703125,59.69499969482422,59.70500183105469,82463,59.71670150756836
2026-05-11 11:55:00-04:00,59.71500015258789,59.720001220703125,59.709999084472656,59.71500015258789,33846,59.71500015258789
2026-05-11 12:00:00-04:00,59.71969985961914,59.720001220703125,59.709999084472656,59.709999084472656,32639,59.71969985961914
2026-05-11 12:05:00-04:00,59.72990036010742,59.72990036010742,59.709999084472656,59.709999084472656,121648,59.72990036010742
2026-05-11 12:10:00-04:00,59.724998474121094,59.72999954223633,59.720001220703125,59.72930145263672,75856,59.724998474121094
2026-05-11 12:15:00-04:00,59.71500015258789,59.72990036010742,59.709999084472656,59.720001220703125,38637,59.71500015258789
2026-05-11 12:20:00-04:00,59.71989822387695,59.720001220703125,59.709999084472656,59.71500015258789,45902,59.71989822387695
2026-05-11 12:25:00-04:00,59.720001220703125,59.72999954223633,59.71500015258789,59.720001220703125,88029,59.720001220703125
2026-05-11 12:30:00-04:00,59.72990036010742,59.72999954223633,59.72010040283203,59.724300384521484,55232,59.72990036010742
2026-05-11 12:35:00-04:00,59.724998474121094,59.72999954223633,59.72010040283203,59.72999954223633,101640,59.724998474121094
2026-05-11 12:40:00-04:00,59.709999084472656,59.724998474121094,59.685001373291016,59.724998474121094,244902,59.709999084472656
2026-05-11 12:45:00-04:00,59.71500015258789,59.720001220703125,59.709999084472656,59.71500015258789,51015,59.71500015258789
2026-05-11 12:50:00-04:00,59.71009826660156,59.720001220703125,59.70000076293945,59.71500015258789,94729,59.71009826660156
2026-05-11 12:55:00-04:00,59.71500015258789,59.720001220703125,59.709999084472656,59.71500015258789,32342,59.71500015258789
2026-05-11 13:00:00-04:00,59.724998474121094,59.72990036010742,59.71500015258789,59.71500015258789,45955,59.724998474121094
2026-05-11 13:05:00-04:00,59.72999954223633,59.72999954223633,59.720001220703125,59.72850036621094,23759,59.72999954223633
2026-05-11 13:10:00-04:00,59.709999084472656,59.724998474121094,59.70000076293945,59.724998474121094,96283,59.709999084472656
2026-05-11 13:15:00-04:00,59.70500183105469,59.71989822387695,59.70000076293945,59.70500183105469,32430,59.70500183105469
2026-05-11 13:20:00-04:00,59.72549819946289,59.72999954223633,59.70000076293945,59.70500183105469,34192,59.72549819946289
2026-05-11 13:25:00-04:00,59.739898681640625,59.7400016784668,59.724998474121094,59.72999954223633,29073,59.739898681640625
2026-05-11 13:30:00-04:00,59.73619842529297,59.7400016784668,59.720001220703125,59.73500061035156,62595,59.73619842529297
2026-05-11 13:35:00-04:00,59.739898681640625,59.7400016784668,59.72999954223633,59.73529815673828,42141,59.739898681640625
2026-05-11 13:40:00-04:00,59.737300872802734,59.7400016784668,59.730201721191406,59.739898681640625,46594,59.737300872802734
2026-05-11 13:45:00-04:00,59.744998931884766,59.75,59.73500061035156,59.7400016784668,76503,59.744998931884766
2026-05-11 13:50:00-04:00,59.7400016784668,59.75,59.7400016784668,59.744998931884766,58373,59.7400016784668
2026-05-11 13:55:00-04:00,59.724998474121094,59.7400016784668,59.724998474121094,59.7400016784668,66659,59.724998474121094
2026-05-11 14:00:00-04:00,59.73500061035156,59.7400016784668,59.724998474121094,59.724998474121094,41214,59.73500061035156
2026-05-11 14:05:00-04:00,59.75,59.75,59.72999954223633,59.73500061035156,51659,59.75
2026-05-11 14:10:00-04:00,59.744998931884766,59.75,59.730098724365234,59.75,66630,59.744998931884766
2026-05-11 14:15:00-04:00,59.73500061035156,59.74549865722656,59.72999954223633,59.744998931884766,101047,59.73500061035156
2026-05-11 14:20:00-04:00,59.744998931884766,59.744998931884766,59.72999954223633,59.739898681640625,65463,59.744998931884766
2026-05-11 14:25:00-04:00,59.73500061035156,59.749900817871094,59.72999954223633,59.74549865722656,51232,59.73500061035156
2026-05-11 14:30:00-04:00,59.7400016784668,59.7400016784668,59.72999954223633,59.73509979248047,97004,59.7400016784668
2026-05-11 14:35:00-04:00,59.735801696777344,59.7400016784668,59.72999954223633,59.73500061035156,32948,59.735801696777344
2026-05-11 14:40:00-04:00,59.73500061035156,59.739898681640625,59.72999954223633,59.73149871826172,33746,59.73500061035156
2026-05-11 14:45:00-04:00,59.73500061035156,59.7400016784668,59.72999954223633,59.73500061035156,116876,59.73500061035156
2026-05-11 14:50:00-04:00,59.73500061035156,59.7400016784668,59.72999954223633,59.7400016784668,38753,59.73500061035156
2026-05-11 14:55:00-04:00,59.71099853515625,59.739898681640625,59.709999084472656,59.73099899291992,167377,59.71099853515625
2026-05-11 15:00:00-04:00,59.70500183105469,59.720001220703125,59.70500183105469,59.71149826049805,50096,59.70500183105469
2026-05-11 15:05:00-04:00,59.72990036010742,59.72990036010742,59.70500183105469,59.70500183105469,32482,59.72990036010742
2026-05-11 15:10:00-04:00,59.720001220703125,59.72990036010742,59.709999084472656,59.72460174560547,106208,59.720001220703125
2026-05-11 15:15:00-04:00,59.709999084472656,59.71989822387695,59.70000076293945,59.71500015258789,80119,59.709999084472656
2026-05-11 15:20:00-04:00,59.70000076293945,59.71500015258789,59.70000076293945,59.71500015258789,30405,59.70000076293945
2026-05-11 15:25:00-04:00,59.690101623535156,59.709999084472656,59.689998626708984,59.70500183105469,141355,59.690101623535156
2026-05-11 15:30:00-04:00,59.70500183105469,59.709999084472656,59.689998626708984,59.69609832763672,62902,59.70500183105469
2026-05-11 15:35:00-04:00,59.690101623535156,59.69770050048828,59.689998626708984,59.689998626708984,22999,59.690101623535156
2026-05-11 15:40:00-04:00,59.689998626708984,59.70000076293945,59.68000030517578,59.689998626708984,41101,59.689998626708984
2026-05-11 15:45:00-04:00,59.70500183105469,59.70500183105469,59.689998626708984,59.690101623535156,46888,59.70500183105469
2026-05-11 15:50:00-04:00,59.71500015258789,59.71989822387695,59.70000076293945,59.70000076293945,105277,59.71500015258789
2026-05-11 15:55:00-04:00,59.709999084472656,59.71799850463867,59.70000076293945,59.709999084472656,208885,59.709999084472656
2026-05-12 09:30:00-04:00,59.649898529052734,59.65999984741211,59.58000183105469,59.650001525878906,609064,59.649898529052734
2026-05-12 09:35:00-04:00,59.63999938964844,59.64500045776367,59.599998474121094,59.64500045776367,134298,59.63999938964844
2026-05-12 09:40:00-04:00,59.65999984741211,59.66999816894531,59.630001068115234,59.650001525878906,282231,59.65999984741211
2026-05-12 09:45:00-04:00,59.625,59.67499923706055,59.61000061035156,59.66999816894531,467559,59.625
2026-05-12 09:50:00-04:00,59.630001068115234,59.63990020751953,59.60499954223633,59.619998931884766,107581,59.630001068115234
2026-05-12 09:55:00-04:00,59.561500549316406,59.6255989074707,59.54999923706055,59.625,156357,59.561500549316406
2026-05-12 10:00:00-04:00,59.564998626708984,59.59000015258789,59.54010009765625,59.564998626708984,166920,59.564998626708984
2026-05-12 10:05:00-04:00,59.57500076293945,59.59000015258789,59.55149841308594,59.564998626708984,161938,59.57500076293945
2026-05-12 10:10:00-04:00,59.6150016784668,59.619998931884766,59.56999969482422,59.57500076293945,81810,59.6150016784668
2026-05-12 10:15:00-04:00,59.619998931884766,59.619998931884766,59.584999084472656,59.61140060424805,82991,59.619998931884766
2026-05-12 10:20:00-04:00,59.58000183105469,59.619998931884766,59.56999969482422,59.619998931884766,109262,59.58000183105469
2026-05-12 10:25:00-04:00,59.54999923706055,59.595001220703125,59.540000915527344,59.584999084472656,140400,59.54999923706055
2026-05-12 10:30:00-04:00,59.515499114990234,59.54100036621094,59.474998474121094,59.54100036621094,453704,59.515499114990234
2026-05-12 10:35:00-04:00,59.55500030517578,59.56999969482422,59.5,59.529998779296875,128333,59.55500030517578
2026-05-12 10:40:00-04:00,59.55500030517578,59.57609939575195,59.53030014038086,59.560001373291016,102035,59.55500030517578
2026-05-12 10:45:00-04:00,59.525001525878906,59.559898376464844,59.52000045776367,59.559898376464844,110748,59.525001525878906
2026-05-12 10:50:00-04:00,59.54999923706055,59.560001373291016,59.52000045776367,59.52000045776367,100902,59.54999923706055
2026-05-12 10:55:00-04:00,59.525001525878906,59.560001373291016,59.52000045776367,59.55400085449219,130745,59.525001525878906
2026-05-12 11:00:00-04:00,59.499298095703125,59.53900146484375,59.4901008605957,59.52299880981445,268159,59.499298095703125
2026-05-12 11:05:00-04:00,59.53499984741211,59.53499984741211,59.48899841308594,59.498600006103516,75561,59.53499984741211
2026-05-12 11:10:00-04:00,59.4901008605957,59.53499984741211,59.4900016784668,59.52000045776367,96592,59.4901008605957
2026-05-12 11:15:00-04:00,59.474998474121094,59.4900016784668,59.459999084472656,59.4900016784668,154411,59.474998474121094
2026-05-12 11:20:00-04:00,59.4286003112793,59.47999954223633,59.41999816894531,59.473899841308594,141763,59.4286003112793
2026-05-12 11:25:00-04:00,59.435001373291016,59.45000076293945,59.40999984741211,59.42499923706055,0,59.435001373291016
2026-05-12 11:30:00-04:00,59.474998474121094,59.48500061035156,59.41999816894531,59.44499969482422,4560415,59.474998474121094
2026-05-12 11:35:00-04:00,59.47990036010742,59.489898681640625,59.45500183105469,59.470001220703125,133795,59.47990036010742
2026-05-12 11:40:00-04:00,59.47999954223633,59.47999954223633,59.45000076293945,59.479698181152344,78031,59.47999954223633
2026-05-12 11:45:00-04:00,59.45500183105469,59.47999954223633,59.45000076293945,59.47999954223633,39821,59.45500183105469
2026-05-12 11:50:00-04:00,59.435001373291016,59.459999084472656,59.43000030517578,59.45000076293945,121529,59.435001373291016
2026-05-12 11:55:00-04:00,59.400001525878906,59.43000030517578,59.400001525878906,59.42499923706055,88906,59.400001525878906
2026-05-12 12:00:00-04:00,59.444000244140625,59.45000076293945,59.39030075073242,59.404998779296875,110771,59.444000244140625
2026-05-12 12:05:00-04:00,59.41999816894531,59.45000076293945,59.41999816894531,59.44499969482422,47528,59.41999816894531
2026-05-12 12:10:00-04:00,59.459999084472656,59.470001220703125,59.41999816894531,59.41999816894531,69223,59.459999084472656
2026-05-12 12:15:00-04:00,59.44499969482422,59.459999084472656,59.439998626708984,59.455501556396484,34447,59.44499969482422
2026-05-12 12:20:00-04:00,59.42499923706055,59.44499969482422,59.404998779296875,59.44499969482422,86024,59.42499923706055
2026-05-12 12:25:00-04:00,59.415000915527344,59.43000030517578,59.415000915527344,59.43000030517578,46984,59.415000915527344
2026-05-12 12:30:00-04:00,59.39500045776367,59.41699981689453,59.380001068115234,59.415000915527344,85062,59.39500045776367
2026-05-12 12:35:00-04:00,59.400001525878906,59.42499923706055,59.400001525878906,59.400001525878906,89142,59.400001525878906
2026-05-12 12:40:00-04:00,59.39500045776367,59.41999816894531,59.369998931884766,59.40079879760742,112649,59.39500045776367
2026-05-12 12:45:00-04:00,59.38050079345703,59.40999984741211,59.369998931884766,59.40999984741211,91172,59.38050079345703
2026-05-12 12:50:00-04:00,59.373600006103516,59.39500045776367,59.369998931884766,59.38759994506836,68736,59.373600006103516
2026-05-12 12:55:00-04:00,59.375,59.3849983215332,59.36000061035156,59.369998931884766,73666,59.375
2026-05-12 13:00:00-04:00,59.415000915527344,59.41640090942383,59.38090133666992,59.38090133666992,51718,59.415000915527344
2026-05-12 13:05:00-04:00,59.435001373291016,59.45000076293945,59.415000915527344,59.415000915527344,50945,59.435001373291016
2026-05-12 13:10:00-04:00,59.46500015258789,59.46500015258789,59.43000030517578,59.435001373291016,147258,59.46500015258789
2026-05-12 13:15:00-04:00,59.489898681640625,59.5,59.46030044555664,59.463600158691406,60127,59.489898681640625
2026-05-12 13:20:00-04:00,59.51499938964844,59.54999923706055,59.494998931884766,59.49980163574219,75326,59.51499938964844
2026-05-12 13:25:00-04:00,59.4901008605957,59.5099983215332,59.48500061035156,59.5099983215332,49455,59.4901008605957
2026-05-12 13:30:00-04:00,59.529998779296875,59.529998779296875,59.49409866333008,59.494998931884766,43993,59.529998779296875
2026-05-12 13:35:00-04:00,59.51499938964844,59.53499984741211,59.5,59.529998779296875,43900,59.51499938964844
2026-05-12 13:40:00-04:00,59.525001525878906,59.529998779296875,59.51350021362305,59.519901275634766,27214,59.525001525878906
2026-05-12 13:45:00-04:00,59.5099983215332,59.53499984741211,59.503501892089844,59.525001525878906,57074,59.5099983215332
2026-05-12 13:50:00-04:00,59.53499984741211,59.53990173339844,59.505001068115234,59.52000045776367,36627,59.53499984741211
2026-05-12 13:55:00-04:00,59.53499984741211,59.54999923706055,59.51499938964844,59.540000915527344,82673,59.53499984741211
2026-05-12 14:00:00-04:00,59.5453987121582,59.54999923706055,59.525001525878906,59.53990173339844,59804,59.5453987121582
2026-05-12 14:05:00-04:00,59.540000915527344,59.54999923706055,59.525001525878906,59.54999923706055,33082,59.540000915527344
2026-05-12 14:10:00-04:00,59.55500030517578,59.555999755859375,59.53010177612305,59.540000915527344,47645,59.55500030517578
2026-05-12 14:15:00-04:00,59.564998626708984,59.56999969482422,59.54999923706055,59.55500030517578,57148,59.564998626708984
2026-05-12 14:20:00-04:00,59.564998626708984,59.58000183105469,59.55009841918945,59.56999969482422,44065,59.564998626708984
2026-05-12 14:25:00-04:00,59.584999084472656,59.599998474121094,59.57500076293945,59.58000183105469,83822,59.584999084472656
2026-05-12 14:30:00-04:00,59.590301513671875,59.60499954223633,59.59000015258789,59.592098236083984,42676,59.590301513671875
2026-05-12 14:35:00-04:00,59.58000183105469,59.599998474121094,59.58000183105469,59.59000015258789,74899,59.58000183105469
2026-05-12 14:40:00-04:00,59.584999084472656,59.595001220703125,59.58000183105469,59.58000183105469,77773,59.584999084472656
2026-05-12 14:45:00-04:00,59.564998626708984,59.58000183105469,59.55009841918945,59.58000183105469,49494,59.564998626708984
2026-05-12 14:50:00-04:00,59.58140182495117,59.589900970458984,59.562400817871094,59.56999969482422,18382,59.58140182495117
2026-05-12 14:55:00-04:00,59.54999923706055,59.59000015258789,59.54999923706055,59.58000183105469,59203,59.54999923706055
2026-05-12 15:00:00-04:00,59.56999969482422,59.56999969482422,59.56010055541992,59.56999969482422,49214,59.56999969482422
2026-05-12 15:05:00-04:00,59.58000183105469,59.59000015258789,59.560001373291016,59.564998626708984,36535,59.58000183105469
2026-05-12 15:10:00-04:00,59.6150016784668,59.619998931884766,59.58000183105469,59.59000015258789,45427,59.6150016784668
2026-05-12 15:15:00-04:00,59.6150016784668,59.625,59.61000061035156,59.61000061035156,43859,59.6150016784668
2026-05-12 15:20:00-04:00,59.60499954223633,59.6150016784668,59.584999084472656,59.6150016784668,71945,59.60499954223633
2026-05-12 15:25:00-04:00,59.60499954223633,59.61000061035156,59.602901458740234,59.60499954223633,103999,59.60499954223633
2026-05-12 15:30:00-04:00,59.63990020751953,59.650001525878906,59.61000061035156,59.61000061035156,35758,59.63990020751953
2026-05-12 15:35:00-04:00,59.64659881591797,59.64659881591797,59.630001068115234,59.63999938964844,79699,59.64659881591797
2026-05-12 15:40:00-04:00,59.654998779296875,59.65999984741211,59.63999938964844,59.64500045776367,46259,59.654998779296875
2026-05-12 15:45:00-04:00,59.650001525878906,59.659698486328125,59.6349983215332,59.650001525878906,81154,59.650001525878906
2026-05-12 15:50:00-04:00,59.65999984741211,59.68000030517578,59.650001525878906,59.650001525878906,89686,59.65999984741211
2026-05-12 15:55:00-04:00,59.654998779296875,59.66999816894531,59.650001525878906,59.654998779296875,82549,59.654998779296875
2026-05-13 09:30:00-04:00,59.7599983215332,59.76499938964844,59.720001220703125,59.7400016784668,466536,59.7599983215332
2026-05-13 09:35:00-04:00,59.71500015258789,59.7599983215332,59.70100021362305,59.7599983215332,129640,59.71500015258789
2026-05-13 09:40:00-04:00,59.73500061035156,59.7599983215332,59.70909881591797,59.71009826660156,115994,59.73500061035156
2026-05-13 09:45:00-04:00,59.690101623535156,59.73500061035156,59.63999938964844,59.73500061035156,205749,59.690101623535156
2026-05-13 09:50:00-04:00,59.77000045776367,59.77000045776367,59.665000915527344,59.70000076293945,120746,59.77000045776367
2026-05-13 09:55:00-04:00,59.7400016784668,59.768001556396484,59.720001220703125,59.76499938964844,84118,59.7400016784668
2026-05-13 10:00:00-04:00,59.73500061035156,59.744998931884766,59.724998474121094,59.73849868774414,146744,59.73500061035156
2026-05-13 10:05:00-04:00,59.709999084472656,59.75,59.689998626708984,59.730098724365234,112684,59.709999084472656
2026-05-13 10:10:00-04:00,59.739898681640625,59.755001068115234,59.709999084472656,59.724998474121094,121713,59.739898681640625
2026-05-13 10:15:00-04:00,59.7400016784668,59.755001068115234,59.72999954223633,59.73500061035156,109082,59.7400016784668
2026-05-13 10:20:00-04:00,59.79100036621094,59.79999923706055,59.72999954223633,59.7400016784668,110788,59.79100036621094
2026-05-13 10:25:00-04:00,59.79499816894531,59.810001373291016,59.790199279785156,59.79499816894531,83517,59.79499816894531
2026-05-13 10:30:00-04:00,59.81589889526367,59.81999969482422,59.790000915527344,59.79999923706055,62855,59.81589889526367
2026-05-13 10:35:00-04:00,59.79499816894531,59.81999969482422,59.78990173339844,59.81999969482422,39411,59.79499816894531
2026-05-13 10:40:00-04:00,59.79999923706055,59.810001373291016,59.790000915527344,59.79499816894531,52081,59.79999923706055
2026-05-13 10:45:00-04:00,59.80500030517578,59.810001373291016,59.790000915527344,59.80500030517578,40389,59.80500030517578
2026-05-13 10:50:00-04:00,59.82500076293945,59.83000183105469,59.80400085449219,59.804500579833984,51733,59.82500076293945
2026-05-13 10:55:00-04:00,59.834999084472656,59.84000015258789,59.8203010559082,59.830101013183594,56286,59.834999084472656
2026-05-13 11:00:00-04:00,59.84000015258789,59.849998474121094,59.83000183105469,59.834999084472656,64570,59.84000015258789
2026-05-13 11:05:00-04:00,59.835899353027344,59.84000015258789,59.83000183105469,59.84000015258789,79315,59.835899353027344
2026-05-13 11:10:00-04:00,59.81010055541992,59.835899353027344,59.79999923706055,59.830101013183594,135942,59.81010055541992
2026-05-13 11:15:00-04:00,59.79999923706055,59.81999969482422,59.79999923706055,59.810001373291016,42520,59.79999923706055
2026-05-13 11:20:00-04:00,59.79499816894531,59.810001373291016,59.790000915527344,59.809898376464844,35444,59.79499816894531
2026-05-13 11:25:00-04:00,59.78099822998047,59.79570007324219,59.775001525878906,59.79010009765625,59788,59.78099822998047
2026-05-13 11:30:00-04:00,59.79499816894531,59.79859924316406,59.77000045776367,59.789398193359375,36305,59.79499816894531
2026-05-13 11:35:00-04:00,59.79499816894531,59.80509948730469,59.790000915527344,59.79990005493164,37694,59.79499816894531
2026-05-13 11:40:00-04:00,59.81999969482422,59.84000015258789,59.790000915527344,59.79140090942383,94639,59.81999969482422
2026-05-13 11:45:00-04:00,59.814998626708984,59.83000183105469,59.81010055541992,59.82500076293945,44574,59.814998626708984
2026-05-13 11:50:00-04:00,59.809200286865234,59.810001373291016,59.790000915527344,59.80500030517578,27044,59.809200286865234
2026-05-13 11:55:00-04:00,59.779998779296875,59.809898376464844,59.779998779296875,59.809898376464844,66273,59.779998779296875
2026-05-13 12:00:00-04:00,59.814998626708984,59.81999969482422,59.78499984741211,59.78499984741211,72901,59.814998626708984
2026-05-13 12:05:00-04:00,59.82500076293945,59.829898834228516,59.810001373291016,59.814998626708984,39183,59.82500076293945
2026-05-13 12:10:00-04:00,59.834999084472656,59.84000015258789,59.81999969482422,59.82500076293945,46752,59.834999084472656
2026-05-13 12:15:00-04:00,59.834999084472656,59.84000015258789,59.83000183105469,59.84000015258789,22414,59.834999084472656
2026-05-13 12:20:00-04:00,59.859901428222656,59.8650016784668,59.83140182495117,59.83140182495117,45218,59.859901428222656
2026-05-13 12:25:00-04:00,59.86000061035156,59.869998931884766,59.849998474121094,59.85499954223633,32051,59.86000061035156
2026-05-13 12:30:00-04:00,59.8650016784668,59.869998931884766,59.850101470947266,59.86989974975586,104891,59.8650016784668
2026-05-13 12:35:00-04:00,59.8650016784668,59.869998931884766,59.86000061035156,59.869300842285156,30836,59.8650016784668
2026-05-13 12:40:00-04:00,59.86000061035156,59.869998931884766,59.86000061035156,59.869998931884766,70861,59.86000061035156
2026-05-13 12:45:00-04:00,59.8650016784668,59.869998931884766,59.849998474121094,59.8650016784668,38607,59.8650016784668
2026-05-13 12:50:00-04:00,59.8650016784668,59.86989974975586,59.849998474121094,59.8650016784668,29689,59.8650016784668
2026-05-13 12:55:00-04:00,59.875,59.880001068115234,59.86009979248047,59.8672981262207,33304,59.875
2026-05-13 13:00:00-04:00,59.8849983215332,59.88999938964844,59.869998931884766,59.87139892578125,91798,59.8849983215332
2026-05-13 13:05:00-04:00,59.8828010559082,59.88999938964844,59.880001068115234,59.88999938964844,27187,59.8828010559082
2026-05-13 13:10:00-04:00,59.899898529052734,59.899898529052734,59.880001068115234,59.8849983215332,21890,59.899898529052734
2026-05-13 13:15:00-04:00,59.8849983215332,59.900001525878906,59.880001068115234,59.89500045776367,56832,59.8849983215332
2026-05-13 13:20:00-04:00,59.880001068115234,59.88999938964844,59.880001068115234,59.8849983215332,24303,59.880001068115234
2026-05-13 13:25:00-04:00,59.88990020751953,59.88999938964844,59.875,59.880001068115234,38981,59.88990020751953
2026-05-13 13:30:00-04:00,59.88990020751953,59.88999938964844,59.878501892089844,59.88999938964844,28176,59.88990020751953
2026-05-13 13:35:00-04:00,59.885398864746094,59.88999938964844,59.880001068115234,59.880001068115234,33580,59.885398864746094
2026-05-13 13:40:00-04:00,59.89500045776367,59.900001525878906,59.8849983215332,59.8849983215332,39242,59.89500045776367
2026-05-13 13:45:00-04:00,59.89500045776367,59.900001525878906,59.88999938964844,59.89619827270508,34358,59.89500045776367
2026-05-13 13:50:00-04:00,59.89500045776367,59.900001525878906,59.88999938964844,59.900001525878906,29327,59.89500045776367
2026-05-13 13:55:00-04:00,59.880001068115234,59.900001525878906,59.875,59.900001525878906,50925,59.880001068115234
2026-05-13 14:00:00-04:00,59.89500045776367,59.900001525878906,59.869998931884766,59.880001068115234,32581,59.89500045776367
2026-05-13 14:05:00-04:00,59.900001525878906,59.90999984741211,59.890098571777344,59.89500045776367,43044,59.900001525878906
2026-05-13 14:10:00-04:00,59.92499923706055,59.92499923706055,59.90800094604492,59.90999984741211,59127,59.92499923706055
2026-05-13 14:15:00-04:00,59.935298919677734,59.939998626708984,59.93000030517578,59.93000030517578,22256,59.935298919677734
2026-05-13 14:20:00-04:00,59.940101623535156,59.95000076293945,59.93000030517578,59.935001373291016,33878,59.940101623535156
2026-05-13 14:25:00-04:00,59.935001373291016,59.95000076293945,59.93450164794922,59.94649887084961,61237,59.935001373291016
2026-05-13 14:30:00-04:00,59.929901123046875,59.939998626708984,59.929901123046875,59.935001373291016,41885,59.929901123046875
2026-05-13 14:35:00-04:00,59.915000915527344,59.926700592041016,59.910099029541016,59.92499923706055,31128,59.915000915527344
2026-05-13 14:40:00-04:00,59.915000915527344,59.925498962402344,59.910099029541016,59.91999816894531,44699,59.915000915527344
2026-05-13 14:45:00-04:00,59.915000915527344,59.91999816894531,59.90999984741211,59.91550064086914,52915,59.915000915527344
2026-05-13 14:50:00-04:00,59.915000915527344,59.91510009765625,59.90999984741211,59.915000915527344,33593,59.915000915527344
2026-05-13 14:55:00-04:00,59.89500045776367,59.91999816894531,59.890098571777344,59.915000915527344,53680,59.89500045776367
2026-05-13 15:00:00-04:00,59.904998779296875,59.9099006652832,59.89500045776367,59.900001525878906,19715,59.904998779296875
2026-05-13 15:05:00-04:00,59.92499923706055,59.92499923706055,59.900001525878906,59.904998779296875,47694,59.92499923706055
2026-05-13 15:10:00-04:00,59.92499923706055,59.93000030517578,59.920101165771484,59.92499923706055,22977,59.92499923706055
2026-05-13 15:15:00-04:00,59.920101165771484,59.93000030517578,59.91999816894531,59.92499923706055,35992,59.920101165771484
2026-05-13 15:20:00-04:00,59.90999984741211,59.93000030517578,59.90999984741211,59.92499923706055,56642,59.90999984741211
2026-05-13 15:25:00-04:00,59.915000915527344,59.91999816894531,59.900001525878906,59.90999984741211,39500,59.915000915527344
2026-05-13 15:30:00-04:00,59.915000915527344,59.91999816894531,59.90999984741211,59.915000915527344,23868,59.915000915527344
2026-05-13 15:35:00-04:00,59.91550064086914,59.91999816894531,59.90999984741211,59.915000915527344,38273,59.91550064086914
2026-05-13 15:40:00-04:00,59.90999984741211,59.91999816894531,59.90999984741211,59.91999816894531,29043,59.90999984741211
2026-05-13 15:45:00-04:00,59.92499923706055,59.93000030517578,59.915000915527344,59.915000915527344,67946,59.92499923706055
2026-05-13 15:50:00-04:00,59.880001068115234,59.91999816894531,59.880001068115234,59.91999816894531,125191,59.880001068115234
2026-05-13 15:55:00-04:00,59.89099884033203,59.89500045776367,59.880001068115234,59.886199951171875,72984,59.89099884033203
2026-05-14 09:30:00-04:00,59.94139862060547,59.95000076293945,59.89500045776367,59.939998626708984,355961,59.94139862060547
2026-05-14 09:35:00-04:00,59.970001220703125,59.9900016784668,59.94499969482422,59.95000076293945,320577,59.970001220703125
2026-05-14 09:40:00-04:00,59.99140167236328,60.0,59.970001220703125,59.97990036010742,118975,59.99140167236328
2026-05-14 09:45:00-04:00,60.011199951171875,60.02000045776367,59.99449920654297,60.0,216474,60.011199951171875
2026-05-14 09:50:00-04:00,59.97639846801758,60.02000045776367,59.97010040283203,60.0099983215332,145147,59.97639846801758
2026-05-14 09:55:00-04:00,59.95000076293945,59.9900016784668,59.939998626708984,59.970001220703125,166945,59.95000076293945
2026-05-14 10:00:00-04:00,59.9739990234375,59.9900016784668,59.939998626708984,59.95000076293945,101824,59.9739990234375
2026-05-14 10:05:00-04:00,59.950801849365234,59.98749923706055,59.95000076293945,59.97420120239258,57084,59.950801849365234
2026-05-14 10:10:00-04:00,59.97359848022461,59.97999954223633,59.94499969482422,59.95009994506836,51296,59.97359848022461
2026-05-14 10:15:00-04:00,60.005001068115234,60.0099983215332,59.970001220703125,59.974998474121094,85654,60.005001068115234
2026-05-14 10:20:00-04:00,59.994998931884766,60.02000045776367,59.9901008605957,60.005001068115234,80658,59.994998931884766
2026-05-14 10:25:00-04:00,59.98500061035156,59.999900817871094,59.97999954223633,59.998600006103516,67613,59.98500061035156
2026-05-14 10:30:00-04:00,59.999900817871094,60.0,59.97999954223633,59.9900016784668,48357,59.999900817871094
2026-05-14 10:35:00-04:00,60.01499938964844,60.02000045776367,59.9901008605957,59.994998931884766,36595,60.01499938964844
2026-05-14 10:40:00-04:00,60.025001525878906,60.029998779296875,60.010101318359375,60.01499938964844,53181,60.025001525878906
2026-05-14 10:45:00-04:00,60.025001525878906,60.029998779296875,60.02000045776367,60.024898529052734,34650,60.025001525878906
2026-05-14 10:50:00-04:00,60.02399826049805,60.040000915527344,60.02000045776367,60.025001525878906,58563,60.02399826049805
2026-05-14 10:55:00-04:00,60.01499938964844,60.029998779296875,60.0099983215332,60.028499603271484,33707,60.01499938964844
2026-05-14 11:00:00-04:00,60.029300689697266,60.03499984741211,60.0099983215332,60.01139831542969,39277,60.029300689697266
2026-05-14 11:05:00-04:00,60.03499984741211,60.040000915527344,60.02000045776367,60.025001525878906,52704,60.03499984741211
2026-05-14 11:10:00-04:00,60.04999923706055,60.04999923706055,60.029998779296875,60.03499984741211,37970,60.04999923706055
2026-05-14 11:15:00-04:00,60.05500030517578,60.060001373291016,60.040000915527344,60.048500061035156,82926,60.05500030517578
2026-05-14 11:20:00-04:00,60.05500030517578,60.060001373291016,60.04999923706055,60.05500030517578,43891,60.05500030517578
2026-05-14 11:25:00-04:00,60.04330062866211,60.060001373291016,60.04330062866211,60.059898376464844,49309,60.04330062866211
2026-05-14 11:30:00-04:00,60.040000915527344,60.060001373291016,60.040000915527344,60.04499816894531,35368,60.040000915527344
2026-05-14 11:35:00-04:00,60.03499984741211,60.04999923706055,60.03010177612305,60.04499816894531,46024,60.03499984741211
2026-05-14 11:40:00-04:00,60.040000915527344,60.040000915527344,60.029998779296875,60.03499984741211,55316,60.040000915527344
2026-05-14 11:45:00-04:00,60.02899932861328,60.03990173339844,60.02009963989258,60.03990173339844,59094,60.02899932861328
2026-05-14 11:50:00-04:00,60.03499984741211,60.040000915527344,60.02389907836914,60.025001525878906,49594,60.03499984741211
2026-05-14 11:55:00-04:00,60.03499984741211,60.040000915527344,60.029998779296875,60.03499984741211,45685,60.03499984741211
2026-05-14 12:00:00-04:00,60.040000915527344,60.04499816894531,60.029998779296875,60.03499984741211,31388,60.040000915527344
2026-05-14 12:05:00-04:00,60.040000915527344,60.0463981628418,60.040000915527344,60.04010009765625,19342,60.040000915527344
2026-05-14 12:10:00-04:00,60.03499984741211,60.04990005493164,60.03499984741211,60.04679870605469,46745,60.03499984741211
2026-05-14 12:15:00-04:00,60.025001525878906,60.040000915527344,60.025001525878906,60.034000396728516,33172,60.025001525878906
2026-05-14 12:20:00-04:00,60.03499984741211,60.040000915527344,60.02009963989258,60.020999908447266,42192,60.03499984741211
2026-05-14 12:25:00-04:00,60.01499938964844,60.036800384521484,60.0099983215332,60.03499984741211,35170,60.01499938964844
2026-05-14 12:30:00-04:00,60.01499938964844,60.02989959716797,60.0,60.01499938964844,41426,60.01499938964844
2026-05-14 12:35:00-04:00,60.019901275634766,60.02000045776367,60.0099983215332,60.019901275634766,40409,60.019901275634766
2026-05-14 12:40:00-04:00,60.010101318359375,60.029998779296875,60.0099983215332,60.010101318359375,93257,60.010101318359375
2026-05-14 12:45:00-04:00,60.01499938964844,60.02000045776367,60.0,60.01499938964844,38551,60.01499938964844
2026-05-14 12:50:00-04:00,60.02989959716797,60.029998779296875,60.0099983215332,60.01499938964844,70471,60.02989959716797
2026-05-14 12:55:00-04:00,60.019798278808594,60.025001525878906,60.0,60.02149963378906,40929,60.019798278808594
2026-05-14 13:00:00-04:00,60.03499984741211,60.040000915527344,60.02000045776367,60.02000045776367,33037,60.03499984741211
2026-05-14 13:05:00-04:00,60.01020050048828,60.040000915527344,60.0099983215332,60.03499984741211,34649,60.01020050048828
2026-05-14 13:10:00-04:00,59.97999954223633,60.01850128173828,59.97999954223633,60.0099983215332,42400,59.97999954223633
2026-05-14 13:15:00-04:00,59.97010040283203,59.994998931884766,59.970001220703125,59.9900016784668,22753,59.97010040283203
2026-05-14 13:20:00-04:00,59.98500061035156,60.0,59.974998474121094,59.97850036621094,55131,59.98500061035156
2026-05-14 13:25:00-04:00,59.97999954223633,59.987300872802734,59.95000076293945,59.974998474121094,53185,59.97999954223633
2026-05-14 13:30:00-04:00,59.999900817871094,60.0098991394043,59.98500061035156,59.9900016784668,56200,59.999900817871094
2026-05-14 13:35:00-04:00,60.01070022583008,60.02000045776367,59.996498107910156,59.996498107910156,40670,60.01070022583008
2026-05-14 13:40:00-04:00,60.01499938964844,60.02000045776367,60.005001068115234,60.01259994506836,32510,60.01499938964844
2026-05-14 13:45:00-04:00,60.02349853515625,60.029998779296875,60.013999938964844,60.02000045776367,19817,60.02349853515625
2026-05-14 13:50:00-04:00,60.040000915527344,60.040000915527344,60.021400451660156,60.027000427246094,24704,60.040000915527344
2026-05-14 13:55:00-04:00,60.025001525878906,60.040000915527344,60.02000045776367,60.03499984741211,23649,60.025001525878906
2026-05-14 14:00:00-04:00,59.98630142211914,60.02000045776367,59.98500061035156,60.02000045776367,41711,59.98630142211914
2026-05-14 14:05:00-04:00,59.999900817871094,60.0,59.9900016784668,59.9900016784668,30276,59.999900817871094
2026-05-14 14:10:00-04:00,60.005001068115234,60.0099983215332,59.9900016784668,60.0,41241,60.005001068115234
2026-05-14 14:15:00-04:00,60.01499938964844,60.02000045776367,60.0,60.0,56447,60.01499938964844
2026-05-14 14:20:00-04:00,60.005001068115234,60.02000045776367,60.005001068115234,60.02000045776367,21237,60.005001068115234
2026-05-14 14:25:00-04:00,60.000099182128906,60.009700775146484,59.9900016784668,60.009700775146484,22921,60.000099182128906
2026-05-14 14:30:00-04:00,60.0099983215332,60.02000045776367,60.005001068115234,60.005001068115234,32904,60.0099983215332
2026-05-14 14:35:00-04:00,60.005001068115234,60.019901275634766,60.0,60.01499938964844,50864,60.005001068115234
2026-05-14 14:40:00-04:00,60.001399993896484,60.0099983215332,59.994998931884766,60.0099983215332,60731,60.001399993896484
2026-05-14 14:45:00-04:00,60.0099983215332,60.0099983215332,59.9901008605957,60.0098991394043,29216,60.0099983215332
2026-05-14 14:50:00-04:00,60.02009963989258,60.029998779296875,60.005001068115234,60.0098991394043,71228,60.02009963989258
2026-05-14 14:55:00-04:00,60.03499984741211,60.03990173339844,60.02149963378906,60.025001525878906,55363,60.03499984741211
2026-05-14 15:00:00-04:00,60.04010009765625,60.04999923706055,60.029998779296875,60.034400939941406,78457,60.04010009765625
2026-05-14 15:05:00-04:00,60.03499984741211,60.04999923706055,60.029998779296875,60.04999923706055,55444,60.03499984741211
2026-05-14 15:10:00-04:00,60.029998779296875,60.04499816894531,60.02000045776367,60.040000915527344,69948,60.029998779296875
2026-05-14 15:15:00-04:00,60.03990173339844,60.040000915527344,60.029998779296875,60.03010177612305,28064,60.03990173339844
2026-05-14 15:20:00-04:00,60.04010009765625,60.04999923706055,60.03419876098633,60.03499984741211,25630,60.04010009765625
2026-05-14 15:25:00-04:00,60.025001525878906,60.04990005493164,60.025001525878906,60.04499816894531,64823,60.025001525878906
2026-05-14 15:30:00-04:00,60.03499984741211,60.040000915527344,60.02000045776367,60.02410125732422,39688,60.03499984741211
2026-05-14 15:35:00-04:00,60.03499984741211,60.040000915527344,60.029998779296875,60.03030014038086,27974,60.03499984741211
2026-05-14 15:40:00-04:00,60.04499816894531,60.04999923706055,60.03499984741211,60.03499984741211,30881,60.04499816894531
2026-05-14 15:45:00-04:00,60.04499816894531,60.04999923706055,60.040000915527344,60.044498443603516,38013,60.04499816894531
2026-05-14 15:50:00-04:00,60.03990173339844,60.040000915527344,60.02000045776367,60.040000915527344,77659,60.03990173339844
2026-05-14 15:55:00-04:00,60.0099983215332,60.03499984741211,60.005001068115234,60.03499984741211,104063,60.0099983215332
2026-05-15 09:30:00-04:00,59.7400016784668,59.83000183105469,59.689998626708984,59.79999923706055,895118,59.7400016784668
2026-05-15 09:35:00-04:00,59.685001373291016,59.749900817871094,59.68000030517578,59.7400016784668,210183,59.685001373291016
2026-05-15 09:40:00-04:00,59.71620178222656,59.744998931884766,59.685001373291016,59.68880081176758,118466,59.71620178222656
2026-05-15 09:45:00-04:00,59.74140167236328,59.74140167236328,59.64500045776367,59.71500015258789,162075,59.74140167236328
2026-05-15 09:50:00-04:00,59.76499938964844,59.779998779296875,59.689998626708984,59.7400016784668,83085,59.76499938964844
2026-05-15 09:55:00-04:00,59.68000030517578,59.779998779296875,59.67499923706055,59.77000045776367,87226,59.68000030517578
2026-05-15 10:00:00-04:00,59.70500183105469,59.72999954223633,59.65999984741211,59.679901123046875,92068,59.70500183105469
2026-05-15 10:05:00-04:00,59.75,59.7598991394043,59.685001373291016,59.70000076293945,69167,59.75
2026-05-15 10:10:00-04:00,59.80419921875,59.810001373291016,59.720001220703125,59.75,142552,59.80419921875
2026-05-15 10:15:00-04:00,59.83000183105469,59.84989929199219,59.78379821777344,59.80289840698242,104003,59.83000183105469
2026-05-15 10:20:00-04:00,59.82500076293945,59.84669876098633,59.81999969482422,59.83000183105469,175313,59.82500076293945
2026-05-15 10:25:00-04:00,59.775001525878906,59.81999969482422,59.763999938964844,59.81999969482422,135797,59.775001525878906
2026-05-15 10:30:00-04:00,59.814998626708984,59.814998626708984,59.78139877319336,59.79999923706055,82562,59.814998626708984
2026-05-15 10:35:00-04:00,59.81010055541992,59.83000183105469,59.79140090942383,59.810001373291016,100485,59.81010055541992
2026-05-15 10:40:00-04:00,59.83000183105469,59.83000183105469,59.80500030517578,59.810001373291016,67172,59.83000183105469
2026-05-15 10:45:00-04:00,59.78499984741211,59.8297004699707,59.779998779296875,59.8297004699707,53895,59.78499984741211
2026-05-15 10:50:00-04:00,59.800201416015625,59.800201416015625,59.760101318359375,59.77000045776367,71468,59.800201416015625
2026-05-15 10:55:00-04:00,59.797401428222656,59.81990051269531,59.79499816894531,59.810001373291016,43942,59.797401428222656
2026-05-15 11:00:00-04:00,59.78499984741211,59.79999923706055,59.7599983215332,59.78499984741211,38832,59.78499984741211
2026-05-15 11:05:00-04:00,59.8140983581543,59.8140983581543,59.76499938964844,59.790000915527344,60784,59.8140983581543
2026-05-15 11:10:00-04:00,59.790000915527344,59.82500076293945,59.78499984741211,59.82500076293945,49006,59.790000915527344
2026-05-15 11:15:00-04:00,59.82500076293945,59.83000183105469,59.790000915527344,59.79999923706055,25639,59.82500076293945
2026-05-15 11:20:00-04:00,59.834999084472656,59.86000061035156,59.82500076293945,59.83000183105469,37617,59.834999084472656
2026-05-15 11:25:00-04:00,59.845001220703125,59.85499954223633,59.81999969482422,59.83449935913086,52153,59.845001220703125
2026-05-15 11:30:00-04:00,59.845001220703125,59.869998931884766,59.84000015258789,59.85499954223633,52640,59.845001220703125
2026-05-15 11:35:00-04:00,59.83100128173828,59.869998931884766,59.82720184326172,59.84989929199219,66171,59.83100128173828
2026-05-15 11:40:00-04:00,59.78499984741211,59.839900970458984,59.779998779296875,59.83000183105469,49473,59.78499984741211
2026-05-15 11:45:00-04:00,59.779701232910156,59.79650115966797,59.775001525878906,59.790000915527344,32858,59.779701232910156
2026-05-15 11:50:00-04:00,59.76499938964844,59.77539825439453,59.75,59.775001525878906,52999,59.76499938964844
2026-05-15 11:55:00-04:00,59.78499984741211,59.79499816894531,59.744998931884766,59.7599983215332,63189,59.78499984741211
2026-05-15 12:00:00-04:00,59.78990173339844,59.810001373291016,59.775001525878906,59.790000915527344,53170,59.78990173339844
2026-05-15 12:05:00-04:00,59.80970001220703,59.810001373291016,59.775001525878906,59.78499984741211,45568,59.80970001220703
2026-05-15 12:10:00-04:00,59.79499816894531,59.80500030517578,59.775001525878906,59.80500030517578,35033,59.79499816894531
2026-05-15 12:15:00-04:00,59.784000396728516,59.7963981628418,59.77009963989258,59.79499816894531,72338,59.784000396728516
2026-05-15 12:20:00-04:00,59.82500076293945,59.82500076293945,59.78139877319336,59.78499984741211,40183,59.82500076293945
2026-05-15 12:25:00-04:00,59.829898834228516,59.84000015258789,59.81999969482422,59.82500076293945,51921,59.829898834228516
2026-05-15 12:30:00-04:00,59.845001220703125,59.84859848022461,59.83000183105469,59.834999084472656,32404,59.845001220703125
2026-05-15 12:35:00-04:00,59.834999084472656,59.845001220703125,59.82379913330078,59.845001220703125,57042,59.834999084472656
2026-05-15 12:40:00-04:00,59.84000015258789,59.84000015258789,59.82500076293945,59.839900970458984,44311,59.84000015258789
2026-05-15 12:45:00-04:00,59.839900970458984,59.849998474121094,59.83000183105469,59.841400146484375,29546,59.839900970458984
2026-05-15 12:50:00-04:00,59.80609893798828,59.849700927734375,59.79999923706055,59.837501525878906,60742,59.80609893798828
2026-05-15 12:55:00-04:00,59.82500076293945,59.83000183105469,59.80500030517578,59.810001373291016,87029,59.82500076293945
2026-05-15 13:00:00-04:00,59.82500076293945,59.834999084472656,59.810001373291016,59.82500076293945,53093,59.82500076293945
2026-05-15 13:05:00-04:00,59.845001220703125,59.849998474121094,59.820098876953125,59.82500076293945,15314,59.845001220703125
2026-05-15 13:10:00-04:00,59.85499954223633,59.855499267578125,59.84000015258789,59.84389877319336,41787,59.85499954223633
2026-05-15 13:15:00-04:00,59.85499954223633,59.855899810791016,59.84000015258789,59.85499954223633,56265,59.85499954223633
2026-05-15 13:20:00-04:00,59.87990188598633,59.880001068115234,59.85499954223633,59.85499954223633,50776,59.87990188598633
2026-05-15 13:25:00-04:00,59.899898529052734,59.900001525878906,59.880001068115234,59.880001068115234,0,59.899898529052734
2026-05-15 13:30:00-04:00,59.89500045776367,59.900001525878906,59.88999938964844,59.894500732421875,4172305,59.89500045776367
2026-05-15 13:35:00-04:00,59.89970016479492,59.90999984741211,59.890098571777344,59.900001525878906,41013,59.89970016479492
2026-05-15 13:40:00-04:00,59.89500045776367,59.90999984741211,59.880001068115234,59.90999984741211,57768,59.89500045776367
2026-05-15 13:45:00-04:00,59.888999938964844,59.900001525878906,59.8849983215332,59.899898529052734,32068,59.888999938964844
2026-05-15 13:50:00-04:00,59.89500045776367,59.900001525878906,59.88349914550781,59.8849983215332,43194,59.89500045776367
2026-05-15 13:55:00-04:00,59.90530014038086,59.907501220703125,59.88999938964844,59.89500045776367,31994,59.90530014038086
2026-05-15 14:00:00-04:00,59.915000915527344,59.91999816894531,59.900001525878906,59.904998779296875,30316,59.915000915527344
2026-05-15 14:05:00-04:00,59.915000915527344,59.93000030517578,59.90999984741211,59.91510009765625,31558,59.915000915527344
2026-05-15 14:10:00-04:00,59.915000915527344,59.91999816894531,59.90999984741211,59.919898986816406,25547,59.915000915527344
2026-05-15 14:15:00-04:00,59.856998443603516,59.915000915527344,59.85499954223633,59.915000915527344,68670,59.856998443603516
2026-05-15 14:20:00-04:00,59.88999938964844,59.89500045776367,59.85499954223633,59.86000061035156,49524,59.88999938964844
2026-05-15 14:25:00-04:00,59.85499954223633,59.88560104370117,59.85499954223633,59.8849983215332,14946,59.85499954223633
2026-05-15 14:30:00-04:00,59.8296012878418,59.85499954223633,59.814998626708984,59.85499954223633,37993,59.8296012878418
2026-05-15 14:35:00-04:00,59.849998474121094,59.849998474121094,59.81999969482422,59.83000183105469,61985,59.849998474121094
2026-05-15 14:40:00-04:00,59.84000015258789,59.859901428222656,59.83000183105469,59.859901428222656,39969,59.84000015258789
2026-05-15 14:45:00-04:00,59.845001220703125,59.849998474121094,59.834999084472656,59.849998474121094,44617,59.845001220703125
2026-05-15 14:50:00-04:00,59.86000061035156,59.86000061035156,59.845001220703125,59.849700927734375,33707,59.86000061035156
2026-05-15 14:55:00-04:00,59.8650016784668,59.869998931884766,59.849998474121094,59.869998931884766,33829,59.8650016784668
2026-05-15 15:00:00-04:00,59.845001220703125,59.8650016784668,59.845001220703125,59.86000061035156,26292,59.845001220703125
2026-05-15 15:05:00-04:00,59.83000183105469,59.849998474121094,59.81999969482422,59.84360122680664,45124,59.83000183105469
2026-05-15 15:10:00-04:00,59.82500076293945,59.83000183105469,59.810001373291016,59.82500076293945,56875,59.82500076293945
2026-05-15 15:15:00-04:00,59.829898834228516,59.83000183105469,59.79999923706055,59.81999969482422,71256,59.829898834228516
2026-05-15 15:20:00-04:00,59.814998626708984,59.839900970458984,59.810001373291016,59.81999969482422,63253,59.814998626708984
2026-05-15 15:25:00-04:00,59.814998626708984,59.81999969482422,59.810001373291016,59.814998626708984,30126,59.814998626708984
2026-05-15 15:30:00-04:00,59.82500076293945,59.84000015258789,59.814998626708984,59.81610107421875,80135,59.82500076293945
2026-05-15 15:35:00-04:00,59.839900970458984,59.84000015258789,59.824501037597656,59.83000183105469,60899,59.839900970458984
2026-05-15 15:40:00-04:00,59.814998626708984,59.849998474121094,59.810001373291016,59.84000015258789,81792,59.814998626708984
2026-05-15 15:45:00-04:00,59.81990051269531,59.82500076293945,59.79999923706055,59.81999969482422,93873,59.81990051269531
2026-05-15 15:50:00-04:00,59.76240158081055,59.810001373291016,59.76240158081055,59.810001373291016,135644,59.76240158081055
2026-05-15 15:55:00-04:00,59.77000045776367,59.777000427246094,59.75,59.76499938964844,190232,59.77000045776367
2026-05-18 09:30:00-04:00,59.83399963378906,59.869998931884766,59.810001373291016,59.84000015258789,458811,59.83399963378906
2026-05-18 09:35:00-04:00,59.82500076293945,59.84000015258789,59.807899475097656,59.83000183105469,89380,59.82500076293945
2026-05-18 09:40:00-04:00,59.744998931884766,59.82500076293945,59.744998931884766,59.81999969482422,237278,59.744998931884766
2026-05-18 09:45:00-04:00,59.744998931884766,59.775001525878906,59.71500015258789,59.74140167236328,141702,59.744998931884766
2026-05-18 09:50:00-04:00,59.82500076293945,59.834999084472656,59.7400016784668,59.7400016784668,73941,59.82500076293945
2026-05-18 09:55:00-04:00,59.79499816894531,59.85499954223633,59.790000915527344,59.83000183105469,112146,59.79499816894531
2026-05-18 10:00:00-04:00,59.75,59.79090118408203,59.720001220703125,59.79090118408203,175108,59.75
2026-05-18 10:05:00-04:00,59.79999923706055,59.80500030517578,59.709999084472656,59.7401008605957,210032,59.79999923706055
2026-05-18 10:10:00-04:00,59.79999923706055,59.81999969482422,59.775001525878906,59.79999923706055,76126,59.79999923706055
2026-05-18 10:15:00-04:00,59.79389953613281,59.83549880981445,59.775001525878906,59.810001373291016,63419,59.79389953613281
2026-05-18 10:20:00-04:00,59.77989959716797,59.810001373291016,59.77000045776367,59.79999923706055,61424,59.77989959716797
2026-05-18 10:25:00-04:00,59.72999954223633,59.790000915527344,59.72140121459961,59.77000045776367,49689,59.72999954223633
2026-05-18 10:30:00-04:00,59.63999938964844,59.744998931884766,59.630001068115234,59.7400016784668,123351,59.63999938964844
2026-05-18 10:35:00-04:00,59.665000915527344,59.68000030517578,59.599998474121094,59.64500045776367,117636,59.665000915527344
2026-05-18 10:40:00-04:00,59.69499969482422,59.720001220703125,59.630001068115234,59.665000915527344,86208,59.69499969482422
2026-05-18 10:45:00-04:00,59.63079833984375,59.69499969482422,59.625,59.69499969482422,68145,59.63079833984375
2026-05-18 10:50:00-04:00,59.67499923706055,59.70000076293945,59.619998931884766,59.630001068115234,91066,59.67499923706055
2026-05-18 10:55:00-04:00,59.70000076293945,59.70000076293945,59.660099029541016,59.665000915527344,94241,59.70000076293945
2026-05-18 11:00:00-04:00,59.685001373291016,59.720001220703125,59.654998779296875,59.69020080566406,146174,59.685001373291016
2026-05-18 11:05:00-04:00,59.654998779296875,59.69499969482422,59.654998779296875,59.68009948730469,89316,59.654998779296875
2026-05-18 11:10:00-04:00,59.686500549316406,59.69499969482422,59.630001068115234,59.650001525878906,71621,59.686500549316406
2026-05-18 11:15:00-04:00,59.63850021362305,59.68009948730469,59.6349983215332,59.67499923706055,38150,59.63850021362305
2026-05-18 11:20:00-04:00,59.63600158691406,59.650001525878906,59.619998931884766,59.630001068115234,46244,59.63600158691406
2026-05-18 11:25:00-04:00,59.61000061035156,59.669898986816406,59.61000061035156,59.62990188598633,70663,59.61000061035156
2026-05-18 11:30:00-04:00,59.63999938964844,59.64550018310547,59.59000015258789,59.60599899291992,66090,59.63999938964844
2026-05-18 11:35:00-04:00,59.665000915527344,59.70000076293945,59.64500045776367,59.64500045776367,39627,59.665000915527344
2026-05-18 11:40:00-04:00,59.65620040893555,59.689998626708984,59.654998779296875,59.66510009765625,37099,59.65620040893555
2026-05-18 11:45:00-04:00,59.654998779296875,59.68000030517578,59.63999938964844,59.650001525878906,28694,59.654998779296875
2026-05-18 11:50:00-04:00,59.665000915527344,59.67499923706055,59.62990188598633,59.64630126953125,70351,59.665000915527344
2026-05-18 11:55:00-04:00,59.63999938964844,59.67499923706055,59.63999938964844,59.66999816894531,46764,59.63999938964844
2026-05-18 12:00:00-04:00,59.619998931884766,59.64500045776367,59.61399841308594,59.64500045776367,42144,59.619998931884766
2026-05-18 12:05:00-04:00,59.6349983215332,59.64500045776367,59.6150016784668,59.6150016784668,34402,59.6349983215332
2026-05-18 12:10:00-04:00,59.654998779296875,59.65999984741211,59.630699157714844,59.6349983215332,46622,59.654998779296875
2026-05-18 12:15:00-04:00,59.665000915527344,59.66999816894531,59.65999984741211,59.65999984741211,41144,59.665000915527344
2026-05-18 12:20:00-04:00,59.64339828491211,59.69499969482422,59.6254997253418,59.66999816894531,52940,59.64339828491211
2026-05-18 12:25:00-04:00,59.53990173339844,59.64500045776367,59.525001525878906,59.64500045776367,114826,59.53990173339844
2026-05-18 12:30:00-04:00,59.560001373291016,59.58000183105469,59.510101318359375,59.53150177001953,83239,59.560001373291016
2026-05-18 12:35:00-04:00,59.584999084472656,59.60499954223633,59.560001373291016,59.560001373291016,38954,59.584999084472656
2026-05-18 12:40:00-04:00,59.58000183105469,59.595001220703125,59.56999969482422,59.584999084472656,47839,59.58000183105469
2026-05-18 12:45:00-04:00,59.579898834228516,59.584999084472656,59.564998626708984,59.57500076293945,21114,59.579898834228516
2026-05-18 12:50:00-04:00,59.6510009765625,59.6599006652832,59.57500076293945,59.58000183105469,33644,59.6510009765625
2026-05-18 12:55:00-04:00,59.630001068115234,59.66999816894531,59.630001068115234,59.654998779296875,34673,59.630001068115234
2026-05-18 13:00:00-04:00,59.6349983215332,59.63999938964844,59.60499954223633,59.63999938964844,35634,59.6349983215332
2026-05-18 13:05:00-04:00,59.64500045776367,59.654998779296875,59.630001068115234,59.6349983215332,39794,59.64500045776367
2026-05-18 13:10:00-04:00,59.63410186767578,59.65650177001953,59.63410186767578,59.64550018310547,40564,59.63410186767578
2026-05-18 13:15:00-04:00,59.63010025024414,59.650001525878906,59.62929916381836,59.635799407958984,24550,59.63010025024414
2026-05-18 13:20:00-04:00,59.619998931884766,59.63999938964844,59.61000061035156,59.63999938964844,32360,59.619998931884766
2026-05-18 13:25:00-04:00,59.63990020751953,59.63990020751953,59.61000061035156,59.61000061035156,58658,59.63990020751953
2026-05-18 13:30:00-04:00,59.625,59.63999938964844,59.61000061035156,59.63990020751953,22836,59.625
2026-05-18 13:35:00-04:00,59.61349868774414,59.628501892089844,59.60499954223633,59.625,30120,59.61349868774414
2026-05-18 13:40:00-04:00,59.6411018371582,59.654998779296875,59.61859893798828,59.61859893798828,31538,59.6411018371582
2026-05-18 13:45:00-04:00,59.619998931884766,59.64550018310547,59.61000061035156,59.64500045776367,13013,59.619998931884766
2026-05-18 13:50:00-04:00,59.6349983215332,59.649898529052734,59.61989974975586,59.61989974975586,25023,59.6349983215332
2026-05-18 13:55:00-04:00,59.649898529052734,59.649898529052734,59.625,59.62990188598633,20638,59.649898529052734
2026-05-18 14:00:00-04:00,59.595001220703125,59.64970016479492,59.584999084472656,59.64500045776367,45004,59.595001220703125
2026-05-18 14:05:00-04:00,59.58539962768555,59.599998474121094,59.57500076293945,59.590999603271484,34545,59.58539962768555
2026-05-18 14:10:00-04:00,59.564998626708984,59.58620071411133,59.560001373291016,59.58000183105469,86107,59.564998626708984
2026-05-18 14:15:00-04:00,59.52009963989258,59.560001373291016,59.52000045776367,59.560001373291016,53828,59.52009963989258
2026-05-18 14:20:00-04:00,59.525001525878906,59.529998779296875,59.5099983215332,59.51499938964844,18927,59.525001525878906
2026-05-18 14:25:00-04:00,59.53499984741211,59.53499984741211,59.4900016784668,59.52000045776367,117944,59.53499984741211
2026-05-18 14:30:00-04:00,59.549800872802734,59.564998626708984,59.529998779296875,59.540000915527344,29564,59.549800872802734
2026-05-18 14:35:00-04:00,59.520999908447266,59.55500030517578,59.52009963989258,59.54840087890625,39613,59.520999908447266
2026-05-18 14:40:00-04:00,59.529998779296875,59.529998779296875,59.5,59.5265007019043,40494,59.529998779296875
2026-05-18 14:45:00-04:00,59.499900817871094,59.540000915527344,59.499900817871094,59.529998779296875,36960,59.499900817871094
2026-05-18 14:50:00-04:00,59.494998931884766,59.5099983215332,59.47999954223633,59.494998931884766,44872,59.494998931884766
2026-05-18 14:55:00-04:00,59.51139831542969,59.525001525878906,59.48500061035156,59.4900016784668,62758,59.51139831542969
2026-05-18 15:00:00-04:00,59.61000061035156,59.709999084472656,59.515499114990234,59.51620101928711,896134,59.61000061035156
2026-05-18 15:05:00-04:00,59.61000061035156,59.63999938964844,59.56010055541992,59.619998931884766,106306,59.61000061035156
2026-05-18 15:10:00-04:00,59.595001220703125,59.630001068115234,59.595001220703125,59.609798431396484,59366,59.595001220703125
2026-05-18 15:15:00-04:00,59.57500076293945,59.60499954223633,59.56999969482422,59.599998474121094,65313,59.57500076293945
2026-05-18 15:20:00-04:00,59.560001373291016,59.599998474121094,59.560001373291016,59.57360076904297,52336,59.560001373291016
2026-05-18 15:25:00-04:00,59.57500076293945,59.57600021362305,59.54999923706055,59.560001373291016,45060,59.57500076293945
2026-05-18 15:30:00-04:00,59.59989929199219,59.6150016784668,59.56549835205078,59.57500076293945,48158,59.59989929199219
2026-05-18 15:35:00-04:00,59.64500045776367,59.650001525878906,59.595001220703125,59.599998474121094,56807,59.64500045776367
2026-05-18 15:40:00-04:00,59.68000030517578,59.68000030517578,59.64500045776367,59.64500045776367,77826,59.68000030517578
2026-05-18 15:45:00-04:00,59.689998626708984,59.70500183105469,59.66999816894531,59.66999816894531,30792,59.689998626708984
2026-05-18 15:50:00-04:00,59.720001220703125,59.72999954223633,59.68000030517578,59.689998626708984,58728,59.720001220703125
2026-05-18 15:55:00-04:00,59.70500183105469,59.720001220703125,59.689998626708984,59.720001220703125,103771,59.70500183105469
2026-05-19 09:30:00-04:00,59.63999938964844,59.666500091552734,59.47999954223633,59.540000915527344,437592,59.63999938964844
2026-05-19 09:35:00-04:00,59.70000076293945,59.73500061035156,59.61000061035156,59.63690185546875,154147,59.70000076293945
2026-05-19 09:40:00-04:00,59.59510040283203,59.70009994506836,59.59000015258789,59.70000076293945,129998,59.59510040283203
2026-05-19 09:45:00-04:00,59.599998474121094,59.660099029541016,59.540000915527344,59.59000015258789,357271,59.599998474121094
2026-05-19 09:50:00-04:00,59.665000915527344,59.665000915527344,59.57350158691406,59.599998474121094,63252,59.665000915527344
2026-05-19 09:55:00-04:00,59.595001220703125,59.679901123046875,59.584999084472656,59.66999816894531,121715,59.595001220703125
2026-05-19 10:00:00-04:00,59.58140182495117,59.59000015258789,59.53499984741211,59.59000015258789,50885,59.58140182495117
2026-05-19 10:05:00-04:00,59.47140121459961,59.59000015258789,59.439998626708984,59.580101013183594,313579,59.47140121459961
2026-05-19 10:10:00-04:00,59.422698974609375,59.5,59.422000885009766,59.46989822387695,197971,59.422698974609375
2026-05-19 10:15:00-04:00,59.38999938964844,59.42610168457031,59.3849983215332,59.41999816894531,143244,59.38999938964844
2026-05-19 10:20:00-04:00,59.41999816894531,59.41999816894531,59.349998474121094,59.39500045776367,198343,59.41999816894531
2026-05-19 10:25:00-04:00,59.40909957885742,59.44990158081055,59.399898529052734,59.42499923706055,264351,59.40909957885742
2026-05-19 10:30:00-04:00,59.405799865722656,59.459999084472656,59.38999938964844,59.41999816894531,125187,59.405799865722656
2026-05-19 10:35:00-04:00,59.46860122680664,59.470001220703125,59.400001525878906,59.40399932861328,92308,59.46860122680664
2026-05-19 10:40:00-04:00,59.45000076293945,59.494998931884766,59.43009948730469,59.46500015258789,91394,59.45000076293945
2026-05-19 10:45:00-04:00,59.415000915527344,59.45500183105469,59.380001068115234,59.45000076293945,109526,59.415000915527344
2026-05-19 10:50:00-04:00,59.44599914550781,59.45989990234375,59.403499603271484,59.404998779296875,65859,59.44599914550781
2026-05-19 10:55:00-04:00,59.494998931884766,59.5,59.435001373291016,59.440799713134766,118510,59.494998931884766
2026-05-19 11:00:00-04:00,59.51499938964844,59.5255012512207,59.4900016784668,59.5,57199,59.51499938964844
2026-05-19 11:05:00-04:00,59.48500061035156,59.5099983215332,59.459999084472656,59.5099983215332,36757,59.48500061035156
2026-05-19 11:10:00-04:00,59.52000045776367,59.529998779296875,59.5,59.5,38425,59.52000045776367
2026-05-19 11:15:00-04:00,59.50360107421875,59.55979919433594,59.5,59.529998779296875,93889,59.50360107421875
2026-05-19 11:20:00-04:00,59.459999084472656,59.52000045776367,59.459999084472656,59.5098991394043,46218,59.459999084472656
2026-05-19 11:25:00-04:00,59.48500061035156,59.494998931884766,59.44499969482422,59.45000076293945,56018,59.48500061035156
2026-05-19 11:30:00-04:00,59.51499938964844,59.54999923706055,59.470001220703125,59.47010040283203,108481,59.51499938964844
2026-05-19 11:35:00-04:00,59.558799743652344,59.560001373291016,59.4900016784668,59.4900016784668,55466,59.558799743652344
2026-05-19 11:40:00-04:00,59.564998626708984,59.59000015258789,59.540000915527344,59.54999923706055,60402,59.564998626708984
2026-05-19 11:45:00-04:00,59.55509948730469,59.57500076293945,59.540000915527344,59.56999969482422,72459,59.55509948730469
2026-05-19 11:50:00-04:00,59.54499816894531,59.56999969482422,59.525001525878906,59.55500030517578,100928,59.54499816894531
2026-05-19 11:55:00-04:00,59.52389907836914,59.540000915527344,59.505001068115234,59.540000915527344,95194,59.52389907836914
2026-05-19 12:00:00-04:00,59.58359909057617,59.589900970458984,59.529998779296875,59.529998779296875,69041,59.58359909057617
2026-05-19 12:05:00-04:00,59.540000915527344,59.584999084472656,59.540000915527344,59.584999084472656,46760,59.540000915527344
2026-05-19 12:10:00-04:00,59.52349853515625,59.540000915527344,59.52000045776367,59.529998779296875,18740,59.52349853515625
2026-05-19 12:15:00-04:00,59.57500076293945,59.57500076293945,59.529998779296875,59.529998779296875,27926,59.57500076293945
2026-05-19 12:20:00-04:00,59.584999084472656,59.584999084472656,59.5635986328125,59.57500076293945,43635,59.584999084472656
2026-05-19 12:25:00-04:00,59.625,59.63999938964844,59.59000015258789,59.59000015258789,76301,59.625
2026-05-19 12:30:00-04:00,59.65650177001953,59.66999816894531,59.619998931884766,59.619998931884766,51296,59.65650177001953
2026-05-19 12:35:00-04:00,59.66550064086914,59.66550064086914,59.63909912109375,59.65879821777344,17331,59.66550064086914
2026-05-19 12:40:00-04:00,59.68000030517578,59.685001373291016,59.665000915527344,59.66999816894531,33671,59.68000030517578
2026-05-19 12:45:00-04:00,59.685001373291016,59.70000076293945,59.670101165771484,59.689998626708984,23471,59.685001373291016
2026-05-19 12:50:00-04:00,59.71500015258789,59.71969985961914,59.66999816894531,59.68000030517578,34352,59.71500015258789
2026-05-19 12:55:00-04:00,59.70000076293945,59.720001220703125,59.70000076293945,59.71500015258789,40693,59.70000076293945
2026-05-19 13:00:00-04:00,59.72999954223633,59.72999954223633,59.70000076293945,59.70500183105469,66701,59.72999954223633
2026-05-19 13:05:00-04:00,59.73500061035156,59.7400016784668,59.72010040283203,59.724998474121094,79410,59.73500061035156
2026-05-19 13:10:00-04:00,59.7400016784668,59.7400016784668,59.72999954223633,59.737701416015625,86208,59.7400016784668
2026-05-19 13:15:00-04:00,59.744998931884766,59.7598991394043,59.7400016784668,59.7400016784668,52397,59.744998931884766
2026-05-19 13:20:00-04:00,59.75450134277344,59.77000045776367,59.744998931884766,59.75,55922,59.75450134277344
2026-05-19 13:25:00-04:00,59.72549819946289,59.7598991394043,59.720001220703125,59.7598991394043,21049,59.72549819946289
2026-05-19 13:30:00-04:00,59.72990036010742,59.7599983215332,59.724998474121094,59.72999954223633,39959,59.72990036010742
2026-05-19 13:35:00-04:00,59.744998931884766,59.744998931884766,59.724998474121094,59.724998474121094,20340,59.744998931884766
2026-05-19 13:40:00-04:00,59.73509979248047,59.75,59.73500061035156,59.742801666259766,24950,59.73509979248047
2026-05-19 13:45:00-04:00,59.70500183105469,59.7400016784668,59.68000030517578,59.738399505615234,45791,59.70500183105469
2026-05-19 13:50:00-04:00,59.685001373291016,59.709999084472656,59.665000915527344,59.70500183105469,37092,59.685001373291016
2026-05-19 13:55:00-04:00,59.71500015258789,59.71500015258789,59.689998626708984,59.689998626708984,23331,59.71500015258789
2026-05-19 14:00:00-04:00,59.724998474121094,59.73189926147461,59.71500015258789,59.724998474121094,17670,59.724998474121094
2026-05-19 14:05:00-04:00,59.73500061035156,59.7400016784668,59.720001220703125,59.72999954223633,33174,59.73500061035156
2026-05-19 14:10:00-04:00,59.724998474121094,59.7400016784668,59.7239990234375,59.739898681640625,24996,59.724998474121094
2026-05-19 14:15:00-04:00,59.705501556396484,59.72570037841797,59.70009994506836,59.72570037841797,41307,59.705501556396484
2026-05-19 14:20:00-04:00,59.690399169921875,59.70500183105469,59.67499923706055,59.70500183105469,50119,59.690399169921875
2026-05-19 14:25:00-04:00,59.67499923706055,59.71500015258789,59.67499923706055,59.69139862060547,21246,59.67499923706055
2026-05-19 14:30:00-04:00,59.68000030517578,59.689998626708984,59.660099029541016,59.66510009765625,34444,59.68000030517578
2026-05-19 14:35:00-04:00,59.665000915527344,59.69499969482422,59.665000915527344,59.685001373291016,22519,59.665000915527344
2026-05-19 14:40:00-04:00,59.66550064086914,59.66999816894531,59.650001525878906,59.665000915527344,67068,59.66550064086914
2026-05-19 14:45:00-04:00,59.665000915527344,59.669898986816406,59.650001525878906,59.6697998046875,69808,59.665000915527344
2026-05-19 14:50:00-04:00,59.63999938964844,59.66999816894531,59.63999938964844,59.665000915527344,46231,59.63999938964844
2026-05-19 14:55:00-04:00,59.625,59.6349983215332,59.61000061035156,59.6349983215332,47650,59.625
2026-05-19 15:00:00-04:00,59.635501861572266,59.654998779296875,59.62009811401367,59.630001068115234,35581,59.635501861572266
2026-05-19 15:05:00-04:00,59.669898986816406,59.66999816894531,59.625,59.635501861572266,54301,59.669898986816406
2026-05-19 15:10:00-04:00,59.70000076293945,59.70000076293945,59.65999984741211,59.669898986816406,68131,59.70000076293945
2026-05-19 15:15:00-04:00,59.65999984741211,59.709999084472656,59.65999984741211,59.70000076293945,73318,59.65999984741211
2026-05-19 15:20:00-04:00,59.60260009765625,59.659000396728516,59.599998474121094,59.659000396728516,47981,59.60260009765625
2026-05-19 15:25:00-04:00,59.630001068115234,59.63999938964844,59.59450149536133,59.599998474121094,70699,59.630001068115234
2026-05-19 15:30:00-04:00,59.625,59.6599006652832,59.619998931884766,59.63560104370117,45341,59.625
2026-05-19 15:35:00-04:00,59.611000061035156,59.630001068115234,59.599998474121094,59.630001068115234,31267,59.611000061035156
2026-05-19 15:40:00-04:00,59.597999572753906,59.6150016784668,59.595001220703125,59.6150016784668,71171,59.597999572753906
2026-05-19 15:45:00-04:00,59.584999084472656,59.60499954223633,59.58000183105469,59.595001220703125,125232,59.584999084472656
2026-05-19 15:50:00-04:00,59.54999923706055,59.599998474121094,59.54999923706055,59.58000183105469,144959,59.54999923706055
2026-05-19 15:55:00-04:00,59.59000015258789,59.599998474121094,59.54010009765625,59.54999923706055,170382,59.59000015258789
2026-05-20 09:30:00-04:00,59.76100158691406,59.779998779296875,59.720001220703125,59.77000045776367,363999,59.76100158691406
2026-05-20 09:35:00-04:00,59.70000076293945,59.77000045776367,59.66999816894531,59.76499938964844,124196,59.70000076293945
2026-05-20 09:40:00-04:00,59.779998779296875,59.78499984741211,59.689998626708984,59.70000076293945,329662,59.779998779296875
2026-05-20 09:45:00-04:00,59.77000045776367,59.810001373291016,59.7599983215332,59.78499984741211,92100,59.77000045776367
2026-05-20 09:50:00-04:00,59.72829818725586,59.790000915527344,59.720001220703125,59.77000045776367,67694,59.72829818725586
2026-05-20 09:55:00-04:00,59.7400016784668,59.75,59.70500183105469,59.72999954223633,85152,59.7400016784668
2026-05-20 10:00:00-04:00,59.70989990234375,59.75,59.70389938354492,59.74140167236328,145029,59.70989990234375
2026-05-20 10:05:00-04:00,59.70500183105469,59.72999954223633,59.69499969482422,59.709999084472656,77725,59.70500183105469
2026-05-20 10:10:00-04:00,59.720001220703125,59.7599983215332,59.65999984741211,59.70500183105469,233340,59.720001220703125
2026-05-20 10:15:00-04:00,59.80500030517578,59.849998474121094,59.71500015258789,59.724998474121094,218983,59.80500030517578
2026-05-20 10:20:00-04:00,59.77000045776367,59.839900970458984,59.77000045776367,59.79999923706055,61699,59.77000045776367
2026-05-20 10:25:00-04:00,59.810001373291016,59.81560134887695,59.75389862060547,59.775001525878906,59404,59.810001373291016
2026-05-20 10:30:00-04:00,59.83000183105469,59.85969924926758,59.83000183105469,59.83000183105469,63837,59.83000183105469
2026-05-20 10:35:00-04:00,59.834598541259766,59.834999084472656,59.790000915527344,59.83000183105469,56930,59.834598541259766
2026-05-20 10:40:00-04:00,59.83000183105469,59.834999084472656,59.81010055541992,59.81999969482422,32895,59.83000183105469
2026-05-20 10:45:00-04:00,59.809898376464844,59.84000015258789,59.79999923706055,59.834999084472656,82253,59.809898376464844
2026-05-20 10:50:00-04:00,59.85499954223633,59.855499267578125,59.810001373291016,59.81010055541992,31328,59.85499954223633
2026-05-20 10:55:00-04:00,59.870601654052734,59.880001068115234,59.8400993347168,59.85499954223633,68580,59.870601654052734
2026-05-20 11:00:00-04:00,59.849700927734375,59.880001068115234,59.849700927734375,59.869998931884766,45003,59.849700927734375
2026-05-20 11:05:00-04:00,59.849998474121094,59.865501403808594,59.84000015258789,59.845001220703125,62432,59.849998474121094
2026-05-20 11:10:00-04:00,59.869998931884766,59.869998931884766,59.85499954223633,59.85900115966797,55918,59.869998931884766
2026-05-20 11:15:00-04:00,59.904998779296875,59.970001220703125,59.86009979248047,59.86009979248047,493788,59.904998779296875
2026-05-20 11:20:00-04:00,59.89139938354492,59.92499923706055,59.89139938354492,59.90999984741211,55469,59.89139938354492
2026-05-20 11:25:00-04:00,59.875,59.905601501464844,59.869998931884766,59.895999908447266,21710,59.875
2026-05-20 11:30:00-04:00,59.904998779296875,59.904998779296875,59.87139892578125,59.875999450683594,46185,59.904998779296875
2026-05-20 11:35:00-04:00,59.88999938964844,59.90999984741211,59.88999938964844,59.90010070800781,62264,59.88999938964844
2026-05-20 11:40:00-04:00,59.8922004699707,59.90999984741211,59.88370132446289,59.89500045776367,28657,59.8922004699707
2026-05-20 11:45:00-04:00,59.91999816894531,59.91999816894531,59.904998779296875,59.904998779296875,44236,59.91999816894531
2026-05-20 11:50:00-04:00,59.915000915527344,59.93000030517578,59.90999984741211,59.915000915527344,101503,59.915000915527344
2026-05-20 11:55:00-04:00,59.90660095214844,59.92499923706055,59.880001068115234,59.915000915527344,41226,59.90660095214844
2026-05-20 12:00:00-04:00,59.89500045776367,59.90999984741211,59.880001068115234,59.90850067138672,37634,59.89500045776367
2026-05-20 12:05:00-04:00,59.89580154418945,59.90999984741211,59.8849983215332,59.900001525878906,34419,59.89580154418945
2026-05-20 12:10:00-04:00,59.89500045776367,59.900001525878906,59.880001068115234,59.89500045776367,60013,59.89500045776367
2026-05-20 12:15:00-04:00,59.8661994934082,59.900001525878906,59.86000061035156,59.89500045776367,32006,59.8661994934082
2026-05-20 12:20:00-04:00,59.845001220703125,59.869998931884766,59.84000015258789,59.8650016784668,80886,59.845001220703125
2026-05-20 12:25:00-04:00,59.84870147705078,59.84870147705078,59.81999969482422,59.845401763916016,29333,59.84870147705078
2026-05-20 12:30:00-04:00,59.845001220703125,59.869998931884766,59.84000015258789,59.8400993347168,28272,59.845001220703125
2026-05-20 12:35:00-04:00,59.85499954223633,59.86000061035156,59.84000015258789,59.848201751708984,21460,59.85499954223633
2026-05-20 12:40:00-04:00,59.88999938964844,59.900001525878906,59.849998474121094,59.85499954223633,47081,59.88999938964844
2026-05-20 12:45:00-04:00,59.8650016784668,59.900001525878906,59.86000061035156,59.89500045776367,28034,59.8650016784668
2026-05-20 12:50:00-04:00,59.880001068115234,59.88999938964844,59.869998931884766,59.875,31777,59.880001068115234
2026-05-20 12:55:00-04:00,59.8849983215332,59.88990020751953,59.849998474121094,59.8849983215332,33383,59.8849983215332
2026-05-20 13:00:00-04:00,59.8849983215332,59.900001525878906,59.875,59.880001068115234,56775,59.8849983215332
2026-05-20 13:05:00-04:00,59.875,59.88990020751953,59.869998931884766,59.880001068115234,22063,59.875
2026-05-20 13:10:00-04:00,59.904998779296875,59.915000915527344,59.86199951171875,59.869998931884766,90836,59.904998779296875
2026-05-20 13:15:00-04:00,59.900001525878906,59.90999984741211,59.89339828491211,59.90589904785156,14765,59.900001525878906
2026-05-20 13:20:00-04:00,59.89500045776367,59.915000915527344,59.89500045776367,59.904998779296875,26306,59.89500045776367
2026-05-20 13:25:00-04:00,59.92499923706055,59.929901123046875,59.89500045776367,59.89500045776367,24729,59.92499923706055
2026-05-20 13:30:00-04:00,59.9093017578125,59.92570114135742,59.900001525878906,59.92570114135742,16127,59.9093017578125
2026-05-20 13:35:00-04:00,59.92499923706055,59.939998626708984,59.904998779296875,59.90549850463867,76531,59.92499923706055
2026-05-20 13:40:00-04:00,59.92499923706055,59.92839813232422,59.910099029541016,59.92499923706055,26570,59.92499923706055
2026-05-20 13:45:00-04:00,59.915000915527344,59.93000030517578,59.910099029541016,59.93000030517578,35396,59.915000915527344
2026-05-20 13:50:00-04:00,59.915000915527344,59.91999816894531,59.904998779296875,59.919898986816406,28187,59.915000915527344
2026-05-20 13:55:00-04:00,59.92499923706055,59.92499923706055,59.90999984741211,59.9109992980957,20234,59.92499923706055
2026-05-20 14:00:00-04:00,59.935001373291016,59.939998626708984,59.904998779296875,59.92499923706055,58626,59.935001373291016
2026-05-20 14:05:00-04:00,59.92499923706055,59.939998626708984,59.91999816894531,59.931400299072266,54237,59.92499923706055
2026-05-20 14:10:00-04:00,59.915000915527344,59.92499923706055,59.910099029541016,59.92499923706055,25391,59.915000915527344
2026-05-20 14:15:00-04:00,59.915000915527344,59.929901123046875,59.90999984741211,59.90999984741211,31327,59.915000915527344
2026-05-20 14:20:00-04:00,59.904998779296875,59.91999816894531,59.900001525878906,59.91550064086914,78830,59.904998779296875
2026-05-20 14:25:00-04:00,59.91630172729492,59.91630172729492,59.89500045776367,59.907501220703125,64726,59.91630172729492
2026-05-20 14:30:00-04:00,59.91849899291992,59.92610168457031,59.90999984741211,59.919898986816406,25597,59.91849899291992
2026-05-20 14:35:00-04:00,59.939998626708984,59.95000076293945,59.919898986816406,59.919898986816406,81310,59.939998626708984
2026-05-20 14:40:00-04:00,59.90999984741211,59.939998626708984,59.90999984741211,59.939998626708984,87737,59.90999984741211
2026-05-20 14:45:00-04:00,59.90999984741211,59.91999816894531,59.900001525878906,59.90999984741211,21228,59.90999984741211
2026-05-20 14:50:00-04:00,59.915000915527344,59.91999816894531,59.90999984741211,59.915000915527344,37177,59.915000915527344
2026-05-20 14:55:00-04:00,59.92499923706055,59.93000030517578,59.91999816894531,59.91999816894531,22552,59.92499923706055
2026-05-20 15:00:00-04:00,59.91999816894531,59.939998626708984,59.91999816894531,59.92499923706055,75220,59.91999816894531
2026-05-20 15:05:00-04:00,59.935001373291016,59.939998626708984,59.91999816894531,59.91999816894531,58611,59.935001373291016
2026-05-20 15:10:00-04:00,59.94969940185547,59.95000076293945,59.93009948730469,59.935001373291016,40667,59.94969940185547
2026-05-20 15:15:00-04:00,59.94499969482422,59.959999084472656,59.94129943847656,59.94499969482422,58317,59.94499969482422
2026-05-20 15:20:00-04:00,59.95500183105469,59.95989990234375,59.939998626708984,59.94499969482422,36960,59.95500183105469
2026-05-20 15:25:00-04:00,59.95589828491211,59.95589828491211,59.939998626708984,59.95500183105469,21135,59.95589828491211
2026-05-20 15:30:00-04:00,59.95500183105469,59.959999084472656,59.95000076293945,59.95500183105469,40055,59.95500183105469
2026-05-20 15:35:00-04:00,59.96500015258789,59.974998474121094,59.95500183105469,59.95500183105469,123891,59.96500015258789
2026-05-20 15:40:00-04:00,59.96500015258789,59.970001220703125,59.959999084472656,59.96500015258789,51709,59.96500015258789
2026-05-20 15:45:00-04:00,59.959999084472656,59.970001220703125,59.959999084472656,59.959999084472656,88358,59.959999084472656
2026-05-20 15:50:00-04:00,59.96500015258789,59.97999954223633,59.94990158081055,59.959999084472656,99439,59.96500015258789
2026-05-20 15:55:00-04:00,59.974998474121094,59.97999954223633,59.95000076293945,59.970001220703125,111910,59.974998474121094
2026-05-21 09:30:00-04:00,59.94940185546875,59.94940185546875,59.83380126953125,59.875,543836,59.94940185546875
2026-05-21 09:35:00-04:00,59.89500045776367,59.95000076293945,59.880001068115234,59.95000076293945,117771,59.89500045776367
2026-05-21 09:40:00-04:00,59.880001068115234,59.94990158081055,59.869998931884766,59.89860153198242,118933,59.880001068115234
2026-05-21 09:45:00-04:00,59.89500045776367,59.939998626708984,59.880001068115234,59.88999938964844,67129,59.89500045776367
2026-05-21 09:50:00-04:00,59.974998474121094,59.97710037231445,59.869998931884766,59.8849983215332,99223,59.974998474121094
2026-05-21 09:55:00-04:00,59.9640007019043,60.0,59.931400299072266,59.97999954223633,73397,59.9640007019043
2026-05-21 10:00:00-04:00,59.98500061035156,60.0099983215332,59.959999084472656,59.96500015258789,118559,59.98500061035156
2026-05-21 10:05:00-04:00,59.994998931884766,60.0,59.95500183105469,59.9900016784668,50123,59.994998931884766
2026-05-21 10:10:00-04:00,59.940101623535156,60.0,59.935001373291016,59.994998931884766,106734,59.940101623535156
2026-05-21 10:15:00-04:00,59.875099182128906,59.945499420166016,59.875099182128906,59.945499420166016,83751,59.875099182128906
2026-05-21 10:20:00-04:00,59.85499954223633,59.880001068115234,59.81999969482422,59.869998931884766,82054,59.85499954223633
2026-05-21 10:25:00-04:00,59.880001068115234,59.880001068115234,59.84000015258789,59.849998474121094,60916,59.880001068115234
2026-05-21 10:30:00-04:00,59.89500045776367,59.929901123046875,59.880001068115234,59.880001068115234,43350,59.89500045776367
2026-05-21 10:35:00-04:00,59.935001373291016,59.94990158081055,59.894500732421875,59.894500732421875,59503,59.935001373291016
2026-05-21 10:40:00-04:00,59.92499923706055,59.935001373291016,59.90399932861328,59.935001373291016,62096,59.92499923706055
2026-05-21 10:45:00-04:00,59.89500045776367,59.935001373291016,59.88600158691406,59.93000030517578,49537,59.89500045776367
2026-05-21 10:50:00-04:00,59.91659927368164,59.92499923706055,59.86109924316406,59.88999938964844,55595,59.91659927368164
2026-05-21 10:55:00-04:00,59.939998626708984,59.95000076293945,59.90999984741211,59.919898986816406,28364,59.939998626708984
2026-05-21 11:00:00-04:00,59.915000915527344,59.939998626708984,59.9099006652832,59.939998626708984,28578,59.915000915527344
2026-05-21 11:05:00-04:00,59.875,59.915000915527344,59.849998474121094,59.910099029541016,45165,59.875
2026-05-21 11:10:00-04:00,59.93009948730469,59.94499969482422,59.845001220703125,59.86000061035156,112021,59.93009948730469
2026-05-21 11:15:00-04:00,59.939998626708984,59.94990158081055,59.93000030517578,59.939998626708984,35720,59.939998626708984
2026-05-21 11:20:00-04:00,59.93980026245117,59.95970153808594,59.933998107910156,59.939998626708984,41779,59.93980026245117
2026-05-21 11:25:00-04:00,59.939998626708984,59.95000076293945,59.93000030517578,59.935001373291016,54643,59.939998626708984
2026-05-21 11:30:00-04:00,59.88999938964844,59.939998626708984,59.8849983215332,59.935001373291016,49106,59.88999938964844
2026-05-21 11:35:00-04:00,59.95500183105469,59.95500183105469,59.88970184326172,59.88999938964844,45685,59.95500183105469
2026-05-21 11:40:00-04:00,59.95140075683594,59.970001220703125,59.939998626708984,59.95989990234375,25617,59.95140075683594
2026-05-21 11:45:00-04:00,59.98500061035156,59.9900016784668,59.95140075683594,59.95500183105469,22260,59.98500061035156
2026-05-21 11:50:00-04:00,59.974998474121094,60.0,59.96500015258789,59.98500061035156,40536,59.974998474121094
2026-05-21 11:55:00-04:00,59.939998626708984,59.974998474121094,59.939998626708984,59.974998474121094,30575,59.939998626708984
2026-05-21 12:00:00-04:00,59.96500015258789,59.974998474121094,59.94499969482422,59.94900131225586,21916,59.96500015258789
2026-05-21 12:05:00-04:00,59.9807014465332,59.987998962402344,59.95500183105469,59.96500015258789,26873,59.9807014465332
2026-05-21 12:10:00-04:00,59.95009994506836,59.97999954223633,59.95000076293945,59.97999954223633,70309,59.95009994506836
2026-05-21 12:15:00-04:00,59.94499969482422,59.95500183105469,59.94499969482422,59.95000076293945,28214,59.94499969482422
2026-05-21 12:20:00-04:00,59.935001373291016,59.95500183105469,59.91510009765625,59.94990158081055,20168,59.935001373291016
2026-05-21 12:25:00-04:00,59.93000030517578,59.939998626708984,59.91999816894531,59.935001373291016,18802,59.93000030517578
2026-05-21 12:30:00-04:00,59.958499908447266,59.959999084472656,59.93000030517578,59.93000030517578,23116,59.958499908447266
2026-05-21 12:35:00-04:00,59.94499969482422,59.96500015258789,59.93009948730469,59.95500183105469,29704,59.94499969482422
2026-05-21 12:40:00-04:00,59.94660186767578,59.95000076293945,59.93000030517578,59.95000076293945,29451,59.94660186767578
2026-05-21 12:45:00-04:00,59.9297981262207,59.95589828491211,59.92499923706055,59.95000076293945,20431,59.9297981262207
2026-05-21 12:50:00-04:00,59.935001373291016,59.94649887084961,59.919898986816406,59.92639923095703,27230,59.935001373291016
2026-05-21 12:55:00-04:00,59.95500183105469,59.95610046386719,59.935001373291016,59.935001373291016,29415,59.95500183105469
2026-05-21 13:00:00-04:00,59.970001220703125,59.98979949951172,59.959999084472656,59.959999084472656,32796,59.970001220703125
2026-05-21 13:05:00-04:00,59.97999954223633,59.98590087890625,59.974998474121094,59.97999954223633,22878,59.97999954223633
2026-05-21 13:10:00-04:00,60.02000045776367,60.060001373291016,59.97999954223633,59.97999954223633,100307,60.02000045776367
2026-05-21 13:15:00-04:00,60.07899856567383,60.09000015258789,60.01020050048828,60.02000045776367,121358,60.07899856567383
2026-05-21 13:20:00-04:00,60.064998626708984,60.1150016784668,60.029998779296875,60.07500076293945,101503,60.064998626708984
2026-05-21 13:25:00-04:00,60.064998626708984,60.08649826049805,60.05500030517578,60.07500076293945,29858,60.064998626708984
2026-05-21 13:30:00-04:00,60.07500076293945,60.099998474121094,60.060001373291016,60.06449890136719,38054,60.07500076293945
2026-05-21 13:35:00-04:00,60.09000015258789,60.099998474121094,60.08000183105469,60.08000183105469,17241,60.09000015258789
2026-05-21 13:40:00-04:00,60.119998931884766,60.119998931884766,60.099300384521484,60.09989929199219,36422,60.119998931884766
2026-05-21 13:45:00-04:00,60.1150016784668,60.119998931884766,60.09989929199219,60.119998931884766,25057,60.1150016784668
2026-05-21 13:50:00-04:00,60.135501861572266,60.13990020751953,60.11000061035156,60.11249923706055,39232,60.135501861572266
2026-05-21 13:55:00-04:00,60.099998474121094,60.150001525878906,60.099998474121094,60.13999938964844,66114,60.099998474121094
2026-05-21 14:00:00-04:00,60.08000183105469,60.119998931884766,60.08000183105469,60.11000061035156,36140,60.08000183105469
2026-05-21 14:05:00-04:00,60.099998474121094,60.109901428222656,60.0703010559082,60.08000183105469,34460,60.099998474121094
2026-05-21 14:10:00-04:00,60.06999969482422,60.099998474121094,60.06999969482422,60.099998474121094,59105,60.06999969482422
2026-05-21 14:15:00-04:00,60.089900970458984,60.09000015258789,60.04999923706055,60.069000244140625,52549,60.089900970458984
2026-05-21 14:20:00-04:00,60.089900970458984,60.099998474121094,60.08000183105469,60.084999084472656,24249,60.089900970458984
2026-05-21 14:25:00-04:00,60.08599853515625,60.099998474121094,60.084999084472656,60.095001220703125,23223,60.08599853515625
2026-05-21 14:30:00-04:00,60.07500076293945,60.09000015258789,60.074100494384766,60.084999084472656,35186,60.07500076293945
2026-05-21 14:35:00-04:00,60.07500076293945,60.08549880981445,60.06999969482422,60.079898834228516,28773,60.07500076293945
2026-05-21 14:40:00-04:00,60.095001220703125,60.09989929199219,60.08000183105469,60.08000183105469,19995,60.095001220703125
2026-05-21 14:45:00-04:00,60.05500030517578,60.09550094604492,60.03990173339844,60.09000015258789,47099,60.05500030517578
2026-05-21 14:50:00-04:00,59.97999954223633,60.064998626708984,59.97999954223633,60.04499816894531,54923,59.97999954223633
2026-05-21 14:55:00-04:00,59.994998931884766,59.994998931884766,59.959999084472656,59.970001220703125,54958,59.994998931884766
2026-05-21 15:00:00-04:00,60.03499984741211,60.03499984741211,59.994998931884766,59.994998931884766,41680,60.03499984741211
2026-05-21 15:05:00-04:00,60.04990005493164,60.04999923706055,60.0099983215332,60.029998779296875,48562,60.04990005493164
2026-05-21 15:10:00-04:00,60.05500030517578,60.060001373291016,60.03499984741211,60.04999923706055,41545,60.05500030517578
2026-05-21 15:15:00-04:00,60.07500076293945,60.07500076293945,60.05500030517578,60.05569839477539,37198,60.07500076293945
2026-05-21 15:20:00-04:00,60.06999969482422,60.079898834228516,60.05500030517578,60.07500076293945,84656,60.06999969482422
2026-05-21 15:25:00-04:00,60.06999969482422,60.08000183105469,60.0614013671875,60.07500076293945,43034,60.06999969482422
2026-05-21 15:30:00-04:00,60.060001373291016,60.076499938964844,60.060001373291016,60.07550048828125,17825,60.060001373291016
2026-05-21 15:35:00-04:00,60.084999084472656,60.09000015258789,60.064998626708984,60.064998626708984,29492,60.084999084472656
2026-05-21 15:40:00-04:00,60.080101013183594,60.095001220703125,60.06449890136719,60.09000015258789,45990,60.080101013183594
2026-05-21 15:45:00-04:00,60.084999084472656,60.09000015258789,60.07120132446289,60.08000183105469,41483,60.084999084472656
2026-05-21 15:50:00-04:00,60.084999084472656,60.099998474121094,60.06999969482422,60.09000015258789,80209,60.084999084472656
2026-05-21 15:55:00-04:00,60.11000061035156,60.119998931884766,60.06999969482422,60.06999969482422,147239,60.11000061035156
2026-05-22 09:30:00-04:00,60.2599983215332,60.290000915527344,60.22100067138672,60.279998779296875,424732,60.2599983215332
2026-05-22 09:35:00-04:00,60.28499984741211,60.29999923706055,60.255001068115234,60.26499938964844,212049,60.28499984741211
2026-05-22 09:40:00-04:00,60.25,60.29990005493164,60.229000091552734,60.28499984741211,118073,60.25
2026-05-22 09:45:00-04:00,60.23500061035156,60.26620101928711,60.22999954223633,60.25,96862,60.23500061035156
2026-05-22 09:50:00-04:00,60.2400016784668,60.2400016784668,60.21500015258789,60.2400016784668,74501,60.2400016784668
2026-05-22 09:55:00-04:00,60.2400016784668,60.2400016784668,60.21009826660156,60.23509979248047,77836,60.2400016784668
2026-05-22 10:00:00-04:00,60.20500183105469,60.22999954223633,60.17499923706055,60.220001220703125,88949,60.20500183105469
2026-05-22 10:05:00-04:00,60.205101013183594,60.209999084472656,60.15999984741211,60.20500183105469,75755,60.205101013183594
2026-05-22 10:10:00-04:00,60.20009994506836,60.220001220703125,60.20000076293945,60.20500183105469,60325,60.20009994506836
2026-05-22 10:15:00-04:00,60.19499969482422,60.220001220703125,60.194000244140625,60.20500183105469,61887,60.19499969482422
2026-05-22 10:20:00-04:00,60.165000915527344,60.20000076293945,60.150001525878906,60.19499969482422,63975,60.165000915527344
2026-05-22 10:25:00-04:00,60.20000076293945,60.20000076293945,60.165000915527344,60.16889953613281,41087,60.20000076293945
2026-05-22 10:30:00-04:00,60.220001220703125,60.22999954223633,60.19499969482422,60.20500183105469,34948,60.220001220703125
2026-05-22 10:35:00-04:00,60.23500061035156,60.2400016784668,60.220001220703125,60.22999954223633,57388,60.23500061035156
2026-05-22 10:40:00-04:00,60.249900817871094,60.25,60.230098724365234,60.23500061035156,35221,60.249900817871094
2026-05-22 10:45:00-04:00,60.255001068115234,60.2599983215332,60.230098724365234,60.244998931884766,69721,60.255001068115234
2026-05-22 10:50:00-04:00,60.244998931884766,60.25040054321289,60.2400016784668,60.25,35876,60.244998931884766
2026-05-22 10:55:00-04:00,60.255001068115234,60.2599983215332,60.243900299072266,60.244998931884766,35484,60.255001068115234
2026-05-22 11:00:00-04:00,60.275001525878906,60.275001525878906,60.255001068115234,60.255001068115234,211483,60.275001525878906
2026-05-22 11:05:00-04:00,60.28499984741211,60.290000915527344,60.275001525878906,60.275001525878906,84732,60.28499984741211
2026-05-22 11:10:00-04:00,60.28340148925781,60.290000915527344,60.279998779296875,60.290000915527344,34985,60.28340148925781
2026-05-22 11:15:00-04:00,60.28990173339844,60.290000915527344,60.279998779296875,60.28499984741211,55976,60.28990173339844
2026-05-22 11:20:00-04:00,60.28499984741211,60.290000915527344,60.279998779296875,60.290000915527344,52952,60.28499984741211
2026-05-22 11:25:00-04:00,60.29499816894531,60.29999923706055,60.279998779296875,60.279998779296875,49910,60.29499816894531
2026-05-22 11:30:00-04:00,60.29499816894531,60.29999923706055,60.290000915527344,60.29499816894531,48390,60.29499816894531
2026-05-22 11:35:00-04:00,60.29050064086914,60.29999923706055,60.28499984741211,60.29499816894531,63701,60.29050064086914
2026-05-22 11:40:00-04:00,60.28499984741211,60.29600143432617,60.27009963989258,60.29499816894531,47995,60.28499984741211
2026-05-22 11:45:00-04:00,60.26499938964844,60.28990173339844,60.26499938964844,60.28499984741211,30444,60.26499938964844
2026-05-22 11:50:00-04:00,60.275001525878906,60.279998779296875,60.2599983215332,60.26499938964844,44360,60.275001525878906
2026-05-22 11:55:00-04:00,60.27989959716797,60.279998779296875,60.27000045776367,60.27989959716797,23147,60.27989959716797
2026-05-22 12:00:00-04:00,60.27989959716797,60.279998779296875,60.26499938964844,60.27799987792969,52716,60.27989959716797
2026-05-22 12:05:00-04:00,60.275001525878906,60.27989959716797,60.27000045776367,60.275001525878906,29712,60.275001525878906
2026-05-22 12:10:00-04:00,60.275001525878906,60.279998779296875,60.263999938964844,60.275001525878906,20648,60.275001525878906
2026-05-22 12:15:00-04:00,60.255001068115234,60.2755012512207,60.25,60.27009963989258,70050,60.255001068115234
2026-05-22 12:20:00-04:00,60.25,60.27000045776367,60.25,60.255001068115234,30647,60.25
2026-05-22 12:25:00-04:00,60.26499938964844,60.26499938964844,60.25,60.25,42350,60.26499938964844
2026-05-22 12:30:00-04:00,60.2598991394043,60.27000045776367,60.255001068115234,60.26499938964844,42394,60.2598991394043
2026-05-22 12:35:00-04:00,60.259700775146484,60.27000045776367,60.25,60.255001068115234,38633,60.259700775146484
2026-05-22 12:40:00-04:00,60.255001068115234,60.2599983215332,60.25,60.255001068115234,20502,60.255001068115234
2026-05-22 12:45:00-04:00,60.2599983215332,60.27000045776367,60.255001068115234,60.2598991394043,17352,60.2599983215332
2026-05-22 12:50:00-04:00,60.26499938964844,60.27000045776367,60.2599983215332,60.26499938964844,35371,60.26499938964844
2026-05-22 12:55:00-04:00,60.27009963989258,60.279998779296875,60.2599983215332,60.26969909667969,29044,60.27009963989258
2026-05-22 13:00:00-04:00,60.28499984741211,60.290000915527344,60.275001525878906,60.275001525878906,20745,60.28499984741211
2026-05-22 13:05:00-04:00,60.29499816894531,60.29999923706055,60.28499984741211,60.28499984741211,147041,60.29499816894531
2026-05-22 13:10:00-04:00,60.30500030517578,60.310001373291016,60.29359817504883,60.29499816894531,69667,60.30500030517578
2026-05-22 13:15:00-04:00,60.275001525878906,60.310001373291016,60.27000045776367,60.310001373291016,70412,60.275001525878906
2026-05-22 13:20:00-04:00,60.279998779296875,60.28499984741211,60.27000045776367,60.275001525878906,59014,60.279998779296875
2026-05-22 13:25:00-04:00,60.30500030517578,60.31999969482422,60.279998779296875,60.28499984741211,90955,60.30500030517578
2026-05-22 13:30:00-04:00,60.28499984741211,60.31999969482422,60.28499984741211,60.310001373291016,45005,60.28499984741211
2026-05-22 13:35:00-04:00,60.30500030517578,60.309898376464844,60.279998779296875,60.2849006652832,28917,60.30500030517578
2026-05-22 13:40:00-04:00,60.29499816894531,60.30500030517578,60.29499816894531,60.30500030517578,19928,60.29499816894531
2026-05-22 13:45:00-04:00,60.29499816894531,60.29999923706055,60.290000915527344,60.29010009765625,21821,60.29499816894531
2026-05-22 13:50:00-04:00,60.275001525878906,60.296199798583984,60.27009963989258,60.29069900512695,90898,60.275001525878906
2026-05-22 13:55:00-04:00,60.28499984741211,60.290000915527344,60.279998779296875,60.28499984741211,28445,60.28499984741211
2026-05-22 14:00:00-04:00,60.27840042114258,60.290000915527344,60.269798278808594,60.28499984741211,91582,60.27840042114258
2026-05-22 14:05:00-04:00,60.28499984741211,60.290000915527344,60.27149963378906,60.27149963378906,45497,60.28499984741211
2026-05-22 14:10:00-04:00,60.27399826049805,60.28670120239258,60.27000045776367,60.285499572753906,21424,60.27399826049805
2026-05-22 14:15:00-04:00,60.27050018310547,60.27989959716797,60.2599983215332,60.275001525878906,32412,60.27050018310547
2026-05-22 14:20:00-04:00,60.279998779296875,60.279998779296875,60.27000045776367,60.27669906616211,20419,60.279998779296875
2026-05-22 14:25:00-04:00,60.27989959716797,60.279998779296875,60.27009963989258,60.279998779296875,14610,60.27989959716797
2026-05-22 14:30:00-04:00,60.26499938964844,60.279998779296875,60.2599983215332,60.279998779296875,59388,60.26499938964844
2026-05-22 14:35:00-04:00,60.26499938964844,60.275001525878906,60.250099182128906,60.2599983215332,108483,60.26499938964844
2026-05-22 14:40:00-04:00,60.279998779296875,60.279998779296875,60.26499938964844,60.26499938964844,30053,60.279998779296875
2026-05-22 14:45:00-04:00,60.2599983215332,60.275001525878906,60.2599983215332,60.27410125732422,21959,60.2599983215332
2026-05-22 14:50:00-04:00,60.275001525878906,60.279998779296875,60.26139831542969,60.26499938964844,31523,60.275001525878906
2026-05-22 14:55:00-04:00,60.26499938964844,60.27989959716797,60.2599983215332,60.275001525878906,56381,60.26499938964844
2026-05-22 15:00:00-04:00,60.239898681640625,60.27000045776367,60.22999954223633,60.26499938964844,84300,60.239898681640625
2026-05-22 15:05:00-04:00,60.22999954223633,60.249900817871094,60.220001220703125,60.23500061035156,25080,60.22999954223633
2026-05-22 15:10:00-04:00,60.224998474121094,60.2400016784668,60.220001220703125,60.23500061035156,16700,60.224998474121094
2026-05-22 15:15:00-04:00,60.22549819946289,60.22999954223633,60.209999084472656,60.220001220703125,29593,60.22549819946289
2026-05-22 15:20:00-04:00,60.20500183105469,60.220001220703125,60.20000076293945,60.220001220703125,78637,60.20500183105469
2026-05-22 15:25:00-04:00,60.18550109863281,60.209999084472656,60.185001373291016,60.20500183105469,28498,60.18550109863281
2026-05-22 15:30:00-04:00,60.20989990234375,60.209999084472656,60.16999816894531,60.185001373291016,75594,60.20989990234375
2026-05-22 15:35:00-04:00,60.220001220703125,60.220001220703125,60.20859909057617,60.20859909057617,47093,60.220001220703125
2026-05-22 15:40:00-04:00,60.200801849365234,60.224998474121094,60.20000076293945,60.220001220703125,82569,60.200801849365234
2026-05-22 15:45:00-04:00,60.20000076293945,60.20500183105469,60.18000030517578,60.20500183105469,61999,60.20000076293945
2026-05-22 15:50:00-04:00,60.19499969482422,60.209999084472656,60.185001373291016,60.19499969482422,85656,60.19499969482422
2026-05-22 15:55:00-04:00,60.20500183105469,60.220001220703125,60.20000076293945,60.20500183105469,75657,60.20500183105469
2026-05-26 09:30:00-04:00,60.505001068115234,60.59000015258789,60.4900016784668,60.54499816894531,762954,60.505001068115234
2026-05-26 09:35:00-04:00,60.494998931884766,60.5099983215332,60.47999954223633,60.5,205067,60.494998931884766
2026-05-26 09:40:00-04:00,60.55970001220703,60.560001373291016,60.4900016784668,60.49850082397461,242968,60.55970001220703
2026-05-26 09:45:00-04:00,60.55860137939453,60.58000183105469,60.548500061035156,60.55149841308594,257728,60.55860137939453
2026-05-26 09:50:00-04:00,60.53990173339844,60.560001373291016,60.51499938964844,60.560001373291016,233420,60.53990173339844
2026-05-26 09:55:00-04:00,60.55500030517578,60.55500030517578,60.529998779296875,60.529998779296875,127255,60.55500030517578
2026-05-26 10:00:00-04:00,60.54499816894531,60.560001373291016,60.540000915527344,60.560001373291016,110142,60.54499816894531
2026-05-26 10:05:00-04:00,60.55500030517578,60.560001373291016,60.53010177612305,60.54999923706055,160778,60.55500030517578
2026-05-26 10:10:00-04:00,60.55500030517578,60.560001373291016,60.540000915527344,60.54999923706055,151546,60.55500030517578
2026-05-26 10:15:00-04:00,60.56999969482422,60.56999969482422,60.540000915527344,60.55350112915039,162064,60.56999969482422
2026-05-26 10:20:00-04:00,60.58000183105469,60.58000183105469,60.55390167236328,60.56999969482422,135340,60.58000183105469
2026-05-26 10:25:00-04:00,60.56990051269531,60.59000015258789,60.560001373291016,60.57899856567383,135735,60.56990051269531
2026-05-26 10:30:00-04:00,60.57500076293945,60.58000183105469,60.56449890136719,60.56999969482422,159945,60.57500076293945
2026-05-26 10:35:00-04:00,60.57899856567383,60.59000015258789,60.56999969482422,60.57500076293945,118739,60.57899856567383
2026-05-26 10:40:00-04:00,60.56999969482422,60.59000015258789,60.56999969482422,60.57500076293945,72741,60.56999969482422
2026-05-26 10:45:00-04:00,60.55500030517578,60.58000183105469,60.55149841308594,60.57500076293945,86103,60.55500030517578
2026-05-26 10:50:00-04:00,60.55009841918945,60.56999969482422,60.54999923706055,60.55500030517578,74297,60.55009841918945
2026-05-26 10:55:00-04:00,60.54499816894531,60.560001373291016,60.54140090942383,60.55500030517578,201343,60.54499816894531
2026-05-26 11:00:00-04:00,60.525001525878906,60.54999923706055,60.52000045776367,60.54990005493164,153822,60.525001525878906
2026-05-26 11:05:00-04:00,60.525001525878906,60.529998779296875,60.5,60.5255012512207,126128,60.525001525878906
2026-05-26 11:10:00-04:00,60.53990173339844,60.53990173339844,60.5099983215332,60.52989959716797,64248,60.53990173339844
2026-05-26 11:15:00-04:00,60.52000045776367,60.540000915527344,60.51139831542969,60.53499984741211,58492,60.52000045776367
2026-05-26 11:20:00-04:00,60.519901275634766,60.529998779296875,60.5099983215332,60.52000045776367,62485,60.519901275634766
2026-05-26 11:25:00-04:00,60.51499938964844,60.529998779296875,60.510101318359375,60.52000045776367,67261,60.51499938964844
2026-05-26 11:30:00-04:00,60.510101318359375,60.52000045776367,60.5,60.52000045776367,68249,60.510101318359375
2026-05-26 11:35:00-04:00,60.51499938964844,60.52000045776367,60.4900016784668,60.51499938964844,93063,60.51499938964844
2026-05-26 11:40:00-04:00,60.505001068115234,60.51559829711914,60.5,60.5099983215332,85819,60.505001068115234
2026-05-26 11:45:00-04:00,60.48500061035156,60.5099983215332,60.47999954223633,60.505001068115234,113200,60.48500061035156
2026-05-26 11:50:00-04:00,60.45500183105469,60.4900016784668,60.45000076293945,60.48160171508789,79152,60.45500183105469
2026-05-26 11:55:00-04:00,60.474998474121094,60.47990036010742,60.45000076293945,60.45500183105469,107007,60.474998474121094
2026-05-26 12:00:00-04:00,60.51499938964844,60.51499938964844,60.473899841308594,60.473899841308594,66984,60.51499938964844
2026-05-26 12:05:00-04:00,60.494998931884766,60.515499114990234,60.4900016784668,60.515499114990234,50775,60.494998931884766
2026-05-26 12:10:00-04:00,60.494998931884766,60.50859832763672,60.480098724365234,60.494998931884766,50479,60.494998931884766
2026-05-26 12:15:00-04:00,60.5099983215332,60.5099983215332,60.4901008605957,60.499900817871094,26461,60.5099983215332
2026-05-26 12:20:00-04:00,60.519901275634766,60.52000045776367,60.5,60.5098991394043,60162,60.519901275634766
2026-05-26 12:25:00-04:00,60.53010177612305,60.540000915527344,60.52009963989258,60.525001525878906,64277,60.53010177612305
2026-05-26 12:30:00-04:00,60.54499816894531,60.54999923706055,60.53010177612305,60.540000915527344,73038,60.54499816894531
2026-05-26 12:35:00-04:00,60.540000915527344,60.54999923706055,60.540000915527344,60.54999923706055,61647,60.540000915527344
2026-05-26 12:40:00-04:00,60.518001556396484,60.53990173339844,60.510101318359375,60.53990173339844,47356,60.518001556396484
2026-05-26 12:45:00-04:00,60.5098991394043,60.529998779296875,60.505001068115234,60.51110076904297,71344,60.5098991394043
2026-05-26 12:50:00-04:00,60.525001525878906,60.5255012512207,60.5,60.500099182128906,18755,60.525001525878906
2026-05-26 12:55:00-04:00,60.529998779296875,60.529998779296875,60.52170181274414,60.52170181274414,43600,60.529998779296875
2026-05-26 13:00:00-04:00,60.53499984741211,60.54499816894531,60.52000045776367,60.529998779296875,79945,60.53499984741211
2026-05-26 13:05:00-04:00,60.51499938964844,60.540000915527344,60.51499938964844,60.53499984741211,58761,60.51499938964844
2026-05-26 13:10:00-04:00,60.53499984741211,60.540000915527344,60.51499938964844,60.52000045776367,21529,60.53499984741211
2026-05-26 13:15:00-04:00,60.525001525878906,60.540000915527344,60.52000045776367,60.540000915527344,37968,60.525001525878906
2026-05-26 13:20:00-04:00,60.51499938964844,60.53499984741211,60.51499938964844,60.525001525878906,51698,60.51499938964844
2026-05-26 13:25:00-04:00,60.525001525878906,60.529998779296875,60.51340103149414,60.52000045776367,51308,60.525001525878906
2026-05-26 13:30:00-04:00,60.53990173339844,60.540000915527344,60.52399826049805,60.5255012512207,55204,60.53990173339844
2026-05-26 13:35:00-04:00,60.53499984741211,60.54999923706055,60.53010177612305,60.53010177612305,44071,60.53499984741211
2026-05-26 13:40:00-04:00,60.53499984741211,60.540000915527344,60.52009963989258,60.529998779296875,46181,60.53499984741211
2026-05-26 13:45:00-04:00,60.55500030517578,60.560001373291016,60.53499984741211,60.540000915527344,46575,60.55500030517578
2026-05-26 13:50:00-04:00,60.560001373291016,60.560001373291016,60.54999923706055,60.556400299072266,89826,60.560001373291016
2026-05-26 13:55:00-04:00,60.560001373291016,60.560001373291016,60.54499816894531,60.55500030517578,55014,60.560001373291016
2026-05-26 14:00:00-04:00,60.564998626708984,60.56999969482422,60.544898986816406,60.55500030517578,81910,60.564998626708984
2026-05-26 14:05:00-04:00,60.56999969482422,60.56999969482422,60.560001373291016,60.564998626708984,51126,60.56999969482422
2026-05-26 14:10:00-04:00,60.56990051269531,60.56999969482422,60.56010055541992,60.56999969482422,247850,60.56990051269531
2026-05-26 14:15:00-04:00,60.57500076293945,60.58000183105469,60.56999969482422,60.57500076293945,42333,60.57500076293945
2026-05-26 14:20:00-04:00,60.584999084472656,60.59000015258789,60.57360076904297,60.58000183105469,99539,60.584999084472656
2026-05-26 14:25:00-04:00,60.584999084472656,60.59000015258789,60.58000183105469,60.584598541259766,54456,60.584999084472656
2026-05-26 14:30:00-04:00,60.595001220703125,60.599998474121094,60.584999084472656,60.584999084472656,87625,60.595001220703125
2026-05-26 14:35:00-04:00,60.584999084472656,60.59989929199219,60.58000183105469,60.59000015258789,62470,60.584999084472656
2026-05-26 14:40:00-04:00,60.579898834228516,60.584999084472656,60.56999969482422,60.584999084472656,33444,60.579898834228516
2026-05-26 14:45:00-04:00,60.56999969482422,60.58000183105469,60.56999969482422,60.57500076293945,28424,60.56999969482422
2026-05-26 14:50:00-04:00,60.584999084472656,60.59000015258789,60.56999969482422,60.58000183105469,113944,60.584999084472656
2026-05-26 14:55:00-04:00,60.564998626708984,60.59000015258789,60.56159973144531,60.581199645996094,92277,60.564998626708984
2026-05-26 15:00:00-04:00,60.57500076293945,60.579898834228516,60.560001373291016,60.56010055541992,54760,60.57500076293945
2026-05-26 15:05:00-04:00,60.595001220703125,60.599998474121094,60.56999969482422,60.57500076293945,65655,60.595001220703125
2026-05-26 15:10:00-04:00,60.595001220703125,60.599998474121094,60.59000015258789,60.595001220703125,67555,60.595001220703125
2026-05-26 15:15:00-04:00,60.595001220703125,60.599998474121094,60.59000015258789,60.59989929199219,65131,60.595001220703125
2026-05-26 15:20:00-04:00,60.595001220703125,60.599998474121094,60.58000183105469,60.595001220703125,93480,60.595001220703125
2026-05-26 15:25:00-04:00,60.589298248291016,60.599998474121094,60.581199645996094,60.595001220703125,81347,60.589298248291016
2026-05-26 15:30:00-04:00,60.59859848022461,60.59859848022461,60.58000183105469,60.584999084472656,64085,60.59859848022461
2026-05-26 15:35:00-04:00,60.59299850463867,60.61000061035156,60.59000015258789,60.59000015258789,121185,60.59299850463867
2026-05-26 15:40:00-04:00,60.600101470947266,60.61000061035156,60.59389877319336,60.595001220703125,54553,60.600101470947266
2026-05-26 15:45:00-04:00,60.60100173950195,60.61000061035156,60.59000015258789,60.599998474121094,69177,60.60100173950195
2026-05-26 15:50:00-04:00,60.60499954223633,60.61000061035156,60.59000015258789,60.61000061035156,131427,60.60499954223633
2026-05-26 15:55:00-04:00,60.599998474121094,60.599998474121094,60.59000015258789,60.599998474121094,144361,60.599998474121094
2026-05-27 09:30:00-04:00,60.75019836425781,60.810001373291016,60.720001220703125,60.810001373291016,744992,60.75019836425781
2026-05-27 09:35:00-04:00,60.70500183105469,60.76499938964844,60.689998626708984,60.75510025024414,269804,60.70500183105469
2026-05-27 09:40:00-04:00,60.63999938964844,60.70000076293945,60.619998931884766,60.70000076293945,284974,60.63999938964844
2026-05-27 09:45:00-04:00,60.66910171508789,60.685001373291016,60.6150016784668,60.6349983215332,183127,60.66910171508789
2026-05-27 09:50:00-04:00,60.70000076293945,60.739898681640625,60.65420150756836,60.665000915527344,189282,60.70000076293945
2026-05-27 09:55:00-04:00,60.71979904174805,60.720001220703125,60.67499923706055,60.69499969482422,186017,60.71979904174805
2026-05-27 10:00:00-04:00,60.73500061035156,60.75,60.70650100708008,60.71289825439453,198854,60.73500061035156
2026-05-27 10:05:00-04:00,60.685001373291016,60.7400016784668,60.670101165771484,60.73500061035156,203850,60.685001373291016
2026-05-27 10:10:00-04:00,60.685001373291016,60.689998626708984,60.660099029541016,60.685001373291016,78630,60.685001373291016
2026-05-27 10:15:00-04:00,60.69860076904297,60.71500015258789,60.670101165771484,60.685001373291016,143833,60.69860076904297
2026-05-27 10:20:00-04:00,60.64500045776367,60.69499969482422,60.644500732421875,60.69499969482422,285469,60.64500045776367
2026-05-27 10:25:00-04:00,60.60499954223633,60.64500045776367,60.584999084472656,60.64500045776367,208952,60.60499954223633
2026-05-27 10:30:00-04:00,60.625,60.630001068115234,60.584999084472656,60.625,171877,60.625
2026-05-27 10:35:00-04:00,60.665000915527344,60.66999816894531,60.61989974975586,60.61989974975586,67409,60.665000915527344
2026-05-27 10:40:00-04:00,60.65999984741211,60.68989944458008,60.650001525878906,60.665000915527344,112512,60.65999984741211
2026-05-27 10:45:00-04:00,60.654998779296875,60.689998626708984,60.650001525878906,60.654998779296875,160514,60.654998779296875
2026-05-27 10:50:00-04:00,60.665000915527344,60.67499923706055,60.65999984741211,60.65999984741211,130561,60.665000915527344
2026-05-27 10:55:00-04:00,60.625,60.66999816894531,60.6150016784668,60.66999816894531,73159,60.625
2026-05-27 11:00:00-04:00,60.619998931884766,60.6349983215332,60.600101470947266,60.630001068115234,89923,60.619998931884766
2026-05-27 11:05:00-04:00,60.64500045776367,60.64500045776367,60.61000061035156,60.625,78798,60.64500045776367
2026-05-27 11:10:00-04:00,60.650001525878906,60.65999984741211,60.63999938964844,60.64500045776367,83988,60.650001525878906
2026-05-27 11:15:00-04:00,60.60499954223633,60.63999938964844,60.60499954223633,60.63999938964844,89333,60.60499954223633
2026-05-27 11:20:00-04:00,60.6150016784668,60.619998931884766,60.59000015258789,60.60499954223633,53232,60.6150016784668
2026-05-27 11:25:00-04:00,60.649898529052734,60.650001525878906,60.6150016784668,60.6150016784668,42103,60.649898529052734
2026-05-27 11:30:00-04:00,60.654998779296875,60.66600036621094,60.63999938964844,60.63999938964844,53214,60.654998779296875
2026-05-27 11:35:00-04:00,60.625,60.665000915527344,60.619998931884766,60.65999984741211,29853,60.625
2026-05-27 11:40:00-04:00,60.60499954223633,60.6349983215332,60.599998474121094,60.625,188150,60.60499954223633
2026-05-27 11:45:00-04:00,60.6150016784668,60.625,60.599998474121094,60.61000061035156,68130,60.6150016784668
2026-05-27 11:50:00-04:00,60.62990188598633,60.64550018310547,60.61000061035156,60.619998931884766,42887,60.62990188598633
2026-05-27 11:55:00-04:00,60.64979934692383,60.650001525878906,60.625,60.630001068115234,73703,60.64979934692383
2026-05-27 12:00:00-04:00,60.650001525878906,60.665000915527344,60.63999938964844,60.64500045776367,47633,60.650001525878906
2026-05-27 12:05:00-04:00,60.68000030517578,60.68000030517578,60.640098571777344,60.640098571777344,57732,60.68000030517578
2026-05-27 12:10:00-04:00,60.694000244140625,60.70000076293945,60.670101165771484,60.67499923706055,46704,60.694000244140625
2026-05-27 12:15:00-04:00,60.685001373291016,60.70000076293945,60.68000030517578,60.689998626708984,40842,60.685001373291016
2026-05-27 12:20:00-04:00,60.70500183105469,60.709999084472656,60.68009948730469,60.68009948730469,47135,60.70500183105469
2026-05-27 12:25:00-04:00,60.685001373291016,60.70989990234375,60.681400299072266,60.70500183105469,44810,60.685001373291016
2026-05-27 12:30:00-04:00,60.685001373291016,60.70000076293945,60.68000030517578,60.685001373291016,160078,60.685001373291016
2026-05-27 12:35:00-04:00,60.706600189208984,60.7067985534668,60.685001373291016,60.689998626708984,41664,60.706600189208984
2026-05-27 12:40:00-04:00,60.724998474121094,60.724998474121094,60.70140075683594,60.70140075683594,35198,60.724998474121094
2026-05-27 12:45:00-04:00,60.73550033569336,60.73849868774414,60.720001220703125,60.7244987487793,106094,60.73550033569336
2026-05-27 12:50:00-04:00,60.7052001953125,60.7400016784668,60.70000076293945,60.73500061035156,43116,60.7052001953125
2026-05-27 12:55:00-04:00,60.68659973144531,60.70989990234375,60.68000030517578,60.70989990234375,74843,60.68659973144531
2026-05-27 13:00:00-04:00,60.685001373291016,60.70000076293945,60.68339920043945,60.68339920043945,40786,60.685001373291016
2026-05-27 13:05:00-04:00,60.630001068115234,60.68989944458008,60.630001068115234,60.68989944458008,78654,60.630001068115234
2026-05-27 13:10:00-04:00,60.63999938964844,60.650001525878906,60.630001068115234,60.6349983215332,71205,60.63999938964844
2026-05-27 13:15:00-04:00,60.665000915527344,60.66999816894531,60.64500045776367,60.64500045776367,31375,60.665000915527344
2026-05-27 13:20:00-04:00,60.689998626708984,60.689998626708984,60.660099029541016,60.665000915527344,27579,60.689998626708984
2026-05-27 13:25:00-04:00,60.68989944458008,60.70000076293945,60.68000030517578,60.685001373291016,26459,60.68989944458008
2026-05-27 13:30:00-04:00,60.685001373291016,60.689998626708984,60.68000030517578,60.685001373291016,58272,60.685001373291016
2026-05-27 13:35:00-04:00,60.689998626708984,60.69990158081055,60.68000030517578,60.685001373291016,53595,60.689998626708984
2026-05-27 13:40:00-04:00,60.665000915527344,60.68899917602539,60.665000915527344,60.68899917602539,56135,60.665000915527344
2026-05-27 13:45:00-04:00,60.66999816894531,60.679901123046875,60.65999984741211,60.665000915527344,85697,60.66999816894531
2026-05-27 13:50:00-04:00,60.69990158081055,60.70000076293945,60.67499923706055,60.68000030517578,29703,60.69990158081055
2026-05-27 13:55:00-04:00,60.69499969482422,60.709999084472656,60.69499969482422,60.70000076293945,49404,60.69499969482422
2026-05-27 14:00:00-04:00,60.70000076293945,60.70000076293945,60.68009948730469,60.69499969482422,60502,60.70000076293945
2026-05-27 14:05:00-04:00,60.71039962768555,60.720001220703125,60.690101623535156,60.704498291015625,28752,60.71039962768555
2026-05-27 14:10:00-04:00,60.70500183105469,60.720001220703125,60.70500183105469,60.71500015258789,61829,60.70500183105469
2026-05-27 14:15:00-04:00,60.724998474121094,60.72999954223633,60.709999084472656,60.709999084472656,34492,60.724998474121094
2026-05-27 14:20:00-04:00,60.75,60.75,60.724998474121094,60.72990036010742,34138,60.75
2026-05-27 14:25:00-04:00,60.755001068115234,60.7599983215332,60.744998931884766,60.74549865722656,53911,60.755001068115234
2026-05-27 14:30:00-04:00,60.755001068115234,60.7599983215332,60.75,60.755001068115234,61045,60.755001068115234
2026-05-27 14:35:00-04:00,60.75,60.7599983215332,60.7400016784668,60.755001068115234,38005,60.75
2026-05-27 14:40:00-04:00,60.7599983215332,60.7599983215332,60.750099182128906,60.755001068115234,15899,60.7599983215332
2026-05-27 14:45:00-04:00,60.75299835205078,60.7599983215332,60.75,60.755001068115234,29763,60.75299835205078
2026-05-27 14:50:00-04:00,60.755001068115234,60.765899658203125,60.744998931884766,60.755001068115234,56761,60.755001068115234
2026-05-27 14:55:00-04:00,60.755001068115234,60.77000045776367,60.750099182128906,60.755001068115234,28632,60.755001068115234
2026-05-27 15:00:00-04:00,60.76499938964844,60.77000045776367,60.75,60.755001068115234,48204,60.76499938964844
2026-05-27 15:05:00-04:00,60.76499938964844,60.77000045776367,60.7599983215332,60.77000045776367,28229,60.76499938964844
2026-05-27 15:10:00-04:00,60.76499938964844,60.77000045776367,60.760101318359375,60.76139831542969,51767,60.76499938964844
2026-05-27 15:15:00-04:00,60.76499938964844,60.77000045776367,60.7599983215332,60.76499938964844,33178,60.76499938964844
2026-05-27 15:20:00-04:00,60.77000045776367,60.77000045776367,60.7599983215332,60.76959991455078,45483,60.77000045776367
2026-05-27 15:25:00-04:00,60.744998931884766,60.77000045776367,60.73500061035156,60.765499114990234,86954,60.744998931884766
2026-05-27 15:30:00-04:00,60.75559997558594,60.7599983215332,60.744998931884766,60.744998931884766,42182,60.75559997558594
2026-05-27 15:35:00-04:00,60.77000045776367,60.779998779296875,60.755001068115234,60.755001068115234,90133,60.77000045776367
2026-05-27 15:40:00-04:00,60.77989959716797,60.779998779296875,60.77000045776367,60.775001525878906,60784,60.77989959716797
2026-05-27 15:45:00-04:00,60.76860046386719,60.779998779296875,60.76860046386719,60.779998779296875,73424,60.76860046386719
2026-05-27 15:50:00-04:00,60.7599983215332,60.779998779296875,60.755001068115234,60.76499938964844,168550,60.7599983215332
2026-05-27 15:55:00-04:00,60.7599983215332,60.76499938964844,60.75,60.755001068115234,173742,60.7599983215332
2026-05-28 09:30:00-04:00,60.7599983215332,60.869998931884766,60.75,60.86000061035156,692818,60.7599983215332
2026-05-28 09:35:00-04:00,60.744998931884766,60.77000045776367,60.7400016784668,60.7599983215332,226400,60.744998931884766
2026-05-28 09:40:00-04:00,60.72010040283203,60.7599983215332,60.720001220703125,60.7400016784668,108282,60.72010040283203
2026-05-28 09:45:00-04:00,60.70500183105469,60.74530029296875,60.70000076293945,60.72010040283203,130828,60.70500183105469
2026-05-28 09:50:00-04:00,60.73360061645508,60.77000045776367,60.70140075683594,60.709999084472656,98127,60.73360061645508
2026-05-28 09:55:00-04:00,60.7599983215332,60.77000045776367,60.73500061035156,60.73500061035156,184965,60.7599983215332
2026-05-28 10:00:00-04:00,60.779998779296875,60.779998779296875,60.75,60.75859832763672,130362,60.779998779296875
2026-05-28 10:05:00-04:00,60.81990051269531,60.81990051269531,60.7599983215332,60.779998779296875,117498,60.81990051269531
2026-05-28 10:10:00-04:00,60.875,60.89500045776367,60.779998779296875,60.8114013671875,479493,60.875
2026-05-28 10:15:00-04:00,60.85499954223633,60.87990188598633,60.83000183105469,60.875,125340,60.85499954223633
2026-05-28 10:20:00-04:00,60.83000183105469,60.86000061035156,60.80500030517578,60.85110092163086,94813,60.83000183105469
2026-05-28 10:25:00-04:00,60.8650016784668,60.8650016784668,60.82500076293945,60.82500076293945,120282,60.8650016784668
2026-05-28 10:30:00-04:00,60.845001220703125,60.880001068115234,60.845001220703125,60.869998931884766,109951,60.845001220703125
2026-05-28 10:35:00-04:00,60.85499954223633,60.869998931884766,60.84189987182617,60.84189987182617,48669,60.85499954223633
2026-05-28 10:40:00-04:00,60.869998931884766,60.879798889160156,60.849998474121094,60.859901428222656,70096,60.869998931884766
2026-05-28 10:45:00-04:00,60.849998474121094,60.880001068115234,60.84000015258789,60.869998931884766,115931,60.849998474121094
2026-05-28 10:50:00-04:00,60.86009979248047,60.86989974975586,60.849998474121094,60.86000061035156,52393,60.86009979248047
2026-05-28 10:55:00-04:00,60.875,60.87699890136719,60.85969924926758,60.8650016784668,89427,60.875
2026-05-28 11:00:00-04:00,60.904998779296875,60.90999984741211,60.875,60.875,80338,60.904998779296875
2026-05-28 11:05:00-04:00,60.915000915527344,60.91999816894531,60.90010070800781,60.909000396728516,79326,60.915000915527344
2026-05-28 11:10:00-04:00,60.9015998840332,60.91999816894531,60.900001525878906,60.9109001159668,57665,60.9015998840332
2026-05-28 11:15:00-04:00,60.915000915527344,60.91999816894531,60.900001525878906,60.904998779296875,87141,60.915000915527344
2026-05-28 11:20:00-04:00,60.915000915527344,60.91999816894531,60.90999984741211,60.90999984741211,92080,60.915000915527344
2026-05-28 11:25:00-04:00,60.935001373291016,60.939998626708984,60.910099029541016,60.915000915527344,57369,60.935001373291016
2026-05-28 11:30:00-04:00,60.939998626708984,60.939998626708984,60.91999816894531,60.939998626708984,118645,60.939998626708984
2026-05-28 11:35:00-04:00,60.935001373291016,60.939998626708984,60.93000030517578,60.935001373291016,30084,60.935001373291016
2026-05-28 11:40:00-04:00,60.91550064086914,60.935001373291016,60.915000915527344,60.93009948730469,85154,60.91550064086914
2026-05-28 11:45:00-04:00,60.904998779296875,60.91999816894531,60.900001525878906,60.915000915527344,100363,60.904998779296875
2026-05-28 11:50:00-04:00,60.919898986816406,60.91999816894531,60.90420150756836,60.904998779296875,36794,60.919898986816406
2026-05-28 11:55:00-04:00,60.915000915527344,60.91999816894531,60.900001525878906,60.915000915527344,83983,60.915000915527344
2026-05-28 12:00:00-04:00,60.904998779296875,60.919898986816406,60.900001525878906,60.915000915527344,65040,60.904998779296875
2026-05-28 12:05:00-04:00,60.915000915527344,60.91999816894531,60.909000396728516,60.9098014831543,23809,60.915000915527344
2026-05-28 12:10:00-04:00,60.92499923706055,60.93000030517578,60.90999984741211,60.91999816894531,74797,60.92499923706055
2026-05-28 12:15:00-04:00,60.935001373291016,60.939998626708984,60.91999816894531,60.92499923706055,41477,60.935001373291016
2026-05-28 12:20:00-04:00,60.94350051879883,60.95000076293945,60.93000030517578,60.935001373291016,52405,60.94350051879883
2026-05-28 12:25:00-04:00,60.9463005065918,60.95000076293945,60.939998626708984,60.94499969482422,52326,60.9463005065918
2026-05-28 12:30:00-04:00,60.935001373291016,60.95000076293945,60.93000030517578,60.939998626708984,50647,60.935001373291016
2026-05-28 12:35:00-04:00,60.935001373291016,60.939998626708984,60.92499923706055,60.935001373291016,60098,60.935001373291016
2026-05-28 12:40:00-04:00,60.94499969482422,60.95000076293945,60.935001373291016,60.939998626708984,44412,60.94499969482422
2026-05-28 12:45:00-04:00,60.94499969482422,60.95000076293945,60.939998626708984,60.94499969482422,56050,60.94499969482422
2026-05-28 12:50:00-04:00,60.94499969482422,60.95989990234375,60.94139862060547,60.94499969482422,74792,60.94499969482422
2026-05-28 12:55:00-04:00,60.95500183105469,60.959999084472656,60.940101623535156,60.94499969482422,55493,60.95500183105469
2026-05-28 13:00:00-04:00,60.9640007019043,60.970001220703125,60.95899963378906,60.959999084472656,82410,60.9640007019043
2026-05-28 13:05:00-04:00,60.96500015258789,60.970001220703125,60.959999084472656,60.96500015258789,48134,60.96500015258789
2026-05-28 13:10:00-04:00,60.95500183105469,60.970001220703125,60.95399856567383,60.96500015258789,43336,60.95500183105469
2026-05-28 13:15:00-04:00,60.94499969482422,60.959999084472656,60.94499969482422,60.95500183105469,53015,60.94499969482422
2026-05-28 13:20:00-04:00,60.959999084472656,60.959999084472656,60.94900131225586,60.94900131225586,30379,60.959999084472656
2026-05-28 13:25:00-04:00,60.940101623535156,60.959999084472656,60.940101623535156,60.95500183105469,37360,60.940101623535156
2026-05-28 13:30:00-04:00,60.935001373291016,60.959999084472656,60.93410110473633,60.94499969482422,38790,60.935001373291016
2026-05-28 13:35:00-04:00,60.95989990234375,60.959999084472656,60.93009948730469,60.93009948730469,107452,60.95989990234375
2026-05-28 13:40:00-04:00,60.96630096435547,60.970001220703125,60.95009994506836,60.95009994506836,29450,60.96630096435547
2026-05-28 13:45:00-04:00,60.974998474121094,60.97999954223633,60.96500015258789,60.96989822387695,38158,60.974998474121094
2026-05-28 13:50:00-04:00,60.98500061035156,60.9900016784668,60.974700927734375,60.97999954223633,71643,60.98500061035156
2026-05-28 13:55:00-04:00,60.97090148925781,60.9900016784668,60.970001220703125,60.98500061035156,56340,60.97090148925781
2026-05-28 14:00:00-04:00,60.989898681640625,60.9900016784668,60.97010040283203,60.974998474121094,24429,60.989898681640625
2026-05-28 14:05:00-04:00,60.980098724365234,60.9900016784668,60.97999954223633,60.9900016784668,159224,60.980098724365234
2026-05-28 14:10:00-04:00,60.96500015258789,60.97999954223633,60.961299896240234,60.97999954223633,53154,60.96500015258789
2026-05-28 14:15:00-04:00,60.96500015258789,60.979698181152344,60.95500183105469,60.96500015258789,92286,60.96500015258789
2026-05-28 14:20:00-04:00,60.970001220703125,60.970001220703125,60.959999084472656,60.96500015258789,29303,60.970001220703125
2026-05-28 14:25:00-04:00,60.97999954223633,60.97999954223633,60.970001220703125,60.970001220703125,25827,60.97999954223633
2026-05-28 14:30:00-04:00,60.96500015258789,60.974998474121094,60.959999084472656,60.974998474121094,21096,60.96500015258789
2026-05-28 14:35:00-04:00,60.959800720214844,60.970001220703125,60.95000076293945,60.959999084472656,41792,60.959800720214844
2026-05-28 14:40:00-04:00,60.959598541259766,60.96989822387695,60.95000076293945,60.959999084472656,56069,60.959598541259766
2026-05-28 14:45:00-04:00,60.94499969482422,60.959999084472656,60.939998626708984,60.95539855957031,45837,60.94499969482422
2026-05-28 14:50:00-04:00,60.96900177001953,60.970001220703125,60.944000244140625,60.94499969482422,58354,60.96900177001953
2026-05-28 14:55:00-04:00,60.95500183105469,60.97999954223633,60.95000076293945,60.96419906616211,85083,60.95500183105469
2026-05-28 15:00:00-04:00,60.96500015258789,60.96760177612305,60.940101623535156,60.95500183105469,58160,60.96500015258789
2026-05-28 15:05:00-04:00,60.96500015258789,60.970001220703125,60.959999084472656,60.96500015258789,17988,60.96500015258789
2026-05-28 15:10:00-04:00,60.95000076293945,60.970001220703125,60.95000076293945,60.96500015258789,37981,60.95000076293945
2026-05-28 15:15:00-04:00,60.94499969482422,60.95989990234375,60.935001373291016,60.95560073852539,79906,60.94499969482422
2026-05-28 15:20:00-04:00,60.94499969482422,60.95000076293945,60.939998626708984,60.94499969482422,43678,60.94499969482422
2026-05-28 15:25:00-04:00,60.95009994506836,60.95989990234375,60.939998626708984,60.95000076293945,46640,60.95009994506836
2026-05-28 15:30:00-04:00,60.96500015258789,60.970001220703125,60.95000076293945,60.95500183105469,42445,60.96500015258789
2026-05-28 15:35:00-04:00,60.97990036010742,60.97999954223633,60.96009826660156,60.96500015258789,63359,60.97990036010742
2026-05-28 15:40:00-04:00,60.96500015258789,60.97990036010742,60.959999084472656,60.97800064086914,89732,60.96500015258789
2026-05-28 15:45:00-04:00,60.96009826660156,60.970001220703125,60.9536018371582,60.959999084472656,60488,60.96009826660156
2026-05-28 15:50:00-04:00,60.94499969482422,60.96500015258789,60.939998626708984,60.96500015258789,192235,60.94499969482422
2026-05-28 15:55:00-04:00,60.939998626708984,60.95000076293945,60.939998626708984,60.94540023803711,293869,60.939998626708984
2026-05-29 09:30:00-04:00,61.05139923095703,61.119998931884766,61.04499816894531,61.101600646972656,703730,61.05139923095703
2026-05-29 09:35:00-04:00,61.084999084472656,61.09000015258789,61.05160140991211,61.055999755859375,302238,61.084999084472656
2026-05-29 09:40:00-04:00,61.109901428222656,61.109901428222656,61.080299377441406,61.08639907836914,172088,61.109901428222656
2026-05-29 09:45:00-04:00,61.125,61.130001068115234,61.10499954223633,61.10929870605469,146401,61.125
2026-05-29 09:50:00-04:00,61.14500045776367,61.15999984741211,61.120201110839844,61.12990188598633,236097,61.14500045776367
2026-05-29 09:55:00-04:00,61.154998779296875,61.15999984741211,61.13999938964844,61.14569854736328,149420,61.154998779296875
2026-05-29 10:00:00-04:00,61.150001525878906,61.16999816894531,61.13999938964844,61.15999984741211,184053,61.150001525878906
2026-05-29 10:05:00-04:00,61.1349983215332,61.154998779296875,61.130001068115234,61.14500045776367,161694,61.1349983215332
2026-05-29 10:10:00-04:00,61.1349983215332,61.15850067138672,61.1150016784668,61.1349983215332,86034,61.1349983215332
2026-05-29 10:15:00-04:00,61.10499954223633,61.13990020751953,61.095001220703125,61.13890075683594,81193,61.10499954223633
2026-05-29 10:20:00-04:00,61.095001220703125,61.130001068115234,61.095001220703125,61.10100173950195,236899,61.095001220703125
2026-05-29 10:25:00-04:00,61.084999084472656,61.095001220703125,61.05139923095703,61.09000015258789,195472,61.084999084472656
2026-05-29 10:30:00-04:00,61.10499954223633,61.10499954223633,61.084999084472656,61.09000015258789,91886,61.10499954223633
2026-05-29 10:35:00-04:00,61.060001373291016,61.109901428222656,61.060001373291016,61.10499954223633,159191,61.060001373291016
2026-05-29 10:40:00-04:00,61.00559997558594,61.060001373291016,61.005001068115234,61.060001373291016,116514,61.00559997558594
2026-05-29 10:45:00-04:00,61.025001525878906,61.040000915527344,60.9900016784668,61.005001068115234,148218,61.025001525878906
2026-05-29 10:50:00-04:00,61.05500030517578,61.099998474121094,61.02009963989258,61.02899932861328,214171,61.05500030517578
2026-05-29 10:55:00-04:00,61.064998626708984,61.099998474121094,61.05649948120117,61.05649948120117,83627,61.064998626708984
2026-05-29 11:00:00-04:00,61.07500076293945,61.08000183105469,61.05139923095703,61.06999969482422,97365,61.07500076293945
2026-05-29 11:05:00-04:00,61.07609939575195,61.08000183105469,61.04999923706055,61.06999969482422,132523,61.07609939575195
2026-05-29 11:10:00-04:00,61.1150016784668,61.1150016784668,61.0786018371582,61.0786018371582,99868,61.1150016784668
2026-05-29 11:15:00-04:00,61.09550094604492,61.119998931884766,61.09000015258789,61.119998931884766,58286,61.09550094604492
2026-05-29 11:20:00-04:00,61.084999084472656,61.09000015258789,61.060001373291016,61.09000015258789,103232,61.084999084472656
2026-05-29 11:25:00-04:00,61.09000015258789,61.099998474121094,61.06999969482422,61.084999084472656,87986,61.09000015258789
2026-05-29 11:30:00-04:00,61.095001220703125,61.099998474121094,61.084999084472656,61.084999084472656,41066,61.095001220703125
2026-05-29 11:35:00-04:00,61.095001220703125,61.109901428222656,61.09000015258789,61.095001220703125,38778,61.095001220703125
2026-05-29 11:40:00-04:00,61.07500076293945,61.099998474121094,61.070098876953125,61.09989929199219,110884,61.07500076293945
2026-05-29 11:45:00-04:00,61.07500076293945,61.08000183105469,61.060001373291016,61.076499938964844,55106,61.07500076293945
2026-05-29 11:50:00-04:00,61.07500076293945,61.095001220703125,61.0713996887207,61.07500076293945,82670,61.07500076293945
2026-05-29 11:55:00-04:00,61.06669998168945,61.08000183105469,61.060001373291016,61.07500076293945,54371,61.06669998168945
2026-05-29 12:00:00-04:00,61.095001220703125,61.099998474121094,61.060001373291016,61.060001373291016,58154,61.095001220703125
2026-05-29 12:05:00-04:00,61.1150016784668,61.119998931884766,61.0900993347168,61.095001220703125,70470,61.1150016784668
2026-05-29 12:10:00-04:00,61.12990188598633,61.12990188598633,61.119998931884766,61.119998931884766,40656,61.12990188598633
2026-05-29 12:15:00-04:00,61.10499954223633,61.130001068115234,61.10350036621094,61.12139892578125,110816,61.10499954223633
2026-05-29 12:20:00-04:00,61.1150016784668,61.119998931884766,61.099998474121094,61.10499954223633,61439,61.1150016784668
2026-05-29 12:25:00-04:00,61.10499954223633,61.1150016784668,61.099998474121094,61.1150016784668,63846,61.10499954223633
2026-05-29 12:30:00-04:00,61.10499954223633,61.11000061035156,61.09000015258789,61.099998474121094,149213,61.10499954223633
2026-05-29 12:35:00-04:00,61.1150016784668,61.119998931884766,61.10139846801758,61.10499954223633,59585,61.1150016784668
2026-05-29 12:40:00-04:00,61.1150016784668,61.119998931884766,61.11000061035156,61.1150016784668,57268,61.1150016784668
2026-05-29 12:45:00-04:00,61.1150016784668,61.119998931884766,61.11000061035156,61.1150016784668,53426,61.1150016784668
2026-05-29 12:50:00-04:00,61.09989929199219,61.1150016784668,61.09000015258789,61.11130142211914,81808,61.09989929199219
2026-05-29 12:55:00-04:00,61.099998474121094,61.11000061035156,61.08000183105469,61.099998474121094,46492,61.099998474121094
2026-05-29 13:00:00-04:00,61.10499954223633,61.119998931884766,61.101600646972656,61.10499954223633,48912,61.10499954223633
2026-05-29 13:05:00-04:00,61.10499954223633,61.11000061035156,61.099998474121094,61.10499954223633,48468,61.10499954223633
2026-05-29 13:10:00-04:00,61.10499954223633,61.11000061035156,61.090301513671875,61.10499954223633,144162,61.10499954223633
2026-05-29 13:15:00-04:00,61.09989929199219,61.109901428222656,61.0900993347168,61.109901428222656,62040,61.09989929199219
2026-05-29 13:20:00-04:00,61.084999084472656,61.09989929199219,61.06999969482422,61.095001220703125,107871,61.084999084472656
2026-05-29 13:25:00-04:00,61.07500076293945,61.084999084472656,61.06999969482422,61.084999084472656,42788,61.07500076293945
2026-05-29 13:30:00-04:00,61.06999969482422,61.08000183105469,61.06010055541992,61.07500076293945,94216,61.06999969482422
2026-05-29 13:35:00-04:00,61.079898834228516,61.09000015258789,61.06999969482422,61.07500076293945,47032,61.079898834228516
2026-05-29 13:40:00-04:00,61.06990051269531,61.08000183105469,61.064998626708984,61.07500076293945,37818,61.06990051269531
2026-05-29 13:45:00-04:00,61.0614013671875,61.06999969482422,61.060001373291016,61.06999969482422,59041,61.0614013671875
2026-05-29 13:50:00-04:00,61.06990051269531,61.08000183105469,61.060001373291016,61.06990051269531,54933,61.06990051269531
2026-05-29 13:55:00-04:00,61.040000915527344,61.064998626708984,61.03499984741211,61.064998626708984,210969,61.040000915527344
2026-05-29 14:00:00-04:00,61.05630111694336,61.05630111694336,61.02410125732422,61.03499984741211,105808,61.05630111694336
2026-05-29 14:05:00-04:00,61.069801330566406,61.06999969482422,61.05500030517578,61.059898376464844,50108,61.069801330566406
2026-05-29 14:10:00-04:00,61.060001373291016,61.07500076293945,61.060001373291016,61.06990051269531,48909,61.060001373291016
2026-05-29 14:15:00-04:00,61.064998626708984,61.06999969482422,61.04999923706055,61.064998626708984,91972,61.064998626708984
2026-05-29 14:20:00-04:00,61.074501037597656,61.08000183105469,61.060001373291016,61.06570053100586,119403,61.074501037597656
2026-05-29 14:25:00-04:00,61.08000183105469,61.09000015258789,61.06999969482422,61.07500076293945,57136,61.08000183105469
2026-05-29 14:30:00-04:00,61.095001220703125,61.099998474121094,61.084999084472656,61.084999084472656,34976,61.095001220703125
2026-05-29 14:35:00-04:00,61.07500076293945,61.099998474121094,61.06999969482422,61.095001220703125,54474,61.07500076293945
2026-05-29 14:40:00-04:00,61.084999084472656,61.09000015258789,61.07500076293945,61.07500076293945,56280,61.084999084472656
2026-05-29 14:45:00-04:00,61.064998626708984,61.084999084472656,61.05500030517578,61.084999084472656,94726,61.064998626708984
2026-05-29 14:50:00-04:00,61.04499816894531,61.065399169921875,61.040000915527344,61.060001373291016,84580,61.04499816894531
2026-05-29 14:55:00-04:00,61.03499984741211,61.060001373291016,61.03499984741211,61.04899978637695,106074,61.03499984741211
2026-05-29 15:00:00-04:00,61.05500030517578,61.060001373291016,61.029998779296875,61.03499984741211,101256,61.05500030517578
2026-05-29 15:05:00-04:00,61.064998626708984,61.06999969482422,61.05500030517578,61.05500030517578,80832,61.064998626708984
2026-05-29 15:10:00-04:00,61.07500076293945,61.09000015258789,61.061500549316406,61.064998626708984,3595880,61.07500076293945
2026-05-29 15:15:00-04:00,61.07500076293945,61.08000183105469,61.064998626708984,61.08000183105469,466749,61.07500076293945
2026-05-29 15:20:00-04:00,61.08000183105469,61.089900970458984,61.06999969482422,61.07500076293945,300304,61.08000183105469
2026-05-29 15:25:00-04:00,61.09000015258789,61.09000015258789,61.06999969482422,61.084999084472656,422406,61.09000015258789
2026-05-29 15:30:00-04:00,61.10580062866211,61.11000061035156,61.08539962768555,61.08539962768555,396436,61.10580062866211
2026-05-29 15:35:00-04:00,61.119998931884766,61.130001068115234,61.10449981689453,61.11000061035156,386331,61.119998931884766
2026-05-29 15:40:00-04:00,61.1349983215332,61.13999938964844,61.119998931884766,61.12990188598633,615553,61.1349983215332
2026-05-29 15:45:00-04:00,61.13990020751953,61.14500045776367,61.125,61.13999938964844,268514,61.13990020751953
2026-05-29 15:50:00-04:00,61.154998779296875,61.15999984741211,61.130001068115234,61.13999938964844,782058,61.154998779296875
2026-05-29 15:55:00-04:00,61.150001525878906,61.15999984741211,61.130001068115234,61.154998779296875,1495211,61.150001525878906
2026-06-01 09:30:00-04:00,60.60499954223633,60.654998779296875,60.54209899902344,60.630001068115234,1014327,60.60499954223633
2026-06-01 09:35:00-04:00,60.631099700927734,60.65999984741211,60.599998474121094,60.600101470947266,255949,60.631099700927734
2026-06-01 09:40:00-04:00,60.6150016784668,60.650001525878906,60.61000061035156,60.63479995727539,226441,60.6150016784668
2026-06-01 09:45:00-04:00,60.630001068115234,60.6505012512207,60.619998931884766,60.630001068115234,151594,60.630001068115234
2026-06-01 09:50:00-04:00,60.59859848022461,60.65999984741211,60.59000015258789,60.6349983215332,270870,60.59859848022461
2026-06-01 09:55:00-04:00,60.53499984741211,60.599998474121094,60.529998779296875,60.599998474121094,172248,60.53499984741211
2026-06-01 10:00:00-04:00,60.54010009765625,60.56999969482422,60.53450012207031,60.540000915527344,143856,60.54010009765625
2026-06-01 10:05:00-04:00,60.595001220703125,60.60499954223633,60.54100036621094,60.54100036621094,158331,60.595001220703125
2026-06-01 10:10:00-04:00,60.59000015258789,60.599998474121094,60.564998626708984,60.595001220703125,132071,60.59000015258789
2026-06-01 10:15:00-04:00,60.584999084472656,60.6150016784668,60.56990051269531,60.584999084472656,188381,60.584999084472656
2026-06-01 10:20:00-04:00,60.625,60.630001068115234,60.59000015258789,60.595001220703125,93960,60.625
2026-06-01 10:25:00-04:00,60.60499954223633,60.625,60.59000015258789,60.619998931884766,122925,60.60499954223633
2026-06-01 10:30:00-04:00,60.630001068115234,60.636600494384766,60.599998474121094,60.599998474121094,83958,60.630001068115234
2026-06-01 10:35:00-04:00,60.6150016784668,60.63990020751953,60.599998474121094,60.62990188598633,55131,60.6150016784668
2026-06-01 10:40:00-04:00,60.625,60.630001068115234,60.60499954223633,60.611000061035156,149703,60.625
2026-06-01 10:45:00-04:00,60.6245002746582,60.63999938964844,60.61000061035156,60.624000549316406,48954,60.6245002746582
2026-06-01 10:50:00-04:00,60.6349983215332,60.63999938964844,60.61000061035156,60.625,66509,60.6349983215332
2026-06-01 10:55:00-04:00,60.6349983215332,60.63999938964844,60.62009811401367,60.6349983215332,66424,60.6349983215332
2026-06-01 11:00:00-04:00,60.625099182128906,60.63999938964844,60.6150016784668,60.63010025024414,71009,60.625099182128906
2026-06-01 11:05:00-04:00,60.6260986328125,60.63999938964844,60.60499954223633,60.625,64829,60.6260986328125
2026-06-01 11:10:00-04:00,60.6349983215332,60.63999938964844,60.6150016784668,60.619998931884766,26832,60.6349983215332
2026-06-01 11:15:00-04:00,60.6599006652832,60.65999984741211,60.630001068115234,60.630001068115234,73520,60.6599006652832
2026-06-01 11:20:00-04:00,60.654998779296875,60.66999816894531,60.650001525878906,60.654998779296875,55994,60.654998779296875
2026-06-01 11:25:00-04:00,60.654998779296875,60.65999984741211,60.64500045776367,60.65060043334961,48588,60.654998779296875
2026-06-01 11:30:00-04:00,60.685001373291016,60.69499969482422,60.654998779296875,60.654998779296875,145033,60.685001373291016
2026-06-01 11:35:00-04:00,60.67499923706055,60.689998626708984,60.670101165771484,60.68000030517578,134684,60.67499923706055
2026-06-01 11:40:00-04:00,60.67499923706055,60.68989944458008,60.665000915527344,60.6713981628418,84836,60.67499923706055
2026-06-01 11:45:00-04:00,60.665000915527344,60.689998626708984,60.65999984741211,60.68000030517578,104923,60.665000915527344
2026-06-01 11:50:00-04:00,60.67499923706055,60.68000030517578,60.650001525878906,60.665000915527344,54421,60.67499923706055
2026-06-01 11:55:00-04:00,60.654998779296875,60.67620086669922,60.650001525878906,60.670101165771484,46446,60.654998779296875
2026-06-01 12:00:00-04:00,60.665000915527344,60.679901123046875,60.65999984741211,60.669898986816406,57278,60.665000915527344
2026-06-01 12:05:00-04:00,60.65549850463867,60.6697998046875,60.65330123901367,60.66600036621094,41115,60.65549850463867
2026-06-01 12:10:00-04:00,60.64500045776367,60.65879821777344,60.630001068115234,60.654998779296875,45578,60.64500045776367
2026-06-01 12:15:00-04:00,60.650001525878906,60.650001525878906,60.630001068115234,60.64590072631836,74803,60.650001525878906
2026-06-01 12:20:00-04:00,60.65999984741211,60.66999816894531,60.63999938964844,60.64849853515625,38735,60.65999984741211
2026-06-01 12:25:00-04:00,60.683799743652344,60.689998626708984,60.66400146484375,60.66400146484375,46355,60.683799743652344
2026-06-01 12:30:00-04:00,60.69499969482422,60.709999084472656,60.689998626708984,60.689998626708984,91334,60.69499969482422
2026-06-01 12:35:00-04:00,60.690101623535156,60.70000076293945,60.682701110839844,60.69990158081055,42933,60.690101623535156
2026-06-01 12:40:00-04:00,60.69499969482422,60.69990158081055,60.68410110473633,60.69969940185547,68728,60.69499969482422
2026-06-01 12:45:00-04:00,60.68000030517578,60.69990158081055,60.67449951171875,60.695499420166016,36594,60.68000030517578
2026-06-01 12:50:00-04:00,60.71500015258789,60.720001220703125,60.685001373291016,60.685001373291016,140994,60.71500015258789
2026-06-01 12:55:00-04:00,60.7244987487793,60.72999954223633,60.71009826660156,60.71900177001953,51732,60.7244987487793
2026-06-01 13:00:00-04:00,60.70500183105469,60.72990036010742,60.70209884643555,60.72990036010742,34276,60.70500183105469
2026-06-01 13:05:00-04:00,60.69499969482422,60.709999084472656,60.689998626708984,60.70500183105469,36282,60.69499969482422
2026-06-01 13:10:00-04:00,60.70500183105469,60.709999084472656,60.689998626708984,60.69499969482422,26803,60.70500183105469
2026-06-01 13:15:00-04:00,60.70000076293945,60.709999084472656,60.689998626708984,60.70000076293945,50215,60.70000076293945
2026-06-01 13:20:00-04:00,60.71500015258789,60.720001220703125,60.70500183105469,60.70500183105469,37196,60.71500015258789
2026-06-01 13:25:00-04:00,60.7400016784668,60.7400016784668,60.709999084472656,60.71500015258789,63862,60.7400016784668
2026-06-01 13:30:00-04:00,60.720001220703125,60.75,60.71500015258789,60.7400016784668,82893,60.720001220703125
2026-06-01 13:35:00-04:00,60.7400016784668,60.746299743652344,60.71009826660156,60.7140007019043,29435,60.7400016784668
2026-06-01 13:40:00-04:00,60.755001068115234,60.779998779296875,60.73149871826172,60.7400016784668,189100,60.755001068115234
2026-06-01 13:45:00-04:00,60.76499938964844,60.779998779296875,60.755001068115234,60.755001068115234,59846,60.76499938964844
2026-06-01 13:50:00-04:00,60.78499984741211,60.790000915527344,60.760101318359375,60.76499938964844,96881,60.78499984741211
2026-06-01 13:55:00-04:00,60.775001525878906,60.790000915527344,60.760101318359375,60.78499984741211,72556,60.775001525878906
2026-06-01 14:00:00-04:00,60.77989959716797,60.779998779296875,60.77000045776367,60.775001525878906,27206,60.77989959716797
2026-06-01 14:05:00-04:00,60.77989959716797,60.779998779296875,60.76499938964844,60.779998779296875,57598,60.77989959716797
2026-06-01 14:10:00-04:00,60.7599983215332,60.77989959716797,60.755001068115234,60.775001525878906,71384,60.7599983215332
2026-06-01 14:15:00-04:00,60.76499938964844,60.77000045776367,60.75,60.7599983215332,29030,60.76499938964844
2026-06-01 14:20:00-04:00,60.767398834228516,60.7776985168457,60.7599983215332,60.7599983215332,84391,60.767398834228516
2026-06-01 14:25:00-04:00,60.76499938964844,60.775001525878906,60.76139831542969,60.76499938964844,69191,60.76499938964844
2026-06-01 14:30:00-04:00,60.76449966430664,60.77000045776367,60.755001068115234,60.7666015625,38085,60.76449966430664
2026-06-01 14:35:00-04:00,60.755001068115234,60.77000045776367,60.755001068115234,60.76499938964844,35522,60.755001068115234
2026-06-01 14:40:00-04:00,60.76449966430664,60.76499938964844,60.75,60.75550079345703,35661,60.76449966430664
2026-06-01 14:45:00-04:00,60.755001068115234,60.77000045776367,60.75,60.76499938964844,49515,60.755001068115234
2026-06-01 14:50:00-04:00,60.755001068115234,60.7599983215332,60.7400016784668,60.755001068115234,67319,60.755001068115234
2026-06-01 14:55:00-04:00,60.755001068115234,60.7599983215332,60.75,60.755001068115234,38445,60.755001068115234
2026-06-01 15:00:00-04:00,60.7599983215332,60.76499938964844,60.7401008605957,60.755001068115234,50827,60.7599983215332
2026-06-01 15:05:00-04:00,60.755001068115234,60.77000045776367,60.750099182128906,60.76350021362305,36141,60.755001068115234
2026-06-01 15:10:00-04:00,60.76499938964844,60.77000045776367,60.7599983215332,60.769901275634766,44984,60.76499938964844
2026-06-01 15:15:00-04:00,60.755001068115234,60.76499938964844,60.7400016784668,60.76070022583008,77466,60.755001068115234
2026-06-01 15:20:00-04:00,60.755001068115234,60.7599983215332,60.744998931884766,60.755001068115234,66538,60.755001068115234
2026-06-01 15:25:00-04:00,60.75,60.7599983215332,60.7400016784668,60.75600051879883,46495,60.75
2026-06-01 15:30:00-04:00,60.724998474121094,60.75,60.724998474121094,60.75,110637,60.724998474121094
2026-06-01 15:35:00-04:00,60.724998474121094,60.72999954223633,60.709999084472656,60.72439956665039,32310,60.724998474121094
2026-06-01 15:40:00-04:00,60.71500015258789,60.72999954223633,60.709999084472656,60.724998474121094,61385,60.71500015258789
2026-06-01 15:45:00-04:00,60.69499969482422,60.720001220703125,60.689998626708984,60.71009826660156,74353,60.69499969482422
2026-06-01 15:50:00-04:00,60.689998626708984,60.70000076293945,60.68000030517578,60.70000076293945,109864,60.689998626708984
2026-06-01 15:55:00-04:00,60.689998626708984,60.69499969482422,60.68000030517578,60.69499969482422,193470,60.689998626708984
2026-06-02 09:30:00-04:00,60.70859909057617,60.72990036010742,60.66999816894531,60.68000030517578,670056,60.70859909057617
2026-06-02 09:35:00-04:00,60.709999084472656,60.720001220703125,60.68000030517578,60.70009994506836,180613,60.709999084472656
2026-06-02 09:40:00-04:00,60.73500061035156,60.73500061035156,60.66999816894531,60.709999084472656,160535,60.73500061035156
2026-06-02 09:45:00-04:00,60.78499984741211,60.78499984741211,60.730098724365234,60.73500061035156,157789,60.78499984741211
2026-06-02 09:50:00-04:00,60.80009841918945,60.81999969482422,60.779998779296875,60.779998779296875,146143,60.80009841918945
2026-06-02 09:55:00-04:00,60.82500076293945,60.83000183105469,60.78990173339844,60.79999923706055,155256,60.82500076293945
2026-06-02 10:00:00-04:00,60.814998626708984,60.83000183105469,60.790000915527344,60.82500076293945,123775,60.814998626708984
2026-06-02 10:05:00-04:00,60.82500076293945,60.83000183105469,60.80379867553711,60.81340026855469,155101,60.82500076293945
2026-06-02 10:10:00-04:00,60.845001220703125,60.86000061035156,60.810001373291016,60.82500076293945,152103,60.845001220703125
2026-06-02 10:15:00-04:00,60.82500076293945,60.84640121459961,60.810001373291016,60.845001220703125,79682,60.82500076293945
2026-06-02 10:20:00-04:00,60.775001525878906,60.84000015258789,60.775001525878906,60.820098876953125,72594,60.775001525878906
2026-06-02 10:25:00-04:00,60.744998931884766,60.775001525878906,60.7400016784668,60.77000045776367,112243,60.744998931884766
2026-06-02 10:30:00-04:00,60.78139877319336,60.79990005493164,60.75,60.75,81941,60.78139877319336
2026-06-02 10:35:00-04:00,60.790000915527344,60.79499816894531,60.779998779296875,60.779998779296875,84250,60.790000915527344
2026-06-02 10:40:00-04:00,60.79499816894531,60.79999923706055,60.77000045776367,60.790000915527344,78107,60.79499816894531
2026-06-02 10:45:00-04:00,60.779998779296875,60.79999923706055,60.779998779296875,60.79990005493164,103161,60.779998779296875
2026-06-02 10:50:00-04:00,60.78499984741211,60.79999923706055,60.779998779296875,60.79499816894531,91805,60.78499984741211
2026-06-02 10:55:00-04:00,60.78499984741211,60.790000915527344,60.779998779296875,60.790000915527344,55930,60.78499984741211
2026-06-02 11:00:00-04:00,60.775001525878906,60.79999923706055,60.775001525878906,60.790000915527344,118231,60.775001525878906
2026-06-02 11:05:00-04:00,60.80500030517578,60.810001373291016,60.77000045776367,60.775001525878906,36676,60.80500030517578
2026-06-02 11:10:00-04:00,60.82500076293945,60.82500076293945,60.80500030517578,60.80500030517578,79460,60.82500076293945
2026-06-02 11:15:00-04:00,60.82339859008789,60.83000183105469,60.81999969482422,60.82210159301758,24754,60.82339859008789
2026-06-02 11:20:00-04:00,60.814998626708984,60.83000183105469,60.811100006103516,60.82500076293945,39990,60.814998626708984
2026-06-02 11:25:00-04:00,60.81999969482422,60.82500076293945,60.79999923706055,60.81999969482422,55666,60.81999969482422
2026-06-02 11:30:00-04:00,60.82500076293945,60.82500076293945,60.79999923706055,60.814998626708984,93748,60.82500076293945
2026-06-02 11:35:00-04:00,60.820098876953125,60.83570098876953,60.81999969482422,60.821998596191406,74178,60.820098876953125
2026-06-02 11:40:00-04:00,60.816001892089844,60.83000183105469,60.810001373291016,60.82500076293945,40698,60.816001892089844
2026-06-02 11:45:00-04:00,60.79999923706055,60.829898834228516,60.79999923706055,60.81010055541992,39432,60.79999923706055
2026-06-02 11:50:00-04:00,60.814998626708984,60.81999969482422,60.80009841918945,60.809898376464844,42160,60.814998626708984
2026-06-02 11:55:00-04:00,60.82500076293945,60.83000183105469,60.810001373291016,60.8129997253418,35281,60.82500076293945
2026-06-02 12:00:00-04:00,60.80500030517578,60.8286018371582,60.804500579833984,60.82500076293945,40828,60.80500030517578
2026-06-02 12:05:00-04:00,60.82500076293945,60.83000183105469,60.810001373291016,60.814998626708984,61308,60.82500076293945
2026-06-02 12:10:00-04:00,60.82500076293945,60.83000183105469,60.81999969482422,60.82500076293945,45276,60.82500076293945
2026-06-02 12:15:00-04:00,60.80500030517578,60.829898834228516,60.80500030517578,60.82500076293945,36201,60.80500030517578
2026-06-02 12:20:00-04:00,60.814998626708984,60.814998626708984,60.790000915527344,60.79999923706055,39184,60.814998626708984
2026-06-02 12:25:00-04:00,60.79499816894531,60.814998626708984,60.790000915527344,60.814998626708984,41429,60.79499816894531
2026-06-02 12:30:00-04:00,60.809898376464844,60.810001373291016,60.79010009765625,60.79499816894531,30734,60.809898376464844
2026-06-02 12:35:00-04:00,60.79600143432617,60.80500030517578,60.790000915527344,60.80500030517578,215802,60.79600143432617
2026-06-02 12:40:00-04:00,60.80500030517578,60.810001373291016,60.79859924316406,60.79859924316406,42306,60.80500030517578
2026-06-02 12:45:00-04:00,60.814998626708984,60.814998626708984,60.79999923706055,60.80670166015625,53690,60.814998626708984
2026-06-02 12:50:00-04:00,60.82979965209961,60.83000183105469,60.81999969482422,60.81999969482422,32663,60.82979965209961
2026-06-02 12:55:00-04:00,60.830101013183594,60.84000015258789,60.81999969482422,60.82500076293945,53009,60.830101013183594
2026-06-02 13:00:00-04:00,60.83549880981445,60.84000015258789,60.81999969482422,60.834999084472656,29633,60.83549880981445
2026-06-02 13:05:00-04:00,60.834999084472656,60.846099853515625,60.830101013183594,60.834999084472656,54739,60.834999084472656
2026-06-02 13:10:00-04:00,60.834999084472656,60.84000015258789,60.83000183105469,60.838600158691406,98187,60.834999084472656
2026-06-02 13:15:00-04:00,60.80780029296875,60.834999084472656,60.79999923706055,60.834999084472656,55371,60.80780029296875
2026-06-02 13:20:00-04:00,60.79629898071289,60.810001373291016,60.79010009765625,60.80500030517578,38517,60.79629898071289
2026-06-02 13:25:00-04:00,60.79499816894531,60.79999923706055,60.779998779296875,60.79499816894531,28657,60.79499816894531
2026-06-02 13:30:00-04:00,60.79859924316406,60.79999923706055,60.790000915527344,60.79999923706055,38632,60.79859924316406
2026-06-02 13:35:00-04:00,60.7859001159668,60.79999923706055,60.779998779296875,60.79010009765625,26416,60.7859001159668
2026-06-02 13:40:00-04:00,60.79499816894531,60.79999923706055,60.779998779296875,60.78499984741211,62258,60.79499816894531
2026-06-02 13:45:00-04:00,60.79499816894531,60.79999923706055,60.790000915527344,60.79499816894531,35339,60.79499816894531
2026-06-02 13:50:00-04:00,60.80500030517578,60.809898376464844,60.79010009765625,60.79499816894531,69749,60.80500030517578
2026-06-02 13:55:00-04:00,60.7952995300293,60.80849838256836,60.79460144042969,60.802101135253906,40844,60.7952995300293
2026-06-02 14:00:00-04:00,60.79629898071289,60.79999923706055,60.790000915527344,60.79499816894531,43578,60.79629898071289
2026-06-02 14:05:00-04:00,60.80500030517578,60.80860137939453,60.790000915527344,60.79990005493164,41814,60.80500030517578
2026-06-02 14:10:00-04:00,60.82500076293945,60.829898834228516,60.80329895019531,60.80500030517578,42358,60.82500076293945
2026-06-02 14:15:00-04:00,60.81589889526367,60.82500076293945,60.810001373291016,60.81999969482422,39393,60.81589889526367
2026-06-02 14:20:00-04:00,60.81420135498047,60.81990051269531,60.79999923706055,60.81990051269531,29310,60.81420135498047
2026-06-02 14:25:00-04:00,60.81159973144531,60.81999969482422,60.810001373291016,60.814998626708984,30474,60.81159973144531
2026-06-02 14:30:00-04:00,60.8120002746582,60.825801849365234,60.810001373291016,60.814998626708984,53413,60.8120002746582
2026-06-02 14:35:00-04:00,60.79499816894531,60.814998626708984,60.79010009765625,60.81100082397461,96972,60.79499816894531
2026-06-02 14:40:00-04:00,60.790000915527344,60.79999923706055,60.779998779296875,60.79499816894531,36739,60.790000915527344
2026-06-02 14:45:00-04:00,60.80649948120117,60.810001373291016,60.79010009765625,60.79499816894531,40354,60.80649948120117
2026-06-02 14:50:00-04:00,60.80580139160156,60.810001373291016,60.79999923706055,60.810001373291016,42836,60.80580139160156
2026-06-02 14:55:00-04:00,60.81999969482422,60.81999969482422,60.79999923706055,60.80500030517578,75445,60.81999969482422
2026-06-02 15:00:00-04:00,60.84000015258789,60.84000015258789,60.810001373291016,60.81999969482422,54043,60.84000015258789
2026-06-02 15:05:00-04:00,60.834999084472656,60.845001220703125,60.83000183105469,60.84000015258789,46330,60.834999084472656
2026-06-02 15:10:00-04:00,60.8400993347168,60.849998474121094,60.83000183105469,60.834999084472656,28920,60.8400993347168
2026-06-02 15:15:00-04:00,60.834999084472656,60.84989929199219,60.830299377441406,60.840999603271484,34323,60.834999084472656
2026-06-02 15:20:00-04:00,60.84989929199219,60.84989929199219,60.83000183105469,60.834999084472656,30376,60.84989929199219
2026-06-02 15:25:00-04:00,60.834999084472656,60.845001220703125,60.83000183105469,60.845001220703125,18225,60.834999084472656
2026-06-02 15:30:00-04:00,60.83000183105469,60.84000015258789,60.83000183105469,60.836299896240234,17550,60.83000183105469
2026-06-02 15:35:00-04:00,60.84000015258789,60.849998474121094,60.83330154418945,60.83330154418945,44644,60.84000015258789
2026-06-02 15:40:00-04:00,60.845001220703125,60.849998474121094,60.84000015258789,60.845001220703125,25102,60.845001220703125
2026-06-02 15:45:00-04:00,60.85499954223633,60.86000061035156,60.84000015258789,60.849998474121094,142977,60.85499954223633
2026-06-02 15:50:00-04:00,60.85499954223633,60.86000061035156,60.849998474121094,60.849998474121094,129028,60.85499954223633
2026-06-02 15:55:00-04:00,60.85499954223633,60.86000061035156,60.849998474121094,60.85499954223633,115782,60.85499954223633
2026-06-03 09:30:00-04:00,60.8849983215332,60.970001220703125,60.880001068115234,60.91999816894531,1090697,60.8849983215332
2026-06-03 09:35:00-04:00,60.88999938964844,60.88999938964844,60.84000015258789,60.8849983215332,177823,60.88999938964844
2026-06-03 09:40:00-04:00,60.790000915527344,60.88990020751953,60.790000915527344,60.88330078125,207936,60.790000915527344
2026-06-03 09:45:00-04:00,60.70610046386719,60.80500030517578,60.689998626708984,60.790000915527344,404330,60.70610046386719
2026-06-03 09:50:00-04:00,60.755001068115234,60.79999923706055,60.685001373291016,60.70429992675781,107774,60.755001068115234
2026-06-03 09:55:00-04:00,60.744998931884766,60.7765007019043,60.72010040283203,60.7599983215332,89698,60.744998931884766
2026-06-03 10:00:00-04:00,60.79999923706055,60.79999923706055,60.731998443603516,60.7400016784668,118064,60.79999923706055
2026-06-03 10:05:00-04:00,60.80649948120117,60.810298919677734,60.770198822021484,60.79499816894531,136329,60.80649948120117
2026-06-03 10:10:00-04:00,60.845001220703125,60.845001220703125,60.79999923706055,60.80500030517578,425229,60.845001220703125
2026-06-03 10:15:00-04:00,60.849998474121094,60.86989974975586,60.84000015258789,60.845001220703125,128438,60.849998474121094
2026-06-03 10:20:00-04:00,60.84989929199219,60.86000061035156,60.81999969482422,60.84000015258789,81420,60.84989929199219
2026-06-03 10:25:00-04:00,60.875,60.880001068115234,60.8203010559082,60.834999084472656,53084,60.875
2026-06-03 10:30:00-04:00,60.8650016784668,60.880001068115234,60.86000061035156,60.875,43470,60.8650016784668
2026-06-03 10:35:00-04:00,60.86249923706055,60.86989974975586,60.83000183105469,60.8650016784668,69357,60.86249923706055
2026-06-03 10:40:00-04:00,60.8650016784668,60.899898529052734,60.86000061035156,60.8650016784668,139104,60.8650016784668
2026-06-03 10:45:00-04:00,60.845001220703125,60.87710189819336,60.839900970458984,60.8650016784668,56331,60.845001220703125
2026-06-03 10:50:00-04:00,60.845001220703125,60.86000061035156,60.81999969482422,60.845001220703125,60827,60.845001220703125
2026-06-03 10:55:00-04:00,60.81999969482422,60.849998474121094,60.810001373291016,60.849998474121094,36568,60.81999969482422
2026-06-03 11:00:00-04:00,60.85850143432617,60.859901428222656,60.834999084472656,60.834999084472656,26708,60.85850143432617
2026-06-03 11:05:00-04:00,60.845001220703125,60.85499954223633,60.83000183105469,60.849998474121094,65656,60.845001220703125
2026-06-03 11:10:00-04:00,60.8400993347168,60.86000061035156,60.84000015258789,60.845001220703125,45279,60.8400993347168
2026-06-03 11:15:00-04:00,60.84000015258789,60.849998474121094,60.83000183105469,60.84000015258789,61819,60.84000015258789
2026-06-03 11:20:00-04:00,60.794498443603516,60.849998474121094,60.794498443603516,60.834999084472656,56091,60.794498443603516
2026-06-03 11:25:00-04:00,60.83000183105469,60.83089828491211,60.779998779296875,60.79999923706055,61304,60.83000183105469
2026-06-03 11:30:00-04:00,60.814998626708984,60.85499954223633,60.810001373291016,60.83169937133789,55102,60.814998626708984
2026-06-03 11:35:00-04:00,60.8036994934082,60.839900970458984,60.79999923706055,60.812801361083984,40185,60.8036994934082
2026-06-03 11:40:00-04:00,60.77009963989258,60.80500030517578,60.77009963989258,60.80500030517578,92287,60.77009963989258
2026-06-03 11:45:00-04:00,60.775001525878906,60.790000915527344,60.75,60.775001525878906,56308,60.775001525878906
2026-06-03 11:50:00-04:00,60.78010177612305,60.79999923706055,60.7599983215332,60.77450180053711,43384,60.78010177612305
2026-06-03 11:55:00-04:00,60.775001525878906,60.790000915527344,60.77009963989258,60.775001525878906,30201,60.775001525878906
2026-06-03 12:00:00-04:00,60.769901275634766,60.79990005493164,60.7599983215332,60.77989959716797,42152,60.769901275634766
2026-06-03 12:05:00-04:00,60.775001525878906,60.78499984741211,60.76020050048828,60.775001525878906,31327,60.775001525878906
2026-06-03 12:10:00-04:00,60.79499816894531,60.79999923706055,60.77000045776367,60.77000045776367,42204,60.79499816894531
2026-06-03 12:15:00-04:00,60.76499938964844,60.79499816894531,60.755001068115234,60.79499816894531,41434,60.76499938964844
2026-06-03 12:20:00-04:00,60.73400115966797,60.77980041503906,60.73400115966797,60.76499938964844,38856,60.73400115966797
2026-06-03 12:25:00-04:00,60.73500061035156,60.7400016784668,60.72010040283203,60.73509979248047,45247,60.73500061035156
2026-06-03 12:30:00-04:00,60.75590133666992,60.7598991394043,60.7400016784668,60.74549865722656,74486,60.75590133666992
2026-06-03 12:35:00-04:00,60.724998474121094,60.7598991394043,60.724998474121094,60.7598991394043,25136,60.724998474121094
2026-06-03 12:40:00-04:00,60.71500015258789,60.7400016784668,60.70009994506836,60.724998474121094,50696,60.71500015258789
2026-06-03 12:45:00-04:00,60.755001068115234,60.755001068115234,60.72010040283203,60.724998474121094,43492,60.755001068115234
2026-06-03 12:50:00-04:00,60.76499938964844,60.77989959716797,60.755001068115234,60.76499938964844,52936,60.76499938964844
2026-06-03 12:55:00-04:00,60.790000915527344,60.790000915527344,60.755001068115234,60.7599983215332,26987,60.790000915527344
2026-06-03 13:00:00-04:00,60.755001068115234,60.786399841308594,60.755001068115234,60.78499984741211,24733,60.755001068115234
2026-06-03 13:05:00-04:00,60.755001068115234,60.77000045776367,60.730098724365234,60.755001068115234,34470,60.755001068115234
2026-06-03 13:10:00-04:00,60.724998474121094,60.7599983215332,60.724998474121094,60.75,33651,60.724998474121094
2026-06-03 13:15:00-04:00,60.72010040283203,60.739898681640625,60.71500015258789,60.72990036010742,24203,60.72010040283203
2026-06-03 13:20:00-04:00,60.744998931884766,60.744998931884766,60.71500015258789,60.724998474121094,64509,60.744998931884766
2026-06-03 13:25:00-04:00,60.755001068115234,60.7599983215332,60.744998931884766,60.755001068115234,28034,60.755001068115234
2026-06-03 13:30:00-04:00,60.769901275634766,60.769901275634766,60.7400016784668,60.7598991394043,30046,60.769901275634766
2026-06-03 13:35:00-04:00,60.779998779296875,60.790000915527344,60.775001525878906,60.775001525878906,9699,60.779998779296875
2026-06-03 13:40:00-04:00,60.79499816894531,60.79999923706055,60.77000045776367,60.775001525878906,52025,60.79499816894531
2026-06-03 13:45:00-04:00,60.79990005493164,60.79999923706055,60.78419876098633,60.79499816894531,28992,60.79990005493164
2026-06-03 13:50:00-04:00,60.807899475097656,60.810001373291016,60.790000915527344,60.79499816894531,35903,60.807899475097656
2026-06-03 13:55:00-04:00,60.81990051269531,60.81999969482422,60.804298400878906,60.80500030517578,48912,60.81990051269531
2026-06-03 14:00:00-04:00,60.814998626708984,60.81990051269531,60.810001373291016,60.814998626708984,28784,60.814998626708984
2026-06-03 14:05:00-04:00,60.805599212646484,60.81999969482422,60.79499816894531,60.81999969482422,35843,60.805599212646484
2026-06-03 14:10:00-04:00,60.79499816894531,60.809898376464844,60.78409957885742,60.80500030517578,70930,60.79499816894531
2026-06-03 14:15:00-04:00,60.79499816894531,60.79499816894531,60.77000045776367,60.790000915527344,54075,60.79499816894531
2026-06-03 14:20:00-04:00,60.81990051269531,60.81999969482422,60.78499984741211,60.79499816894531,56963,60.81990051269531
2026-06-03 14:25:00-04:00,60.83980178833008,60.84000015258789,60.81999969482422,60.81999969482422,153426,60.83980178833008
2026-06-03 14:30:00-04:00,60.82500076293945,60.84000015258789,60.82500076293945,60.84000015258789,42179,60.82500076293945
2026-06-03 14:35:00-04:00,60.79999923706055,60.829898834228516,60.79999923706055,60.829898834228516,32016,60.79999923706055
2026-06-03 14:40:00-04:00,60.814998626708984,60.82500076293945,60.80009841918945,60.814998626708984,31496,60.814998626708984
2026-06-03 14:45:00-04:00,60.810001373291016,60.83000183105469,60.810001373291016,60.81990051269531,46936,60.810001373291016
2026-06-03 14:50:00-04:00,60.83000183105469,60.83000183105469,60.810001373291016,60.81990051269531,78297,60.83000183105469
2026-06-03 14:55:00-04:00,60.814998626708984,60.83000183105469,60.80509948730469,60.81999969482422,39017,60.814998626708984
2026-06-03 15:00:00-04:00,60.80500030517578,60.810001373291016,60.79199981689453,60.810001373291016,22342,60.80500030517578
2026-06-03 15:05:00-04:00,60.814998626708984,60.83000183105469,60.810001373291016,60.810001373291016,43098,60.814998626708984
2026-06-03 15:10:00-04:00,60.80500030517578,60.814998626708984,60.790000915527344,60.814998626708984,41678,60.80500030517578
2026-06-03 15:15:00-04:00,60.79999923706055,60.816001892089844,60.790000915527344,60.790000915527344,43074,60.79999923706055
2026-06-03 15:20:00-04:00,60.78499984741211,60.809898376464844,60.779998779296875,60.80500030517578,20753,60.78499984741211
2026-06-03 15:25:00-04:00,60.79499816894531,60.79499816894531,60.779998779296875,60.78499984741211,42530,60.79499816894531
2026-06-03 15:30:00-04:00,60.79999923706055,60.809898376464844,60.790000915527344,60.79499816894531,21344,60.79999923706055
2026-06-03 15:35:00-04:00,60.834999084472656,60.84000015258789,60.79999923706055,60.80500030517578,84899,60.834999084472656
2026-06-03 15:40:00-04:00,60.84510040283203,60.84989929199219,60.81999969482422,60.81999969482422,44187,60.84510040283203
2026-06-03 15:45:00-04:00,60.83300018310547,60.84000015258789,60.83000183105469,60.84000015258789,47648,60.83300018310547
2026-06-03 15:50:00-04:00,60.80500030517578,60.83000183105469,60.80500030517578,60.83000183105469,72471,60.80500030517578
2026-06-03 15:55:00-04:00,60.78499984741211,60.814998626708984,60.779998779296875,60.80500030517578,150781,60.78499984741211
2026-06-04 09:30:00-04:00,60.55509948730469,60.564998626708984,60.402400970458984,60.41999816894531,867172,60.55509948730469
2026-06-04 09:35:00-04:00,60.569801330566406,60.589900970458984,60.529998779296875,60.54999923706055,150653,60.569801330566406
2026-06-04 09:40:00-04:00,60.44990158081055,60.57500076293945,60.439998626708984,60.560001373291016,95480,60.44990158081055
2026-06-04 09:45:00-04:00,60.47880172729492,60.5098991394043,60.40999984741211,60.439998626708984,146649,60.47880172729492
2026-06-04 09:50:00-04:00,60.48500061035156,60.55009841918945,60.45500183105469,60.474998474121094,143044,60.48500061035156
2026-06-04 09:55:00-04:00,60.5,60.540000915527344,60.470001220703125,60.474998474121094,84204,60.5
2026-06-04 10:00:00-04:00,60.435001373291016,60.5099983215332,60.43009948730469,60.496299743652344,124879,60.435001373291016
2026-06-04 10:05:00-04:00,60.419898986816406,60.43989944458008,60.380001068115234,60.435001373291016,180462,60.419898986816406
2026-06-04 10:10:00-04:00,60.525001525878906,60.529998779296875,60.40999984741211,60.41999816894531,143444,60.525001525878906
2026-06-04 10:15:00-04:00,60.52000045776367,60.560001373291016,60.52000045776367,60.52389907836914,96079,60.52000045776367
2026-06-04 10:20:00-04:00,60.58000183105469,60.58000183105469,60.502899169921875,60.52000045776367,113236,60.58000183105469
2026-06-04 10:25:00-04:00,60.59170150756836,60.599998474121094,60.56999969482422,60.58000183105469,122885,60.59170150756836
2026-06-04 10:30:00-04:00,60.59000015258789,60.609901428222656,60.559898376464844,60.599998474121094,75436,60.59000015258789
2026-06-04 10:35:00-04:00,60.56999969482422,60.59000015258789,60.55009841918945,60.584999084472656,75097,60.56999969482422
2026-06-04 10:40:00-04:00,60.564998626708984,60.59000015258789,60.560001373291016,60.57500076293945,45931,60.564998626708984
2026-06-04 10:45:00-04:00,60.56999969482422,60.58789825439453,60.54999923706055,60.56610107421875,99546,60.56999969482422
2026-06-04 10:50:00-04:00,60.595001220703125,60.595001220703125,60.560001373291016,60.58000183105469,109240,60.595001220703125
2026-06-04 10:55:00-04:00,60.625,60.625099182128906,60.59000015258789,60.5901985168457,48189,60.625
2026-06-04 11:00:00-04:00,60.62649917602539,60.64970016479492,60.619998931884766,60.630001068115234,49819,60.62649917602539
2026-06-04 11:05:00-04:00,60.71540069580078,60.71979904174805,60.625,60.625,130910,60.71540069580078
2026-06-04 11:10:00-04:00,60.71500015258789,60.720001220703125,60.70009994506836,60.720001220703125,107974,60.71500015258789
2026-06-04 11:15:00-04:00,60.720001220703125,60.72999954223633,60.709999084472656,60.71500015258789,122149,60.720001220703125
2026-06-04 11:20:00-04:00,60.724998474121094,60.724998474121094,60.69499969482422,60.720001220703125,99498,60.724998474121094
2026-06-04 11:25:00-04:00,60.70500183105469,60.724998474121094,60.70000076293945,60.72010040283203,30102,60.70500183105469
2026-06-04 11:30:00-04:00,60.70669937133789,60.71099853515625,60.698699951171875,60.709999084472656,49426,60.70669937133789
2026-06-04 11:35:00-04:00,60.709999084472656,60.717201232910156,60.689998626708984,60.709999084472656,65704,60.709999084472656
2026-06-04 11:40:00-04:00,60.68899917602539,60.709999084472656,60.68009948730469,60.709999084472656,46657,60.68899917602539
2026-06-04 11:45:00-04:00,60.63999938964844,60.688499450683594,60.6349983215332,60.68550109863281,32560,60.63999938964844
2026-06-04 11:50:00-04:00,60.685001373291016,60.68989944458008,60.630001068115234,60.63999938964844,60159,60.685001373291016
2026-06-04 11:55:00-04:00,60.685001373291016,60.70000076293945,60.65999984741211,60.685001373291016,90170,60.685001373291016
2026-06-04 12:00:00-04:00,60.70000076293945,60.70989990234375,60.66999816894531,60.689998626708984,43795,60.70000076293945
2026-06-04 12:05:00-04:00,60.71500015258789,60.720001220703125,60.69499969482422,60.70000076293945,28607,60.71500015258789
2026-06-04 12:10:00-04:00,60.71009826660156,60.720001220703125,60.70009994506836,60.720001220703125,36763,60.71009826660156
2026-06-04 12:15:00-04:00,60.72010040283203,60.72999954223633,60.71009826660156,60.71549987792969,40222,60.72010040283203
2026-06-04 12:20:00-04:00,60.744998931884766,60.75,60.724998474121094,60.724998474121094,47643,60.744998931884766
2026-06-04 12:25:00-04:00,60.744998931884766,60.75,60.7400016784668,60.744998931884766,26477,60.744998931884766
2026-06-04 12:30:00-04:00,60.71500015258789,60.74409866333008,60.70589828491211,60.74409866333008,31293,60.71500015258789
2026-06-04 12:35:00-04:00,60.73740005493164,60.7400016784668,60.71009826660156,60.71989822387695,28097,60.73740005493164
2026-06-04 12:40:00-04:00,60.75550079345703,60.7598991394043,60.72999954223633,60.739898681640625,33614,60.75550079345703
2026-06-04 12:45:00-04:00,60.744998931884766,60.7599983215332,60.73500061035156,60.7598991394043,51239,60.744998931884766
2026-06-04 12:50:00-04:00,60.755001068115234,60.7599983215332,60.744998931884766,60.75,26190,60.755001068115234
2026-06-04 12:55:00-04:00,60.75,60.7599983215332,60.744998931884766,60.75640106201172,18143,60.75
2026-06-04 13:00:00-04:00,60.744998931884766,60.755001068115234,60.73379898071289,60.7400016784668,55926,60.744998931884766
2026-06-04 13:05:00-04:00,60.7599983215332,60.7599983215332,60.72999954223633,60.74380111694336,78638,60.7599983215332
2026-06-04 13:10:00-04:00,60.7599983215332,60.77000045776367,60.75,60.760101318359375,30406,60.7599983215332
2026-06-04 13:15:00-04:00,60.75040054321289,60.7599983215332,60.7400016784668,60.7599983215332,60294,60.75040054321289
2026-06-04 13:20:00-04:00,60.7599983215332,60.7599983215332,60.7400016784668,60.75659942626953,29556,60.7599983215332
2026-06-04 13:25:00-04:00,60.78139877319336,60.79999923706055,60.7598991394043,60.7598991394043,163780,60.78139877319336
2026-06-04 13:30:00-04:00,60.790000915527344,60.79999923706055,60.78499984741211,60.790000915527344,105230,60.790000915527344
2026-06-04 13:35:00-04:00,60.77000045776367,60.79859924316406,60.77000045776367,60.79859924316406,89655,60.77000045776367
2026-06-04 13:40:00-04:00,60.78499984741211,60.795501708984375,60.77000045776367,60.776100158691406,61198,60.78499984741211
2026-06-04 13:45:00-04:00,60.79499816894531,60.7963981628418,60.779998779296875,60.790000915527344,93592,60.79499816894531
2026-06-04 13:50:00-04:00,60.807098388671875,60.810001373291016,60.790000915527344,60.79499816894531,39561,60.807098388671875
2026-06-04 13:55:00-04:00,60.80500030517578,60.810001373291016,60.790000915527344,60.80500030517578,42612,60.80500030517578
2026-06-04 14:00:00-04:00,60.82500076293945,60.83000183105469,60.79999923706055,60.80500030517578,65945,60.82500076293945
2026-06-04 14:05:00-04:00,60.83449935913086,60.84000015258789,60.8297004699707,60.8297004699707,28159,60.83449935913086
2026-06-04 14:10:00-04:00,60.8400993347168,60.849998474121094,60.83000183105469,60.83000183105469,52131,60.8400993347168
2026-06-04 14:15:00-04:00,60.834999084472656,60.840301513671875,60.81999969482422,60.8400993347168,42136,60.834999084472656
2026-06-04 14:20:00-04:00,60.81999969482422,60.84000015258789,60.814998626708984,60.83700180053711,44062,60.81999969482422
2026-06-04 14:25:00-04:00,60.834999084472656,60.84000015258789,60.820098876953125,60.83000183105469,46873,60.834999084472656
2026-06-04 14:30:00-04:00,60.814998626708984,60.84000015258789,60.810001373291016,60.835899353027344,35271,60.814998626708984
2026-06-04 14:35:00-04:00,60.79930114746094,60.81990051269531,60.79499816894531,60.814998626708984,40678,60.79930114746094
2026-06-04 14:40:00-04:00,60.80500030517578,60.810001373291016,60.790000915527344,60.79999923706055,36371,60.80500030517578
2026-06-04 14:45:00-04:00,60.81999969482422,60.81999969482422,60.79499816894531,60.80500030517578,36605,60.81999969482422
2026-06-04 14:50:00-04:00,60.814998626708984,60.829898834228516,60.814998626708984,60.81999969482422,41771,60.814998626708984
2026-06-04 14:55:00-04:00,60.78969955444336,60.814998626708984,60.78010177612305,60.814998626708984,31439,60.78969955444336
2026-06-04 15:00:00-04:00,60.80500030517578,60.810001373291016,60.78499984741211,60.790000915527344,29912,60.80500030517578
2026-06-04 15:05:00-04:00,60.80500030517578,60.81999969482422,60.79999923706055,60.80500030517578,30928,60.80500030517578
2026-06-04 15:10:00-04:00,60.78499984741211,60.80500030517578,60.779998779296875,60.80500030517578,22669,60.78499984741211
2026-06-04 15:15:00-04:00,60.775001525878906,60.78990173339844,60.760101318359375,60.78990173339844,30302,60.775001525878906
2026-06-04 15:20:00-04:00,60.80649948120117,60.810001373291016,60.775001525878906,60.775001525878906,26942,60.80649948120117
2026-06-04 15:25:00-04:00,60.81999969482422,60.81999969482422,60.79999923706055,60.809898376464844,42574,60.81999969482422
2026-06-04 15:30:00-04:00,60.81999969482422,60.84000015258789,60.81999969482422,60.82500076293945,54625,60.81999969482422
2026-06-04 15:35:00-04:00,60.8317985534668,60.84000015258789,60.82500076293945,60.82500076293945,39992,60.8317985534668
2026-06-04 15:40:00-04:00,60.80500030517578,60.834999084472656,60.79999923706055,60.834999084472656,35643,60.80500030517578
2026-06-04 15:45:00-04:00,60.799598693847656,60.810001373291016,60.78010177612305,60.80500030517578,44563,60.799598693847656
2026-06-04 15:50:00-04:00,60.775001525878906,60.79499816894531,60.760101318359375,60.79499816894531,79007,60.775001525878906
2026-06-04 15:55:00-04:00,60.744998931884766,60.77000045776367,60.7400016784668,60.77000045776367,93942,60.744998931884766
2026-06-05 09:30:00-04:00,60.3400993347168,60.38800048828125,60.27000045776367,60.33000183105469,614610,60.3400993347168
2026-06-05 09:35:00-04:00,60.289798736572266,60.339599609375,60.25,60.330101013183594,200056,60.289798736572266
2026-06-05 09:40:00-04:00,60.19499969482422,60.28919982910156,60.189998626708984,60.279998779296875,206378,60.19499969482422
2026-06-05 09:45:00-04:00,60.095001220703125,60.21500015258789,60.095001220703125,60.19499969482422,174533,60.095001220703125
2026-06-05 09:50:00-04:00,60.14889907836914,60.150001525878906,60.0797004699707,60.099998474121094,256384,60.14889907836914
2026-06-05 09:55:00-04:00,59.98500061035156,60.14500045776367,59.98500061035156,60.14500045776367,261166,59.98500061035156
2026-06-05 10:00:00-04:00,60.005001068115234,60.0463981628418,59.959999084472656,59.97999954223633,218071,60.005001068115234
2026-06-05 10:05:00-04:00,60.093299865722656,60.09989929199219,59.98500061035156,60.0,142566,60.093299865722656
2026-06-05 10:10:00-04:00,60.119998931884766,60.12990188598633,60.040000915527344,60.099998474121094,105065,60.119998931884766
2026-06-05 10:15:00-04:00,60.22999954223633,60.22999954223633,60.125,60.125,114433,60.22999954223633
2026-06-05 10:20:00-04:00,60.150001525878906,60.2400016784668,60.149898529052734,60.23500061035156,113455,60.150001525878906
2026-06-05 10:25:00-04:00,60.08000183105469,60.14500045776367,60.060001373291016,60.14500045776367,73509,60.08000183105469
2026-06-05 10:30:00-04:00,60.17679977416992,60.17679977416992,60.08000183105469,60.08610153198242,75590,60.17679977416992
2026-06-05 10:35:00-04:00,60.17499923706055,60.224998474121094,60.16999816894531,60.185001373291016,53847,60.17499923706055
2026-06-05 10:40:00-04:00,60.10929870605469,60.17499923706055,60.099998474121094,60.17499923706055,53266,60.10929870605469
2026-06-05 10:45:00-04:00,60.089900970458984,60.13999938964844,60.07500076293945,60.1150016784668,96273,60.089900970458984
2026-06-05 10:50:00-04:00,60.10499954223633,60.125,60.08100128173828,60.084999084472656,70383,60.10499954223633
2026-06-05 10:55:00-04:00,60.12990188598633,60.150001525878906,60.09000015258789,60.09989929199219,96656,60.12990188598633
2026-06-05 11:00:00-04:00,60.07500076293945,60.13999938964844,60.04999923706055,60.12889862060547,57148,60.07500076293945
2026-06-05 11:05:00-04:00,60.03499984741211,60.07500076293945,60.02000045776367,60.07500076293945,62526,60.03499984741211
2026-06-05 11:10:00-04:00,59.96500015258789,60.04999923706055,59.96500015258789,60.03499984741211,119730,59.96500015258789
2026-06-05 11:15:00-04:00,59.98500061035156,59.9900016784668,59.96139907836914,59.96500015258789,90410,59.98500061035156
2026-06-05 11:20:00-04:00,59.920101165771484,59.994998931884766,59.915000915527344,59.9900016784668,120780,59.920101165771484
2026-06-05 11:25:00-04:00,59.93989944458008,59.94499969482422,59.920101165771484,59.92499923706055,75740,59.93989944458008
2026-06-05 11:30:00-04:00,59.910301208496094,59.96500015258789,59.910301208496094,59.939998626708984,77100,59.910301208496094
2026-06-05 11:35:00-04:00,59.84000015258789,59.919898986816406,59.84000015258789,59.90999984741211,119327,59.84000015258789
2026-06-05 11:40:00-04:00,59.84000015258789,59.8754997253418,59.814998626708984,59.849998474121094,153401,59.84000015258789
2026-06-05 11:45:00-04:00,59.849700927734375,59.88999938964844,59.830101013183594,59.845001220703125,91652,59.849700927734375
2026-06-05 11:50:00-04:00,59.875099182128906,59.8849983215332,59.845001220703125,59.845001220703125,89719,59.875099182128906
2026-06-05 11:55:00-04:00,59.8760986328125,59.88990020751953,59.86000061035156,59.875,92025,59.8760986328125
2026-06-05 12:00:00-04:00,59.814998626708984,59.875,59.810001373291016,59.875,60505,59.814998626708984
2026-06-05 12:05:00-04:00,59.73500061035156,59.810001373291016,59.72999954223633,59.810001373291016,176374,59.73500061035156
2026-06-05 12:10:00-04:00,59.76649856567383,59.77880096435547,59.71500015258789,59.72999954223633,62885,59.76649856567383
2026-06-05 12:15:00-04:00,59.670101165771484,59.7598991394043,59.66999816894531,59.750099182128906,147948,59.670101165771484
2026-06-05 12:20:00-04:00,59.724998474121094,59.739898681640625,59.66999816894531,59.67499923706055,70130,59.724998474121094
2026-06-05 12:25:00-04:00,59.68510055541992,59.74620056152344,59.68510055541992,59.724998474121094,46222,59.68510055541992
2026-06-05 12:30:00-04:00,59.61000061035156,59.685001373291016,59.59000015258789,59.68000030517578,162346,59.61000061035156
2026-06-05 12:35:00-04:00,59.595001220703125,59.62030029296875,59.560001373291016,59.61000061035156,83723,59.595001220703125
2026-06-05 12:40:00-04:00,59.505001068115234,59.60499954223633,59.474998474121094,59.60499954223633,232014,59.505001068115234
2026-06-05 12:45:00-04:00,59.510101318359375,59.519798278808594,59.439998626708984,59.499900817871094,174676,59.510101318359375
2026-06-05 12:50:00-04:00,59.625,59.62649917602539,59.5,59.51499938964844,113596,59.625
2026-06-05 12:55:00-04:00,59.595001220703125,59.625,59.54460144042969,59.625,128242,59.595001220703125
2026-06-05 13:00:00-04:00,59.53499984741211,59.599998474121094,59.5,59.595001220703125,69604,59.53499984741211
2026-06-05 13:05:00-04:00,59.48500061035156,59.53499984741211,59.46500015258789,59.529998779296875,64455,59.48500061035156
2026-06-05 13:10:00-04:00,59.46760177612305,59.505001068115234,59.43000030517578,59.5,133790,59.46760177612305
2026-06-05 13:15:00-04:00,59.474998474121094,59.479801177978516,59.42499923706055,59.474998474121094,137182,59.474998474121094
2026-06-05 13:20:00-04:00,59.54499816894531,59.54800033569336,59.42499923706055,59.474998474121094,73765,59.54499816894531
2026-06-05 13:25:00-04:00,59.54499816894531,59.560001373291016,59.494998931884766,59.54499816894531,103736,59.54499816894531
2026-06-05 13:30:00-04:00,59.564998626708984,59.56999969482422,59.51499938964844,59.53499984741211,73152,59.564998626708984
2026-06-05 13:35:00-04:00,59.6349983215332,59.63990020751953,59.584999084472656,59.584999084472656,62682,59.6349983215332
2026-06-05 13:40:00-04:00,59.526100158691406,59.665000915527344,59.5099983215332,59.63740158081055,57772,59.526100158691406
2026-06-05 13:45:00-04:00,59.54499816894531,59.56999969482422,59.525001525878906,59.529998779296875,69757,59.54499816894531
2026-06-05 13:50:00-04:00,59.57500076293945,59.57500076293945,59.54010009765625,59.54499816894531,83792,59.57500076293945
2026-06-05 13:55:00-04:00,59.6150016784668,59.625099182128906,59.57339859008789,59.57500076293945,50491,59.6150016784668
2026-06-05 14:00:00-04:00,59.5099983215332,59.630001068115234,59.5099983215332,59.630001068115234,95555,59.5099983215332
2026-06-05 14:05:00-04:00,59.48500061035156,59.51499938964844,59.47999954223633,59.505001068115234,112032,59.48500061035156
2026-06-05 14:10:00-04:00,59.375,59.494998931884766,59.375,59.480098724365234,108987,59.375
2026-06-05 14:15:00-04:00,59.29990005493164,59.375,59.29069900512695,59.375,144786,59.29990005493164
2026-06-05 14:20:00-04:00,59.28499984741211,59.33000183105469,59.279998779296875,59.30500030517578,137696,59.28499984741211
2026-06-05 14:25:00-04:00,59.27989959716797,59.290000915527344,59.220001220703125,59.28229904174805,106316,59.27989959716797
2026-06-05 14:30:00-04:00,59.20989990234375,59.27450180053711,59.20000076293945,59.2400016784668,121859,59.20989990234375
2026-06-05 14:35:00-04:00,59.179901123046875,59.220001220703125,59.154998779296875,59.21369934082031,126296,59.179901123046875
2026-06-05 14:40:00-04:00,59.14500045776367,59.189998626708984,59.095001220703125,59.189998626708984,164906,59.14500045776367
2026-06-05 14:45:00-04:00,59.1150016784668,59.13999938964844,59.0099983215332,59.13999938964844,177586,59.1150016784668
2026-06-05 14:50:00-04:00,59.09859848022461,59.130001068115234,59.04999923706055,59.11000061035156,131899,59.09859848022461
2026-06-05 14:55:00-04:00,59.185001373291016,59.20000076293945,59.08000183105469,59.095001220703125,210053,59.185001373291016
2026-06-05 15:00:00-04:00,59.185001373291016,59.19499969482422,59.10449981689453,59.18000030517578,127317,59.185001373291016
2026-06-05 15:05:00-04:00,59.060001373291016,59.19499969482422,59.02450180053711,59.18009948730469,221576,59.060001373291016
2026-06-05 15:10:00-04:00,58.97999954223633,59.0614013671875,58.941001892089844,59.0614013671875,334415,58.97999954223633
2026-06-05 15:15:00-04:00,58.880001068115234,58.970001220703125,58.820098876953125,58.970001220703125,231313,58.880001068115234
2026-06-05 15:20:00-04:00,58.935001373291016,58.935001373291016,58.849998474121094,58.880001068115234,184432,58.935001373291016
2026-06-05 15:25:00-04:00,59.095001220703125,59.095001220703125,58.95500183105469,58.95500183105469,138401,59.095001220703125
2026-06-05 15:30:00-04:00,59.02000045776367,59.10340118408203,58.96009826660156,59.099998474121094,101951,59.02000045776367
2026-06-05 15:35:00-04:00,59.095001220703125,59.099998474121094,59.019100189208984,59.020198822021484,165205,59.095001220703125
2026-06-05 15:40:00-04:00,59.0098991394043,59.099998474121094,58.935001373291016,59.09000015258789,196691,59.0098991394043
2026-06-05 15:45:00-04:00,59.09000015258789,59.11009979248047,59.000099182128906,59.005001068115234,404653,59.09000015258789
2026-06-05 15:50:00-04:00,59.07500076293945,59.16699981689453,59.060001373291016,59.08000183105469,117520,59.07500076293945
2026-06-05 15:55:00-04:00,58.89459991455078,59.060001373291016,58.875,59.060001373291016,389386,58.89459991455078
2026-06-08 09:30:00-04:00,59.51499938964844,59.76499938964844,59.5099983215332,59.66999816894531,1307509,59.51499938964844
2026-06-08 09:35:00-04:00,59.53889846801758,59.63999938964844,59.48500061035156,59.5,225063,59.53889846801758
2026-06-08 09:40:00-04:00,59.650001525878906,59.72990036010742,59.540000915527344,59.540000915527344,193952,59.650001525878906
2026-06-08 09:45:00-04:00,59.619998931884766,59.72629928588867,59.57500076293945,59.650001525878906,153549,59.619998931884766
2026-06-08 09:50:00-04:00,59.650001525878906,59.720001220703125,59.564998626708984,59.619998931884766,160031,59.650001525878906
2026-06-08 09:55:00-04:00,59.435001373291016,59.65999984741211,59.435001373291016,59.64500045776367,134567,59.435001373291016
2026-06-08 10:00:00-04:00,59.45500183105469,59.540000915527344,59.40999984741211,59.435001373291016,130747,59.45500183105469
2026-06-08 10:05:00-04:00,59.584999084472656,59.59619903564453,59.43000030517578,59.45500183105469,122594,59.584999084472656
2026-06-08 10:10:00-04:00,59.560001373291016,59.608001708984375,59.53499984741211,59.58000183105469,91624,59.560001373291016
2026-06-08 10:15:00-04:00,59.520198822021484,59.560001373291016,59.474998474121094,59.560001373291016,93257,59.520198822021484
2026-06-08 10:20:00-04:00,59.61000061035156,59.625099182128906,59.494998931884766,59.512001037597656,91553,59.61000061035156
2026-06-08 10:25:00-04:00,59.66999816894531,59.68709945678711,59.595001220703125,59.60499954223633,91330,59.66999816894531
2026-06-08 10:30:00-04:00,59.72010040283203,59.724998474121094,59.66999816894531,59.66999816894531,87749,59.72010040283203
2026-06-08 10:35:00-04:00,59.77399826049805,59.779998779296875,59.70500183105469,59.720001220703125,73382,59.77399826049805
2026-06-08 10:40:00-04:00,59.72999954223633,59.790000915527344,59.70000076293945,59.775001525878906,66943,59.72999954223633
2026-06-08 10:45:00-04:00,59.83440017700195,59.859901428222656,59.7400016784668,59.7400016784668,66952,59.83440017700195
2026-06-08 10:50:00-04:00,59.86140060424805,59.89500045776367,59.81999969482422,59.839900970458984,57058,59.86140060424805
2026-06-08 10:55:00-04:00,59.915000915527344,59.92499923706055,59.828800201416016,59.8650016784668,66331,59.915000915527344
2026-06-08 11:00:00-04:00,59.92499923706055,59.93989944458008,59.900001525878906,59.915000915527344,61087,59.92499923706055
2026-06-08 11:05:00-04:00,59.96009826660156,59.970001220703125,59.91999816894531,59.924598693847656,73570,59.96009826660156
2026-06-08 11:10:00-04:00,59.95500183105469,59.97999954223633,59.95500183105469,59.970001220703125,49976,59.95500183105469
2026-06-08 11:15:00-04:00,59.98929977416992,59.9900016784668,59.95000076293945,59.959999084472656,55691,59.98929977416992
2026-06-08 11:20:00-04:00,59.974998474121094,59.9900016784668,59.92499923706055,59.98500061035156,33885,59.974998474121094
2026-06-08 11:25:00-04:00,59.84000015258789,59.970001220703125,59.84000015258789,59.970001220703125,55305,59.84000015258789
2026-06-08 11:30:00-04:00,59.76499938964844,59.83000183105469,59.75,59.83000183105469,43812,59.76499938964844
2026-06-08 11:35:00-04:00,59.88650131225586,59.88650131225586,59.7599983215332,59.76499938964844,35666,59.88650131225586
2026-06-08 11:40:00-04:00,59.90999984741211,59.915000915527344,59.85499954223633,59.8739013671875,47719,59.90999984741211
2026-06-08 11:45:00-04:00,59.880001068115234,59.96500015258789,59.880001068115234,59.93000030517578,64383,59.880001068115234
2026-06-08 11:50:00-04:00,59.88999938964844,59.939998626708984,59.875,59.875,115697,59.88999938964844
2026-06-08 11:55:00-04:00,59.81999969482422,59.8849983215332,59.810001373291016,59.8849983215332,58517,59.81999969482422
2026-06-08 12:00:00-04:00,59.849998474121094,59.880001068115234,59.79999923706055,59.83000183105469,45463,59.849998474121094
2026-06-08 12:05:00-04:00,59.834999084472656,59.880001068115234,59.81999969482422,59.86000061035156,25452,59.834999084472656
2026-06-08 12:10:00-04:00,59.86000061035156,59.880001068115234,59.810001373291016,59.83000183105469,46618,59.86000061035156
2026-06-08 12:15:00-04:00,59.92499923706055,59.93000030517578,59.873600006103516,59.875,76719,59.92499923706055
2026-06-08 12:20:00-04:00,59.86009979248047,59.94499969482422,59.859901428222656,59.92499923706055,44747,59.86009979248047
2026-06-08 12:25:00-04:00,59.80500030517578,59.900001525878906,59.79999923706055,59.880001068115234,31007,59.80500030517578
2026-06-08 12:30:00-04:00,59.775001525878906,59.84989929199219,59.775001525878906,59.81999969482422,51488,59.775001525878906
2026-06-08 12:35:00-04:00,59.7599983215332,59.80500030517578,59.7400016784668,59.77989959716797,32069,59.7599983215332
2026-06-08 12:40:00-04:00,59.779998779296875,59.79999923706055,59.744998931884766,59.744998931884766,27425,59.779998779296875
2026-06-08 12:45:00-04:00,59.81999969482422,59.849998474121094,59.790000915527344,59.790000915527344,23501,59.81999969482422
2026-06-08 12:50:00-04:00,59.82500076293945,59.834999084472656,59.79999923706055,59.83000183105469,28387,59.82500076293945
2026-06-08 12:55:00-04:00,59.80550003051758,59.845001220703125,59.78499984741211,59.814998626708984,88425,59.80550003051758
2026-06-08 13:00:00-04:00,59.709999084472656,59.80500030517578,59.68000030517578,59.80500030517578,107241,59.709999084472656
2026-06-08 13:05:00-04:00,59.7234992980957,59.77000045776367,59.70500183105469,59.720001220703125,48911,59.7234992980957
2026-06-08 13:10:00-04:00,59.7400016784668,59.7400016784668,59.67499923706055,59.724998474121094,54065,59.7400016784668
2026-06-08 13:15:00-04:00,59.689998626708984,59.75,59.685001373291016,59.74089813232422,91640,59.689998626708984
2026-06-08 13:20:00-04:00,59.709999084472656,59.72999954223633,59.68000030517578,59.69499969482422,32875,59.709999084472656
2026-06-08 13:25:00-04:00,59.81999969482422,59.81999969482422,59.71500015258789,59.71500015258789,53858,59.81999969482422
2026-06-08 13:30:00-04:00,59.790000915527344,59.86000061035156,59.75,59.830101013183594,73723,59.790000915527344
2026-06-08 13:35:00-04:00,59.76380157470703,59.79499816894531,59.723899841308594,59.79499816894531,83461,59.76380157470703
2026-06-08 13:40:00-04:00,59.69499969482422,59.77000045776367,59.69499969482422,59.77000045776367,50908,59.69499969482422
2026-06-08 13:45:00-04:00,59.779998779296875,59.779998779296875,59.70000076293945,59.70000076293945,27886,59.779998779296875
2026-06-08 13:50:00-04:00,59.80500030517578,59.814998626708984,59.77000045776367,59.779998779296875,11875,59.80500030517578
2026-06-08 13:55:00-04:00,59.775001525878906,59.80500030517578,59.755001068115234,59.80500030517578,41918,59.775001525878906
2026-06-08 14:00:00-04:00,59.79499816894531,59.81999969482422,59.775001525878906,59.775001525878906,50023,59.79499816894531
2026-06-08 14:05:00-04:00,59.814998626708984,59.839900970458984,59.79499816894531,59.79499816894531,24034,59.814998626708984
2026-06-08 14:10:00-04:00,59.78010177612305,59.83000183105469,59.7599983215332,59.81999969482422,43461,59.78010177612305
2026-06-08 14:15:00-04:00,59.78269958496094,59.810001373291016,59.775001525878906,59.77859878540039,37724,59.78269958496094
2026-06-08 14:20:00-04:00,59.790000915527344,59.80500030517578,59.76499938964844,59.790000915527344,23430,59.790000915527344
2026-06-08 14:25:00-04:00,59.80500030517578,59.814998626708984,59.78990173339844,59.79999923706055,18801,59.80500030517578
2026-06-08 14:30:00-04:00,59.80500030517578,59.834999084472656,59.80500030517578,59.814998626708984,52342,59.80500030517578
2026-06-08 14:35:00-04:00,59.7494010925293,59.8297004699707,59.74620056152344,59.810001373291016,32561,59.7494010925293
2026-06-08 14:40:00-04:00,59.72999954223633,59.755001068115234,59.714500427246094,59.74150085449219,44254,59.72999954223633
2026-06-08 14:45:00-04:00,59.74980163574219,59.7755012512207,59.724998474121094,59.724998474121094,20121,59.74980163574219
2026-06-08 14:50:00-04:00,59.753299713134766,59.77000045776367,59.730098724365234,59.744998931884766,51010,59.753299713134766
2026-06-08 14:55:00-04:00,59.739898681640625,59.76499938964844,59.72999954223633,59.763999938964844,22072,59.739898681640625
2026-06-08 15:00:00-04:00,59.710899353027344,59.73740005493164,59.69499969482422,59.72999954223633,71642,59.710899353027344
2026-06-08 15:05:00-04:00,59.65999984741211,59.724998474121094,59.65999984741211,59.724998474121094,19106,59.65999984741211
2026-06-08 15:10:00-04:00,59.584999084472656,59.650001525878906,59.584999084472656,59.650001525878906,49846,59.584999084472656
2026-06-08 15:15:00-04:00,59.57500076293945,59.595001220703125,59.564998626708984,59.584999084472656,32459,59.57500076293945
2026-06-08 15:20:00-04:00,59.53499984741211,59.619998931884766,59.53499984741211,59.58000183105469,33047,59.53499984741211
2026-06-08 15:25:00-04:00,59.584999084472656,59.589900970458984,59.525001525878906,59.540000915527344,44482,59.584999084472656
2026-06-08 15:30:00-04:00,59.6239013671875,59.685001373291016,59.584999084472656,59.59000015258789,45145,59.6239013671875
2026-06-08 15:35:00-04:00,59.60860061645508,59.650001525878906,59.59000015258789,59.61000061035156,67074,59.60860061645508
2026-06-08 15:40:00-04:00,59.60499954223633,59.61989974975586,59.56999969482422,59.599998474121094,39749,59.60499954223633
2026-06-08 15:45:00-04:00,59.595001220703125,59.63010025024414,59.584999084472656,59.59000015258789,56561,59.595001220703125
2026-06-08 15:50:00-04:00,59.6150016784668,59.64500045776367,59.56999969482422,59.599998474121094,74203,59.6150016784668
2026-06-08 15:55:00-04:00,59.625,59.630001068115234,59.59000015258789,59.61000061035156,50655,59.625
2026-06-09 09:30:00-04:00,59.904998779296875,60.04899978637695,59.900001525878906,60.0,506988,59.904998779296875
2026-06-09 09:35:00-04:00,59.959999084472656,60.019901275634766,59.911399841308594,59.911399841308594,79010,59.959999084472656
2026-06-09 09:40:00-04:00,60.064998626708984,60.06999969482422,59.92499923706055,59.969398498535156,63703,60.064998626708984
2026-06-09 09:45:00-04:00,60.15679931640625,60.15999984741211,60.06990051269531,60.06990051269531,66206,60.15679931640625
2026-06-09 09:50:00-04:00,60.005001068115234,60.154998779296875,60.005001068115234,60.154998779296875,65741,60.005001068115234
2026-06-09 09:55:00-04:00,59.94499969482422,60.025001525878906,59.94499969482422,60.00090026855469,75759,59.94499969482422
2026-06-09 10:00:00-04:00,59.93790054321289,60.0,59.880001068115234,59.939998626708984,46461,59.93790054321289
2026-06-09 10:05:00-04:00,59.89500045776367,59.97990036010742,59.88999938964844,59.93009948730469,152742,59.89500045776367
2026-06-09 10:10:00-04:00,59.72010040283203,59.880001068115234,59.689998626708984,59.880001068115234,89838,59.72010040283203
2026-06-09 10:15:00-04:00,59.564998626708984,59.724998474121094,59.494998931884766,59.685001373291016,239326,59.564998626708984
2026-06-09 10:20:00-04:00,59.69990158081055,59.70000076293945,59.4900016784668,59.540000915527344,82846,59.69990158081055
2026-06-09 10:25:00-04:00,59.595001220703125,59.724998474121094,59.584999084472656,59.685001373291016,66303,59.595001220703125
2026-06-09 10:30:00-04:00,59.599998474121094,59.625,59.5099983215332,59.584999084472656,49416,59.599998474121094
2026-06-09 10:35:00-04:00,59.59510040283203,59.65650177001953,59.540000915527344,59.589900970458984,69617,59.59510040283203
2026-06-09 10:40:00-04:00,59.36000061035156,59.63999938964844,59.350101470947266,59.61000061035156,138044,59.36000061035156
2026-06-09 10:45:00-04:00,59.064998626708984,59.3849983215332,59.040000915527344,59.36000061035156,193342,59.064998626708984
2026-06-09 10:50:00-04:00,59.20500183105469,59.20859909057617,59.029998779296875,59.060001373291016,188232,59.20500183105469
2026-06-09 10:55:00-04:00,59.27000045776367,59.28139877319336,59.1150016784668,59.220001220703125,54432,59.27000045776367
2026-06-09 11:00:00-04:00,59.21989822387695,59.29999923706055,59.19499969482422,59.290000915527344,49128,59.21989822387695
2026-06-09 11:05:00-04:00,59.334999084472656,59.334999084472656,59.14500045776367,59.209999084472656,63676,59.334999084472656
2026-06-09 11:10:00-04:00,59.29859924316406,59.375,59.23500061035156,59.33000183105469,56163,59.29859924316406
2026-06-09 11:15:00-04:00,59.17499923706055,59.29999923706055,59.16550064086914,59.29999923706055,43079,59.17499923706055
2026-06-09 11:20:00-04:00,58.9202995300293,59.216800689697266,58.9202995300293,59.169898986816406,172767,58.9202995300293
2026-06-09 11:25:00-04:00,58.63999938964844,58.935001373291016,58.619998931884766,58.924800872802734,268415,58.63999938964844
2026-06-09 11:30:00-04:00,58.62030029296875,58.685001373291016,58.58000183105469,58.650001525878906,131320,58.62030029296875
2026-06-09 11:35:00-04:00,58.654998779296875,58.665000915527344,58.55500030517578,58.62300109863281,104320,58.654998779296875
2026-06-09 11:40:00-04:00,58.69499969482422,58.77000045776367,58.63999938964844,58.64500045776367,76001,58.69499969482422
2026-06-09 11:45:00-04:00,58.724998474121094,58.755001068115234,58.69969940185547,58.709999084472656,67612,58.724998474121094
2026-06-09 11:50:00-04:00,58.619998931884766,58.80500030517578,58.619998931884766,58.72549819946289,114993,58.619998931884766
2026-06-09 11:55:00-04:00,58.32500076293945,58.62009811401367,58.29999923706055,58.62009811401367,412324,58.32500076293945
2026-06-09 12:00:00-04:00,58.3849983215332,58.494998931884766,58.339900970458984,58.339900970458984,194933,58.3849983215332
2026-06-09 12:05:00-04:00,58.165000915527344,58.380001068115234,58.099998474121094,58.375,331341,58.165000915527344
2026-06-09 12:10:00-04:00,58.18000030517578,58.27000045776367,58.119998931884766,58.16999816894531,454995,58.18000030517578
2026-06-09 12:15:00-04:00,57.869998931884766,58.189998626708984,57.840301513671875,58.17499923706055,394048,57.869998931884766
2026-06-09 12:20:00-04:00,57.994998931884766,58.029998779296875,57.779998779296875,57.86000061035156,209935,57.994998931884766
2026-06-09 12:25:00-04:00,58.0099983215332,58.099998474121094,57.95000076293945,58.015499114990234,260834,58.0099983215332
2026-06-09 12:30:00-04:00,57.94499969482422,58.09000015258789,57.88999938964844,57.9900016784668,204691,57.94499969482422
2026-06-09 12:35:00-04:00,57.53499984741211,58.064998626708984,57.5,57.939998626708984,407341,57.53499984741211
2026-06-09 12:40:00-04:00,57.730098724365234,57.7599983215332,57.470001220703125,57.52000045776367,309781,57.730098724365234
2026-06-09 12:45:00-04:00,57.71500015258789,57.83000183105469,57.625,57.72999954223633,210960,57.71500015258789
2026-06-09 12:50:00-04:00,57.56639862060547,57.7400016784668,57.560001373291016,57.7400016784668,161176,57.56639862060547
2026-06-09 12:55:00-04:00,57.915000915527344,57.91669845581055,57.55500030517578,57.560001373291016,201277,57.915000915527344
2026-06-09 13:00:00-04:00,58.19499969482422,58.220001220703125,57.900001525878906,57.939998626708984,207458,58.19499969482422
2026-06-09 13:05:00-04:00,58.18000030517578,58.224998474121094,58.08489990234375,58.185001373291016,154231,58.18000030517578
2026-06-09 13:10:00-04:00,58.250099182128906,58.28499984741211,58.07500076293945,58.15919876098633,142652,58.250099182128906
2026-06-09 13:15:00-04:00,58.36000061035156,58.380001068115234,58.18000030517578,58.2400016784668,81974,58.36000061035156
2026-06-09 13:20:00-04:00,58.39970016479492,58.4900016784668,58.29999923706055,58.400001525878906,111512,58.39970016479492
2026-06-09 13:25:00-04:00,58.43000030517578,58.474998474121094,58.32500076293945,58.369998931884766,45060,58.43000030517578
2026-06-09 13:30:00-04:00,58.529998779296875,58.53499984741211,58.369998931884766,58.42499923706055,87946,58.529998779296875
2026-06-09 13:35:00-04:00,58.56999969482422,58.60499954223633,58.470001220703125,58.529998779296875,68809,58.56999969482422
2026-06-09 13:40:00-04:00,58.64500045776367,58.744998931884766,58.564998626708984,58.564998626708984,118049,58.64500045776367
2026-06-09 13:45:00-04:00,58.404998779296875,58.66109848022461,58.369998931884766,58.64500045776367,279675,58.404998779296875
2026-06-09 13:50:00-04:00,58.51499938964844,58.609901428222656,58.45399856567383,58.470001220703125,90427,58.51499938964844
2026-06-09 13:55:00-04:00,58.564998626708984,58.634498596191406,58.560001373291016,58.560001373291016,54819,58.564998626708984
2026-06-09 14:00:00-04:00,58.564998626708984,58.630001068115234,58.505001068115234,58.56999969482422,93083,58.564998626708984
2026-06-09 14:05:00-04:00,58.6598014831543,58.66999816894531,58.53499984741211,58.559898376464844,37680,58.6598014831543
2026-06-09 14:10:00-04:00,58.6349983215332,58.65399932861328,58.55500030517578,58.65399932861328,49941,58.6349983215332
2026-06-09 14:15:00-04:00,58.755001068115234,58.76499938964844,58.564998626708984,58.6150016784668,70207,58.755001068115234
2026-06-09 14:20:00-04:00,58.810001373291016,58.829898834228516,58.689998626708984,58.77000045776367,77137,58.810001373291016
2026-06-09 14:25:00-04:00,58.81999969482422,58.81999969482422,58.69499969482422,58.79999923706055,55256,58.81999969482422
2026-06-09 14:30:00-04:00,58.8650016784668,58.91999816894531,58.81999969482422,58.81999969482422,57338,58.8650016784668
2026-06-09 14:35:00-04:00,58.880001068115234,58.929901123046875,58.834999084472656,58.875,156956,58.880001068115234
2026-06-09 14:40:00-04:00,58.7400016784668,58.8849983215332,58.734500885009766,58.880001068115234,63289,58.7400016784668
2026-06-09 14:45:00-04:00,58.84000015258789,58.84000015258789,58.744998931884766,58.744998931884766,47085,58.84000015258789
2026-06-09 14:50:00-04:00,58.8489990234375,58.90999984741211,58.79999923706055,58.84000015258789,33950,58.8489990234375
2026-06-09 14:55:00-04:00,58.9900016784668,59.029998779296875,58.845001220703125,58.845001220703125,117292,58.9900016784668
2026-06-09 15:00:00-04:00,59.08000183105469,59.08000183105469,58.91999816894531,58.96500015258789,84291,59.08000183105469
2026-06-09 15:05:00-04:00,59.003700256347656,59.099998474121094,58.9900016784668,59.08000183105469,141188,59.003700256347656
2026-06-09 15:10:00-04:00,58.814998626708984,58.95500183105469,58.814998626708984,58.95000076293945,76878,58.814998626708984
2026-06-09 15:15:00-04:00,58.65999984741211,58.81990051269531,58.630001068115234,58.81990051269531,197435,58.65999984741211
2026-06-09 15:20:00-04:00,58.709999084472656,58.75,58.61000061035156,58.64500045776367,97842,58.709999084472656
2026-06-09 15:25:00-04:00,58.790000915527344,58.8203010559082,58.65999984741211,58.689998626708984,89146,58.790000915527344
2026-06-09 15:30:00-04:00,58.8468017578125,58.849998474121094,58.76499938964844,58.810001373291016,117330,58.8468017578125
2026-06-09 15:35:00-04:00,58.75,58.85499954223633,58.75,58.849998474121094,79517,58.75
2026-06-09 15:40:00-04:00,58.7400016784668,58.790000915527344,58.62990188598633,58.744998931884766,145683,58.7400016784668
2026-06-09 15:45:00-04:00,58.69499969482422,58.78499984741211,58.630001068115234,58.755001068115234,111193,58.69499969482422
2026-06-09 15:50:00-04:00,58.939701080322266,58.939998626708984,58.68000030517578,58.68000030517578,304374,58.939701080322266
2026-06-09 15:55:00-04:00,59.089900970458984,59.09000015258789,58.935001373291016,58.935001373291016,251126,59.089900970458984
2026-06-10 09:30:00-04:00,58.474998474121094,58.74580001831055,58.474998474121094,58.595001220703125,641091,58.474998474121094
2026-06-10 09:35:00-04:00,58.75,58.869998931884766,58.459999084472656,58.459999084472656,133646,58.75
2026-06-10 09:40:00-04:00,58.96500015258789,58.96989822387695,58.599998474121094,58.7599983215332,178202,58.96500015258789
2026-06-10 09:45:00-04:00,59.064998626708984,59.10499954223633,58.88999938964844,58.95500183105469,192941,59.064998626708984
2026-06-10 09:50:00-04:00,58.8849983215332,59.07500076293945,58.79999923706055,59.07500076293945,93968,58.8849983215332
2026-06-10 09:55:00-04:00,58.85139846801758,58.97999954223633,58.834999084472656,58.875,71312,58.85139846801758
2026-06-10 10:00:00-04:00,58.96099853515625,59.029998779296875,58.790000915527344,58.869998931884766,60319,58.96099853515625
2026-06-10 10:05:00-04:00,59.05730056762695,59.08000183105469,58.88999938964844,58.959999084472656,91045,59.05730056762695
2026-06-10 10:10:00-04:00,58.9901008605957,59.099998474121094,58.96500015258789,59.060001373291016,117576,58.9901008605957
2026-06-10 10:15:00-04:00,59.01499938964844,59.05009841918945,58.92499923706055,59.0,96237,59.01499938964844
2026-06-10 10:20:00-04:00,59.220001220703125,59.220001220703125,58.95500183105469,59.01499938964844,99895,59.220001220703125
2026-06-10 10:25:00-04:00,59.150001525878906,59.22999954223633,59.07500076293945,59.220001220703125,61560,59.150001525878906
2026-06-10 10:30:00-04:00,59.26499938964844,59.26499938964844,59.0099983215332,59.154998779296875,58371,59.26499938964844
2026-06-10 10:35:00-04:00,59.09989929199219,59.2599983215332,59.064998626708984,59.2599983215332,58128,59.09989929199219
2026-06-10 10:40:00-04:00,58.99909973144531,59.16999816894531,58.99909973144531,59.11000061035156,59595,58.99909973144531
2026-06-10 10:45:00-04:00,58.8849983215332,59.03499984741211,58.849998474121094,58.984500885009766,64026,58.8849983215332
2026-06-10 10:50:00-04:00,58.875,59.0,58.845001220703125,58.88999938964844,118178,58.875
2026-06-10 10:55:00-04:00,58.650001525878906,58.89500045776367,58.564998626708984,58.869998931884766,154354,58.650001525878906
2026-06-10 11:00:00-04:00,58.63999938964844,58.790000915527344,58.53499984741211,58.63999938964844,91198,58.63999938964844
2026-06-10 11:05:00-04:00,58.5099983215332,58.65999984741211,58.5,58.6349983215332,122220,58.5099983215332
2026-06-10 11:10:00-04:00,58.37990188598633,58.529998779296875,58.369998931884766,58.52000045776367,132080,58.37990188598633
2026-06-10 11:15:00-04:00,58.33000183105469,58.369998931884766,58.22010040283203,58.369998931884766,144247,58.33000183105469
2026-06-10 11:20:00-04:00,58.525001525878906,58.564998626708984,58.310001373291016,58.310001373291016,114365,58.525001525878906
2026-06-10 11:25:00-04:00,58.45000076293945,58.58000183105469,58.44499969482422,58.5099983215332,95431,58.45000076293945
2026-06-10 11:30:00-04:00,58.414100646972656,58.540000915527344,58.36009979248047,58.45000076293945,141587,58.414100646972656
2026-06-10 11:35:00-04:00,58.390098571777344,58.474998474121094,58.31999969482422,58.40999984741211,88745,58.390098571777344
2026-06-10 11:40:00-04:00,58.54999923706055,58.56999969482422,58.36000061035156,58.380001068115234,63250,58.54999923706055
2026-06-10 11:45:00-04:00,58.279998779296875,58.58000183105469,58.209999084472656,58.54140090942383,184817,58.279998779296875
2026-06-10 11:50:00-04:00,58.41999816894531,58.474998474121094,58.13999938964844,58.279998779296875,185914,58.41999816894531
2026-06-10 11:55:00-04:00,58.53499984741211,58.55500030517578,58.334999084472656,58.40999984741211,82633,58.53499984741211
2026-06-10 12:00:00-04:00,58.4900016784668,58.59000015258789,58.44499969482422,58.540000915527344,80855,58.4900016784668
2026-06-10 12:05:00-04:00,58.4099006652832,58.529998779296875,58.380001068115234,58.47999954223633,75414,58.4099006652832
2026-06-10 12:10:00-04:00,58.30289840698242,58.403499603271484,58.29010009765625,58.400001525878906,79891,58.30289840698242
2026-06-10 12:15:00-04:00,58.334999084472656,58.380001068115234,58.290000915527344,58.31999969482422,77238,58.334999084472656
2026-06-10 12:20:00-04:00,58.28499984741211,58.369998931884766,58.279998779296875,58.31999969482422,34748,58.28499984741211
2026-06-10 12:25:00-04:00,58.34000015258789,58.375,58.29499816894531,58.29999923706055,47511,58.34000015258789
2026-06-10 12:30:00-04:00,58.44499969482422,58.44499969482422,58.28499984741211,58.31999969482422,31889,58.44499969482422
2026-06-10 12:35:00-04:00,58.49660110473633,58.525001525878906,58.38999938964844,58.45000076293945,45124,58.49660110473633
2026-06-10 12:40:00-04:00,58.380001068115234,58.52000045776367,58.33000183105469,58.48910140991211,40231,58.380001068115234
2026-06-10 12:45:00-04:00,58.28499984741211,58.36000061035156,58.209999084472656,58.36000061035156,60762,58.28499984741211
2026-06-10 12:50:00-04:00,58.30500030517578,58.35499954223633,58.2400016784668,58.27000045776367,43613,58.30500030517578
2026-06-10 12:55:00-04:00,58.310001373291016,58.31010055541992,58.22999954223633,58.29999923706055,47201,58.310001373291016
2026-06-10 13:00:00-04:00,58.3849983215332,58.40999984741211,58.26499938964844,58.29999923706055,428697,58.3849983215332
2026-06-10 13:05:00-04:00,58.244998931884766,58.380001068115234,58.230098724365234,58.380001068115234,37222,58.244998931884766
2026-06-10 13:10:00-04:00,58.165000915527344,58.24549865722656,58.154998779296875,58.24300003051758,88127,58.165000915527344
2026-06-10 13:15:00-04:00,58.17499923706055,58.209999084472656,58.150001525878906,58.17499923706055,58355,58.17499923706055
2026-06-10 13:20:00-04:00,58.22949981689453,58.23500061035156,58.14500045776367,58.165000915527344,73152,58.22949981689453
2026-06-10 13:25:00-04:00,58.244998931884766,58.2599983215332,58.189998626708984,58.220001220703125,80939,58.244998931884766
2026-06-10 13:30:00-04:00,58.19499969482422,58.25,58.150001525878906,58.24449920654297,53933,58.19499969482422
2026-06-10 13:35:00-04:00,58.14500045776367,58.209999084472656,58.14500045776367,58.20000076293945,37370,58.14500045776367
2026-06-10 13:40:00-04:00,58.125,58.185001373291016,58.125,58.15959930419922,64739,58.125
2026-06-10 13:45:00-04:00,58.36000061035156,58.41569900512695,58.119998931884766,58.119998931884766,69253,58.36000061035156
2026-06-10 13:50:00-04:00,58.345001220703125,58.38990020751953,58.26499938964844,58.38990020751953,53913,58.345001220703125
2026-06-10 13:55:00-04:00,58.40999984741211,58.43000030517578,58.34000015258789,58.349998474121094,3640832,58.40999984741211
2026-06-10 14:00:00-04:00,58.505001068115234,58.505001068115234,58.3849983215332,58.41999816894531,58984,58.505001068115234
2026-06-10 14:05:00-04:00,58.375,58.5,58.375,58.5,47700,58.375
2026-06-10 14:10:00-04:00,58.42660140991211,58.457000732421875,58.38999938964844,58.38999938964844,32796,58.42660140991211
2026-06-10 14:15:00-04:00,58.31999969482422,58.46500015258789,58.29999923706055,58.435001373291016,41118,58.31999969482422
2026-06-10 14:20:00-04:00,58.32500076293945,58.38999938964844,58.28499984741211,58.32500076293945,50763,58.32500076293945
2026-06-10 14:25:00-04:00,58.30500030517578,58.345001220703125,58.29499816894531,58.334999084472656,134150,58.30500030517578
2026-06-10 14:30:00-04:00,58.25920104980469,58.29999923706055,58.2406005859375,58.29999923706055,28083,58.25920104980469
2026-06-10 14:35:00-04:00,58.20000076293945,58.259498596191406,58.15999984741211,58.25,45236,58.20000076293945
2026-06-10 14:40:00-04:00,58.20500183105469,58.22999954223633,58.165000915527344,58.19499969482422,47086,58.20500183105469
2026-06-10 14:45:00-04:00,58.150001525878906,58.20989990234375,58.150001525878906,58.20989990234375,53339,58.150001525878906
2026-06-10 14:50:00-04:00,58.125,58.150001525878906,58.060001373291016,58.13399887084961,86540,58.125
2026-06-10 14:55:00-04:00,58.095001220703125,58.12990188598633,58.064998626708984,58.10499954223633,58564,58.095001220703125
2026-06-10 15:00:00-04:00,58.1150016784668,58.16999816894531,58.04990005493164,58.095001220703125,139851,58.1150016784668
2026-06-10 15:05:00-04:00,58.15999984741211,58.20000076293945,58.08000183105469,58.109901428222656,34758,58.15999984741211
2026-06-10 15:10:00-04:00,58.05500030517578,58.15999984741211,58.05500030517578,58.14500045776367,55580,58.05500030517578
2026-06-10 15:15:00-04:00,57.98500061035156,58.064998626708984,57.959999084472656,58.060001373291016,129038,57.98500061035156
2026-06-10 15:20:00-04:00,57.974998474121094,57.98860168457031,57.92499923706055,57.98860168457031,88427,57.974998474121094
2026-06-10 15:25:00-04:00,58.00899887084961,58.01499938964844,57.90999984741211,57.970001220703125,97659,58.00899887084961
2026-06-10 15:30:00-04:00,58.09510040283203,58.125,57.96500015258789,58.0,62362,58.09510040283203
2026-06-10 15:35:00-04:00,58.18000030517578,58.189998626708984,58.07500076293945,58.095001220703125,84327,58.18000030517578
2026-06-10 15:40:00-04:00,58.1255989074707,58.189998626708984,58.09000015258789,58.16999816894531,47370,58.1255989074707
2026-06-10 15:45:00-04:00,58.06999969482422,58.1349983215332,58.0099983215332,58.130001068115234,57184,58.06999969482422
2026-06-10 15:50:00-04:00,58.10499954223633,58.189998626708984,57.9900016784668,58.06999969482422,163466,58.10499954223633
2026-06-10 15:55:00-04:00,57.974998474121094,58.13999938964844,57.974998474121094,58.095001220703125,107930,57.974998474121094
