Datetime,Close,High,Low,Open,Volume,Adj Close
2026-04-29 09:30:00-04:00,665.5700073242188,669.0,665.2501220703125,668.9099731445312,611658,665.5700073242188
2026-04-29 09:35:00-04:00,666.3499755859375,666.4799194335938,664.030029296875,665.4149780273438,218309,666.3499755859375
2026-04-29 09:40:00-04:00,664.8699951171875,667.02001953125,664.1199951171875,666.27001953125,169793,664.8699951171875
2026-04-29 09:45:00-04:00,667.530029296875,667.9598999023438,663.8084106445312,664.8699951171875,217466,667.530029296875
2026-04-29 09:50:00-04:00,669.739990234375,669.8800048828125,667.0100708007812,667.385009765625,179616,669.739990234375
2026-04-29 09:55:00-04:00,669.5850219726562,670.0,668.5399780273438,669.739990234375,176289,669.5850219726562
2026-04-29 10:00:00-04:00,670.5963745117188,670.8499755859375,668.5,669.5999755859375,192775,670.5963745117188
2026-04-29 10:05:00-04:00,670.8400268554688,671.0499877929688,670.010009765625,670.6900024414062,192042,670.8400268554688
2026-04-29 10:10:00-04:00,672.5800170898438,672.6599731445312,670.3099975585938,670.8400268554688,255190,672.5800170898438
2026-04-29 10:15:00-04:00,671.3099975585938,673.219970703125,671.2000122070312,672.636474609375,240179,671.3099975585938
2026-04-29 10:20:00-04:00,672.0999755859375,672.0999755859375,670.2999877929688,671.3099975585938,116245,672.0999755859375
2026-04-29 10:25:00-04:00,671.969970703125,672.3699951171875,671.1599731445312,672.0999755859375,110202,671.969970703125
2026-04-29 10:30:00-04:00,672.5499877929688,672.6500244140625,670.47998046875,671.8699951171875,93852,672.5499877929688
2026-04-29 10:35:00-04:00,673.4249877929688,673.7750244140625,672.4149780273438,672.5499877929688,215375,673.4249877929688
2026-04-29 10:40:00-04:00,672.905029296875,673.9400024414062,672.0789794921875,673.4249877929688,121690,672.905029296875
2026-04-29 10:45:00-04:00,671.27001953125,673.1300048828125,670.6799926757812,673.0,110834,671.27001953125
2026-04-29 10:50:00-04:00,671.780029296875,672.4099731445312,670.3800048828125,671.280029296875,87457,671.780029296875
2026-04-29 10:55:00-04:00,672.0850219726562,672.4600219726562,671.6300048828125,671.8099975585938,66362,672.0850219726562
2026-04-29 11:00:00-04:00,671.260009765625,672.22998046875,671.0999755859375,672.0999755859375,136078,671.260009765625
2026-04-29 11:05:00-04:00,670.4299926757812,671.5349731445312,670.10498046875,671.1599731445312,102328,670.4299926757812
2026-04-29 11:10:00-04:00,668.8599853515625,670.4000244140625,668.8049926757812,670.4000244140625,149051,668.8599853515625
2026-04-29 11:15:00-04:00,670.0650024414062,670.3699951171875,668.6799926757812,668.7899780273438,150007,670.0650024414062
2026-04-29 11:20:00-04:00,671.0501098632812,671.1500244140625,669.857177734375,670.1300048828125,132401,671.0501098632812
2026-04-29 11:25:00-04:00,671.7849731445312,671.9600219726562,671.0700073242188,671.1099853515625,131556,671.7849731445312
2026-04-29 11:30:00-04:00,671.0399780273438,672.219970703125,670.9299926757812,671.7849731445312,185976,671.0399780273438
2026-04-29 11:35:00-04:00,671.1300048828125,671.47998046875,670.469970703125,671.1699829101562,102438,671.1300048828125
2026-04-29 11:40:00-04:00,671.0399780273438,671.6099243164062,671.02001953125,671.1300048828125,59814,671.0399780273438
2026-04-29 11:45:00-04:00,671.1174926757812,671.72998046875,670.89501953125,671.0,62990,671.1174926757812
2026-04-29 11:50:00-04:00,668.739990234375,671.5,668.5,671.1900024414062,181694,668.739990234375
2026-04-29 11:55:00-04:00,669.219970703125,669.239990234375,667.8699951171875,669.0,91968,669.219970703125
2026-04-29 12:00:00-04:00,669.0499877929688,669.489990234375,668.75,669.010009765625,64774,669.0499877929688
2026-04-29 12:05:00-04:00,670.8950805664062,671.010009765625,668.9450073242188,669.1799926757812,131211,670.8950805664062
2026-04-29 12:10:00-04:00,671.6500244140625,672.0,670.9000244140625,670.9000244140625,117646,671.6500244140625
2026-04-29 12:15:00-04:00,670.219970703125,672.1699829101562,670.1199951171875,671.7000122070312,150560,670.219970703125
2026-04-29 12:20:00-04:00,669.5349731445312,670.5499877929688,669.177001953125,670.22998046875,71379,669.5349731445312
2026-04-29 12:25:00-04:00,669.1199951171875,669.7000122070312,668.9000244140625,669.5999755859375,80712,669.1199951171875
2026-04-29 12:30:00-04:00,667.1300048828125,669.1099853515625,667.0399780273438,669.1099853515625,96257,667.1300048828125
2026-04-29 12:35:00-04:00,668.0900268554688,668.1199951171875,666.5900268554688,667.1699829101562,92608,668.0900268554688
2026-04-29 12:40:00-04:00,668.27001953125,669.0,667.5700073242188,668.1300048828125,186792,668.27001953125
2026-04-29 12:45:00-04:00,668.02001953125,668.3099975585938,667.7100830078125,668.302001953125,58528,668.02001953125
2026-04-29 12:50:00-04:00,667.6649780273438,668.9099731445312,667.5001220703125,668.0599975585938,76693,667.6649780273438
2026-04-29 12:55:00-04:00,667.6849975585938,668.2899169921875,667.3104858398438,667.6199951171875,62163,667.6849975585938
2026-04-29 13:00:00-04:00,667.8900146484375,667.9998779296875,667.4650268554688,667.6199951171875,56853,667.8900146484375
2026-04-29 13:05:00-04:00,669.9998779296875,670.0,667.8499755859375,667.9149780273438,100710,669.9998779296875
2026-04-29 13:10:00-04:00,670.0800170898438,670.5499877929688,669.5800170898438,669.9199829101562,83844,670.0800170898438
2026-04-29 13:15:00-04:00,670.27001953125,670.8300170898438,669.9099731445312,670.0700073242188,126527,670.27001953125
2026-04-29 13:20:00-04:00,670.419921875,671.0549926757812,670.25,670.280029296875,105446,670.419921875
2026-04-29 13:25:00-04:00,670.6699829101562,670.8400268554688,669.7301025390625,670.419921875,66295,670.6699829101562
2026-04-29 13:30:00-04:00,670.4450073242188,671.2299194335938,670.4199829101562,670.760009765625,83686,670.4450073242188
2026-04-29 13:35:00-04:00,669.7550048828125,670.4500122070312,669.25,670.4450073242188,123162,669.7550048828125
2026-04-29 13:40:00-04:00,670.2999877929688,670.2999877929688,669.5399780273438,669.739990234375,92326,670.2999877929688
2026-04-29 13:45:00-04:00,671.260009765625,671.260009765625,670.0499877929688,670.3099975585938,78627,671.260009765625
2026-04-29 13:50:00-04:00,671.1589965820312,671.8800048828125,670.8599853515625,671.280029296875,107870,671.1589965820312
2026-04-29 13:55:00-04:00,671.8098754882812,671.8098754882812,670.9224853515625,671.094970703125,75937,671.8098754882812
2026-04-29 14:00:00-04:00,670.5700073242188,671.9600219726562,670.5,671.8099975585938,94059,670.5700073242188
2026-04-29 14:05:00-04:00,669.6500244140625,671.094970703125,669.5,670.6599731445312,104256,669.6500244140625
2026-04-29 14:10:00-04:00,670.7949829101562,670.969970703125,669.0,669.72998046875,107900,670.7949829101562
2026-04-29 14:15:00-04:00,671.7449951171875,672.0,670.7100219726562,670.77001953125,118072,671.7449951171875
2026-04-29 14:20:00-04:00,671.5050048828125,672.6599731445312,671.3200073242188,671.7449951171875,130323,671.5050048828125
2026-04-29 14:25:00-04:00,670.655029296875,671.3900146484375,670.25,671.3900146484375,96019,670.655029296875
2026-04-29 14:30:00-04:00,671.3250122070312,671.780029296875,670.3800048828125,670.6500244140625,104450,671.3250122070312
2026-04-29 14:35:00-04:00,671.8099975585938,673.239990234375,671.375,671.4000244140625,148360,671.8099975585938
2026-04-29 14:40:00-04:00,671.1599731445312,671.9899291992188,671.1599731445312,671.8200073242188,127964,671.1599731445312
2026-04-29 14:45:00-04:00,672.280029296875,672.5999755859375,670.6203002929688,671.1699829101562,109084,672.280029296875
2026-04-29 14:50:00-04:00,672.0,673.0700073242188,671.8599853515625,672.2899780273438,112714,672.0
2026-04-29 14:55:00-04:00,673.3099975585938,673.7009887695312,672.4509887695312,672.469970703125,124555,673.3099975585938
2026-04-29 15:00:00-04:00,672.4000244140625,673.5800170898438,672.4000244140625,673.3200073242188,338782,672.4000244140625
2026-04-29 15:05:00-04:00,671.75,672.280029296875,671.6400146484375,672.280029296875,139782,671.75
2026-04-29 15:10:00-04:00,673.030029296875,673.1820068359375,671.7550048828125,671.7550048828125,131778,673.030029296875
2026-04-29 15:15:00-04:00,673.4600219726562,673.9400024414062,673.0650024414062,673.0700073242188,150278,673.4600219726562
2026-04-29 15:20:00-04:00,673.8599853515625,674.25,673.1500244140625,673.510009765625,208680,673.8599853515625
2026-04-29 15:25:00-04:00,673.4000244140625,674.0999755859375,673.0,673.8699951171875,225643,673.4000244140625
2026-04-29 15:30:00-04:00,672.4298706054688,673.5399780273438,672.0999755859375,673.3099975585938,216992,672.4298706054688
2026-04-29 15:35:00-04:00,672.6900024414062,672.8699951171875,671.77001953125,672.2050170898438,196961,672.6900024414062
2026-04-29 15:40:00-04:00,671.6300048828125,672.7490234375,671.3400268554688,672.6699829101562,243614,671.6300048828125
2026-04-29 15:45:00-04:00,671.3400268554688,672.4000244140625,670.6699829101562,671.6900024414062,243772,671.3400268554688
2026-04-29 15:50:00-04:00,670.9400024414062,671.77001953125,670.3800048828125,671.3400268554688,447817,670.9400024414062
2026-04-29 15:55:00-04:00,669.9099731445312,670.989990234375,667.8499755859375,670.9400024414062,922315,669.9099731445312
2026-04-30 09:30:00-04:00,602.0050048828125,613.89990234375,602.0,613.739990234375,7218712,602.0050048828125
2026-04-30 09:35:00-04:00,602.989990234375,606.2000122070312,601.1799926757812,602.0050048828125,0,602.989990234375
2026-04-30 09:40:00-04:00,608.530029296875,608.9450073242188,602.5800170898438,603.6300048828125,11081267,608.530029296875
2026-04-30 09:45:00-04:00,607.4099731445312,610.0,603.2899780273438,608.5599975585938,1323035,607.4099731445312
2026-04-30 09:50:00-04:00,604.2899780273438,608.4299926757812,604.0499877929688,607.3200073242188,927645,604.2899780273438
2026-04-30 09:55:00-04:00,603.9774780273438,604.489990234375,602.5,604.22998046875,1053488,603.9774780273438
2026-04-30 10:00:00-04:00,603.72998046875,605.5,602.5,603.97998046875,826534,603.72998046875
2026-04-30 10:05:00-04:00,603.3099975585938,606.3099975585938,603.2210083007812,603.760009765625,739136,603.3099975585938
2026-04-30 10:10:00-04:00,602.85498046875,603.8721923828125,602.5,603.2999877929688,679934,602.85498046875
2026-04-30 10:15:00-04:00,600.22998046875,602.9193115234375,600.10009765625,602.7949829101562,1162586,600.22998046875
2026-04-30 10:20:00-04:00,600.3499755859375,601.2000122070312,600.0,600.2415771484375,902884,600.3499755859375
2026-04-30 10:25:00-04:00,602.2899169921875,602.3900146484375,600.0,600.39501953125,972713,602.2899169921875
2026-04-30 10:30:00-04:00,604.39501953125,604.39501953125,601.0,602.2100219726562,646953,604.39501953125
2026-04-30 10:35:00-04:00,604.3900756835938,605.5900268554688,602.5,604.39501953125,564799,604.3900756835938
2026-04-30 10:40:00-04:00,602.7999877929688,604.8099975585938,602.5,604.4400024414062,481684,602.7999877929688
2026-04-30 10:45:00-04:00,604.02001953125,605.2899780273438,602.4686279296875,602.861572265625,464076,604.02001953125
2026-04-30 10:50:00-04:00,606.6849975585938,606.75,603.2100219726562,603.8599853515625,411993,606.6849975585938
2026-04-30 10:55:00-04:00,608.3499755859375,608.3900146484375,606.25,607.0800170898438,640437,608.3499755859375
2026-04-30 11:00:00-04:00,608.4749755859375,609.5700073242188,607.8099975585938,608.3499755859375,568259,608.4749755859375
2026-04-30 11:05:00-04:00,605.5599975585938,608.6599731445312,604.8300170898438,608.5,511590,605.5599975585938
2026-04-30 11:10:00-04:00,606.4299926757812,606.47998046875,604.6500244140625,605.6799926757812,401659,606.4299926757812
2026-04-30 11:15:00-04:00,605.6787109375,607.3049926757812,605.3099975585938,606.3800048828125,342126,605.6787109375
2026-04-30 11:20:00-04:00,605.8200073242188,605.969970703125,604.7501220703125,605.8099975585938,582786,605.8200073242188
2026-04-30 11:25:00-04:00,606.4400024414062,607.3200073242188,605.52001953125,605.8300170898438,525349,606.4400024414062
2026-04-30 11:30:00-04:00,607.1300048828125,608.0,606.094970703125,606.4500122070312,547749,607.1300048828125
2026-04-30 11:35:00-04:00,606.4481201171875,606.97998046875,606.0,606.9400024414062,968725,606.4481201171875
2026-04-30 11:40:00-04:00,607.9199829101562,608.4000244140625,606.1500854492188,606.4000244140625,320457,607.9199829101562
2026-04-30 11:45:00-04:00,607.52001953125,607.9749755859375,606.1500244140625,607.9749755859375,308085,607.52001953125
2026-04-30 11:50:00-04:00,609.0977783203125,609.4600219726562,607.3400268554688,607.469970703125,419152,609.0977783203125
2026-04-30 11:55:00-04:00,608.010009765625,609.5250244140625,608.0,609.125,261727,608.010009765625
2026-04-30 12:00:00-04:00,608.1799926757812,608.909912109375,606.47998046875,608.010009765625,298881,608.1799926757812
2026-04-30 12:05:00-04:00,608.1799926757812,608.9299926757812,607.7100219726562,608.0200805664062,238174,608.1799926757812
2026-04-30 12:10:00-04:00,609.6500244140625,610.2999877929688,607.780029296875,608.0999755859375,448925,609.6500244140625
2026-04-30 12:15:00-04:00,609.6400146484375,610.239990234375,608.1400756835938,609.6400146484375,400655,609.6400146484375
2026-04-30 12:20:00-04:00,609.7200927734375,612.0,609.2899780273438,609.469970703125,544953,609.7200927734375
2026-04-30 12:25:00-04:00,608.8101196289062,611.1799926757812,608.8101196289062,609.8400268554688,388673,608.8101196289062
2026-04-30 12:30:00-04:00,609.7050170898438,609.9199829101562,608.6400146484375,608.8099975585938,331288,609.7050170898438
2026-04-30 12:35:00-04:00,608.2849731445312,609.9680786132812,607.8599853515625,609.7050170898438,354759,608.2849731445312
2026-04-30 12:40:00-04:00,605.875,608.4000244140625,605.7750244140625,608.260009765625,364134,605.875
2026-04-30 12:45:00-04:00,607.60498046875,607.780029296875,605.5524291992188,605.875,331386,607.60498046875
2026-04-30 12:50:00-04:00,608.1500244140625,608.3900146484375,607.219970703125,607.530029296875,365814,608.1500244140625
2026-04-30 12:55:00-04:00,608.0900268554688,608.489990234375,606.9849853515625,608.1500244140625,281386,608.0900268554688
2026-04-30 13:00:00-04:00,607.75,608.4400024414062,606.5999755859375,608.1599731445312,260758,607.75
2026-04-30 13:05:00-04:00,608.0,608.0,606.9000244140625,607.75,246955,608.0
2026-04-30 13:10:00-04:00,610.0900268554688,610.3399047851562,607.6699829101562,608.0,287353,610.0900268554688
2026-04-30 13:15:00-04:00,608.110107421875,609.9957885742188,607.5700073242188,609.2899780273438,254277,608.110107421875
2026-04-30 13:20:00-04:00,606.4849853515625,608.6279907226562,606.280029296875,608.1799926757812,321456,606.4849853515625
2026-04-30 13:25:00-04:00,607.5449829101562,607.5900268554688,606.201416015625,606.4849853515625,247693,607.5449829101562
2026-04-30 13:30:00-04:00,608.5700073242188,608.6900024414062,607.6300048828125,608.1099853515625,275811,608.5700073242188
2026-04-30 13:35:00-04:00,608.9099731445312,608.9500122070312,608.0,608.6799926757812,229604,608.9099731445312
2026-04-30 13:40:00-04:00,609.4600219726562,609.9000244140625,608.4199829101562,608.6799926757812,284873,609.4600219726562
2026-04-30 13:45:00-04:00,610.531494140625,612.4000244140625,609.22998046875,609.47998046875,428387,610.531494140625
2026-04-30 13:50:00-04:00,609.6199951171875,611.3765869140625,609.4450073242188,610.5250244140625,301349,609.6199951171875
2026-04-30 13:55:00-04:00,613.280029296875,613.6657104492188,609.405029296875,609.625,389801,613.280029296875
2026-04-30 14:00:00-04:00,616.6932983398438,616.8599243164062,612.7100219726562,613.2999877929688,614849,616.6932983398438
2026-04-30 14:05:00-04:00,615.8699951171875,616.7999877929688,615.1099853515625,616.6799926757812,388614,615.8699951171875
2026-04-30 14:10:00-04:00,617.1699829101562,618.4000244140625,615.510009765625,615.910888671875,462390,617.1699829101562
2026-04-30 14:15:00-04:00,616.2098999023438,618.389892578125,616.0,617.1699829101562,396724,616.2098999023438
2026-04-30 14:20:00-04:00,616.1699829101562,616.5068969726562,614.6799926757812,616.1099853515625,360674,616.1699829101562
2026-04-30 14:25:00-04:00,616.0700073242188,616.7999877929688,614.6900024414062,616.1900024414062,304627,616.0700073242188
2026-04-30 14:30:00-04:00,616.5900268554688,617.0900268554688,614.470703125,616.0700073242188,395633,616.5900268554688
2026-04-30 14:35:00-04:00,616.8250122070312,617.85498046875,616.35009765625,616.5650024414062,331478,616.8250122070312
2026-04-30 14:40:00-04:00,617.10498046875,618.0900268554688,616.530029296875,616.75,343061,617.10498046875
2026-04-30 14:45:00-04:00,616.6849975585938,617.3900146484375,616.0999755859375,617.0499877929688,243824,616.6849975585938
2026-04-30 14:50:00-04:00,616.5,616.77001953125,615.8300170898438,616.6849975585938,311629,616.5
2026-04-30 14:55:00-04:00,616.0999755859375,616.8599853515625,615.77001953125,616.5399780273438,224539,616.0999755859375
2026-04-30 15:00:00-04:00,616.2899780273438,616.4000244140625,615.25,616.155029296875,269383,616.2899780273438
2026-04-30 15:05:00-04:00,615.0499877929688,616.3400268554688,614.7000122070312,615.7100219726562,280071,615.0499877929688
2026-04-30 15:10:00-04:00,615.8007202148438,616.2899780273438,614.9149780273438,615.0399780273438,365954,615.8007202148438
2026-04-30 15:15:00-04:00,615.4119873046875,616.6199951171875,615.0,615.580078125,455257,615.4119873046875
2026-04-30 15:20:00-04:00,616.4749755859375,616.5900268554688,615.0,615.4000244140625,282070,616.4749755859375
2026-04-30 15:25:00-04:00,617.0800170898438,617.97998046875,615.9000244140625,616.4650268554688,327203,617.0800170898438
2026-04-30 15:30:00-04:00,618.35498046875,619.9199829101562,616.719970703125,617.0700073242188,448131,618.35498046875
2026-04-30 15:35:00-04:00,618.25,619.1199951171875,617.2899780273438,618.3200073242188,495884,618.25
2026-04-30 15:40:00-04:00,617.85498046875,618.2659912109375,616.7100219726562,618.239990234375,398961,617.85498046875
2026-04-30 15:45:00-04:00,614.7150268554688,617.7999877929688,613.77001953125,617.7999877929688,660780,614.7150268554688
2026-04-30 15:50:00-04:00,613.155029296875,617.1300048828125,613.155029296875,615.52001953125,939590,613.155029296875
2026-04-30 15:55:00-04:00,611.4000244140625,614.1799926757812,611.2000122070312,612.75,1528948,611.4000244140625
2026-05-01 09:30:00-04:00,613.64501953125,618.8400268554688,610.7999877929688,614.6900024414062,1358796,613.64501953125
2026-05-01 09:35:00-04:00,612.3336791992188,614.47998046875,611.25,613.64501953125,422891,612.3336791992188
2026-05-01 09:40:00-04:00,612.8024291992188,613.6599731445312,611.1199951171875,612.1900024414062,358726,612.8024291992188
2026-05-01 09:45:00-04:00,611.719970703125,612.7874755859375,610.2100219726562,612.6400146484375,423661,611.719970703125
2026-05-01 09:50:00-04:00,612.5900268554688,613.3599853515625,611.489990234375,611.719970703125,262337,612.5900268554688
2026-05-01 09:55:00-04:00,613.1500854492188,614.2899169921875,612.0,612.719970703125,335645,613.1500854492188
2026-05-01 10:00:00-04:00,611.8800048828125,613.3099975585938,611.0,612.75,360187,611.8800048828125
2026-05-01 10:05:00-04:00,613.47998046875,614.0798950195312,611.3099975585938,611.8800048828125,329292,613.47998046875
2026-05-01 10:10:00-04:00,611.6500244140625,614.3798828125,611.625,613.5399780273438,345993,611.6500244140625
2026-05-01 10:15:00-04:00,613.8629760742188,613.9600219726562,611.0999755859375,611.6500244140625,373561,613.8629760742188
2026-05-01 10:20:00-04:00,612.5999755859375,613.9498901367188,612.3200073242188,613.8900146484375,220462,612.5999755859375
2026-05-01 10:25:00-04:00,611.3150024414062,612.72998046875,610.989990234375,612.5349731445312,239292,611.3150024414062
2026-05-01 10:30:00-04:00,608.1790161132812,611.456787109375,607.3300170898438,611.4298706054688,737036,608.1790161132812
2026-05-01 10:35:00-04:00,608.0449829101562,608.510009765625,606.110107421875,608.2000122070312,427499,608.0449829101562
2026-05-01 10:40:00-04:00,610.1751098632812,611.114990234375,607.5700073242188,608.0900268554688,349314,610.1751098632812
2026-05-01 10:45:00-04:00,611.25,611.25,610.0,610.1749877929688,238759,611.25
2026-05-01 10:50:00-04:00,610.97998046875,611.5999755859375,610.0,611.1799926757812,319562,610.97998046875
2026-05-01 10:55:00-04:00,611.52001953125,612.3800048828125,610.9000244140625,610.97998046875,233998,611.52001953125
2026-05-01 11:00:00-04:00,611.5999755859375,611.9498901367188,610.5499877929688,611.4299926757812,251950,611.5999755859375
2026-05-01 11:05:00-04:00,611.9450073242188,612.3292846679688,611.5300903320312,611.6849975585938,287651,611.9450073242188
2026-05-01 11:10:00-04:00,614.1199951171875,614.2000122070312,611.7999877929688,611.9299926757812,256783,614.1199951171875
2026-05-01 11:15:00-04:00,613.6799926757812,615.0,613.4099731445312,614.1500244140625,280492,613.6799926757812
2026-05-01 11:20:00-04:00,613.8400268554688,614.2000122070312,613.4500122070312,613.5701293945312,117335,613.8400268554688
2026-05-01 11:25:00-04:00,614.4255981445312,614.8499755859375,613.630126953125,613.9000244140625,132057,614.4255981445312
2026-05-01 11:30:00-04:00,613.3350219726562,614.8400268554688,613.239990234375,614.4500122070312,165249,613.3350219726562
2026-05-01 11:35:00-04:00,613.2899780273438,614.5,612.8800048828125,613.25,239618,613.2899780273438
2026-05-01 11:40:00-04:00,612.1300048828125,613.5399780273438,612.1300048828125,613.3499755859375,172096,612.1300048828125
2026-05-01 11:45:00-04:00,611.364990234375,612.489990234375,611.2849731445312,612.1300048828125,228505,611.364990234375
2026-05-01 11:50:00-04:00,610.7100219726562,611.7550048828125,609.9600219726562,611.364990234375,302116,610.7100219726562
2026-05-01 11:55:00-04:00,611.9299926757812,612.0900268554688,610.6599731445312,611.4550170898438,160463,611.9299926757812
2026-05-01 12:00:00-04:00,611.219970703125,612.2000122070312,611.1799926757812,611.8599853515625,298846,611.219970703125
2026-05-01 12:05:00-04:00,610.1500244140625,611.3200073242188,610.02001953125,611.0700073242188,145236,610.1500244140625
2026-05-01 12:10:00-04:00,610.4500122070312,611.510009765625,610.14501953125,610.14501953125,166454,610.4500122070312
2026-05-01 12:15:00-04:00,611.6950073242188,611.75,610.3400268554688,610.5009155273438,127632,611.6950073242188
2026-05-01 12:20:00-04:00,612.614990234375,612.8300170898438,611.4301147460938,611.8300170898438,309946,612.614990234375
2026-05-01 12:25:00-04:00,612.1624755859375,612.6400146484375,611.5300903320312,611.6749877929688,117425,612.1624755859375
2026-05-01 12:30:00-04:00,611.39501953125,612.5999755859375,610.9199829101562,612.1649780273438,128771,611.39501953125
2026-05-01 12:35:00-04:00,611.6599731445312,611.89990234375,610.7999877929688,611.4000244140625,82019,611.6599731445312
2026-05-01 12:40:00-04:00,611.9000244140625,612.0800170898438,611.6300048828125,611.6300048828125,76816,611.9000244140625
2026-05-01 12:45:00-04:00,612.1599731445312,612.280029296875,611.6500244140625,611.8300170898438,91937,612.1599731445312
2026-05-01 12:50:00-04:00,612.4849853515625,612.52001953125,611.8400268554688,612.1300048828125,108407,612.4849853515625
2026-05-01 12:55:00-04:00,612.510009765625,613.7899780273438,612.0900268554688,612.469970703125,222140,612.510009765625
2026-05-01 13:00:00-04:00,612.030029296875,613.0999755859375,611.969970703125,612.489990234375,475401,612.030029296875
2026-05-01 13:05:00-04:00,612.010009765625,612.14990234375,611.52001953125,611.9700927734375,122522,612.010009765625
2026-05-01 13:10:00-04:00,612.0399780273438,612.1500244140625,611.6799926757812,612.0001220703125,95569,612.0399780273438
2026-05-01 13:15:00-04:00,613.530029296875,613.530029296875,611.9215087890625,612.0001220703125,236029,613.530029296875
2026-05-01 13:20:00-04:00,614.7949829101562,614.9799194335938,613.2100219726562,613.4500122070312,244924,614.7949829101562
2026-05-01 13:25:00-04:00,615.614990234375,615.6699829101562,614.4199829101562,614.739990234375,162290,615.614990234375
2026-05-01 13:30:00-04:00,613.739990234375,615.969970703125,613.5900268554688,615.2100219726562,185675,613.739990234375
2026-05-01 13:35:00-04:00,614.010009765625,614.2973022460938,613.739990234375,613.739990234375,101475,614.010009765625
2026-05-01 13:40:00-04:00,614.0791015625,614.2899780273438,614.0,614.02001953125,121372,614.0791015625
2026-05-01 13:45:00-04:00,612.02001953125,614.1099853515625,611.8499755859375,614.0300903320312,203901,612.02001953125
2026-05-01 13:50:00-04:00,612.3599853515625,612.5800170898438,611.9600219726562,612.030029296875,156168,612.3599853515625
2026-05-01 13:55:00-04:00,612.030029296875,612.47998046875,611.9000244140625,612.35009765625,115839,612.030029296875
2026-05-01 14:00:00-04:00,611.0599975585938,612.1500244140625,610.9000244140625,611.75,157416,611.0599975585938
2026-05-01 14:05:00-04:00,611.510009765625,611.614990234375,610.75,611.0700073242188,161229,611.510009765625
2026-05-01 14:10:00-04:00,610.97998046875,611.6998901367188,610.6500244140625,611.489990234375,129976,610.97998046875
2026-05-01 14:15:00-04:00,611.0700073242188,611.1300048828125,610.3699951171875,610.9149780273438,120489,611.0700073242188
2026-05-01 14:20:00-04:00,611.4949951171875,611.5499877929688,610.9000244140625,611.0700073242188,120503,611.4949951171875
2026-05-01 14:25:00-04:00,611.8499755859375,612.0,611.1099853515625,611.5,125725,611.8499755859375
2026-05-01 14:30:00-04:00,612.0700073242188,612.1099853515625,611.1400756835938,611.8350219726562,158559,612.0700073242188
2026-05-01 14:35:00-04:00,613.1099853515625,613.5,611.9000244140625,612.0800170898438,198232,613.1099853515625
2026-05-01 14:40:00-04:00,612.1500244140625,613.4299926757812,612.1500244140625,613.0100708007812,166516,612.1500244140625
2026-05-01 14:45:00-04:00,611.9749755859375,612.969970703125,611.7974853515625,612.1400756835938,155433,611.9749755859375
2026-05-01 14:50:00-04:00,611.8099975585938,612.1400146484375,611.5399780273438,611.989990234375,176211,611.8099975585938
2026-05-01 14:55:00-04:00,611.2550048828125,611.9899291992188,610.75,611.8101196289062,163465,611.2550048828125
2026-05-01 15:00:00-04:00,611.1900024414062,611.6099853515625,611.0,611.1801147460938,142737,611.1900024414062
2026-05-01 15:05:00-04:00,611.1799926757812,611.77001953125,610.8699951171875,611.125,159661,611.1799926757812
2026-05-01 15:10:00-04:00,609.75,611.219970703125,609.5,611.1400756835938,294887,609.75
2026-05-01 15:15:00-04:00,610.5601196289062,610.8499755859375,609.5999755859375,609.77001953125,286480,610.5601196289062
2026-05-01 15:20:00-04:00,610.4299926757812,610.8599853515625,610.1600952148438,610.5601196289062,162112,610.4299926757812
2026-05-01 15:25:00-04:00,611.2750244140625,611.4299926757812,610.0700073242188,610.3699951171875,191534,611.2750244140625
2026-05-01 15:30:00-04:00,611.5601196289062,611.7100219726562,611.0999755859375,611.260009765625,199579,611.5601196289062
2026-05-01 15:35:00-04:00,611.4400024414062,611.760009765625,611.010009765625,611.5499877929688,202585,611.4400024414062
2026-05-01 15:40:00-04:00,612.4199829101562,612.5899047851562,611.0700073242188,611.3400268554688,227377,612.4199829101562
2026-05-01 15:45:00-04:00,611.5349731445312,612.7000122070312,611.280029296875,612.5999755859375,284251,611.5349731445312
2026-05-01 15:50:00-04:00,610.135009765625,611.8800048828125,610.0,611.510009765625,578427,610.135009765625
2026-05-01 15:55:00-04:00,608.7449951171875,610.1300048828125,608.3800048828125,610.1199951171875,948473,608.7449951171875
2026-05-04 09:30:00-04:00,606.469970703125,608.2999877929688,604.3699951171875,607.9349975585938,1166135,606.469970703125
2026-05-04 09:35:00-04:00,606.97998046875,608.25,605.7000122070312,606.3400268554688,350525,606.97998046875
2026-05-04 09:40:00-04:00,605.6199951171875,607.6799926757812,605.2000122070312,606.9000244140625,333181,605.6199951171875
2026-05-04 09:45:00-04:00,605.89501953125,606.5999755859375,604.1400756835938,605.5599975585938,358214,605.89501953125
2026-05-04 09:50:00-04:00,605.3400268554688,606.5900268554688,605.22998046875,605.75,215050,605.3400268554688
2026-05-04 09:55:00-04:00,604.2899780273438,605.9398803710938,604.0800170898438,605.3300170898438,254096,604.2899780273438
2026-05-04 10:00:00-04:00,604.0449829101562,604.889892578125,603.2000122070312,604.1300048828125,306621,604.0449829101562
2026-05-04 10:05:00-04:00,602.8200073242188,604.3599853515625,602.8200073242188,604.0499877929688,278062,602.8200073242188
2026-05-04 10:10:00-04:00,605.1701049804688,605.530029296875,602.7501220703125,602.7999877929688,281904,605.1701049804688
2026-05-04 10:15:00-04:00,606.6550903320312,606.8599853515625,605.0125732421875,605.1699829101562,258752,606.6550903320312
2026-05-04 10:20:00-04:00,606.3099975585938,607.5999755859375,605.8900146484375,606.7899780273438,226096,606.3099975585938
2026-05-04 10:25:00-04:00,605.5900268554688,606.9000244140625,605.5900268554688,606.3099975585938,186908,605.5900268554688
2026-05-04 10:30:00-04:00,606.60498046875,606.7999877929688,605.3820190429688,605.6400146484375,192050,606.60498046875
2026-05-04 10:35:00-04:00,607.2650146484375,607.4199829101562,605.8699951171875,606.6099853515625,205053,607.2650146484375
2026-05-04 10:40:00-04:00,609.9400024414062,610.2899780273438,607.1400146484375,607.2550048828125,431660,609.9400024414062
2026-05-04 10:45:00-04:00,610.5850219726562,611.780029296875,609.510009765625,610.02001953125,346778,610.5850219726562
2026-05-04 10:50:00-04:00,612.7901000976562,613.1199951171875,610.35498046875,610.7000122070312,326235,612.7901000976562
2026-05-04 10:55:00-04:00,612.6599731445312,613.4998779296875,611.4000244140625,612.85498046875,227356,612.6599731445312
2026-05-04 11:00:00-04:00,612.3049926757812,613.7498779296875,611.5499877929688,612.8250122070312,256356,612.3049926757812
2026-05-04 11:05:00-04:00,611.4249877929688,612.3599853515625,610.9401245117188,612.3049926757812,159826,611.4249877929688
2026-05-04 11:10:00-04:00,611.4000244140625,612.14990234375,610.6723022460938,611.4000244140625,206067,611.4000244140625
2026-05-04 11:15:00-04:00,608.75,611.7147827148438,608.530029296875,611.22998046875,140912,608.75
2026-05-04 11:20:00-04:00,607.2999877929688,608.9299926757812,607.0,608.3599853515625,490892,607.2999877929688
2026-05-04 11:25:00-04:00,608.2717895507812,609.6510009765625,607.2999877929688,607.4500122070312,158528,608.2717895507812
2026-05-04 11:30:00-04:00,607.7999877929688,608.5,606.9500122070312,608.2401123046875,120856,607.7999877929688
2026-05-04 11:35:00-04:00,607.4974975585938,608.3099975585938,606.5599975585938,607.6699829101562,108394,607.4974975585938
2026-05-04 11:40:00-04:00,608.7000122070312,608.760009765625,606.3516235351562,607.510009765625,96508,608.7000122070312
2026-05-04 11:45:00-04:00,608.719970703125,608.989990234375,608.0599975585938,608.7000122070312,99852,608.719970703125
2026-05-04 11:50:00-04:00,609.894287109375,610.0499877929688,607.8599853515625,608.6849975585938,117748,609.894287109375
2026-05-04 11:55:00-04:00,608.4301147460938,610.75,608.0800170898438,610.0900268554688,104341,608.4301147460938
2026-05-04 12:00:00-04:00,608.4384765625,608.9299926757812,607.6300048828125,608.5632934570312,91706,608.4384765625
2026-05-04 12:05:00-04:00,608.0999755859375,609.5399169921875,607.0700073242188,608.10009765625,162634,608.0999755859375
2026-05-04 12:10:00-04:00,608.9450073242188,609.1400146484375,607.4199829101562,608.1599731445312,75573,608.9450073242188
2026-05-04 12:15:00-04:00,610.7999877929688,611.4199829101562,608.5,608.8499755859375,144335,610.7999877929688
2026-05-04 12:20:00-04:00,611.1199951171875,611.6599731445312,610.630126953125,611.0,129944,611.1199951171875
2026-05-04 12:25:00-04:00,611.1599731445312,612.0900268554688,610.7999877929688,611.10498046875,155793,611.1599731445312
2026-05-04 12:30:00-04:00,612.260009765625,612.280029296875,610.97998046875,611.0999755859375,88876,612.260009765625
2026-05-04 12:35:00-04:00,611.2999877929688,612.344970703125,610.7999877929688,612.22998046875,113608,611.2999877929688
2026-05-04 12:40:00-04:00,611.510009765625,612.1199951171875,611.1699829101562,611.3049926757812,98556,611.510009765625
2026-05-04 12:45:00-04:00,610.4400024414062,611.489990234375,610.1099853515625,611.4849853515625,121507,610.4400024414062
2026-05-04 12:50:00-04:00,609.97998046875,610.8800048828125,609.7999877929688,610.2901000976562,82923,609.97998046875
2026-05-04 12:55:00-04:00,610.6900024414062,610.7799072265625,609.5900268554688,610.030029296875,89877,610.6900024414062
2026-05-04 13:00:00-04:00,611.489990234375,611.75,610.47998046875,610.8099975585938,65006,611.489990234375
2026-05-04 13:05:00-04:00,611.1900024414062,612.4799194335938,611.1900024414062,611.3499755859375,101270,611.1900024414062
2026-05-04 13:10:00-04:00,611.239990234375,611.3800048828125,610.6400146484375,611.2774047851562,89239,611.239990234375
2026-05-04 13:15:00-04:00,612.2550048828125,612.2999877929688,610.9600219726562,611.239990234375,78258,612.2550048828125
2026-05-04 13:20:00-04:00,612.0,612.8699951171875,611.8599853515625,612.22998046875,87880,612.0
2026-05-04 13:25:00-04:00,611.8099975585938,612.1699829101562,611.1351928710938,611.9401245117188,64409,611.8099975585938
2026-05-04 13:30:00-04:00,611.6599731445312,612.469970703125,611.5,611.6900024414062,86809,611.6599731445312
2026-05-04 13:35:00-04:00,612.364990234375,612.4755249023438,611.260009765625,611.75,66268,612.364990234375
2026-05-04 13:40:00-04:00,612.5399780273438,612.6799926757812,612.0050048828125,612.4299926757812,71146,612.5399780273438
2026-05-04 13:45:00-04:00,613.1199951171875,613.3300170898438,611.6566162109375,612.4600219726562,137761,613.1199951171875
2026-05-04 13:50:00-04:00,613.4600219726562,614.0,612.75,613.2100219726562,145618,613.4600219726562
2026-05-04 13:55:00-04:00,613.2100219726562,613.719970703125,613.06201171875,613.4550170898438,83132,613.2100219726562
2026-05-04 14:00:00-04:00,613.7100219726562,613.97998046875,613.1599731445312,613.2025146484375,84293,613.7100219726562
2026-05-04 14:05:00-04:00,613.2150268554688,613.7821044921875,612.7999877929688,613.7100219726562,109591,613.2150268554688
2026-05-04 14:10:00-04:00,612.3150024414062,613.4998779296875,612.2401123046875,613.2150268554688,82161,612.3150024414062
2026-05-04 14:15:00-04:00,612.5250244140625,612.739990234375,612.2200927734375,612.3339233398438,60373,612.5250244140625
2026-05-04 14:20:00-04:00,612.0900268554688,612.64990234375,611.9439086914062,612.3150024414062,69652,612.0900268554688
2026-05-04 14:25:00-04:00,612.156005859375,612.3699951171875,611.1400146484375,612.0499877929688,110404,612.156005859375
2026-05-04 14:30:00-04:00,611.840087890625,612.3392944335938,611.719970703125,612.1199951171875,165684,611.840087890625
2026-05-04 14:35:00-04:00,612.5999755859375,612.64501953125,611.77001953125,611.9199829101562,75904,612.5999755859375
2026-05-04 14:40:00-04:00,612.1900024414062,612.9299926757812,612.030029296875,612.6699829101562,69647,612.1900024414062
2026-05-04 14:45:00-04:00,612.0499877929688,612.5,611.8499755859375,612.22998046875,64294,612.0499877929688
2026-05-04 14:50:00-04:00,611.1400146484375,612.1300048828125,610.5499877929688,612.1298828125,404016,611.1400146484375
2026-05-04 14:55:00-04:00,611.72998046875,611.9000244140625,611.0499877929688,611.1300048828125,72101,611.72998046875
2026-05-04 15:00:00-04:00,611.5999755859375,611.9500122070312,611.0,611.8400268554688,118348,611.5999755859375
2026-05-04 15:05:00-04:00,611.75,612.3798828125,610.9149780273438,611.5999755859375,185031,611.75
2026-05-04 15:10:00-04:00,611.7589111328125,611.8300170898438,610.2100219726562,611.8300170898438,163301,611.7589111328125
2026-05-04 15:15:00-04:00,611.39501953125,611.6500244140625,610.9199829101562,611.489990234375,127297,611.39501953125
2026-05-04 15:20:00-04:00,611.5,611.5809936523438,611.2650146484375,611.385009765625,86924,611.5
2026-05-04 15:25:00-04:00,612.4000244140625,612.489990234375,611.239990234375,611.4299926757812,221104,612.4000244140625
2026-05-04 15:30:00-04:00,612.1199951171875,613.219970703125,612.0900268554688,612.47998046875,201778,612.1199951171875
2026-05-04 15:35:00-04:00,611.5900268554688,612.5,611.5,612.219970703125,159072,611.5900268554688
2026-05-04 15:40:00-04:00,611.739990234375,612.2000122070312,611.4849853515625,611.6224975585938,203815,611.739990234375
2026-05-04 15:45:00-04:00,612.1799926757812,612.2282104492188,611.6400146484375,611.739990234375,86305,612.1799926757812
2026-05-04 15:50:00-04:00,610.97998046875,612.0499877929688,610.77001953125,612.0499877929688,240390,610.97998046875
2026-05-04 15:55:00-04:00,610.5399780273438,610.97998046875,610.0999755859375,610.9000244140625,624883,610.5399780273438
2026-05-05 09:30:00-04:00,608.9149780273438,614.3400268554688,608.0999755859375,613.3699951171875,896957,608.9149780273438
2026-05-05 09:35:00-04:00,606.8499755859375,609.5,606.75,608.7999877929688,330456,606.8499755859375
2026-05-05 09:40:00-04:00,606.72998046875,608.1699829101562,606.1900024414062,606.784912109375,344817,606.72998046875
2026-05-05 09:45:00-04:00,606.4299926757812,608.5599975585938,605.8699951171875,606.72900390625,399559,606.4299926757812
2026-05-05 09:50:00-04:00,606.4000244140625,607.5499877929688,605.9500122070312,606.3809204101562,250695,606.4000244140625
2026-05-05 09:55:00-04:00,606.8900146484375,607.2299194335938,606.1300048828125,606.44140625,220199,606.8900146484375
2026-05-05 10:00:00-04:00,607.7899780273438,607.8599853515625,605.4000244140625,606.77001953125,270658,607.7899780273438
2026-05-05 10:05:00-04:00,606.8499755859375,607.8800048828125,606.719970703125,607.7999877929688,134976,606.8499755859375
2026-05-05 10:10:00-04:00,605.1599731445312,607.0,605.0,606.885009765625,342445,605.1599731445312
2026-05-05 10:15:00-04:00,604.1118774414062,605.2899780273438,603.580078125,605.1099853515625,262852,604.1118774414062
2026-05-05 10:20:00-04:00,604.7999877929688,605.0499267578125,603.760009765625,604.1099853515625,168312,604.7999877929688
2026-05-05 10:25:00-04:00,604.5,605.2399291992188,604.1199951171875,604.8800048828125,184771,604.5
2026-05-05 10:30:00-04:00,605.5800170898438,605.7100219726562,603.8599853515625,604.4199829101562,188187,605.5800170898438
2026-05-05 10:35:00-04:00,605.1348266601562,606.0999755859375,605.1300048828125,605.64990234375,213652,605.1348266601562
2026-05-05 10:40:00-04:00,604.6599731445312,605.2999267578125,604.4000244140625,605.1699829101562,161389,604.6599731445312
2026-05-05 10:45:00-04:00,604.2147827148438,604.780029296875,603.8699951171875,604.5750122070312,165161,604.2147827148438
2026-05-05 10:50:00-04:00,603.2000122070312,604.114990234375,602.0,604.114990234375,349500,603.2000122070312
2026-05-05 10:55:00-04:00,602.905029296875,603.5399780273438,602.5601196289062,603.100830078125,152591,602.905029296875
2026-05-05 11:00:00-04:00,602.1849975585938,603.1500244140625,601.4299926757812,602.8900146484375,267316,602.1849975585938
2026-05-05 11:05:00-04:00,602.9500122070312,603.2000122070312,601.8400268554688,602.25,197017,602.9500122070312
2026-05-05 11:10:00-04:00,602.7449951171875,603.4500122070312,602.510009765625,602.9650268554688,162767,602.7449951171875
2026-05-05 11:15:00-04:00,603.3463134765625,603.4000244140625,601.7000122070312,602.75,201200,603.3463134765625
2026-05-05 11:20:00-04:00,603.8099975585938,604.2498779296875,603.0499877929688,603.52001953125,133708,603.8099975585938
2026-05-05 11:25:00-04:00,604.5900268554688,604.719970703125,603.6900024414062,603.8099975585938,118596,604.5900268554688
2026-05-05 11:30:00-04:00,604.1900024414062,605.1500244140625,604.1801147460938,604.5999755859375,112856,604.1900024414062
2026-05-05 11:35:00-04:00,604.2000122070312,604.5,603.8099975585938,604.3400268554688,117799,604.2000122070312
2026-05-05 11:40:00-04:00,604.0900268554688,604.389892578125,603.6799926757812,604.2000122070312,103014,604.0900268554688
2026-05-05 11:45:00-04:00,604.1199951171875,604.760009765625,603.9400024414062,604.0449829101562,80739,604.1199951171875
2026-05-05 11:50:00-04:00,603.364990234375,604.159912109375,603.1618041992188,604.0700073242188,115487,603.364990234375
2026-05-05 11:55:00-04:00,602.1599731445312,603.3001098632812,602.094970703125,603.3001098632812,159216,602.1599731445312
2026-05-05 12:00:00-04:00,602.25,602.7869873046875,602.0,602.2899780273438,112854,602.25
2026-05-05 12:05:00-04:00,601.5800170898438,602.405029296875,601.5,602.2999877929688,168299,601.5800170898438
2026-05-05 12:10:00-04:00,600.9000244140625,601.6199951171875,600.8599853515625,601.5800170898438,244476,600.9000244140625
2026-05-05 12:15:00-04:00,601.3319702148438,601.3900146484375,600.3599853515625,600.8599853515625,265834,601.3319702148438
2026-05-05 12:20:00-04:00,601.8400268554688,602.5,601.4099731445312,601.4099731445312,140094,601.8400268554688
2026-05-05 12:25:00-04:00,601.5549926757812,601.869873046875,601.25,601.8350219726562,104753,601.5549926757812
2026-05-05 12:30:00-04:00,601.155029296875,601.6199951171875,600.780029296875,601.4849853515625,134963,601.155029296875
2026-05-05 12:35:00-04:00,601.3900146484375,601.530029296875,600.9199829101562,601.1599731445312,128819,601.3900146484375
2026-05-05 12:40:00-04:00,601.8099975585938,601.9500122070312,600.8499755859375,601.2899780273438,114976,601.8099975585938
2026-05-05 12:45:00-04:00,601.5900268554688,601.9000244140625,601.4000244140625,601.8099975585938,93432,601.5900268554688
2026-05-05 12:50:00-04:00,601.2850952148438,601.8200073242188,601.0499877929688,601.6300048828125,89695,601.2850952148438
2026-05-05 12:55:00-04:00,601.719970703125,601.75,601.1400146484375,601.2899780273438,116855,601.719970703125
2026-05-05 13:00:00-04:00,601.6400146484375,601.8400268554688,601.4600219726562,601.75,94722,601.6400146484375
2026-05-05 13:05:00-04:00,601.4400024414062,601.7000122070312,601.1799926757812,601.3800048828125,431557,601.4400024414062
2026-05-05 13:10:00-04:00,601.4099731445312,601.5,601.1599731445312,601.4400024414062,85857,601.4099731445312
2026-05-05 13:15:00-04:00,601.8250122070312,601.8499755859375,601.3001098632812,601.4100952148438,101585,601.8250122070312
2026-05-05 13:20:00-04:00,602.2899780273438,602.3900146484375,601.52001953125,601.8350219726562,117167,602.2899780273438
2026-05-05 13:25:00-04:00,602.0800170898438,602.3699951171875,601.7849731445312,602.2750244140625,117795,602.0800170898438
2026-05-05 13:30:00-04:00,602.2675170898438,602.8400268554688,602.0800170898438,602.760009765625,121964,602.2675170898438
2026-05-05 13:35:00-04:00,602.47998046875,602.7899780273438,602.0999755859375,602.3200073242188,100264,602.47998046875
2026-05-05 13:40:00-04:00,603.3027954101562,603.4199829101562,602.4099731445312,602.5,138801,603.3027954101562
2026-05-05 13:45:00-04:00,603.2999877929688,603.7799072265625,602.9000244140625,603.3499755859375,165875,603.2999877929688
2026-05-05 13:50:00-04:00,604.371826171875,604.47998046875,603.2999877929688,603.2999877929688,161516,604.371826171875
2026-05-05 13:55:00-04:00,603.47998046875,604.4500122070312,603.4099731445312,604.4000244140625,105139,603.47998046875
2026-05-05 14:00:00-04:00,604.0599975585938,604.25,603.3699951171875,603.5,100008,604.0599975585938
2026-05-05 14:05:00-04:00,603.6749877929688,604.1099853515625,603.4199829101562,604.0700073242188,114165,603.6749877929688
2026-05-05 14:10:00-04:00,604.5449829101562,604.5999755859375,603.6400146484375,603.6950073242188,102354,604.5449829101562
2026-05-05 14:15:00-04:00,604.8099975585938,605.10498046875,604.4199829101562,604.5449829101562,110055,604.8099975585938
2026-05-05 14:20:00-04:00,603.9998779296875,604.8182983398438,603.9600219726562,604.8182983398438,86379,603.9998779296875
2026-05-05 14:25:00-04:00,602.8049926757812,604.0999145507812,602.760009765625,604.0,94601,602.8049926757812
2026-05-05 14:30:00-04:00,602.9498901367188,603.2100219726562,602.6599731445312,602.8099975585938,114162,602.9498901367188
2026-05-05 14:35:00-04:00,602.719970703125,602.969970703125,602.5,602.9500122070312,95934,602.719970703125
2026-05-05 14:40:00-04:00,602.3800048828125,603.0733032226562,602.3800048828125,602.739990234375,85502,602.3800048828125
2026-05-05 14:45:00-04:00,601.9199829101562,602.510009765625,601.8513793945312,602.3900146484375,86199,601.9199829101562
2026-05-05 14:50:00-04:00,600.9660034179688,602.3599853515625,600.7999877929688,601.9400024414062,172826,600.9660034179688
2026-05-05 14:55:00-04:00,601.114990234375,601.4600219726562,600.7200927734375,600.9400024414062,152744,601.114990234375
2026-05-05 15:00:00-04:00,601.6317138671875,601.635009765625,600.5499877929688,601.0499877929688,139722,601.6317138671875
2026-05-05 15:05:00-04:00,602.52001953125,602.6375732421875,601.6300048828125,601.6699829101562,519894,602.52001953125
2026-05-05 15:10:00-04:00,603.3599853515625,603.4949951171875,602.4400024414062,602.510009765625,146480,603.3599853515625
2026-05-05 15:15:00-04:00,604.3200073242188,604.969970703125,603.1500244140625,603.4099731445312,284221,604.3200073242188
2026-05-05 15:20:00-04:00,605.3300170898438,605.4349975585938,604.0100708007812,604.3699951171875,238407,605.3300170898438
2026-05-05 15:25:00-04:00,605.7949829101562,605.9299926757812,605.1500244140625,605.27001953125,251408,605.7949829101562
2026-05-05 15:30:00-04:00,606.27001953125,606.7999267578125,605.6599731445312,605.760009765625,249682,606.27001953125
2026-05-05 15:35:00-04:00,606.0444946289062,606.5999755859375,605.7100830078125,606.2999877929688,218545,606.0444946289062
2026-05-05 15:40:00-04:00,605.760009765625,606.5399780273438,605.4400024414062,606.0499877929688,167049,605.760009765625
2026-05-05 15:45:00-04:00,606.094970703125,606.219970703125,605.3499755859375,605.75,155246,606.094970703125
2026-05-05 15:50:00-04:00,605.9650268554688,606.52001953125,605.8809814453125,606.0700073242188,362413,605.9650268554688
2026-05-05 15:55:00-04:00,605.0800170898438,605.9400024414062,603.8800048828125,605.8800048828125,724211,605.0800170898438
2026-05-06 09:30:00-04:00,603.9000244140625,605.47998046875,600.0703735351562,601.27001953125,1646878,603.9000244140625
2026-05-06 09:35:00-04:00,600.155029296875,604.0900268554688,598.510009765625,603.9000244140625,692944,600.155029296875
2026-05-06 09:40:00-04:00,599.375,600.6719970703125,598.1099853515625,598.8599853515625,504017,599.375
2026-05-06 09:45:00-04:00,600.8250122070312,601.280029296875,598.9349975585938,599.4699096679688,400795,600.8250122070312
2026-05-06 09:50:00-04:00,601.9500122070312,602.739990234375,598.8200073242188,600.7000122070312,347019,601.9500122070312
2026-05-06 09:55:00-04:00,603.9099731445312,604.510009765625,601.6079711914062,601.8200073242188,319155,603.9099731445312
2026-05-06 10:00:00-04:00,606.260009765625,607.469970703125,603.7899780273438,603.9099731445312,448126,606.260009765625
2026-05-06 10:05:00-04:00,608.6799926757812,608.9600219726562,606.1701049804688,606.2578735351562,519889,608.6799926757812
2026-05-06 10:10:00-04:00,612.0499877929688,613.8699951171875,608.5399780273438,608.760009765625,678989,612.0499877929688
2026-05-06 10:15:00-04:00,616.4500122070312,616.7498779296875,611.9299926757812,612.0499877929688,724251,616.4500122070312
2026-05-06 10:20:00-04:00,616.5499877929688,618.0,616.0,617.3400268554688,532776,616.5499877929688
2026-05-06 10:25:00-04:00,614.5050048828125,618.72998046875,614.2999877929688,616.5349731445312,584944,614.5050048828125
2026-05-06 10:30:00-04:00,617.0599975585938,617.5,613.1799926757812,614.75,322985,617.0599975585938
2026-05-06 10:35:00-04:00,618.7150268554688,619.9500122070312,617.10009765625,617.1602783203125,394809,618.7150268554688
2026-05-06 10:40:00-04:00,619.280029296875,619.280029296875,617.4500732421875,618.7150268554688,236511,619.280029296875
2026-05-06 10:45:00-04:00,617.1950073242188,619.4199829101562,616.7100219726562,619.27001953125,225522,617.1950073242188
2026-05-06 10:50:00-04:00,615.8499755859375,617.389892578125,615.52001953125,617.389892578125,178855,615.8499755859375
2026-05-06 10:55:00-04:00,617.1599731445312,618.8099975585938,615.380126953125,615.8300170898438,225969,617.1599731445312
2026-05-06 11:00:00-04:00,616.5399780273438,618.4600219726562,616.2100219726562,617.1950073242188,143757,616.5399780273438
2026-05-06 11:05:00-04:00,614.8699951171875,616.5800170898438,614.6400146484375,616.5050048828125,156171,614.8699951171875
2026-05-06 11:10:00-04:00,613.9600830078125,615.0800170898438,613.1599731445312,614.8699951171875,204558,613.9600830078125
2026-05-06 11:15:00-04:00,614.405029296875,614.9500122070312,613.489990234375,613.9617919921875,134740,614.405029296875
2026-05-06 11:20:00-04:00,612.280029296875,614.460693359375,612.1201171875,613.7550048828125,163131,612.280029296875
2026-05-06 11:25:00-04:00,612.7849731445312,613.4000244140625,612.25,612.3900146484375,167069,612.7849731445312
2026-05-06 11:30:00-04:00,613.510009765625,613.510009765625,612.54052734375,612.7899780273438,598915,613.510009765625
2026-05-06 11:35:00-04:00,614.0999755859375,614.2999877929688,613.1400146484375,613.510009765625,114791,614.0999755859375
2026-05-06 11:40:00-04:00,613.760009765625,614.9199829101562,613.2000122070312,614.0999755859375,148721,613.760009765625
2026-05-06 11:45:00-04:00,614.0399780273438,614.280029296875,613.340087890625,613.6300048828125,87101,614.0399780273438
2026-05-06 11:50:00-04:00,613.6998901367188,614.1799926757812,613.1400146484375,614.0,89235,613.6998901367188
2026-05-06 11:55:00-04:00,613.25,613.75,612.5499877929688,613.5,100431,613.25
2026-05-06 12:00:00-04:00,612.260009765625,613.271728515625,611.760009765625,613.260009765625,93215,612.260009765625
2026-05-06 12:05:00-04:00,612.4000244140625,612.780029296875,612.0700073242188,612.2899780273438,99261,612.4000244140625
2026-05-06 12:10:00-04:00,613.0999755859375,613.3300170898438,612.3499755859375,612.3499755859375,82378,613.0999755859375
2026-05-06 12:15:00-04:00,613.073974609375,613.3099975585938,612.47998046875,613.0499877929688,93809,613.073974609375
2026-05-06 12:20:00-04:00,612.6900024414062,613.3599243164062,612.530029296875,612.9500122070312,122347,612.6900024414062
2026-05-06 12:25:00-04:00,612.580078125,613.2999877929688,612.5,612.6500244140625,248616,612.580078125
2026-05-06 12:30:00-04:00,612.5283813476562,612.8499755859375,612.3250122070312,612.739990234375,123233,612.5283813476562
2026-05-06 12:35:00-04:00,611.52001953125,612.8900146484375,611.27001953125,612.5,145365,611.52001953125
2026-05-06 12:40:00-04:00,611.9149780273438,611.9797973632812,611.2999877929688,611.6099853515625,92339,611.9149780273438
2026-05-06 12:45:00-04:00,611.4299926757812,611.989990234375,611.3300170898438,611.9149780273438,65823,611.4299926757812
2026-05-06 12:50:00-04:00,610.8599853515625,611.8499755859375,610.8599853515625,611.4349975585938,81412,610.8599853515625
2026-05-06 12:55:00-04:00,612.0999755859375,612.25,610.6099853515625,610.9099731445312,121958,612.0999755859375
2026-05-06 13:00:00-04:00,613.4550170898438,613.5599975585938,611.72998046875,612.02001953125,97900,613.4550170898438
2026-05-06 13:05:00-04:00,613.7899780273438,613.8499755859375,613.3499755859375,613.5,86210,613.7899780273438
2026-05-06 13:10:00-04:00,613.4199829101562,613.97998046875,613.22998046875,613.8599853515625,83225,613.4199829101562
2026-05-06 13:15:00-04:00,613.239990234375,613.4749755859375,612.6699829101562,613.2000732421875,67166,613.239990234375
2026-05-06 13:20:00-04:00,613.3837280273438,613.8963012695312,613.1300048828125,613.2150268554688,49706,613.3837280273438
2026-05-06 13:25:00-04:00,613.381591796875,613.5700073242188,612.85009765625,613.3200073242188,64446,613.381591796875
2026-05-06 13:30:00-04:00,612.6998901367188,613.4598999023438,612.6699829101562,613.3300170898438,45651,612.6998901367188
2026-05-06 13:35:00-04:00,611.976318359375,612.8699951171875,611.9404907226562,612.6500244140625,71219,611.976318359375
2026-05-06 13:40:00-04:00,611.864990234375,612.2100219726562,611.489990234375,612.0050048828125,91766,611.864990234375
2026-05-06 13:45:00-04:00,612.52001953125,612.5700073242188,611.5,611.8599853515625,94544,612.52001953125
2026-05-06 13:50:00-04:00,612.4400024414062,612.8699951171875,612.3699951171875,612.5599975585938,64073,612.4400024414062
2026-05-06 13:55:00-04:00,613.030029296875,613.2999267578125,612.469970703125,612.469970703125,81114,613.030029296875
2026-05-06 14:00:00-04:00,612.3200073242188,613.97998046875,612.3200073242188,613.0,102415,612.3200073242188
2026-05-06 14:05:00-04:00,612.375,612.6099853515625,612.0499877929688,612.469970703125,112750,612.375
2026-05-06 14:10:00-04:00,614.0599975585938,614.219970703125,612.375,612.375,138673,614.0599975585938
2026-05-06 14:15:00-04:00,613.7650146484375,614.1900024414062,613.6500244140625,614.0911865234375,111307,613.7650146484375
2026-05-06 14:20:00-04:00,613.655029296875,613.8800048828125,613.2899780273438,613.7760009765625,63462,613.655029296875
2026-05-06 14:25:00-04:00,614.1900024414062,614.219970703125,613.4000244140625,613.655029296875,93394,614.1900024414062
2026-05-06 14:30:00-04:00,614.4199829101562,614.8300170898438,614.2000122070312,614.219970703125,83675,614.4199829101562
2026-05-06 14:35:00-04:00,614.489990234375,615.3800048828125,614.3099975585938,614.3499755859375,143540,614.489990234375
2026-05-06 14:40:00-04:00,614.469970703125,614.7899780273438,614.010009765625,614.52001953125,115958,614.469970703125
2026-05-06 14:45:00-04:00,614.3200073242188,614.9000244140625,613.9000244140625,614.1199951171875,105282,614.3200073242188
2026-05-06 14:50:00-04:00,614.4000244140625,614.469970703125,614.0001220703125,614.239990234375,61635,614.4000244140625
2026-05-06 14:55:00-04:00,614.760009765625,614.9500122070312,614.10009765625,614.4249877929688,82942,614.760009765625
2026-05-06 15:00:00-04:00,614.3900146484375,615.2999877929688,614.2100830078125,614.6900024414062,90212,614.3900146484375
2026-05-06 15:05:00-04:00,613.6300048828125,614.4400024414062,613.6099853515625,614.2650146484375,100953,613.6300048828125
2026-05-06 15:10:00-04:00,613.0800170898438,613.77001953125,612.8499755859375,613.6199951171875,106700,613.0800170898438
2026-05-06 15:15:00-04:00,612.4949951171875,613.0800170898438,612.330078125,613.0800170898438,112290,612.4949951171875
2026-05-06 15:20:00-04:00,612.5599975585938,612.9349975585938,612.2949829101562,612.5399780273438,85598,612.5599975585938
2026-05-06 15:25:00-04:00,612.6099853515625,612.7299194335938,612.1699829101562,612.5599975585938,90211,612.6099853515625
2026-05-06 15:30:00-04:00,612.2999877929688,612.72998046875,612.2999877929688,612.5999755859375,97180,612.2999877929688
2026-05-06 15:35:00-04:00,612.6199951171875,612.6400146484375,612.1500244140625,612.280029296875,93029,612.6199951171875
2026-05-06 15:40:00-04:00,612.1799926757812,612.6199951171875,612.010009765625,612.6199951171875,105174,612.1799926757812
2026-05-06 15:45:00-04:00,612.280029296875,612.3400268554688,612.02001953125,612.1699829101562,123700,612.280029296875
2026-05-06 15:50:00-04:00,612.864990234375,613.3300170898438,612.27001953125,612.3099975585938,242210,612.864990234375
2026-05-06 15:55:00-04:00,612.5399780273438,613.719970703125,612.3800048828125,612.8300170898438,634363,612.5399780273438
2026-05-07 09:30:00-04:00,621.1589965820312,621.97998046875,613.9500122070312,614.4949951171875,1152689,621.1589965820312
2026-05-07 09:35:00-04:00,622.6749877929688,623.0,620.1799926757812,621.3350219726562,408665,622.6749877929688
2026-05-07 09:40:00-04:00,621.71728515625,623.0499877929688,620.8400268554688,622.5800170898438,229584,621.71728515625
2026-05-07 09:45:00-04:00,619.7550048828125,621.8300170898438,619.6099853515625,621.8300170898438,186398,619.7550048828125
2026-05-07 09:50:00-04:00,621.6799926757812,622.4199829101562,619.4400024414062,619.7249755859375,220002,621.6799926757812
2026-05-07 09:55:00-04:00,622.6599731445312,622.7999877929688,621.1199951171875,621.7150268554688,192940,622.6599731445312
2026-05-07 10:00:00-04:00,622.5999755859375,624.9500122070312,622.219970703125,622.7000122070312,317464,622.5999755859375
2026-05-07 10:05:00-04:00,622.4000244140625,623.7698974609375,621.9000244140625,622.5,170719,622.4000244140625
2026-05-07 10:10:00-04:00,622.1400146484375,622.9998779296875,621.2999877929688,622.5050048828125,153859,622.1400146484375
2026-05-07 10:15:00-04:00,622.22998046875,622.427978515625,620.2899780273438,622.25,175970,622.22998046875
2026-05-07 10:20:00-04:00,622.10498046875,622.4199829101562,621.0900268554688,622.1849975585938,99046,622.10498046875
2026-05-07 10:25:00-04:00,620.8599853515625,622.780029296875,620.77001953125,622.2100219726562,133068,620.8599853515625
2026-05-07 10:30:00-04:00,620.5,620.8499755859375,619.6099853515625,620.8314819335938,125912,620.5
2026-05-07 10:35:00-04:00,620.6199951171875,620.6799926757812,619.6199951171875,620.5399780273438,104976,620.6199951171875
2026-05-07 10:40:00-04:00,621.4600830078125,621.4600830078125,620.3699951171875,620.5800170898438,108653,621.4600830078125
2026-05-07 10:45:00-04:00,622.52001953125,622.8800048828125,621.4000854492188,622.1950073242188,136600,622.52001953125
2026-05-07 10:50:00-04:00,623.9400024414062,624.239990234375,622.489990234375,622.52001953125,147602,623.9400024414062
2026-05-07 10:55:00-04:00,622.8944702148438,624.9500122070312,622.52001953125,624.64501953125,217269,622.8944702148438
2026-05-07 11:00:00-04:00,623.75,624.22998046875,622.864990234375,622.8900146484375,115901,623.75
2026-05-07 11:05:00-04:00,622.0999755859375,623.625,621.239990234375,623.625,169501,622.0999755859375
2026-05-07 11:10:00-04:00,622.6300048828125,623.1199951171875,622.0,622.0,129821,622.6300048828125
2026-05-07 11:15:00-04:00,623.239990234375,623.8200073242188,622.3900146484375,622.7216796875,147578,623.239990234375
2026-05-07 11:20:00-04:00,623.010009765625,623.7899780273438,622.6099853515625,623.4635009765625,83767,623.010009765625
2026-05-07 11:25:00-04:00,621.27001953125,623.2990112304688,621.27001953125,622.9450073242188,137011,621.27001953125
2026-05-07 11:30:00-04:00,621.5599975585938,622.1900024414062,621.27001953125,621.3800048828125,99539,621.5599975585938
2026-05-07 11:35:00-04:00,621.5499877929688,622.7650146484375,621.2100219726562,621.5599975585938,226344,621.5499877929688
2026-05-07 11:40:00-04:00,621.27001953125,621.7285766601562,620.5,621.7285766601562,123244,621.27001953125
2026-05-07 11:45:00-04:00,622.844970703125,623.0599975585938,621.0700073242188,621.1599731445312,107130,622.844970703125
2026-05-07 11:50:00-04:00,622.5999755859375,623.0700073242188,622.219970703125,622.6900024414062,56574,622.5999755859375
2026-05-07 11:55:00-04:00,622.239990234375,623.3699951171875,621.5399780273438,622.7349853515625,138373,622.239990234375
2026-05-07 12:00:00-04:00,620.8699951171875,622.3300170898438,620.8699951171875,622.135009765625,103690,620.8699951171875
2026-05-07 12:05:00-04:00,620.5,620.75,619.6199951171875,620.5900268554688,128279,620.5
2026-05-07 12:10:00-04:00,618.7550048828125,620.5900268554688,618.4000244140625,620.510009765625,154355,618.7550048828125
2026-05-07 12:15:00-04:00,616.5200805664062,618.7550048828125,616.5,618.7550048828125,200521,616.5200805664062
2026-05-07 12:20:00-04:00,618.4500122070312,618.8189697265625,616.2600708007812,616.8300170898438,143374,618.4500122070312
2026-05-07 12:25:00-04:00,619.8049926757812,620.0,618.1099853515625,618.7000122070312,119532,619.8049926757812
2026-05-07 12:30:00-04:00,619.010009765625,619.8599853515625,618.6900024414062,619.85498046875,116751,619.010009765625
2026-05-07 12:35:00-04:00,618.2000122070312,619.7000122070312,618.1500244140625,619.344970703125,81951,618.2000122070312
2026-05-07 12:40:00-04:00,618.8800048828125,618.8800048828125,617.77001953125,618.2000122070312,85781,618.8800048828125
2026-05-07 12:45:00-04:00,617.1701049804688,618.9899291992188,616.8200073242188,618.7899780273438,69144,617.1701049804688
2026-05-07 12:50:00-04:00,617.0,617.25,616.0549926757812,617.0599975585938,111413,617.0
2026-05-07 12:55:00-04:00,616.969970703125,617.2156982421875,616.0499877929688,617.010009765625,80556,616.969970703125
2026-05-07 13:00:00-04:00,617.510009765625,617.8399047851562,616.0800170898438,616.969970703125,80404,617.510009765625
2026-05-07 13:05:00-04:00,615.030029296875,618.0750122070312,614.9500732421875,617.5499877929688,271510,615.030029296875
2026-05-07 13:10:00-04:00,615.4500122070312,615.9099731445312,614.4520263671875,615.0,158676,615.4500122070312
2026-05-07 13:15:00-04:00,616.0150146484375,616.47998046875,615.0499877929688,615.3300170898438,139199,616.0150146484375
2026-05-07 13:20:00-04:00,615.7999877929688,616.7000122070312,614.989990234375,615.8699951171875,95681,615.7999877929688
2026-05-07 13:25:00-04:00,614.9600219726562,616.3150024414062,613.630126953125,615.9199829101562,152594,614.9600219726562
2026-05-07 13:30:00-04:00,614.989990234375,615.25,614.1699829101562,615.0900268554688,64776,614.989990234375
2026-05-07 13:35:00-04:00,615.0,615.5999755859375,614.5,614.8400268554688,55559,615.0
2026-05-07 13:40:00-04:00,614.4600219726562,615.6599731445312,614.3212890625,615.0,74680,614.4600219726562
2026-05-07 13:45:00-04:00,613.875,614.6599731445312,613.5401000976562,614.469970703125,56234,613.875
2026-05-07 13:50:00-04:00,614.6300048828125,614.7000122070312,613.7249755859375,613.7894897460938,47422,614.6300048828125
2026-05-07 13:55:00-04:00,616.0499877929688,616.222900390625,614.61328125,614.77001953125,75060,616.0499877929688
2026-05-07 14:00:00-04:00,614.9000244140625,616.3400268554688,614.5399780273438,616.0499877929688,116519,614.9000244140625
2026-05-07 14:05:00-04:00,615.5349731445312,616.205322265625,614.6699829101562,614.6699829101562,43890,615.5349731445312
2026-05-07 14:10:00-04:00,616.260009765625,616.4600219726562,615.2000122070312,615.7000122070312,42649,616.260009765625
2026-05-07 14:15:00-04:00,616.5250244140625,616.9298706054688,615.9439086914062,616.3250122070312,50795,616.5250244140625
2026-05-07 14:20:00-04:00,616.0999755859375,617.1199951171875,616.010009765625,616.469970703125,51178,616.0999755859375
2026-05-07 14:25:00-04:00,616.6801147460938,617.159912109375,616.0,616.1900024414062,42181,616.6801147460938
2026-05-07 14:30:00-04:00,616.780029296875,617.0,615.8900756835938,616.6799926757812,63845,616.780029296875
2026-05-07 14:35:00-04:00,616.72998046875,617.0999755859375,615.9500122070312,616.8499755859375,74433,616.72998046875
2026-05-07 14:40:00-04:00,615.8150024414062,617.0,615.5,616.8800048828125,82388,615.8150024414062
2026-05-07 14:45:00-04:00,616.0900268554688,617.0499877929688,615.6085205078125,615.8300170898438,71843,616.0900268554688
2026-05-07 14:50:00-04:00,616.39501953125,616.7199096679688,615.77001953125,615.969970703125,42147,616.39501953125
2026-05-07 14:55:00-04:00,617.1649780273438,617.2999267578125,616.0,616.239990234375,62922,617.1649780273438
2026-05-07 15:00:00-04:00,616.469970703125,617.2100219726562,616.010009765625,617.2100219726562,35019,616.469970703125
2026-05-07 15:05:00-04:00,616.1599731445312,617.2000122070312,616.0700073242188,616.5700073242188,53610,616.1599731445312
2026-05-07 15:10:00-04:00,616.5900268554688,616.75,616.0001220703125,616.0800170898438,40197,616.5900268554688
2026-05-07 15:15:00-04:00,615.5650024414062,616.5900268554688,615.030029296875,616.5,70314,615.5650024414062
2026-05-07 15:20:00-04:00,615.5399780273438,615.989990234375,615.280029296875,615.6300048828125,57894,615.5399780273438
2026-05-07 15:25:00-04:00,615.8099975585938,616.469970703125,615.1699829101562,615.4000244140625,65321,615.8099975585938
2026-05-07 15:30:00-04:00,615.75,616.3200073242188,615.27001953125,615.8049926757812,60858,615.75
2026-05-07 15:35:00-04:00,616.6500244140625,616.7885131835938,615.5772705078125,615.8099975585938,162920,616.6500244140625
2026-05-07 15:40:00-04:00,616.9400024414062,617.0399780273438,616.5,616.739990234375,81041,616.9400024414062
2026-05-07 15:45:00-04:00,617.0449829101562,617.5,616.8200073242188,616.8200073242188,90019,617.0449829101562
2026-05-07 15:50:00-04:00,616.6599731445312,617.989990234375,616.4500122070312,617.2999877929688,162900,616.6599731445312
2026-05-07 15:55:00-04:00,616.9600219726562,617.1900024414062,616.02001953125,616.8400268554688,334978,616.9600219726562
2026-05-08 09:30:00-04:00,614.8900146484375,615.864990234375,612.75,615.2000122070312,539863,614.8900146484375
2026-05-08 09:35:00-04:00,615.3599853515625,616.77001953125,614.6900024414062,614.719970703125,216831,615.3599853515625
2026-05-08 09:40:00-04:00,613.7899780273438,615.3200073242188,612.780029296875,615.26171875,185467,613.7899780273438
2026-05-08 09:45:00-04:00,616.0999755859375,616.2999877929688,613.6199951171875,613.8800048828125,208001,616.0999755859375
2026-05-08 09:50:00-04:00,613.8049926757812,616.1300048828125,612.8800048828125,615.985107421875,160017,613.8049926757812
2026-05-08 09:55:00-04:00,614.114990234375,614.3900146484375,613.0999755859375,613.904296875,132710,614.114990234375
2026-05-08 10:00:00-04:00,613.9199829101562,614.114990234375,612.3099975585938,613.9299926757812,247519,613.9199829101562
2026-05-08 10:05:00-04:00,614.8400268554688,615.0999755859375,613.0,613.8599853515625,165300,614.8400268554688
2026-05-08 10:10:00-04:00,615.9099731445312,616.5198974609375,614.3599853515625,614.8300170898438,186553,615.9099731445312
2026-05-08 10:15:00-04:00,615.1900024414062,616.0900268554688,615.094970703125,616.073486328125,98747,615.1900024414062
2026-05-08 10:20:00-04:00,615.530029296875,615.6599731445312,613.6801147460938,615.0399780273438,152799,615.530029296875
2026-05-08 10:25:00-04:00,612.8499755859375,616.02001953125,612.75,615.6599731445312,192802,612.8499755859375
2026-05-08 10:30:00-04:00,612.7150268554688,613.0800170898438,612.010009765625,612.8699951171875,188899,612.7150268554688
2026-05-08 10:35:00-04:00,613.1600952148438,613.52001953125,612.5399780273438,612.7150268554688,172243,613.1600952148438
2026-05-08 10:40:00-04:00,612.7999877929688,613.4600219726562,612.239990234375,613.3438110351562,109882,612.7999877929688
2026-05-08 10:45:00-04:00,612.10498046875,612.9500122070312,611.4000244140625,612.7999267578125,130845,612.10498046875
2026-05-08 10:50:00-04:00,612.2550048828125,612.409912109375,611.010009765625,612.0399780273438,164992,612.2550048828125
2026-05-08 10:55:00-04:00,611.6099853515625,612.7100219726562,611.6099853515625,612.2650146484375,106264,611.6099853515625
2026-05-08 11:00:00-04:00,610.280029296875,611.6099853515625,610.25,611.5,211836,610.280029296875
2026-05-08 11:05:00-04:00,610.030029296875,610.719970703125,609.530029296875,610.3099975585938,236432,610.030029296875
2026-05-08 11:10:00-04:00,610.135009765625,611.0349731445312,609.7999877929688,610.010009765625,164042,610.135009765625
2026-05-08 11:15:00-04:00,609.4000244140625,610.280029296875,609.2000122070312,610.2000122070312,180239,609.4000244140625
2026-05-08 11:20:00-04:00,608.8099975585938,610.3798828125,608.75,609.3499755859375,166893,608.8099975585938
2026-05-08 11:25:00-04:00,608.9000244140625,609.1099853515625,608.0999755859375,608.75,282222,608.9000244140625
2026-05-08 11:30:00-04:00,608.0,609.0535278320312,607.5,608.8900146484375,224382,608.0
2026-05-08 11:35:00-04:00,608.280029296875,609.1494140625,607.7000122070312,607.97998046875,188369,608.280029296875
2026-05-08 11:40:00-04:00,607.5599975585938,608.489990234375,607.2999877929688,608.3834838867188,224390,607.5599975585938
2026-05-08 11:45:00-04:00,607.3099975585938,608.0,607.0701293945312,607.5700073242188,128455,607.3099975585938
2026-05-08 11:50:00-04:00,607.0,607.4500122070312,606.0601196289062,607.405029296875,215199,607.0
2026-05-08 11:55:00-04:00,607.3150024414062,607.6998901367188,606.6500244140625,607.1199951171875,137762,607.3150024414062
2026-05-08 12:00:00-04:00,608.760009765625,608.760009765625,607.260009765625,607.8300170898438,128675,608.760009765625
2026-05-08 12:05:00-04:00,609.4000244140625,609.77001953125,608.6201171875,608.7949829101562,146090,609.4000244140625
2026-05-08 12:10:00-04:00,609.9400024414062,610.2999877929688,609.380126953125,609.52001953125,166963,609.9400024414062
2026-05-08 12:15:00-04:00,608.2000122070312,610.280029296875,608.0900268554688,609.9299926757812,152693,608.2000122070312
2026-05-08 12:20:00-04:00,608.9600219726562,609.4284057617188,608.2100219726562,608.3179931640625,89448,608.9600219726562
2026-05-08 12:25:00-04:00,608.0999755859375,609.3800048828125,608.0999755859375,609.0599975585938,108962,608.0999755859375
2026-05-08 12:30:00-04:00,608.2183227539062,608.7199096679688,607.9000244140625,608.2180786132812,111095,608.2183227539062
2026-05-08 12:35:00-04:00,608.3300170898438,608.5700073242188,608.0001220703125,608.2443237304688,67979,608.3300170898438
2026-05-08 12:40:00-04:00,607.8499755859375,608.53759765625,607.5,608.3300170898438,79952,607.8499755859375
2026-05-08 12:45:00-04:00,609.1199951171875,609.3250122070312,607.780029296875,607.8599853515625,97490,609.1199951171875
2026-05-08 12:50:00-04:00,608.9299926757812,609.1849975585938,608.6500244140625,609.1599731445312,57543,608.9299926757812
2026-05-08 12:55:00-04:00,608.8800048828125,609.0,608.130126953125,608.9400024414062,69680,608.8800048828125
2026-05-08 13:00:00-04:00,608.9550170898438,609.1848754882812,608.7000732421875,608.844970703125,64750,608.9550170898438
2026-05-08 13:05:00-04:00,608.9400024414062,609.1699829101562,608.5499877929688,608.8699951171875,65226,608.9400024414062
2026-05-08 13:10:00-04:00,609.39501953125,609.6199951171875,608.7899780273438,608.9749755859375,79721,609.39501953125
2026-05-08 13:15:00-04:00,609.8350219726562,609.989990234375,609.3800048828125,609.4450073242188,67479,609.8350219726562
2026-05-08 13:20:00-04:00,609.8699951171875,609.97998046875,609.239990234375,609.8350219726562,73145,609.8699951171875
2026-05-08 13:25:00-04:00,609.9149780273438,610.25,609.4000244140625,609.8699951171875,107043,609.9149780273438
2026-05-08 13:30:00-04:00,609.4600219726562,610.0,609.0401000976562,609.8699951171875,45628,609.4600219726562
2026-05-08 13:35:00-04:00,608.9249877929688,609.5911254882812,608.8499755859375,609.5499877929688,69081,608.9249877929688
2026-05-08 13:40:00-04:00,608.760009765625,609.219970703125,608.7000122070312,608.9500122070312,66876,608.760009765625
2026-05-08 13:45:00-04:00,609.2849731445312,609.3900146484375,608.7000122070312,608.75,54654,609.2849731445312
2026-05-08 13:50:00-04:00,609.8150024414062,609.9199829101562,609.030029296875,609.1749877929688,49785,609.8150024414062
2026-05-08 13:55:00-04:00,610.3800048828125,610.8499755859375,609.7899780273438,609.8150024414062,129153,610.3800048828125
2026-05-08 14:00:00-04:00,611.1900024414062,611.4498901367188,610.219970703125,610.5,124413,611.1900024414062
2026-05-08 14:05:00-04:00,610.510009765625,611.2000122070312,610.3400268554688,611.17578125,58121,610.510009765625
2026-05-08 14:10:00-04:00,610.6799926757812,610.9998779296875,610.39501953125,610.5250244140625,51642,610.6799926757812
2026-05-08 14:15:00-04:00,610.6599731445312,611.0,610.3699951171875,610.5001220703125,55585,610.6599731445312
2026-05-08 14:20:00-04:00,610.2675170898438,610.6965942382812,610.0,610.625,49713,610.2675170898438
2026-05-08 14:25:00-04:00,611.35498046875,611.5,610.0700073242188,610.1900024414062,99031,611.35498046875
2026-05-08 14:30:00-04:00,610.8300170898438,611.5,610.5900268554688,611.4000244140625,71723,610.8300170898438
2026-05-08 14:35:00-04:00,609.9498901367188,611.0,609.8599853515625,610.8699951171875,76065,609.9498901367188
2026-05-08 14:40:00-04:00,609.9000244140625,610.0,609.7000122070312,609.9000244140625,60498,609.9000244140625
2026-05-08 14:45:00-04:00,609.989990234375,610.22998046875,609.7000122070312,609.8699951171875,73067,609.989990234375
2026-05-08 14:50:00-04:00,609.1400146484375,610.030029296875,609.0399780273438,610.030029296875,79244,609.1400146484375
2026-05-08 14:55:00-04:00,609.4099731445312,609.9000244140625,608.72998046875,609.0750122070312,95387,609.4099731445312
2026-05-08 15:00:00-04:00,609.5001220703125,609.6900024414062,609.25,609.5700073242188,357382,609.5001220703125
2026-05-08 15:05:00-04:00,609.7999877929688,610.3599853515625,609.0349731445312,609.5599975585938,95970,609.7999877929688
2026-05-08 15:10:00-04:00,609.72998046875,610.0,609.4500122070312,609.7999877929688,68952,609.72998046875
2026-05-08 15:15:00-04:00,609.875,610.1400146484375,609.6599731445312,609.739990234375,95600,609.875
2026-05-08 15:20:00-04:00,610.0855712890625,610.4500122070312,609.7000122070312,609.875,122021,610.0855712890625
2026-05-08 15:25:00-04:00,610.239990234375,610.4299926757812,610.0800170898438,610.0999755859375,85684,610.239990234375
2026-05-08 15:30:00-04:00,610.5275268554688,610.8400268554688,610.0999755859375,610.25,101902,610.5275268554688
2026-05-08 15:35:00-04:00,610.1950073242188,610.6199951171875,609.9000244140625,610.52001953125,112424,610.1950073242188
2026-05-08 15:40:00-04:00,610.6199951171875,610.8800048828125,610.1599731445312,610.469970703125,127921,610.6199951171875
2026-05-08 15:45:00-04:00,610.719970703125,610.9199829101562,610.4299926757812,610.5999755859375,107490,610.719970703125
2026-05-08 15:50:00-04:00,610.6500244140625,610.7999877929688,609.5499877929688,609.6199951171875,220446,610.6500244140625
2026-05-08 15:55:00-04:00,609.6400146484375,611.0,609.3499755859375,610.14501953125,801168,609.6400146484375
2026-05-11 09:30:00-04:00,602.3800048828125,604.9069213867188,601.0999755859375,604.5700073242188,1052423,602.3800048828125
2026-05-11 09:35:00-04:00,601.530029296875,602.6950073242188,599.8001098632812,602.25,599495,601.530029296875
2026-05-11 09:40:00-04:00,600.9000244140625,602.469970703125,600.4099731445312,601.530029296875,348797,600.9000244140625
2026-05-11 09:45:00-04:00,600.1699829101562,600.9849853515625,599.8200073242188,600.8300170898438,314088,600.1699829101562
2026-05-11 09:50:00-04:00,601.6213989257812,601.9500122070312,600.030029296875,600.1500244140625,306907,601.6213989257812
2026-05-11 09:55:00-04:00,601.1849975585938,601.72998046875,600.5,601.5900268554688,174841,601.1849975585938
2026-05-11 10:00:00-04:00,602.14501953125,602.5499267578125,600.7200927734375,601.2100219726562,228195,602.14501953125
2026-05-11 10:05:00-04:00,602.260009765625,602.7000122070312,601.75,602.125,178233,602.260009765625
2026-05-11 10:10:00-04:00,602.2100219726562,603.0900268554688,601.8599853515625,602.2349853515625,167160,602.2100219726562
2026-05-11 10:15:00-04:00,603.0,603.6799926757812,602.1400146484375,602.1799926757812,191424,603.0
2026-05-11 10:20:00-04:00,602.788818359375,603.5499877929688,602.2999877929688,602.7849731445312,136735,602.788818359375
2026-05-11 10:25:00-04:00,602.6199951171875,603.0900268554688,602.0,602.6699829101562,137162,602.6199951171875
2026-05-11 10:30:00-04:00,602.1699829101562,602.75,601.1500244140625,602.60498046875,222771,602.1699829101562
2026-05-11 10:35:00-04:00,602.72998046875,603.0599975585938,601.8115844726562,602.1701049804688,155433,602.72998046875
2026-05-11 10:40:00-04:00,602.1099853515625,603.1900024414062,601.5399780273438,602.72998046875,116151,602.1099853515625
2026-05-11 10:45:00-04:00,601.1950073242188,602.2000122070312,600.719970703125,602.1199951171875,210255,601.1950073242188
2026-05-11 10:50:00-04:00,600.8200073242188,601.5999755859375,600.0999755859375,601.114990234375,232548,600.8200073242188
2026-05-11 10:55:00-04:00,601.6900024414062,601.75,600.7899780273438,600.8099975585938,183527,601.6900024414062
2026-05-11 11:00:00-04:00,600.4000244140625,601.7498779296875,600.2000122070312,601.6400146484375,146938,600.4000244140625
2026-05-11 11:05:00-04:00,600.6199951171875,600.9199829101562,600.1500244140625,600.3699951171875,205192,600.6199951171875
2026-05-11 11:10:00-04:00,600.5700073242188,601.2000122070312,600.4000244140625,600.6099853515625,145420,600.5700073242188
2026-05-11 11:15:00-04:00,601.0999755859375,601.3598022460938,600.3049926757812,600.6500244140625,171770,601.0999755859375
2026-05-11 11:20:00-04:00,601.6099853515625,601.6900024414062,600.9000244140625,601.0700073242188,144319,601.6099853515625
2026-05-11 11:25:00-04:00,602.397216796875,602.6699829101562,601.47998046875,601.6099853515625,223515,602.397216796875
2026-05-11 11:30:00-04:00,602.72998046875,603.0700073242188,602.024169921875,602.4349975585938,145972,602.72998046875
2026-05-11 11:35:00-04:00,602.610107421875,603.2000122070312,602.4000244140625,602.7000732421875,127569,602.610107421875
2026-05-11 11:40:00-04:00,602.594970703125,602.9500122070312,602.4000244140625,602.75,106264,602.594970703125
2026-05-11 11:45:00-04:00,602.9199829101562,603.010009765625,602.469970703125,602.5449829101562,92192,602.9199829101562
2026-05-11 11:50:00-04:00,603.6500244140625,603.8300170898438,602.72998046875,602.9199829101562,112816,603.6500244140625
2026-05-11 11:55:00-04:00,603.2100219726562,604.6099853515625,603.0504150390625,603.7150268554688,140625,603.2100219726562
2026-05-11 12:00:00-04:00,602.510009765625,603.3298950195312,602.3400268554688,603.2750854492188,83968,602.510009765625
2026-05-11 12:05:00-04:00,602.1099853515625,602.6900024414062,602.0501098632812,602.5499877929688,74898,602.1099853515625
2026-05-11 12:10:00-04:00,602.7301025390625,603.0452880859375,601.780029296875,602.1099853515625,89411,602.7301025390625
2026-05-11 12:15:00-04:00,603.6593017578125,603.739990234375,602.9299926757812,602.9299926757812,102993,603.6593017578125
2026-05-11 12:20:00-04:00,602.9500122070312,603.8298950195312,602.72998046875,603.6599731445312,118631,602.9500122070312
2026-05-11 12:25:00-04:00,602.7050170898438,603.2100219726562,602.6300048828125,602.9450073242188,74870,602.7050170898438
2026-05-11 12:30:00-04:00,603.515625,603.77001953125,602.6500244140625,602.7050170898438,76188,603.515625
2026-05-11 12:35:00-04:00,603.7100219726562,603.8499755859375,603.1699829101562,603.5250244140625,59077,603.7100219726562
2026-05-11 12:40:00-04:00,603.560791015625,604.3900146484375,603.0999755859375,603.7550048828125,126895,603.560791015625
2026-05-11 12:45:00-04:00,602.6500244140625,603.9000244140625,602.6500244140625,603.635009765625,92140,602.6500244140625
2026-05-11 12:50:00-04:00,602.8300170898438,603.3200073242188,602.5999755859375,602.5999755859375,80346,602.8300170898438
2026-05-11 12:55:00-04:00,602.4249877929688,602.8599853515625,602.1300048828125,602.760009765625,77451,602.4249877929688
2026-05-11 13:00:00-04:00,602.27001953125,602.498779296875,601.860107421875,602.4450073242188,79612,602.27001953125
2026-05-11 13:05:00-04:00,601.489990234375,602.1998901367188,601.1500244140625,602.0999755859375,311996,601.489990234375
2026-05-11 13:10:00-04:00,600.60009765625,601.489990234375,600.3499755859375,601.489990234375,139135,600.60009765625
2026-05-11 13:15:00-04:00,600.9124755859375,601.0,599.8800048828125,600.77001953125,290848,600.9124755859375
2026-05-11 13:20:00-04:00,601.010009765625,601.155029296875,600.2999877929688,600.8300170898438,115201,601.010009765625
2026-05-11 13:25:00-04:00,601.3099975585938,601.5700073242188,600.9100952148438,601.0399780273438,92978,601.3099975585938
2026-05-11 13:30:00-04:00,601.8049926757812,602.1099853515625,601.3099975585938,601.3099975585938,97055,601.8049926757812
2026-05-11 13:35:00-04:00,601.989990234375,602.3970947265625,601.6900024414062,601.8200073242188,88270,601.989990234375
2026-05-11 13:40:00-04:00,602.9099731445312,602.9099731445312,601.9600219726562,602.0349731445312,77628,602.9099731445312
2026-05-11 13:45:00-04:00,602.5599975585938,603.1500244140625,602.5499877929688,602.9099731445312,97739,602.5599975585938
2026-05-11 13:50:00-04:00,602.47998046875,602.9600219726562,602.3699951171875,602.5900268554688,54976,602.47998046875
2026-05-11 13:55:00-04:00,602.969970703125,602.969970703125,602.4550170898438,602.47998046875,38839,602.969970703125
2026-05-11 14:00:00-04:00,603.25,603.4149780273438,602.9111938476562,602.9149780273438,97351,603.25
2026-05-11 14:05:00-04:00,602.6649780273438,603.344970703125,602.6500244140625,603.2650146484375,63619,602.6649780273438
2026-05-11 14:10:00-04:00,602.1900024414062,602.739990234375,601.9600219726562,602.6199951171875,104076,602.1900024414062
2026-05-11 14:15:00-04:00,601.0999755859375,602.22998046875,601.0999755859375,602.2050170898438,160780,601.0999755859375
2026-05-11 14:20:00-04:00,601.0399780273438,601.4998779296875,600.8300170898438,601.1300048828125,93185,601.0399780273438
2026-05-11 14:25:00-04:00,600.5499877929688,601.0900268554688,600.0999755859375,601.0900268554688,161583,600.5499877929688
2026-05-11 14:30:00-04:00,599.6199951171875,600.6300048828125,599.5999755859375,600.5499877929688,187781,599.6199951171875
2026-05-11 14:35:00-04:00,598.6799926757812,599.8099975585938,598.6599731445312,599.5999755859375,213935,598.6799926757812
2026-05-11 14:40:00-04:00,599.2999877929688,599.5,598.7000732421875,598.719970703125,160588,599.2999877929688
2026-05-11 14:45:00-04:00,600.2100219726562,600.6900024414062,599.0499877929688,599.239990234375,167390,600.2100219726562
2026-05-11 14:50:00-04:00,599.4456176757812,600.4500122070312,599.4199829101562,600.2349853515625,151129,599.4456176757812
2026-05-11 14:55:00-04:00,599.260009765625,599.719970703125,599.25,599.4199829101562,118080,599.260009765625
2026-05-11 15:00:00-04:00,599.0,599.5800170898438,598.9099731445312,599.2899780273438,148874,599.0
2026-05-11 15:05:00-04:00,599.02001953125,599.2899169921875,598.6400146484375,599.0,134376,599.02001953125
2026-05-11 15:10:00-04:00,599.344970703125,599.8300170898438,599.0800170898438,599.0800170898438,122230,599.344970703125
2026-05-11 15:15:00-04:00,598.9799194335938,599.6500244140625,598.6500244140625,599.4099731445312,129000,598.9799194335938
2026-05-11 15:20:00-04:00,598.9199829101562,599.2999877929688,598.75,598.8900146484375,118645,598.9199829101562
2026-05-11 15:25:00-04:00,599.5,599.6701049804688,598.8499755859375,598.9099731445312,144506,599.5
2026-05-11 15:30:00-04:00,599.4600219726562,599.6400146484375,599.0900268554688,599.489990234375,113830,599.4600219726562
2026-05-11 15:35:00-04:00,599.5599975585938,599.5599975585938,598.7800903320312,599.4600219726562,133737,599.5599975585938
2026-05-11 15:40:00-04:00,598.739990234375,599.8400268554688,598.47998046875,599.6099853515625,142374,598.739990234375
2026-05-11 15:45:00-04:00,598.4550170898438,598.8900146484375,598.080078125,598.719970703125,167113,598.4550170898438
2026-05-11 15:50:00-04:00,599.3350219726562,599.9000244140625,598.2999877929688,598.4199829101562,324621,599.3350219726562
2026-05-11 15:55:00-04:00,598.8499755859375,599.77001953125,598.469970703125,599.2999877929688,630174,598.8499755859375
2026-05-12 09:30:00-04:00,593.6220092773438,596.0,593.0,594.4149780273438,925576,593.6220092773438
2026-05-12 09:35:00-04:00,596.3800048828125,596.6900024414062,592.6500244140625,593.6799926757812,394298,596.3800048828125
2026-05-12 09:40:00-04:00,598.530029296875,599.0999755859375,596.3699951171875,596.6900024414062,263146,598.530029296875
2026-05-12 09:45:00-04:00,598.1699829101562,598.7100219726562,596.6500244140625,598.4099731445312,168518,598.1699829101562
2026-05-12 09:50:00-04:00,600.2899780273438,600.47998046875,597.5650024414062,598.2449951171875,245138,600.2899780273438
2026-05-12 09:55:00-04:00,600.1799926757812,601.0,599.2000122070312,600.4199829101562,195507,600.1799926757812
2026-05-12 10:00:00-04:00,599.760009765625,600.1900024414062,598.6900024414062,600.1900024414062,177840,599.760009765625
2026-05-12 10:05:00-04:00,598.5999755859375,600.7999877929688,598.5,599.8300170898438,141502,598.5999755859375
2026-05-12 10:10:00-04:00,600.3800048828125,600.489990234375,597.7000122070312,598.5399780273438,138595,600.3800048828125
2026-05-12 10:15:00-04:00,602.2000122070312,602.4400024414062,600.27001953125,600.385009765625,245737,602.2000122070312
2026-05-12 10:20:00-04:00,603.1749877929688,603.619873046875,601.3699951171875,602.1799926757812,261234,603.1749877929688
2026-05-12 10:25:00-04:00,602.02001953125,603.7449951171875,601.8699951171875,603.27001953125,268624,602.02001953125
2026-05-12 10:30:00-04:00,603.0971069335938,603.3585205078125,601.4099731445312,602.1300048828125,158132,603.0971069335938
2026-05-12 10:35:00-04:00,602.7000122070312,603.3300170898438,601.989990234375,602.97998046875,109873,602.7000122070312
2026-05-12 10:40:00-04:00,602.7999877929688,603.5,601.72998046875,602.75,110465,602.7999877929688
2026-05-12 10:45:00-04:00,601.969970703125,602.9000244140625,601.0800170898438,602.9000244140625,89517,601.969970703125
2026-05-12 10:50:00-04:00,600.4349975585938,602.0599975585938,600.35009765625,601.875,116095,600.4349975585938
2026-05-12 10:55:00-04:00,601.0599975585938,601.1251831054688,600.0,600.510009765625,105857,601.0599975585938
2026-05-12 11:00:00-04:00,600.9000244140625,601.2899780273438,600.4400024414062,600.9774780273438,84281,600.9000244140625
2026-05-12 11:05:00-04:00,600.7100219726562,601.7000122070312,600.497314453125,600.9000244140625,96434,600.7100219726562
2026-05-12 11:10:00-04:00,600.3499755859375,600.7520141601562,600.10009765625,600.6799926757812,89069,600.3499755859375
2026-05-12 11:15:00-04:00,601.0999755859375,601.4299926757812,600.0200805664062,600.4500122070312,117784,601.0999755859375
2026-05-12 11:20:00-04:00,601.260009765625,601.4099731445312,600.2000122070312,601.1661987304688,92977,601.260009765625
2026-05-12 11:25:00-04:00,601.8900146484375,601.8900146484375,600.27001953125,601.1900024414062,90772,601.8900146484375
2026-05-12 11:30:00-04:00,600.1900024414062,601.8300170898438,600.0599975585938,601.8300170898438,87370,600.1900024414062
2026-05-12 11:35:00-04:00,600.3599853515625,600.4099731445312,599.5,600.1900024414062,93228,600.3599853515625
2026-05-12 11:40:00-04:00,601.010009765625,601.4998779296875,600.3099975585938,600.47998046875,77369,601.010009765625
2026-05-12 11:45:00-04:00,600.5800170898438,601.63232421875,600.5800170898438,601.1400146484375,59579,600.5800170898438
2026-05-12 11:50:00-04:00,600.9400024414062,601.1400146484375,600.3800048828125,600.6470947265625,64082,600.9400024414062
2026-05-12 11:55:00-04:00,600.4400024414062,601.1300048828125,600.0999755859375,600.77001953125,52749,600.4400024414062
2026-05-12 12:00:00-04:00,600.2999877929688,600.5900268554688,599.3499755859375,599.5750122070312,83222,600.2999877929688
2026-05-12 12:05:00-04:00,600.1699829101562,600.5,599.9500122070312,600.2899780273438,57076,600.1699829101562
2026-05-12 12:10:00-04:00,600.0,600.39990234375,599.2899780273438,600.1699829101562,67438,600.0
2026-05-12 12:15:00-04:00,600.5150146484375,600.530029296875,599.6900024414062,600.030029296875,42866,600.5150146484375
2026-05-12 12:20:00-04:00,600.4918823242188,600.8900146484375,600.0,600.4199829101562,48444,600.4918823242188
2026-05-12 12:25:00-04:00,600.0399780273438,600.968994140625,599.7999877929688,600.5499267578125,64001,600.0399780273438
2026-05-12 12:30:00-04:00,600.2800903320312,600.4000244140625,599.4299926757812,600.2000122070312,73691,600.2800903320312
2026-05-12 12:35:00-04:00,601.0900268554688,601.5399780273438,600.3377075195312,600.3377075195312,83423,601.0900268554688
2026-05-12 12:40:00-04:00,601.0050048828125,601.4500122070312,600.6699829101562,601.0499877929688,78728,601.0050048828125
2026-05-12 12:45:00-04:00,600.5,601.1900024414062,600.4000244140625,601.0050048828125,78877,600.5
2026-05-12 12:50:00-04:00,600.5,600.7050170898438,599.719970703125,600.5,103105,600.5
2026-05-12 12:55:00-04:00,599.9299926757812,600.5150146484375,599.510009765625,600.5,85660,599.9299926757812
2026-05-12 13:00:00-04:00,599.3699951171875,600.2999877929688,599.2999877929688,600.0,75258,599.3699951171875
2026-05-12 13:05:00-04:00,598.79150390625,599.4400024414062,598.3599853515625,599.4100952148438,118911,598.79150390625
2026-05-12 13:10:00-04:00,597.2000122070312,598.8200073242188,597.1099853515625,598.7000122070312,147081,597.2000122070312
2026-05-12 13:15:00-04:00,597.5349731445312,597.7999877929688,596.527099609375,597.2650146484375,161944,597.5349731445312
2026-05-12 13:20:00-04:00,598.89501953125,599.1300048828125,597.5999755859375,597.6099853515625,101333,598.89501953125
2026-05-12 13:25:00-04:00,598.7899780273438,599.4517822265625,598.5,598.9000244140625,77106,598.7899780273438
2026-05-12 13:30:00-04:00,599.1799926757812,599.3399047851562,598.4000244140625,598.7000122070312,106748,599.1799926757812
2026-05-12 13:35:00-04:00,599.47998046875,599.7000122070312,599.1799926757812,599.4199829101562,55332,599.47998046875
2026-05-12 13:40:00-04:00,599.8599853515625,600.138671875,599.3800048828125,599.4500122070312,79672,599.8599853515625
2026-05-12 13:45:00-04:00,599.719970703125,600.0900268554688,599.3699951171875,599.8599853515625,61865,599.719970703125
2026-05-12 13:50:00-04:00,600.364990234375,600.4400024414062,599.5999755859375,599.719970703125,51484,600.364990234375
2026-05-12 13:55:00-04:00,600.4500122070312,600.5289916992188,600.0700073242188,600.3699951171875,48762,600.4500122070312
2026-05-12 14:00:00-04:00,599.9600219726562,600.5,599.5,600.3599853515625,67079,599.9600219726562
2026-05-12 14:05:00-04:00,599.614990234375,600.0599975585938,599.0900268554688,599.8908081054688,52703,599.614990234375
2026-05-12 14:10:00-04:00,600.030029296875,600.3889770507812,599.614990234375,599.6989135742188,53391,600.030029296875
2026-05-12 14:15:00-04:00,599.4550170898438,600.0499877929688,599.3900146484375,599.9600219726562,63260,599.4550170898438
2026-05-12 14:20:00-04:00,600.3099975585938,600.4000244140625,599.4000244140625,599.4299926757812,55168,600.3099975585938
2026-05-12 14:25:00-04:00,600.4249877929688,600.8499755859375,600.2000122070312,600.5,63317,600.4249877929688
2026-05-12 14:30:00-04:00,599.5900268554688,600.5,599.280029296875,600.3699951171875,68651,599.5900268554688
2026-05-12 14:35:00-04:00,599.1099853515625,599.989990234375,599.1099853515625,599.5,63767,599.1099853515625
2026-05-12 14:40:00-04:00,599.3150024414062,599.5900268554688,599.0,599.0499877929688,68281,599.3150024414062
2026-05-12 14:45:00-04:00,599.3200073242188,599.72021484375,599.2000732421875,599.3681030273438,60026,599.3200073242188
2026-05-12 14:50:00-04:00,599.6950073242188,599.8800048828125,599.0599975585938,599.3099975585938,51295,599.6950073242188
2026-05-12 14:55:00-04:00,599.75,600.1898193359375,599.4299926757812,599.6300048828125,89936,599.75
2026-05-12 15:00:00-04:00,599.5800170898438,599.9400024414062,599.1199951171875,599.8250122070312,72013,599.5800170898438
2026-05-12 15:05:00-04:00,599.780029296875,599.8099975585938,599.1199951171875,599.4500122070312,76561,599.780029296875
2026-05-12 15:10:00-04:00,600.3900146484375,600.5,598.969970703125,599.7050170898438,105661,600.3900146484375
2026-05-12 15:15:00-04:00,600.5,600.9400024414062,600.1500244140625,600.360107421875,88225,600.5
2026-05-12 15:20:00-04:00,601.9400024414062,602.0999755859375,600.5,600.594970703125,137342,601.9400024414062
2026-05-12 15:25:00-04:00,602.4393920898438,602.4400024414062,601.8099975585938,602.0,96748,602.4393920898438
2026-05-12 15:30:00-04:00,602.0700073242188,602.4600219726562,601.25,602.4400024414062,96709,602.0700073242188
2026-05-12 15:35:00-04:00,601.6109008789062,602.4299926757812,601.5499877929688,602.0650024414062,78682,601.6109008789062
2026-05-12 15:40:00-04:00,602.7672119140625,602.7899780273438,601.1400756835938,601.60498046875,104026,602.7672119140625
2026-05-12 15:45:00-04:00,601.8699951171875,602.9500122070312,601.8300170898438,602.77001953125,104204,601.8699951171875
2026-05-12 15:50:00-04:00,603.344970703125,603.3544921875,601.760009765625,601.8300170898438,259905,603.344970703125
2026-05-12 15:55:00-04:00,603.1300048828125,603.4000244140625,602.6799926757812,603.3800048828125,467599,603.1300048828125
2026-05-13 09:30:00-04:00,598.4749755859375,600.3800048828125,597.0900268554688,598.8099975585938,704257,598.4749755859375
2026-05-13 09:35:00-04:00,600.780029296875,600.9400024414062,597.39501953125,598.469970703125,216294,600.780029296875
2026-05-13 09:40:00-04:00,601.4050903320312,601.8599853515625,600.0,600.7426147460938,152814,601.4050903320312
2026-05-13 09:45:00-04:00,599.8599853515625,601.7100219726562,596.6600952148438,601.2999877929688,331201,599.8599853515625
2026-05-13 09:50:00-04:00,602.97998046875,603.1900024414062,599.6300048828125,599.7999877929688,248172,602.97998046875
2026-05-13 09:55:00-04:00,605.7100219726562,606.14990234375,602.590087890625,603.02001953125,309869,605.7100219726562
2026-05-13 10:00:00-04:00,608.3499755859375,608.5198974609375,605.041015625,605.8298950195312,367115,608.3499755859375
2026-05-13 10:05:00-04:00,605.5349731445312,609.375,605.2999877929688,608.3350219726562,358267,605.5349731445312
2026-05-13 10:10:00-04:00,606.0499877929688,606.52001953125,604.5900268554688,605.4000244140625,216404,606.0499877929688
2026-05-13 10:15:00-04:00,606.35498046875,606.9500122070312,605.4301147460938,606.0499877929688,138833,606.35498046875
2026-05-13 10:20:00-04:00,606.1099853515625,607.2498779296875,605.6300048828125,606.35498046875,144503,606.1099853515625
2026-05-13 10:25:00-04:00,606.3499755859375,606.7999877929688,605.8800048828125,606.030029296875,84320,606.3499755859375
2026-05-13 10:30:00-04:00,604.2750244140625,606.385009765625,604.1400756835938,606.2849731445312,136235,604.2750244140625
2026-05-13 10:35:00-04:00,603.4849853515625,604.72998046875,603.2100219726562,604.1500244140625,169855,603.4849853515625
2026-05-13 10:40:00-04:00,604.8300170898438,604.9000244140625,603.5599975585938,603.6300048828125,113843,604.8300170898438
2026-05-13 10:45:00-04:00,605.3101196289062,605.659912109375,604.5601196289062,604.8800048828125,101246,605.3101196289062
2026-05-13 10:50:00-04:00,605.2849731445312,605.9500122070312,605.0056762695312,605.3099975585938,90494,605.2849731445312
2026-05-13 10:55:00-04:00,604.5750122070312,605.9299926757812,604.3900146484375,605.3099975585938,106768,604.5750122070312
2026-05-13 11:00:00-04:00,605.1500244140625,605.6400146484375,604.610107421875,604.7999877929688,75255,605.1500244140625
2026-05-13 11:05:00-04:00,604.0050048828125,605.25,603.7999877929688,605.1500244140625,86164,604.0050048828125
2026-05-13 11:10:00-04:00,604.2050170898438,604.3800048828125,603.77001953125,603.8699951171875,84290,604.2050170898438
2026-05-13 11:15:00-04:00,604.6900024414062,604.72998046875,603.6900024414062,604.1199951171875,111432,604.6900024414062
2026-05-13 11:20:00-04:00,605.9149780273438,605.969970703125,604.260009765625,604.760009765625,103983,605.9149780273438
2026-05-13 11:25:00-04:00,606.4896240234375,606.9600219726562,605.52001953125,605.9149780273438,157908,606.4896240234375
2026-05-13 11:30:00-04:00,606.6599731445312,607.2100219726562,605.5100708007812,606.4400024414062,130612,606.6599731445312
2026-05-13 11:35:00-04:00,607.0499877929688,607.0499877929688,606.0800170898438,606.6699829101562,110017,607.0499877929688
2026-05-13 11:40:00-04:00,609.0499877929688,609.0999755859375,606.9199829101562,607.0499877929688,187480,609.0499877929688
2026-05-13 11:45:00-04:00,608.1599731445312,609.27001953125,607.5700073242188,609.0999755859375,170416,608.1599731445312
2026-05-13 11:50:00-04:00,607.2393798828125,608.1400146484375,606.8800048828125,608.0800170898438,99070,607.2393798828125
2026-05-13 11:55:00-04:00,608.510009765625,608.5900268554688,606.969970703125,607.2949829101562,96520,608.510009765625
2026-05-13 12:00:00-04:00,609.7301025390625,609.8400268554688,608.0612182617188,608.4849853515625,142522,609.7301025390625
2026-05-13 12:05:00-04:00,609.6400146484375,609.989990234375,609.0700073242188,609.7999877929688,136915,609.6400146484375
2026-05-13 12:10:00-04:00,609.9749755859375,610.2369995117188,609.47998046875,609.6599731445312,149950,609.9749755859375
2026-05-13 12:15:00-04:00,609.8599853515625,610.5499877929688,609.6099853515625,609.9749755859375,119821,609.8599853515625
2026-05-13 12:20:00-04:00,610.9400024414062,611.219970703125,609.4500122070312,609.760009765625,127135,610.9400024414062
2026-05-13 12:25:00-04:00,612.5499877929688,612.6199951171875,610.9000244140625,610.9199829101562,240353,612.5499877929688
2026-05-13 12:30:00-04:00,612.8350219726562,613.0999755859375,611.6599731445312,612.5,207036,612.8350219726562
2026-05-13 12:35:00-04:00,612.8250122070312,613.4000244140625,612.4199829101562,612.8599853515625,169066,612.8250122070312
2026-05-13 12:40:00-04:00,611.6699829101562,613.1599731445312,611.47998046875,612.7899780273438,150234,611.6699829101562
2026-05-13 12:45:00-04:00,612.3800048828125,612.5,611.4600219726562,611.6099853515625,105986,612.3800048828125
2026-05-13 12:50:00-04:00,613.7000122070312,613.7150268554688,612.1400756835938,612.3099975585938,107533,613.7000122070312
2026-05-13 12:55:00-04:00,615.5549926757812,615.5999755859375,613.7000122070312,613.7000122070312,276332,615.5549926757812
2026-05-13 13:00:00-04:00,615.75,616.6599731445312,615.2200927734375,615.5999755859375,248570,615.75
2026-05-13 13:05:00-04:00,615.3900146484375,615.8499755859375,615.092529296875,615.6915283203125,147580,615.3900146484375
2026-05-13 13:10:00-04:00,615.2999877929688,615.7899780273438,614.9400024414062,615.4699096679688,141586,615.2999877929688
2026-05-13 13:15:00-04:00,615.1649780273438,615.280029296875,614.7301025390625,615.239990234375,101956,615.1649780273438
2026-05-13 13:20:00-04:00,614.830078125,615.1599731445312,614.4000244140625,615.1199951171875,115730,614.830078125
2026-05-13 13:25:00-04:00,615.510009765625,615.760009765625,614.9749755859375,614.9749755859375,120432,615.510009765625
2026-05-13 13:30:00-04:00,615.0750122070312,615.6500244140625,614.6799926757812,615.4400024414062,106240,615.0750122070312
2026-05-13 13:35:00-04:00,615.2949829101562,615.4500122070312,614.844970703125,615.0750122070312,77347,615.2949829101562
2026-05-13 13:40:00-04:00,615.7100219726562,616.0,615.135009765625,615.2949829101562,115895,615.7100219726562
2026-05-13 13:45:00-04:00,616.2899780273438,616.3400268554688,615.4801025390625,615.72998046875,86555,616.2899780273438
2026-05-13 13:50:00-04:00,616.0499877929688,616.75,616.0,616.2100830078125,101704,616.0499877929688
2026-05-13 13:55:00-04:00,615.0999755859375,616.14501953125,615.0401000976562,616.0499877929688,77202,615.0999755859375
2026-05-13 14:00:00-04:00,616.2899780273438,616.3800048828125,614.8499755859375,615.0999755859375,87868,616.2899780273438
2026-05-13 14:05:00-04:00,616.4149780273438,616.7999877929688,615.8800048828125,616.280029296875,97214,616.4149780273438
2026-05-13 14:10:00-04:00,617.511474609375,617.6099853515625,616.3599853515625,616.3599853515625,135907,617.511474609375
2026-05-13 14:15:00-04:00,617.9199829101562,618.25,617.4099731445312,617.4749755859375,171171,617.9199829101562
2026-05-13 14:20:00-04:00,618.22998046875,618.5,617.7200927734375,617.8800048828125,134485,618.22998046875
2026-05-13 14:25:00-04:00,617.8800048828125,618.3499755859375,617.7100219726562,618.2349853515625,106018,617.8800048828125
2026-05-13 14:30:00-04:00,618.1199951171875,618.1500244140625,617.280029296875,617.8699951171875,131814,618.1199951171875
2026-05-13 14:35:00-04:00,619.1099853515625,619.1799926757812,618.0200805664062,618.0900268554688,246289,619.1099853515625
2026-05-13 14:40:00-04:00,618.6950073242188,619.9000244140625,618.6199951171875,619.14501953125,179938,618.6950073242188
2026-05-13 14:45:00-04:00,618.75,619.4400024414062,618.6199951171875,618.6649780273438,122557,618.75
2026-05-13 14:50:00-04:00,617.9765014648438,618.8800048828125,617.4000244140625,618.7899780273438,151628,617.9765014648438
2026-05-13 14:55:00-04:00,617.14501953125,618.0800170898438,617.0700073242188,617.9550170898438,104415,617.14501953125
2026-05-13 15:00:00-04:00,617.1599731445312,617.52001953125,616.6599731445312,617.14501953125,101976,617.1599731445312
2026-05-13 15:05:00-04:00,617.5150146484375,617.6799926757812,617.0599975585938,617.0599975585938,121075,617.5150146484375
2026-05-13 15:10:00-04:00,617.3250122070312,617.6099853515625,616.7901000976562,617.47998046875,107980,617.3250122070312
2026-05-13 15:15:00-04:00,618.1400146484375,618.3499755859375,617.22998046875,617.2949829101562,136230,618.1400146484375
2026-05-13 15:20:00-04:00,616.6699829101562,618.3599853515625,616.4500122070312,618.2100219726562,127365,616.6699829101562
2026-05-13 15:25:00-04:00,616.614990234375,616.7000122070312,616.239990234375,616.5399780273438,91196,616.614990234375
2026-05-13 15:30:00-04:00,616.5900268554688,617.2999877929688,616.4099731445312,616.60009765625,118097,616.5900268554688
2026-05-13 15:35:00-04:00,617.2100219726562,617.3599853515625,616.530029296875,616.530029296875,135817,617.2100219726562
2026-05-13 15:40:00-04:00,616.97998046875,617.3699951171875,616.7000122070312,617.2100219726562,158943,616.97998046875
2026-05-13 15:45:00-04:00,616.5900268554688,617.0999755859375,616.4099731445312,616.9749755859375,109579,616.5900268554688
2026-05-13 15:50:00-04:00,616.9199829101562,617.4224853515625,615.3150024414062,616.5,259023,616.9199829101562
2026-05-13 15:55:00-04:00,616.5900268554688,617.0999755859375,616.1599731445312,616.791015625,455205,616.5900268554688
2026-05-14 09:30:00-04:00,618.39501953125,618.8400268554688,615.0,616.125,556928,618.39501953125
2026-05-14 09:35:00-04:00,617.3699951171875,618.5,615.6900024414062,618.5,158801,617.3699951171875
2026-05-14 09:40:00-04:00,617.6400146484375,617.9099731445312,615.27001953125,617.3140869140625,169359,617.6400146484375
2026-05-14 09:45:00-04:00,616.719970703125,617.9451293945312,615.5399780273438,617.6799926757812,136826,616.719970703125
2026-05-14 09:50:00-04:00,616.7100219726562,619.4600219726562,616.402099609375,616.8800048828125,225221,616.7100219726562
2026-05-14 09:55:00-04:00,617.5,618.9099731445312,616.1950073242188,616.7100219726562,191588,617.5
2026-05-14 10:00:00-04:00,622.4849853515625,622.7000122070312,617.4600219726562,617.5050048828125,327536,622.4849853515625
2026-05-14 10:05:00-04:00,621.6599731445312,623.0,620.1500244140625,622.5499877929688,328347,621.6599731445312
2026-05-14 10:10:00-04:00,620.64501953125,622.6798706054688,619.7000122070312,621.719970703125,185447,620.64501953125
2026-05-14 10:15:00-04:00,620.3800048828125,621.639892578125,620.0,620.760009765625,132374,620.3800048828125
2026-05-14 10:20:00-04:00,622.8200073242188,622.9099731445312,619.9400024414062,620.22998046875,258166,622.8200073242188
2026-05-14 10:25:00-04:00,621.9500122070312,623.1599731445312,621.1199951171875,622.7789916992188,204574,621.9500122070312
2026-05-14 10:30:00-04:00,620.75,622.4000244140625,619.9000244140625,622.1300048828125,164173,620.75
2026-05-14 10:35:00-04:00,618.375,621.1599731445312,617.97998046875,620.72998046875,206856,618.375
2026-05-14 10:40:00-04:00,620.1849975585938,620.4500122070312,617.9201049804688,618.4299926757812,136675,620.1849975585938
2026-05-14 10:45:00-04:00,621.1300048828125,621.2999877929688,620.1763916015625,620.1904907226562,116279,621.1300048828125
2026-05-14 10:50:00-04:00,621.739501953125,622.3699951171875,621.0399780273438,621.1649780273438,83339,621.739501953125
2026-05-14 10:55:00-04:00,620.3200073242188,622.27001953125,620.25,621.8499755859375,108971,620.3200073242188
2026-05-14 11:00:00-04:00,621.3800048828125,621.7999877929688,620.239990234375,620.3200073242188,87396,621.3800048828125
2026-05-14 11:05:00-04:00,621.75,622.25,621.1500244140625,621.3099975585938,124307,621.75
2026-05-14 11:10:00-04:00,622.2999877929688,622.4000244140625,620.840087890625,621.739990234375,92523,622.2999877929688
2026-05-14 11:15:00-04:00,621.25,622.8499755859375,620.5900268554688,622.3300170898438,116517,621.25
2026-05-14 11:20:00-04:00,621.8900146484375,622.3184204101562,621.22998046875,621.22998046875,90772,621.8900146484375
2026-05-14 11:25:00-04:00,622.0250244140625,622.280029296875,621.739990234375,621.9199829101562,83400,622.0250244140625
2026-05-14 11:30:00-04:00,622.1300048828125,622.72998046875,621.676025390625,621.9199829101562,89631,622.1300048828125
2026-05-14 11:35:00-04:00,622.4249877929688,622.8800048828125,621.6699829101562,622.1400146484375,103245,622.4249877929688
2026-05-14 11:40:00-04:00,621.8505859375,622.4299926757812,621.4099731445312,622.3900146484375,85496,621.8505859375
2026-05-14 11:45:00-04:00,621.1099853515625,621.89990234375,620.8909912109375,621.7899780273438,83557,621.1099853515625
2026-05-14 11:50:00-04:00,620.7800903320312,621.27001953125,620.77001953125,621.1199951171875,82335,620.7800903320312
2026-05-14 11:55:00-04:00,621.5,621.8699951171875,620.6799926757812,620.8699951171875,68082,621.5
2026-05-14 12:00:00-04:00,622.89501953125,623.2000122070312,621.5150146484375,621.5150146484375,128599,622.89501953125
2026-05-14 12:05:00-04:00,623.1599731445312,623.5900268554688,622.760009765625,622.9000244140625,110388,623.1599731445312
2026-05-14 12:10:00-04:00,621.6699829101562,623.0999755859375,621.6699829101562,623.0999755859375,61804,621.6699829101562
2026-05-14 12:15:00-04:00,623.0017700195312,623.72998046875,621.60498046875,621.75,69069,623.0017700195312
2026-05-14 12:20:00-04:00,621.8300170898438,623.5499877929688,621.8099975585938,622.9199829101562,70437,621.8300170898438
2026-05-14 12:25:00-04:00,620.8800048828125,622.27001953125,620.6099853515625,621.8200073242188,58329,620.8800048828125
2026-05-14 12:30:00-04:00,619.530029296875,621.2103271484375,619.5,621.0399780273438,120514,619.530029296875
2026-05-14 12:35:00-04:00,620.2000122070312,620.5,619.590087890625,619.7150268554688,268685,620.2000122070312
2026-05-14 12:40:00-04:00,620.4199829101562,621.0,620.114990234375,620.3200073242188,78085,620.4199829101562
2026-05-14 12:45:00-04:00,620.530029296875,620.9500122070312,619.8099975585938,620.3900146484375,60077,620.530029296875
2026-05-14 12:50:00-04:00,619.1900024414062,620.635009765625,619.0,620.530029296875,60215,619.1900024414062
2026-05-14 12:55:00-04:00,619.3900146484375,619.4998779296875,618.8599853515625,619.2899169921875,63128,619.3900146484375
2026-05-14 13:00:00-04:00,619.655029296875,619.8400268554688,619.1701049804688,619.4299926757812,47415,619.655029296875
2026-05-14 13:05:00-04:00,619.0800170898438,619.6900024414062,619.0,619.6500244140625,48480,619.0800170898438
2026-05-14 13:10:00-04:00,619.2150268554688,619.7999267578125,618.9000854492188,619.14501953125,55838,619.2150268554688
2026-05-14 13:15:00-04:00,618.3350219726562,619.47998046875,618.2203979492188,619.3099975585938,71443,618.3350219726562
2026-05-14 13:20:00-04:00,618.2999877929688,618.7681884765625,618.0599975585938,618.3400268554688,122698,618.2999877929688
2026-05-14 13:25:00-04:00,619.1400146484375,619.1799926757812,618.1599731445312,618.2000122070312,59476,619.1400146484375
2026-05-14 13:30:00-04:00,618.8099975585938,619.9000244140625,618.47998046875,619.1500244140625,61538,618.8099975585938
2026-05-14 13:35:00-04:00,619.4287109375,619.4550170898438,618.4000244140625,618.6500244140625,59581,619.4287109375
2026-05-14 13:40:00-04:00,619.0700073242188,619.47998046875,618.8300170898438,619.4299926757812,45112,619.0700073242188
2026-05-14 13:45:00-04:00,619.0800170898438,619.3599853515625,618.7000122070312,619.0999755859375,42689,619.0800170898438
2026-05-14 13:50:00-04:00,619.0574951171875,619.5,618.93017578125,619.0800170898438,51345,619.0574951171875
2026-05-14 13:55:00-04:00,618.7949829101562,619.4099731445312,618.7949829101562,619.0549926757812,38452,618.7949829101562
2026-05-14 14:00:00-04:00,618.0275268554688,618.7849731445312,617.64501953125,618.780029296875,92315,618.0275268554688
2026-05-14 14:05:00-04:00,617.530029296875,618.2999267578125,617.4099731445312,617.9949951171875,71024,617.530029296875
2026-05-14 14:10:00-04:00,617.4500122070312,618.0,617.3499755859375,617.6799926757812,76253,617.4500122070312
2026-05-14 14:15:00-04:00,618.010009765625,618.0599975585938,617.3099975585938,617.4500122070312,71716,618.010009765625
2026-05-14 14:20:00-04:00,617.9650268554688,618.3499755859375,617.3699951171875,617.9000244140625,99396,617.9650268554688
2026-05-14 14:25:00-04:00,615.9600219726562,617.9691772460938,615.75,617.9650268554688,120695,615.9600219726562
2026-05-14 14:30:00-04:00,615.6900024414062,616.2249755859375,615.4199829101562,615.8300170898438,142346,615.6900024414062
2026-05-14 14:35:00-04:00,615.8499755859375,616.0800170898438,615.4199829101562,615.6900024414062,97392,615.8499755859375
2026-05-14 14:40:00-04:00,616.1099853515625,616.5,615.5,615.9749755859375,88624,616.1099853515625
2026-05-14 14:45:00-04:00,616.60498046875,616.6900024414062,615.864990234375,616.1099853515625,85570,616.60498046875
2026-05-14 14:50:00-04:00,616.5499877929688,616.905029296875,616.0999755859375,616.6599731445312,99987,616.5499877929688
2026-05-14 14:55:00-04:00,616.6699829101562,617.2000122070312,616.3599853515625,616.4500122070312,76888,616.6699829101562
2026-05-14 15:00:00-04:00,617.1699829101562,617.2098999023438,616.510986328125,616.7100219726562,74151,617.1699829101562
2026-05-14 15:05:00-04:00,617.740478515625,617.9000244140625,617.1099853515625,617.1300048828125,54708,617.740478515625
2026-05-14 15:10:00-04:00,617.1699829101562,617.8676147460938,617.02001953125,617.75,58848,617.1699829101562
2026-05-14 15:15:00-04:00,617.1500244140625,617.3699951171875,616.6799926757812,617.1300048828125,52977,617.1500244140625
2026-05-14 15:20:00-04:00,616.9600219726562,617.9989013671875,616.8499755859375,617.1500244140625,66938,616.9600219726562
2026-05-14 15:25:00-04:00,617.1799926757812,617.6500244140625,616.9199829101562,617.0399780273438,87688,617.1799926757812
2026-05-14 15:30:00-04:00,617.5399780273438,617.8200073242188,617.2100219726562,617.2100219726562,66375,617.5399780273438
2026-05-14 15:35:00-04:00,617.6300048828125,617.75,617.3099975585938,617.5,102101,617.6300048828125
2026-05-14 15:40:00-04:00,617.760009765625,617.9199829101562,617.489990234375,617.6400146484375,72219,617.760009765625
2026-05-14 15:45:00-04:00,617.8400268554688,618.1599731445312,617.6500244140625,617.760009765625,107343,617.8400268554688
2026-05-14 15:50:00-04:00,618.0650024414062,618.3099975585938,617.5700073242188,617.8400268554688,185378,618.0650024414062
2026-05-14 15:55:00-04:00,618.4299926757812,618.75,617.8400268554688,618.1199951171875,438548,618.4299926757812
2026-05-15 09:30:00-04:00,610.60498046875,614.5850219726562,609.3099975585938,614.10498046875,1350197,610.60498046875
2026-05-15 09:35:00-04:00,610.4099731445312,612.4337768554688,610.02001953125,610.8300170898438,179007,610.4099731445312
2026-05-15 09:40:00-04:00,610.6950073242188,613.0499877929688,610.4700927734375,610.5499877929688,155577,610.6950073242188
2026-05-15 09:45:00-04:00,611.9000244140625,612.1400146484375,609.64501953125,610.7249755859375,182461,611.9000244140625
2026-05-15 09:50:00-04:00,611.9600219726562,612.8350219726562,610.219970703125,611.9500122070312,113551,611.9600219726562
2026-05-15 09:55:00-04:00,610.2623901367188,612.6500244140625,610.2000122070312,611.7000122070312,144582,610.2623901367188
2026-05-15 10:00:00-04:00,611.4550170898438,611.9299926757812,609.7750244140625,610.4699096679688,112217,611.4550170898438
2026-05-15 10:05:00-04:00,613.2349853515625,613.2349853515625,611.2899780273438,611.2899780273438,98434,613.2349853515625
2026-05-15 10:10:00-04:00,613.6199951171875,613.8599853515625,612.5499877929688,613.27001953125,153129,613.6199951171875
2026-05-15 10:15:00-04:00,612.1950073242188,613.9600219726562,612.1400146484375,613.6199951171875,140345,612.1950073242188
2026-05-15 10:20:00-04:00,612.6500244140625,613.6298828125,611.7999877929688,612.1950073242188,104809,612.6500244140625
2026-05-15 10:25:00-04:00,612.4199829101562,612.7999877929688,611.8499755859375,612.6099853515625,86499,612.4199829101562
2026-05-15 10:30:00-04:00,613.3659057617188,613.4400024414062,612.4849853515625,612.489990234375,857657,613.3659057617188
2026-05-15 10:35:00-04:00,613.77001953125,614.757080078125,612.6599731445312,613.3699951171875,214506,613.77001953125
2026-05-15 10:40:00-04:00,614.0800170898438,614.739990234375,613.7100219726562,613.7999877929688,72680,614.0800170898438
2026-05-15 10:45:00-04:00,613.7999877929688,614.3800048828125,613.4000244140625,614.1804809570312,82536,613.7999877929688
2026-05-15 10:50:00-04:00,615.0499877929688,615.0499877929688,613.010009765625,613.760009765625,111456,615.0499877929688
2026-05-15 10:55:00-04:00,614.8400268554688,615.1799926757812,614.4099731445312,615.0050048828125,99380,614.8400268554688
2026-05-15 11:00:00-04:00,614.1500244140625,614.9050903320312,613.6199951171875,614.864990234375,67835,614.1500244140625
2026-05-15 11:05:00-04:00,614.965087890625,615.0,613.130126953125,614.1400146484375,109465,614.965087890625
2026-05-15 11:10:00-04:00,614.864990234375,615.8681030273438,614.47998046875,614.97509765625,100883,614.864990234375
2026-05-15 11:15:00-04:00,615.2100219726562,615.5750122070312,614.3101196289062,614.7999877929688,65588,615.2100219726562
2026-05-15 11:20:00-04:00,614.7899780273438,616.0,614.4600830078125,615.3049926757812,92912,614.7899780273438
2026-05-15 11:25:00-04:00,614.9400024414062,614.9600219726562,613.8599853515625,614.8599853515625,370078,614.9400024414062
2026-05-15 11:30:00-04:00,614.6699829101562,615.9899291992188,614.58837890625,615.0999755859375,78348,614.6699829101562
2026-05-15 11:35:00-04:00,613.4349975585938,615.1500244140625,613.2000122070312,614.6199951171875,68301,613.4349975585938
2026-05-15 11:40:00-04:00,612.3800048828125,613.5172119140625,612.1199951171875,613.4000244140625,83848,612.3800048828125
2026-05-15 11:45:00-04:00,612.75,613.2999877929688,612.0999755859375,612.469970703125,59262,612.75
2026-05-15 11:50:00-04:00,612.0999755859375,612.719970703125,611.72998046875,612.719970703125,62064,612.0999755859375
2026-05-15 11:55:00-04:00,613.27001953125,613.6298828125,611.739990234375,611.989990234375,50843,613.27001953125
2026-05-15 12:00:00-04:00,613.3200073242188,613.9299926757812,613.010009765625,613.4000244140625,65591,613.3200073242188
2026-05-15 12:05:00-04:00,614.22998046875,614.5599975585938,613.0700073242188,613.280029296875,58779,614.22998046875
2026-05-15 12:10:00-04:00,613.5599975585938,614.2659912109375,613.3099975585938,614.239990234375,40042,613.5599975585938
2026-05-15 12:15:00-04:00,613.5499877929688,613.6500244140625,613.010009765625,613.4401245117188,68812,613.5499877929688
2026-05-15 12:20:00-04:00,614.7000122070312,614.8400268554688,613.4848022460938,613.530029296875,58594,614.7000122070312
2026-05-15 12:25:00-04:00,615.39501953125,615.739990234375,614.4100952148438,614.6699829101562,71951,615.39501953125
2026-05-15 12:30:00-04:00,616.02001953125,616.5,615.2000122070312,615.39501953125,84727,616.02001953125
2026-05-15 12:35:00-04:00,616.1500244140625,617.030029296875,615.8099975585938,616.2050170898438,73433,616.1500244140625
2026-05-15 12:40:00-04:00,615.1600952148438,616.0800170898438,614.9299926757812,616.0499877929688,64586,615.1600952148438
2026-05-15 12:45:00-04:00,615.3599853515625,615.7100219726562,615.14501953125,615.2150268554688,38391,615.3599853515625
2026-05-15 12:50:00-04:00,614.655029296875,615.5999755859375,614.5800170898438,615.3250122070312,46642,614.655029296875
2026-05-15 12:55:00-04:00,615.8499755859375,615.9398803710938,614.6699829101562,614.719970703125,45991,615.8499755859375
2026-05-15 13:00:00-04:00,615.9500122070312,616.1276245117188,615.3800048828125,615.8200073242188,48624,615.9500122070312
2026-05-15 13:05:00-04:00,616.2000122070312,616.260009765625,615.7000122070312,615.7999877929688,71214,616.2000122070312
2026-05-15 13:10:00-04:00,617.5399780273438,617.8699951171875,616.0999755859375,616.2188720703125,77335,617.5399780273438
2026-05-15 13:15:00-04:00,617.3599853515625,617.6649780273438,616.5999755859375,617.610107421875,49514,617.3599853515625
2026-05-15 13:20:00-04:00,618.0299072265625,618.0900268554688,617.0999755859375,617.4500122070312,88697,618.0299072265625
2026-05-15 13:25:00-04:00,618.1099853515625,618.3699951171875,617.611572265625,618.02001953125,63267,618.1099853515625
2026-05-15 13:30:00-04:00,619.489990234375,619.6500244140625,617.6400146484375,618.0549926757812,90426,619.489990234375
2026-05-15 13:35:00-04:00,619.1500244140625,619.6099853515625,618.7650146484375,619.5,59960,619.1500244140625
2026-05-15 13:40:00-04:00,618.8699951171875,619.4600219726562,618.5338745117188,619.1500244140625,68414,618.8699951171875
2026-05-15 13:45:00-04:00,619.6799926757812,619.72998046875,618.8699951171875,618.9400024414062,273381,619.6799926757812
2026-05-15 13:50:00-04:00,620.094970703125,620.4400024414062,619.6099853515625,619.6699829101562,124593,620.094970703125
2026-05-15 13:55:00-04:00,620.1400146484375,620.239990234375,619.594970703125,620.0900268554688,68382,620.1400146484375
2026-05-15 14:00:00-04:00,620.1500854492188,621.1998901367188,619.9301147460938,620.1400146484375,133198,620.1500854492188
2026-05-15 14:05:00-04:00,620.1580200195312,621.094970703125,620.0809936523438,620.27001953125,93760,620.1580200195312
2026-05-15 14:10:00-04:00,620.0900268554688,620.6699829101562,620.0223999023438,620.2000122070312,50716,620.0900268554688
2026-05-15 14:15:00-04:00,619.4400024414062,620.7000122070312,619.2999877929688,620.2000122070312,73704,619.4400024414062
2026-05-15 14:20:00-04:00,619.8099975585938,620.328125,619.3900146484375,619.469970703125,60096,619.8099975585938
2026-05-15 14:25:00-04:00,619.0599975585938,620.010009765625,618.8128051757812,619.739990234375,70306,619.0599975585938
2026-05-15 14:30:00-04:00,618.1799926757812,619.219970703125,617.52001953125,619.0650024414062,103253,618.1799926757812
2026-05-15 14:35:00-04:00,618.6259765625,618.6799926757812,618.0800170898438,618.2999877929688,54833,618.6259765625
2026-05-15 14:40:00-04:00,618.114990234375,618.6500244140625,617.530029296875,618.6500244140625,88943,618.114990234375
2026-05-15 14:45:00-04:00,618.0800170898438,618.5,617.5,618.114990234375,63657,618.0800170898438
2026-05-15 14:50:00-04:00,617.5650024414062,618.1798706054688,617.130126953125,618.1798706054688,80771,617.5650024414062
2026-05-15 14:55:00-04:00,616.8599853515625,617.6799926757812,616.4600219726562,617.52001953125,96106,616.8599853515625
2026-05-15 15:00:00-04:00,616.1900024414062,617.0,616.1099853515625,616.6099853515625,73200,616.1900024414062
2026-05-15 15:05:00-04:00,616.3400268554688,616.8499755859375,616.0499877929688,616.27001953125,56599,616.3400268554688
2026-05-15 15:10:00-04:00,616.375,616.5900268554688,616.1300048828125,616.3099975585938,374531,616.375
2026-05-15 15:15:00-04:00,616.125,616.4099731445312,615.5900268554688,616.3400268554688,116825,616.125
2026-05-15 15:20:00-04:00,616.1550903320312,617.280029296875,616.0300903320312,616.114990234375,87689,616.1550903320312
2026-05-15 15:25:00-04:00,616.375,616.6646118164062,616.1300048828125,616.2100219726562,80607,616.375
2026-05-15 15:30:00-04:00,615.6500244140625,616.5,615.25,616.3200073242188,122621,615.6500244140625
2026-05-15 15:35:00-04:00,615.4349975585938,615.5900268554688,615.0800170898438,615.5700073242188,86486,615.4349975585938
2026-05-15 15:40:00-04:00,614.1649780273438,615.6199951171875,614.0,615.4349975585938,231876,614.1649780273438
2026-05-15 15:45:00-04:00,615.4349975585938,615.8499755859375,614.1599731445312,614.1599731445312,202414,615.4349975585938
2026-05-15 15:50:00-04:00,614.0050048828125,615.4000244140625,613.780029296875,615.4000244140625,348208,614.0050048828125
2026-05-15 15:55:00-04:00,614.4500122070312,615.0,613.5,614.5501098632812,653307,614.4500122070312
2026-05-18 09:30:00-04:00,606.6900024414062,609.02001953125,605.0,605.0,1559598,606.6900024414062
2026-05-18 09:35:00-04:00,605.7083129882812,607.6500854492188,605.2901000976562,606.5900268554688,296732,605.7083129882812
2026-05-18 09:40:00-04:00,608.0150146484375,608.8300170898438,605.4400024414062,605.6478271484375,291690,608.0150146484375
2026-05-18 09:45:00-04:00,608.844970703125,609.510009765625,607.1300048828125,608.0418701171875,267005,608.844970703125
2026-05-18 09:50:00-04:00,608.8001098632812,610.3400268554688,608.760009765625,608.844970703125,263660,608.8001098632812
2026-05-18 09:55:00-04:00,611.85498046875,612.0,608.1300048828125,608.7600708007812,264807,611.85498046875
2026-05-18 10:00:00-04:00,609.5900268554688,612.219970703125,609.2000122070312,611.8599853515625,219803,609.5900268554688
2026-05-18 10:05:00-04:00,610.3657836914062,611.0,609.0499877929688,609.5999755859375,181795,610.3657836914062
2026-05-18 10:10:00-04:00,609.64501953125,611.0,609.1199951171875,610.5,165116,609.64501953125
2026-05-18 10:15:00-04:00,611.510009765625,611.6900024414062,609.5599975585938,609.7100219726562,172367,611.510009765625
2026-05-18 10:20:00-04:00,610.625,611.9199829101562,610.1400146484375,611.510009765625,156198,610.625
2026-05-18 10:25:00-04:00,611.469970703125,611.7100219726562,609.6300048828125,610.635009765625,148658,611.469970703125
2026-05-18 10:30:00-04:00,608.219970703125,611.97998046875,607.8300170898438,611.6599731445312,235811,608.219970703125
2026-05-18 10:35:00-04:00,609.0900268554688,609.4400024414062,605.7100219726562,608.3289794921875,202294,609.0900268554688
2026-05-18 10:40:00-04:00,609.9199829101562,610.2000122070312,608.0499877929688,609.10498046875,150305,609.9199829101562
2026-05-18 10:45:00-04:00,608.1400146484375,610.0700073242188,608.0,609.75,135898,608.1400146484375
2026-05-18 10:50:00-04:00,609.47998046875,610.1298828125,608.0401000976562,608.2150268554688,118986,609.47998046875
2026-05-18 10:55:00-04:00,609.3217163085938,610.02001953125,608.7999877929688,609.4849853515625,89709,609.3217163085938
2026-05-18 11:00:00-04:00,606.6701049804688,609.510009765625,606.0,609.3099975585938,194237,606.6701049804688
2026-05-18 11:05:00-04:00,607.3400268554688,608.1300048828125,606.2000122070312,606.6699829101562,123957,607.3400268554688
2026-05-18 11:10:00-04:00,608.5399780273438,608.7000122070312,606.9550170898438,607.3699951171875,114370,608.5399780273438
2026-05-18 11:15:00-04:00,608.4500122070312,608.7000122070312,607.1900024414062,608.4400024414062,112475,608.4500122070312
2026-05-18 11:20:00-04:00,608.4149780273438,609.0449829101562,607.72998046875,608.3699951171875,89781,608.4149780273438
2026-05-18 11:25:00-04:00,607.7100219726562,609.1799926757812,607.5,608.4149780273438,108339,607.7100219726562
2026-05-18 11:30:00-04:00,608.6300048828125,609.1500244140625,607.510009765625,607.5900268554688,89562,608.6300048828125
2026-05-18 11:35:00-04:00,608.6748046875,609.22998046875,608.5200805664062,608.560302734375,66697,608.6748046875
2026-05-18 11:40:00-04:00,607.8200073242188,610.0,607.7901000976562,608.6799926757812,125052,607.8200073242188
2026-05-18 11:45:00-04:00,607.8300170898438,608.27001953125,607.5700073242188,607.8350219726562,54716,607.8300170898438
2026-05-18 11:50:00-04:00,607.5999755859375,608.1177978515625,606.8599853515625,607.8125,125760,607.5999755859375
2026-05-18 11:55:00-04:00,607.489990234375,607.969970703125,607.0050048828125,607.625,79280,607.489990234375
2026-05-18 12:00:00-04:00,607.25,607.7000122070312,606.6849975585938,607.5,104736,607.25
2026-05-18 12:05:00-04:00,608.4349975585938,608.5999755859375,607.1199951171875,607.2999877929688,111410,608.4349975585938
2026-05-18 12:10:00-04:00,609.2050170898438,609.2999267578125,608.22998046875,608.3400268554688,121708,609.2050170898438
2026-05-18 12:15:00-04:00,609.9249877929688,610.3200073242188,609.243896484375,609.243896484375,132199,609.9249877929688
2026-05-18 12:20:00-04:00,609.6400146484375,610.5050048828125,609.2301025390625,609.8701171875,107524,609.6400146484375
2026-05-18 12:25:00-04:00,608.0599975585938,609.8699951171875,607.8599853515625,609.6599731445312,93464,608.0599975585938
2026-05-18 12:30:00-04:00,608.9500122070312,609.4400024414062,607.469970703125,608.0599975585938,105483,608.9500122070312
2026-05-18 12:35:00-04:00,609.3200073242188,609.760009765625,608.9199829101562,608.9299926757812,72014,609.3200073242188
2026-05-18 12:40:00-04:00,607.6500244140625,609.5798950195312,607.6079711914062,609.4500122070312,65152,607.6500244140625
2026-05-18 12:45:00-04:00,608.6199951171875,608.7000122070312,607.5200805664062,607.6599731445312,75036,608.6199951171875
2026-05-18 12:50:00-04:00,609.7100219726562,609.7100219726562,608.6900024414062,608.6900024414062,132230,609.7100219726562
2026-05-18 12:55:00-04:00,609.7899780273438,610.8499755859375,609.6799926757812,609.75,139250,609.7899780273438
2026-05-18 13:00:00-04:00,610.0723266601562,610.1900024414062,609.0001220703125,609.7899780273438,86962,610.0723266601562
2026-05-18 13:05:00-04:00,610.62158203125,610.8699951171875,609.52001953125,610.094970703125,86397,610.62158203125
2026-05-18 13:10:00-04:00,610.9299926757812,611.0499877929688,610.0,610.6649780273438,69898,610.9299926757812
2026-05-18 13:15:00-04:00,612.5889892578125,612.6199951171875,610.8900146484375,610.9299926757812,122532,612.5889892578125
2026-05-18 13:20:00-04:00,613.0700073242188,613.1799926757812,611.8900146484375,612.5499877929688,101601,613.0700073242188
2026-05-18 13:25:00-04:00,613.0499877929688,613.618896484375,612.75,613.0499877929688,95043,613.0499877929688
2026-05-18 13:30:00-04:00,613.1909790039062,613.22509765625,612.6699829101562,613.0499877929688,70643,613.1909790039062
2026-05-18 13:35:00-04:00,612.9400024414062,613.2899780273438,612.3800048828125,613.1400146484375,146720,612.9400024414062
2026-05-18 13:40:00-04:00,613.1453857421875,613.9799194335938,612.530029296875,612.8800048828125,102938,613.1453857421875
2026-05-18 13:45:00-04:00,613.8800048828125,614.1699829101562,612.719970703125,613.0401000976562,82434,613.8800048828125
2026-05-18 13:50:00-04:00,615.0399780273438,615.5900268554688,613.7100830078125,613.8800048828125,161741,615.0399780273438
2026-05-18 13:55:00-04:00,614.5250854492188,615.3900146484375,613.7999877929688,614.9600219726562,73754,614.5250854492188
2026-05-18 14:00:00-04:00,613.510009765625,614.75,613.1749877929688,614.5250854492188,84578,613.510009765625
2026-05-18 14:05:00-04:00,612.7100830078125,613.8300170898438,612.5499877929688,613.6300048828125,123424,612.7100830078125
2026-05-18 14:10:00-04:00,612.0349731445312,612.8699951171875,611.9600219726562,612.5900268554688,86755,612.0349731445312
2026-05-18 14:15:00-04:00,611.0086059570312,612.0999145507812,610.526611328125,612.0399780273438,140197,611.0086059570312
2026-05-18 14:20:00-04:00,610.739990234375,611.0499877929688,610.3099975585938,610.9650268554688,81555,610.739990234375
2026-05-18 14:25:00-04:00,610.4000244140625,610.969970703125,609.752685546875,610.8800048828125,82794,610.4000244140625
2026-05-18 14:30:00-04:00,610.72998046875,611.25,610.3200073242188,610.47998046875,72350,610.72998046875
2026-05-18 14:35:00-04:00,610.530029296875,611.0999755859375,610.3499755859375,610.75,58475,610.530029296875
2026-05-18 14:40:00-04:00,610.010009765625,610.6500244140625,609.75,610.530029296875,81488,610.010009765625
2026-05-18 14:45:00-04:00,609.4500122070312,610.4000244140625,609.4500122070312,610.0,91045,609.4500122070312
2026-05-18 14:50:00-04:00,608.9199829101562,609.8699951171875,608.9199829101562,609.4664916992188,98358,608.9199829101562
2026-05-18 14:55:00-04:00,607.4249877929688,609.4000244140625,607.388671875,609.005615234375,124241,607.4249877929688
2026-05-18 15:00:00-04:00,611.5999755859375,612.739990234375,607.4199829101562,607.510009765625,187024,611.5999755859375
2026-05-18 15:05:00-04:00,612.2100830078125,612.2899780273438,611.239990234375,611.4650268554688,111111,612.2100830078125
2026-05-18 15:10:00-04:00,612.1500244140625,612.5,611.7517700195312,612.22998046875,95413,612.1500244140625
2026-05-18 15:15:00-04:00,611.7899780273438,612.5,611.52001953125,612.2650146484375,86468,611.7899780273438
2026-05-18 15:20:00-04:00,611.2899780273438,612.25,611.260009765625,611.7650146484375,90534,611.2899780273438
2026-05-18 15:25:00-04:00,611.7449951171875,612.0999145507812,610.52001953125,611.2899780273438,89149,611.7449951171875
2026-05-18 15:30:00-04:00,611.739990234375,612.4600219726562,611.469970703125,611.7650146484375,76267,611.739990234375
2026-05-18 15:35:00-04:00,611.4299926757812,612.0700073242188,611.2000122070312,611.8599853515625,88180,611.4299926757812
2026-05-18 15:40:00-04:00,611.8300170898438,612.3300170898438,611.4014282226562,611.4100952148438,104532,611.8300170898438
2026-05-18 15:45:00-04:00,611.5,612.10498046875,610.6699829101562,611.7949829101562,128112,611.5
2026-05-18 15:50:00-04:00,610.989990234375,611.7000122070312,610.5,611.530029296875,183745,610.989990234375
2026-05-18 15:55:00-04:00,611.3300170898438,611.5499877929688,610.0599975585938,610.9299926757812,412594,611.3300170898438
2026-05-19 09:30:00-04:00,609.0,610.0,606.5,608.0,1174095,609.0
2026-05-19 09:35:00-04:00,607.4769897460938,609.3599853515625,606.3602905273438,609.02001953125,182974,607.4769897460938
2026-05-19 09:40:00-04:00,606.0700073242188,607.6849975585938,605.6010131835938,607.601318359375,158251,606.0700073242188
2026-05-19 09:45:00-04:00,608.7999877929688,609.0,605.1099853515625,605.9199829101562,175642,608.7999877929688
2026-05-19 09:50:00-04:00,611.1699829101562,611.8699951171875,608.7811889648438,608.8200073242188,271425,611.1699829101562
2026-05-19 09:55:00-04:00,612.6099853515625,613.9299926757812,610.010009765625,611.25,202727,612.6099853515625
2026-05-19 10:00:00-04:00,613.0599975585938,613.5,611.4201049804688,612.510009765625,145767,613.0599975585938
2026-05-19 10:05:00-04:00,609.9099731445312,613.0,608.8099975585938,612.9000244140625,230384,609.9099731445312
2026-05-19 10:10:00-04:00,609.35498046875,610.9199829101562,609.1801147460938,609.9100952148438,131653,609.35498046875
2026-05-19 10:15:00-04:00,609.6300048828125,610.7999877929688,609.1300048828125,609.344970703125,154440,609.6300048828125
2026-05-19 10:20:00-04:00,608.969970703125,610.0700073242188,607.6036987304688,609.7899780273438,126200,608.969970703125
2026-05-19 10:25:00-04:00,608.8151245117188,609.0,607.610107421875,609.0,91881,608.8151245117188
2026-05-19 10:30:00-04:00,608.3499755859375,609.22998046875,607.840087890625,608.989990234375,63890,608.3499755859375
2026-05-19 10:35:00-04:00,607.5999755859375,608.6500244140625,607.0100708007812,608.6099853515625,67929,607.5999755859375
2026-05-19 10:40:00-04:00,607.3200073242188,608.2000122070312,607.0,607.5,119077,607.3200073242188
2026-05-19 10:45:00-04:00,605.739990234375,607.409912109375,605.3499755859375,607.2899780273438,173824,605.739990234375
2026-05-19 10:50:00-04:00,605.7233276367188,606.1099853515625,604.7999877929688,605.7899780273438,136493,605.7233276367188
2026-05-19 10:55:00-04:00,606.864990234375,607.1900024414062,605.6599731445312,605.6599731445312,83044,606.864990234375
2026-05-19 11:00:00-04:00,606.719970703125,606.9600219726562,605.510009765625,606.77001953125,76779,606.719970703125
2026-05-19 11:05:00-04:00,606.85498046875,607.5900268554688,606.3699951171875,606.7000122070312,73580,606.85498046875
2026-05-19 11:10:00-04:00,606.8200073242188,607.5700073242188,606.8200073242188,607.0,286048,606.8200073242188
2026-05-19 11:15:00-04:00,605.6749877929688,607.0131225585938,605.6749877929688,606.9450073242188,100383,605.6749877929688
2026-05-19 11:20:00-04:00,604.77001953125,606.0654296875,604.7550048828125,605.52001953125,94137,604.77001953125
2026-05-19 11:25:00-04:00,604.280029296875,605.47998046875,604.0900268554688,604.7000122070312,120057,604.280029296875
2026-05-19 11:30:00-04:00,604.0499877929688,605.1898803710938,603.7999877929688,604.2000122070312,429999,604.0499877929688
2026-05-19 11:35:00-04:00,604.1099853515625,605.2000122070312,603.75,604.0,80478,604.1099853515625
2026-05-19 11:40:00-04:00,604.4099731445312,604.97998046875,603.9000244140625,604.0999755859375,79708,604.4099731445312
2026-05-19 11:45:00-04:00,604.1900024414062,604.530029296875,603.530029296875,604.4149780273438,101808,604.1900024414062
2026-05-19 11:50:00-04:00,603.7650146484375,604.3499755859375,603.4600219726562,604.2340698242188,65209,603.7650146484375
2026-05-19 11:55:00-04:00,602.844970703125,603.6599731445312,602.1500244140625,603.6599731445312,132158,602.844970703125
2026-05-19 12:00:00-04:00,604.0568237304688,604.0568237304688,602.8599853515625,603.0,91541,604.0568237304688
2026-05-19 12:05:00-04:00,602.9400024414062,604.1500244140625,602.8900146484375,604.0800170898438,75831,602.9400024414062
2026-05-19 12:10:00-04:00,602.0850219726562,602.8599853515625,601.7999877929688,602.7839965820312,89224,602.0850219726562
2026-05-19 12:15:00-04:00,602.8099975585938,603.0401000976562,601.880126953125,602.1199951171875,78792,602.8099975585938
2026-05-19 12:20:00-04:00,602.6300048828125,603.0499877929688,602.2999877929688,602.8150024414062,62108,602.6300048828125
2026-05-19 12:25:00-04:00,602.2999877929688,603.12939453125,602.1900024414062,602.7000122070312,87142,602.2999877929688
2026-05-19 12:30:00-04:00,602.0900268554688,602.2849731445312,601.4000854492188,602.2849731445312,114005,602.0900268554688
2026-05-19 12:35:00-04:00,601.2000122070312,602.2100219726562,600.5599975585938,602.094970703125,163587,601.2000122070312
2026-05-19 12:40:00-04:00,602.0150146484375,602.0999755859375,601.1300048828125,601.22998046875,105803,602.0150146484375
2026-05-19 12:45:00-04:00,602.3599853515625,602.6799926757812,601.8400268554688,602.0499877929688,92117,602.3599853515625
2026-05-19 12:50:00-04:00,604.2050170898438,604.4099731445312,602.2100219726562,602.4600219726562,120554,604.2050170898438
2026-05-19 12:55:00-04:00,603.9949951171875,604.4400024414062,603.75,604.1900024414062,60698,603.9949951171875
2026-05-19 13:00:00-04:00,603.760009765625,604.0,603.2000732421875,603.8599853515625,50066,603.760009765625
2026-05-19 13:05:00-04:00,604.1119995117188,604.4500122070312,603.7000122070312,603.7537841796875,60904,604.1119995117188
2026-05-19 13:10:00-04:00,603.7100219726562,604.3900146484375,603.5900268554688,604.094970703125,47245,603.7100219726562
2026-05-19 13:15:00-04:00,602.8800048828125,604.0,602.8001098632812,603.7650146484375,58958,602.8800048828125
2026-05-19 13:20:00-04:00,604.1199951171875,604.47998046875,602.9000244140625,602.9600219726562,58119,604.1199951171875
2026-05-19 13:25:00-04:00,603.7949829101562,604.239990234375,603.3599853515625,604.0999755859375,44249,603.7949829101562
2026-05-19 13:30:00-04:00,602.6801147460938,604.4299926757812,602.5200805664062,603.739990234375,118409,602.6801147460938
2026-05-19 13:35:00-04:00,603.02001953125,603.2899780273438,602.5,602.6500244140625,83784,603.02001953125
2026-05-19 13:40:00-04:00,602.950927734375,603.3740234375,602.7000122070312,603.02001953125,48613,602.950927734375
2026-05-19 13:45:00-04:00,602.3350219726562,603.0700073242188,601.96240234375,603.0700073242188,69126,602.3350219726562
2026-05-19 13:50:00-04:00,602.5,602.510009765625,602.0499877929688,602.3699951171875,43527,602.5
2026-05-19 13:55:00-04:00,602.6898803710938,602.8699951171875,602.1300048828125,602.52001953125,41799,602.6898803710938
2026-05-19 14:00:00-04:00,602.5900268554688,602.7899780273438,602.25,602.6799926757812,41996,602.5900268554688
2026-05-19 14:05:00-04:00,602.6400146484375,602.719970703125,602.27001953125,602.52001953125,36782,602.6400146484375
2026-05-19 14:10:00-04:00,602.0,602.8099975585938,601.8800048828125,602.6599731445312,51945,602.0
2026-05-19 14:15:00-04:00,602.3499755859375,602.5650024414062,601.5999755859375,601.9299926757812,87049,602.3499755859375
2026-05-19 14:20:00-04:00,602.3400268554688,602.6500244140625,602.010009765625,602.2999877929688,76311,602.3400268554688
2026-05-19 14:25:00-04:00,602.47998046875,602.8099975585938,602.1300048828125,602.4000244140625,53552,602.47998046875
2026-05-19 14:30:00-04:00,602.8599853515625,603.1699829101562,602.1500244140625,602.4849853515625,59389,602.8599853515625
2026-05-19 14:35:00-04:00,602.1400146484375,603.3099975585938,602.0999755859375,602.9019775390625,43941,602.1400146484375
2026-05-19 14:40:00-04:00,602.2047729492188,602.2698974609375,601.7999877929688,602.1400146484375,51945,602.2047729492188
2026-05-19 14:45:00-04:00,602.2000122070312,602.3900146484375,601.8200073242188,602.2100219726562,51894,602.2000122070312
2026-05-19 14:50:00-04:00,601.5800170898438,602.239990234375,601.22998046875,602.239990234375,61594,601.5800170898438
2026-05-19 14:55:00-04:00,601.1900024414062,601.510009765625,600.7999877929688,601.510009765625,85999,601.1900024414062
2026-05-19 15:00:00-04:00,601.0599975585938,601.1799926757812,600.6199951171875,601.1199951171875,88978,601.0599975585938
2026-05-19 15:05:00-04:00,601.8880004882812,602.02001953125,600.9500122070312,600.969970703125,92994,601.8880004882812
2026-05-19 15:10:00-04:00,601.97998046875,602.3099975585938,601.5399780273438,601.8049926757812,66388,601.97998046875
2026-05-19 15:15:00-04:00,602.8200073242188,602.9199829101562,602.0399780273438,602.0700073242188,90306,602.8200073242188
2026-05-19 15:20:00-04:00,602.1749877929688,602.9600219726562,602.010009765625,602.8200073242188,59675,602.1749877929688
2026-05-19 15:25:00-04:00,602.469970703125,602.9500122070312,601.6400146484375,602.1749877929688,84532,602.469970703125
2026-05-19 15:30:00-04:00,601.8900146484375,602.5800170898438,601.5999755859375,602.5399780273438,72429,601.8900146484375
2026-05-19 15:35:00-04:00,601.97998046875,602.1099853515625,601.6599731445312,602.0599975585938,164527,601.97998046875
2026-05-19 15:40:00-04:00,601.6799926757812,602.1799926757812,601.6099853515625,601.97998046875,90657,601.6799926757812
2026-05-19 15:45:00-04:00,602.5499877929688,602.77001953125,601.4500122070312,601.6199951171875,131171,602.5499877929688
2026-05-19 15:50:00-04:00,602.6599731445312,602.9500122070312,602.1400146484375,602.510009765625,207847,602.6599731445312
2026-05-19 15:55:00-04:00,602.75,603.3599853515625,602.4099731445312,602.60498046875,520920,602.75
2026-05-20 09:30:00-04:00,600.7349853515625,601.969970703125,599.5499877929688,600.7000122070312,647480,600.7349853515625
2026-05-20 09:35:00-04:00,601.6599731445312,602.0,599.1199951171875,600.5599975585938,235585,601.6599731445312
2026-05-20 09:40:00-04:00,600.489990234375,601.8699951171875,599.0,601.5999755859375,179921,600.489990234375
2026-05-20 09:45:00-04:00,601.27001953125,602.719970703125,600.2999877929688,600.3499755859375,239325,601.27001953125
2026-05-20 09:50:00-04:00,599.9003295898438,601.3599853515625,599.3699951171875,601.2349853515625,189026,599.9003295898438
2026-05-20 09:55:00-04:00,600.1300048828125,600.875,600.0,600.0599975585938,146438,600.1300048828125
2026-05-20 10:00:00-04:00,600.135009765625,600.27001953125,598.8201293945312,600.14501953125,196483,600.135009765625
2026-05-20 10:05:00-04:00,598.02001953125,600.1199951171875,597.8099975585938,600.1199951171875,308786,598.02001953125
2026-05-20 10:10:00-04:00,599.1199951171875,599.989990234375,597.8300170898438,598.1400146484375,139407,599.1199951171875
2026-05-20 10:15:00-04:00,602.5900268554688,602.9000244140625,599.27001953125,599.3699951171875,293880,602.5900268554688
2026-05-20 10:20:00-04:00,600.1849975585938,603.1699829101562,600.0601196289062,602.4210205078125,247080,600.1849975585938
2026-05-20 10:25:00-04:00,601.7999877929688,601.7999877929688,600.0,600.1400146484375,106127,601.7999877929688
2026-05-20 10:30:00-04:00,601.885009765625,602.6500854492188,601.5300903320312,601.72998046875,93564,601.885009765625
2026-05-20 10:35:00-04:00,601.3599853515625,602.5,601.0001220703125,601.885009765625,93556,601.3599853515625
2026-05-20 10:40:00-04:00,600.9340209960938,601.4400024414062,600.47998046875,601.260009765625,86795,600.9340209960938
2026-05-20 10:45:00-04:00,603.02001953125,603.4000244140625,600.9500122070312,600.9500122070312,183424,603.02001953125
2026-05-20 10:50:00-04:00,604.6950073242188,604.72998046875,602.9392700195312,602.9392700195312,178243,604.6950073242188
2026-05-20 10:55:00-04:00,604.9097290039062,605.364990234375,604.239990234375,604.5499877929688,174866,604.9097290039062
2026-05-20 11:00:00-04:00,604.6099853515625,605.0800170898438,603.8099975585938,604.719970703125,157105,604.6099853515625
2026-05-20 11:05:00-04:00,604.9282836914062,604.9500122070312,603.97998046875,604.659912109375,111713,604.9282836914062
2026-05-20 11:10:00-04:00,603.6400146484375,604.9400024414062,603.6199951171875,604.8800048828125,106120,603.6400146484375
2026-05-20 11:15:00-04:00,607.1300048828125,607.5800170898438,603.75,603.9500122070312,381344,607.1300048828125
2026-05-20 11:20:00-04:00,607.2899780273438,607.9299926757812,606.6901245117188,607.1181030273438,216193,607.2899780273438
2026-05-20 11:25:00-04:00,605.5750122070312,608.0,605.3300170898438,607.239990234375,223810,605.5750122070312
2026-05-20 11:30:00-04:00,605.875,606.510009765625,605.5,605.6500244140625,89346,605.875
2026-05-20 11:35:00-04:00,605.7750244140625,606.4400024414062,605.02001953125,605.9000244140625,234262,605.7750244140625
2026-05-20 11:40:00-04:00,606.0549926757812,606.489990234375,605.6799926757812,606.1099243164062,117043,606.0549926757812
2026-05-20 11:45:00-04:00,606.1400146484375,606.489990234375,605.8499755859375,606.0,55798,606.1400146484375
2026-05-20 11:50:00-04:00,606.1199951171875,606.6799926757812,605.9299926757812,606.1400146484375,82755,606.1199951171875
2026-05-20 11:55:00-04:00,606.2650146484375,606.6599731445312,606.0,606.1099853515625,75899,606.2650146484375
2026-05-20 12:00:00-04:00,605.6400146484375,606.4400024414062,605.2999877929688,606.2650146484375,68885,605.6400146484375
2026-05-20 12:05:00-04:00,604.875,605.6199951171875,604.77001953125,605.6199951171875,59161,604.875
2026-05-20 12:10:00-04:00,605.2999877929688,605.4500122070312,604.5001220703125,604.8099975585938,55451,605.2999877929688
2026-05-20 12:15:00-04:00,605.1300048828125,605.489990234375,604.6699829101562,605.3499755859375,40539,605.1300048828125
2026-05-20 12:20:00-04:00,604.4149780273438,605.22998046875,604.0,605.1799926757812,63639,604.4149780273438
2026-05-20 12:25:00-04:00,604.0900268554688,604.8400268554688,603.989990234375,604.22998046875,70835,604.0900268554688
2026-05-20 12:30:00-04:00,603.77001953125,604.1881103515625,603.3400268554688,604.1881103515625,56460,603.77001953125
2026-05-20 12:35:00-04:00,603.8350219726562,604.3070068359375,603.5200805664062,603.7509155273438,43580,603.8350219726562
2026-05-20 12:40:00-04:00,604.9099731445312,604.9398803710938,603.7100219726562,603.8250122070312,40622,604.9099731445312
2026-05-20 12:45:00-04:00,603.9844970703125,605.2100219726562,603.8099975585938,605.0,61824,603.9844970703125
2026-05-20 12:50:00-04:00,604.52001953125,604.739990234375,604.0125122070312,604.0900268554688,33175,604.52001953125
2026-05-20 12:55:00-04:00,604.6849975585938,604.9400024414062,604.094970703125,604.52001953125,41212,604.6849975585938
2026-05-20 13:00:00-04:00,604.3189086914062,605.1599731445312,604.1400146484375,604.719970703125,58020,604.3189086914062
2026-05-20 13:05:00-04:00,604.1900024414062,604.6300048828125,604.0955810546875,604.375,50483,604.1900024414062
2026-05-20 13:10:00-04:00,604.9349975585938,605.4000244140625,603.8599853515625,604.2000122070312,65116,604.9349975585938
2026-05-20 13:15:00-04:00,604.8599853515625,605.2650146484375,604.5499877929688,605.1099243164062,51744,604.8599853515625
2026-05-20 13:20:00-04:00,604.4199829101562,604.9349975585938,603.969970703125,604.7899780273438,42726,604.4199829101562
2026-05-20 13:25:00-04:00,605.2650146484375,605.47998046875,604.3101196289062,604.4149780273438,59169,605.2650146484375
2026-05-20 13:30:00-04:00,604.7000122070312,605.5457763671875,604.4199829101562,605.27001953125,46905,604.7000122070312
2026-05-20 13:35:00-04:00,605.4600219726562,605.739990234375,604.5999755859375,604.7000122070312,58988,605.4600219726562
2026-05-20 13:40:00-04:00,605.5075073242188,605.625,605.260009765625,605.489990234375,37008,605.5075073242188
2026-05-20 13:45:00-04:00,605.4395751953125,605.6456909179688,604.989990234375,605.5599975585938,46165,605.4395751953125
2026-05-20 13:50:00-04:00,605.02001953125,605.594970703125,604.9010009765625,605.5750122070312,36449,605.02001953125
2026-05-20 13:55:00-04:00,604.9100952148438,605.260009765625,604.6799926757812,605.1098022460938,33638,604.9100952148438
2026-05-20 14:00:00-04:00,604.9099731445312,605.2120971679688,604.22998046875,604.8599853515625,53548,604.9099731445312
2026-05-20 14:05:00-04:00,604.8099975585938,605.2249755859375,604.6500244140625,604.9099731445312,43169,604.8099975585938
2026-05-20 14:10:00-04:00,604.7100219726562,604.8599853515625,604.3200073242188,604.7949829101562,46226,604.7100219726562
2026-05-20 14:15:00-04:00,604.7100219726562,605.0800170898438,604.6688842773438,604.780029296875,33390,604.7100219726562
2026-05-20 14:20:00-04:00,604.8900146484375,605.4000244140625,604.4299926757812,604.6500244140625,68199,604.8900146484375
2026-05-20 14:25:00-04:00,605.1599731445312,605.3298950195312,604.4000244140625,604.760009765625,42843,605.1599731445312
2026-05-20 14:30:00-04:00,605.6749877929688,605.8900146484375,605.110107421875,605.110107421875,53885,605.6749877929688
2026-05-20 14:35:00-04:00,606.0750122070312,606.2000122070312,605.2999877929688,605.6699829101562,72835,606.0750122070312
2026-05-20 14:40:00-04:00,605.7100219726562,606.3099975585938,605.6599731445312,606.1300048828125,65337,605.7100219726562
2026-05-20 14:45:00-04:00,606.6099853515625,607.010009765625,605.4600219726562,605.6950073242188,95452,606.6099853515625
2026-05-20 14:50:00-04:00,606.2000122070312,606.7750244140625,605.719970703125,606.60498046875,65463,606.2000122070312
2026-05-20 14:55:00-04:00,605.510009765625,606.3569946289062,605.505126953125,606.1699829101562,66729,605.510009765625
2026-05-20 15:00:00-04:00,604.6099853515625,605.9000244140625,604.5100708007812,605.5800170898438,73896,604.6099853515625
2026-05-20 15:05:00-04:00,603.010009765625,604.6099853515625,602.6799926757812,604.6099853515625,168398,603.010009765625
2026-05-20 15:10:00-04:00,603.8900146484375,604.0,602.75,603.0050048828125,77640,603.8900146484375
2026-05-20 15:15:00-04:00,603.3621215820312,604.0999755859375,603.1400146484375,603.830078125,100457,603.3621215820312
2026-05-20 15:20:00-04:00,603.4500122070312,603.5499877929688,602.9099731445312,603.2999877929688,94367,603.4500122070312
2026-05-20 15:25:00-04:00,603.47998046875,603.52001953125,603.0700073242188,603.4299926757812,80784,603.47998046875
2026-05-20 15:30:00-04:00,603.3300170898438,603.6199951171875,603.0900268554688,603.47998046875,77468,603.3300170898438
2026-05-20 15:35:00-04:00,603.7899780273438,603.9199829101562,603.2999877929688,603.3300170898438,113586,603.7899780273438
2026-05-20 15:40:00-04:00,603.8800048828125,604.1798706054688,603.5701293945312,603.719970703125,92217,603.8800048828125
2026-05-20 15:45:00-04:00,604.1099853515625,604.2901000976562,603.3300170898438,603.9000244140625,109906,604.1099853515625
2026-05-20 15:50:00-04:00,605.10498046875,605.1099853515625,603.3800048828125,603.9600219726562,217208,605.10498046875
2026-05-20 15:55:00-04:00,605.0599975585938,605.4099731445312,604.2899780273438,605.0999755859375,468114,605.0599975585938
2026-05-21 09:30:00-04:00,600.5599975585938,600.97998046875,598.5,600.2000122070312,676173,600.5599975585938
2026-05-21 09:35:00-04:00,599.9199829101562,601.969970703125,599.6599731445312,600.6599731445312,193697,599.9199829101562
2026-05-21 09:40:00-04:00,599.5999755859375,600.7999877929688,599.5,599.9199829101562,241199,599.5999755859375
2026-05-21 09:45:00-04:00,599.3345947265625,600.27001953125,598.9099731445312,599.7100219726562,209185,599.3345947265625
2026-05-21 09:50:00-04:00,598.364990234375,599.64990234375,597.8300170898438,599.1950073242188,315169,598.364990234375
2026-05-21 09:55:00-04:00,595.239990234375,598.489990234375,595.219970703125,598.364990234375,372168,595.239990234375
2026-05-21 10:00:00-04:00,595.8350219726562,596.7899780273438,594.8082885742188,595.239990234375,369518,595.8350219726562
2026-05-21 10:05:00-04:00,597.8200073242188,598.0,595.0999755859375,595.8200073242188,350066,597.8200073242188
2026-05-21 10:10:00-04:00,597.344970703125,598.510009765625,597.0,597.909912109375,339686,597.344970703125
2026-05-21 10:15:00-04:00,597.4099731445312,598.2224731445312,597.1799926757812,597.344970703125,156045,597.4099731445312
2026-05-21 10:20:00-04:00,596.4749755859375,598.25,596.3699951171875,597.4000244140625,189361,596.4749755859375
2026-05-21 10:25:00-04:00,596.9000244140625,597.1799926757812,596.010009765625,596.4299926757812,110481,596.9000244140625
2026-05-21 10:30:00-04:00,596.655029296875,597.719970703125,596.60498046875,596.9000244140625,126464,596.655029296875
2026-05-21 10:35:00-04:00,597.4099731445312,597.7999877929688,596.5,596.7698974609375,97235,597.4099731445312
2026-05-21 10:40:00-04:00,597.2308959960938,597.5800170898438,596.6500244140625,597.489990234375,96896,597.2308959960938
2026-05-21 10:45:00-04:00,596.9550170898438,597.6099853515625,596.25,597.22998046875,108663,596.9550170898438
2026-05-21 10:50:00-04:00,598.0499877929688,598.1599731445312,596.6010131835938,596.9550170898438,102692,598.0499877929688
2026-05-21 10:55:00-04:00,599.510009765625,600.2098999023438,598.030029296875,598.030029296875,173207,599.510009765625
2026-05-21 11:00:00-04:00,600.780029296875,600.9500122070312,599.4349975585938,599.510009765625,168124,600.780029296875
2026-05-21 11:05:00-04:00,600.5999755859375,600.72998046875,599.9299926757812,600.6799926757812,98523,600.5999755859375
2026-05-21 11:10:00-04:00,601.47998046875,601.9199829101562,600.2000122070312,600.719970703125,138716,601.47998046875
2026-05-21 11:15:00-04:00,601.9349975585938,602.0700073242188,600.8800048828125,601.3200073242188,112762,601.9349975585938
2026-05-21 11:20:00-04:00,600.6900024414062,602.1998901367188,600.22998046875,601.8599853515625,185629,600.6900024414062
2026-05-21 11:25:00-04:00,602.0399780273438,602.2849731445312,600.4796752929688,600.6900024414062,140924,602.0399780273438
2026-05-21 11:30:00-04:00,601.239990234375,602.47998046875,601.059326171875,602.1300048828125,115592,601.239990234375
2026-05-21 11:35:00-04:00,603.3800048828125,603.5899047851562,601.2000122070312,601.239990234375,142924,603.3800048828125
2026-05-21 11:40:00-04:00,603.135009765625,603.969970703125,602.8101196289062,603.27001953125,78023,603.135009765625
2026-05-21 11:45:00-04:00,603.2349853515625,603.3300170898438,602.5,603.1599731445312,77238,603.2349853515625
2026-05-21 11:50:00-04:00,603.52001953125,604.030029296875,603.0700073242188,603.239990234375,65960,603.52001953125
2026-05-21 11:55:00-04:00,603.6300048828125,604.0499877929688,603.2449951171875,603.52001953125,61753,603.6300048828125
2026-05-21 12:00:00-04:00,602.760009765625,604.1300048828125,602.611572265625,603.635009765625,84585,602.760009765625
2026-05-21 12:05:00-04:00,602.4099731445312,602.7999877929688,602.0499877929688,602.6690063476562,68219,602.4099731445312
2026-05-21 12:10:00-04:00,601.5,602.5399780273438,601.22998046875,602.4099731445312,80887,601.5
2026-05-21 12:15:00-04:00,601.989990234375,602.0499877929688,601.4099731445312,601.5700073242188,48820,601.989990234375
2026-05-21 12:20:00-04:00,601.4299926757812,602.1599731445312,601.0800170898438,602.0700073242188,37007,601.4299926757812
2026-05-21 12:25:00-04:00,601.1500244140625,601.719970703125,601.02001953125,601.3701171875,49244,601.1500244140625
2026-05-21 12:30:00-04:00,601.0501098632812,601.2100219726562,600.4002075195312,601.0999755859375,91938,601.0501098632812
2026-05-21 12:35:00-04:00,600.8400268554688,601.4000244140625,600.530029296875,601.0499877929688,47218,600.8400268554688
2026-05-21 12:40:00-04:00,600.5900268554688,600.9299926757812,600.4201049804688,600.7982177734375,54115,600.5900268554688
2026-05-21 12:45:00-04:00,601.2000122070312,601.364990234375,600.6500244140625,600.7299194335938,48918,601.2000122070312
2026-05-21 12:50:00-04:00,601.5999755859375,601.6599731445312,600.7000122070312,601.1701049804688,55087,601.5999755859375
2026-05-21 12:55:00-04:00,601.8049926757812,602.0,601.5401000976562,601.5999755859375,32759,601.8049926757812
2026-05-21 13:00:00-04:00,602.885009765625,603.2000122070312,601.7999877929688,601.8400268554688,85285,602.885009765625
2026-05-21 13:05:00-04:00,602.6500244140625,603.0,602.4199829101562,602.8657836914062,50584,602.6500244140625
2026-05-21 13:10:00-04:00,604.260009765625,605.0,602.655029296875,602.655029296875,141932,604.260009765625
2026-05-21 13:15:00-04:00,606.5,607.0,604.1099853515625,604.3350219726562,218939,606.5
2026-05-21 13:20:00-04:00,606.3300170898438,607.8800048828125,605.4550170898438,606.5,180760,606.3300170898438
2026-05-21 13:25:00-04:00,607.010009765625,607.0599975585938,606.0900268554688,606.2100219726562,110068,607.010009765625
2026-05-21 13:30:00-04:00,606.64501953125,607.1500244140625,606.2008056640625,606.97998046875,89394,606.64501953125
2026-05-21 13:35:00-04:00,607.4400024414062,607.4498901367188,606.591796875,606.64501953125,69626,607.4400024414062
2026-05-21 13:40:00-04:00,608.489990234375,609.1199951171875,607.3001098632812,607.4000244140625,179680,608.489990234375
2026-05-21 13:45:00-04:00,608.8200073242188,608.89990234375,608.1600952148438,608.3800048828125,103148,608.8200073242188
2026-05-21 13:50:00-04:00,609.114990234375,609.2000122070312,608.3599853515625,608.8250122070312,109260,609.114990234375
2026-05-21 13:55:00-04:00,608.969970703125,609.5999755859375,608.8699951171875,609.114990234375,99436,608.969970703125
2026-05-21 14:00:00-04:00,608.0700073242188,609.4500122070312,607.9299926757812,608.8900146484375,111981,608.0700073242188
2026-05-21 14:05:00-04:00,608.6599731445312,609.0700073242188,607.8499755859375,608.1400146484375,64660,608.6599731445312
2026-05-21 14:10:00-04:00,608.375,608.8399047851562,608.2000122070312,608.6500244140625,49743,608.375
2026-05-21 14:15:00-04:00,608.1099853515625,608.6300048828125,607.7901000976562,608.4000244140625,62697,608.1099853515625
2026-05-21 14:20:00-04:00,608.77001953125,608.77001953125,608.0750122070312,608.1649780273438,54022,608.77001953125
2026-05-21 14:25:00-04:00,607.9849853515625,608.7999877929688,607.8099975585938,608.7999877929688,64189,607.9849853515625
2026-05-21 14:30:00-04:00,608.22998046875,608.3400268554688,607.8499755859375,608.02001953125,69765,608.22998046875
2026-05-21 14:35:00-04:00,607.780029296875,608.219970703125,607.4600219726562,608.1799926757812,56316,607.780029296875
2026-05-21 14:40:00-04:00,608.2650146484375,608.5,607.75,607.760009765625,51773,608.2650146484375
2026-05-21 14:45:00-04:00,607.5499877929688,608.4600219726562,607.0900268554688,608.3099975585938,74628,607.5499877929688
2026-05-21 14:50:00-04:00,605.489990234375,608.1500244140625,605.3201293945312,607.594970703125,83423,605.489990234375
2026-05-21 14:55:00-04:00,605.8400268554688,605.8499755859375,604.8699951171875,605.4550170898438,146957,605.8400268554688
2026-05-21 15:00:00-04:00,606.72998046875,606.8800048828125,605.3099975585938,605.7775268554688,60827,606.72998046875
2026-05-21 15:05:00-04:00,607.0499877929688,607.5650024414062,606.0399780273438,606.6749877929688,73883,607.0499877929688
2026-05-21 15:10:00-04:00,606.885009765625,607.2999267578125,606.7100219726562,607.010009765625,46704,606.885009765625
2026-05-21 15:15:00-04:00,606.9500122070312,607.27001953125,606.719970703125,606.9251098632812,93774,606.9500122070312
2026-05-21 15:20:00-04:00,606.4113159179688,607.219970703125,606.27001953125,606.97998046875,67770,606.4113159179688
2026-05-21 15:25:00-04:00,606.8499755859375,607.0,606.3300170898438,606.4249877929688,71227,606.8499755859375
2026-05-21 15:30:00-04:00,606.969970703125,607.4000244140625,606.5614013671875,606.85498046875,64253,606.969970703125
2026-05-21 15:35:00-04:00,607.1950073242188,607.2899780273438,606.9600830078125,606.9749755859375,54677,607.1950073242188
2026-05-21 15:40:00-04:00,607.3400268554688,607.6300048828125,606.8900146484375,607.2000122070312,84201,607.3400268554688
2026-05-21 15:45:00-04:00,606.9000244140625,607.5800170898438,606.7423095703125,607.2999877929688,66020,606.9000244140625
2026-05-21 15:50:00-04:00,606.52001953125,607.260009765625,605.5900268554688,606.9000244140625,216630,606.52001953125
2026-05-21 15:55:00-04:00,607.6400146484375,607.6500244140625,606.02001953125,606.52001953125,486318,607.6400146484375
2026-05-22 09:30:00-04:00,613.0,614.760009765625,607.4099731445312,607.489990234375,697627,613.0
2026-05-22 09:35:00-04:00,612.89501953125,614.8099975585938,611.1799926757812,612.885009765625,295729,612.89501953125
2026-05-22 09:40:00-04:00,611.72998046875,613.02001953125,611.1099853515625,612.8305053710938,474589,611.72998046875
2026-05-22 09:45:00-04:00,610.4299926757812,613.0999145507812,610.0999755859375,611.8200073242188,178588,610.4299926757812
2026-05-22 09:50:00-04:00,610.8099975585938,610.89990234375,609.6900024414062,610.5401000976562,146870,610.8099975585938
2026-05-22 09:55:00-04:00,610.0599975585938,610.8900146484375,609.5001220703125,610.8099975585938,148341,610.0599975585938
2026-05-22 10:00:00-04:00,609.3200073242188,610.0999755859375,608.22998046875,609.864990234375,156116,609.3200073242188
2026-05-22 10:05:00-04:00,608.0800170898438,609.7399291992188,607.3300170898438,609.219970703125,136009,608.0800170898438
2026-05-22 10:10:00-04:00,607.260009765625,608.4400024414062,607.2401733398438,608.0999755859375,119197,607.260009765625
2026-05-22 10:15:00-04:00,608.135009765625,608.780029296875,606.9550170898438,607.3599853515625,628208,608.135009765625
2026-05-22 10:20:00-04:00,608.22998046875,608.8800048828125,607.7000122070312,608.135009765625,149610,608.22998046875
2026-05-22 10:25:00-04:00,608.5900268554688,608.7999877929688,607.9099731445312,608.3599853515625,79419,608.5900268554688
2026-05-22 10:30:00-04:00,608.1599731445312,608.989990234375,607.9299926757812,608.7000122070312,70233,608.1599731445312
2026-05-22 10:35:00-04:00,609.2799072265625,609.7999877929688,608.219970703125,608.3900146484375,94026,609.2799072265625
2026-05-22 10:40:00-04:00,609.9600219726562,610.3798828125,609.1199951171875,609.1900024414062,139949,609.9600219726562
2026-05-22 10:45:00-04:00,610.0900268554688,610.22998046875,609.5230102539062,609.905029296875,72331,610.0900268554688
2026-05-22 10:50:00-04:00,609.8699951171875,610.1500244140625,609.52001953125,609.9949951171875,68081,609.8699951171875
2026-05-22 10:55:00-04:00,610.2999877929688,610.5,609.8200073242188,609.8699951171875,61459,610.2999877929688
2026-05-22 11:00:00-04:00,611.094970703125,611.3499755859375,609.8599853515625,610.4199829101562,78027,611.094970703125
2026-05-22 11:05:00-04:00,611.4000244140625,611.6500244140625,611.0,611.0001831054688,72564,611.4000244140625
2026-05-22 11:10:00-04:00,611.135009765625,611.6177978515625,610.9450073242188,611.5,55349,611.135009765625
2026-05-22 11:15:00-04:00,611.3049926757812,611.6400146484375,611.0399780273438,611.0599975585938,54828,611.3049926757812
2026-05-22 11:20:00-04:00,610.1649780273438,611.280029296875,610.0499877929688,611.280029296875,72745,610.1649780273438
2026-05-22 11:25:00-04:00,610.3690185546875,610.4199829101562,609.52001953125,610.1799926757812,61829,610.3690185546875
2026-05-22 11:30:00-04:00,609.969970703125,610.4600219726562,609.530029296875,610.2449951171875,55535,609.969970703125
2026-05-22 11:35:00-04:00,609.5750122070312,610.4500122070312,609.52001953125,609.9349975585938,53526,609.5750122070312
2026-05-22 11:40:00-04:00,609.4359741210938,609.8350219726562,609.0,609.6199951171875,63817,609.4359741210938
2026-05-22 11:45:00-04:00,609.5435180664062,609.97998046875,609.4600219726562,609.4600219726562,42257,609.5435180664062
2026-05-22 11:50:00-04:00,609.510009765625,609.75,609.3099975585938,609.47998046875,48839,609.510009765625
2026-05-22 11:55:00-04:00,609.47021484375,609.72998046875,609.239990234375,609.5050048828125,36859,609.47021484375
2026-05-22 12:00:00-04:00,609.1400756835938,609.4400024414062,608.860107421875,609.4199829101562,51865,609.1400756835938
2026-05-22 12:05:00-04:00,608.6300048828125,609.280029296875,608.52001953125,609.2100219726562,54925,608.6300048828125
2026-05-22 12:10:00-04:00,608.8099975585938,608.9899291992188,608.510009765625,608.5999755859375,48520,608.8099975585938
2026-05-22 12:15:00-04:00,608.1500244140625,608.8098754882812,608.1099853515625,608.6799926757812,80471,608.1500244140625
2026-05-22 12:20:00-04:00,608.080810546875,608.8499755859375,608.0800170898438,608.1500244140625,69425,608.080810546875
2026-05-22 12:25:00-04:00,608.6500244140625,608.780029296875,607.7048950195312,608.0,64064,608.6500244140625
2026-05-22 12:30:00-04:00,608.489990234375,609.1600952148438,608.2999877929688,608.6900024414062,77182,608.489990234375
2026-05-22 12:35:00-04:00,608.5399780273438,608.6699829101562,608.239990234375,608.47998046875,48652,608.5399780273438
2026-05-22 12:40:00-04:00,607.8300170898438,608.3499755859375,607.4500122070312,608.3499755859375,71042,607.8300170898438
2026-05-22 12:45:00-04:00,608.0599975585938,608.9000244140625,607.8699951171875,607.8699951171875,68412,608.0599975585938
2026-05-22 12:50:00-04:00,607.8150024414062,608.1099853515625,607.2999877929688,608.0599975585938,89549,607.8150024414062
2026-05-22 12:55:00-04:00,608.0599975585938,608.1699829101562,607.3099975585938,607.8150024414062,81680,608.0599975585938
2026-05-22 13:00:00-04:00,608.7000122070312,608.75,607.9199829101562,608.0999755859375,87259,608.7000122070312
2026-05-22 13:05:00-04:00,608.4149780273438,608.6699829101562,608.1900024414062,608.590087890625,57919,608.4149780273438
2026-05-22 13:10:00-04:00,608.8572998046875,609.1300048828125,608.3099975585938,608.3099975585938,63558,608.8572998046875
2026-05-22 13:15:00-04:00,608.3300170898438,609.2999877929688,608.25,608.8099975585938,83232,608.3300170898438
2026-05-22 13:20:00-04:00,608.3200073242188,609.0,608.0800170898438,608.2449951171875,58748,608.3200073242188
2026-05-22 13:25:00-04:00,609.989990234375,610.0499877929688,608.0599975585938,608.3300170898438,149227,609.989990234375
2026-05-22 13:30:00-04:00,609.4650268554688,610.2000122070312,609.3400268554688,609.9849853515625,92567,609.4650268554688
2026-05-22 13:35:00-04:00,610.6749877929688,610.8200073242188,609.3499755859375,609.4400024414062,88135,610.6749877929688
2026-05-22 13:40:00-04:00,609.739990234375,611.2000122070312,609.6599731445312,610.6300048828125,120714,609.739990234375
2026-05-22 13:45:00-04:00,610.1599731445312,610.6903076171875,609.5599975585938,609.8200073242188,49115,610.1599731445312
2026-05-22 13:50:00-04:00,609.5,610.2449951171875,609.22998046875,610.2449951171875,54276,609.5
2026-05-22 13:55:00-04:00,608.7949829101562,609.9000244140625,608.5700073242188,609.489990234375,91084,608.7949829101562
2026-05-22 14:00:00-04:00,609.3402099609375,609.780029296875,608.6010131835938,608.7951049804688,776852,609.3402099609375
2026-05-22 14:05:00-04:00,609.2449951171875,609.6199951171875,609.1300048828125,609.3900146484375,38476,609.2449951171875
2026-05-22 14:10:00-04:00,609.2050170898438,609.7249755859375,609.0900268554688,609.2449951171875,69690,609.2050170898438
2026-05-22 14:15:00-04:00,609.969970703125,610.1389770507812,609.0999755859375,609.2150268554688,62067,609.969970703125
2026-05-22 14:20:00-04:00,610.8599853515625,611.25,609.8800048828125,610.0750122070312,88037,610.8599853515625
2026-05-22 14:25:00-04:00,610.655029296875,611.030029296875,610.4600219726562,610.8699951171875,43985,610.655029296875
2026-05-22 14:30:00-04:00,611.2899780273438,611.3800048828125,610.4199829101562,610.655029296875,72386,611.2899780273438
2026-05-22 14:35:00-04:00,611.6500244140625,612.0349731445312,610.8900146484375,611.280029296875,124380,611.6500244140625
2026-05-22 14:40:00-04:00,611.260009765625,612.0,611.260009765625,611.5,119905,611.260009765625
2026-05-22 14:45:00-04:00,610.72998046875,611.5042114257812,610.3201293945312,611.3049926757812,58384,610.72998046875
2026-05-22 14:50:00-04:00,610.64501953125,610.8989868164062,610.3900146484375,610.7100219726562,37863,610.64501953125
2026-05-22 14:55:00-04:00,610.0900268554688,610.75,610.0900268554688,610.5401000976562,49439,610.0900268554688
2026-05-22 15:00:00-04:00,610.2100219726562,610.5499877929688,609.580078125,610.0900268554688,114493,610.2100219726562
2026-05-22 15:05:00-04:00,610.2000122070312,610.3499755859375,609.5999755859375,610.2675170898438,52950,610.2000122070312
2026-05-22 15:10:00-04:00,610.0700073242188,610.4500122070312,609.9201049804688,610.22998046875,82224,610.0700073242188
2026-05-22 15:15:00-04:00,610.2536010742188,610.2999267578125,609.6400146484375,610.0399780273438,61911,610.2536010742188
2026-05-22 15:20:00-04:00,609.7899780273438,610.2150268554688,609.780029296875,610.2100219726562,67424,609.7899780273438
2026-05-22 15:25:00-04:00,608.8049926757812,609.8699951171875,608.681396484375,609.8350219726562,105947,608.8049926757812
2026-05-22 15:30:00-04:00,609.6599731445312,609.75,608.510009765625,608.719970703125,177211,609.6599731445312
2026-05-22 15:35:00-04:00,609.7000122070312,609.8499755859375,609.4099731445312,609.5700073242188,81980,609.7000122070312
2026-05-22 15:40:00-04:00,610.3300170898438,610.4000244140625,609.3499755859375,609.719970703125,115842,610.3300170898438
2026-05-22 15:45:00-04:00,610.1599731445312,610.5698852539062,609.780029296875,610.3800048828125,84806,610.1599731445312
2026-05-22 15:50:00-04:00,610.3049926757812,610.3399047851562,609.60498046875,610.0599975585938,139990,610.3049926757812
2026-05-22 15:55:00-04:00,610.3699951171875,610.969970703125,610.1300048828125,610.219970703125,401859,610.3699951171875
2026-05-26 09:30:00-04:00,612.6090087890625,614.469970703125,609.2899780273438,609.5999755859375,1766715,612.6090087890625
2026-05-26 09:35:00-04:00,608.110107421875,612.8900146484375,608.0999755859375,612.6199951171875,179550,608.110107421875
2026-05-26 09:40:00-04:00,607.6900024414062,608.919921875,607.3800048828125,608.2258911132812,186262,607.6900024414062
2026-05-26 09:45:00-04:00,607.780029296875,609.0,607.0625,607.6900024414062,176609,607.780029296875
2026-05-26 09:50:00-04:00,607.6199951171875,607.8900146484375,605.5850219726562,607.7750244140625,211370,607.6199951171875
2026-05-26 09:55:00-04:00,609.635009765625,609.8499755859375,607.3599853515625,607.6699829101562,163172,609.635009765625
2026-05-26 10:00:00-04:00,610.8900146484375,610.9299926757812,609.0,609.8499755859375,168959,610.8900146484375
2026-05-26 10:05:00-04:00,610.0,610.97998046875,609.4299926757812,610.8900146484375,127295,610.0
2026-05-26 10:10:00-04:00,610.02001953125,610.1699829101562,609.3900146484375,610.02001953125,86903,610.02001953125
2026-05-26 10:15:00-04:00,610.5549926757812,611.0900268554688,609.219970703125,610.0250244140625,121631,610.5549926757812
2026-05-26 10:20:00-04:00,609.6950073242188,611.27001953125,609.4500122070312,610.4849853515625,128039,609.6950073242188
2026-05-26 10:25:00-04:00,608.9400024414062,609.9199829101562,608.5,609.6925048828125,140815,608.9400024414062
2026-05-26 10:30:00-04:00,608.2899780273438,608.9400024414062,607.6099853515625,608.7000122070312,178023,608.2899780273438
2026-05-26 10:35:00-04:00,607.6400146484375,608.7999877929688,607.6400146484375,608.2999877929688,92306,607.6400146484375
2026-05-26 10:40:00-04:00,607.9600219726562,608.0570068359375,606.9000244140625,607.6400146484375,170969,607.9600219726562
2026-05-26 10:45:00-04:00,608.219970703125,608.5999755859375,607.52001953125,608.030029296875,137980,608.219970703125
2026-05-26 10:50:00-04:00,607.3099975585938,608.27001953125,607.1300048828125,608.2100219726562,107360,607.3099975585938
2026-05-26 10:55:00-04:00,606.4801025390625,607.7999877929688,606.4801025390625,607.3499755859375,127021,606.4801025390625
2026-05-26 11:00:00-04:00,606.3599853515625,606.9899291992188,605.6099853515625,606.5499877929688,140510,606.3599853515625
2026-05-26 11:05:00-04:00,607.0,607.3001098632812,606.14501953125,606.2999877929688,111954,607.0
2026-05-26 11:10:00-04:00,606.530029296875,607.3900146484375,606.3300170898438,607.010009765625,103777,606.530029296875
2026-05-26 11:15:00-04:00,606.969970703125,607.125,606.02001953125,606.5850219726562,113265,606.969970703125
2026-05-26 11:20:00-04:00,607.0800170898438,607.5,606.6300048828125,607.0,110996,607.0800170898438
2026-05-26 11:25:00-04:00,607.1400146484375,607.4998779296875,606.8699951171875,607.1699829101562,109247,607.1400146484375
2026-05-26 11:30:00-04:00,607.5050048828125,607.8499755859375,605.3001098632812,607.0900268554688,231833,607.5050048828125
2026-05-26 11:35:00-04:00,609.5,609.5800170898438,607.340087890625,607.3851928710938,194620,609.5
2026-05-26 11:40:00-04:00,608.114990234375,609.5650024414062,607.9949951171875,609.5399780273438,89446,608.114990234375
2026-05-26 11:45:00-04:00,608.135009765625,608.3399047851562,607.0781860351562,608.114990234375,109850,608.135009765625
2026-05-26 11:50:00-04:00,608.27001953125,608.3699951171875,607.822509765625,608.1500244140625,41834,608.27001953125
2026-05-26 11:55:00-04:00,607.344970703125,608.5800170898438,607.2000122070312,608.219970703125,72671,607.344970703125
2026-05-26 12:00:00-04:00,608.385009765625,609.1500244140625,607.219970703125,607.2435913085938,115026,608.385009765625
2026-05-26 12:05:00-04:00,608.4199829101562,609.27001953125,608.2000732421875,608.3200073242188,57954,608.4199829101562
2026-05-26 12:10:00-04:00,608.75,609.2999877929688,608.3400268554688,608.5499877929688,90161,608.75
2026-05-26 12:15:00-04:00,609.6500244140625,609.8699951171875,608.6699829101562,608.7449951171875,68554,609.6500244140625
2026-05-26 12:20:00-04:00,609.719970703125,609.9000244140625,609.1483154296875,609.6199951171875,52934,609.719970703125
2026-05-26 12:25:00-04:00,609.9400024414062,609.989990234375,609.630615234375,609.8200073242188,75598,609.9400024414062
2026-05-26 12:30:00-04:00,610.8988037109375,610.8988037109375,609.3800048828125,609.9400024414062,120803,610.8988037109375
2026-05-26 12:35:00-04:00,610.6400146484375,610.9550170898438,610.3599853515625,610.8499755859375,70609,610.6400146484375
2026-05-26 12:40:00-04:00,609.8250122070312,610.6099853515625,609.7899780273438,610.6099853515625,54284,609.8250122070312
2026-05-26 12:45:00-04:00,609.760009765625,609.9998779296875,609.4600219726562,609.7899780273438,46436,609.760009765625
2026-05-26 12:50:00-04:00,610.4400024414062,610.5,609.5499877929688,609.6300048828125,67235,610.4400024414062
2026-05-26 12:55:00-04:00,610.0999755859375,610.3958129882812,609.7468872070312,610.3900146484375,59443,610.0999755859375
2026-05-26 13:00:00-04:00,609.5499877929688,610.3300170898438,609.5499877929688,610.02001953125,44747,609.5499877929688
2026-05-26 13:05:00-04:00,609.7999877929688,610.3800048828125,609.5499877929688,609.60498046875,48479,609.7999877929688
2026-05-26 13:10:00-04:00,610.02001953125,610.1500244140625,609.5601196289062,609.875,51110,610.02001953125
2026-05-26 13:15:00-04:00,609.3099975585938,610.0999755859375,609.1500244140625,610.068603515625,114020,609.3099975585938
2026-05-26 13:20:00-04:00,609.5479125976562,609.760009765625,608.9099731445312,609.25,53951,609.5479125976562
2026-05-26 13:25:00-04:00,609.0900268554688,609.5,608.7249755859375,609.4199829101562,56452,609.0900268554688
2026-05-26 13:30:00-04:00,609.7899780273438,609.9400024414062,608.8400268554688,609.1649780273438,74330,609.7899780273438
2026-05-26 13:35:00-04:00,609.3499755859375,609.8699951171875,609.2000122070312,609.6300048828125,58305,609.3499755859375
2026-05-26 13:40:00-04:00,609.4500122070312,609.7999877929688,609.0700073242188,609.3499755859375,39523,609.4500122070312
2026-05-26 13:45:00-04:00,609.2899780273438,609.489990234375,609.1699829101562,609.3800048828125,34406,609.2899780273438
2026-05-26 13:50:00-04:00,608.3699951171875,609.3900146484375,608.3699951171875,609.2899780273438,75689,608.3699951171875
2026-05-26 13:55:00-04:00,608.9251098632812,609.030029296875,608.3099975585938,608.4199829101562,59712,608.9251098632812
2026-05-26 14:00:00-04:00,609.4000244140625,609.4000244140625,608.719970703125,608.8101196289062,47285,609.4000244140625
2026-05-26 14:05:00-04:00,609.6300048828125,609.760009765625,609.02001953125,609.4249877929688,42240,609.6300048828125
2026-05-26 14:10:00-04:00,610.2100219726562,610.389892578125,609.614990234375,609.6300048828125,114656,610.2100219726562
2026-05-26 14:15:00-04:00,610.12158203125,610.5,610.1099853515625,610.3099975585938,39464,610.12158203125
2026-05-26 14:20:00-04:00,610.3099975585938,610.5999755859375,610.0499877929688,610.2899780273438,71733,610.3099975585938
2026-05-26 14:25:00-04:00,610.114990234375,610.47998046875,610.0399780273438,610.364990234375,57560,610.114990234375
2026-05-26 14:30:00-04:00,610.2999877929688,610.889892578125,610.0700073242188,610.1199951171875,94188,610.2999877929688
2026-05-26 14:35:00-04:00,609.8400268554688,610.4099731445312,609.5800170898438,610.3250122070312,76668,609.8400268554688
2026-05-26 14:40:00-04:00,609.4901123046875,609.8255004882812,608.9099731445312,609.8255004882812,70161,609.4901123046875
2026-05-26 14:45:00-04:00,610.2479858398438,610.2899169921875,609.4400024414062,609.5499877929688,68591,610.2479858398438
2026-05-26 14:50:00-04:00,610.0,610.510009765625,609.9299926757812,610.2100219726562,53679,610.0
2026-05-26 14:55:00-04:00,609.239990234375,610.0211181640625,609.1799926757812,609.969970703125,68563,609.239990234375
2026-05-26 15:00:00-04:00,609.5650024414062,609.8300170898438,609.0,609.327392578125,68087,609.5650024414062
2026-05-26 15:05:00-04:00,609.3599853515625,609.7899780273438,609.1799926757812,609.5700073242188,68974,609.3599853515625
2026-05-26 15:10:00-04:00,609.25,609.6699829101562,609.0800170898438,609.3599853515625,60723,609.25
2026-05-26 15:15:00-04:00,609.0399780273438,609.6500244140625,608.9600219726562,609.2100219726562,60700,609.0399780273438
2026-05-26 15:20:00-04:00,608.9099731445312,609.260009765625,608.75,609.0601196289062,60377,608.9099731445312
2026-05-26 15:25:00-04:00,609.0999755859375,609.1649780273438,608.7999877929688,608.8800048828125,50181,609.0999755859375
2026-05-26 15:30:00-04:00,609.0599975585938,609.4500122070312,608.9600219726562,609.1400146484375,71504,609.0599975585938
2026-05-26 15:35:00-04:00,609.4099731445312,609.5,608.9199829101562,609.0250244140625,74323,609.4099731445312
2026-05-26 15:40:00-04:00,610.280029296875,610.2999877929688,609.3250122070312,609.3900146484375,77846,610.280029296875
2026-05-26 15:45:00-04:00,610.7100219726562,610.9500122070312,610.219970703125,610.260009765625,87984,610.7100219726562
2026-05-26 15:50:00-04:00,611.5800170898438,611.7022094726562,609.8900146484375,610.75,200929,611.5800170898438
2026-05-26 15:55:00-04:00,612.3400268554688,612.4199829101562,611.47998046875,611.5499877929688,417995,612.3400268554688
2026-05-27 09:30:00-04:00,609.8925170898438,613.655029296875,609.25,609.760009765625,712520,609.8925170898438
2026-05-27 09:35:00-04:00,611.9000244140625,613.1500244140625,609.5700073242188,609.885009765625,197587,611.9000244140625
2026-05-27 09:40:00-04:00,611.0,612.35498046875,609.2109985351562,611.6339721679688,203166,611.0
2026-05-27 09:45:00-04:00,610.2100219726562,612.3599853515625,609.6500244140625,611.030029296875,201102,610.2100219726562
2026-05-27 09:50:00-04:00,610.3599853515625,611.2100219726562,609.3400268554688,610.1799926757812,147507,610.3599853515625
2026-05-27 09:55:00-04:00,610.97998046875,611.5,609.75,610.260009765625,127457,610.97998046875
2026-05-27 10:00:00-04:00,612.6300048828125,612.969970703125,610.280029296875,611.1300048828125,137395,612.6300048828125
2026-05-27 10:05:00-04:00,612.3099975585938,613.6699829101562,611.8900146484375,612.6300048828125,160001,612.3099975585938
2026-05-27 10:10:00-04:00,613.2449951171875,613.2999877929688,611.590087890625,612.5,96632,613.2449951171875
2026-05-27 10:15:00-04:00,614.6500244140625,614.780029296875,612.7899780273438,613.3200073242188,198910,614.6500244140625
2026-05-27 10:20:00-04:00,614.1649780273438,615.75,613.0399780273438,614.5050048828125,345455,614.1649780273438
2026-05-27 10:25:00-04:00,615.0,616.0999755859375,613.989990234375,614.2100219726562,242863,615.0
2026-05-27 10:30:00-04:00,616.0599975585938,616.7000122070312,614.8300170898438,615.010009765625,168245,616.0599975585938
2026-05-27 10:35:00-04:00,614.9201049804688,616.0449829101562,614.4100952148438,616.0449829101562,141006,614.9201049804688
2026-05-27 10:40:00-04:00,613.2249755859375,615.02001953125,613.1300048828125,614.9749755859375,115784,613.2249755859375
2026-05-27 10:45:00-04:00,613.25,613.572998046875,612.6900024414062,613.2249755859375,112647,613.25
2026-05-27 10:50:00-04:00,612.64501953125,613.4998779296875,612.0700073242188,613.219970703125,156707,612.64501953125
2026-05-27 10:55:00-04:00,612.594970703125,613.2000122070312,612.4949951171875,612.64501953125,110507,612.594970703125
2026-05-27 11:00:00-04:00,613.0800170898438,613.4400024414062,612.219970703125,612.5449829101562,74950,613.0800170898438
2026-05-27 11:05:00-04:00,613.114990234375,613.3499755859375,612.5700073242188,613.27001953125,54669,613.114990234375
2026-05-27 11:10:00-04:00,613.7244262695312,614.139892578125,613.02001953125,613.1099853515625,109772,613.7244262695312
2026-05-27 11:15:00-04:00,614.3900146484375,615.0,613.72998046875,613.7999877929688,105642,614.3900146484375
2026-05-27 11:20:00-04:00,614.47998046875,614.5999755859375,613.4299926757812,614.3900146484375,76399,614.47998046875
2026-05-27 11:25:00-04:00,613.4349975585938,614.5999145507812,613.1475219726562,614.5,77658,613.4349975585938
2026-05-27 11:30:00-04:00,613.47998046875,613.7899780273438,612.8734130859375,613.4349975585938,112008,613.47998046875
2026-05-27 11:35:00-04:00,614.1806030273438,614.6300048828125,613.4249877929688,613.47998046875,101402,614.1806030273438
2026-05-27 11:40:00-04:00,612.6500244140625,614.25,612.5499877929688,614.2100219726562,111404,612.6500244140625
2026-05-27 11:45:00-04:00,613.469970703125,613.7000122070312,612.6099853515625,612.7349853515625,136056,613.469970703125
2026-05-27 11:50:00-04:00,612.3049926757812,613.655029296875,611.9600219726562,613.6099853515625,101805,612.3049926757812
2026-05-27 11:55:00-04:00,611.7000122070312,612.510009765625,611.5501098632812,612.3800048828125,98338,611.7000122070312
2026-05-27 12:00:00-04:00,611.5100708007812,612.125,610.9600219726562,611.6799926757812,108523,611.5100708007812
2026-05-27 12:05:00-04:00,612.9099731445312,613.0250244140625,611.5549926757812,611.5549926757812,140279,612.9099731445312
2026-05-27 12:10:00-04:00,611.5,613.0,611.280029296875,612.9400024414062,83770,611.5
2026-05-27 12:15:00-04:00,611.5800170898438,612.155029296875,611.47998046875,611.5800170898438,62087,611.5800170898438
2026-05-27 12:20:00-04:00,611.7349853515625,612.0,611.3599853515625,611.5499877929688,48923,611.7349853515625
2026-05-27 12:25:00-04:00,612.3599853515625,612.39990234375,611.5800170898438,611.780029296875,43308,612.3599853515625
2026-05-27 12:30:00-04:00,612.5349731445312,613.0,612.1701049804688,612.3099975585938,75312,612.5349731445312
2026-05-27 12:35:00-04:00,613.7999877929688,613.8800048828125,612.4600219726562,612.5349731445312,119311,613.7999877929688
2026-05-27 12:40:00-04:00,613.780029296875,614.1799926757812,613.5050048828125,613.7999877929688,94955,613.780029296875
2026-05-27 12:45:00-04:00,613.219970703125,613.8499755859375,613.0900268554688,613.780029296875,54445,613.219970703125
2026-05-27 12:50:00-04:00,612.02001953125,613.3300170898438,611.9400024414062,613.219970703125,80951,612.02001953125
2026-05-27 12:55:00-04:00,611.8699951171875,612.1099853515625,611.6099853515625,612.0599975585938,80916,611.8699951171875
2026-05-27 13:00:00-04:00,611.2849731445312,612.0,611.25,611.9249877929688,79133,611.2849731445312
2026-05-27 13:05:00-04:00,610.1400146484375,611.2899780273438,610.0499877929688,611.2849731445312,131002,610.1400146484375
2026-05-27 13:10:00-04:00,610.530029296875,611.030029296875,610.135009765625,610.135009765625,104148,610.530029296875
2026-05-27 13:15:00-04:00,609.9099731445312,610.6044921875,609.7999877929688,610.530029296875,73821,609.9099731445312
2026-05-27 13:20:00-04:00,609.4400024414062,609.875,609.2100219726562,609.875,77759,609.4400024414062
2026-05-27 13:25:00-04:00,609.7999267578125,609.9600219726562,609.27001953125,609.3599853515625,57885,609.7999267578125
2026-05-27 13:30:00-04:00,609.8300170898438,610.22998046875,609.738525390625,609.760009765625,54284,609.8300170898438
2026-05-27 13:35:00-04:00,610.6849975585938,610.7000122070312,609.8599853515625,609.9199829101562,47200,610.6849975585938
2026-05-27 13:40:00-04:00,610.0050048828125,610.6099853515625,609.7999877929688,610.5800170898438,37636,610.0050048828125
2026-05-27 13:45:00-04:00,609.6600952148438,610.0180053710938,609.3800048828125,610.0050048828125,50354,609.6600952148438
2026-05-27 13:50:00-04:00,609.885009765625,609.9400024414062,609.580078125,609.580078125,40138,609.885009765625
2026-05-27 13:55:00-04:00,610.6749877929688,611.4500122070312,609.6900024414062,609.9450073242188,124041,610.6749877929688
2026-05-27 14:00:00-04:00,620.875,621.1900024414062,610.4500122070312,610.5800170898438,1154611,620.875
2026-05-27 14:05:00-04:00,617.3300170898438,620.97998046875,616.2999877929688,620.8300170898438,675375,617.3300170898438
2026-05-27 14:10:00-04:00,618.2899780273438,619.4600219726562,617.0,617.27001953125,319252,618.2899780273438
2026-05-27 14:15:00-04:00,621.989990234375,622.1900024414062,618.2150268554688,618.2150268554688,439905,621.989990234375
2026-05-27 14:20:00-04:00,626.8499755859375,627.0,620.6199951171875,622.0900268554688,1109671,626.8499755859375
2026-05-27 14:25:00-04:00,628.5800170898438,629.780029296875,625.780029296875,626.885009765625,937369,628.5800170898438
2026-05-27 14:30:00-04:00,632.8800048828125,632.8800048828125,628.0800170898438,628.5737915039062,837860,632.8800048828125
2026-05-27 14:35:00-04:00,630.114990234375,633.0999755859375,629.2899780273438,632.7750244140625,470631,630.114990234375
2026-05-27 14:40:00-04:00,629.1599731445312,630.4000244140625,628.7800903320312,630.0999755859375,427094,629.1599731445312
2026-05-27 14:45:00-04:00,628.8400268554688,629.4400024414062,627.3599853515625,629.219970703125,423727,628.8400268554688
2026-05-27 14:50:00-04:00,629.6500244140625,629.7899780273438,627.7100219726562,628.8400268554688,313156,629.6500244140625
2026-05-27 14:55:00-04:00,631.760009765625,632.8800048828125,629.3400268554688,629.6500854492188,542858,631.760009765625
2026-05-27 15:00:00-04:00,635.1400146484375,635.489990234375,631.52001953125,631.8099975585938,562472,635.1400146484375
2026-05-27 15:05:00-04:00,637.0299072265625,637.239990234375,634.219970703125,635.1900024414062,588936,637.0299072265625
2026-05-27 15:10:00-04:00,633.4400024414062,638.4998779296875,633.0,636.8900146484375,555903,633.4400024414062
2026-05-27 15:15:00-04:00,632.1901245117188,633.6300048828125,632.1300048828125,633.3699951171875,355194,632.1901245117188
2026-05-27 15:20:00-04:00,631.625,632.639892578125,631.0,632.22998046875,275109,631.625
2026-05-27 15:25:00-04:00,632.5775146484375,632.7371826171875,630.8800048828125,631.7000122070312,317254,632.5775146484375
2026-05-27 15:30:00-04:00,633.25,633.8300170898438,632.1300048828125,632.5800170898438,355281,633.25
2026-05-27 15:35:00-04:00,634.5599975585938,634.5599975585938,632.9099731445312,633.1951293945312,351076,634.5599975585938
2026-05-27 15:40:00-04:00,636.844970703125,636.9000244140625,634.4201049804688,634.5700073242188,493481,636.844970703125
2026-05-27 15:45:00-04:00,635.8300170898438,637.260009765625,635.030029296875,636.844970703125,429177,635.8300170898438
2026-05-27 15:50:00-04:00,635.5399780273438,636.9000244140625,634.8699951171875,635.780029296875,505392,635.5399780273438
2026-05-27 15:55:00-04:00,635.2550048828125,635.5800170898438,634.239990234375,635.5399780273438,805902,635.2550048828125
2026-05-28 09:30:00-04:00,633.0750122070312,643.0,632.1201171875,639.97998046875,2031418,633.0750122070312
2026-05-28 09:35:00-04:00,630.9749755859375,633.6199951171875,630.0499877929688,633.0750122070312,432689,630.9749755859375
2026-05-28 09:40:00-04:00,631.3400268554688,632.469970703125,629.3099975585938,631.0379028320312,460756,631.3400268554688
2026-05-28 09:45:00-04:00,635.2999877929688,637.1900024414062,631.1900024414062,631.3499755859375,636554,635.2999877929688
2026-05-28 09:50:00-04:00,636.6599731445312,637.6500244140625,633.6799926757812,635.35498046875,316353,636.6599731445312
2026-05-28 09:55:00-04:00,639.5599975585938,639.6799926757812,635.3250122070312,636.6599731445312,324916,639.5599975585938
2026-05-28 10:00:00-04:00,641.1099853515625,641.489990234375,637.6799926757812,639.6798706054688,383868,641.1099853515625
2026-05-28 10:05:00-04:00,638.6500244140625,641.8400268554688,637.6500244140625,641.1931762695312,293469,638.6500244140625
2026-05-28 10:10:00-04:00,635.1649780273438,638.405029296875,633.0001220703125,638.405029296875,373592,635.1649780273438
2026-05-28 10:15:00-04:00,635.27001953125,636.72998046875,634.5499877929688,635.1699829101562,227581,635.27001953125
2026-05-28 10:20:00-04:00,637.0999755859375,637.7999877929688,635.1900024414062,635.1950073242188,230058,637.0999755859375
2026-05-28 10:25:00-04:00,638.8900146484375,640.0399780273438,636.6400146484375,637.0,234807,638.8900146484375
2026-05-28 10:30:00-04:00,637.719970703125,639.75,637.6599731445312,639.1300048828125,171741,637.719970703125
2026-05-28 10:35:00-04:00,637.260009765625,638.094970703125,636.6801147460938,637.8400268554688,134718,637.260009765625
2026-05-28 10:40:00-04:00,636.6099853515625,637.719970703125,636.219970703125,637.2899780273438,119820,636.6099853515625
2026-05-28 10:45:00-04:00,635.1099853515625,637.239990234375,634.780029296875,636.5549926757812,137606,635.1099853515625
2026-05-28 10:50:00-04:00,635.7899780273438,636.256591796875,635.114990234375,635.114990234375,85404,635.7899780273438
2026-05-28 10:55:00-04:00,634.52001953125,635.8499755859375,634.1699829101562,635.7949829101562,113635,634.52001953125
2026-05-28 11:00:00-04:00,634.2999877929688,635.25,633.8499755859375,634.614990234375,111369,634.2999877929688
2026-05-28 11:05:00-04:00,634.1599731445312,634.489990234375,633.2020874023438,634.2000122070312,138766,634.1599731445312
2026-05-28 11:10:00-04:00,633.2999877929688,634.3798828125,632.7100219726562,634.2000122070312,110507,633.2999877929688
2026-05-28 11:15:00-04:00,633.989990234375,634.0,632.760009765625,633.2999877929688,100254,633.989990234375
2026-05-28 11:20:00-04:00,633.6900024414062,633.9990234375,633.239990234375,633.9000244140625,88445,633.6900024414062
2026-05-28 11:25:00-04:00,633.510009765625,634.419921875,633.2999877929688,633.6300048828125,121907,633.510009765625
2026-05-28 11:30:00-04:00,632.010009765625,633.989990234375,632.0,633.6900024414062,129013,632.010009765625
2026-05-28 11:35:00-04:00,631.6699829101562,632.75,631.5999755859375,632.0,150834,631.6699829101562
2026-05-28 11:40:00-04:00,632.469970703125,632.5800170898438,631.239990234375,631.6851196289062,136149,632.469970703125
2026-05-28 11:45:00-04:00,631.989990234375,632.77001953125,631.6799926757812,632.3900146484375,72116,631.989990234375
2026-05-28 11:50:00-04:00,632.39501953125,632.89990234375,631.6199951171875,631.8499755859375,91774,632.39501953125
2026-05-28 11:55:00-04:00,632.469970703125,632.6300048828125,632.010009765625,632.2899780273438,90495,632.469970703125
2026-05-28 12:00:00-04:00,631.4699096679688,632.47998046875,630.8649291992188,632.4450073242188,126189,631.4699096679688
2026-05-28 12:05:00-04:00,631.4400024414062,632.1900024414062,631.1900024414062,631.469970703125,162257,631.4400024414062
2026-05-28 12:10:00-04:00,631.6199951171875,632.1400146484375,631.114990234375,631.3049926757812,92685,631.6199951171875
2026-05-28 12:15:00-04:00,633.3099975585938,633.3499755859375,631.02001953125,631.7000122070312,110528,633.3099975585938
2026-05-28 12:20:00-04:00,633.4849853515625,633.739990234375,632.9000244140625,633.260009765625,107540,633.4849853515625
2026-05-28 12:25:00-04:00,634.614990234375,635.0,633.2999877929688,633.4965209960938,147129,634.614990234375
2026-05-28 12:30:00-04:00,633.3900146484375,634.6900024414062,633.1900024414062,634.59130859375,151473,633.3900146484375
2026-05-28 12:35:00-04:00,631.469970703125,633.3900146484375,631.2000122070312,633.3900146484375,153261,631.469970703125
2026-05-28 12:40:00-04:00,630.6749877929688,631.5700073242188,630.1099853515625,631.5,166582,630.6749877929688
2026-05-28 12:45:00-04:00,630.869873046875,631.3599853515625,630.1557006835938,630.6199951171875,114304,630.869873046875
2026-05-28 12:50:00-04:00,631.0,631.0599975585938,630.1099853515625,630.780029296875,93908,631.0
2026-05-28 12:55:00-04:00,630.0349731445312,631.0999755859375,629.7100830078125,630.9400024414062,132085,630.0349731445312
2026-05-28 13:00:00-04:00,630.1232299804688,631.0399169921875,629.9403076171875,629.9403076171875,98273,630.1232299804688
2026-05-28 13:05:00-04:00,631.469970703125,631.5,630.0499877929688,630.219970703125,110011,631.469970703125
2026-05-28 13:10:00-04:00,630.52001953125,631.6199951171875,630.52001953125,631.469970703125,76118,630.52001953125
2026-05-28 13:15:00-04:00,630.135009765625,630.6300048828125,629.9000244140625,630.594970703125,111914,630.135009765625
2026-05-28 13:20:00-04:00,631.3049926757812,631.4398803710938,630.1143188476562,630.155029296875,79607,631.3049926757812
2026-05-28 13:25:00-04:00,631.2150268554688,631.760009765625,631.1799926757812,631.3049926757812,116321,631.2150268554688
2026-05-28 13:30:00-04:00,632.280029296875,632.469970703125,631.2050170898438,631.2474975585938,145869,632.280029296875
2026-05-28 13:35:00-04:00,631.9500122070312,632.5999755859375,631.719970703125,632.280029296875,97180,631.9500122070312
2026-05-28 13:40:00-04:00,631.7003784179688,632.25,631.6400146484375,631.9650268554688,66780,631.7003784179688
2026-05-28 13:45:00-04:00,632.4000244140625,632.5599975585938,631.6900024414062,631.7899780273438,62719,632.4000244140625
2026-05-28 13:50:00-04:00,631.8800048828125,632.6300048828125,631.6199951171875,632.4749755859375,102698,631.8800048828125
2026-05-28 13:55:00-04:00,631.0850219726562,632.0899047851562,630.7100219726562,631.8798828125,80662,631.0850219726562
2026-05-28 14:00:00-04:00,631.8300170898438,631.969970703125,630.8800048828125,631.0900268554688,93588,631.8300170898438
2026-05-28 14:05:00-04:00,631.22998046875,631.8497924804688,631.0850219726562,631.7999877929688,77182,631.22998046875
2026-05-28 14:10:00-04:00,632.989990234375,633.3900146484375,631.22998046875,631.2899780273438,88013,632.989990234375
2026-05-28 14:15:00-04:00,632.8800048828125,633.22998046875,632.280029296875,633.02001953125,109979,632.8800048828125
2026-05-28 14:20:00-04:00,632.6599731445312,633.1749877929688,632.489990234375,632.9299926757812,70914,632.6599731445312
2026-05-28 14:25:00-04:00,632.8599853515625,633.22998046875,632.5798950195312,632.7000122070312,67293,632.8599853515625
2026-05-28 14:30:00-04:00,634.0399780273438,634.1199951171875,632.7841796875,632.8599853515625,123555,634.0399780273438
2026-05-28 14:35:00-04:00,633.472412109375,634.0900268554688,633.2999877929688,634.0399780273438,86363,633.472412109375
2026-05-28 14:40:00-04:00,633.4349975585938,633.8049926757812,633.260009765625,633.469970703125,74298,633.4349975585938
2026-05-28 14:45:00-04:00,633.6801147460938,633.9199829101562,633.010009765625,633.4000244140625,124641,633.6801147460938
2026-05-28 14:50:00-04:00,633.4299926757812,633.8099975585938,633.2899780273438,633.8098754882812,70753,633.4299926757812
2026-05-28 14:55:00-04:00,632.1199951171875,633.5,631.8699951171875,633.5,114094,632.1199951171875
2026-05-28 15:00:00-04:00,632.2249755859375,632.4400024414062,631.7999877929688,632.1199951171875,76692,632.2249755859375
2026-05-28 15:05:00-04:00,631.6400146484375,632.219970703125,631.489990234375,632.219970703125,84038,631.6400146484375
2026-05-28 15:10:00-04:00,632.0399780273438,632.3300170898438,631.6400146484375,631.6400146484375,72426,632.0399780273438
2026-05-28 15:15:00-04:00,633.0317993164062,633.0999755859375,631.9099731445312,632.0800170898438,84739,633.0317993164062
2026-05-28 15:20:00-04:00,633.4199829101562,633.5499877929688,632.8200073242188,633.0549926757812,108274,633.4199829101562
2026-05-28 15:25:00-04:00,633.8250122070312,633.97998046875,633.0700073242188,633.3900146484375,93347,633.8250122070312
2026-05-28 15:30:00-04:00,634.8300170898438,634.8773803710938,633.7000122070312,633.8599853515625,130582,634.8300170898438
2026-05-28 15:35:00-04:00,635.0650024414062,635.0999755859375,634.3699951171875,634.8099975585938,154127,635.0650024414062
2026-05-28 15:40:00-04:00,634.35498046875,635.25,634.3099975585938,635.0850219726562,101331,634.35498046875
2026-05-28 15:45:00-04:00,634.2000122070312,635.1199951171875,634.090087890625,634.35498046875,125878,634.2000122070312
2026-05-28 15:50:00-04:00,634.5750122070312,634.7999877929688,633.280029296875,634.1500244140625,254858,634.5750122070312
2026-05-28 15:55:00-04:00,635.219970703125,635.7000122070312,634.3200073242188,634.7100219726562,529400,635.219970703125
2026-05-29 09:30:00-04:00,629.530029296875,634.4600219726562,628.2501220703125,633.969970703125,753310,629.530029296875
2026-05-29 09:35:00-04:00,628.655029296875,630.0900268554688,627.3400268554688,629.52001953125,275916,628.655029296875
2026-05-29 09:40:00-04:00,629.489990234375,629.8699951171875,627.3900756835938,628.655029296875,248618,629.489990234375
2026-05-29 09:45:00-04:00,628.2750244140625,629.760009765625,627.60009765625,629.5,188499,628.2750244140625
2026-05-29 09:50:00-04:00,627.530029296875,628.9000244140625,626.6199951171875,628.3499755859375,279890,627.530029296875
2026-05-29 09:55:00-04:00,628.1400146484375,628.6500244140625,627.4000854492188,627.4749755859375,174444,628.1400146484375
2026-05-29 10:00:00-04:00,628.8800048828125,629.1400146484375,627.5498046875,628.094970703125,174843,628.8800048828125
2026-05-29 10:05:00-04:00,627.02001953125,629.030029296875,627.0,628.8400268554688,188110,627.02001953125
2026-05-29 10:10:00-04:00,626.5800170898438,627.8800048828125,626.260009765625,627.1099853515625,186357,626.5800170898438
2026-05-29 10:15:00-04:00,625.60498046875,626.6900024414062,625.0,626.4401245117188,224188,625.60498046875
2026-05-29 10:20:00-04:00,625.3699951171875,627.1298828125,625.25,625.6492919921875,158653,625.3699951171875
2026-05-29 10:25:00-04:00,624.9500122070312,625.4561157226562,623.9000854492188,625.4561157226562,186446,624.9500122070312
2026-05-29 10:30:00-04:00,623.9650268554688,625.05810546875,623.7000122070312,624.9500122070312,151384,623.9650268554688
2026-05-29 10:35:00-04:00,623.6300048828125,624.27001953125,623.3499755859375,623.9600219726562,217531,623.6300048828125
2026-05-29 10:40:00-04:00,624.5650024414062,625.0800170898438,623.530029296875,623.5903930664062,162200,624.5650024414062
2026-05-29 10:45:00-04:00,624.5900268554688,625.260009765625,623.6514892578125,624.5399780273438,137033,624.5900268554688
2026-05-29 10:50:00-04:00,624.9299926757812,626.2999877929688,624.4400024414062,624.6099853515625,219643,624.9299926757812
2026-05-29 10:55:00-04:00,625.2999877929688,625.8599853515625,624.6599731445312,624.9299926757812,109114,625.2999877929688
2026-05-29 11:00:00-04:00,626.47998046875,626.5399780273438,624.9249877929688,625.35498046875,107128,626.47998046875
2026-05-29 11:05:00-04:00,627.030029296875,627.0599975585938,626.02001953125,626.47998046875,122664,627.030029296875
2026-05-29 11:10:00-04:00,627.594970703125,627.7639770507812,626.7258911132812,627.0499877929688,159086,627.594970703125
2026-05-29 11:15:00-04:00,628.3150024414062,629.5499877929688,627.5900268554688,627.5900268554688,245340,628.3150024414062
2026-05-29 11:20:00-04:00,628.8900146484375,629.0,627.3400268554688,628.2899780273438,144152,628.8900146484375
2026-05-29 11:25:00-04:00,628.2999877929688,628.9000244140625,627.510009765625,628.8900146484375,88117,628.2999877929688
2026-05-29 11:30:00-04:00,628.405029296875,629.0999755859375,628.2999877929688,628.489990234375,99439,628.405029296875
2026-05-29 11:35:00-04:00,628.1900024414062,628.9000244140625,627.8400268554688,628.31201171875,87240,628.1900024414062
2026-05-29 11:40:00-04:00,627.0599975585938,628.2999877929688,626.8800048828125,628.1900024414062,77819,627.0599975585938
2026-05-29 11:45:00-04:00,627.375,627.6900024414062,627.07958984375,627.2000122070312,52712,627.375
2026-05-29 11:50:00-04:00,627.1849975585938,627.8599853515625,627.0200805664062,627.469970703125,60279,627.1849975585938
2026-05-29 11:55:00-04:00,627.7150268554688,627.72998046875,627.0100708007812,627.260009765625,53198,627.7150268554688
2026-05-29 12:00:00-04:00,628.0250244140625,628.4400024414062,627.380126953125,627.7150268554688,91026,628.0250244140625
2026-05-29 12:05:00-04:00,628.5601196289062,628.7299194335938,628.0001220703125,628.0250244140625,92829,628.5601196289062
2026-05-29 12:10:00-04:00,628.6500854492188,628.9099731445312,628.3001098632812,628.5999755859375,79345,628.6500854492188
2026-05-29 12:15:00-04:00,627.0800170898438,628.8400268554688,626.89501953125,628.6849975585938,82309,627.0800170898438
2026-05-29 12:20:00-04:00,626.5900268554688,627.1799926757812,626.2700805664062,627.0900268554688,103366,626.5900268554688
2026-05-29 12:25:00-04:00,625.7999877929688,626.6400146484375,625.530029296875,626.5900268554688,115659,625.7999877929688
2026-05-29 12:30:00-04:00,626.1099853515625,627.0,625.614990234375,625.8300170898438,128976,626.1099853515625
2026-05-29 12:35:00-04:00,625.155029296875,626.10498046875,624.8800048828125,626.02001953125,150202,625.155029296875
2026-05-29 12:40:00-04:00,625.0900268554688,625.5698852539062,624.5,625.114990234375,141332,625.0900268554688
2026-05-29 12:45:00-04:00,624.72998046875,625.3300170898438,624.510009765625,625.1099853515625,92075,624.72998046875
2026-05-29 12:50:00-04:00,625.02001953125,625.0800170898438,624.1400146484375,624.7650146484375,151257,625.02001953125
2026-05-29 12:55:00-04:00,624.77001953125,625.2598876953125,624.030029296875,625.0250854492188,116781,624.77001953125
2026-05-29 13:00:00-04:00,625.2150268554688,625.3099975585938,624.4650268554688,624.7999877929688,93068,625.2150268554688
2026-05-29 13:05:00-04:00,625.7000122070312,625.7000122070312,625.0401000976562,625.1500244140625,66305,625.7000122070312
2026-05-29 13:10:00-04:00,625.2550048828125,626.0,625.0,625.6951293945312,239569,625.2550048828125
2026-05-29 13:15:00-04:00,624.9550170898438,625.2550048828125,624.8201293945312,625.2550048828125,77833,624.9550170898438
2026-05-29 13:20:00-04:00,624.739990234375,625.0900268554688,623.8800048828125,625.010009765625,176162,624.739990234375
2026-05-29 13:25:00-04:00,624.0700073242188,624.75,623.8209838867188,624.72998046875,93199,624.0700073242188
2026-05-29 13:30:00-04:00,624.2901000976562,624.8499755859375,624.010009765625,624.0700073242188,104368,624.2901000976562
2026-05-29 13:35:00-04:00,624.5800170898438,624.5800170898438,624.2623901367188,624.375,62584,624.5800170898438
2026-05-29 13:40:00-04:00,626.0,626.0700073242188,624.5449829101562,624.5449829101562,145120,626.0
2026-05-29 13:45:00-04:00,626.3800048828125,626.510009765625,625.9400024414062,626.0,100526,626.3800048828125
2026-05-29 13:50:00-04:00,626.75,627.2000122070312,626.3400268554688,626.3800048828125,167834,626.75
2026-05-29 13:55:00-04:00,625.8400268554688,626.8800048828125,625.8201293945312,626.7449951171875,90187,625.8400268554688
2026-05-29 14:00:00-04:00,625.9251098632812,626.1900024414062,625.5,625.85498046875,72564,625.9251098632812
2026-05-29 14:05:00-04:00,626.4249877929688,626.4600219726562,625.844970703125,626.0349731445312,56612,626.4249877929688
2026-05-29 14:10:00-04:00,626.2550048828125,626.7100219726562,626.1300048828125,626.47998046875,55475,626.2550048828125
2026-05-29 14:15:00-04:00,626.510009765625,626.5499267578125,626.0,626.25,144802,626.510009765625
2026-05-29 14:20:00-04:00,627.4600219726562,627.8200073242188,626.4099731445312,626.510009765625,145330,627.4600219726562
2026-05-29 14:25:00-04:00,627.4299926757812,627.5499877929688,627.155029296875,627.530029296875,70778,627.4299926757812
2026-05-29 14:30:00-04:00,627.155029296875,628.1699829101562,627.0,627.5650024414062,118310,627.155029296875
2026-05-29 14:35:00-04:00,627.3900146484375,627.989990234375,626.7999877929688,627.2899780273438,85301,627.3900146484375
2026-05-29 14:40:00-04:00,626.52001953125,627.3699951171875,626.1900024414062,627.3699951171875,65136,626.52001953125
2026-05-29 14:45:00-04:00,625.8599853515625,626.6099853515625,625.3800048828125,626.52001953125,121126,625.8599853515625
2026-05-29 14:50:00-04:00,625.8599853515625,625.9849853515625,625.192626953125,625.75,58984,625.8599853515625
2026-05-29 14:55:00-04:00,626.0650024414062,626.4600219726562,625.4099731445312,625.7301025390625,86282,626.0650024414062
2026-05-29 15:00:00-04:00,626.8499755859375,626.9500122070312,625.5800170898438,626.1199951171875,149698,626.8499755859375
2026-05-29 15:05:00-04:00,627.4600219726562,627.5499877929688,626.6015014648438,626.7949829101562,109983,627.4600219726562
2026-05-29 15:10:00-04:00,628.0850219726562,628.469970703125,627.4400024414062,627.469970703125,97779,628.0850219726562
2026-05-29 15:15:00-04:00,628.2000122070312,628.3300170898438,627.5999755859375,628.0700073242188,103366,628.2000122070312
2026-05-29 15:20:00-04:00,629.6300048828125,629.7899780273438,628.0900268554688,628.1801147460938,225843,629.6300048828125
2026-05-29 15:25:00-04:00,629.375,630.02001953125,628.9437866210938,629.655029296875,179522,629.375
2026-05-29 15:30:00-04:00,629.7301025390625,629.989990234375,628.9401245117188,629.4099731445312,140078,629.7301025390625
2026-05-29 15:35:00-04:00,630.2899780273438,630.3499755859375,629.2000122070312,629.8400268554688,196306,630.2899780273438
2026-05-29 15:40:00-04:00,629.7899780273438,630.3499755859375,629.6599731445312,630.22998046875,148378,629.7899780273438
2026-05-29 15:45:00-04:00,629.9821166992188,630.0999755859375,629.010009765625,629.780029296875,216809,629.9821166992188
2026-05-29 15:50:00-04:00,632.9099731445312,634.5,630.0700073242188,630.0999755859375,945950,632.9099731445312
2026-05-29 15:55:00-04:00,632.52001953125,633.8099975585938,632.010009765625,632.8090209960938,1065733,632.52001953125
2026-06-01 09:30:00-04:00,621.7899780273438,635.6799926757812,618.4600219726562,629.4149780273438,1304754,621.7899780273438
2026-06-01 09:35:00-04:00,619.5,623.2100219726562,619.5,621.510009765625,591280,619.5
2026-06-01 09:40:00-04:00,618.2999877929688,622.469970703125,617.1536865234375,619.54638671875,585035,618.2999877929688
2026-06-01 09:45:00-04:00,620.989990234375,624.8099975585938,618.4849243164062,618.5700073242188,421015,620.989990234375
2026-06-01 09:50:00-04:00,616.2899780273438,621.0499877929688,616.0999755859375,621.0499877929688,468131,616.2899780273438
2026-06-01 09:55:00-04:00,616.3499755859375,617.0,614.5900268554688,616.3499755859375,562811,616.3499755859375
2026-06-01 10:00:00-04:00,616.2000122070312,618.280029296875,615.6500244140625,616.5800170898438,360706,616.2000122070312
2026-06-01 10:05:00-04:00,614.52001953125,616.7899169921875,614.52001953125,616.02001953125,321526,614.52001953125
2026-06-01 10:10:00-04:00,614.2100219726562,615.4465942382812,613.5,614.5850219726562,382568,614.2100219726562
2026-06-01 10:15:00-04:00,614.9349975585938,616.72998046875,614.2100219726562,614.2999267578125,280371,614.9349975585938
2026-06-01 10:20:00-04:00,611.6699829101562,615.1799926757812,611.6300048828125,614.9199829101562,424511,611.6699829101562
2026-06-01 10:25:00-04:00,610.205810546875,611.8200073242188,609.8499755859375,611.6900024414062,458600,610.205810546875
2026-06-01 10:30:00-04:00,609.3499755859375,611.6699829101562,609.2999877929688,610.0700073242188,514985,609.3499755859375
2026-06-01 10:35:00-04:00,610.5599975585938,611.1099853515625,609.030029296875,609.3599853515625,471972,610.5599975585938
2026-06-01 10:40:00-04:00,612.125,612.4598999023438,609.8699951171875,610.52001953125,473850,612.125
2026-06-01 10:45:00-04:00,613.5233154296875,613.6699829101562,611.719970703125,612.125,397082,613.5233154296875
2026-06-01 10:50:00-04:00,615.1649780273438,615.3400268554688,613.3200073242188,613.5150146484375,291368,615.1649780273438
2026-06-01 10:55:00-04:00,615.139892578125,616.0399780273438,614.489990234375,615.2078247070312,203242,615.139892578125
2026-06-01 11:00:00-04:00,612.9600219726562,615.3099975585938,612.4600219726562,615.0750122070312,239095,612.9600219726562
2026-06-01 11:05:00-04:00,611.2750244140625,613.530029296875,611.25,612.7999877929688,215895,611.2750244140625
2026-06-01 11:10:00-04:00,613.0449829101562,613.3800048828125,611.1599731445312,611.2979736328125,212049,613.0449829101562
2026-06-01 11:15:00-04:00,612.5,613.3580932617188,612.3300170898438,613.0549926757812,126085,612.5
2026-06-01 11:20:00-04:00,613.125,613.239990234375,612.260009765625,612.3699951171875,119143,613.125
2026-06-01 11:25:00-04:00,613.3699951171875,613.5,612.4500122070312,613.125,135617,613.3699951171875
2026-06-01 11:30:00-04:00,614.5750122070312,614.6400146484375,612.280029296875,613.4000244140625,260288,614.5750122070312
2026-06-01 11:35:00-04:00,615.5,616.0,614.4299926757812,614.5750122070312,213901,615.5
2026-06-01 11:40:00-04:00,614.5499877929688,615.780029296875,612.8599853515625,615.4099731445312,209648,614.5499877929688
2026-06-01 11:45:00-04:00,615.1500244140625,615.5700073242188,614.2200927734375,614.7050170898438,128956,615.1500244140625
2026-06-01 11:50:00-04:00,615.3200073242188,615.5399780273438,614.5499877929688,615.0723266601562,115819,615.3200073242188
2026-06-01 11:55:00-04:00,616.0800170898438,616.5700073242188,615.1300048828125,615.3300170898438,190318,616.0800170898438
2026-06-01 12:00:00-04:00,614.6900024414062,616.7896728515625,614.530029296875,616.2100219726562,168311,614.6900024414062
2026-06-01 12:05:00-04:00,613.739990234375,614.7899169921875,613.6400146484375,614.6325073242188,120665,613.739990234375
2026-06-01 12:10:00-04:00,612.8099975585938,613.7999877929688,612.4500122070312,613.739990234375,145672,612.8099975585938
2026-06-01 12:15:00-04:00,611.5,612.7440185546875,611.3300170898438,612.7440185546875,242124,611.5
2026-06-01 12:20:00-04:00,611.4000244140625,611.7698974609375,610.4099731445312,611.5,242620,611.4000244140625
2026-06-01 12:25:00-04:00,611.75,611.9799194335938,611.2100219726562,611.4299926757812,248405,611.75
2026-06-01 12:30:00-04:00,612.0750122070312,612.3599853515625,611.0,611.780029296875,222103,612.0750122070312
2026-06-01 12:35:00-04:00,611.1400146484375,612.3400268554688,611.0,612.02001953125,147533,611.1400146484375
2026-06-01 12:40:00-04:00,611.0,611.5999755859375,610.7000122070312,611.010009765625,156303,611.0
2026-06-01 12:45:00-04:00,611.0399780273438,611.5499877929688,610.8499755859375,611.0,159627,611.0399780273438
2026-06-01 12:50:00-04:00,611.8499755859375,612.2799072265625,611.0999755859375,611.1798706054688,160742,611.8499755859375
2026-06-01 12:55:00-04:00,611.4000244140625,612.02001953125,611.3900146484375,611.8800048828125,122848,611.4000244140625
2026-06-01 13:00:00-04:00,611.6199951171875,611.989990234375,611.1500244140625,611.4212036132812,133809,611.6199951171875
2026-06-01 13:05:00-04:00,610.655029296875,612.02001953125,610.5599975585938,611.5,137864,610.655029296875
2026-06-01 13:10:00-04:00,610.4199829101562,610.70068359375,609.6801147460938,610.6099853515625,280937,610.4199829101562
2026-06-01 13:15:00-04:00,608.1994018554688,610.4450073242188,607.77001953125,610.3900146484375,296000,608.1994018554688
2026-06-01 13:20:00-04:00,609.385009765625,609.5999755859375,607.97998046875,608.10009765625,209112,609.385009765625
2026-06-01 13:25:00-04:00,610.3499755859375,610.3499755859375,609.0700073242188,609.2800903320312,133699,610.3499755859375
2026-06-01 13:30:00-04:00,608.1099853515625,611.6699829101562,608.0999755859375,610.3099975585938,318083,608.1099853515625
2026-06-01 13:35:00-04:00,607.0399780273438,608.1599731445312,606.280029296875,608.0900268554688,414545,607.0399780273438
2026-06-01 13:40:00-04:00,609.6649780273438,610.0330200195312,607.030029296875,607.0900268554688,381416,609.6649780273438
2026-06-01 13:45:00-04:00,608.135009765625,610.6099853515625,608.0399780273438,609.7199096679688,212527,608.135009765625
2026-06-01 13:50:00-04:00,607.8499755859375,608.4500122070312,606.510009765625,608.135009765625,358582,607.8499755859375
2026-06-01 13:55:00-04:00,607.8400268554688,608.8963012695312,606.4000244140625,607.8599853515625,404235,607.8400268554688
2026-06-01 14:00:00-04:00,608.0,608.3900146484375,607.1900024414062,607.8400268554688,280361,608.0
2026-06-01 14:05:00-04:00,609.29248046875,609.3699951171875,607.4099731445312,607.9199829101562,254964,609.29248046875
2026-06-01 14:10:00-04:00,608.9749755859375,609.4000244140625,607.89501953125,609.2949829101562,207823,608.9749755859375
2026-06-01 14:15:00-04:00,608.3250122070312,609.030029296875,608.1885986328125,608.9749755859375,145310,608.3250122070312
2026-06-01 14:20:00-04:00,607.75,608.4000244140625,607.7100219726562,608.3250122070312,153235,607.75
2026-06-01 14:25:00-04:00,607.6589965820312,608.0,607.4000244140625,607.7650146484375,162005,607.6589965820312
2026-06-01 14:30:00-04:00,606.8400268554688,607.97998046875,606.6900024414062,607.72998046875,232555,606.8400268554688
2026-06-01 14:35:00-04:00,606.8699951171875,607.2999877929688,606.52001953125,606.6900024414062,165600,606.8699951171875
2026-06-01 14:40:00-04:00,606.0,606.9699096679688,605.7000122070312,606.864990234375,344483,606.0
2026-06-01 14:45:00-04:00,606.4578857421875,606.6300048828125,605.1500244140625,605.9400024414062,335396,606.4578857421875
2026-06-01 14:50:00-04:00,606.6500244140625,607.169921875,606.1599731445312,606.3800048828125,183344,606.6500244140625
2026-06-01 14:55:00-04:00,605.4600219726562,606.760009765625,605.3699951171875,606.6950073242188,323881,605.4600219726562
2026-06-01 15:00:00-04:00,606.780029296875,607.1900024414062,605.1400146484375,605.489990234375,322521,606.780029296875
2026-06-01 15:05:00-04:00,608.010009765625,608.0798950195312,606.6300048828125,606.77001953125,370203,608.010009765625
2026-06-01 15:10:00-04:00,606.635009765625,608.4000244140625,606.3599853515625,608.030029296875,371480,606.635009765625
2026-06-01 15:15:00-04:00,605.9450073242188,606.739990234375,605.7000122070312,606.635009765625,226980,605.9450073242188
2026-06-01 15:20:00-04:00,605.3300170898438,605.9450073242188,604.8599853515625,605.9450073242188,377641,605.3300170898438
2026-06-01 15:25:00-04:00,605.489990234375,605.719970703125,604.989990234375,605.385009765625,209534,605.489990234375
2026-06-01 15:30:00-04:00,604.3699951171875,605.9199829101562,604.3101196289062,605.4000244140625,344204,604.3699951171875
2026-06-01 15:35:00-04:00,603.7949829101562,604.5,602.6599731445312,604.35498046875,445098,603.7949829101562
2026-06-01 15:40:00-04:00,604.4500122070312,604.5499877929688,602.9000244140625,603.8099975585938,386834,604.4500122070312
2026-06-01 15:45:00-04:00,603.135009765625,605.25,602.7999877929688,604.375,424358,603.135009765625
2026-06-01 15:50:00-04:00,600.0599975585938,603.8350219726562,599.530029296875,603.1500244140625,1109194,600.0599975585938
2026-06-01 15:55:00-04:00,600.3699951171875,601.5501098632812,599.9299926757812,600.1182250976562,1688803,600.3699951171875
2026-06-02 09:30:00-04:00,602.114990234375,604.489990234375,600.60498046875,603.3499755859375,1470259,602.114990234375
2026-06-02 09:35:00-04:00,598.510009765625,602.5198974609375,597.3099975585938,602.114990234375,699881,598.510009765625
2026-06-02 09:40:00-04:00,599.25,600.030029296875,596.6799926757812,598.5750122070312,429524,599.25
2026-06-02 09:45:00-04:00,602.97998046875,603.0499877929688,598.6199951171875,599.260009765625,469060,602.97998046875
2026-06-02 09:50:00-04:00,604.0999755859375,605.6699829101562,602.4000244140625,602.89501953125,392333,604.0999755859375
2026-06-02 09:55:00-04:00,604.989990234375,605.77001953125,602.719970703125,603.9924926757812,244062,604.989990234375
2026-06-02 10:00:00-04:00,604.0999755859375,605.6400146484375,603.3200073242188,605.2999877929688,248700,604.0999755859375
2026-06-02 10:05:00-04:00,602.7620849609375,605.1898803710938,602.4849853515625,604.2373046875,288615,602.7620849609375
2026-06-02 10:10:00-04:00,600.3400268554688,603.530029296875,600.3200073242188,602.7999877929688,243579,600.3400268554688
2026-06-02 10:15:00-04:00,602.9185791015625,603.4500122070312,600.3350219726562,600.4400024414062,225295,602.9185791015625
2026-06-02 10:20:00-04:00,603.3800048828125,603.6400146484375,602.0999755859375,602.875,179736,603.3800048828125
2026-06-02 10:25:00-04:00,603.2050170898438,604.2899169921875,602.7650146484375,603.3800048828125,176424,603.2050170898438
2026-06-02 10:30:00-04:00,604.4500122070312,604.5399780273438,602.8049926757812,603.1900024414062,159894,604.4500122070312
2026-06-02 10:35:00-04:00,603.844970703125,604.9000244140625,603.530029296875,604.47998046875,128813,603.844970703125
2026-06-02 10:40:00-04:00,603.6998901367188,604.1798706054688,603.2999877929688,603.844970703125,112491,603.6998901367188
2026-06-02 10:45:00-04:00,605.489990234375,605.6500244140625,603.4199829101562,603.7000122070312,289234,605.489990234375
2026-06-02 10:50:00-04:00,606.22998046875,607.1199951171875,605.0,605.489990234375,331503,606.22998046875
2026-06-02 10:55:00-04:00,606.3900146484375,607.2999877929688,606.1649780273438,606.22998046875,160483,606.3900146484375
2026-06-02 11:00:00-04:00,606.6849975585938,607.3499755859375,606.1199951171875,606.3699951171875,150608,606.6849975585938
2026-06-02 11:05:00-04:00,608.1649780273438,608.8800048828125,605.9000244140625,606.6176147460938,239528,608.1649780273438
2026-06-02 11:10:00-04:00,607.5499877929688,608.1900024414062,607.4000244140625,608.1649780273438,127567,607.5499877929688
2026-06-02 11:15:00-04:00,608.14501953125,608.3400268554688,606.8200073242188,607.510009765625,141684,608.14501953125
2026-06-02 11:20:00-04:00,607.9199829101562,608.8400268554688,607.0700073242188,608.1199951171875,189271,607.9199829101562
2026-06-02 11:25:00-04:00,607.3699951171875,608.4099731445312,607.2406005859375,607.9199829101562,101046,607.3699951171875
2026-06-02 11:30:00-04:00,607.3300170898438,608.3699951171875,607.1199951171875,607.3051147460938,86718,607.3300170898438
2026-06-02 11:35:00-04:00,607.1027221679688,607.5999755859375,606.510009765625,607.2700805664062,109365,607.1027221679688
2026-06-02 11:40:00-04:00,607.4149780273438,607.8599853515625,607.010009765625,607.010009765625,93010,607.4149780273438
2026-06-02 11:45:00-04:00,607.123779296875,607.4400024414062,606.9299926757812,607.4099731445312,82847,607.123779296875
2026-06-02 11:50:00-04:00,607.1849975585938,608.0,607.0401000976562,607.2100219726562,75860,607.1849975585938
2026-06-02 11:55:00-04:00,607.0900268554688,607.6099853515625,606.885009765625,607.3200073242188,116054,607.0900268554688
2026-06-02 12:00:00-04:00,605.7999877929688,607.280029296875,605.7000122070312,607.27001953125,86501,605.7999877929688
2026-06-02 12:05:00-04:00,606.6400146484375,607.1799926757812,605.4000244140625,605.8499755859375,123381,606.6400146484375
2026-06-02 12:10:00-04:00,607.4400024414062,607.8499755859375,606.2700805664062,606.6400146484375,80811,607.4400024414062
2026-06-02 12:15:00-04:00,606.9299926757812,607.8499755859375,606.75,607.4299926757812,722181,606.9299926757812
2026-06-02 12:20:00-04:00,607.4000244140625,607.52001953125,606.3300170898438,606.989990234375,82948,607.4000244140625
2026-06-02 12:25:00-04:00,607.4099731445312,607.72998046875,607.1749877929688,607.25,49509,607.4099731445312
2026-06-02 12:30:00-04:00,607.3499755859375,607.7899780273438,607.080078125,607.4400024414062,55136,607.3499755859375
2026-06-02 12:35:00-04:00,607.8300170898438,608.0250244140625,607.080078125,607.2849731445312,70863,607.8300170898438
2026-06-02 12:40:00-04:00,607.1099853515625,608.2999877929688,607.1099853515625,607.8599853515625,78463,607.1099853515625
2026-06-02 12:45:00-04:00,607.52001953125,607.8599243164062,606.8900146484375,607.1199951171875,60357,607.52001953125
2026-06-02 12:50:00-04:00,606.9199829101562,607.5900268554688,606.8900146484375,607.5850219726562,48224,606.9199829101562
2026-06-02 12:55:00-04:00,606.989990234375,607.6599731445312,606.8800048828125,606.9199829101562,56431,606.989990234375
2026-06-02 13:00:00-04:00,606.6400146484375,607.0399780273438,606.5401000976562,607.0092163085938,55802,606.6400146484375
2026-06-02 13:05:00-04:00,606.47998046875,606.8900146484375,605.4299926757812,606.739990234375,119580,606.47998046875
2026-06-02 13:10:00-04:00,606.5650024414062,606.6599731445312,606.1199951171875,606.4849853515625,54922,606.5650024414062
2026-06-02 13:15:00-04:00,606.4849853515625,606.6300048828125,606.25,606.5599975585938,50078,606.4849853515625
2026-06-02 13:20:00-04:00,607.0700073242188,607.9500122070312,606.3599853515625,606.4000244140625,101685,607.0700073242188
2026-06-02 13:25:00-04:00,606.22998046875,607.0,606.1199951171875,607.0,64245,606.22998046875
2026-06-02 13:30:00-04:00,604.6610107421875,606.3900146484375,604.6599731445312,606.155029296875,110026,604.6610107421875
2026-06-02 13:35:00-04:00,605.22998046875,605.614990234375,604.5,604.75,86914,605.22998046875
2026-06-02 13:40:00-04:00,605.4849853515625,605.510009765625,604.9401245117188,605.14501953125,54731,605.4849853515625
2026-06-02 13:45:00-04:00,605.6699829101562,606.219970703125,605.52001953125,605.5449829101562,51187,605.6699829101562
2026-06-02 13:50:00-04:00,605.6300048828125,606.14501953125,605.5,605.7899780273438,56687,605.6300048828125
2026-06-02 13:55:00-04:00,605.3699951171875,606.2850952148438,605.3699951171875,605.7100219726562,56812,605.3699951171875
2026-06-02 14:00:00-04:00,605.4108276367188,605.75,605.239990234375,605.4600219726562,70496,605.4108276367188
2026-06-02 14:05:00-04:00,605.4000244140625,605.7999877929688,605.1099853515625,605.510009765625,54109,605.4000244140625
2026-06-02 14:10:00-04:00,605.0850219726562,605.5399169921875,604.8300170898438,605.4000244140625,63685,605.0850219726562
2026-06-02 14:15:00-04:00,605.5554809570312,605.6099853515625,605.0200805664062,605.0850219726562,68048,605.5554809570312
2026-06-02 14:20:00-04:00,605.3900146484375,605.8599853515625,604.7999877929688,605.6400146484375,100049,605.3900146484375
2026-06-02 14:25:00-04:00,604.7000122070312,605.7999877929688,604.6099853515625,605.3900146484375,65509,604.7000122070312
2026-06-02 14:30:00-04:00,603.3173217773438,604.97998046875,603.2000122070312,604.6849975585938,132731,603.3173217773438
2026-06-02 14:35:00-04:00,603.5449829101562,603.72998046875,603.0599975585938,603.3800048828125,112272,603.5449829101562
2026-06-02 14:40:00-04:00,603.0449829101562,603.5499877929688,602.6099853515625,603.5449829101562,117764,603.0449829101562
2026-06-02 14:45:00-04:00,602.9500122070312,603.2999877929688,602.8499755859375,603.0449829101562,82030,602.9500122070312
2026-06-02 14:50:00-04:00,601.6500244140625,602.969970703125,601.6199951171875,602.9100952148438,122040,601.6500244140625
2026-06-02 14:55:00-04:00,601.8350219726562,602.1199951171875,601.2999877929688,601.635009765625,158467,601.8350219726562
2026-06-02 15:00:00-04:00,601.4000244140625,602.02001953125,601.0,601.8350219726562,117752,601.4000244140625
2026-06-02 15:05:00-04:00,601.10009765625,601.6798706054688,601.080078125,601.4600219726562,108041,601.10009765625
2026-06-02 15:10:00-04:00,600.5999755859375,601.3300170898438,600.5999755859375,601.1110229492188,117469,600.5999755859375
2026-06-02 15:15:00-04:00,600.6199951171875,600.8400268554688,600.2100219726562,600.635009765625,157019,600.6199951171875
2026-06-02 15:20:00-04:00,600.9199829101562,601.1951904296875,600.5599975585938,600.5601196289062,122715,600.9199829101562
2026-06-02 15:25:00-04:00,600.64501953125,601.2000122070312,600.5999755859375,600.9400024414062,127584,600.64501953125
2026-06-02 15:30:00-04:00,600.3699951171875,600.8599853515625,600.2999877929688,600.6699829101562,143485,600.3699951171875
2026-06-02 15:35:00-04:00,600.0399780273438,600.3900146484375,599.8300170898438,600.35498046875,396532,600.0399780273438
2026-06-02 15:40:00-04:00,600.344970703125,600.5,600.0,600.032470703125,189682,600.344970703125
2026-06-02 15:45:00-04:00,600.6500244140625,600.719970703125,600.010009765625,600.2949829101562,153163,600.6500244140625
2026-06-02 15:50:00-04:00,598.5499877929688,600.7000122070312,598.510009765625,600.5999755859375,369534,598.5499877929688
2026-06-02 15:55:00-04:00,597.6599731445312,598.5999755859375,597.260009765625,598.5750122070312,1062403,597.6599731445312
2026-06-03 09:30:00-04:00,612.4199829101562,613.72998046875,600.27001953125,602.989990234375,1624814,612.4199829101562
2026-06-03 09:35:00-04:00,609.9000244140625,613.760009765625,609.147705078125,612.4199829101562,692765,609.9000244140625
2026-06-03 09:40:00-04:00,609.3350219726562,614.2999877929688,608.1099853515625,609.9000244140625,449029,609.3350219726562
2026-06-03 09:45:00-04:00,608.385009765625,609.9500122070312,606.75,609.3499755859375,383017,608.385009765625
2026-06-03 09:50:00-04:00,611.5736083984375,612.6649780273438,607.6400146484375,608.239990234375,412462,611.5736083984375
2026-06-03 09:55:00-04:00,612.0999755859375,613.2000122070312,609.3800048828125,611.5250244140625,342183,612.0999755859375
2026-06-03 10:00:00-04:00,617.2949829101562,617.5499877929688,609.6500244140625,612.2100219726562,706877,617.2949829101562
2026-06-03 10:05:00-04:00,617.8150024414062,619.3800048828125,615.6500854492188,617.4110107421875,755579,617.8150024414062
2026-06-03 10:10:00-04:00,616.52001953125,618.6900024414062,615.1525268554688,617.7531127929688,410302,616.52001953125
2026-06-03 10:15:00-04:00,616.25,618.2000122070312,615.1829833984375,616.2800903320312,298137,616.25
2026-06-03 10:20:00-04:00,615.6900024414062,619.0,615.6599731445312,616.260009765625,262745,615.6900024414062
2026-06-03 10:25:00-04:00,616.2550048828125,617.6900024414062,615.1099853515625,615.6900024414062,219810,616.2550048828125
2026-06-03 10:30:00-04:00,616.1900024414062,618.1998901367188,615.4400024414062,616.4600219726562,265329,616.1900024414062
2026-06-03 10:35:00-04:00,615.4299926757812,616.1199951171875,613.9550170898438,616.0399780273438,256554,615.4299926757812
2026-06-03 10:40:00-04:00,618.8699951171875,619.7999877929688,615.1199951171875,615.5,313115,618.8699951171875
2026-06-03 10:45:00-04:00,615.885009765625,619.7999877929688,615.6599731445312,619.0399780273438,263860,615.885009765625
2026-06-03 10:50:00-04:00,617.594970703125,617.9699096679688,614.7000122070312,615.7899780273438,153822,617.594970703125
2026-06-03 10:55:00-04:00,617.0599975585938,617.739990234375,616.5499877929688,617.5999755859375,123629,617.0599975585938
2026-06-03 11:00:00-04:00,615.3400268554688,617.6400146484375,615.27001953125,617.1199951171875,168391,615.3400268554688
2026-06-03 11:05:00-04:00,617.030029296875,617.239990234375,614.840087890625,615.2999877929688,167016,617.030029296875
2026-06-03 11:10:00-04:00,618.6500244140625,619.0,617.1099853515625,617.1099853515625,207185,618.6500244140625
2026-06-03 11:15:00-04:00,617.1500244140625,618.8800048828125,617.1400146484375,618.6300048828125,146688,617.1500244140625
2026-06-03 11:20:00-04:00,615.9000244140625,617.6300048828125,615.72998046875,617.1500244140625,214122,615.9000244140625
2026-06-03 11:25:00-04:00,616.2501220703125,617.1500244140625,615.1801147460938,615.739990234375,145858,616.2501220703125
2026-06-03 11:30:00-04:00,613.89501953125,616.52001953125,613.7000122070312,616.3800048828125,120459,613.89501953125
2026-06-03 11:35:00-04:00,614.1699829101562,615.5050048828125,613.89501953125,613.89501953125,125732,614.1699829101562
2026-06-03 11:40:00-04:00,614.8150024414062,614.905029296875,613.5,614.22998046875,117764,614.8150024414062
2026-06-03 11:45:00-04:00,615.2130737304688,615.530029296875,614.1300048828125,614.72998046875,137662,615.2130737304688
2026-06-03 11:50:00-04:00,614.2899780273438,615.5599975585938,614.030029296875,615.280029296875,95270,614.2899780273438
2026-06-03 11:55:00-04:00,613.2548217773438,615.0,613.1099853515625,614.4500122070312,120461,613.2548217773438
2026-06-03 12:00:00-04:00,613.4450073242188,613.9099731445312,612.5599975585938,613.3699951171875,121630,613.4450073242188
2026-06-03 12:05:00-04:00,614.0250244140625,614.3099975585938,613.2503051757812,613.52001953125,110030,614.0250244140625
2026-06-03 12:10:00-04:00,613.619873046875,614.27001953125,613.0100708007812,614.02001953125,88721,613.619873046875
2026-06-03 12:15:00-04:00,612.10498046875,613.489990234375,611.6099853515625,613.489990234375,142383,612.10498046875
2026-06-03 12:20:00-04:00,612.530029296875,613.6298828125,611.7501220703125,612.10498046875,110766,612.530029296875
2026-06-03 12:25:00-04:00,613.2050170898438,613.5050048828125,612.27001953125,612.3400268554688,90785,613.2050170898438
2026-06-03 12:30:00-04:00,614.5399780273438,614.5599975585938,612.8699951171875,613.27001953125,115315,614.5399780273438
2026-06-03 12:35:00-04:00,613.0499877929688,614.72998046875,612.6300048828125,614.5399780273438,106013,613.0499877929688
2026-06-03 12:40:00-04:00,613.9199829101562,614.47998046875,613.0,613.155029296875,93198,613.9199829101562
2026-06-03 12:45:00-04:00,616.4500122070312,616.6300048828125,615.0599975585938,615.0700073242188,113389,616.4500122070312
2026-06-03 12:50:00-04:00,617.6500244140625,617.8499755859375,616.3040161132812,616.6500244140625,167055,617.6500244140625
2026-06-03 12:55:00-04:00,619.65380859375,619.780029296875,617.72412109375,618.1915283203125,176104,619.65380859375
2026-06-03 13:00:00-04:00,617.989990234375,620.280029296875,617.7999877929688,619.5599975585938,269875,617.989990234375
2026-06-03 13:05:00-04:00,619.1749877929688,619.3599853515625,617.1300048828125,617.8599853515625,147153,619.1749877929688
2026-06-03 13:10:00-04:00,617.4600219726562,619.4000244140625,617.1699829101562,619.2050170898438,116071,617.4600219726562
2026-06-03 13:15:00-04:00,615.8200073242188,617.4550170898438,615.3101196289062,617.4550170898438,129014,615.8200073242188
2026-06-03 13:20:00-04:00,617.2899780273438,617.4149780273438,615.760009765625,615.760009765625,121604,617.2899780273438
2026-06-03 13:25:00-04:00,617.8599853515625,618.2899780273438,616.9105834960938,617.27001953125,99132,617.8599853515625
2026-06-03 13:30:00-04:00,617.9199829101562,618.0,617.1599731445312,617.8200073242188,81368,617.9199829101562
2026-06-03 13:35:00-04:00,617.614990234375,618.260009765625,617.5499877929688,618.0,87883,617.614990234375
2026-06-03 13:40:00-04:00,618.4349975585938,618.8800048828125,617.5399780273438,617.6199951171875,96710,618.4349975585938
2026-06-03 13:45:00-04:00,620.3300170898438,621.0800170898438,618.3499755859375,618.3699951171875,235800,620.3300170898438
2026-06-03 13:50:00-04:00,621.7449951171875,621.9600219726562,620.2706909179688,620.4000244140625,210335,621.7449951171875
2026-06-03 13:55:00-04:00,622.5300903320312,622.8200073242188,621.6610107421875,621.7899780273438,251873,622.5300903320312
2026-06-03 14:00:00-04:00,622.1599731445312,623.4099731445312,622.02001953125,622.530029296875,247655,622.1599731445312
2026-06-03 14:05:00-04:00,620.9149780273438,622.2000122070312,620.2899780273438,622.1799926757812,179091,620.9149780273438
2026-06-03 14:10:00-04:00,621.6300048828125,622.0,620.2800903320312,620.9149780273438,190969,621.6300048828125
2026-06-03 14:15:00-04:00,623.5599975585938,623.5599975585938,621.1900024414062,621.6876831054688,176670,623.5599975585938
2026-06-03 14:20:00-04:00,621.989990234375,624.0,621.9000244140625,623.5,229446,621.989990234375
2026-06-03 14:25:00-04:00,621.8699951171875,623.260009765625,621.8699951171875,621.989990234375,116254,621.8699951171875
2026-06-03 14:30:00-04:00,622.6900024414062,623.5399780273438,621.6900024414062,621.905029296875,156822,622.6900024414062
2026-06-03 14:35:00-04:00,623.155029296875,623.760009765625,622.1071166992188,622.614990234375,141790,623.155029296875
2026-06-03 14:40:00-04:00,622.8599853515625,623.780029296875,622.4550170898438,623.22998046875,109882,622.8599853515625
2026-06-03 14:45:00-04:00,622.1915283203125,623.2000122070312,622.010009765625,622.8599853515625,109617,622.1915283203125
2026-06-03 14:50:00-04:00,622.280029296875,622.8195190429688,621.6400756835938,622.1799926757812,122047,622.280029296875
2026-06-03 14:55:00-04:00,622.6749877929688,622.9600219726562,621.739990234375,622.3200073242188,106070,622.6749877929688
2026-06-03 15:00:00-04:00,620.9450073242188,622.614990234375,620.830078125,622.614990234375,115860,620.9450073242188
2026-06-03 15:05:00-04:00,620.8300170898438,621.3200073242188,620.3900756835938,620.969970703125,90944,620.8300170898438
2026-06-03 15:10:00-04:00,621.5999755859375,621.719970703125,620.6199951171875,620.88720703125,90490,621.5999755859375
2026-06-03 15:15:00-04:00,620.9400024414062,622.239990234375,620.8099975585938,621.64501953125,211308,620.9400024414062
2026-06-03 15:20:00-04:00,621.8800048828125,622.9400024414062,620.5,620.9749755859375,157311,621.8800048828125
2026-06-03 15:25:00-04:00,621.030029296875,622.0899047851562,620.5900268554688,622.02001953125,158645,621.030029296875
2026-06-03 15:30:00-04:00,621.02001953125,621.280029296875,620.5,621.030029296875,183613,621.02001953125
2026-06-03 15:35:00-04:00,621.7999877929688,621.9000244140625,620.2847900390625,621.0399780273438,130829,621.7999877929688
2026-06-03 15:40:00-04:00,622.8200073242188,622.8200073242188,621.5399780273438,621.8499755859375,160423,622.8200073242188
2026-06-03 15:45:00-04:00,622.7449951171875,623.3300170898438,621.5399780273438,622.719970703125,236711,622.7449951171875
2026-06-03 15:50:00-04:00,623.22998046875,624.0999755859375,622.1199951171875,622.8699951171875,394771,623.22998046875
2026-06-03 15:55:00-04:00,623.1099853515625,623.2899780273438,622.260009765625,623.1300048828125,1677785,623.1099853515625
2026-06-04 09:30:00-04:00,635.010009765625,635.3300170898438,622.5999755859375,623.6699829101562,1430672,635.010009765625
2026-06-04 09:35:00-04:00,632.7100219726562,637.6599731445312,632.10009765625,634.8099975585938,688231,632.7100219726562
2026-06-04 09:40:00-04:00,631.27001953125,633.3099975585938,630.7100219726562,632.759521484375,318958,631.27001953125
2026-06-04 09:45:00-04:00,633.0,633.22998046875,629.3599853515625,631.0449829101562,355910,633.0
2026-06-04 09:50:00-04:00,635.4450073242188,637.2000122070312,632.0189819335938,632.9299926757812,501336,635.4450073242188
2026-06-04 09:55:00-04:00,638.7999877929688,639.1900024414062,635.530029296875,635.5349731445312,499963,638.7999877929688
2026-06-04 10:00:00-04:00,639.0999755859375,639.5999755859375,634.4500122070312,638.6500244140625,415681,639.0999755859375
2026-06-04 10:05:00-04:00,637.2249755859375,639.260009765625,636.02001953125,639.1300048828125,382999,637.2249755859375
2026-06-04 10:10:00-04:00,637.4163208007812,638.6699829101562,637.0499877929688,637.1799926757812,347337,637.4163208007812
2026-06-04 10:15:00-04:00,637.1600952148438,638.0399780273438,636.3200073242188,637.4849853515625,307166,637.1600952148438
2026-06-04 10:20:00-04:00,638.2650146484375,638.6099243164062,636.8800048828125,637.1500244140625,253173,638.2650146484375
2026-06-04 10:25:00-04:00,638.0050048828125,640.4000244140625,637.6901245117188,638.3049926757812,428830,638.0050048828125
2026-06-04 10:30:00-04:00,638.2899780273438,638.9600219726562,636.72998046875,638.1799926757812,270835,638.2899780273438
2026-06-04 10:35:00-04:00,635.0399780273438,638.8300170898438,634.60009765625,638.2000122070312,208554,635.0399780273438
2026-06-04 10:40:00-04:00,638.47998046875,639.3900146484375,634.97998046875,635.0399780273438,201989,638.47998046875
2026-06-04 10:45:00-04:00,638.407470703125,639.0900268554688,637.75,638.3400268554688,143881,638.407470703125
2026-06-04 10:50:00-04:00,638.60498046875,638.9099731445312,637.2100219726562,638.4968872070312,209048,638.60498046875
2026-06-04 10:55:00-04:00,640.0700073242188,640.2000122070312,638.510009765625,638.7000122070312,239857,640.0700073242188
2026-06-04 11:00:00-04:00,638.489990234375,640.5,637.8599853515625,639.9400024414062,217022,638.489990234375
2026-06-04 11:05:00-04:00,638.2825927734375,639.6400146484375,638.0189208984375,638.489990234375,150713,638.2825927734375
2026-06-04 11:10:00-04:00,638.27001953125,639.094970703125,637.969970703125,638.030029296875,135125,638.27001953125
2026-06-04 11:15:00-04:00,638.510009765625,639.7150268554688,637.989990234375,638.25,166480,638.510009765625
2026-06-04 11:20:00-04:00,638.5900268554688,639.0,638.2100219726562,638.6500244140625,88473,638.5900268554688
2026-06-04 11:25:00-04:00,638.4949951171875,639.389892578125,637.989990234375,638.5,143378,638.4949951171875
2026-06-04 11:30:00-04:00,637.4299926757812,639.9799194335938,637.25,638.4949951171875,182455,637.4299926757812
2026-06-04 11:35:00-04:00,636.72998046875,637.7191772460938,635.6199951171875,637.5900268554688,162137,636.72998046875
2026-06-04 11:40:00-04:00,637.4199829101562,637.530029296875,636.0499877929688,636.7899780273438,138381,637.4199829101562
2026-06-04 11:45:00-04:00,638.5999755859375,638.8300170898438,637.1799926757812,637.3499755859375,230175,638.5999755859375
2026-06-04 11:50:00-04:00,636.7449951171875,638.60498046875,636.5800170898438,638.5999755859375,196466,636.7449951171875
2026-06-04 11:55:00-04:00,637.3800048828125,637.8400268554688,636.010009765625,636.7449951171875,96320,637.3800048828125
2026-06-04 12:00:00-04:00,641.2000122070312,642.3099975585938,637.2000122070312,637.3800048828125,400539,641.2000122070312
2026-06-04 12:05:00-04:00,641.0900268554688,642.3300170898438,639.780029296875,640.7899780273438,278363,641.0900268554688
2026-06-04 12:10:00-04:00,638.5,641.0850219726562,638.1699829101562,640.969970703125,146159,638.5
2026-06-04 12:15:00-04:00,636.6300048828125,638.5999755859375,636.5499877929688,638.4600219726562,91820,636.6300048828125
2026-06-04 12:20:00-04:00,634.9299926757812,636.6400146484375,634.8699951171875,636.5499877929688,149590,634.9299926757812
2026-06-04 12:25:00-04:00,633.5999755859375,635.14990234375,632.9801025390625,634.8300170898438,282899,633.5999755859375
2026-06-04 12:30:00-04:00,632.3165893554688,633.760009765625,632.1599731445312,633.3201904296875,182545,632.3165893554688
2026-06-04 12:35:00-04:00,631.77001953125,632.5700073242188,631.3099975585938,632.3298950195312,162172,631.77001953125
2026-06-04 12:40:00-04:00,630.8099975585938,631.77001953125,629.77001953125,631.6699829101562,173880,630.8099975585938
2026-06-04 12:45:00-04:00,630.1400146484375,631.4199829101562,629.7999877929688,630.8900146484375,153873,630.1400146484375
2026-06-04 12:50:00-04:00,629.8800048828125,630.4099731445312,629.5399780273438,630.1900024414062,105481,629.8800048828125
2026-06-04 12:55:00-04:00,628.4149780273438,630.0800170898438,628.0800170898438,629.9650268554688,171132,628.4149780273438
2026-06-04 13:00:00-04:00,629.7094116210938,629.7680053710938,627.6099853515625,628.4149780273438,161276,629.7094116210938
2026-06-04 13:05:00-04:00,628.9450073242188,630.5999755859375,628.7899780273438,629.6199951171875,178511,628.9450073242188
2026-06-04 13:10:00-04:00,629.0150146484375,629.5430297851562,628.8900146484375,628.9199829101562,68091,629.0150146484375
2026-06-04 13:15:00-04:00,629.864990234375,630.3967895507812,629.0999755859375,629.0999755859375,92157,629.864990234375
2026-06-04 13:20:00-04:00,629.7999877929688,630.3699951171875,629.5499877929688,629.8699951171875,94124,629.7999877929688
2026-06-04 13:25:00-04:00,630.02001953125,630.52001953125,629.3699951171875,629.7349853515625,84450,630.02001953125
2026-06-04 13:30:00-04:00,629.5399780273438,630.2999267578125,628.6400146484375,630.0599975585938,114547,629.5399780273438
2026-06-04 13:35:00-04:00,629.2069702148438,629.97998046875,628.9450073242188,629.5399780273438,91073,629.2069702148438
2026-06-04 13:40:00-04:00,629.8350219726562,629.8599243164062,629.080078125,629.22998046875,73751,629.8350219726562
2026-06-04 13:45:00-04:00,629.3499755859375,630.0050048828125,629.0499877929688,629.8400268554688,66486,629.3499755859375
2026-06-04 13:50:00-04:00,629.47998046875,630.0549926757812,629.280029296875,629.4450073242188,56646,629.47998046875
2026-06-04 13:55:00-04:00,629.125,629.9273071289062,628.75,629.3800048828125,56673,629.125
2026-06-04 14:00:00-04:00,626.8300170898438,629.0999755859375,626.6699829101562,629.0700073242188,123903,626.8300170898438
2026-06-04 14:05:00-04:00,626.2249755859375,627.0490112304688,626.1400146484375,626.780029296875,95638,626.2249755859375
2026-06-04 14:10:00-04:00,626.43701171875,626.47998046875,625.9199829101562,626.2899780273438,77034,626.43701171875
2026-06-04 14:15:00-04:00,626.6300048828125,627.0,625.9849853515625,626.3900146484375,114582,626.6300048828125
2026-06-04 14:20:00-04:00,626.6300048828125,627.3699951171875,626.260009765625,626.6950073242188,81416,626.6300048828125
2026-06-04 14:25:00-04:00,626.280029296875,626.8298950195312,626.0255126953125,626.72998046875,62366,626.280029296875
2026-06-04 14:30:00-04:00,625.8599853515625,626.239990234375,625.5701293945312,626.239990234375,88983,625.8599853515625
2026-06-04 14:35:00-04:00,626.590087890625,626.8499145507812,625.7899780273438,625.7899780273438,93152,626.590087890625
2026-06-04 14:40:00-04:00,626.75,627.0999755859375,626.2899780273438,626.7100219726562,68582,626.75
2026-06-04 14:45:00-04:00,625.8800048828125,626.9099731445312,625.841796875,626.6900024414062,68230,625.8800048828125
2026-06-04 14:50:00-04:00,625.72998046875,626.0,625.510009765625,625.8400268554688,61152,625.72998046875
2026-06-04 14:55:00-04:00,625.8800048828125,626.4000244140625,625.6300048828125,625.6699829101562,70463,625.8800048828125
2026-06-04 15:00:00-04:00,625.719970703125,625.9500122070312,625.1901245117188,625.9500122070312,62596,625.719970703125
2026-06-04 15:05:00-04:00,624.760009765625,625.8400268554688,624.5999755859375,625.7100219726562,76184,624.760009765625
2026-06-04 15:10:00-04:00,626.0499877929688,626.0499877929688,624.52001953125,624.75,91158,626.0499877929688
2026-06-04 15:15:00-04:00,626.3250122070312,626.989990234375,625.9400024414062,626.0250244140625,120227,626.3250122070312
2026-06-04 15:20:00-04:00,625.760009765625,626.6199951171875,625.3699951171875,626.4000244140625,76943,625.760009765625
2026-06-04 15:25:00-04:00,624.4650268554688,625.869873046875,624.3300170898438,625.7650146484375,102653,624.4650268554688
2026-06-04 15:30:00-04:00,623.655029296875,624.52001953125,623.530029296875,624.510009765625,137947,623.655029296875
2026-06-04 15:35:00-04:00,623.2100219726562,624.0900268554688,622.7999877929688,623.6099853515625,151571,623.2100219726562
2026-06-04 15:40:00-04:00,623.9299926757812,624.2999877929688,623.1199951171875,623.2000122070312,134781,623.9299926757812
2026-06-04 15:45:00-04:00,624.469970703125,624.469970703125,622.97998046875,623.8900146484375,131727,624.469970703125
2026-06-04 15:50:00-04:00,626.0150146484375,626.25,623.6599731445312,624.4010009765625,276874,626.0150146484375
2026-06-04 15:55:00-04:00,627.5399780273438,627.7150268554688,626.0700073242188,626.0700073242188,657787,627.5399780273438
2026-06-05 09:30:00-04:00,627.4650268554688,629.0399780273438,621.8099975585938,623.4600219726562,622487,627.4650268554688
2026-06-05 09:35:00-04:00,626.27001953125,628.780029296875,625.9650268554688,627.0700073242188,175211,626.27001953125
2026-06-05 09:40:00-04:00,624.28369140625,627.0,623.5399780273438,626.173095703125,214582,624.28369140625
2026-06-05 09:45:00-04:00,623.989990234375,625.3499755859375,622.5700073242188,624.4824829101562,317844,623.989990234375
2026-06-05 09:50:00-04:00,620.5499877929688,624.97998046875,620.280029296875,624.1400146484375,219143,620.5499877929688
2026-06-05 09:55:00-04:00,619.7998046875,622.0900268554688,619.1599731445312,620.5599975585938,212936,619.7998046875
2026-06-05 10:00:00-04:00,615.5,620.2000122070312,615.4199829101562,619.3909912109375,276293,615.5
2026-06-05 10:05:00-04:00,616.6699829101562,616.831298828125,614.6900024414062,615.6649780273438,366042,616.6699829101562
2026-06-05 10:10:00-04:00,618.4299926757812,618.97998046875,616.6599731445312,616.760009765625,230390,618.4299926757812
2026-06-05 10:15:00-04:00,617.4450073242188,618.7899780273438,617.25,618.2951049804688,235647,617.4450073242188
2026-06-05 10:20:00-04:00,618.135009765625,619.760009765625,616.9199829101562,617.6300048828125,256923,618.135009765625
2026-06-05 10:25:00-04:00,618.5650024414062,619.1199951171875,617.6500244140625,618.0999755859375,358634,618.5650024414062
2026-06-05 10:30:00-04:00,616.9249877929688,618.9000244140625,616.1799926757812,618.5742797851562,132131,616.9249877929688
2026-06-05 10:35:00-04:00,614.864990234375,617.2498779296875,614.864990234375,616.8200073242188,102968,614.864990234375
2026-06-05 10:40:00-04:00,615.114990234375,615.969970703125,614.7100830078125,614.85498046875,120417,615.114990234375
2026-06-05 10:45:00-04:00,615.5999755859375,615.6099243164062,614.6199951171875,615.2000122070312,111483,615.5999755859375
2026-06-05 10:50:00-04:00,614.7150268554688,615.489990234375,614.1500244140625,615.4000244140625,115192,614.7150268554688
2026-06-05 10:55:00-04:00,615.2999877929688,615.97998046875,614.5814208984375,614.7000122070312,129538,615.2999877929688
2026-06-05 11:00:00-04:00,614.5900268554688,616.4600219726562,614.4500122070312,615.47998046875,108516,614.5900268554688
2026-06-05 11:05:00-04:00,614.4099731445312,614.7949829101562,613.8101196289062,614.5900268554688,129180,614.4099731445312
2026-06-05 11:10:00-04:00,613.7349853515625,615.3699951171875,613.531005859375,614.3699951171875,116537,613.7349853515625
2026-06-05 11:15:00-04:00,613.8400268554688,613.9099731445312,612.8200073242188,613.5399780273438,152203,613.8400268554688
2026-06-05 11:20:00-04:00,612.9500122070312,614.4099731445312,612.72998046875,613.8250122070312,115699,612.9500122070312
2026-06-05 11:25:00-04:00,613.4650268554688,613.77001953125,612.75,612.989990234375,124368,613.4650268554688
2026-06-05 11:30:00-04:00,612.719970703125,614.1300048828125,612.67431640625,613.4749755859375,135996,612.719970703125
2026-06-05 11:35:00-04:00,612.239990234375,613.2698974609375,612.0800170898438,612.760009765625,124855,612.239990234375
2026-06-05 11:40:00-04:00,611.7899780273438,612.5,611.6599731445312,612.2550048828125,137460,611.7899780273438
2026-06-05 11:45:00-04:00,612.9299926757812,613.7525024414062,611.3699951171875,611.8499755859375,209064,612.9299926757812
2026-06-05 11:50:00-04:00,613.5999755859375,613.7449951171875,612.3900146484375,613.135009765625,204536,613.5999755859375
2026-06-05 11:55:00-04:00,612.9099731445312,613.5050048828125,612.6699829101562,613.5,139931,612.9099731445312
2026-06-05 12:00:00-04:00,612.3499755859375,612.9400024414062,611.9301147460938,612.9400024414062,163246,612.3499755859375
2026-06-05 12:05:00-04:00,611.4349975585938,612.35498046875,611.1099853515625,612.35498046875,88767,611.4349975585938
2026-06-05 12:10:00-04:00,610.489990234375,611.52001953125,610.2899780273438,611.4299926757812,176756,610.489990234375
2026-06-05 12:15:00-04:00,610.489990234375,610.8699951171875,609.8900146484375,610.489990234375,431804,610.489990234375
2026-06-05 12:20:00-04:00,610.3900146484375,610.75,610.1599731445312,610.5999755859375,98121,610.3900146484375
2026-06-05 12:25:00-04:00,609.7999877929688,610.9400024414062,609.7899780273438,610.3400268554688,81963,609.7999877929688
2026-06-05 12:30:00-04:00,608.4500122070312,609.9500122070312,608.3800048828125,609.8099975585938,149318,608.4500122070312
2026-06-05 12:35:00-04:00,609.47998046875,609.6300048828125,608.3900146484375,608.4500122070312,122914,609.47998046875
2026-06-05 12:40:00-04:00,609.280029296875,609.77001953125,608.8300170898438,609.5598754882812,130862,609.280029296875
2026-06-05 12:45:00-04:00,608.9149780273438,609.468994140625,608.25,609.1300048828125,140607,608.9149780273438
2026-06-05 12:50:00-04:00,609.0900268554688,609.6099853515625,608.4849853515625,608.9500122070312,139653,609.0900268554688
2026-06-05 12:55:00-04:00,609.760009765625,609.9600219726562,608.8099975585938,609.0700073242188,93678,609.760009765625
2026-06-05 13:00:00-04:00,610.0549926757812,610.1900024414062,609.1400146484375,609.7000122070312,105708,610.0549926757812
2026-06-05 13:05:00-04:00,609.7050170898438,610.469970703125,609.510009765625,610.0800170898438,135073,609.7050170898438
2026-06-05 13:10:00-04:00,608.8900146484375,610.0700073242188,608.530029296875,609.7000122070312,113224,608.8900146484375
2026-06-05 13:15:00-04:00,607.760009765625,608.97998046875,607.580078125,608.8250122070312,132736,607.760009765625
2026-06-05 13:20:00-04:00,608.0599975585938,608.2698974609375,607.3300170898438,607.6400146484375,389147,608.0599975585938
2026-06-05 13:25:00-04:00,608.72998046875,608.9099731445312,608.0599975585938,608.0599975585938,119131,608.72998046875
2026-06-05 13:30:00-04:00,608.39501953125,609.0999755859375,608.0700073242188,608.7000122070312,109897,608.39501953125
2026-06-05 13:35:00-04:00,608.9349975585938,609.0919799804688,607.989990234375,608.39501953125,103396,608.9349975585938
2026-06-05 13:40:00-04:00,608.1099853515625,609.1199951171875,608.0399780273438,608.9600219726562,114243,608.1099853515625
2026-06-05 13:45:00-04:00,608.3499755859375,608.9600219726562,607.9000244140625,608.1099853515625,72660,608.3499755859375
2026-06-05 13:50:00-04:00,608.8599853515625,609.0800170898438,608.0999755859375,608.2449951171875,78509,608.8599853515625
2026-06-05 13:55:00-04:00,608.8900146484375,609.22998046875,608.4400024414062,608.6950073242188,59584,608.8900146484375
2026-06-05 14:00:00-04:00,609.489990234375,611.5999755859375,608.7000122070312,608.8900146484375,129349,609.489990234375
2026-06-05 14:05:00-04:00,609.52001953125,610.2100219726562,609.1400146484375,609.5399780273438,95154,609.52001953125
2026-06-05 14:10:00-04:00,594.1430053710938,610.2000122070312,592.22998046875,609.4199829101562,1393459,594.1430053710938
2026-06-05 14:15:00-04:00,585.9874877929688,596.780029296875,584.6699829101562,594.405029296875,1791982,585.9874877929688
2026-06-05 14:20:00-04:00,585.6849975585938,588.6400146484375,582.9099731445312,585.77099609375,1255822,585.6849975585938
2026-06-05 14:25:00-04:00,586.6099853515625,588.4000244140625,583.75,585.7849731445312,931158,586.6099853515625
2026-06-05 14:30:00-04:00,586.39501953125,587.6400146484375,584.2000122070312,586.8400268554688,688214,586.39501953125
2026-06-05 14:35:00-04:00,593.2150268554688,593.4400024414062,589.0809936523438,589.6199951171875,639328,593.2150268554688
2026-06-05 14:40:00-04:00,592.0150146484375,593.8599853515625,590.35009765625,593.4299926757812,634712,592.0150146484375
2026-06-05 14:45:00-04:00,592.969970703125,593.7000122070312,591.6799926757812,592.0150146484375,321819,592.969970703125
2026-06-05 14:50:00-04:00,593.5999755859375,595.14990234375,592.2999877929688,592.969970703125,373201,593.5999755859375
2026-06-05 14:55:00-04:00,594.8900146484375,595.8200073242188,593.1199951171875,593.72998046875,305641,594.8900146484375
2026-06-05 15:00:00-04:00,594.5855102539062,596.7000122070312,591.5100708007812,594.780029296875,736108,594.5855102539062
2026-06-05 15:05:00-04:00,591.6500244140625,594.6300048828125,589.6500244140625,594.0,568669,591.6500244140625
2026-06-05 15:10:00-04:00,591.1849975585938,592.010009765625,589.6500244140625,591.9600219726562,1110357,591.1849975585938
2026-06-05 15:15:00-04:00,589.7899780273438,591.3800048828125,589.0999755859375,591.0650024414062,330062,589.7899780273438
2026-06-05 15:20:00-04:00,589.489990234375,590.3499755859375,588.5399780273438,589.7899780273438,320963,589.489990234375
2026-06-05 15:25:00-04:00,592.3150024414062,592.3200073242188,589.4000854492188,589.4000854492188,314788,592.3150024414062
2026-06-05 15:30:00-04:00,590.8900146484375,592.4799194335938,590.35498046875,592.3150024414062,555217,590.8900146484375
2026-06-05 15:35:00-04:00,591.155029296875,591.6699829101562,590.010009765625,590.7899780273438,308073,591.155029296875
2026-06-05 15:40:00-04:00,590.8800048828125,591.219970703125,589.2000122070312,591.155029296875,364727,590.8800048828125
2026-06-05 15:45:00-04:00,592.3599853515625,593.530029296875,590.3800048828125,591.010009765625,287164,592.3599853515625
2026-06-05 15:50:00-04:00,594.2150268554688,594.2150268554688,591.3499755859375,592.22998046875,544766,594.2150268554688
2026-06-05 15:55:00-04:00,592.6400146484375,595.0,592.6199951171875,594.1300048828125,1072823,592.6400146484375
2026-06-08 09:30:00-04:00,579.8889770507812,591.9199829101562,579.5700073242188,590.22998046875,1773532,579.8889770507812
2026-06-08 09:35:00-04:00,584.7550048828125,585.2846069335938,579.219970703125,579.6699829101562,608434,584.7550048828125
2026-06-08 09:40:00-04:00,587.4000244140625,588.469970703125,584.0,584.760009765625,370051,587.4000244140625
2026-06-08 09:45:00-04:00,587.4550170898438,588.5900268554688,586.5,587.3499755859375,301345,587.4550170898438
2026-06-08 09:50:00-04:00,589.2899780273438,589.5800170898438,587.1950073242188,587.489990234375,207409,589.2899780273438
2026-06-08 09:55:00-04:00,588.8150024414062,589.8699951171875,587.8599853515625,589.27001953125,204742,588.8150024414062
2026-06-08 10:00:00-04:00,590.4000244140625,591.4400024414062,587.72998046875,588.8200073242188,198555,590.4000244140625
2026-06-08 10:05:00-04:00,590.1235961914062,590.97998046875,589.1701049804688,590.305419921875,125092,590.1235961914062
2026-06-08 10:10:00-04:00,590.9000244140625,591.0963745117188,589.3599853515625,590.010009765625,125947,590.9000244140625
2026-06-08 10:15:00-04:00,589.7750244140625,591.0,589.0,590.9000244140625,114381,589.7750244140625
2026-06-08 10:20:00-04:00,589.0,590.5,588.2999877929688,589.739990234375,188342,589.0
2026-06-08 10:25:00-04:00,588.2349853515625,589.4099731445312,587.9600219726562,589.0999755859375,167770,588.2349853515625
2026-06-08 10:30:00-04:00,587.09228515625,588.7999877929688,586.7200927734375,588.405029296875,165634,587.09228515625
2026-06-08 10:35:00-04:00,587.5150146484375,588.25,586.7000122070312,587.030029296875,192892,587.5150146484375
2026-06-08 10:40:00-04:00,587.9550170898438,588.72998046875,587.1300048828125,587.9298706054688,221365,587.9550170898438
2026-06-08 10:45:00-04:00,590.0,590.889892578125,587.9099731445312,588.0,171693,590.0
2026-06-08 10:50:00-04:00,589.280029296875,590.7098999023438,588.5399780273438,590.030029296875,108819,589.280029296875
2026-06-08 10:55:00-04:00,590.3800048828125,590.4998779296875,588.6199951171875,589.2750244140625,122709,590.3800048828125
2026-06-08 11:00:00-04:00,590.8400268554688,591.8200073242188,589.9199829101562,590.2600708007812,144456,590.8400268554688
2026-06-08 11:05:00-04:00,591.1300048828125,591.39990234375,590.2412109375,590.8400268554688,88718,591.1300048828125
2026-06-08 11:10:00-04:00,590.239990234375,591.219970703125,590.0,591.219970703125,107221,590.239990234375
2026-06-08 11:15:00-04:00,589.4450073242188,590.8800048828125,588.8300170898438,590.25,143891,589.4450073242188
2026-06-08 11:20:00-04:00,589.5220947265625,589.7899780273438,588.3699951171875,589.4749755859375,78565,589.5220947265625
2026-06-08 11:25:00-04:00,587.6500244140625,589.7598876953125,587.510009765625,589.7598876953125,103601,587.6500244140625
2026-06-08 11:30:00-04:00,587.2999877929688,587.989990234375,586.52001953125,587.64501953125,148991,587.2999877929688
2026-06-08 11:35:00-04:00,588.5900268554688,588.6699829101562,586.9600219726562,587.239990234375,108480,588.5900268554688
2026-06-08 11:40:00-04:00,588.7000122070312,588.97998046875,588.0,588.52001953125,102519,588.7000122070312
2026-06-08 11:45:00-04:00,588.1849975585938,589.35498046875,588.1099853515625,588.6799926757812,86932,588.1849975585938
2026-06-08 11:50:00-04:00,588.4400024414062,589.2077026367188,588.27001953125,588.27001953125,53253,588.4400024414062
2026-06-08 11:55:00-04:00,587.5700073242188,588.530029296875,587.27001953125,588.4299926757812,60267,587.5700073242188
2026-06-08 12:00:00-04:00,587.7899780273438,588.3198852539062,586.9310913085938,587.5599975585938,57712,587.7899780273438
2026-06-08 12:05:00-04:00,587.6799926757812,588.2899780273438,587.4099731445312,587.909423828125,219576,587.6799926757812
2026-06-08 12:10:00-04:00,587.6300048828125,588.6300048828125,587.4199829101562,587.7550048828125,94297,587.6300048828125
2026-06-08 12:15:00-04:00,588.6900024414062,588.8699951171875,587.5750122070312,587.5750122070312,61077,588.6900024414062
2026-06-08 12:20:00-04:00,588.2550048828125,589.1199951171875,588.1201171875,588.6900024414062,259137,588.2550048828125
2026-06-08 12:25:00-04:00,587.9400024414062,588.9998779296875,587.9400024414062,588.2550048828125,69209,587.9400024414062
2026-06-08 12:30:00-04:00,587.9949951171875,588.7199096679688,587.8200073242188,588.1046752929688,60741,587.9949951171875
2026-06-08 12:35:00-04:00,588.0800170898438,588.469970703125,586.8499755859375,588.1099853515625,87821,588.0800170898438
2026-06-08 12:40:00-04:00,588.0,588.4998779296875,587.3300170898438,588.0700073242188,64003,588.0
2026-06-08 12:45:00-04:00,587.4857788085938,588.2938232421875,587.2000122070312,587.8900146484375,94105,587.4857788085938
2026-06-08 12:50:00-04:00,586.97998046875,587.723388671875,586.6099853515625,587.5,75233,586.97998046875
2026-06-08 12:55:00-04:00,586.6701049804688,587.3699951171875,586.6701049804688,586.97998046875,44432,586.6701049804688
2026-06-08 13:00:00-04:00,586.0,586.8699951171875,585.35498046875,586.8699951171875,102441,586.0
2026-06-08 13:05:00-04:00,586.3699951171875,586.9976196289062,585.9500122070312,585.9849853515625,56101,586.3699951171875
2026-06-08 13:10:00-04:00,586.0452880859375,586.4099731445312,584.8300170898438,586.280029296875,154496,586.0452880859375
2026-06-08 13:15:00-04:00,587.0,587.1353149414062,586.0700073242188,586.1500244140625,73192,587.0
2026-06-08 13:20:00-04:00,586.9199829101562,587.5999755859375,586.6500244140625,587.0999755859375,60048,586.9199829101562
2026-06-08 13:25:00-04:00,588.260009765625,588.2999877929688,586.0599975585938,586.9249877929688,125166,588.260009765625
2026-06-08 13:30:00-04:00,588.1849975585938,588.8800048828125,587.2200927734375,588.0999755859375,99387,588.1849975585938
2026-06-08 13:35:00-04:00,587.469970703125,588.3699951171875,587.2899780273438,588.0750122070312,70469,587.469970703125
2026-06-08 13:40:00-04:00,586.0,587.52001953125,585.9099731445312,587.3200073242188,74722,586.0
2026-06-08 13:45:00-04:00,587.5750122070312,587.7000122070312,585.9000244140625,585.9299926757812,73117,587.5750122070312
2026-06-08 13:50:00-04:00,587.0150146484375,587.6900024414062,586.905029296875,587.5700073242188,56478,587.0150146484375
2026-06-08 13:55:00-04:00,586.8049926757812,587.489990234375,586.5999755859375,587.0150146484375,70458,586.8049926757812
2026-06-08 14:00:00-04:00,587.97998046875,588.0,586.6749877929688,586.843994140625,81170,587.97998046875
2026-06-08 14:05:00-04:00,588.2324829101562,588.3300170898438,587.6810302734375,587.8250122070312,74523,588.2324829101562
2026-06-08 14:10:00-04:00,587.575927734375,588.2999877929688,587.2501220703125,588.27001953125,64565,587.575927734375
2026-06-08 14:15:00-04:00,587.97998046875,587.989990234375,587.5,587.7050170898438,53608,587.97998046875
2026-06-08 14:20:00-04:00,588.155029296875,588.5800170898438,587.6599731445312,587.9799194335938,86726,588.155029296875
2026-06-08 14:25:00-04:00,588.5549926757812,588.6300048828125,588.0900268554688,588.0900268554688,71222,588.5549926757812
2026-06-08 14:30:00-04:00,588.39501953125,588.9400024414062,588.3204956054688,588.510009765625,99036,588.39501953125
2026-06-08 14:35:00-04:00,587.6649780273438,588.5399780273438,587.6099853515625,588.4027709960938,65576,587.6649780273438
2026-06-08 14:40:00-04:00,587.47998046875,588.1599731445312,587.239990234375,587.6099853515625,65100,587.47998046875
2026-06-08 14:45:00-04:00,587.5449829101562,587.8599853515625,587.4600219726562,587.47998046875,55244,587.5449829101562
2026-06-08 14:50:00-04:00,588.0,588.0700073242188,587.3800048828125,587.5349731445312,87481,588.0
2026-06-08 14:55:00-04:00,587.5999755859375,588.0700073242188,587.510009765625,588.010009765625,54387,587.5999755859375
2026-06-08 15:00:00-04:00,587.114990234375,587.6199951171875,586.9600219726562,587.6199951171875,67787,587.114990234375
2026-06-08 15:05:00-04:00,586.72998046875,587.3800048828125,586.7100219726562,587.114990234375,96409,586.72998046875
2026-06-08 15:10:00-04:00,585.4299926757812,586.6699829101562,585.3800048828125,586.6699829101562,110131,585.4299926757812
2026-06-08 15:15:00-04:00,585.9099731445312,585.9299926757812,585.22998046875,585.4299926757812,102009,585.9099731445312
2026-06-08 15:20:00-04:00,586.8900146484375,587.2100219726562,585.9099731445312,585.9099731445312,134845,586.8900146484375
2026-06-08 15:25:00-04:00,587.7449951171875,587.8699951171875,586.1699829101562,586.9600219726562,128780,587.7449951171875
2026-06-08 15:30:00-04:00,587.2949829101562,587.8400268554688,587.1199951171875,587.8099975585938,101723,587.2949829101562
2026-06-08 15:35:00-04:00,587.8634033203125,588.3499755859375,587.1552124023438,587.2999877929688,83024,587.8634033203125
2026-06-08 15:40:00-04:00,588.2589721679688,588.280029296875,587.5,587.8599853515625,93506,588.2589721679688
2026-06-08 15:45:00-04:00,589.6099853515625,589.8300170898438,588.1400146484375,588.2000122070312,145852,589.6099853515625
2026-06-08 15:50:00-04:00,586.5999755859375,590.0,586.3800048828125,589.6599731445312,272809,586.5999755859375
2026-06-08 15:55:00-04:00,585.3350219726562,586.52001953125,584.85498046875,586.52001953125,667348,585.3350219726562
2026-06-09 09:30:00-04:00,590.8499755859375,592.3499145507812,587.719970703125,591.75,688695,590.8499755859375
2026-06-09 09:35:00-04:00,593.5599975585938,593.8699951171875,590.5900268554688,590.9575805664062,283133,593.5599975585938
2026-06-09 09:40:00-04:00,595.75927734375,596.0800170898438,591.8599853515625,593.5424194335938,250098,595.75927734375
2026-06-09 09:45:00-04:00,596.6799926757812,597.25,595.0999755859375,595.6776733398438,207475,596.6799926757812
2026-06-09 09:50:00-04:00,594.7949829101562,597.6300048828125,594.6599731445312,596.4550170898438,217779,594.7949829101562
2026-06-09 09:55:00-04:00,596.0150146484375,597.0,593.219970703125,594.8499755859375,212686,596.0150146484375
2026-06-09 10:00:00-04:00,595.760009765625,597.25,594.9349975585938,595.9000244140625,148883,595.760009765625
2026-06-09 10:05:00-04:00,596.9000244140625,597.0499877929688,595.4301147460938,595.6600952148438,128753,596.9000244140625
2026-06-09 10:10:00-04:00,594.405029296875,597.2999877929688,594.2700805664062,596.969970703125,193097,594.405029296875
2026-06-09 10:15:00-04:00,593.1890258789062,594.6400146484375,592.1900024414062,594.364990234375,199926,593.1890258789062
2026-06-09 10:20:00-04:00,595.6199951171875,596.0,592.4400024414062,593.0700073242188,152968,595.6199951171875
2026-06-09 10:25:00-04:00,594.5499877929688,596.260009765625,593.7100219726562,595.5800170898438,181394,594.5499877929688
2026-06-09 10:30:00-04:00,596.3099975585938,596.4299926757812,593.780029296875,594.3900146484375,174251,596.3099975585938
2026-06-09 10:35:00-04:00,596.02001953125,596.739990234375,595.22998046875,596.3099975585938,106706,596.02001953125
2026-06-09 10:40:00-04:00,594.3900146484375,596.3699951171875,594.0399780273438,596.119873046875,109321,594.3900146484375
2026-06-09 10:45:00-04:00,591.1099853515625,594.5599975585938,590.6199951171875,594.3599853515625,202018,591.1099853515625
2026-06-09 10:50:00-04:00,591.9000244140625,592.0,590.25,591.10498046875,130822,591.9000244140625
2026-06-09 10:55:00-04:00,593.280029296875,593.5,591.8499755859375,592.0,87676,593.280029296875
2026-06-09 11:00:00-04:00,593.3599853515625,594.2191772460938,592.3900146484375,593.2750244140625,156188,593.3599853515625
2026-06-09 11:05:00-04:00,594.0599975585938,594.1787109375,592.6799926757812,593.5150146484375,133195,594.0599975585938
2026-06-09 11:10:00-04:00,593.3350219726562,594.901611328125,592.7000732421875,594.1799926757812,99148,593.3350219726562
2026-06-09 11:15:00-04:00,592.9500122070312,593.4400024414062,592.1099853515625,593.3049926757812,87271,592.9500122070312
2026-06-09 11:20:00-04:00,591.0399780273438,593.4000244140625,591.0,592.8499755859375,118939,591.0399780273438
2026-06-09 11:25:00-04:00,588.35009765625,591.1762084960938,588.114990234375,591.0499877929688,186503,588.35009765625
2026-06-09 11:30:00-04:00,588.594970703125,589.2100219726562,587.5499877929688,588.47998046875,171761,588.594970703125
2026-06-09 11:35:00-04:00,588.1500244140625,588.7698974609375,587.52001953125,588.594970703125,156042,588.1500244140625
2026-06-09 11:40:00-04:00,588.7650146484375,589.7100219726562,587.8099975585938,588.0800170898438,127290,588.7650146484375
2026-06-09 11:45:00-04:00,589.4650268554688,590.3599853515625,588.7899780273438,588.8599853515625,88845,589.4650268554688
2026-06-09 11:50:00-04:00,589.0349731445312,590.0599975585938,588.6199951171875,589.4500122070312,77228,589.0349731445312
2026-06-09 11:55:00-04:00,587.2949829101562,589.47998046875,587.1199951171875,588.9400024414062,153575,587.2949829101562
2026-06-09 12:00:00-04:00,587.0250244140625,588.5599975585938,586.9000244140625,587.3099975585938,159525,587.0250244140625
2026-06-09 12:05:00-04:00,586.5120239257812,587.1500244140625,585.5700073242188,586.8499755859375,165700,586.5120239257812
2026-06-09 12:10:00-04:00,587.125,587.4000244140625,585.75,586.5850219726562,110008,587.125
2026-06-09 12:15:00-04:00,584.739990234375,587.155029296875,584.0999755859375,587.1300048828125,242947,584.739990234375
2026-06-09 12:20:00-04:00,585.7999877929688,586.1699829101562,583.3300170898438,584.6849975585938,174842,585.7999877929688
2026-06-09 12:25:00-04:00,586.155029296875,586.780029296875,585.4500122070312,585.9650268554688,147345,586.155029296875
2026-06-09 12:30:00-04:00,586.52001953125,587.6699829101562,585.52001953125,586.155029296875,97986,586.52001953125
2026-06-09 12:35:00-04:00,581.6409912109375,587.3499755859375,581.4500122070312,586.7755737304688,189274,581.6409912109375
2026-06-09 12:40:00-04:00,582.721923828125,583.3049926757812,581.010009765625,581.8099975585938,204452,582.721923828125
2026-06-09 12:45:00-04:00,582.6649780273438,583.6400146484375,581.6375122070312,582.6099853515625,93471,582.6649780273438
2026-06-09 12:50:00-04:00,581.7100219726562,583.530029296875,581.5800170898438,582.6649780273438,114450,581.7100219726562
2026-06-09 12:55:00-04:00,584.010009765625,584.25,581.5,581.6749877929688,114848,584.010009765625
2026-06-09 13:00:00-04:00,585.010009765625,585.5899047851562,583.5900268554688,584.1699829101562,117581,585.010009765625
2026-06-09 13:05:00-04:00,584.5349731445312,585.280029296875,584.1749877929688,585.010009765625,91938,584.5349731445312
2026-06-09 13:10:00-04:00,584.9650268554688,585.4500122070312,583.6099853515625,584.6599731445312,90178,584.9650268554688
2026-06-09 13:15:00-04:00,586.260009765625,586.4099731445312,584.4500122070312,584.9650268554688,92337,586.260009765625
2026-06-09 13:20:00-04:00,586.4749755859375,587.119873046875,585.8699951171875,586.135009765625,110279,586.4749755859375
2026-06-09 13:25:00-04:00,586.7274780273438,587.1199951171875,586.2100219726562,586.4749755859375,75432,586.7274780273438
2026-06-09 13:30:00-04:00,587.6900024414062,587.739990234375,586.5499877929688,586.5499877929688,75488,587.6900024414062
2026-06-09 13:35:00-04:00,588.1099853515625,588.5,587.3800048828125,587.7999267578125,80726,588.1099853515625
2026-06-09 13:40:00-04:00,589.25,589.8699951171875,587.9500122070312,588.135009765625,95838,589.25
2026-06-09 13:45:00-04:00,587.9000244140625,589.2899780273438,587.5900268554688,589.177001953125,78306,587.9000244140625
2026-06-09 13:50:00-04:00,589.22998046875,589.6900024414062,587.8499755859375,587.9199829101562,93311,589.22998046875
2026-06-09 13:55:00-04:00,588.6699829101562,589.780029296875,588.5999755859375,589.2249755859375,80981,588.6699829101562
2026-06-09 14:00:00-04:00,589.7949829101562,589.89990234375,588.4949951171875,588.5999755859375,368471,589.7949829101562
2026-06-09 14:05:00-04:00,590.4450073242188,590.6998901367188,589.52001953125,589.7949829101562,121978,590.4450073242188
2026-06-09 14:10:00-04:00,588.4400024414062,590.4639892578125,587.840087890625,590.4099731445312,148424,588.4400024414062
2026-06-09 14:15:00-04:00,589.405029296875,589.47998046875,587.6099853515625,588.5499877929688,117417,589.405029296875
2026-06-09 14:20:00-04:00,589.9000244140625,589.9199829101562,588.6599731445312,589.405029296875,69943,589.9000244140625
2026-06-09 14:25:00-04:00,589.5900268554688,589.844970703125,588.8900756835938,589.844970703125,64973,589.5900268554688
2026-06-09 14:30:00-04:00,589.7899780273438,590.7490234375,589.3300170898438,589.5900268554688,87240,589.7899780273438
2026-06-09 14:35:00-04:00,590.0900268554688,590.1500244140625,589.4199829101562,589.7899169921875,62979,590.0900268554688
2026-06-09 14:40:00-04:00,589.2550048828125,590.1500244140625,589.0700073242188,590.0599975585938,71931,589.2550048828125
2026-06-09 14:45:00-04:00,589.8800048828125,590.14990234375,589.1599731445312,589.1599731445312,60251,589.8800048828125
2026-06-09 14:50:00-04:00,590.1799926757812,590.3900146484375,589.5440063476562,589.8300170898438,60399,590.1799926757812
2026-06-09 14:55:00-04:00,590.97998046875,591.3800048828125,590.0700073242188,590.2799072265625,68730,590.97998046875
2026-06-09 15:00:00-04:00,590.9149780273438,591.219970703125,590.3800048828125,590.97998046875,103680,590.9149780273438
2026-06-09 15:05:00-04:00,591.1400146484375,591.530029296875,590.7000122070312,590.97998046875,72948,591.1400146484375
2026-06-09 15:10:00-04:00,589.680419921875,591.22998046875,589.5399780273438,591.22998046875,103303,589.680419921875
2026-06-09 15:15:00-04:00,588.8900146484375,589.9199829101562,588.239990234375,589.8599853515625,92076,588.8900146484375
2026-06-09 15:20:00-04:00,589.1600952148438,589.3900146484375,588.52001953125,588.8900146484375,97074,589.1600952148438
2026-06-09 15:25:00-04:00,588.3300170898438,589.1300048828125,587.8699951171875,589.030029296875,128196,588.3300170898438
2026-06-09 15:30:00-04:00,587.405029296875,588.4849853515625,587.1900024414062,588.260009765625,119437,587.405029296875
2026-06-09 15:35:00-04:00,586.72998046875,587.47998046875,586.6701049804688,587.405029296875,138251,586.72998046875
2026-06-09 15:40:00-04:00,586.260009765625,586.8900146484375,586.0650024414062,586.77001953125,165111,586.260009765625
2026-06-09 15:45:00-04:00,585.030029296875,586.5399780273438,585.030029296875,586.25,177686,585.030029296875
2026-06-09 15:50:00-04:00,587.3200073242188,587.6400146484375,585.0599975585938,585.0599975585938,290585,587.3200073242188
2026-06-09 15:55:00-04:00,584.5599975585938,587.3200073242188,584.5,587.3200073242188,730986,584.5599975585938
2026-06-10 09:30:00-04:00,584.8250122070312,585.5,579.27001953125,580.72998046875,800076,584.8250122070312
2026-06-10 09:35:00-04:00,588.4299926757812,588.4299926757812,584.60009765625,584.8049926757812,269274,588.4299926757812
2026-06-10 09:40:00-04:00,591.1199951171875,591.2899780273438,587.9299926757812,588.1824951171875,319113,591.1199951171875
2026-06-10 09:45:00-04:00,589.9400024414062,591.2999877929688,588.5700073242188,591.030029296875,283917,589.9400024414062
2026-06-10 09:50:00-04:00,588.5599975585938,590.1749877929688,588.22998046875,589.8599853515625,184386,588.5599975585938
2026-06-10 09:55:00-04:00,587.7949829101562,590.510009765625,587.260009765625,588.5599975585938,132102,587.7949829101562
2026-06-10 10:00:00-04:00,587.677001953125,590.0198974609375,587.5499877929688,587.8674926757812,109067,587.677001953125
2026-06-10 10:05:00-04:00,584.880126953125,587.780029296875,584.8300170898438,587.6300048828125,180051,584.880126953125
2026-06-10 10:10:00-04:00,585.3499755859375,586.7349853515625,584.4600219726562,584.9600219726562,148697,585.3499755859375
2026-06-10 10:15:00-04:00,585.469970703125,585.8099975585938,584.8099975585938,585.4000244140625,126870,585.469970703125
2026-06-10 10:20:00-04:00,586.0,586.1099853515625,585.1099853515625,585.5750122070312,77921,586.0
2026-06-10 10:25:00-04:00,583.5050048828125,586.4967041015625,583.0399780273438,586.0999755859375,142617,583.5050048828125
2026-06-10 10:30:00-04:00,583.6090087890625,583.7999877929688,582.0900268554688,583.5050048828125,140203,583.6090087890625
2026-06-10 10:35:00-04:00,582.6500244140625,583.739990234375,582.0499877929688,583.530029296875,123983,582.6500244140625
2026-06-10 10:40:00-04:00,582.010009765625,583.6998901367188,582.010009765625,582.8098754882812,105781,582.010009765625
2026-06-10 10:45:00-04:00,581.9000244140625,582.64990234375,581.4199829101562,582.094970703125,169429,581.9000244140625
2026-06-10 10:50:00-04:00,581.5050048828125,582.3394775390625,581.1799926757812,581.8800048828125,101112,581.5050048828125
2026-06-10 10:55:00-04:00,578.9749755859375,581.6898803710938,578.2899780273438,581.5050048828125,251288,578.9749755859375
2026-06-10 11:00:00-04:00,579.47998046875,580.780029296875,578.3900146484375,579.173828125,168121,579.47998046875
2026-06-10 11:05:00-04:00,576.7100219726562,579.6799926757812,576.5,579.5,268293,576.7100219726562
2026-06-10 11:10:00-04:00,576.4199829101562,576.9907836914062,575.02001953125,576.7100219726562,275231,576.4199829101562
2026-06-10 11:15:00-04:00,576.5999755859375,576.97998046875,575.3499755859375,576.4000244140625,157969,576.5999755859375
2026-06-10 11:20:00-04:00,577.9299926757812,578.4199829101562,576.4299926757812,576.510009765625,175520,577.9299926757812
2026-06-10 11:25:00-04:00,577.75,578.719970703125,577.6300048828125,577.9299926757812,95548,577.75
2026-06-10 11:30:00-04:00,577.3555908203125,578.5999755859375,577.2999877929688,577.8200073242188,83237,577.3555908203125
2026-06-10 11:35:00-04:00,577.5999755859375,578.135986328125,576.780029296875,577.39501953125,88156,577.5999755859375
2026-06-10 11:40:00-04:00,579.6798706054688,579.989990234375,577.25,577.510009765625,120276,579.6798706054688
2026-06-10 11:45:00-04:00,577.8699951171875,580.159912109375,576.7150268554688,579.489990234375,155933,577.8699951171875
2026-06-10 11:50:00-04:00,578.3499755859375,578.9962158203125,576.25,577.8200073242188,120804,578.3499755859375
2026-06-10 11:55:00-04:00,579.510009765625,579.8599853515625,577.885009765625,578.2050170898438,65379,579.510009765625
2026-06-10 12:00:00-04:00,578.5399780273438,579.739990234375,578.2899780273438,579.52001953125,93048,578.5399780273438
2026-06-10 12:05:00-04:00,578.510009765625,578.989990234375,578.0399780273438,578.52001953125,57548,578.510009765625
2026-06-10 12:10:00-04:00,577.8250122070312,578.6400146484375,577.8029174804688,578.4400024414062,60070,577.8250122070312
2026-06-10 12:15:00-04:00,577.385009765625,578.1199951171875,577.0,577.8300170898438,80392,577.385009765625
2026-06-10 12:20:00-04:00,576.9199829101562,577.780029296875,576.677490234375,577.385009765625,61204,576.9199829101562
2026-06-10 12:25:00-04:00,577.10498046875,577.39501953125,576.5399780273438,576.905029296875,56682,577.10498046875
2026-06-10 12:30:00-04:00,577.7100219726562,577.7498779296875,576.4000244140625,577.02001953125,55959,577.7100219726562
2026-06-10 12:35:00-04:00,577.8685302734375,578.1699829101562,577.3099975585938,577.8800048828125,65012,577.8685302734375
2026-06-10 12:40:00-04:00,577.2650146484375,578.22998046875,577.0700073242188,577.9149780273438,42322,577.2650146484375
2026-06-10 12:45:00-04:00,576.9801025390625,577.2650146484375,576.2072143554688,577.2650146484375,51751,576.9801025390625
2026-06-10 12:50:00-04:00,577.7020263671875,578.1300048828125,576.5700073242188,576.75,51651,577.7020263671875
2026-06-10 12:55:00-04:00,577.3400268554688,577.6599731445312,576.9000244140625,577.530029296875,48089,577.3400268554688
2026-06-10 13:00:00-04:00,577.875,578.0050048828125,577.0599975585938,577.4749755859375,59729,577.875
2026-06-10 13:05:00-04:00,576.9099731445312,577.8699951171875,576.7999877929688,577.8699951171875,48987,576.9099731445312
2026-06-10 13:10:00-04:00,575.77001953125,576.9550170898438,575.4600219726562,576.8400268554688,95023,575.77001953125
2026-06-10 13:15:00-04:00,575.5499877929688,576.0499877929688,575.219970703125,575.6900024414062,71667,575.5499877929688
2026-06-10 13:20:00-04:00,576.1400146484375,576.5,575.2050170898438,575.5250244140625,72068,576.1400146484375
2026-06-10 13:25:00-04:00,576.0850219726562,576.5399169921875,575.8703002929688,576.2000122070312,72478,576.0850219726562
2026-06-10 13:30:00-04:00,575.1572265625,576.1599731445312,575.02001953125,576.0358276367188,63253,575.1572265625
2026-06-10 13:35:00-04:00,574.155029296875,575.2849731445312,574.0399780273438,575.2849731445312,201722,574.155029296875
2026-06-10 13:40:00-04:00,574.2100219726562,574.5598754882812,573.969970703125,574.14501953125,85067,574.2100219726562
2026-06-10 13:45:00-04:00,575.6400146484375,575.9000244140625,574.0,574.239990234375,93625,575.6400146484375
2026-06-10 13:50:00-04:00,574.469970703125,575.8099975585938,573.8800048828125,575.5700073242188,118230,574.469970703125
2026-06-10 13:55:00-04:00,575.2550048828125,575.489990234375,574.3900146484375,574.469970703125,65602,575.2550048828125
2026-06-10 14:00:00-04:00,576.760009765625,576.9199829101562,575.364990234375,575.3800048828125,98578,576.760009765625
2026-06-10 14:05:00-04:00,576.4600219726562,577.010009765625,576.3822021484375,576.97998046875,67025,576.4600219726562
2026-06-10 14:10:00-04:00,575.9400024414062,576.8900146484375,575.719970703125,576.4199829101562,60970,575.9400024414062
2026-06-10 14:15:00-04:00,575.2449951171875,576.3599853515625,575.010009765625,575.989990234375,66692,575.2449951171875
2026-06-10 14:20:00-04:00,575.5700073242188,575.9000244140625,575.1099853515625,575.1116943359375,83410,575.5700073242188
2026-06-10 14:25:00-04:00,575.5050048828125,576.0972900390625,575.1199951171875,575.6300048828125,74262,575.5050048828125
2026-06-10 14:30:00-04:00,574.6290283203125,575.5250244140625,574.52001953125,575.4400024414062,87086,574.6290283203125
2026-06-10 14:35:00-04:00,573.625,574.6199951171875,573.5599975585938,574.6199951171875,1036487,573.625
2026-06-10 14:40:00-04:00,573.5449829101562,574.1099853515625,573.236572265625,573.52001953125,157288,573.5449829101562
2026-06-10 14:45:00-04:00,573.2100219726562,573.6699829101562,572.8499755859375,573.5449829101562,119298,573.2100219726562
2026-06-10 14:50:00-04:00,573.2901000976562,573.3800048828125,572.3499755859375,573.260009765625,131488,573.2901000976562
2026-06-10 14:55:00-04:00,572.469970703125,573.2949829101562,572.35498046875,573.2949829101562,114828,572.469970703125
2026-06-10 15:00:00-04:00,572.5,573.22998046875,571.8800048828125,572.4400024414062,161470,572.5
2026-06-10 15:05:00-04:00,572.3699951171875,573.22998046875,572.02001953125,572.510009765625,130952,572.3699951171875
2026-06-10 15:10:00-04:00,572.1749877929688,572.6099243164062,571.8800048828125,572.27001953125,80130,572.1749877929688
2026-06-10 15:15:00-04:00,572.717529296875,573.0700073242188,572.0,572.25,88366,572.717529296875
2026-06-10 15:20:00-04:00,572.4099731445312,573.0598754882812,572.1751708984375,572.77001953125,122866,572.4099731445312
2026-06-10 15:25:00-04:00,570.969970703125,572.4299926757812,570.5999755859375,572.4299926757812,224677,570.969970703125
2026-06-10 15:30:00-04:00,572.0399780273438,572.22998046875,570.7100219726562,570.8900146484375,132103,572.0399780273438
2026-06-10 15:35:00-04:00,573.1400146484375,573.239990234375,572.0,572.0399780273438,108034,573.1400146484375
2026-06-10 15:40:00-04:00,573.3474731445312,573.6799926757812,572.5250244140625,573.1699829101562,137988,573.3474731445312
2026-06-10 15:45:00-04:00,572.1400146484375,573.4650268554688,571.6900024414062,573.3150024414062,160337,572.1400146484375
2026-06-10 15:50:00-04:00,572.7150268554688,573.0411987304688,571.5800170898438,572.0150146484375,335386,572.7150268554688
2026-06-10 15:55:00-04:00,570.7899780273438,572.8400268554688,570.7000122070312,572.530029296875,732841,570.7899780273438
