Datetime,Close,High,Low,Open,Volume,Adj Close
2026-04-29 09:30:00-04:00,422.3800048828125,424.92999267578125,421.7799987792969,424.57501220703125,2109961,422.3800048828125
2026-04-29 09:35:00-04:00,423.1499938964844,423.5799865722656,422.010009765625,422.3699951171875,629075,423.1499938964844
2026-04-29 09:40:00-04:00,424.489990234375,424.6600036621094,422.5350036621094,423.1072082519531,554825,424.489990234375
2026-04-29 09:45:00-04:00,425.05499267578125,425.05499267578125,423.6200866699219,424.489990234375,722386,425.05499267578125
2026-04-29 09:50:00-04:00,426.64208984375,426.6867980957031,425.05999755859375,425.05999755859375,571641,426.64208984375
2026-04-29 09:55:00-04:00,425.5450134277344,426.82000732421875,425.0400085449219,426.6400146484375,442313,425.5450134277344
2026-04-29 10:00:00-04:00,424.6400146484375,425.54998779296875,424.3999938964844,425.5299987792969,454262,424.6400146484375
2026-04-29 10:05:00-04:00,424.55499267578125,424.6799011230469,424.1300964355469,424.6199951171875,383935,424.55499267578125
2026-04-29 10:10:00-04:00,423.9949951171875,424.67999267578125,423.7850036621094,424.55499267578125,354108,423.9949951171875
2026-04-29 10:15:00-04:00,424.3349914550781,424.94000244140625,423.25250244140625,423.9949951171875,453609,424.3349914550781
2026-04-29 10:20:00-04:00,424.80999755859375,424.8377990722656,423.9700012207031,424.29998779296875,272864,424.80999755859375
2026-04-29 10:25:00-04:00,425.20001220703125,425.2300109863281,424.42999267578125,424.80999755859375,295896,425.20001220703125
2026-04-29 10:30:00-04:00,425.5299987792969,425.7300109863281,424.80010986328125,425.2300109863281,273078,425.5299987792969
2026-04-29 10:35:00-04:00,425.0150146484375,425.7799987792969,424.94000244140625,425.5799865722656,231042,425.0150146484375
2026-04-29 10:40:00-04:00,425.5350036621094,425.5350036621094,424.57000732421875,424.9800109863281,345382,425.5350036621094
2026-04-29 10:45:00-04:00,425.1549987792969,425.6000061035156,424.6000061035156,425.57501220703125,248824,425.1549987792969
2026-04-29 10:50:00-04:00,425.0508117675781,425.3890075683594,424.7799987792969,425.1400146484375,184317,425.0508117675781
2026-04-29 10:55:00-04:00,425.3299865722656,425.4200134277344,424.94000244140625,425.07000732421875,207630,425.3299865722656
2026-04-29 11:00:00-04:00,425.70001220703125,425.8299865722656,425.15399169921875,425.45880126953125,263828,425.70001220703125
2026-04-29 11:05:00-04:00,425.1300048828125,425.70001220703125,425.1000061035156,425.67999267578125,165176,425.1300048828125
2026-04-29 11:10:00-04:00,424.1900939941406,425.1400146484375,424.1700134277344,425.1400146484375,256982,424.1900939941406
2026-04-29 11:15:00-04:00,424.3500061035156,424.9100036621094,424.1191101074219,424.20001220703125,214992,424.3500061035156
2026-04-29 11:20:00-04:00,424.55120849609375,424.8699035644531,424.364990234375,424.375,0,424.55120849609375
2026-04-29 11:25:00-04:00,424.3583068847656,424.6000061035156,424.0400085449219,424.44500732421875,10101326,424.3583068847656
2026-04-29 11:30:00-04:00,425.1700134277344,425.17999267578125,424.3699951171875,424.3699951171875,263825,425.1700134277344
2026-04-29 11:35:00-04:00,424.6499938964844,425.29510498046875,424.54998779296875,425.19000244140625,254155,424.6499938964844
2026-04-29 11:40:00-04:00,424.57000732421875,424.760009765625,424.2200012207031,424.6600036621094,158863,424.57000732421875
2026-04-29 11:45:00-04:00,424.94000244140625,425.0,424.510009765625,424.5950012207031,129828,424.94000244140625
2026-04-29 11:50:00-04:00,423.8349914550781,425.19000244140625,423.6400146484375,425.04998779296875,289401,423.8349914550781
2026-04-29 11:55:00-04:00,424.3349914550781,424.39990234375,423.6780090332031,423.8349914550781,214285,424.3349914550781
2026-04-29 12:00:00-04:00,424.489990234375,424.6700134277344,424.17498779296875,424.3599853515625,141543,424.489990234375
2026-04-29 12:05:00-04:00,424.69500732421875,424.7950134277344,424.45001220703125,424.5199890136719,110820,424.69500732421875
2026-04-29 12:10:00-04:00,424.20001220703125,424.760009765625,424.1000061035156,424.67999267578125,153084,424.20001220703125
2026-04-29 12:15:00-04:00,423.2300109863281,424.3999938964844,423.1549987792969,424.20001220703125,302085,423.2300109863281
2026-04-29 12:20:00-04:00,422.3399963378906,423.4800109863281,422.2799987792969,423.2250061035156,346930,422.3399963378906
2026-04-29 12:25:00-04:00,422.010009765625,422.4700012207031,421.739990234375,422.3399963378906,368628,422.010009765625
2026-04-29 12:30:00-04:00,420.94000244140625,422.0299987792969,420.8800048828125,422.0,291344,420.94000244140625
2026-04-29 12:35:00-04:00,421.42498779296875,421.4700012207031,420.2900085449219,420.93499755859375,435911,421.42498779296875
2026-04-29 12:40:00-04:00,422.18499755859375,422.20330810546875,421.489990234375,421.5,203159,422.18499755859375
2026-04-29 12:45:00-04:00,422.19000244140625,422.4100036621094,421.8599853515625,422.1700134277344,173759,422.19000244140625
2026-04-29 12:50:00-04:00,422.614990234375,422.625,422.0299987792969,422.1282043457031,150371,422.614990234375
2026-04-29 12:55:00-04:00,422.42999267578125,422.8725891113281,422.3800048828125,422.60009765625,168487,422.42999267578125
2026-04-29 13:00:00-04:00,422.3399963378906,422.5,421.9700012207031,422.4599914550781,473513,422.3399963378906
2026-04-29 13:05:00-04:00,422.7049865722656,422.75,421.8999938964844,422.3599853515625,177771,422.7049865722656
2026-04-29 13:10:00-04:00,422.17498779296875,422.7749938964844,422.1000061035156,422.7049865722656,119561,422.17498779296875
2026-04-29 13:15:00-04:00,422.32501220703125,422.3999938964844,422.01031494140625,422.17498779296875,150665,422.32501220703125
2026-04-29 13:20:00-04:00,422.67999267578125,422.94989013671875,422.2900085449219,422.29998779296875,149466,422.67999267578125
2026-04-29 13:25:00-04:00,423.1600036621094,423.19000244140625,422.5299987792969,422.67999267578125,119580,423.1600036621094
2026-04-29 13:30:00-04:00,423.3349914550781,423.55499267578125,423.0,423.1449890136719,347016,423.3349914550781
2026-04-29 13:35:00-04:00,423.614990234375,423.6400146484375,423.0799865722656,423.3500061035156,125009,423.614990234375
2026-04-29 13:40:00-04:00,423.95001220703125,423.95001220703125,423.54998779296875,423.614990234375,164835,423.95001220703125
2026-04-29 13:45:00-04:00,423.8500061035156,424.0,423.57000732421875,423.94000244140625,138112,423.8500061035156
2026-04-29 13:50:00-04:00,423.5799865722656,424.1400146484375,423.54998779296875,423.8900146484375,184757,423.5799865722656
2026-04-29 13:55:00-04:00,423.3500061035156,423.6099853515625,423.1499938964844,423.6099853515625,180933,423.3500061035156
2026-04-29 14:00:00-04:00,422.6400146484375,423.3949890136719,422.5299987792969,423.3500061035156,178630,422.6400146484375
2026-04-29 14:05:00-04:00,422.90850830078125,423.20001220703125,422.5400085449219,422.6099853515625,191427,422.90850830078125
2026-04-29 14:10:00-04:00,423.0899963378906,423.19000244140625,422.5199890136719,422.8699951171875,182076,423.0899963378906
2026-04-29 14:15:00-04:00,423.760009765625,423.760009765625,422.94000244140625,423.07000732421875,184415,423.760009765625
2026-04-29 14:20:00-04:00,423.760009765625,424.2250061035156,423.739990234375,423.760009765625,194904,423.760009765625
2026-04-29 14:25:00-04:00,423.6549987792969,423.7799987792969,423.3699951171875,423.760009765625,203583,423.6549987792969
2026-04-29 14:30:00-04:00,423.4849853515625,423.8299865722656,423.3599853515625,423.6549987792969,266394,423.4849853515625
2026-04-29 14:35:00-04:00,423.2349853515625,423.8399963378906,423.010009765625,423.4849853515625,450187,423.2349853515625
2026-04-29 14:40:00-04:00,423.6000061035156,423.8399963378906,422.9800109863281,423.2300109863281,230809,423.6000061035156
2026-04-29 14:45:00-04:00,424.510009765625,424.6000061035156,423.32000732421875,423.6000061035156,316838,424.510009765625
2026-04-29 14:50:00-04:00,424.5199890136719,425.0,424.4472961425781,424.510009765625,332230,424.5199890136719
2026-04-29 14:55:00-04:00,424.9811096191406,425.1799011230469,424.45001220703125,424.4800109863281,294460,424.9811096191406
2026-04-29 15:00:00-04:00,424.5299987792969,425.42999267578125,424.5199890136719,425.0,240701,424.5299987792969
2026-04-29 15:05:00-04:00,424.2900085449219,424.57000732421875,424.1499938964844,424.55999755859375,273003,424.2900085449219
2026-04-29 15:10:00-04:00,424.7099914550781,424.9750061035156,424.4118957519531,424.4700012207031,237367,424.7099914550781
2026-04-29 15:15:00-04:00,424.8699951171875,425.1000061035156,424.4700012207031,424.739990234375,259702,424.8699951171875
2026-04-29 15:20:00-04:00,424.7929992675781,425.2799987792969,424.5799865722656,424.8550109863281,285567,424.7929992675781
2026-04-29 15:25:00-04:00,424.9800109863281,425.0199890136719,424.55999755859375,424.7799987792969,234847,424.9800109863281
2026-04-29 15:30:00-04:00,424.07000732421875,425.20001220703125,423.95001220703125,424.9700012207031,316574,424.07000732421875
2026-04-29 15:35:00-04:00,424.25,424.3399963378906,423.95001220703125,424.07000732421875,327139,424.25
2026-04-29 15:40:00-04:00,423.385009765625,424.3500061035156,423.30999755859375,424.2449951171875,386727,423.385009765625
2026-04-29 15:45:00-04:00,423.92999267578125,424.20001220703125,423.30999755859375,423.3999938964844,393037,423.92999267578125
2026-04-29 15:50:00-04:00,423.67999267578125,423.95001220703125,423.1700134277344,423.8800048828125,830660,423.67999267578125
2026-04-29 15:55:00-04:00,424.5899963378906,424.8299865722656,423.5899963378906,423.67999267578125,1884964,424.5899963378906
2026-04-30 09:30:00-04:00,410.5899963378906,414.4200134277344,410.0199890136719,413.0,5483037,410.5899963378906
2026-04-30 09:35:00-04:00,410.9198913574219,412.8800048828125,408.6700134277344,410.5199890136719,1670846,410.9198913574219
2026-04-30 09:40:00-04:00,409.79998779296875,411.489990234375,408.6099853515625,410.8550109863281,1085288,409.79998779296875
2026-04-30 09:45:00-04:00,408.4200134277344,410.3900146484375,407.8500061035156,409.7699890136719,1144775,408.4200134277344
2026-04-30 09:50:00-04:00,404.80499267578125,408.8999938964844,404.29998779296875,408.4599914550781,1588612,404.80499267578125
2026-04-30 09:55:00-04:00,404.94500732421875,406.3500061035156,403.7200012207031,404.760009765625,1358535,404.94500732421875
2026-04-30 10:00:00-04:00,403.4599914550781,405.4700012207031,403.25,405.44000244140625,1225456,403.4599914550781
2026-04-30 10:05:00-04:00,401.260009765625,403.4750061035156,401.2300109863281,403.4750061035156,1698417,401.260009765625
2026-04-30 10:10:00-04:00,403.94000244140625,404.17999267578125,400.7099914550781,401.2900085449219,1532283,403.94000244140625
2026-04-30 10:15:00-04:00,402.44000244140625,403.9599914550781,401.57000732421875,403.9599914550781,884136,402.44000244140625
2026-04-30 10:20:00-04:00,401.2698974609375,402.9599914550781,401.1000061035156,401.7044982910156,993850,401.2698974609375
2026-04-30 10:25:00-04:00,401.6499938964844,401.79998779296875,400.1300048828125,401.23968505859375,1169425,401.6499938964844
2026-04-30 10:30:00-04:00,402.42999267578125,403.5,401.2799987792969,401.6199951171875,925707,402.42999267578125
2026-04-30 10:35:00-04:00,401.5400085449219,402.45001220703125,401.1199951171875,402.42999267578125,767471,401.5400085449219
2026-04-30 10:40:00-04:00,404.05999755859375,404.2598876953125,401.55999755859375,401.5799865722656,795246,404.05999755859375
2026-04-30 10:45:00-04:00,405.03009033203125,405.4800109863281,404.3699951171875,404.6499938964844,836547,405.03009033203125
2026-04-30 10:50:00-04:00,405.7749938964844,405.83990478515625,404.29998779296875,405.03009033203125,738418,405.7749938964844
2026-04-30 10:55:00-04:00,406.2200012207031,406.4200134277344,405.5199890136719,405.5707092285156,700369,406.2200012207031
2026-04-30 11:00:00-04:00,405.6400146484375,406.9700012207031,405.2200012207031,406.25,606576,405.6400146484375
2026-04-30 11:05:00-04:00,405.1499938964844,405.760009765625,404.6000061035156,405.6199951171875,537852,405.1499938964844
2026-04-30 11:10:00-04:00,404.5899963378906,405.5,404.5799865722656,405.0,378600,404.5899963378906
2026-04-30 11:15:00-04:00,404.3800048828125,405.1499938964844,404.04998779296875,404.54998779296875,428172,404.3800048828125
2026-04-30 11:20:00-04:00,403.8349914550781,404.57000732421875,403.54998779296875,404.3699951171875,502885,403.8349914550781
2026-04-30 11:25:00-04:00,403.04998779296875,403.85699462890625,402.8699951171875,403.8349914550781,600493,403.04998779296875
2026-04-30 11:30:00-04:00,402.7900085449219,403.8800048828125,402.6700134277344,403.0849914550781,541215,402.7900085449219
2026-04-30 11:35:00-04:00,401.8550109863281,402.70001220703125,401.7099914550781,402.70001220703125,481052,401.8550109863281
2026-04-30 11:40:00-04:00,403.0450134277344,403.2699890136719,401.6000061035156,401.8349914550781,540900,403.0450134277344
2026-04-30 11:45:00-04:00,403.44000244140625,403.44000244140625,402.57000732421875,403.0450134277344,314381,403.44000244140625
2026-04-30 11:50:00-04:00,403.0400085449219,403.5199890136719,402.75,403.44000244140625,433272,403.0400085449219
2026-04-30 11:55:00-04:00,402.80499267578125,403.25,402.75,403.0849914550781,357600,402.80499267578125
2026-04-30 12:00:00-04:00,403.32501220703125,403.5400085449219,402.57000732421875,402.7900085449219,344361,403.32501220703125
2026-04-30 12:05:00-04:00,402.6400146484375,403.5,402.6400146484375,403.3583068847656,284937,402.6400146484375
2026-04-30 12:10:00-04:00,402.826904296875,403.2699890136719,402.04998779296875,402.6199951171875,364956,402.826904296875
2026-04-30 12:15:00-04:00,402.8299865722656,402.9198913574219,402.4849853515625,402.7749938964844,562488,402.8299865722656
2026-04-30 12:20:00-04:00,402.19000244140625,403.07000732421875,402.1400146484375,402.8299865722656,265539,402.19000244140625
2026-04-30 12:25:00-04:00,400.93499755859375,402.18231201171875,400.85009765625,402.1400146484375,702610,400.93499755859375
2026-04-30 12:30:00-04:00,400.9949951171875,401.6700134277344,400.7200012207031,400.9100036621094,433095,400.9949951171875
2026-04-30 12:35:00-04:00,400.9200134277344,401.3699951171875,400.79998779296875,401.010009765625,422801,400.9200134277344
2026-04-30 12:40:00-04:00,400.2099914550781,401.2699890136719,399.6400146484375,400.9100036621094,1193161,400.2099914550781
2026-04-30 12:45:00-04:00,400.2699890136719,400.32000732421875,399.30999755859375,400.2099914550781,672724,400.2699890136719
2026-04-30 12:50:00-04:00,398.93328857421875,400.25,398.010009765625,400.25,795625,398.93328857421875
2026-04-30 12:55:00-04:00,399.05999755859375,399.5400085449219,398.4750061035156,398.95001220703125,467372,399.05999755859375
2026-04-30 13:00:00-04:00,399.88250732421875,399.9599914550781,399.0,399.0400085449219,432128,399.88250732421875
2026-04-30 13:05:00-04:00,399.55499267578125,399.92999267578125,399.3299865722656,399.8999938964844,293563,399.55499267578125
2026-04-30 13:10:00-04:00,400.2699890136719,400.7900085449219,399.4700012207031,399.55499267578125,444179,400.2699890136719
2026-04-30 13:15:00-04:00,399.95001220703125,400.3500061035156,399.5299987792969,400.2699890136719,323477,399.95001220703125
2026-04-30 13:20:00-04:00,400.75,400.8999938964844,399.8999938964844,399.92999267578125,453022,400.75
2026-04-30 13:25:00-04:00,401.0199890136719,401.0299987792969,400.5299987792969,400.75,288312,401.0199890136719
2026-04-30 13:30:00-04:00,401.4150085449219,401.9200134277344,400.93011474609375,400.9800109863281,450395,401.4150085449219
2026-04-30 13:35:00-04:00,401.3399963378906,401.4700012207031,401.0299987792969,401.42999267578125,281836,401.3399963378906
2026-04-30 13:40:00-04:00,401.3500061035156,401.9100036621094,401.239990234375,401.3450012207031,362303,401.3500061035156
2026-04-30 13:45:00-04:00,401.6099853515625,401.8399963378906,401.29998779296875,401.3599853515625,294266,401.6099853515625
2026-04-30 13:50:00-04:00,402.1799011230469,402.3500061035156,401.260009765625,401.510009765625,343008,402.1799011230469
2026-04-30 13:55:00-04:00,402.6700134277344,402.989990234375,402.1600036621094,402.1700134277344,314319,402.6700134277344
2026-04-30 14:00:00-04:00,404.05999755859375,404.1600036621094,402.5400085449219,402.5799865722656,1406453,404.05999755859375
2026-04-30 14:05:00-04:00,403.9750061035156,404.659912109375,403.9200134277344,404.07501220703125,448671,403.9750061035156
2026-04-30 14:10:00-04:00,404.54998779296875,404.8999938964844,403.9100036621094,403.9649963378906,310192,404.54998779296875
2026-04-30 14:15:00-04:00,404.7633056640625,405.1099853515625,404.4800109863281,404.56500244140625,391135,404.7633056640625
2026-04-30 14:20:00-04:00,404.8299865722656,405.3999938964844,404.4901123046875,404.70001220703125,302314,404.8299865722656
2026-04-30 14:25:00-04:00,406.1549987792969,406.17181396484375,404.6400146484375,404.8349914550781,382630,406.1549987792969
2026-04-30 14:30:00-04:00,406.6549987792969,407.0799865722656,406.1000061035156,406.1549987792969,489795,406.6549987792969
2026-04-30 14:35:00-04:00,406.9049987792969,407.1499938964844,406.4200134277344,406.6300048828125,350942,406.9049987792969
2026-04-30 14:40:00-04:00,407.20001220703125,407.79998779296875,406.8301086425781,406.8999938964844,525569,407.20001220703125
2026-04-30 14:45:00-04:00,407.2149963378906,408.11260986328125,407.1099853515625,407.3699951171875,570364,407.2149963378906
2026-04-30 14:50:00-04:00,407.1700134277344,407.510009765625,406.5022888183594,407.20001220703125,430840,407.1700134277344
2026-04-30 14:55:00-04:00,407.4599914550781,407.4800109863281,406.4200134277344,407.30499267578125,404261,407.4599914550781
2026-04-30 15:00:00-04:00,407.5,407.6700134277344,406.70001220703125,407.44500732421875,407510,407.5
2026-04-30 15:05:00-04:00,407.42999267578125,407.79998779296875,407.0,407.5,409983,407.42999267578125
2026-04-30 15:10:00-04:00,407.135009765625,407.67999267578125,406.95001220703125,407.42999267578125,492746,407.135009765625
2026-04-30 15:15:00-04:00,407.1449890136719,407.2799987792969,406.79998779296875,407.135009765625,363694,407.1449890136719
2026-04-30 15:20:00-04:00,408.2799987792969,408.2799987792969,407.04010009765625,407.0799865722656,482268,408.2799987792969
2026-04-30 15:25:00-04:00,408.3399963378906,408.94000244140625,408.0,408.25,608546,408.3399963378906
2026-04-30 15:30:00-04:00,408.17999267578125,408.7300109863281,408.0199890136719,408.31500244140625,570471,408.17999267578125
2026-04-30 15:35:00-04:00,408.610107421875,408.70001220703125,408.04998779296875,408.17999267578125,679113,408.610107421875
2026-04-30 15:40:00-04:00,409.29998779296875,409.39990234375,408.6000061035156,408.6300048828125,647265,409.29998779296875
2026-04-30 15:45:00-04:00,408.70001220703125,409.45001220703125,408.1499938964844,409.2950134277344,638558,408.70001220703125
2026-04-30 15:50:00-04:00,410.1000061035156,410.1199951171875,408.6000061035156,408.739990234375,1594958,410.1000061035156
2026-04-30 15:55:00-04:00,407.7799987792969,410.0899963378906,407.5,410.05999755859375,2675083,407.7799987792969
2026-05-01 09:30:00-04:00,414.6300048828125,414.95001220703125,412.3500061035156,413.7900085449219,2136072,414.6300048828125
2026-05-01 09:35:00-04:00,415.3197021484375,416.2699890136719,414.0,415.6650085449219,1002861,415.3197021484375
2026-05-01 09:40:00-04:00,413.6050109863281,415.94000244140625,413.0400085449219,415.31500244140625,591244,413.6050109863281
2026-05-01 09:45:00-04:00,415.8800048828125,416.1600036621094,413.1199951171875,413.6050109863281,652703,415.8800048828125
2026-05-01 09:50:00-04:00,414.7200012207031,416.0899963378906,413.6099853515625,415.9200134277344,362884,414.7200012207031
2026-05-01 09:55:00-04:00,412.17999267578125,415.1499938964844,411.9750061035156,414.70001220703125,589312,412.17999267578125
2026-05-01 10:00:00-04:00,411.614990234375,413.2499084472656,411.55999755859375,412.2300109863281,565764,411.614990234375
2026-05-01 10:05:00-04:00,412.3240051269531,412.3699951171875,410.43499755859375,411.6380920410156,544544,412.3240051269531
2026-05-01 10:10:00-04:00,412.82000732421875,412.95001220703125,412.07000732421875,412.32000732421875,367657,412.82000732421875
2026-05-01 10:15:00-04:00,412.1000061035156,413.0799865722656,411.2300109863281,412.7799987792969,642124,412.1000061035156
2026-05-01 10:20:00-04:00,411.29998779296875,413.1099853515625,411.29998779296875,412.1000061035156,420896,411.29998779296875
2026-05-01 10:25:00-04:00,412.2950134277344,412.3599853515625,410.5299987792969,411.25,602380,412.2950134277344
2026-05-01 10:30:00-04:00,413.9049987792969,413.9100036621094,412.1449890136719,412.3699951171875,503399,413.9049987792969
2026-05-01 10:35:00-04:00,411.69000244140625,414.0199890136719,411.5299987792969,413.94000244140625,489698,411.69000244140625
2026-05-01 10:40:00-04:00,412.00201416015625,412.1700134277344,411.0799865722656,411.68499755859375,611431,412.00201416015625
2026-05-01 10:45:00-04:00,413.1400146484375,413.2250061035156,411.739990234375,411.9779968261719,935554,413.1400146484375
2026-05-01 10:50:00-04:00,412.989990234375,413.44000244140625,412.875,412.875,265475,412.989990234375
2026-05-01 10:55:00-04:00,414.05999755859375,414.1400146484375,412.9849853515625,412.989990234375,321092,414.05999755859375
2026-05-01 11:00:00-04:00,414.135009765625,414.4100036621094,413.510009765625,414.0899963378906,340400,414.135009765625
2026-05-01 11:05:00-04:00,413.5150146484375,414.2300109863281,413.0400085449219,414.0799865722656,220839,413.5150146484375
2026-05-01 11:10:00-04:00,414.2900085449219,414.29998779296875,413.44219970703125,413.4800109863281,269599,414.2900085449219
2026-05-01 11:15:00-04:00,413.75,414.7499084472656,413.6499938964844,414.6120910644531,252911,413.75
2026-05-01 11:20:00-04:00,413.94000244140625,413.94000244140625,413.489990234375,413.75,381323,413.94000244140625
2026-05-01 11:25:00-04:00,414.5899963378906,414.5950012207031,413.9100036621094,413.9527893066406,219049,414.5899963378906
2026-05-01 11:30:00-04:00,414.9100036621094,415.20001220703125,414.360107421875,414.57000732421875,323269,414.9100036621094
2026-05-01 11:35:00-04:00,415.7900085449219,415.9700012207031,414.5799865722656,414.8981018066406,311992,415.7900085449219
2026-05-01 11:40:00-04:00,415.7040100097656,416.4800109863281,415.6099853515625,415.760009765625,295750,415.7040100097656
2026-05-01 11:45:00-04:00,417.010986328125,417.07989501953125,415.95001220703125,416.04998779296875,480421,417.010986328125
2026-05-01 11:50:00-04:00,415.6199951171875,417.1099853515625,415.5,417.010009765625,407687,415.6199951171875
2026-05-01 11:55:00-04:00,415.8208923339844,416.5799865722656,415.54998779296875,415.6400146484375,189099,415.8208923339844
2026-05-01 12:00:00-04:00,415.7900085449219,416.2986145019531,415.55999755859375,415.8800048828125,195840,415.7900085449219
2026-05-01 12:05:00-04:00,414.385009765625,415.7699890136719,414.3500061035156,415.7650146484375,473068,414.385009765625
2026-05-01 12:10:00-04:00,413.80999755859375,414.44989013671875,413.6499938964844,414.3500061035156,695288,413.80999755859375
2026-05-01 12:15:00-04:00,413.7370910644531,414.0899963378906,413.6099853515625,413.8399963378906,190317,413.7370910644531
2026-05-01 12:20:00-04:00,413.7550048828125,413.79998779296875,413.0,413.75,263590,413.7550048828125
2026-05-01 12:25:00-04:00,414.32501220703125,414.3699035644531,413.2699890136719,413.7200012207031,198585,414.32501220703125
2026-05-01 12:30:00-04:00,413.8699951171875,414.5198059082031,413.4800109863281,414.30999755859375,163111,413.8699951171875
2026-05-01 12:35:00-04:00,413.94500732421875,413.9700012207031,413.5299987792969,413.9700012207031,115328,413.94500732421875
2026-05-01 12:40:00-04:00,413.625,414.010009765625,413.5539855957031,413.9049987792969,129219,413.625
2026-05-01 12:45:00-04:00,413.1000061035156,413.69000244140625,412.760009765625,413.54998779296875,280036,413.1000061035156
2026-05-01 12:50:00-04:00,413.19000244140625,413.42999267578125,412.989990234375,413.139892578125,231555,413.19000244140625
2026-05-01 12:55:00-04:00,413.2099914550781,413.79998779296875,413.04998779296875,413.25,149032,413.2099914550781
2026-05-01 13:00:00-04:00,413.4049987792969,413.70001220703125,413.1499938964844,413.2099914550781,129732,413.4049987792969
2026-05-01 13:05:00-04:00,413.7300109863281,413.8999938964844,413.3500061035156,413.4200134277344,147202,413.7300109863281
2026-05-01 13:10:00-04:00,413.95001220703125,414.21038818359375,413.57000732421875,413.7200012207031,142551,413.95001220703125
2026-05-01 13:15:00-04:00,414.2799987792969,414.29998779296875,413.7300109863281,414.010009765625,136662,414.2799987792969
2026-05-01 13:20:00-04:00,414.3900146484375,414.6199951171875,414.2200012207031,414.25,137120,414.3900146484375
2026-05-01 13:25:00-04:00,414.4800109863281,414.4800109863281,414.05999755859375,414.44000244140625,182921,414.4800109863281
2026-05-01 13:30:00-04:00,414.2001037597656,414.5199890136719,413.9100036621094,414.5,162838,414.2001037597656
2026-05-01 13:35:00-04:00,414.4599914550781,414.489990234375,414.0,414.2200012207031,96368,414.4599914550781
2026-05-01 13:40:00-04:00,414.6650085449219,414.9800109863281,414.3949890136719,414.5199890136719,149215,414.6650085449219
2026-05-01 13:45:00-04:00,414.7099914550781,414.79998779296875,414.3599853515625,414.6199951171875,118274,414.7099914550781
2026-05-01 13:50:00-04:00,414.8550109863281,415.1499938964844,414.6099853515625,414.7099914550781,168673,414.8550109863281
2026-05-01 13:55:00-04:00,415.20001220703125,415.3500061035156,414.79998779296875,414.8550109863281,163418,415.20001220703125
2026-05-01 14:00:00-04:00,415.2900085449219,415.54998779296875,415.0199890136719,415.20001220703125,254392,415.2900085449219
2026-05-01 14:05:00-04:00,415.885986328125,416.0,415.1600036621094,415.2799987792969,224381,415.885986328125
2026-05-01 14:10:00-04:00,415.3599853515625,415.9700012207031,415.1900939941406,415.8800048828125,261158,415.3599853515625
2026-05-01 14:15:00-04:00,415.6199951171875,415.6899108886719,415.239990234375,415.3550109863281,185259,415.6199951171875
2026-05-01 14:20:00-04:00,415.9200134277344,415.989990234375,415.5299987792969,415.6099853515625,250855,415.9200134277344
2026-05-01 14:25:00-04:00,415.5867919921875,415.989990234375,415.2799987792969,415.875,180202,415.5867919921875
2026-05-01 14:30:00-04:00,415.45001220703125,415.5799865722656,414.8900146484375,415.54998779296875,208448,415.45001220703125
2026-05-01 14:35:00-04:00,415.1300048828125,415.51141357421875,415.07000732421875,415.45001220703125,139253,415.1300048828125
2026-05-01 14:40:00-04:00,414.9320068359375,415.2200012207031,414.7699890136719,415.1099853515625,193434,414.9320068359375
2026-05-01 14:45:00-04:00,414.6000061035156,415.1199951171875,414.54010009765625,414.9200134277344,183238,414.6000061035156
2026-05-01 14:50:00-04:00,414.6050109863281,414.739990234375,414.4100036621094,414.6099853515625,124120,414.6050109863281
2026-05-01 14:55:00-04:00,414.8999938964844,414.9700012207031,414.60009765625,414.6099853515625,179083,414.8999938964844
2026-05-01 15:00:00-04:00,415.2099914550781,415.5299987792969,414.6900939941406,414.8999938964844,159185,415.2099914550781
2026-05-01 15:05:00-04:00,415.20001220703125,415.5799865722656,415.0849914550781,415.20550537109375,170983,415.20001220703125
2026-05-01 15:10:00-04:00,415.5799865722656,415.67999267578125,415.08660888671875,415.20989990234375,202965,415.5799865722656
2026-05-01 15:15:00-04:00,415.20001220703125,415.7300109863281,415.1400146484375,415.5799865722656,190088,415.20001220703125
2026-05-01 15:20:00-04:00,415.55999755859375,415.6000061035156,415.1099853515625,415.17498779296875,193964,415.55999755859375
2026-05-01 15:25:00-04:00,416.2300109863281,416.30999755859375,415.55999755859375,415.6000061035156,290817,416.2300109863281
2026-05-01 15:30:00-04:00,416.1600036621094,416.3599853515625,415.7699890136719,416.25,236057,416.1600036621094
2026-05-01 15:35:00-04:00,416.82000732421875,417.0596923828125,415.8599853515625,416.1600036621094,407021,416.82000732421875
2026-05-01 15:40:00-04:00,416.20001220703125,417.0899963378906,416.05999755859375,416.82000732421875,427920,416.20001220703125
2026-05-01 15:45:00-04:00,416.1299133300781,416.4100036621094,415.94000244140625,416.2300109863281,259145,416.1299133300781
2026-05-01 15:50:00-04:00,414.0400085449219,416.32000732421875,413.5,416.0899963378906,686706,414.0400085449219
2026-05-01 15:55:00-04:00,414.510009765625,414.5899963378906,413.5199890136719,414.0450134277344,1438225,414.510009765625
2026-05-04 09:30:00-04:00,415.2254943847656,416.79998779296875,412.29998779296875,412.42498779296875,1886027,415.2254943847656
2026-05-04 09:35:00-04:00,414.6400146484375,416.42999267578125,414.44000244140625,415.1400146484375,580289,414.6400146484375
2026-05-04 09:40:00-04:00,416.4100036621094,417.5,414.5,414.6505126953125,494382,416.4100036621094
2026-05-04 09:45:00-04:00,418.8999938964844,419.6600036621094,416.3500061035156,416.4150085449219,644579,418.8999938964844
2026-05-04 09:50:00-04:00,416.8399963378906,420.4150085449219,416.5400085449219,418.8999938964844,761224,416.8399963378906
2026-05-04 09:55:00-04:00,415.8699951171875,416.8349914550781,415.5400085449219,416.7099914550781,420064,415.8699951171875
2026-05-04 10:00:00-04:00,415.4162902832031,416.04998779296875,414.79998779296875,415.94000244140625,444626,415.4162902832031
2026-05-04 10:05:00-04:00,415.4100036621094,415.8500061035156,414.8500061035156,415.42999267578125,510486,415.4100036621094
2026-05-04 10:10:00-04:00,416.75,417.0799865722656,415.3500061035156,415.4100036621094,420021,416.75
2026-05-04 10:15:00-04:00,418.95001220703125,418.95001220703125,416.43011474609375,416.75,387161,418.95001220703125
2026-05-04 10:20:00-04:00,419.44000244140625,419.6199951171875,418.3399963378906,418.989990234375,425233,419.44000244140625
2026-05-04 10:25:00-04:00,419.8800048828125,420.7799987792969,419.3999938964844,419.4200134277344,519784,419.8800048828125
2026-05-04 10:30:00-04:00,420.0398864746094,420.5,419.1200866699219,419.8949890136719,293171,420.0398864746094
2026-05-04 10:35:00-04:00,418.92999267578125,420.1300048828125,418.75,419.95001220703125,355327,418.92999267578125
2026-05-04 10:40:00-04:00,417.67999267578125,419.17999267578125,417.4200134277344,419.04998779296875,257626,417.67999267578125
2026-05-04 10:45:00-04:00,418.6400146484375,418.79071044921875,417.6050109863281,417.67999267578125,274707,418.6400146484375
2026-05-04 10:50:00-04:00,418.57000732421875,418.91668701171875,418.0799865722656,418.67999267578125,255788,418.57000732421875
2026-05-04 10:55:00-04:00,417.30499267578125,418.69000244140625,417.0,418.5400085449219,262665,417.30499267578125
2026-05-04 11:00:00-04:00,417.8500061035156,418.3599853515625,416.80999755859375,417.2699890136719,236741,417.8500061035156
2026-05-04 11:05:00-04:00,417.60198974609375,418.0950012207031,417.4100036621094,417.8500061035156,246346,417.60198974609375
2026-05-04 11:10:00-04:00,417.69500732421875,417.92999267578125,417.2900085449219,417.6199951171875,346151,417.69500732421875
2026-05-04 11:15:00-04:00,416.25,418.1499938964844,416.20001220703125,417.70001220703125,223633,416.25
2026-05-04 11:20:00-04:00,415.8999938964844,416.80999755859375,415.4849853515625,416.3900146484375,310765,415.8999938964844
2026-05-04 11:25:00-04:00,415.8999938964844,416.4700012207031,415.635009765625,415.8900146484375,232745,415.8999938964844
2026-05-04 11:30:00-04:00,415.0899963378906,416.0899963378906,414.7300109863281,415.92999267578125,293011,415.0899963378906
2026-05-04 11:35:00-04:00,414.3599853515625,415.0899963378906,414.1700134277344,415.0400085449219,281367,414.3599853515625
2026-05-04 11:40:00-04:00,414.75048828125,414.7799987792969,413.55999755859375,414.3299865722656,233756,414.75048828125
2026-05-04 11:45:00-04:00,414.6300048828125,415.05999755859375,414.55010986328125,414.6160888671875,265021,414.6300048828125
2026-05-04 11:50:00-04:00,415.07000732421875,415.1300048828125,414.12078857421875,414.635009765625,266132,415.07000732421875
2026-05-04 11:55:00-04:00,414.9750061035156,415.20001220703125,414.69000244140625,415.07000732421875,171985,414.9750061035156
2026-05-04 12:00:00-04:00,414.7099914550781,415.29998779296875,414.4200134277344,414.9649963378906,170943,414.7099914550781
2026-05-04 12:05:00-04:00,414.0849914550781,414.8800048828125,413.0199890136719,414.75,285234,414.0849914550781
2026-05-04 12:10:00-04:00,414.9700012207031,415.05999755859375,413.6700134277344,414.0400085449219,292540,414.9700012207031
2026-05-04 12:15:00-04:00,415.95001220703125,416.1499938964844,414.44500732421875,414.7900085449219,276885,415.95001220703125
2026-05-04 12:20:00-04:00,415.8500061035156,416.4800109863281,415.7539978027344,416.0,167893,415.8500061035156
2026-05-04 12:25:00-04:00,415.71209716796875,416.3599853515625,415.6600036621094,415.8200988769531,127873,415.71209716796875
2026-05-04 12:30:00-04:00,416.2300109863281,416.2699890136719,415.5350036621094,415.7200012207031,200689,416.2300109863281
2026-05-04 12:35:00-04:00,415.4700012207031,416.2900085449219,415.3500061035156,416.2349853515625,205525,415.4700012207031
2026-05-04 12:40:00-04:00,415.6000061035156,415.8800048828125,415.260009765625,415.40509033203125,186640,415.6000061035156
2026-05-04 12:45:00-04:00,415.3349914550781,415.6099853515625,415.05999755859375,415.5400085449219,154895,415.3349914550781
2026-05-04 12:50:00-04:00,414.6300048828125,415.5299987792969,414.57000732421875,415.3299865722656,206237,414.6300048828125
2026-05-04 12:55:00-04:00,414.0400085449219,414.6300048828125,413.94000244140625,414.625,249608,414.0400085449219
2026-05-04 13:00:00-04:00,414.3900146484375,414.45001220703125,413.9949951171875,414.1099853515625,135439,414.3900146484375
2026-05-04 13:05:00-04:00,414.1499938964844,414.6199951171875,414.0000915527344,414.3900146484375,175294,414.1499938964844
2026-05-04 13:10:00-04:00,413.9700012207031,414.2698974609375,413.739990234375,414.1300048828125,206162,413.9700012207031
2026-05-04 13:15:00-04:00,414.82989501953125,414.8500061035156,414.0,414.181396484375,211615,414.82989501953125
2026-05-04 13:20:00-04:00,414.7699890136719,415.1700134277344,414.57000732421875,414.8299865722656,187081,414.7699890136719
2026-05-04 13:25:00-04:00,414.57501220703125,414.80450439453125,414.3760070800781,414.7799987792969,101807,414.57501220703125
2026-05-04 13:30:00-04:00,414.7300109863281,414.9200134277344,414.3999938964844,414.57501220703125,163136,414.7300109863281
2026-05-04 13:35:00-04:00,414.6300048828125,414.885009765625,414.2799987792969,414.7449951171875,130131,414.6300048828125
2026-05-04 13:40:00-04:00,414.80499267578125,414.8800048828125,414.510009765625,414.6650085449219,98543,414.80499267578125
2026-05-04 13:45:00-04:00,415.0415954589844,415.1700134277344,414.56781005859375,414.82000732421875,124579,415.0415954589844
2026-05-04 13:50:00-04:00,415.1199951171875,415.19989013671875,414.7799987792969,415.0201110839844,113452,415.1199951171875
2026-05-04 13:55:00-04:00,414.5400085449219,415.18170166015625,414.5400085449219,415.1199951171875,118479,414.5400085449219
2026-05-04 14:00:00-04:00,415.3500061035156,415.4501953125,414.5299987792969,414.5400085449219,128177,415.3500061035156
2026-05-04 14:05:00-04:00,414.9049987792969,415.5400085449219,414.6600036621094,415.32000732421875,150804,414.9049987792969
2026-05-04 14:10:00-04:00,414.7099914550781,414.989990234375,414.7099914550781,414.8949890136719,128130,414.7099914550781
2026-05-04 14:15:00-04:00,414.6507873535156,414.7799987792969,414.5199890136719,414.75,100749,414.6507873535156
2026-05-04 14:20:00-04:00,414.67999267578125,414.79998779296875,414.5412902832031,414.6300048828125,107226,414.67999267578125
2026-05-04 14:25:00-04:00,414.67999267578125,414.739990234375,414.17999267578125,414.6700134277344,146444,414.67999267578125
2026-05-04 14:30:00-04:00,414.3799133300781,414.7699890136719,414.1199951171875,414.69000244140625,112301,414.3799133300781
2026-05-04 14:35:00-04:00,414.2349853515625,414.4399108886719,414.1600036621094,414.3399963378906,92064,414.2349853515625
2026-05-04 14:40:00-04:00,413.7749938964844,414.29998779296875,413.75,414.2200012207031,209999,413.7749938964844
2026-05-04 14:45:00-04:00,413.9800109863281,414.05999755859375,413.510009765625,413.75,150365,413.9800109863281
2026-05-04 14:50:00-04:00,413.32000732421875,414.0199890136719,413.260009765625,413.9800109863281,211079,413.32000732421875
2026-05-04 14:55:00-04:00,413.375,413.6099853515625,413.20001220703125,413.30999755859375,151346,413.375
2026-05-04 15:00:00-04:00,412.6600036621094,413.4800109863281,412.6000061035156,413.4100036621094,208975,412.6600036621094
2026-05-04 15:05:00-04:00,412.5299987792969,412.7799987792969,412.0531921386719,412.6600036621094,445816,412.5299987792969
2026-05-04 15:10:00-04:00,412.8641052246094,412.9200134277344,412.1499938964844,412.5299987792969,196991,412.8641052246094
2026-05-04 15:15:00-04:00,413.0869140625,413.2099914550781,412.70001220703125,412.8999938964844,194157,413.0869140625
2026-05-04 15:20:00-04:00,412.9049987792969,413.1449890136719,412.6199951171875,412.8800048828125,179943,412.9049987792969
2026-05-04 15:25:00-04:00,413.1700134277344,413.260009765625,412.5400085449219,412.9200134277344,229452,413.1700134277344
2026-05-04 15:30:00-04:00,413.05499267578125,413.44000244140625,413.0,413.1700134277344,223880,413.05499267578125
2026-05-04 15:35:00-04:00,413.0101013183594,413.1600036621094,412.82000732421875,413.07000732421875,276493,413.0101013183594
2026-05-04 15:40:00-04:00,412.6400146484375,413.04620361328125,412.3299865722656,413.010009765625,244912,412.6400146484375
2026-05-04 15:45:00-04:00,413.010009765625,413.1199951171875,412.5799865722656,412.6600036621094,1427827,413.010009765625
2026-05-04 15:50:00-04:00,412.5400085449219,413.0,411.9800109863281,413.0,501716,412.5400085449219
2026-05-04 15:55:00-04:00,413.7099914550781,413.760009765625,412.5050048828125,412.5299987792969,1043897,413.7099914550781
2026-05-05 09:30:00-04:00,414.57000732421875,416.7799072265625,414.3299865722656,415.32000732421875,1577076,414.57000732421875
2026-05-05 09:35:00-04:00,412.0,415.70001220703125,411.87200927734375,414.5199890136719,565587,412.0
2026-05-05 09:40:00-04:00,411.2149963378906,412.8900146484375,410.8340148925781,412.0,517842,411.2149963378906
2026-05-05 09:45:00-04:00,410.6700134277344,412.20001220703125,410.3999938964844,411.2300109863281,484112,410.6700134277344
2026-05-05 09:50:00-04:00,411.3500061035156,411.5159912109375,410.5,410.5874938964844,455721,411.3500061035156
2026-05-05 09:55:00-04:00,410.6499938964844,411.67999267578125,410.20001220703125,411.3299865722656,386830,410.6499938964844
2026-05-05 10:00:00-04:00,412.0150146484375,412.1000061035156,409.8800048828125,410.6099853515625,562144,412.0150146484375
2026-05-05 10:05:00-04:00,411.9599914550781,412.6400146484375,411.79998779296875,412.0050048828125,338181,411.9599914550781
2026-05-05 10:10:00-04:00,410.79541015625,412.1000061035156,410.590087890625,412.1000061035156,288232,410.79541015625
2026-05-05 10:15:00-04:00,409.8500061035156,410.7900085449219,409.45001220703125,410.7900085449219,480015,409.8500061035156
2026-05-05 10:20:00-04:00,411.2550048828125,411.2900085449219,409.3599853515625,409.875,473673,411.2550048828125
2026-05-05 10:25:00-04:00,410.6000061035156,411.7799987792969,410.4100036621094,411.2550964355469,301588,410.6000061035156
2026-05-05 10:30:00-04:00,410.8800048828125,411.1911926269531,410.3800048828125,410.5,240650,410.8800048828125
2026-05-05 10:35:00-04:00,410.0299987792969,411.1600036621094,409.7300109863281,410.8800048828125,326146,410.0299987792969
2026-05-05 10:40:00-04:00,410.04998779296875,410.510009765625,409.92999267578125,410.0050048828125,194571,410.04998779296875
2026-05-05 10:45:00-04:00,410.82000732421875,410.89990234375,409.6600036621094,410.0400085449219,297136,410.82000732421875
2026-05-05 10:50:00-04:00,410.3699951171875,410.8800048828125,409.8500061035156,410.6600036621094,188853,410.3699951171875
2026-05-05 10:55:00-04:00,410.29998779296875,410.67999267578125,409.9100036621094,410.3550109863281,212576,410.29998779296875
2026-05-05 11:00:00-04:00,411.0799865722656,411.1199951171875,410.1199951171875,410.2900085449219,232721,411.0799865722656
2026-05-05 11:05:00-04:00,410.7200012207031,411.5498962402344,410.69000244140625,411.0950012207031,284295,410.7200012207031
2026-05-05 11:10:00-04:00,410.3349914550781,411.0150146484375,410.29998779296875,410.7200012207031,214174,410.3349914550781
2026-05-05 11:15:00-04:00,410.30499267578125,410.4800109863281,410.0199890136719,410.1499938964844,229527,410.30499267578125
2026-05-05 11:20:00-04:00,410.29998779296875,410.5378112792969,410.2099914550781,410.2699890136719,170705,410.29998779296875
2026-05-05 11:25:00-04:00,411.29998779296875,411.29998779296875,410.30499267578125,410.30499267578125,198476,411.29998779296875
2026-05-05 11:30:00-04:00,411.07000732421875,411.6000061035156,410.8590087890625,411.3500061035156,175397,411.07000732421875
2026-05-05 11:35:00-04:00,410.7615051269531,411.0899963378906,410.5,411.07000732421875,162185,410.7615051269531
2026-05-05 11:40:00-04:00,410.518310546875,410.8399963378906,410.518310546875,410.7550048828125,158075,410.518310546875
2026-05-05 11:45:00-04:00,410.1449890136719,410.56500244140625,410.07000732421875,410.3999938964844,133724,410.1449890136719
2026-05-05 11:50:00-04:00,409.32501220703125,410.2401123046875,409.19500732421875,410.19000244140625,263315,409.32501220703125
2026-05-05 11:55:00-04:00,409.3699951171875,409.7900085449219,409.1679992675781,409.3399963378906,281454,409.3699951171875
2026-05-05 12:00:00-04:00,409.4800109863281,409.70001220703125,409.010009765625,409.3450012207031,220691,409.4800109863281
2026-05-05 12:05:00-04:00,409.24169921875,409.9100036621094,409.20001220703125,409.4599914550781,227124,409.24169921875
2026-05-05 12:10:00-04:00,409.1799011230469,409.8599853515625,409.1099853515625,409.32000732421875,253495,409.1799011230469
2026-05-05 12:15:00-04:00,409.1199951171875,409.364990234375,408.79998779296875,409.1199951171875,227902,409.1199951171875
2026-05-05 12:20:00-04:00,409.29998779296875,409.45001220703125,409.0,409.1400146484375,165791,409.29998779296875
2026-05-05 12:25:00-04:00,409.7799987792969,410.3399963378906,409.2799987792969,409.29998779296875,250545,409.7799987792969
2026-05-05 12:30:00-04:00,409.7699890136719,410.1600036621094,409.75,409.7900085449219,194992,409.7699890136719
2026-05-05 12:35:00-04:00,410.0150146484375,410.20001220703125,409.5000915527344,409.7200012207031,167209,410.0150146484375
2026-05-05 12:40:00-04:00,410.1011962890625,410.45001220703125,409.8999938964844,409.9700012207031,193497,410.1011962890625
2026-05-05 12:45:00-04:00,409.6116943359375,410.2900085449219,409.44000244140625,410.1099853515625,128677,409.6116943359375
2026-05-05 12:50:00-04:00,409.6199951171875,409.739990234375,409.1300048828125,409.56988525390625,190067,409.6199951171875
2026-05-05 12:55:00-04:00,409.7099914550781,409.8799133300781,409.5450134277344,409.6199951171875,157263,409.7099914550781
2026-05-05 13:00:00-04:00,409.4949951171875,409.839599609375,409.44000244140625,409.7099914550781,144931,409.4949951171875
2026-05-05 13:05:00-04:00,409.20001220703125,409.6000061035156,409.1803894042969,409.5,123378,409.20001220703125
2026-05-05 13:10:00-04:00,409.2204895019531,409.54998779296875,409.0600891113281,409.20001220703125,420916,409.2204895019531
2026-05-05 13:15:00-04:00,409.1099853515625,409.55999755859375,409.0299987792969,409.2300109863281,110520,409.1099853515625
2026-05-05 13:20:00-04:00,409.7699890136719,409.9649963378906,409.07000732421875,409.1099853515625,470867,409.7699890136719
2026-05-05 13:25:00-04:00,410.1449890136719,410.2099914550781,409.6000061035156,409.7149963378906,157916,410.1449890136719
2026-05-05 13:30:00-04:00,409.8550109863281,410.29998779296875,409.739990234375,410.1449890136719,141425,409.8550109863281
2026-05-05 13:35:00-04:00,410.17498779296875,410.2900085449219,409.760009765625,409.8550109863281,119540,410.17498779296875
2026-05-05 13:40:00-04:00,410.760009765625,410.7699890136719,410.0899963378906,410.17498779296875,118586,410.760009765625
2026-05-05 13:45:00-04:00,410.5199890136719,410.80999755859375,410.2950134277344,410.760009765625,152113,410.5199890136719
2026-05-05 13:50:00-04:00,410.82501220703125,410.94989013671875,410.5899963378906,410.5899963378906,103424,410.82501220703125
2026-05-05 13:55:00-04:00,410.260009765625,410.9200134277344,410.1524963378906,410.82000732421875,124465,410.260009765625
2026-05-05 14:00:00-04:00,410.489990234375,410.5899963378906,410.0199890136719,410.25,138457,410.489990234375
2026-05-05 14:05:00-04:00,410.44000244140625,410.6300048828125,410.2049865722656,410.44000244140625,125311,410.44000244140625
2026-05-05 14:10:00-04:00,410.54730224609375,410.6990051269531,410.1499938964844,410.3900146484375,119376,410.54730224609375
2026-05-05 14:15:00-04:00,410.40008544921875,410.6600036621094,410.3299865722656,410.510009765625,116702,410.40008544921875
2026-05-05 14:20:00-04:00,410.2149963378906,410.5799865722656,410.1650085449219,410.4100036621094,119863,410.2149963378906
2026-05-05 14:25:00-04:00,410.0,410.2497863769531,409.90008544921875,410.0299987792969,162563,410.0
2026-05-05 14:30:00-04:00,409.8389892578125,410.1199951171875,409.79998779296875,409.8450012207031,132155,409.8389892578125
2026-05-05 14:35:00-04:00,409.8999938964844,410.20001220703125,409.6700134277344,409.830810546875,153640,409.8999938964844
2026-05-05 14:40:00-04:00,410.7101135253906,410.739990234375,409.8900146484375,409.92999267578125,149181,410.7101135253906
2026-05-05 14:45:00-04:00,411.2200012207031,411.3865051269531,410.6700134277344,410.7300109863281,169663,411.2200012207031
2026-05-05 14:50:00-04:00,411.0799865722656,411.2900085449219,410.8919982910156,411.2049865722656,158043,411.0799865722656
2026-05-05 14:55:00-04:00,411.0600891113281,411.29998779296875,410.9800109863281,411.0799865722656,135661,411.0600891113281
2026-05-05 15:00:00-04:00,411.2699890136719,411.3699035644531,410.8999938964844,411.0950012207031,174139,411.2699890136719
2026-05-05 15:05:00-04:00,411.6000061035156,411.8399963378906,411.260009765625,411.260009765625,242279,411.6000061035156
2026-05-05 15:10:00-04:00,412.31500244140625,412.3949890136719,411.53009033203125,411.614990234375,198103,412.31500244140625
2026-05-05 15:15:00-04:00,412.82501220703125,412.8500061035156,412.2099914550781,412.30999755859375,227699,412.82501220703125
2026-05-05 15:20:00-04:00,413.2699890136719,413.3900146484375,412.7149963378906,412.8500061035156,201351,413.2699890136719
2026-05-05 15:25:00-04:00,412.6000061035156,413.29998779296875,412.5350036621094,413.2650146484375,220208,412.6000061035156
2026-05-05 15:30:00-04:00,412.1000061035156,412.7749938964844,412.07000732421875,412.6000061035156,212699,412.1000061035156
2026-05-05 15:35:00-04:00,412.17498779296875,412.3800048828125,411.9700012207031,412.0799865722656,151147,412.17498779296875
2026-05-05 15:40:00-04:00,412.1700134277344,412.2298889160156,411.9700012207031,412.20001220703125,168588,412.1700134277344
2026-05-05 15:45:00-04:00,411.9049987792969,412.19000244140625,411.75,412.0899963378906,218341,411.9049987792969
2026-05-05 15:50:00-04:00,412.1600036621094,412.2799987792969,411.4800109863281,411.8800048828125,361380,412.1600036621094
2026-05-05 15:55:00-04:00,411.2699890136719,412.1449890136719,411.1499938964844,411.7699890136719,897572,411.2699890136719
2026-05-06 09:30:00-04:00,406.29998779296875,408.20001220703125,405.1099853515625,407.95001220703125,3212667,406.29998779296875
2026-05-06 09:35:00-04:00,406.6449890136719,407.3500061035156,405.5,406.94000244140625,742490,406.6449890136719
2026-05-06 09:40:00-04:00,407.2799987792969,407.6499938964844,406.1700134277344,406.6199035644531,700095,407.2799987792969
2026-05-06 09:45:00-04:00,407.2900085449219,408.25,406.4100036621094,407.2699890136719,825059,407.2900085449219
2026-05-06 09:50:00-04:00,409.2701110839844,410.67999267578125,407.19000244140625,407.2950134277344,619211,409.2701110839844
2026-05-06 09:55:00-04:00,409.8949890136719,409.94000244140625,408.70001220703125,409.32000732421875,345093,409.8949890136719
2026-05-06 10:00:00-04:00,410.3500061035156,411.0799865722656,409.92999267578125,409.94500732421875,523823,410.3500061035156
2026-05-06 10:05:00-04:00,410.8800048828125,410.9750061035156,409.82000732421875,410.90008544921875,319186,410.8800048828125
2026-05-06 10:10:00-04:00,412.0299987792969,412.489990234375,410.95001220703125,410.9800109863281,494243,412.0299987792969
2026-05-06 10:15:00-04:00,413.0610046386719,413.2499084472656,411.9599914550781,412.0249938964844,431839,413.0610046386719
2026-05-06 10:20:00-04:00,414.1300048828125,414.45001220703125,412.9200134277344,413.1499938964844,509124,414.1300048828125
2026-05-06 10:25:00-04:00,416.0263977050781,416.4200134277344,414.010009765625,414.1000061035156,787575,416.0263977050781
2026-05-06 10:30:00-04:00,417.53900146484375,418.42279052734375,415.7699890136719,416.0050048828125,708525,417.53900146484375
2026-05-06 10:35:00-04:00,416.5956115722656,418.1400146484375,416.0299987792969,417.6199035644531,497099,416.5956115722656
2026-05-06 10:40:00-04:00,416.17498779296875,416.95989990234375,414.9189147949219,416.6099853515625,522083,416.17498779296875
2026-05-06 10:45:00-04:00,415.82958984375,416.2560119628906,415.0201110839844,416.25,306835,415.82958984375
2026-05-06 10:50:00-04:00,414.80999755859375,416.20001220703125,414.29010009765625,415.82501220703125,276490,414.80999755859375
2026-05-06 10:55:00-04:00,414.94000244140625,415.20001220703125,414.489990234375,414.7601013183594,225192,414.94000244140625
2026-05-06 11:00:00-04:00,414.1650085449219,415.31500244140625,413.9150085449219,414.92999267578125,227389,414.1650085449219
2026-05-06 11:05:00-04:00,414.7300109863281,415.0,414.1400146484375,414.1700134277344,243102,414.7300109863281
2026-05-06 11:10:00-04:00,414.1700134277344,414.9027099609375,413.9700012207031,414.7550048828125,186515,414.1700134277344
2026-05-06 11:15:00-04:00,413.909912109375,414.67999267578125,413.7099914550781,414.1499938964844,302999,413.909912109375
2026-05-06 11:20:00-04:00,413.5899963378906,414.010009765625,413.1300048828125,413.885009765625,232776,413.5899963378906
2026-05-06 11:25:00-04:00,413.4100036621094,413.7598876953125,413.1400146484375,413.6199951171875,0,413.4100036621094
2026-05-06 11:30:00-04:00,413.9200134277344,414.0,413.4599914550781,413.489990234375,13625868,413.9200134277344
2026-05-06 11:35:00-04:00,414.67999267578125,414.7929992675781,413.8999938964844,413.95001220703125,206585,414.67999267578125
2026-05-06 11:40:00-04:00,414.9114074707031,415.19000244140625,414.45001220703125,414.67999267578125,230366,414.9114074707031
2026-05-06 11:45:00-04:00,415.94000244140625,416.2799987792969,414.7900085449219,414.8699951171875,232776,415.94000244140625
2026-05-06 11:50:00-04:00,414.739990234375,416.2300109863281,414.5299987792969,415.8800048828125,190552,414.739990234375
2026-05-06 11:55:00-04:00,415.2066955566406,415.260009765625,414.4800109863281,414.6400146484375,144913,415.2066955566406
2026-05-06 12:00:00-04:00,415.2049865722656,415.33990478515625,414.8999938964844,415.1499938964844,123983,415.2049865722656
2026-05-06 12:05:00-04:00,415.31500244140625,415.6700134277344,415.19000244140625,415.2300109863281,178194,415.31500244140625
2026-05-06 12:10:00-04:00,414.8692932128906,415.5199890136719,414.80999755859375,415.3017883300781,138099,414.8692932128906
2026-05-06 12:15:00-04:00,415.03009033203125,415.05999755859375,414.4700012207031,414.82000732421875,154096,415.03009033203125
2026-05-06 12:20:00-04:00,414.2900085449219,415.1050109863281,414.2099914550781,415.0299987792969,108063,414.2900085449219
2026-05-06 12:25:00-04:00,414.1980895996094,414.42999267578125,413.80999755859375,414.05010986328125,169691,414.1980895996094
2026-05-06 12:30:00-04:00,413.1300048828125,414.29998779296875,413.04998779296875,414.223388671875,145228,413.1300048828125
2026-05-06 12:35:00-04:00,412.6799011230469,413.1650085449219,412.2650146484375,412.75,237593,412.6799011230469
2026-05-06 12:40:00-04:00,412.9139099121094,412.9649963378906,412.5,412.67999267578125,138952,412.9139099121094
2026-05-06 12:45:00-04:00,413.1099853515625,413.17999267578125,412.53009033203125,412.910888671875,128365,413.1099853515625
2026-05-06 12:50:00-04:00,412.4750061035156,413.2699890136719,412.4750061035156,413.04998779296875,111486,412.4750061035156
2026-05-06 12:55:00-04:00,412.610107421875,412.8399963378906,412.2900085449219,412.3299865722656,145862,412.610107421875
2026-05-06 13:00:00-04:00,412.7349853515625,412.9700012207031,412.4200134277344,412.610107421875,155128,412.7349853515625
2026-05-06 13:05:00-04:00,412.94000244140625,413.05999755859375,412.6600036621094,412.7001037597656,131875,412.94000244140625
2026-05-06 13:10:00-04:00,413.19000244140625,413.5199890136719,412.8699951171875,412.9800109863281,150540,413.19000244140625
2026-05-06 13:15:00-04:00,413.1549987792969,413.42498779296875,412.8800048828125,413.2250061035156,122829,413.1549987792969
2026-05-06 13:20:00-04:00,413.31451416015625,413.4100036621094,413.0199890136719,413.1549987792969,90750,413.31451416015625
2026-05-06 13:25:00-04:00,413.45001220703125,413.5,413.02508544921875,413.32000732421875,83310,413.45001220703125
2026-05-06 13:30:00-04:00,413.19500732421875,413.6000061035156,413.1499938964844,413.43011474609375,117532,413.19500732421875
2026-05-06 13:35:00-04:00,412.3599853515625,413.2074890136719,412.3599853515625,413.19500732421875,116226,412.3599853515625
2026-05-06 13:40:00-04:00,412.8699951171875,412.9599914550781,412.29998779296875,412.3900146484375,130283,412.8699951171875
2026-05-06 13:45:00-04:00,413.20001220703125,413.2300109863281,412.5799865722656,412.8699951171875,130313,413.20001220703125
2026-05-06 13:50:00-04:00,412.44000244140625,413.2300109863281,412.3500061035156,413.2149963378906,125647,412.44000244140625
2026-05-06 13:55:00-04:00,412.55999755859375,412.8999938964844,412.3699951171875,412.3999938964844,145638,412.55999755859375
2026-05-06 14:00:00-04:00,412.5539855957031,412.6650085449219,412.260009765625,412.55999755859375,231954,412.5539855957031
2026-05-06 14:05:00-04:00,413.30499267578125,413.32000732421875,412.52398681640625,412.58990478515625,154134,413.30499267578125
2026-05-06 14:10:00-04:00,413.6600036621094,413.82000732421875,413.0799865722656,413.3399963378906,153449,413.6600036621094
2026-05-06 14:15:00-04:00,413.79998779296875,414.0985107421875,413.6300048828125,413.677490234375,144933,413.79998779296875
2026-05-06 14:20:00-04:00,413.9219055175781,413.9700012207031,413.5,413.7799987792969,90378,413.9219055175781
2026-05-06 14:25:00-04:00,413.8550109863281,414.0450134277344,413.67999267578125,413.91668701171875,113588,413.8550109863281
2026-05-06 14:30:00-04:00,413.7149963378906,413.8699951171875,413.53009033203125,413.8399963378906,90521,413.7149963378906
2026-05-06 14:35:00-04:00,413.8500061035156,414.1000061035156,413.67999267578125,413.7449951171875,136827,413.8500061035156
2026-05-06 14:40:00-04:00,413.4200134277344,414.010009765625,413.4200134277344,413.8299865722656,98197,413.4200134277344
2026-05-06 14:45:00-04:00,413.45001220703125,413.80999755859375,413.3599853515625,413.4150085449219,140824,413.45001220703125
2026-05-06 14:50:00-04:00,413.5365905761719,413.6300048828125,413.29998779296875,413.4599914550781,139560,413.5365905761719
2026-05-06 14:55:00-04:00,413.364990234375,413.70001220703125,413.17999267578125,413.5350036621094,111565,413.364990234375
2026-05-06 15:00:00-04:00,413.3500061035156,413.6499938964844,413.2699890136719,413.364990234375,124565,413.3500061035156
2026-05-06 15:05:00-04:00,413.5299987792969,413.6700134277344,413.239990234375,413.3399963378906,130602,413.5299987792969
2026-05-06 15:10:00-04:00,413.95001220703125,414.0799865722656,413.510009765625,413.510009765625,165730,413.95001220703125
2026-05-06 15:15:00-04:00,414.0054931640625,414.3900146484375,413.7300109863281,413.92999267578125,155426,414.0054931640625
2026-05-06 15:20:00-04:00,413.71099853515625,414.19000244140625,413.70001220703125,414.0198974609375,157211,413.71099853515625
2026-05-06 15:25:00-04:00,413.2749938964844,413.7698974609375,413.0199890136719,413.7250061035156,227337,413.2749938964844
2026-05-06 15:30:00-04:00,412.8699951171875,413.29998779296875,412.7900085449219,413.2749938964844,197757,412.8699951171875
2026-05-06 15:35:00-04:00,413.2149963378906,413.260009765625,412.6650085449219,412.8599853515625,242399,413.2149963378906
2026-05-06 15:40:00-04:00,413.09130859375,413.239990234375,412.6199951171875,413.239990234375,225226,413.09130859375
2026-05-06 15:45:00-04:00,413.3821105957031,413.45001220703125,412.9700012207031,413.05999755859375,314612,413.3821105957031
2026-05-06 15:50:00-04:00,414.1400146484375,414.45001220703125,413.3299865722656,413.3500061035156,377123,414.1400146484375
2026-05-06 15:55:00-04:00,413.760009765625,414.3800048828125,413.760009765625,414.09600830078125,1212653,413.760009765625
2026-05-07 09:30:00-04:00,421.4599914550781,423.0,418.7699890136719,420.1099853515625,2333111,421.4599914550781
2026-05-07 09:35:00-04:00,424.8299865722656,425.4200134277344,421.2301025390625,421.5199890136719,985953,424.8299865722656
2026-05-07 09:40:00-04:00,426.29998779296875,427.9800109863281,424.7900085449219,426.8299865722656,1195608,426.29998779296875
2026-05-07 09:45:00-04:00,424.864990234375,426.5799865722656,424.0,426.2749938964844,703731,424.864990234375
2026-05-07 09:50:00-04:00,423.6700134277344,425.56500244140625,423.32000732421875,424.92999267578125,535585,423.6700134277344
2026-05-07 09:55:00-04:00,424.20001220703125,424.42999267578125,422.67999267578125,423.7200012207031,590557,424.20001220703125
2026-05-07 10:00:00-04:00,424.552001953125,425.1600036621094,423.7699890136719,424.2200012207031,484892,424.552001953125
2026-05-07 10:05:00-04:00,424.5282897949219,425.3500061035156,424.2699890136719,424.6000061035156,388435,424.5282897949219
2026-05-07 10:10:00-04:00,424.10009765625,424.94000244140625,423.30499267578125,424.5199890136719,385122,424.10009765625
2026-05-07 10:15:00-04:00,423.9800109863281,424.1799011230469,422.6000061035156,424.1300048828125,381337,423.9800109863281
2026-05-07 10:20:00-04:00,423.1400146484375,423.9599914550781,423.0315856933594,423.44000244140625,285139,423.1400146484375
2026-05-07 10:25:00-04:00,424.2449951171875,424.6199951171875,423.0799865722656,423.1400146484375,296410,424.2449951171875
2026-05-07 10:30:00-04:00,423.6950988769531,424.51251220703125,423.6950988769531,424.4150085449219,209419,423.6950988769531
2026-05-07 10:35:00-04:00,423.5849914550781,423.80999755859375,422.6300048828125,423.69500732421875,430946,423.5849914550781
2026-05-07 10:40:00-04:00,423.79998779296875,423.8800048828125,423.1199951171875,423.54998779296875,222540,423.79998779296875
2026-05-07 10:45:00-04:00,424.57000732421875,424.8799133300781,423.67498779296875,423.82000732421875,286245,424.57000732421875
2026-05-07 10:50:00-04:00,424.9849853515625,425.6600036621094,424.54010009765625,424.5849914550781,476057,424.9849853515625
2026-05-07 10:55:00-04:00,425.8349914550781,425.8900146484375,424.9200134277344,424.94000244140625,402064,425.8349914550781
2026-05-07 11:00:00-04:00,425.1499938964844,425.8399963378906,424.840087890625,425.80999755859375,324161,425.1499938964844
2026-05-07 11:05:00-04:00,425.510009765625,425.6000061035156,424.0299987792969,425.17999267578125,339853,425.510009765625
2026-05-07 11:10:00-04:00,425.75,426.1600036621094,425.4400939941406,425.55999755859375,367413,425.75
2026-05-07 11:15:00-04:00,426.2309875488281,426.239990234375,425.42999267578125,425.7449951171875,717173,426.2309875488281
2026-05-07 11:20:00-04:00,425.6400146484375,426.5199890136719,425.5202941894531,426.25,278510,425.6400146484375
2026-05-07 11:25:00-04:00,424.54998779296875,425.6400146484375,424.239990234375,425.6400146484375,289722,424.54998779296875
2026-05-07 11:30:00-04:00,425.889892578125,426.04998779296875,424.45001220703125,424.55999755859375,266783,425.889892578125
2026-05-07 11:35:00-04:00,424.9200134277344,425.8800048828125,424.9100036621094,425.80999755859375,173998,424.9200134277344
2026-05-07 11:40:00-04:00,425.3399963378906,425.69000244140625,424.70001220703125,424.9700012207031,189146,425.3399963378906
2026-05-07 11:45:00-04:00,426.3125,426.42999267578125,425.260009765625,425.3580017089844,276157,426.3125
2026-05-07 11:50:00-04:00,426.1600036621094,426.54998779296875,425.5600891113281,426.2799987792969,199918,426.1600036621094
2026-05-07 11:55:00-04:00,425.3999938964844,426.4649963378906,425.25,426.17999267578125,221878,425.3999938964844
2026-05-07 12:00:00-04:00,424.7799987792969,425.5,424.44000244140625,425.3800048828125,203024,424.7799987792969
2026-05-07 12:05:00-04:00,424.4939880371094,424.9800109863281,423.81060791015625,424.79998779296875,265734,424.4939880371094
2026-05-07 12:10:00-04:00,423.760009765625,424.5199890136719,423.5,424.489990234375,199861,423.760009765625
2026-05-07 12:15:00-04:00,423.57000732421875,423.8999938964844,423.17999267578125,423.7099914550781,236312,423.57000732421875
2026-05-07 12:20:00-04:00,424.0036926269531,424.39801025390625,423.0799865722656,423.6099853515625,219954,424.0036926269531
2026-05-07 12:25:00-04:00,424.885009765625,424.9549865722656,423.9100036621094,424.0150146484375,164894,424.885009765625
2026-05-07 12:30:00-04:00,424.4800109863281,424.875,424.3299865722656,424.8399963378906,175854,424.4800109863281
2026-05-07 12:35:00-04:00,423.9100036621094,424.65521240234375,423.8999938964844,424.5,159152,423.9100036621094
2026-05-07 12:40:00-04:00,423.05010986328125,423.9800109863281,422.8299865722656,423.910400390625,163495,423.05010986328125
2026-05-07 12:45:00-04:00,422.0799865722656,423.125,422.07000732421875,423.04998779296875,203514,422.0799865722656
2026-05-07 12:50:00-04:00,421.6449890136719,422.1199951171875,421.3500061035156,422.0899963378906,252747,421.6449890136719
2026-05-07 12:55:00-04:00,421.2699890136719,421.6449890136719,421.0400085449219,421.6449890136719,220067,421.2699890136719
2026-05-07 13:00:00-04:00,421.3550109863281,421.54998779296875,421.1099853515625,421.2799987792969,243429,421.3550109863281
2026-05-07 13:05:00-04:00,422.3599853515625,422.5,421.3299865722656,421.3550109863281,298977,422.3599853515625
2026-05-07 13:10:00-04:00,422.6860046386719,422.83990478515625,422.25,422.3699951171875,228705,422.6860046386719
2026-05-07 13:15:00-04:00,421.5150146484375,422.7699890136719,421.4599914550781,422.70001220703125,202879,421.5150146484375
2026-05-07 13:20:00-04:00,421.8349914550781,422.0989990234375,420.8399963378906,421.5,226783,421.8349914550781
2026-05-07 13:25:00-04:00,421.2091979980469,422.0,420.6200866699219,421.8399963378906,292659,421.2091979980469
2026-05-07 13:30:00-04:00,421.0299987792969,421.30999755859375,420.5,421.17498779296875,281079,421.0299987792969
2026-05-07 13:35:00-04:00,421.5700988769531,421.7099914550781,420.7900085449219,421.010009765625,185989,421.5700988769531
2026-05-07 13:40:00-04:00,421.385009765625,422.04998779296875,421.3399963378906,421.6199951171875,219683,421.385009765625
2026-05-07 13:45:00-04:00,421.1112060546875,421.6700134277344,420.8800048828125,421.3500061035156,122130,421.1112060546875
2026-05-07 13:50:00-04:00,420.7699890136719,421.45001220703125,420.75,421.1199951171875,182338,420.7699890136719
2026-05-07 13:55:00-04:00,421.92999267578125,421.92999267578125,420.7300109863281,420.82000732421875,179183,421.92999267578125
2026-05-07 14:00:00-04:00,421.3699951171875,421.9800109863281,421.19000244140625,421.9800109863281,107528,421.3699951171875
2026-05-07 14:05:00-04:00,421.8999938964844,422.05999755859375,421.3399963378906,421.3399963378906,157382,421.8999938964844
2026-05-07 14:10:00-04:00,422.0050048828125,422.2900085449219,421.1803894042969,421.90008544921875,1015040,422.0050048828125
2026-05-07 14:15:00-04:00,422.4549865722656,422.7799987792969,421.9599914550781,422.010009765625,163294,422.4549865722656
2026-05-07 14:20:00-04:00,423.1549987792969,423.29998779296875,422.4549865722656,422.4549865722656,185043,423.1549987792969
2026-05-07 14:25:00-04:00,423.19000244140625,423.6499938964844,423.03009033203125,423.114990234375,184512,423.19000244140625
2026-05-07 14:30:00-04:00,424.2200012207031,424.2699890136719,423.19000244140625,423.19000244140625,899041,424.2200012207031
2026-05-07 14:35:00-04:00,424.0799865722656,424.27880859375,423.6400146484375,424.2149963378906,198970,424.0799865722656
2026-05-07 14:40:00-04:00,422.2250061035156,424.1099853515625,422.0600891113281,424.1000061035156,146666,422.2250061035156
2026-05-07 14:45:00-04:00,422.0849914550781,422.51959228515625,422.0,422.2300109863281,154049,422.0849914550781
2026-05-07 14:50:00-04:00,422.8999938964844,422.9224853515625,422.2900085449219,422.3399963378906,168378,422.8999938964844
2026-05-07 14:55:00-04:00,422.95001220703125,423.2699890136719,422.67291259765625,422.8900146484375,200454,422.95001220703125
2026-05-07 15:00:00-04:00,423.4200134277344,423.5,422.8800048828125,423.19000244140625,1070291,423.4200134277344
2026-05-07 15:05:00-04:00,422.79998779296875,423.6098937988281,422.75,423.4590148925781,163227,422.79998779296875
2026-05-07 15:10:00-04:00,422.760009765625,422.94000244140625,422.3900146484375,422.7699890136719,161324,422.760009765625
2026-05-07 15:15:00-04:00,421.3599853515625,422.7049865722656,421.1600036621094,422.70001220703125,226204,421.3599853515625
2026-05-07 15:20:00-04:00,421.4150085449219,421.5899963378906,421.0,421.30999755859375,1040550,421.4150085449219
2026-05-07 15:25:00-04:00,421.49749755859375,421.6400146484375,421.17999267578125,421.3255920410156,209588,421.49749755859375
2026-05-07 15:30:00-04:00,421.75,422.0899963378906,421.44000244140625,421.54998779296875,211283,421.75
2026-05-07 15:35:00-04:00,421.75,422.0199890136719,421.30010986328125,421.70001220703125,242153,421.75
2026-05-07 15:40:00-04:00,421.3500061035156,421.75,421.0249938964844,421.75,237492,421.3500061035156
2026-05-07 15:45:00-04:00,420.5899963378906,421.3900146484375,420.2900085449219,421.3599853515625,300825,420.5899963378906
2026-05-07 15:50:00-04:00,420.5799865722656,421.3999938964844,420.0,420.6300048828125,592206,420.5799865722656
2026-05-07 15:55:00-04:00,420.989990234375,421.0199890136719,420.44000244140625,420.54998779296875,1179858,420.989990234375
2026-05-08 09:30:00-04:00,417.3699951171875,417.6600036621094,414.9800109863281,417.385009765625,1997320,417.3699951171875
2026-05-08 09:35:00-04:00,416.31500244140625,417.79998779296875,416.0,417.4100036621094,595424,416.31500244140625
2026-05-08 09:40:00-04:00,416.6099853515625,416.7699890136719,415.54998779296875,416.3193054199219,450981,416.6099853515625
2026-05-08 09:45:00-04:00,418.1470947265625,418.6300048828125,417.4700012207031,417.5400085449219,609854,418.1470947265625
2026-05-08 09:50:00-04:00,415.9100036621094,418.45001220703125,415.8599853515625,418.11419677734375,491684,415.9100036621094
2026-05-08 09:55:00-04:00,416.3999938964844,416.7449951171875,415.739990234375,416.6600036621094,410888,416.3999938964844
2026-05-08 10:00:00-04:00,416.82501220703125,416.8900146484375,415.66009521484375,416.3999938964844,362140,416.82501220703125
2026-05-08 10:05:00-04:00,416.30218505859375,417.2300109863281,415.9599914550781,416.7550048828125,493695,416.30218505859375
2026-05-08 10:10:00-04:00,416.94000244140625,417.5199890136719,415.79998779296875,416.3349914550781,472561,416.94000244140625
2026-05-08 10:15:00-04:00,416.94500732421875,417.510009765625,416.510009765625,416.9100036621094,445382,416.94500732421875
2026-05-08 10:20:00-04:00,417.0199890136719,417.4800109863281,416.6400146484375,416.94500732421875,354101,417.0199890136719
2026-05-08 10:25:00-04:00,415.8299865722656,417.20001220703125,415.29998779296875,417.0199890136719,445787,415.8299865722656
2026-05-08 10:30:00-04:00,415.19000244140625,415.80999755859375,414.8999938964844,415.79998779296875,470267,415.19000244140625
2026-05-08 10:35:00-04:00,414.8800048828125,415.44000244140625,414.6099853515625,415.1400146484375,337679,414.8800048828125
2026-05-08 10:40:00-04:00,414.9100036621094,415.0799865722656,414.360107421875,414.9200134277344,354910,414.9100036621094
2026-05-08 10:45:00-04:00,415.3494873046875,415.4599914550781,414.55999755859375,414.9200134277344,323359,415.3494873046875
2026-05-08 10:50:00-04:00,415.7449951171875,415.7998962402344,415.1000061035156,415.3299865722656,285933,415.7449951171875
2026-05-08 10:55:00-04:00,416.4200134277344,416.6199951171875,415.67999267578125,415.7699890136719,364579,416.4200134277344
2026-05-08 11:00:00-04:00,416.864990234375,417.19000244140625,416.3299865722656,416.69000244140625,359768,416.864990234375
2026-05-08 11:05:00-04:00,416.5130920410156,417.1199951171875,416.4100036621094,416.8793029785156,232747,416.5130920410156
2026-05-08 11:10:00-04:00,417.0150146484375,417.2298889160156,416.5,416.510009765625,213516,417.0150146484375
2026-05-08 11:15:00-04:00,416.3299865722656,417.04998779296875,416.04998779296875,417.04998779296875,297996,416.3299865722656
2026-05-08 11:20:00-04:00,416.0299987792969,416.3900146484375,415.75,415.75,295257,416.0299987792969
2026-05-08 11:25:00-04:00,416.9200134277344,416.9200134277344,415.7500915527344,416.0150146484375,213880,416.9200134277344
2026-05-08 11:30:00-04:00,415.92999267578125,417.0,415.5400085449219,416.9200134277344,283010,415.92999267578125
2026-05-08 11:35:00-04:00,416.8399963378906,416.94000244140625,415.7799987792969,416.2749938964844,215916,416.8399963378906
2026-05-08 11:40:00-04:00,416.8500061035156,417.04998779296875,416.2099914550781,416.82000732421875,173343,416.8500061035156
2026-05-08 11:45:00-04:00,416.7799987792969,417.1099853515625,416.5700988769531,416.8450012207031,184387,416.7799987792969
2026-05-08 11:50:00-04:00,415.9883117675781,416.82501220703125,415.80999755859375,416.7349853515625,186341,415.9883117675781
2026-05-08 11:55:00-04:00,415.989990234375,416.1499938964844,415.6099853515625,415.9476013183594,190021,415.989990234375
2026-05-08 12:00:00-04:00,415.739990234375,416.1000061035156,415.3500061035156,415.92999267578125,165139,415.739990234375
2026-05-08 12:05:00-04:00,416.1050109863281,416.3800048828125,415.70001220703125,415.7200012207031,161804,416.1050109863281
2026-05-08 12:10:00-04:00,416.3900146484375,416.6099853515625,416.05999755859375,416.1050109863281,174228,416.3900146484375
2026-05-08 12:15:00-04:00,416.1400146484375,416.54998779296875,416.059814453125,416.3399963378906,131677,416.1400146484375
2026-05-08 12:20:00-04:00,416.1199951171875,416.2699890136719,415.8699951171875,416.1400146484375,117642,416.1199951171875
2026-05-08 12:25:00-04:00,415.82000732421875,416.19000244140625,415.7500915527344,416.0799865722656,180579,415.82000732421875
2026-05-08 12:30:00-04:00,415.7049865722656,416.010009765625,415.3999938964844,415.8599853515625,172463,415.7049865722656
2026-05-08 12:35:00-04:00,415.6495056152344,415.8599853515625,415.5199890136719,415.7200012207031,129133,415.6495056152344
2026-05-08 12:40:00-04:00,415.7962951660156,415.8299865722656,415.489990234375,415.69000244140625,128495,415.7962951660156
2026-05-08 12:45:00-04:00,416.6700134277344,416.82000732421875,415.79998779296875,415.79998779296875,236154,416.6700134277344
2026-05-08 12:50:00-04:00,416.5935974121094,416.9100036621094,416.3999938964844,416.46600341796875,154086,416.5935974121094
2026-05-08 12:55:00-04:00,416.2900085449219,416.6300048828125,416.20001220703125,416.5899963378906,115509,416.2900085449219
2026-05-08 13:00:00-04:00,416.19000244140625,416.3299865722656,415.9200134277344,416.2900085449219,174941,416.19000244140625
2026-05-08 13:05:00-04:00,416.2200012207031,416.5,416.03009033203125,416.20001220703125,143483,416.2200012207031
2026-05-08 13:10:00-04:00,416.6180114746094,416.6600036621094,416.17999267578125,416.3099060058594,165892,416.6180114746094
2026-05-08 13:15:00-04:00,417.1099853515625,417.1499938964844,416.45001220703125,416.5899963378906,306869,417.1099853515625
2026-05-08 13:20:00-04:00,416.9100036621094,417.1499938964844,416.6199951171875,417.1499938964844,183473,416.9100036621094
2026-05-08 13:25:00-04:00,417.20001220703125,417.3999938964844,416.7699890136719,416.8800048828125,224695,417.20001220703125
2026-05-08 13:30:00-04:00,416.80999755859375,417.3500061035156,416.6000061035156,417.20001220703125,166535,416.80999755859375
2026-05-08 13:35:00-04:00,416.30999755859375,416.9800109863281,416.29998779296875,416.82501220703125,124237,416.30999755859375
2026-05-08 13:40:00-04:00,416.1025085449219,416.6300048828125,416.0799865722656,416.3450012207031,120031,416.1025085449219
2026-05-08 13:45:00-04:00,415.8500061035156,416.239990234375,415.7099914550781,416.1199951171875,176332,415.8500061035156
2026-05-08 13:50:00-04:00,415.80999755859375,415.8999938964844,415.6000061035156,415.82000732421875,130476,415.80999755859375
2026-05-08 13:55:00-04:00,415.7950134277344,415.9700012207031,415.6499938964844,415.7200927734375,139619,415.7950134277344
2026-05-08 14:00:00-04:00,416.2099914550781,416.3800048828125,415.6499938964844,415.8500061035156,253457,416.2099914550781
2026-05-08 14:05:00-04:00,415.5050964355469,416.32000732421875,415.45001220703125,416.1700134277344,165139,415.5050964355469
2026-05-08 14:10:00-04:00,415.54998779296875,415.7699890136719,415.4700012207031,415.4750061035156,136544,415.54998779296875
2026-05-08 14:15:00-04:00,415.67999267578125,415.8598937988281,415.3699951171875,415.57000732421875,872676,415.67999267578125
2026-05-08 14:20:00-04:00,415.5696105957031,415.7850036621094,415.4100036621094,415.70001220703125,112738,415.5696105957031
2026-05-08 14:25:00-04:00,416.0400085449219,416.139892578125,415.5299987792969,415.54998779296875,135060,416.0400085449219
2026-05-08 14:30:00-04:00,415.94000244140625,416.1199951171875,415.7200012207031,416.04998779296875,144235,415.94000244140625
2026-05-08 14:35:00-04:00,415.7900085449219,415.9700012207031,415.7099914550781,415.93499755859375,96262,415.7900085449219
2026-05-08 14:40:00-04:00,415.3349914550781,415.8900146484375,415.29998779296875,415.79998779296875,134034,415.3349914550781
2026-05-08 14:45:00-04:00,415.43499755859375,415.6000061035156,415.3299865722656,415.3374938964844,129389,415.43499755859375
2026-05-08 14:50:00-04:00,415.010009765625,415.5199890136719,414.94000244140625,415.45001220703125,264294,415.010009765625
2026-05-08 14:55:00-04:00,414.82000732421875,415.07000732421875,414.6300048828125,414.875,175275,414.82000732421875
2026-05-08 15:00:00-04:00,414.885009765625,415.0199890136719,414.6000061035156,414.7449951171875,1091325,414.885009765625
2026-05-08 15:05:00-04:00,414.94500732421875,415.2200012207031,414.70001220703125,414.8800048828125,240385,414.94500732421875
2026-05-08 15:10:00-04:00,414.6700134277344,415.0899963378906,414.45001220703125,414.94500732421875,240332,414.6700134277344
2026-05-08 15:15:00-04:00,414.6400146484375,414.8800048828125,414.45001220703125,414.6890869140625,260598,414.6400146484375
2026-05-08 15:20:00-04:00,414.57000732421875,414.6000061035156,414.19000244140625,414.57989501953125,267503,414.57000732421875
2026-05-08 15:25:00-04:00,414.8299865722656,414.92999267578125,414.54998779296875,414.55999755859375,263856,414.8299865722656
2026-05-08 15:30:00-04:00,414.739990234375,414.9200134277344,414.57000732421875,414.8500061035156,208672,414.739990234375
2026-05-08 15:35:00-04:00,414.3207092285156,414.7795104980469,414.0,414.739990234375,639376,414.3207092285156
2026-05-08 15:40:00-04:00,414.31500244140625,414.3900146484375,414.0,414.3399963378906,266227,414.31500244140625
2026-05-08 15:45:00-04:00,414.6499938964844,414.760009765625,414.239990234375,414.31500244140625,246769,414.6499938964844
2026-05-08 15:50:00-04:00,415.6099853515625,415.8299865722656,414.6099853515625,414.6300048828125,611887,415.6099853515625
2026-05-08 15:55:00-04:00,415.1499938964844,415.95001220703125,414.7449951171875,415.6000061035156,2509587,415.1499938964844
2026-05-11 09:30:00-04:00,410.6499938964844,411.3500061035156,405.5,407.7749938964844,4036098,410.6499938964844
2026-05-11 09:35:00-04:00,410.2200012207031,410.989990234375,409.6199951171875,410.625,631193,410.2200012207031
2026-05-11 09:40:00-04:00,409.2799987792969,410.9419860839844,408.7200012207031,410.55499267578125,450770,409.2799987792969
2026-05-11 09:45:00-04:00,409.2300109863281,410.44000244140625,408.70001220703125,409.2699890136719,487847,409.2300109863281
2026-05-11 09:50:00-04:00,408.7699890136719,409.389892578125,407.97259521484375,409.2650146484375,732110,408.7699890136719
2026-05-11 09:55:00-04:00,410.1700134277344,410.3399963378906,408.55999755859375,408.7449951171875,370149,410.1700134277344
2026-05-11 10:00:00-04:00,409.7200012207031,410.29998779296875,409.5400085449219,410.1000061035156,347778,409.7200012207031
2026-05-11 10:05:00-04:00,410.0,410.44000244140625,409.5799865722656,409.7200012207031,318384,410.0
2026-05-11 10:10:00-04:00,409.9599914550781,410.6899108886719,409.4100036621094,410.0,316140,409.9599914550781
2026-05-11 10:15:00-04:00,409.989013671875,410.5899963378906,409.3800048828125,409.9800109863281,285757,409.989013671875
2026-05-11 10:20:00-04:00,410.5899963378906,410.92999267578125,409.5,409.6600036621094,296053,410.5899963378906
2026-05-11 10:25:00-04:00,410.6700134277344,411.4800109863281,410.3900146484375,410.635009765625,288662,410.6700134277344
2026-05-11 10:30:00-04:00,409.964111328125,410.87860107421875,409.70001220703125,410.6700134277344,275184,409.964111328125
2026-05-11 10:35:00-04:00,410.635009765625,410.71990966796875,409.6700134277344,409.9999084472656,223530,410.635009765625
2026-05-11 10:40:00-04:00,410.5849914550781,411.0950012207031,410.3299865722656,410.55999755859375,204987,410.5849914550781
2026-05-11 10:45:00-04:00,409.79998779296875,410.659912109375,409.6600036621094,410.5799865722656,416146,409.79998779296875
2026-05-11 10:50:00-04:00,409.32000732421875,409.7950134277344,408.9599914550781,409.75,504680,409.32000732421875
2026-05-11 10:55:00-04:00,409.3699951171875,409.6000061035156,409.1929931640625,409.2200012207031,217838,409.3699951171875
2026-05-11 11:00:00-04:00,409.2900085449219,409.6875,409.05999755859375,409.4649963378906,219687,409.2900085449219
2026-05-11 11:05:00-04:00,409.6449890136719,409.9798889160156,409.2063903808594,409.25,196337,409.6449890136719
2026-05-11 11:10:00-04:00,409.19000244140625,409.6449890136719,408.9800109863281,409.6449890136719,222546,409.19000244140625
2026-05-11 11:15:00-04:00,410.0306091308594,410.1199951171875,409.12420654296875,409.1499938964844,395919,410.0306091308594
2026-05-11 11:20:00-04:00,410.1549987792969,410.29998779296875,409.82000732421875,410.0400085449219,304763,410.1549987792969
2026-05-11 11:25:00-04:00,411.8800048828125,412.2091064453125,410.1099853515625,410.1400146484375,407133,411.8800048828125
2026-05-11 11:30:00-04:00,410.57000732421875,411.84600830078125,410.4100036621094,411.8299865722656,237851,410.57000732421875
2026-05-11 11:35:00-04:00,410.70330810546875,410.82861328125,410.3800048828125,410.5199890136719,167373,410.70330810546875
2026-05-11 11:40:00-04:00,410.8999938964844,410.9200134277344,410.5299987792969,410.6650085449219,154888,410.8999938964844
2026-05-11 11:45:00-04:00,410.2001037597656,410.92999267578125,410.1700134277344,410.9150085449219,181302,410.2001037597656
2026-05-11 11:50:00-04:00,410.25,410.6199951171875,410.1400146484375,410.17999267578125,144033,410.25
2026-05-11 11:55:00-04:00,410.44000244140625,410.8900146484375,410.239990234375,410.2650146484375,198876,410.44000244140625
2026-05-11 12:00:00-04:00,410.3800048828125,410.6600036621094,410.2900085449219,410.3900146484375,122300,410.3800048828125
2026-05-11 12:05:00-04:00,410.5249938964844,410.7900085449219,410.3200988769531,410.3800048828125,142437,410.5249938964844
2026-05-11 12:10:00-04:00,410.54998779296875,410.75830078125,410.2200012207031,410.5249938964844,113958,410.54998779296875
2026-05-11 12:15:00-04:00,410.82000732421875,410.8999938964844,410.5539855957031,410.5539855957031,133722,410.82000732421875
2026-05-11 12:20:00-04:00,410.5400085449219,411.0799865722656,410.5,410.82501220703125,154903,410.5400085449219
2026-05-11 12:25:00-04:00,410.9100036621094,411.1700134277344,410.239990234375,410.510009765625,169297,410.9100036621094
2026-05-11 12:30:00-04:00,410.7099914550781,411.20001220703125,410.6600036621094,410.9100036621094,140617,410.7099914550781
2026-05-11 12:35:00-04:00,410.6400146484375,410.79998779296875,410.2300109863281,410.7099914550781,151023,410.6400146484375
2026-05-11 12:40:00-04:00,410.0849914550781,410.8399963378906,410.0,410.610595703125,165835,410.0849914550781
2026-05-11 12:45:00-04:00,410.20001220703125,410.6000061035156,410.0299987792969,410.0799865722656,176492,410.20001220703125
2026-05-11 12:50:00-04:00,410.010009765625,410.4800109863281,410.0,410.2349853515625,142083,410.010009765625
2026-05-11 12:55:00-04:00,409.55999755859375,410.2550048828125,409.4800109863281,410.010009765625,207222,409.55999755859375
2026-05-11 13:00:00-04:00,409.2550048828125,409.69000244140625,409.20001220703125,409.5799865722656,237924,409.2550048828125
2026-05-11 13:05:00-04:00,409.1600036621094,409.32000732421875,408.8599853515625,409.2749938964844,522657,409.1600036621094
2026-05-11 13:10:00-04:00,408.8599853515625,409.5,408.7900085449219,409.2099914550781,190554,408.8599853515625
2026-05-11 13:15:00-04:00,409.12860107421875,409.1400146484375,408.5830078125,408.885009765625,210613,409.12860107421875
2026-05-11 13:20:00-04:00,409.32000732421875,409.3500061035156,409.0400085449219,409.125,124626,409.32000732421875
2026-05-11 13:25:00-04:00,409.1000061035156,409.6242980957031,408.8599853515625,409.32000732421875,159557,409.1000061035156
2026-05-11 13:30:00-04:00,410.125,410.20001220703125,409.1033935546875,409.1099853515625,198288,410.125
2026-05-11 13:35:00-04:00,410.42999267578125,410.44000244140625,409.8999938964844,410.125,140634,410.42999267578125
2026-05-11 13:40:00-04:00,411.1300048828125,411.1400146484375,410.239990234375,410.3800964355469,180668,411.1300048828125
2026-05-11 13:45:00-04:00,410.6300048828125,411.45001220703125,410.53009033203125,411.1499938964844,187089,410.6300048828125
2026-05-11 13:50:00-04:00,411.0799865722656,411.45001220703125,410.5799865722656,410.6300048828125,157087,411.0799865722656
2026-05-11 13:55:00-04:00,411.07501220703125,411.45001220703125,410.8999938964844,411.0799865722656,137843,411.07501220703125
2026-05-11 14:00:00-04:00,411.510009765625,411.70001220703125,410.94000244140625,411.0899963378906,300057,411.510009765625
2026-05-11 14:05:00-04:00,411.80499267578125,411.94000244140625,411.239990234375,411.6099853515625,151350,411.80499267578125
2026-05-11 14:10:00-04:00,411.25,411.8482971191406,411.239990234375,411.7900085449219,110025,411.25
2026-05-11 14:15:00-04:00,411.6299133300781,411.7799987792969,411.2699890136719,411.2699890136719,192080,411.6299133300781
2026-05-11 14:20:00-04:00,411.6499938964844,411.8800048828125,411.239990234375,411.6000061035156,128639,411.6499938964844
2026-05-11 14:25:00-04:00,411.3800048828125,411.69000244140625,411.25,411.6650085449219,145874,411.3800048828125
2026-05-11 14:30:00-04:00,410.66009521484375,411.3900146484375,410.66009521484375,411.3900146484375,149133,410.66009521484375
2026-05-11 14:35:00-04:00,410.4549865722656,410.68499755859375,410.3340148925781,410.67999267578125,124403,410.4549865722656
2026-05-11 14:40:00-04:00,410.4551086425781,410.8399963378906,410.4150085449219,410.4549865722656,104363,410.4551086425781
2026-05-11 14:45:00-04:00,410.91009521484375,411.1199035644531,410.3999938964844,410.4551086425781,138041,410.91009521484375
2026-05-11 14:50:00-04:00,410.4800109863281,411.0299987792969,410.44000244140625,410.77508544921875,127799,410.4800109863281
2026-05-11 14:55:00-04:00,410.37860107421875,410.6400146484375,410.1618957519531,410.4700012207031,156420,410.37860107421875
2026-05-11 15:00:00-04:00,409.7200012207031,410.3999938964844,409.70001220703125,410.3800048828125,124588,409.7200012207031
2026-05-11 15:05:00-04:00,410.17999267578125,410.239990234375,409.7200012207031,409.7200012207031,320730,410.17999267578125
2026-05-11 15:10:00-04:00,410.58990478515625,410.58990478515625,410.2099914550781,410.2099914550781,179987,410.58990478515625
2026-05-11 15:15:00-04:00,410.4501037597656,410.7499084472656,410.45001220703125,410.6000061035156,173141,410.4501037597656
2026-05-11 15:20:00-04:00,410.6199951171875,410.75,410.3111877441406,410.4700012207031,154346,410.6199951171875
2026-05-11 15:25:00-04:00,411.5790100097656,411.6000061035156,410.5799865722656,410.6499938964844,179985,411.5790100097656
2026-05-11 15:30:00-04:00,411.8900146484375,412.1000061035156,411.2500915527344,411.54998779296875,240530,411.8900146484375
2026-05-11 15:35:00-04:00,411.9800109863281,412.07000732421875,411.6199951171875,412.010009765625,234568,411.9800109863281
2026-05-11 15:40:00-04:00,411.82000732421875,412.239990234375,411.7699890136719,412.0,225219,411.82000732421875
2026-05-11 15:45:00-04:00,412.0,412.11749267578125,411.7699890136719,411.8399963378906,240011,412.0
2026-05-11 15:50:00-04:00,412.1099853515625,412.44000244140625,411.9700012207031,411.989990234375,385016,412.1099853515625
2026-05-11 15:55:00-04:00,412.67999267578125,412.67999267578125,411.79998779296875,412.1050109863281,828765,412.67999267578125
2026-05-12 09:30:00-04:00,410.4750061035156,415.5,409.3999938964844,414.4150085449219,1955376,410.4750061035156
2026-05-12 09:35:00-04:00,407.4100036621094,410.54998779296875,407.2099914550781,410.4750061035156,835475,407.4100036621094
2026-05-12 09:40:00-04:00,408.8999938964844,409.1300048828125,407.2300109863281,407.48150634765625,798017,408.8999938964844
2026-05-12 09:45:00-04:00,407.489990234375,409.1180114746094,406.6499938964844,408.9599914550781,775690,407.489990234375
2026-05-12 09:50:00-04:00,407.7300109863281,408.1899108886719,407.3399963378906,407.42999267578125,441978,407.7300109863281
2026-05-12 09:55:00-04:00,408.3699951171875,408.4150085449219,407.07000732421875,407.70001220703125,414601,408.3699951171875
2026-05-12 10:00:00-04:00,408.92999267578125,408.94000244140625,407.18499755859375,408.3900146484375,411796,408.92999267578125
2026-05-12 10:05:00-04:00,408.45001220703125,409.2200012207031,407.94000244140625,408.8999938964844,522381,408.45001220703125
2026-05-12 10:10:00-04:00,409.2349853515625,409.4800109863281,408.1050109863281,408.4200134277344,408482,409.2349853515625
2026-05-12 10:15:00-04:00,410.0400085449219,410.6098937988281,409.17999267578125,409.19000244140625,410628,410.0400085449219
2026-05-12 10:20:00-04:00,410.010009765625,410.19989013671875,409.4704895019531,410.0400085449219,299899,410.010009765625
2026-05-12 10:25:00-04:00,409.0101013183594,409.8999938964844,408.9209899902344,409.7200012207031,270026,409.0101013183594
2026-05-12 10:30:00-04:00,408.385009765625,409.2300109863281,408.2900085449219,409.0104064941406,355334,408.385009765625
2026-05-12 10:35:00-04:00,408.6549987792969,408.7049865722656,408.1099853515625,408.3699951171875,327883,408.6549987792969
2026-05-12 10:40:00-04:00,408.6099853515625,409.1499938964844,408.1600036621094,408.3599853515625,358260,408.6099853515625
2026-05-12 10:45:00-04:00,409.0242919921875,409.2900085449219,408.4800109863281,408.6099853515625,279129,409.0242919921875
2026-05-12 10:50:00-04:00,408.4150085449219,409.64990234375,408.4150085449219,409.1000061035156,228844,408.4150085449219
2026-05-12 10:55:00-04:00,408.5400085449219,408.79998779296875,408.3349914550781,408.38299560546875,181025,408.5400085449219
2026-05-12 11:00:00-04:00,408.0400085449219,408.5899963378906,407.9100036621094,408.5050048828125,234460,408.0400085449219
2026-05-12 11:05:00-04:00,408.5,408.7200012207031,407.8599853515625,407.989990234375,221132,408.5
2026-05-12 11:10:00-04:00,408.7099914550781,408.8599853515625,408.3900146484375,408.5150146484375,200128,408.7099914550781
2026-05-12 11:15:00-04:00,408.44000244140625,408.8599853515625,408.04998779296875,408.75,247998,408.44000244140625
2026-05-12 11:20:00-04:00,408.32000732421875,408.67999267578125,408.0899963378906,408.4700012207031,195331,408.32000732421875
2026-05-12 11:25:00-04:00,408.3299865722656,408.510009765625,407.8699951171875,408.32000732421875,275977,408.3299865722656
2026-05-12 11:30:00-04:00,407.6000061035156,408.5,407.6000061035156,408.3599853515625,732016,407.6000061035156
2026-05-12 11:35:00-04:00,407.6300048828125,407.9549865722656,407.3900146484375,407.6449890136719,172401,407.6300048828125
2026-05-12 11:40:00-04:00,407.614990234375,407.9100036621094,407.5,407.6400146484375,150614,407.614990234375
2026-05-12 11:45:00-04:00,407.8599853515625,408.19000244140625,407.4200134277344,407.6401062011719,186705,407.8599853515625
2026-05-12 11:50:00-04:00,408.364990234375,408.4599914550781,407.82000732421875,407.8638000488281,124855,408.364990234375
2026-05-12 11:55:00-04:00,408.69500732421875,408.8598937988281,408.0,408.32000732421875,200123,408.69500732421875
2026-05-12 12:00:00-04:00,408.95001220703125,409.05999755859375,408.239990234375,408.69000244140625,186161,408.95001220703125
2026-05-12 12:05:00-04:00,408.7200012207031,409.0799865722656,408.25,409.0,151695,408.7200012207031
2026-05-12 12:10:00-04:00,409.364990234375,409.3999938964844,408.67999267578125,408.8349914550781,173205,409.364990234375
2026-05-12 12:15:00-04:00,409.739990234375,409.9200134277344,408.5,409.30999755859375,184071,409.739990234375
2026-05-12 12:20:00-04:00,409.6498107910156,409.760009765625,409.2900085449219,409.69000244140625,159992,409.6498107910156
2026-05-12 12:25:00-04:00,409.5,409.8900146484375,409.3999938964844,409.625,124532,409.5
2026-05-12 12:30:00-04:00,409.1549987792969,409.54998779296875,408.8999938964844,409.510009765625,131945,409.1549987792969
2026-05-12 12:35:00-04:00,409.79998779296875,409.8500061035156,409.1499938964844,409.1700134277344,147049,409.79998779296875
2026-05-12 12:40:00-04:00,410.32000732421875,410.44000244140625,409.739990234375,409.7799987792969,243412,410.32000732421875
2026-05-12 12:45:00-04:00,409.2200012207031,410.3399963378906,409.0,410.32000732421875,225344,409.2200012207031
2026-05-12 12:50:00-04:00,409.05999755859375,409.3800048828125,408.8399963378906,409.19000244140625,158146,409.05999755859375
2026-05-12 12:55:00-04:00,408.989990234375,409.1099853515625,408.7300109863281,409.05999755859375,147741,408.989990234375
2026-05-12 13:00:00-04:00,408.7699890136719,409.260009765625,408.7200012207031,409.0199890136719,111970,408.7699890136719
2026-05-12 13:05:00-04:00,408.79998779296875,408.8500061035156,408.29998779296875,408.7650146484375,171986,408.79998779296875
2026-05-12 13:10:00-04:00,408.1099853515625,408.83990478515625,408.0299987792969,408.7300109863281,149568,408.1099853515625
2026-05-12 13:15:00-04:00,408.60009765625,408.7099914550781,407.75,408.1099853515625,156975,408.60009765625
2026-05-12 13:20:00-04:00,409.0799865722656,409.1000061035156,408.4200134277344,408.6400146484375,107323,409.0799865722656
2026-05-12 13:25:00-04:00,408.885009765625,409.3999938964844,408.864990234375,409.05010986328125,205310,408.885009765625
2026-05-12 13:30:00-04:00,409.4700012207031,409.67999267578125,408.6199951171875,408.8599853515625,174140,409.4700012207031
2026-05-12 13:35:00-04:00,409.19000244140625,409.4800109863281,409.0,409.4750061035156,171052,409.19000244140625
2026-05-12 13:40:00-04:00,409.2200012207031,409.3399963378906,409.1099853515625,409.17999267578125,169419,409.2200012207031
2026-05-12 13:45:00-04:00,408.8901062011719,409.30999755859375,408.8399963378906,409.2200012207031,139911,408.8901062011719
2026-05-12 13:50:00-04:00,408.95001220703125,409.3299865722656,408.75,408.8900146484375,219274,408.95001220703125
2026-05-12 13:55:00-04:00,408.8385009765625,408.9681091308594,408.6000061035156,408.95001220703125,107342,408.8385009765625
2026-05-12 14:00:00-04:00,408.6700134277344,408.9150085449219,408.4200134277344,408.8411865234375,112793,408.6700134277344
2026-05-12 14:05:00-04:00,408.6700134277344,408.7300109863281,408.45001220703125,408.4800109863281,84970,408.6700134277344
2026-05-12 14:10:00-04:00,408.5679016113281,409.04998779296875,408.3500061035156,408.6700134277344,108333,408.5679016113281
2026-05-12 14:15:00-04:00,408.3999938964844,408.67999267578125,408.1600036621094,408.55999755859375,99349,408.3999938964844
2026-05-12 14:20:00-04:00,408.3399963378906,408.5,408.0400085449219,408.3699951171875,161071,408.3399963378906
2026-05-12 14:25:00-04:00,408.3500061035156,408.7300109863281,407.9200134277344,408.3450012207031,156147,408.3500061035156
2026-05-12 14:30:00-04:00,408.1549987792969,408.42999267578125,408.0,408.3160095214844,116550,408.1549987792969
2026-05-12 14:35:00-04:00,407.7300109863281,408.489990234375,407.7300109863281,408.1300048828125,165055,407.7300109863281
2026-05-12 14:40:00-04:00,407.79998779296875,407.9599914550781,407.2799987792969,407.75,320798,407.79998779296875
2026-05-12 14:45:00-04:00,408.6000061035156,408.7099914550781,407.5400085449219,407.8500061035156,381320,408.6000061035156
2026-05-12 14:50:00-04:00,408.2250061035156,408.7099914550781,408.0,408.6199951171875,244472,408.2250061035156
2026-05-12 14:55:00-04:00,408.44000244140625,408.6400146484375,408.20001220703125,408.239990234375,256040,408.44000244140625
2026-05-12 15:00:00-04:00,408.2799987792969,408.6099853515625,408.0,408.42999267578125,303599,408.2799987792969
2026-05-12 15:05:00-04:00,408.2449951171875,408.44000244140625,408.0799865722656,408.2500915527344,188651,408.2449951171875
2026-05-12 15:10:00-04:00,408.4700012207031,408.6000061035156,407.739990234375,408.2099914550781,269326,408.4700012207031
2026-05-12 15:15:00-04:00,408.135009765625,408.6300048828125,408.010009765625,408.4750061035156,219430,408.135009765625
2026-05-12 15:20:00-04:00,408.6300048828125,408.6400146484375,408.0799865722656,408.1426086425781,188814,408.6300048828125
2026-05-12 15:25:00-04:00,408.95001220703125,409.0799865722656,408.0,408.635009765625,702291,408.95001220703125
2026-05-12 15:30:00-04:00,408.639892578125,408.9700012207031,408.25,408.96990966796875,198904,408.639892578125
2026-05-12 15:35:00-04:00,408.2250061035156,408.70001220703125,408.20001220703125,408.6199951171875,306057,408.2250061035156
2026-05-12 15:40:00-04:00,407.8999938964844,408.2200012207031,407.3699951171875,408.2200012207031,266992,407.8999938964844
2026-05-12 15:45:00-04:00,408.3349914550781,408.5067138671875,407.70001220703125,407.9100036621094,401486,408.3349914550781
2026-05-12 15:50:00-04:00,407.55999755859375,408.5899963378906,407.1600036621094,408.3500061035156,710161,407.55999755859375
2026-05-12 15:55:00-04:00,407.760009765625,407.8599853515625,407.2300109863281,407.5799865722656,1414710,407.760009765625
2026-05-13 09:30:00-04:00,403.8550109863281,404.7760009765625,401.54998779296875,402.9700012207031,1944209,403.8550109863281
2026-05-13 09:35:00-04:00,401.67498779296875,404.2749938964844,401.2799987792969,403.8900146484375,792367,401.67498779296875
2026-05-13 09:40:00-04:00,402.29998779296875,402.9700012207031,401.0299987792969,401.69000244140625,601593,402.29998779296875
2026-05-13 09:45:00-04:00,401.9142150878906,402.3500061035156,401.1499938964844,402.2900085449219,426757,401.9142150878906
2026-05-13 09:50:00-04:00,402.80499267578125,402.8800048828125,401.5899963378906,401.9849853515625,287704,402.80499267578125
2026-05-13 09:55:00-04:00,402.7349853515625,402.95001220703125,402.0,402.8800048828125,277164,402.7349853515625
2026-05-13 10:00:00-04:00,402.82000732421875,403.0,402.239990234375,402.79998779296875,418371,402.82000732421875
2026-05-13 10:05:00-04:00,403.4150085449219,403.8599853515625,402.54998779296875,402.7300109863281,315190,403.4150085449219
2026-05-13 10:10:00-04:00,404.32000732421875,404.44000244140625,403.2300109863281,403.42999267578125,235945,404.32000732421875
2026-05-13 10:15:00-04:00,403.4200134277344,404.45001220703125,403.3399963378906,404.05499267578125,242065,403.4200134277344
2026-05-13 10:20:00-04:00,403.9049987792969,404.0,403.29998779296875,403.3999938964844,197066,403.9049987792969
2026-05-13 10:25:00-04:00,403.0400085449219,404.3900146484375,403.0400085449219,403.8999938964844,240719,403.0400085449219
2026-05-13 10:30:00-04:00,403.17999267578125,403.25,402.8800048828125,403.1199951171875,251747,403.17999267578125
2026-05-13 10:35:00-04:00,402.3301086425781,403.239990234375,402.04998779296875,403.17999267578125,403999,402.3301086425781
2026-05-13 10:40:00-04:00,402.5799865722656,402.7698974609375,402.04998779296875,402.364990234375,347996,402.5799865722656
2026-05-13 10:45:00-04:00,402.4150085449219,402.79998779296875,402.1199951171875,402.55499267578125,449883,402.4150085449219
2026-05-13 10:50:00-04:00,403.0928955078125,403.17999267578125,402.1499938964844,402.4200134277344,272937,403.0928955078125
2026-05-13 10:55:00-04:00,403.0610046386719,403.3299865722656,402.989990234375,403.0400085449219,242164,403.0610046386719
2026-05-13 11:00:00-04:00,403.510009765625,403.8699035644531,402.9200134277344,403.07501220703125,302158,403.510009765625
2026-05-13 11:05:00-04:00,403.6050109863281,403.6050109863281,403.0199890136719,403.55499267578125,205958,403.6050109863281
2026-05-13 11:10:00-04:00,404.07000732421875,404.239990234375,403.510009765625,403.6050109863281,283459,404.07000732421875
2026-05-13 11:15:00-04:00,403.3487854003906,404.125,403.2200012207031,404.1221923828125,198962,403.3487854003906
2026-05-13 11:20:00-04:00,403.2149963378906,403.5799865722656,403.1700134277344,403.375,194811,403.2149963378906
2026-05-13 11:25:00-04:00,403.2900085449219,403.57000732421875,402.8399963378906,403.20001220703125,197851,403.2900085449219
2026-05-13 11:30:00-04:00,404.1400146484375,404.3500061035156,403.0199890136719,403.2699890136719,191435,404.1400146484375
2026-05-13 11:35:00-04:00,404.5,404.6499938964844,404.0,404.1400146484375,210113,404.5
2026-05-13 11:40:00-04:00,405.0799865722656,405.1700134277344,404.360107421875,404.55999755859375,297658,405.0799865722656
2026-05-13 11:45:00-04:00,404.5799865722656,405.1499938964844,404.4800109863281,405.0851135253906,280854,404.5799865722656
2026-05-13 11:50:00-04:00,404.6099853515625,404.7200012207031,404.0201110839844,404.5849914550781,196867,404.6099853515625
2026-05-13 11:55:00-04:00,404.2799987792969,404.9200134277344,404.1700134277344,404.6199951171875,196190,404.2799987792969
2026-05-13 12:00:00-04:00,404.8299865722656,405.0,404.0799865722656,404.2799987792969,150062,404.8299865722656
2026-05-13 12:05:00-04:00,404.9200134277344,405.1499938964844,404.5199890136719,404.79998779296875,157079,404.9200134277344
2026-05-13 12:10:00-04:00,405.25,405.3500061035156,404.70001220703125,404.92999267578125,187857,405.25
2026-05-13 12:15:00-04:00,404.94989013671875,405.4700012207031,404.80010986328125,405.239990234375,159622,404.94989013671875
2026-05-13 12:20:00-04:00,405.6700134277344,405.7699890136719,404.85009765625,404.85009765625,142104,405.6700134277344
2026-05-13 12:25:00-04:00,405.6549987792969,405.8599853515625,405.4700012207031,405.6400146484375,207786,405.6549987792969
2026-05-13 12:30:00-04:00,406.005615234375,406.1499938964844,405.44000244140625,405.6300048828125,191523,406.005615234375
2026-05-13 12:35:00-04:00,405.9700012207031,406.17999267578125,405.510009765625,406.005615234375,155411,405.9700012207031
2026-05-13 12:40:00-04:00,405.6600036621094,406.1799011230469,405.6199951171875,406.0400085449219,89281,405.6600036621094
2026-05-13 12:45:00-04:00,405.8854064941406,406.30999755859375,405.6315002441406,405.6315002441406,141241,405.8854064941406
2026-05-13 12:50:00-04:00,405.25,405.92999267578125,405.25,405.8900146484375,142897,405.25
2026-05-13 12:55:00-04:00,405.7149963378906,406.010009765625,405.2200012207031,405.2699890136719,137470,405.7149963378906
2026-05-13 13:00:00-04:00,405.6300048828125,405.96990966796875,405.55999755859375,405.7149963378906,100341,405.6300048828125
2026-05-13 13:05:00-04:00,405.2300109863281,405.79998779296875,405.0350036621094,405.625,213708,405.2300109863281
2026-05-13 13:10:00-04:00,404.9721984863281,405.3699951171875,404.7699890136719,405.22698974609375,171362,404.9721984863281
2026-05-13 13:15:00-04:00,404.8999938964844,405.04998779296875,404.6499938964844,405.0050048828125,136980,404.8999938964844
2026-05-13 13:20:00-04:00,404.2449951171875,404.9299011230469,404.1600036621094,404.9150085449219,196696,404.2449951171875
2026-05-13 13:25:00-04:00,404.09429931640625,404.3999938964844,404.0199890136719,404.2449951171875,120116,404.09429931640625
2026-05-13 13:30:00-04:00,404.0000915527344,404.239990234375,403.79998779296875,404.0849914550781,201738,404.0000915527344
2026-05-13 13:35:00-04:00,403.8085021972656,404.1700134277344,403.7099914550781,404.0350036621094,127336,403.8085021972656
2026-05-13 13:40:00-04:00,404.302490234375,404.3500061035156,403.7799987792969,403.81500244140625,174560,404.302490234375
2026-05-13 13:45:00-04:00,404.3349914550781,404.4599914550781,404.1300048828125,404.32501220703125,148764,404.3349914550781
2026-05-13 13:50:00-04:00,404.0249938964844,404.4599914550781,403.989990234375,404.3800048828125,104016,404.0249938964844
2026-05-13 13:55:00-04:00,403.875,404.2200012207031,403.8299865722656,404.0299987792969,97803,403.875
2026-05-13 14:00:00-04:00,403.989990234375,404.1600036621094,403.79998779296875,403.8699951171875,119958,403.989990234375
2026-05-13 14:05:00-04:00,404.2900085449219,404.3800048828125,403.8800048828125,403.99139404296875,178385,404.2900085449219
2026-05-13 14:10:00-04:00,404.5249938964844,404.6099853515625,404.20001220703125,404.2799987792969,146088,404.5249938964844
2026-05-13 14:15:00-04:00,404.7001037597656,404.989990234375,404.4800109863281,404.5,210217,404.7001037597656
2026-05-13 14:20:00-04:00,404.9599914550781,405.25,404.70001220703125,404.760009765625,213838,404.9599914550781
2026-05-13 14:25:00-04:00,405.3500061035156,405.3500061035156,404.79998779296875,404.8900146484375,160680,405.3500061035156
2026-05-13 14:30:00-04:00,405.5450134277344,405.55999755859375,405.1191101074219,405.3299865722656,187236,405.5450134277344
2026-05-13 14:35:00-04:00,405.6062927246094,405.7799987792969,405.1600036621094,405.57989501953125,283920,405.6062927246094
2026-05-13 14:40:00-04:00,405.4549865722656,406.1700134277344,405.42010498046875,405.6600036621094,224529,405.4549865722656
2026-05-13 14:45:00-04:00,405.0799865722656,405.79998779296875,405.0299987792969,405.4549865722656,217291,405.0799865722656
2026-05-13 14:50:00-04:00,405.3349914550781,405.4599914550781,404.8999938964844,405.0799865722656,273160,405.3349914550781
2026-05-13 14:55:00-04:00,405.0249938964844,405.6700134277344,404.92999267578125,405.32000732421875,200548,405.0249938964844
2026-05-13 15:00:00-04:00,405.1000061035156,405.3099060058594,404.9100036621094,405.0249938964844,177327,405.1000061035156
2026-05-13 15:05:00-04:00,405.4184875488281,405.42999267578125,405.0400085449219,405.135009765625,177802,405.4184875488281
2026-05-13 15:10:00-04:00,405.29998779296875,405.42999267578125,405.010009765625,405.3800048828125,200305,405.29998779296875
2026-05-13 15:15:00-04:00,405.42999267578125,405.6700134277344,405.2300109863281,405.30999755859375,221700,405.42999267578125
2026-05-13 15:20:00-04:00,404.6199951171875,405.4649963378906,404.5899963378906,405.4599914550781,233001,404.6199951171875
2026-05-13 15:25:00-04:00,404.6000061035156,404.8999938964844,404.4100036621094,404.6199951171875,205541,404.6000061035156
2026-05-13 15:30:00-04:00,404.5899963378906,404.70001220703125,404.30999755859375,404.6099853515625,437173,404.5899963378906
2026-05-13 15:35:00-04:00,405.20001220703125,405.3999938964844,404.55999755859375,404.5899963378906,240259,405.20001220703125
2026-05-13 15:40:00-04:00,405.3900146484375,405.89849853515625,405.04998779296875,405.19000244140625,223338,405.3900146484375
2026-05-13 15:45:00-04:00,405.239990234375,405.552490234375,405.05499267578125,405.3804016113281,257850,405.239990234375
2026-05-13 15:50:00-04:00,405.010009765625,405.29998779296875,404.760009765625,405.260009765625,411869,405.010009765625
2026-05-13 15:55:00-04:00,405.1199951171875,405.239990234375,404.82000732421875,405.04998779296875,874512,405.1199951171875
2026-05-14 09:30:00-04:00,404.1449890136719,405.57000732421875,403.510009765625,404.4800109863281,1496065,404.1449890136719
2026-05-14 09:35:00-04:00,401.989990234375,404.2174987792969,401.70001220703125,404.2174987792969,645179,401.989990234375
2026-05-14 09:40:00-04:00,402.67999267578125,402.8800048828125,400.8800048828125,401.9621887207031,606103,402.67999267578125
2026-05-14 09:45:00-04:00,402.7200012207031,403.1600036621094,402.2699890136719,402.6650085449219,503438,402.7200012207031
2026-05-14 09:50:00-04:00,404.0050048828125,404.31988525390625,402.6099853515625,402.7019958496094,419756,404.0050048828125
2026-05-14 09:55:00-04:00,402.9599914550781,403.9800109863281,402.79998779296875,403.9800109863281,288029,402.9599914550781
2026-05-14 10:00:00-04:00,403.7651062011719,404.0899963378906,402.8092956542969,402.94000244140625,256134,403.7651062011719
2026-05-14 10:05:00-04:00,405.1400146484375,405.3299865722656,403.6000061035156,403.79998779296875,293586,405.1400146484375
2026-05-14 10:10:00-04:00,404.84759521484375,405.25,403.85009765625,405.0799865722656,330442,404.84759521484375
2026-05-14 10:15:00-04:00,405.9455871582031,405.9800109863281,404.6600036621094,404.8201904296875,456408,405.9455871582031
2026-05-14 10:20:00-04:00,408.3299865722656,408.44000244140625,405.54998779296875,405.96990966796875,606873,408.3299865722656
2026-05-14 10:25:00-04:00,408.8594970703125,408.9761047363281,407.9200134277344,408.32000732421875,469067,408.8594970703125
2026-05-14 10:30:00-04:00,407.364990234375,409.3500061035156,407.1300048828125,408.8399963378906,499594,407.364990234375
2026-05-14 10:35:00-04:00,407.5199890136719,407.89898681640625,406.8999938964844,407.3999938964844,256245,407.5199890136719
2026-05-14 10:40:00-04:00,408.2200012207031,408.54998779296875,407.55999755859375,407.5899963378906,266546,408.2200012207031
2026-05-14 10:45:00-04:00,409.42999267578125,409.57501220703125,407.8699951171875,408.17999267578125,378140,409.42999267578125
2026-05-14 10:50:00-04:00,410.1199951171875,410.28399658203125,409.04998779296875,409.3900146484375,381682,410.1199951171875
2026-05-14 10:55:00-04:00,409.5150146484375,410.2300109863281,409.260009765625,410.1300048828125,270096,409.5150146484375
2026-05-14 11:00:00-04:00,410.2099914550781,410.29998779296875,409.2721862792969,409.5199890136719,264660,410.2099914550781
2026-05-14 11:05:00-04:00,410.42999267578125,410.7090148925781,409.6300048828125,410.1700134277344,363570,410.42999267578125
2026-05-14 11:10:00-04:00,410.875,411.2300109863281,410.2401123046875,410.42999267578125,308219,410.875
2026-05-14 11:15:00-04:00,411.0997009277344,411.64599609375,410.8599853515625,410.875,339461,411.0997009277344
2026-05-14 11:20:00-04:00,410.9200134277344,411.1549987792969,410.6000061035156,411.0849914550781,256992,410.9200134277344
2026-05-14 11:25:00-04:00,411.385009765625,411.4453125,410.7099914550781,410.9527893066406,261523,411.385009765625
2026-05-14 11:30:00-04:00,411.25689697265625,411.8349914550781,411.19000244140625,411.3599853515625,266223,411.25689697265625
2026-05-14 11:35:00-04:00,409.6199951171875,411.2550048828125,409.6000061035156,411.2550048828125,263385,409.6199951171875
2026-05-14 11:40:00-04:00,409.5950012207031,409.7781066894531,409.0799865722656,409.6000061035156,285227,409.5950012207031
2026-05-14 11:45:00-04:00,409.2650146484375,409.6499938964844,409.0799865722656,409.5400085449219,189892,409.2650146484375
2026-05-14 11:50:00-04:00,409.15509033203125,409.419189453125,408.8999938964844,409.25390625,215770,409.15509033203125
2026-05-14 11:55:00-04:00,408.95001220703125,409.489990234375,408.95001220703125,409.1549987792969,213386,408.95001220703125
2026-05-14 12:00:00-04:00,409.05999755859375,409.4700012207031,408.9700012207031,408.9800109863281,188223,409.05999755859375
2026-05-14 12:05:00-04:00,409.04150390625,409.44000244140625,408.9200134277344,409.0299987792969,180062,409.04150390625
2026-05-14 12:10:00-04:00,407.8299865722656,409.0299987792969,407.80999755859375,409.0199890136719,228007,407.8299865722656
2026-05-14 12:15:00-04:00,407.7699890136719,407.989990234375,407.5,407.8299865722656,182130,407.7699890136719
2026-05-14 12:20:00-04:00,407.41009521484375,408.2900085449219,407.41009521484375,407.7699890136719,197119,407.41009521484375
2026-05-14 12:25:00-04:00,407.7250061035156,407.7502136230469,407.25,407.4800109863281,154354,407.7250061035156
2026-05-14 12:30:00-04:00,407.70001220703125,407.8299865722656,407.30999755859375,407.7250061035156,152743,407.70001220703125
2026-05-14 12:35:00-04:00,408.681396484375,408.681396484375,407.6199951171875,407.6300048828125,135230,408.681396484375
2026-05-14 12:40:00-04:00,408.489990234375,408.7099914550781,408.32000732421875,408.6300048828125,140971,408.489990234375
2026-05-14 12:45:00-04:00,408.20001220703125,408.7699890136719,407.94000244140625,408.4700012207031,145107,408.20001220703125
2026-05-14 12:50:00-04:00,407.5450134277344,408.3500061035156,407.5,408.239990234375,157673,407.5450134277344
2026-05-14 12:55:00-04:00,408.0,408.0450134277344,407.29998779296875,407.5799865722656,117339,408.0
2026-05-14 13:00:00-04:00,408.0849914550781,408.39990234375,407.8699951171875,407.989990234375,119997,408.0849914550781
2026-05-14 13:05:00-04:00,408.2049865722656,408.364990234375,407.8699951171875,408.1099853515625,90985,408.2049865722656
2026-05-14 13:10:00-04:00,408.5899963378906,408.6199951171875,407.8699951171875,408.2200012207031,154188,408.5899963378906
2026-05-14 13:15:00-04:00,408.44000244140625,408.6300048828125,408.17999267578125,408.5899963378906,144605,408.44000244140625
2026-05-14 13:20:00-04:00,408.57000732421875,408.94000244140625,408.2699890136719,408.4800109863281,135041,408.57000732421875
2026-05-14 13:25:00-04:00,409.07989501953125,409.07989501953125,408.42999267578125,408.5400085449219,378160,409.07989501953125
2026-05-14 13:30:00-04:00,408.55999755859375,409.32989501953125,408.489990234375,409.04998779296875,133450,408.55999755859375
2026-05-14 13:35:00-04:00,409.3399963378906,409.3999938964844,408.25,408.6099853515625,164783,409.3399963378906
2026-05-14 13:40:00-04:00,408.9649963378906,409.4881896972656,408.79998779296875,409.3399963378906,1140927,408.9649963378906
2026-05-14 13:45:00-04:00,409.19000244140625,409.2950134277344,408.8999938964844,409.0498962402344,1114199,409.19000244140625
2026-05-14 13:50:00-04:00,409.2701110839844,409.42999267578125,409.1000061035156,409.19000244140625,111135,409.2701110839844
2026-05-14 13:55:00-04:00,409.7900085449219,409.8500061035156,409.2301025390625,409.29998779296875,197192,409.7900085449219
2026-05-14 14:00:00-04:00,409.3299865722656,409.8299865722656,409.01348876953125,409.739990234375,0,409.3299865722656
2026-05-14 14:05:00-04:00,409.69000244140625,409.760009765625,409.3299865722656,409.3800048828125,133424,409.69000244140625
2026-05-14 14:10:00-04:00,409.489990234375,409.7799987792969,409.3599853515625,409.69000244140625,145248,409.489990234375
2026-05-14 14:15:00-04:00,409.635009765625,409.69000244140625,409.20001220703125,409.489990234375,105007,409.635009765625
2026-05-14 14:20:00-04:00,409.8900146484375,409.9198913574219,409.3699951171875,409.6000061035156,84598,409.8900146484375
2026-05-14 14:25:00-04:00,409.1700134277344,409.95001220703125,409.0199890136719,409.83489990234375,99067,409.1700134277344
2026-05-14 14:30:00-04:00,408.8500061035156,409.5,408.79998779296875,409.17999267578125,113872,408.8500061035156
2026-05-14 14:35:00-04:00,409.0115051269531,409.04998779296875,408.68011474609375,408.8399963378906,102564,409.0115051269531
2026-05-14 14:40:00-04:00,408.70001220703125,409.0400085449219,408.70001220703125,409.0199890136719,69535,408.70001220703125
2026-05-14 14:45:00-04:00,408.82501220703125,408.8699951171875,408.5610046386719,408.7349853515625,91122,408.82501220703125
2026-05-14 14:50:00-04:00,408.8450012207031,408.9690856933594,408.5,408.8800048828125,119823,408.8450012207031
2026-05-14 14:55:00-04:00,408.9200134277344,409.17999267578125,408.7300109863281,408.8550109863281,106657,408.9200134277344
2026-05-14 15:00:00-04:00,409.57000732421875,409.67999267578125,408.9200134277344,408.95001220703125,135766,409.57000732421875
2026-05-14 15:05:00-04:00,409.5350036621094,409.69989013671875,409.489990234375,409.614990234375,101822,409.5350036621094
2026-05-14 15:10:00-04:00,409.5,409.7799987792969,409.29998779296875,409.6000061035156,120127,409.5
2026-05-14 15:15:00-04:00,409.5799865722656,409.760009765625,409.4800109863281,409.5199890136719,105999,409.5799865722656
2026-05-14 15:20:00-04:00,409.5799865722656,409.80999755859375,409.4599914550781,409.5799865722656,121671,409.5799865722656
2026-05-14 15:25:00-04:00,408.9700012207031,409.6000061035156,408.9200134277344,409.5199890136719,148913,408.9700012207031
2026-05-14 15:30:00-04:00,409.3399963378906,409.3599853515625,408.92999267578125,408.9700012207031,136919,409.3399963378906
2026-05-14 15:35:00-04:00,409.30999755859375,409.6787109375,409.17999267578125,409.3399963378906,165038,409.30999755859375
2026-05-14 15:40:00-04:00,409.3500061035156,409.5400085449219,409.19000244140625,409.32000732421875,158441,409.3500061035156
2026-05-14 15:45:00-04:00,409.3500061035156,409.4100036621094,409.04998779296875,409.3299865722656,134343,409.3500061035156
2026-05-14 15:50:00-04:00,409.42999267578125,409.5350036621094,409.0199890136719,409.2900085449219,260794,409.42999267578125
2026-05-14 15:55:00-04:00,409.4700012207031,409.6300048828125,409.05999755859375,409.4599914550781,967682,409.4700012207031
2026-05-15 09:30:00-04:00,415.1400146484375,415.989990234375,412.9200134277344,414.4100036621094,4399062,415.1400146484375
2026-05-15 09:35:00-04:00,417.6604919433594,418.17999267578125,414.2300109863281,415.1400146484375,1245924,417.6604919433594
2026-05-15 09:40:00-04:00,415.1300048828125,418.260009765625,415.04998779296875,417.71258544921875,725081,415.1300048828125
2026-05-15 09:45:00-04:00,414.5,415.6698913574219,413.5199890136719,415.19000244140625,561589,414.5
2026-05-15 09:50:00-04:00,416.1199951171875,416.1199951171875,413.75,414.6099853515625,421850,416.1199951171875
2026-05-15 09:55:00-04:00,415.31500244140625,416.5,415.1199951171875,416.0802917480469,457078,415.31500244140625
2026-05-15 10:00:00-04:00,417.0350036621094,417.29998779296875,415.3599853515625,415.4949951171875,503891,417.0350036621094
2026-05-15 10:05:00-04:00,417.93499755859375,418.0,416.260009765625,417.0,0,417.93499755859375
2026-05-15 10:10:00-04:00,416.69500732421875,418.2300109863281,416.05999755859375,417.9800109863281,9726692,416.69500732421875
2026-05-15 10:15:00-04:00,416.3949890136719,417.42999267578125,416.3299865722656,416.6798095703125,353973,416.3949890136719
2026-05-15 10:20:00-04:00,418.1400146484375,419.0,416.2001037597656,416.3900146484375,767519,418.1400146484375
2026-05-15 10:25:00-04:00,418.4700012207031,419.05999755859375,417.9200134277344,418.17999267578125,514977,418.4700012207031
2026-05-15 10:30:00-04:00,420.6199951171875,420.8599853515625,418.4700012207031,418.4700012207031,1444318,420.6199951171875
2026-05-15 10:35:00-04:00,421.70001220703125,422.8389892578125,420.3299865722656,420.625,1081844,421.70001220703125
2026-05-15 10:40:00-04:00,423.9800109863281,424.0,421.57000732421875,421.706787109375,1303470,423.9800109863281
2026-05-15 10:45:00-04:00,422.19000244140625,424.1300048828125,421.7909851074219,424.0,1319651,422.19000244140625
2026-05-15 10:50:00-04:00,425.6400146484375,425.760009765625,421.9700012207031,422.17999267578125,1087012,425.6400146484375
2026-05-15 10:55:00-04:00,424.44000244140625,426.31988525390625,424.260009765625,425.5902099609375,983673,424.44000244140625
2026-05-15 11:00:00-04:00,424.54998779296875,424.6700134277344,423.4783020019531,424.44000244140625,657549,424.54998779296875
2026-05-15 11:05:00-04:00,424.4200134277344,424.95001220703125,423.94000244140625,424.55999755859375,0,424.4200134277344
2026-05-15 11:10:00-04:00,423.2900085449219,425.04998779296875,422.7500915527344,424.29998779296875,20138013,423.2900085449219
2026-05-15 11:15:00-04:00,424.1661071777344,424.1661071777344,423.0799865722656,423.239990234375,315823,424.1661071777344
2026-05-15 11:20:00-04:00,424.0199890136719,424.7300109863281,423.7601013183594,424.17999267578125,382738,424.0199890136719
2026-05-15 11:25:00-04:00,423.3699951171875,424.44500732421875,423.2049865722656,424.0899963378906,311368,423.3699951171875
2026-05-15 11:30:00-04:00,422.2699890136719,423.6700134277344,422.19000244140625,423.3599853515625,356583,422.2699890136719
2026-05-15 11:35:00-04:00,421.5199890136719,422.94000244140625,421.489990234375,422.2699890136719,311916,421.5199890136719
2026-05-15 11:40:00-04:00,420.9700012207031,422.3599853515625,420.8399963378906,421.57501220703125,258810,420.9700012207031
2026-05-15 11:45:00-04:00,421.04998779296875,421.45001220703125,420.7101135253906,420.9700012207031,287472,421.04998779296875
2026-05-15 11:50:00-04:00,421.0299987792969,421.0888977050781,420.510009765625,421.05999755859375,329484,421.0299987792969
2026-05-15 11:55:00-04:00,421.7699890136719,421.8299865722656,420.7699890136719,421.0400085449219,299796,421.7699890136719
2026-05-15 12:00:00-04:00,422.4049987792969,422.7300109863281,421.7699890136719,421.7699890136719,344611,422.4049987792969
2026-05-15 12:05:00-04:00,423.30499267578125,423.30499267578125,422.1499938964844,422.3949890136719,292045,423.30499267578125
2026-05-15 12:10:00-04:00,423.82000732421875,424.0,423.0,423.32000732421875,911281,423.82000732421875
2026-05-15 12:15:00-04:00,424.20001220703125,424.32000732421875,423.3399963378906,423.82000732421875,309195,424.20001220703125
2026-05-15 12:20:00-04:00,425.6199951171875,426.0,424.0,424.19000244140625,681060,425.6199951171875
2026-05-15 12:25:00-04:00,426.0400085449219,426.44000244140625,425.6000061035156,426.2200012207031,519025,426.0400085449219
2026-05-15 12:30:00-04:00,425.69500732421875,426.30999755859375,425.45001220703125,425.9800109863281,279559,425.69500732421875
2026-05-15 12:35:00-04:00,424.8699951171875,425.9800109863281,424.75,425.70001220703125,315584,424.8699951171875
2026-05-15 12:40:00-04:00,423.92999267578125,424.8800048828125,423.7601013183594,424.8799133300781,279965,423.92999267578125
2026-05-15 12:45:00-04:00,424.6499938964844,425.0899963378906,423.9200134277344,423.9549865722656,304512,424.6499938964844
2026-05-15 12:50:00-04:00,424.04998779296875,424.909912109375,423.7699890136719,424.69000244140625,228248,424.04998779296875
2026-05-15 12:55:00-04:00,424.94000244140625,425.0,423.94000244140625,423.94000244140625,183916,424.94000244140625
2026-05-15 13:00:00-04:00,424.1449890136719,424.7799987792969,424.1199951171875,424.4800109863281,159826,424.1449890136719
2026-05-15 13:05:00-04:00,424.5899963378906,424.6199951171875,423.8100891113281,424.19000244140625,139385,424.5899963378906
2026-05-15 13:10:00-04:00,424.95001220703125,425.0,424.5400085449219,424.6084899902344,164382,424.95001220703125
2026-05-15 13:15:00-04:00,425.0799865722656,425.09991455078125,424.5400085449219,424.91009521484375,173706,425.0799865722656
2026-05-15 13:20:00-04:00,426.04998779296875,426.1199951171875,425.0199890136719,425.0799865722656,366010,426.04998779296875
2026-05-15 13:25:00-04:00,425.9599914550781,426.3599853515625,425.5899963378906,426.05999755859375,275029,425.9599914550781
2026-05-15 13:30:00-04:00,427.5950012207031,427.6400146484375,425.9200134277344,425.989990234375,627179,427.5950012207031
2026-05-15 13:35:00-04:00,426.8500061035156,427.7699890136719,426.6099853515625,427.5950012207031,333364,426.8500061035156
2026-05-15 13:40:00-04:00,427.29998779296875,427.45001220703125,426.4525146484375,426.8699951171875,341875,427.29998779296875
2026-05-15 13:45:00-04:00,427.8399963378906,428.1600036621094,427.1199951171875,427.29998779296875,502555,427.8399963378906
2026-05-15 13:50:00-04:00,427.7900085449219,428.0799865722656,427.55999755859375,427.8699951171875,356924,427.7900085449219
2026-05-15 13:55:00-04:00,427.82501220703125,428.1600036621094,427.29010009765625,427.7850036621094,328359,427.82501220703125
2026-05-15 14:00:00-04:00,427.5899963378906,428.1000061035156,427.3500061035156,427.7900085449219,402317,427.5899963378906
2026-05-15 14:05:00-04:00,427.05499267578125,427.75,427.0201110839844,427.57000732421875,221896,427.05499267578125
2026-05-15 14:10:00-04:00,427.07000732421875,427.29998779296875,426.6332092285156,427.05499267578125,295231,427.07000732421875
2026-05-15 14:15:00-04:00,425.9649963378906,427.2300109863281,425.9100036621094,427.0899963378906,242244,425.9649963378906
2026-05-15 14:20:00-04:00,426.4750061035156,426.489990234375,425.7300109863281,425.9599914550781,270289,426.4750061035156
2026-05-15 14:25:00-04:00,425.9049987792969,426.6499938964844,425.8100891113281,426.44000244140625,251492,425.9049987792969
2026-05-15 14:30:00-04:00,425.46990966796875,426.0400085449219,425.05999755859375,425.92999267578125,265106,425.46990966796875
2026-05-15 14:35:00-04:00,426.1075134277344,426.1400146484375,425.4100036621094,425.4599914550781,182492,426.1075134277344
2026-05-15 14:40:00-04:00,426.1499938964844,426.4100036621094,425.8299865722656,426.1199951171875,197468,426.1499938964844
2026-05-15 14:45:00-04:00,425.8599853515625,426.2300109863281,425.70001220703125,426.1317138671875,202668,425.8599853515625
2026-05-15 14:50:00-04:00,425.6199951171875,425.9200134277344,425.1600036621094,425.8399963378906,206397,425.6199951171875
2026-05-15 14:55:00-04:00,424.70001220703125,425.739990234375,424.5007019042969,425.6000061035156,273251,424.70001220703125
2026-05-15 15:00:00-04:00,424.5799865722656,425.0199890136719,424.57000732421875,424.70001220703125,203901,424.5799865722656
2026-05-15 15:05:00-04:00,425.04998779296875,425.1499938964844,424.45001220703125,424.5799865722656,259140,425.04998779296875
2026-05-15 15:10:00-04:00,424.4700012207031,425.0899963378906,424.260009765625,425.05499267578125,217815,424.4700012207031
2026-05-15 15:15:00-04:00,423.9200134277344,424.4700012207031,423.8800048828125,424.45001220703125,268073,423.9200134277344
2026-05-15 15:20:00-04:00,424.2300109863281,424.6000061035156,423.8800964355469,423.9649963378906,278589,424.2300109863281
2026-05-15 15:25:00-04:00,423.9148864746094,424.5799865722656,423.760009765625,424.1900939941406,348862,423.9148864746094
2026-05-15 15:30:00-04:00,423.93499755859375,424.3799133300781,423.4949951171875,423.8949890136719,366571,423.93499755859375
2026-05-15 15:35:00-04:00,424.7701110839844,424.82000732421875,423.860107421875,423.9375,326844,424.7701110839844
2026-05-15 15:40:00-04:00,423.8399963378906,424.8999938964844,423.70001220703125,424.7799987792969,374479,423.8399963378906
2026-05-15 15:45:00-04:00,422.9800109863281,424.0599060058594,422.8599853515625,423.8399963378906,496538,422.9800109863281
2026-05-15 15:50:00-04:00,421.3900146484375,423.0,421.07000732421875,422.9700012207031,1080932,421.3900146484375
2026-05-15 15:55:00-04:00,422.0400085449219,422.1000061035156,420.3800048828125,421.3800048828125,2418322,422.0400085449219
2026-05-18 09:30:00-04:00,416.7900085449219,421.25,415.6099853515625,416.10198974609375,2344532,416.7900085449219
2026-05-18 09:35:00-04:00,419.18499755859375,419.7499084472656,416.5199890136719,416.7850036621094,572441,419.18499755859375
2026-05-18 09:40:00-04:00,419.760009765625,420.5,418.885009765625,419.1700134277344,526922,419.760009765625
2026-05-18 09:45:00-04:00,421.376708984375,422.2510070800781,419.07000732421875,419.760009765625,550669,421.376708984375
2026-05-18 09:50:00-04:00,422.3999938964844,423.0,420.67999267578125,421.3599853515625,465597,422.3999938964844
2026-05-18 09:55:00-04:00,422.760009765625,422.8999938964844,421.67999267578125,422.3140869140625,383983,422.760009765625
2026-05-18 10:00:00-04:00,422.4100036621094,422.9599914550781,421.4036865234375,422.7300109863281,371627,422.4100036621094
2026-05-18 10:05:00-04:00,421.7300109863281,422.7300109863281,421.1543884277344,422.4200134277344,348847,421.7300109863281
2026-05-18 10:10:00-04:00,422.8699035644531,423.70001220703125,421.5299987792969,421.7449951171875,471020,422.8699035644531
2026-05-18 10:15:00-04:00,423.93499755859375,424.010009765625,422.55999755859375,422.82501220703125,342968,423.93499755859375
2026-05-18 10:20:00-04:00,422.41949462890625,424.1600036621094,422.0799865722656,423.95001220703125,351270,422.41949462890625
2026-05-18 10:25:00-04:00,421.8949890136719,422.6499938964844,421.3299865722656,422.3944091796875,320150,421.8949890136719
2026-05-18 10:30:00-04:00,420.5050048828125,422.1400146484375,420.2193908691406,421.885009765625,349664,420.5050048828125
2026-05-18 10:35:00-04:00,421.0950012207031,421.42999267578125,419.1000061035156,420.510009765625,501230,421.0950012207031
2026-05-18 10:40:00-04:00,422.2099914550781,422.29998779296875,420.3900146484375,421.05999755859375,293674,422.2099914550781
2026-05-18 10:45:00-04:00,420.1000061035156,422.29998779296875,420.04998779296875,422.1221923828125,309377,420.1000061035156
2026-05-18 10:50:00-04:00,419.3999938964844,420.4360046386719,419.3999938964844,420.04998779296875,305189,419.3999938964844
2026-05-18 10:55:00-04:00,419.1000061035156,419.739990234375,418.94500732421875,419.4100036621094,236207,419.1000061035156
2026-05-18 11:00:00-04:00,418.2699890136719,419.3699951171875,417.8999938964844,419.1000061035156,412092,418.2699890136719
2026-05-18 11:05:00-04:00,418.6300964355469,418.9200134277344,418.08770751953125,418.2200012207031,195611,418.6300964355469
2026-05-18 11:10:00-04:00,418.0899963378906,418.7799987792969,417.8500061035156,418.70001220703125,250633,418.0899963378906
2026-05-18 11:15:00-04:00,417.20001220703125,418.260009765625,417.0,418.010009765625,840077,417.20001220703125
2026-05-18 11:20:00-04:00,417.375,418.0,417.07000732421875,417.2449951171875,279303,417.375
2026-05-18 11:25:00-04:00,417.6300048828125,418.20001220703125,417.3399963378906,417.3999938964844,232248,417.6300048828125
2026-05-18 11:30:00-04:00,417.8799133300781,417.95001220703125,417.1199951171875,417.625,217295,417.8799133300781
2026-05-18 11:35:00-04:00,418.0849914550781,418.3201904296875,417.6400146484375,417.8699951171875,153944,418.0849914550781
2026-05-18 11:40:00-04:00,417.239990234375,418.3900146484375,417.1400146484375,418.0799865722656,146225,417.239990234375
2026-05-18 11:45:00-04:00,417.8599853515625,418.2900085449219,417.1300048828125,417.4540100097656,182440,417.8599853515625
2026-05-18 11:50:00-04:00,418.5199890136719,418.6000061035156,417.29998779296875,417.94989013671875,180491,418.5199890136719
2026-05-18 11:55:00-04:00,418.6400146484375,418.67999267578125,417.864990234375,418.5299987792969,132867,418.6400146484375
2026-05-18 12:00:00-04:00,418.95001220703125,419.0498962402344,418.1300048828125,418.6700134277344,127603,418.95001220703125
2026-05-18 12:05:00-04:00,419.2099914550781,419.45001220703125,418.7900085449219,418.9200134277344,131024,419.2099914550781
2026-05-18 12:10:00-04:00,419.3500061035156,419.54998779296875,419.06939697265625,419.19000244140625,137352,419.3500061035156
2026-05-18 12:15:00-04:00,419.3334045410156,419.6400146484375,419.25,419.6099853515625,168143,419.3334045410156
2026-05-18 12:20:00-04:00,418.7961120605469,419.760009765625,418.67010498046875,419.364990234375,212658,418.7961120605469
2026-05-18 12:25:00-04:00,417.9200134277344,418.82989501953125,417.70001220703125,418.7749938964844,269265,417.9200134277344
2026-05-18 12:30:00-04:00,419.6400146484375,419.8399963378906,417.8999938964844,417.94000244140625,308445,419.6400146484375
2026-05-18 12:35:00-04:00,420.04998779296875,420.1776123046875,419.3399963378906,419.6099853515625,204533,420.04998779296875
2026-05-18 12:40:00-04:00,419.17498779296875,420.1700134277344,419.0443115234375,420.04998779296875,1115350,419.17498779296875
2026-05-18 12:45:00-04:00,420.06500244140625,420.0899963378906,419.072509765625,419.1650085449219,99601,420.06500244140625
2026-05-18 12:50:00-04:00,420.4017028808594,420.489990234375,419.9200134277344,420.07000732421875,134293,420.4017028808594
2026-05-18 12:55:00-04:00,420.4320068359375,421.2200012207031,420.3900146484375,420.3900146484375,328230,420.4320068359375
2026-05-18 13:00:00-04:00,421.04998779296875,421.2799987792969,420.07000732421875,420.3999938964844,160511,421.04998779296875
2026-05-18 13:05:00-04:00,421.5600891113281,421.8299865722656,420.7900085449219,420.989990234375,164958,421.5600891113281
2026-05-18 13:10:00-04:00,421.54998779296875,421.9999084472656,421.4599914550781,421.6050109863281,153794,421.54998779296875
2026-05-18 13:15:00-04:00,421.8999938964844,422.04998779296875,421.5,421.5447082519531,177653,421.8999938964844
2026-05-18 13:20:00-04:00,421.70001220703125,422.1099853515625,421.57000732421875,421.9100036621094,138982,421.70001220703125
2026-05-18 13:25:00-04:00,423.010009765625,423.0994873046875,421.57000732421875,421.66009521484375,207662,423.010009765625
2026-05-18 13:30:00-04:00,422.9150085449219,423.239990234375,422.4100036621094,422.93499755859375,239279,422.9150085449219
2026-05-18 13:35:00-04:00,423.489990234375,423.7699890136719,422.5799865722656,422.9200134277344,299400,423.489990234375
2026-05-18 13:40:00-04:00,424.2200012207031,424.32000732421875,423.0,423.5199890136719,334976,424.2200012207031
2026-05-18 13:45:00-04:00,424.2799987792969,424.6099853515625,423.7699890136719,424.1499938964844,272712,424.2799987792969
2026-05-18 13:50:00-04:00,424.42919921875,425.1099853515625,424.1400146484375,424.2850036621094,404585,424.42919921875
2026-05-18 13:55:00-04:00,424.3168029785156,424.70001220703125,423.79998779296875,424.3671875,208617,424.3168029785156
2026-05-18 14:00:00-04:00,423.6600036621094,424.6300048828125,423.2300109863281,424.3114929199219,211453,423.6600036621094
2026-05-18 14:05:00-04:00,423.7300109863281,424.07000732421875,423.4100036621094,423.6174011230469,197961,423.7300109863281
2026-05-18 14:10:00-04:00,423.20709228515625,423.8999938964844,423.20001220703125,423.6700134277344,645861,423.20709228515625
2026-05-18 14:15:00-04:00,423.2900085449219,423.5799865722656,422.82000732421875,423.19000244140625,606585,423.2900085449219
2026-05-18 14:20:00-04:00,423.8500061035156,423.989990234375,422.9700012207031,423.2900085449219,164844,423.8500061035156
2026-05-18 14:25:00-04:00,423.8299865722656,423.9649963378906,423.25,423.8599853515625,210134,423.8299865722656
2026-05-18 14:30:00-04:00,423.54180908203125,424.1400146484375,423.3550109863281,423.8599853515625,190708,423.54180908203125
2026-05-18 14:35:00-04:00,423.1400146484375,423.7550048828125,422.8999938964844,423.5249938964844,229238,423.1400146484375
2026-05-18 14:40:00-04:00,422.2300109863281,423.2200012207031,422.1400146484375,423.135009765625,282776,422.2300109863281
2026-05-18 14:45:00-04:00,422.2550048828125,422.8999938964844,422.1726989746094,422.2900085449219,183238,422.2550048828125
2026-05-18 14:50:00-04:00,421.5400085449219,422.4451904296875,421.5400085449219,422.2200012207031,189268,421.5400085449219
2026-05-18 14:55:00-04:00,421.0,421.510009765625,420.92010498046875,421.510009765625,201358,421.0
2026-05-18 15:00:00-04:00,423.07000732421875,423.7598876953125,421.0,421.0299987792969,362616,423.07000732421875
2026-05-18 15:05:00-04:00,422.9599914550781,423.406005859375,422.010009765625,423.05999755859375,197957,422.9599914550781
2026-05-18 15:10:00-04:00,422.614990234375,423.0249938964844,422.4599914550781,422.9800109863281,139263,422.614990234375
2026-05-18 15:15:00-04:00,422.3800048828125,422.6893005371094,422.3299865722656,422.614990234375,157916,422.3800048828125
2026-05-18 15:20:00-04:00,422.20001220703125,422.70001220703125,422.1700134277344,422.3800048828125,168444,422.20001220703125
2026-05-18 15:25:00-04:00,422.45001220703125,422.489990234375,421.5799865722656,422.17999267578125,235505,422.45001220703125
2026-05-18 15:30:00-04:00,422.7799987792969,422.9299011230469,422.1700134277344,422.4599914550781,182904,422.7799987792969
2026-05-18 15:35:00-04:00,423.1700134277344,423.3800048828125,422.7650146484375,422.80999755859375,161396,423.1700134277344
2026-05-18 15:40:00-04:00,422.3800048828125,423.4599914550781,422.0299987792969,423.1700134277344,337597,422.3800048828125
2026-05-18 15:45:00-04:00,422.8699951171875,422.93499755859375,421.9599914550781,422.3800048828125,313555,422.8699951171875
2026-05-18 15:50:00-04:00,422.5899963378906,423.47088623046875,422.0199890136719,422.80999755859375,546286,422.5899963378906
2026-05-18 15:55:00-04:00,423.6600036621094,423.6600036621094,422.3900146484375,422.5400085449219,1072349,423.6600036621094
2026-05-19 09:30:00-04:00,425.760009765625,432.70001220703125,425.2799987792969,432.2200012207031,3528718,425.760009765625
2026-05-19 09:35:00-04:00,425.42498779296875,426.4999084472656,424.11358642578125,425.760009765625,950026,425.42498779296875
2026-05-19 09:40:00-04:00,425.2550048828125,425.9100036621094,424.20001220703125,425.3500061035156,447616,425.2550048828125
2026-05-19 09:45:00-04:00,429.32000732421875,429.3500061035156,425.010009765625,425.30999755859375,783678,429.32000732421875
2026-05-19 09:50:00-04:00,430.3699951171875,430.95001220703125,428.8999938964844,429.3500061035156,902679,430.3699951171875
2026-05-19 09:55:00-04:00,429.5,430.6600036621094,428.7099914550781,430.38531494140625,648197,429.5
2026-05-19 10:00:00-04:00,428.2650146484375,429.739990234375,427.5,429.1499938964844,609097,428.2650146484375
2026-05-19 10:05:00-04:00,427.30999755859375,428.3598937988281,425.8052062988281,428.239990234375,557139,427.30999755859375
2026-05-19 10:10:00-04:00,425.4750061035156,427.43499755859375,425.3299865722656,427.30999755859375,471108,425.4750061035156
2026-05-19 10:15:00-04:00,425.7876892089844,426.79998779296875,425.2699890136719,425.42999267578125,477275,425.7876892089844
2026-05-19 10:20:00-04:00,426.03509521484375,426.4800109863281,425.1000061035156,425.7650146484375,384678,426.03509521484375
2026-05-19 10:25:00-04:00,425.0400085449219,426.154296875,424.7107849121094,426.06500244140625,368328,425.0400085449219
2026-05-19 10:30:00-04:00,425.32501220703125,425.9700012207031,424.9295959472656,425.0299987792969,268069,425.32501220703125
2026-05-19 10:35:00-04:00,423.94000244140625,425.8500061035156,423.8299865722656,425.3799133300781,444035,423.94000244140625
2026-05-19 10:40:00-04:00,423.7950134277344,425.1000061035156,423.75,423.9549865722656,305390,423.7950134277344
2026-05-19 10:45:00-04:00,423.2099914550781,424.0,422.8299865722656,423.7950134277344,370113,423.2099914550781
2026-05-19 10:50:00-04:00,422.70001220703125,423.4100036621094,422.54998779296875,423.2099914550781,236603,422.70001220703125
2026-05-19 10:55:00-04:00,423.57000732421875,423.75,422.69500732421875,422.70001220703125,258003,423.57000732421875
2026-05-19 11:00:00-04:00,422.7793884277344,423.8500061035156,422.1099853515625,423.54998779296875,319823,422.7793884277344
2026-05-19 11:05:00-04:00,422.739990234375,422.8284912109375,421.8500061035156,422.739990234375,291439,422.739990234375
2026-05-19 11:10:00-04:00,423.5400085449219,423.8599853515625,422.5350036621094,422.7799987792969,233622,423.5400085449219
2026-05-19 11:15:00-04:00,422.5400085449219,423.70001220703125,422.510009765625,423.6099853515625,223244,422.5400085449219
2026-05-19 11:20:00-04:00,421.7300109863281,423.17999267578125,421.6600036621094,422.5400085449219,204329,421.7300109863281
2026-05-19 11:25:00-04:00,421.0398864746094,421.9200134277344,420.92999267578125,421.7200012207031,240747,421.0398864746094
2026-05-19 11:30:00-04:00,420.80999755859375,422.1099853515625,420.6499938964844,420.9549865722656,284773,420.80999755859375
2026-05-19 11:35:00-04:00,421.0,421.67999267578125,420.7200927734375,420.80499267578125,185244,421.0
2026-05-19 11:40:00-04:00,420.1600036621094,421.2499084472656,420.04998779296875,420.9700012207031,280592,420.1600036621094
2026-05-19 11:45:00-04:00,420.2300109863281,420.2998962402344,419.489990234375,420.1600036621094,333270,420.2300109863281
2026-05-19 11:50:00-04:00,419.5799865722656,420.3699035644531,419.5299987792969,420.2099914550781,248623,419.5799865722656
2026-05-19 11:55:00-04:00,419.29998779296875,419.6199951171875,418.92999267578125,419.5400085449219,256024,419.29998779296875
2026-05-19 12:00:00-04:00,419.389892578125,420.09991455078125,419.243896484375,419.29998779296875,185685,419.389892578125
2026-05-19 12:05:00-04:00,418.17498779296875,419.6592102050781,418.17498779296875,419.3500061035156,232881,418.17498779296875
2026-05-19 12:10:00-04:00,418.8999938964844,418.94000244140625,418.04998779296875,418.1300048828125,153445,418.8999938964844
2026-05-19 12:15:00-04:00,419.5299987792969,419.7900085449219,418.6600036621094,418.9100036621094,165952,419.5299987792969
2026-05-19 12:20:00-04:00,418.7300109863281,419.54998779296875,418.5799865722656,419.5350036621094,191934,418.7300109863281
2026-05-19 12:25:00-04:00,417.7149963378906,419.0599060058594,417.7099914550781,418.7069091796875,245069,417.7149963378906
2026-05-19 12:30:00-04:00,417.6300048828125,417.75,417.1000061035156,417.7226867675781,354859,417.6300048828125
2026-05-19 12:35:00-04:00,417.82000732421875,418.2878112792969,417.45001220703125,417.614990234375,284986,417.82000732421875
2026-05-19 12:40:00-04:00,417.739990234375,418.30560302734375,417.6319885253906,417.8599853515625,233099,417.739990234375
2026-05-19 12:45:00-04:00,418.2900085449219,418.3800048828125,417.260009765625,417.7799987792969,255168,418.2900085449219
2026-05-19 12:50:00-04:00,418.8999938964844,419.0400085449219,418.0700988769531,418.2749938964844,212381,418.8999938964844
2026-05-19 12:55:00-04:00,418.3999938964844,419.1199951171875,418.3999938964844,418.8999938964844,172149,418.3999938964844
2026-05-19 13:00:00-04:00,419.31988525390625,419.5,418.32000732421875,418.3699951171875,208292,419.31988525390625
2026-05-19 13:05:00-04:00,418.68499755859375,419.32000732421875,418.6099853515625,419.260009765625,161679,418.68499755859375
2026-05-19 13:10:00-04:00,418.2300109863281,418.7799987792969,418.19000244140625,418.6600036621094,139628,418.2300109863281
2026-05-19 13:15:00-04:00,417.28448486328125,418.4700012207031,417.2200012207031,418.2698974609375,155989,417.28448486328125
2026-05-19 13:20:00-04:00,417.8096008300781,418.07989501953125,417.2500915527344,417.29998779296875,188252,417.8096008300781
2026-05-19 13:25:00-04:00,418.7900085449219,418.9599914550781,417.80999755859375,417.8500061035156,171272,418.7900085449219
2026-05-19 13:30:00-04:00,418.8500061035156,419.6400146484375,418.6400146484375,418.7699890136719,211290,418.8500061035156
2026-05-19 13:35:00-04:00,419.5198974609375,419.55999755859375,418.8500061035156,418.8500061035156,149885,419.5198974609375
2026-05-19 13:40:00-04:00,419.69500732421875,419.8699951171875,419.3800048828125,419.5,159936,419.69500732421875
2026-05-19 13:45:00-04:00,419.25,419.7384948730469,418.92999267578125,419.7384948730469,153204,419.25
2026-05-19 13:50:00-04:00,419.05999755859375,419.3699951171875,418.8699951171875,419.2627868652344,95348,419.05999755859375
2026-05-19 13:55:00-04:00,419.1300048828125,419.30999755859375,418.57000732421875,419.0799865722656,123513,419.1300048828125
2026-05-19 14:00:00-04:00,419.06500244140625,419.17999267578125,418.79998779296875,419.1400146484375,108599,419.06500244140625
2026-05-19 14:05:00-04:00,419.0,419.19000244140625,418.8699951171875,419.06500244140625,89789,419.0
2026-05-19 14:10:00-04:00,418.3450012207031,419.0400085449219,418.3299865722656,419.0,105126,418.3450012207031
2026-05-19 14:15:00-04:00,419.0,419.0199890136719,418.2325134277344,418.32501220703125,92900,419.0
2026-05-19 14:20:00-04:00,419.364990234375,419.5989990234375,418.9700012207031,419.05999755859375,148997,419.364990234375
2026-05-19 14:25:00-04:00,419.1600036621094,419.4800109863281,419.0199890136719,419.364990234375,107241,419.1600036621094
2026-05-19 14:30:00-04:00,419.4949951171875,419.67999267578125,418.9700012207031,419.1499938964844,402424,419.4949951171875
2026-05-19 14:35:00-04:00,419.3999938964844,419.8320007324219,419.3800048828125,419.57000732421875,361394,419.3999938964844
2026-05-19 14:40:00-04:00,419.2300109863281,419.4450988769531,419.0799865722656,419.3599853515625,111474,419.2300109863281
2026-05-19 14:45:00-04:00,418.8500061035156,419.260009765625,418.7300109863281,419.2349853515625,101144,418.8500061035156
2026-05-19 14:50:00-04:00,418.30999755859375,418.8999938964844,418.1400146484375,418.8500061035156,115877,418.30999755859375
2026-05-19 14:55:00-04:00,418.489990234375,418.79998779296875,418.03131103515625,418.30999755859375,127627,418.489990234375
2026-05-19 15:00:00-04:00,418.51251220703125,418.8099060058594,418.45001220703125,418.5,118289,418.51251220703125
2026-05-19 15:05:00-04:00,418.67498779296875,418.739990234375,418.10009765625,418.5150146484375,128118,418.67498779296875
2026-05-19 15:10:00-04:00,418.6099853515625,419.1199951171875,418.17999267578125,418.68499755859375,183740,418.6099853515625
2026-05-19 15:15:00-04:00,418.55499267578125,418.8800048828125,418.2099914550781,418.6700134277344,158488,418.55499267578125
2026-05-19 15:20:00-04:00,418.05499267578125,418.70001220703125,418.0400085449219,418.510009765625,170573,418.05499267578125
2026-05-19 15:25:00-04:00,418.2300109863281,418.29998779296875,417.55999755859375,418.0400085449219,260809,418.2300109863281
2026-05-19 15:30:00-04:00,418.05999755859375,418.44000244140625,417.8301086425781,418.2300109863281,139738,418.05999755859375
2026-05-19 15:35:00-04:00,417.9399108886719,418.1451110839844,417.625,418.0799865722656,187026,417.9399108886719
2026-05-19 15:40:00-04:00,417.7449951171875,418.0799865722656,417.6499938964844,417.9200134277344,231708,417.7449951171875
2026-05-19 15:45:00-04:00,417.44500732421875,417.8800048828125,417.20001220703125,417.7449951171875,278475,417.44500732421875
2026-05-19 15:50:00-04:00,417.2149963378906,417.7239074707031,416.8900146484375,417.42999267578125,508677,417.2149963378906
2026-05-19 15:55:00-04:00,417.55999755859375,417.7799987792969,416.5,417.20001220703125,1445845,417.55999755859375
2026-05-20 09:30:00-04:00,413.6499938964844,416.04998779296875,413.20001220703125,413.9859924316406,1671908,413.6499938964844
2026-05-20 09:35:00-04:00,412.7550048828125,415.0,411.92999267578125,413.6499938964844,680341,412.7550048828125
2026-05-20 09:40:00-04:00,412.2691955566406,413.45001220703125,411.30010986328125,412.67999267578125,565042,412.2691955566406
2026-05-20 09:45:00-04:00,413.6650085449219,414.80999755859375,412.19000244140625,412.260009765625,515433,413.6650085449219
2026-05-20 09:50:00-04:00,413.1000061035156,414.0400085449219,412.55999755859375,413.7200012207031,329703,413.1000061035156
2026-05-20 09:55:00-04:00,412.9849853515625,413.3699951171875,412.32000732421875,413.1449890136719,412357,412.9849853515625
2026-05-20 10:00:00-04:00,413.3999938964844,413.5181884765625,412.3500061035156,412.9800109863281,341659,413.3999938964844
2026-05-20 10:05:00-04:00,411.7799072265625,413.5199890136719,411.6300048828125,413.340087890625,349195,411.7799072265625
2026-05-20 10:10:00-04:00,413.19000244140625,413.84820556640625,411.61138916015625,411.7799987792969,325540,413.19000244140625
2026-05-20 10:15:00-04:00,414.32000732421875,415.1499938964844,413.1300964355469,413.25,316573,414.32000732421875
2026-05-20 10:20:00-04:00,412.1000061035156,414.42999267578125,412.010009765625,414.2799987792969,381274,412.1000061035156
2026-05-20 10:25:00-04:00,413.7868957519531,413.8999938964844,411.8999938964844,412.1499938964844,285569,413.7868957519531
2026-05-20 10:30:00-04:00,414.1499938964844,414.6600036621094,413.9200134277344,413.9800109863281,333049,414.1499938964844
2026-05-20 10:35:00-04:00,414.2099914550781,414.75,413.7300109863281,414.2200012207031,252326,414.2099914550781
2026-05-20 10:40:00-04:00,414.0950012207031,414.44989013671875,413.9800109863281,414.1700134277344,188972,414.0950012207031
2026-05-20 10:45:00-04:00,414.6600036621094,414.6600036621094,414.010009765625,414.1700134277344,187308,414.6600036621094
2026-05-20 10:50:00-04:00,415.7500915527344,415.94500732421875,414.60009765625,414.70001220703125,216913,415.7500915527344
2026-05-20 10:55:00-04:00,416.1300048828125,416.55499267578125,415.760009765625,415.7749938964844,293472,416.1300048828125
2026-05-20 11:00:00-04:00,415.56500244140625,416.19000244140625,415.45001220703125,416.1300048828125,172852,415.56500244140625
2026-05-20 11:05:00-04:00,415.7744140625,416.20001220703125,415.1966857910156,415.54998779296875,224050,415.7744140625
2026-05-20 11:10:00-04:00,416.45001220703125,416.489990234375,415.7699890136719,415.7900085449219,172178,416.45001220703125
2026-05-20 11:15:00-04:00,417.2699890136719,418.0,416.4200134277344,416.45001220703125,565423,417.2699890136719
2026-05-20 11:20:00-04:00,416.8699951171875,417.5,416.6700134277344,417.2699890136719,214596,416.8699951171875
2026-05-20 11:25:00-04:00,416.4049987792969,417.1400146484375,416.2601013183594,416.864990234375,229332,416.4049987792969
2026-05-20 11:30:00-04:00,416.989990234375,417.0,416.3999938964844,416.3999938964844,178195,416.989990234375
2026-05-20 11:35:00-04:00,416.6600036621094,417.1000061035156,416.5400085449219,417.0,109620,416.6600036621094
2026-05-20 11:40:00-04:00,417.2265930175781,417.2550048828125,416.5199890136719,416.7699890136719,138790,417.2265930175781
2026-05-20 11:45:00-04:00,417.44000244140625,417.44000244140625,417.1099853515625,417.2250061035156,137218,417.44000244140625
2026-05-20 11:50:00-04:00,417.1400146484375,417.5,417.0249938964844,417.44000244140625,127154,417.1400146484375
2026-05-20 11:55:00-04:00,417.2998962402344,417.2998962402344,416.4607849121094,417.1700134277344,136387,417.2998962402344
2026-05-20 12:00:00-04:00,417.8599853515625,417.8800048828125,417.20001220703125,417.2900085449219,170443,417.8599853515625
2026-05-20 12:05:00-04:00,417.79998779296875,418.1700134277344,417.6300048828125,417.8500061035156,147625,417.79998779296875
2026-05-20 12:10:00-04:00,417.67999267578125,418.010009765625,417.510009765625,417.79998779296875,110624,417.67999267578125
2026-05-20 12:15:00-04:00,417.4599914550781,417.739990234375,417.20001220703125,417.6499938964844,126158,417.4599914550781
2026-05-20 12:20:00-04:00,418.3299865722656,419.29998779296875,417.0199890136719,417.489990234375,424823,418.3299865722656
2026-05-20 12:25:00-04:00,418.42498779296875,419.0,417.57000732421875,418.3349914550781,316274,418.42498779296875
2026-05-20 12:30:00-04:00,417.5856018066406,418.3900146484375,417.5856018066406,418.3900146484375,216901,417.5856018066406
2026-05-20 12:35:00-04:00,417.4840087890625,417.6600036621094,417.010009765625,417.6199951171875,159740,417.4840087890625
2026-05-20 12:40:00-04:00,417.9599914550781,418.010009765625,417.19000244140625,417.45001220703125,201790,417.9599914550781
2026-05-20 12:45:00-04:00,417.2898864746094,418.4700012207031,417.1700134277344,418.0089111328125,381194,417.2898864746094
2026-05-20 12:50:00-04:00,416.9599914550781,417.739990234375,416.8500061035156,417.2650146484375,305782,416.9599914550781
2026-05-20 12:55:00-04:00,417.80999755859375,417.9717102050781,416.8900146484375,416.93499755859375,223615,417.80999755859375
2026-05-20 13:00:00-04:00,418.6499938964844,418.6700134277344,417.75,417.8349914550781,180724,418.6499938964844
2026-05-20 13:05:00-04:00,418.9700012207031,419.215087890625,418.4599914550781,418.6700134277344,234758,418.9700012207031
2026-05-20 13:10:00-04:00,419.47821044921875,419.6400146484375,418.55999755859375,418.94000244140625,158664,419.47821044921875
2026-05-20 13:15:00-04:00,419.4150085449219,419.70001220703125,419.2799987792969,419.4750061035156,161448,419.4150085449219
2026-05-20 13:20:00-04:00,418.9399108886719,419.4800109863281,418.760009765625,419.4200134277344,158549,418.9399108886719
2026-05-20 13:25:00-04:00,419.3424987792969,419.5,418.7900085449219,418.8999938964844,111921,419.3424987792969
2026-05-20 13:30:00-04:00,419.4700012207031,419.6499938964844,419.17498779296875,419.32501220703125,145167,419.4700012207031
2026-05-20 13:35:00-04:00,420.3299865722656,420.3900146484375,419.42999267578125,419.4800109863281,323157,420.3299865722656
2026-05-20 13:40:00-04:00,421.0,421.1499938964844,420.1600036621094,420.3349914550781,303355,421.0
2026-05-20 13:45:00-04:00,420.67999267578125,421.1600036621094,420.6199951171875,421.0400085449219,237924,420.67999267578125
2026-05-20 13:50:00-04:00,420.7284851074219,420.93328857421875,420.45001220703125,420.69000244140625,181424,420.7284851074219
2026-05-20 13:55:00-04:00,420.2099914550781,420.8500061035156,420.0299987792969,420.739990234375,151854,420.2099914550781
2026-05-20 14:00:00-04:00,419.9200134277344,420.1600036621094,419.6499938964844,420.1600036621094,195736,419.9200134277344
2026-05-20 14:05:00-04:00,419.1300048828125,419.94000244140625,418.9700012207031,419.9100036621094,207593,419.1300048828125
2026-05-20 14:10:00-04:00,419.67999267578125,419.67999267578125,418.8900146484375,419.1700134277344,155306,419.67999267578125
2026-05-20 14:15:00-04:00,420.05499267578125,420.2099914550781,419.6400146484375,419.6600036621094,223777,420.05499267578125
2026-05-20 14:20:00-04:00,420.2170104980469,420.4599914550781,420.0199890136719,420.05999755859375,184157,420.2170104980469
2026-05-20 14:25:00-04:00,420.45001220703125,420.5799865722656,420.0,420.20001220703125,223487,420.45001220703125
2026-05-20 14:30:00-04:00,420.239990234375,420.739013671875,420.0491943359375,420.45001220703125,177857,420.239990234375
2026-05-20 14:35:00-04:00,420.4100036621094,420.6099853515625,420.2200012207031,420.260009765625,137353,420.4100036621094
2026-05-20 14:40:00-04:00,419.93499755859375,420.42999267578125,419.92999267578125,420.4200134277344,157908,419.93499755859375
2026-05-20 14:45:00-04:00,420.114990234375,420.2550048828125,419.80999755859375,419.9599914550781,125555,420.114990234375
2026-05-20 14:50:00-04:00,419.9150085449219,420.260009765625,419.6000061035156,420.1700134277344,142030,419.9150085449219
2026-05-20 14:55:00-04:00,419.8900146484375,419.989990234375,419.7200012207031,419.8900146484375,126190,419.8900146484375
2026-05-20 15:00:00-04:00,419.7716979980469,420.1000061035156,419.5899963378906,419.8800048828125,152771,419.7716979980469
2026-05-20 15:05:00-04:00,419.385009765625,419.8839111328125,419.20001220703125,419.7300109863281,176484,419.385009765625
2026-05-20 15:10:00-04:00,419.8450012207031,419.8800048828125,419.2900085449219,419.39080810546875,170374,419.8450012207031
2026-05-20 15:15:00-04:00,419.8399963378906,420.1499938964844,419.7699890136719,419.8450012207031,183475,419.8399963378906
2026-05-20 15:20:00-04:00,420.19000244140625,420.29998779296875,419.70001220703125,419.7699890136719,218562,420.19000244140625
2026-05-20 15:25:00-04:00,420.4599914550781,420.5,420.1099853515625,420.17999267578125,174773,420.4599914550781
2026-05-20 15:30:00-04:00,420.2799987792969,420.6199951171875,420.260009765625,420.489990234375,197638,420.2799987792969
2026-05-20 15:35:00-04:00,420.739990234375,420.8399963378906,420.2699890136719,420.29998779296875,198469,420.739990234375
2026-05-20 15:40:00-04:00,421.3599853515625,421.3800048828125,420.75,420.7699890136719,302819,421.3599853515625
2026-05-20 15:45:00-04:00,421.20001220703125,421.57000732421875,420.8999938964844,421.3399963378906,308988,421.20001220703125
2026-05-20 15:50:00-04:00,421.42999267578125,422.0799865722656,421.1300048828125,421.1300048828125,553712,421.42999267578125
2026-05-20 15:55:00-04:00,421.05999755859375,421.5199890136719,420.6199951171875,421.45001220703125,1403559,421.05999755859375
2026-05-21 09:30:00-04:00,423.6600036621094,426.3399963378906,422.3699951171875,424.82000732421875,4226184,423.6600036621094
2026-05-21 09:35:00-04:00,420.1499938964844,423.7749938964844,419.8299865722656,423.6600036621094,656197,420.1499938964844
2026-05-21 09:40:00-04:00,420.29681396484375,420.75,419.6700134277344,420.07000732421875,489973,420.29681396484375
2026-05-21 09:45:00-04:00,418.80999755859375,421.3599853515625,418.5799865722656,420.2799987792969,565550,418.80999755859375
2026-05-21 09:50:00-04:00,419.45001220703125,420.0,418.6499938964844,418.67999267578125,375625,419.45001220703125
2026-05-21 09:55:00-04:00,418.54998779296875,419.8500061035156,418.0,419.45001220703125,421922,418.54998779296875
2026-05-21 10:00:00-04:00,417.8349914550781,418.95001220703125,417.760009765625,418.60791015625,409530,417.8349914550781
2026-05-21 10:05:00-04:00,419.114990234375,419.19000244140625,417.5199890136719,417.8299865722656,367408,419.114990234375
2026-05-21 10:10:00-04:00,417.9299011230469,419.25,417.760009765625,419.19000244140625,423392,417.9299011230469
2026-05-21 10:15:00-04:00,415.9549865722656,418.0400085449219,415.9200134277344,417.80999755859375,589647,415.9549865722656
2026-05-21 10:20:00-04:00,417.2699890136719,417.7598876953125,415.7200012207031,415.9750061035156,360493,417.2699890136719
2026-05-21 10:25:00-04:00,417.32000732421875,417.8599853515625,417.04010009765625,417.2300109863281,213804,417.32000732421875
2026-05-21 10:30:00-04:00,416.739990234375,417.7084045410156,416.55999755859375,417.30999755859375,276487,416.739990234375
2026-05-21 10:35:00-04:00,416.69000244140625,417.04998779296875,416.510009765625,416.760009765625,180456,416.69000244140625
2026-05-21 10:40:00-04:00,417.25,417.29998779296875,416.29998779296875,416.70001220703125,230824,417.25
2026-05-21 10:45:00-04:00,417.31500244140625,417.3699035644531,416.80999755859375,417.2550048828125,144797,417.31500244140625
2026-05-21 10:50:00-04:00,418.4198913574219,418.5350036621094,417.0,417.30499267578125,236605,418.4198913574219
2026-05-21 10:55:00-04:00,418.7099914550781,418.8900146484375,418.0899963378906,418.385009765625,189530,418.7099914550781
2026-05-21 11:00:00-04:00,418.31500244140625,418.92999267578125,418.1400146484375,418.7300109863281,168696,418.31500244140625
2026-05-21 11:05:00-04:00,417.52508544921875,418.3500061035156,417.2001037597656,418.3500061035156,199308,417.52508544921875
2026-05-21 11:10:00-04:00,417.875,418.0899963378906,417.0799865722656,417.5174865722656,190602,417.875
2026-05-21 11:15:00-04:00,418.364990234375,418.489990234375,417.80010986328125,417.94000244140625,194249,418.364990234375
2026-05-21 11:20:00-04:00,418.4599914550781,418.9800109863281,417.8999938964844,418.3299865722656,254673,418.4599914550781
2026-05-21 11:25:00-04:00,418.7799987792969,418.9700012207031,418.3399963378906,418.4100036621094,131785,418.7799987792969
2026-05-21 11:30:00-04:00,418.2200012207031,419.0400085449219,418.110107421875,418.8500061035156,308412,418.2200012207031
2026-05-21 11:35:00-04:00,418.2099914550781,418.4100036621094,417.95001220703125,418.260009765625,136193,418.2099914550781
2026-05-21 11:40:00-04:00,418.2200012207031,418.7200012207031,418.05999755859375,418.17498779296875,126821,418.2200012207031
2026-05-21 11:45:00-04:00,418.4700012207031,418.53070068359375,418.05999755859375,418.260009765625,121931,418.4700012207031
2026-05-21 11:50:00-04:00,418.17999267578125,418.510009765625,418.0400085449219,418.5,92259,418.17999267578125
2026-05-21 11:55:00-04:00,418.20001220703125,418.5,418.1099853515625,418.1400146484375,105057,418.20001220703125
2026-05-21 12:00:00-04:00,417.8924865722656,418.5,417.82000732421875,418.215087890625,130795,417.8924865722656
2026-05-21 12:05:00-04:00,417.75,417.94000244140625,417.1499938964844,417.8699951171875,137996,417.75
2026-05-21 12:10:00-04:00,417.45001220703125,417.81988525390625,416.92010498046875,417.75,223969,417.45001220703125
2026-05-21 12:15:00-04:00,417.80999755859375,417.83990478515625,417.43170166015625,417.43170166015625,99522,417.80999755859375
2026-05-21 12:20:00-04:00,417.25,417.8900146484375,417.0450134277344,417.80999755859375,99187,417.25
2026-05-21 12:25:00-04:00,417.19000244140625,417.3550109863281,417.010009765625,417.2699890136719,104517,417.19000244140625
2026-05-21 12:30:00-04:00,416.9700012207031,417.1799011230469,416.79998779296875,417.1799011230469,154657,416.9700012207031
2026-05-21 12:35:00-04:00,417.4599914550781,417.4599914550781,416.8999938964844,416.95001220703125,125537,417.4599914550781
2026-05-21 12:40:00-04:00,416.80499267578125,417.55999755859375,416.739990234375,417.44000244140625,141846,416.80499267578125
2026-05-21 12:45:00-04:00,416.510009765625,417.0199890136719,416.3299865722656,416.7900085449219,216805,416.510009765625
2026-05-21 12:50:00-04:00,416.6000061035156,416.8699951171875,416.3500061035156,416.510009765625,162553,416.6000061035156
2026-05-21 12:55:00-04:00,416.25,416.80999755859375,416.2099914550781,416.55999755859375,241379,416.25
2026-05-21 13:00:00-04:00,416.3599853515625,416.5050964355469,416.0199890136719,416.2699890136719,159182,416.3599853515625
2026-05-21 13:05:00-04:00,416.1400146484375,416.489990234375,416.05999755859375,416.3800048828125,121698,416.1400146484375
2026-05-21 13:10:00-04:00,417.19000244140625,417.55999755859375,416.1400146484375,416.1549987792969,392262,417.19000244140625
2026-05-21 13:15:00-04:00,417.260009765625,418.05499267578125,416.94000244140625,417.20001220703125,295029,417.260009765625
2026-05-21 13:20:00-04:00,417.30999755859375,417.8099060058594,416.6000061035156,417.2900085449219,202077,417.30999755859375
2026-05-21 13:25:00-04:00,417.4267883300781,417.614990234375,417.2301025390625,417.3399963378906,186790,417.4267883300781
2026-05-21 13:30:00-04:00,417.57000732421875,417.69000244140625,417.3299865722656,417.3999938964844,179977,417.57000732421875
2026-05-21 13:35:00-04:00,418.1000061035156,418.135009765625,417.5299987792969,417.5769958496094,346495,418.1000061035156
2026-05-21 13:40:00-04:00,418.32000732421875,418.8900146484375,418.1199951171875,418.1199951171875,187958,418.32000732421875
2026-05-21 13:45:00-04:00,418.6300048828125,418.6300048828125,418.05999755859375,418.32000732421875,121741,418.6300048828125
2026-05-21 13:50:00-04:00,419.864990234375,419.9100036621094,418.510009765625,418.6549987792969,170498,419.864990234375
2026-05-21 13:55:00-04:00,419.110107421875,420.26910400390625,419.110107421875,419.8599853515625,290887,419.110107421875
2026-05-21 14:00:00-04:00,418.55999755859375,419.3599853515625,418.20001220703125,419.1499938964844,235095,418.55999755859375
2026-05-21 14:05:00-04:00,418.3901062011719,418.5450134277344,418.0299987792969,418.5450134277344,128516,418.3901062011719
2026-05-21 14:10:00-04:00,418.06500244140625,418.67498779296875,418.010009765625,418.3900146484375,123728,418.06500244140625
2026-05-21 14:15:00-04:00,417.7900085449219,418.1622009277344,417.7099914550781,418.0799865722656,228933,417.7900085449219
2026-05-21 14:20:00-04:00,418.32000732421875,418.57000732421875,417.57000732421875,417.81500244140625,206587,418.32000732421875
2026-05-21 14:25:00-04:00,418.9595031738281,419.0,418.2850036621094,418.3319091796875,133749,418.9595031738281
2026-05-21 14:30:00-04:00,419.0150146484375,419.1700134277344,418.5,418.8905944824219,134947,419.0150146484375
2026-05-21 14:35:00-04:00,419.1000061035156,419.139892578125,418.67999267578125,418.989990234375,146793,419.1000061035156
2026-05-21 14:40:00-04:00,419.6300048828125,419.75,418.9800109863281,419.1000061035156,141310,419.6300048828125
2026-05-21 14:45:00-04:00,419.2304992675781,419.79998779296875,419.1099853515625,419.6600036621094,206810,419.2304992675781
2026-05-21 14:50:00-04:00,418.1300048828125,419.70001220703125,418.1099853515625,419.25,177708,418.1300048828125
2026-05-21 14:55:00-04:00,418.6553955078125,418.7200012207031,418.0,418.1000061035156,126503,418.6553955078125
2026-05-21 15:00:00-04:00,419.1499938964844,419.17999267578125,418.57000732421875,418.68499755859375,129163,419.1499938964844
2026-05-21 15:05:00-04:00,419.04998779296875,419.125,418.25,419.125,167491,419.04998779296875
2026-05-21 15:10:00-04:00,418.9700012207031,419.17999267578125,418.55999755859375,419.07000732421875,167141,418.9700012207031
2026-05-21 15:15:00-04:00,419.32501220703125,419.3900146484375,418.92999267578125,418.95001220703125,131333,419.32501220703125
2026-05-21 15:20:00-04:00,418.9700012207031,419.45001220703125,418.9100036621094,419.32501220703125,163231,418.9700012207031
2026-05-21 15:25:00-04:00,418.95001220703125,419.1400146484375,418.7200012207031,418.9750061035156,248998,418.95001220703125
2026-05-21 15:30:00-04:00,418.6400146484375,419.0400085449219,418.54998779296875,418.9200134277344,155050,418.6400146484375
2026-05-21 15:35:00-04:00,418.8930969238281,419.0199890136719,418.5539855957031,418.581787109375,176900,418.8930969238281
2026-05-21 15:40:00-04:00,419.0199890136719,419.2900085449219,418.760009765625,418.9200134277344,168492,419.0199890136719
2026-05-21 15:45:00-04:00,418.864990234375,419.239990234375,418.7200012207031,419.0400085449219,158306,418.864990234375
2026-05-21 15:50:00-04:00,417.5899963378906,419.8900146484375,417.5,418.8900146484375,838568,417.5899963378906
2026-05-21 15:55:00-04:00,419.0400085449219,419.6099853515625,417.6000061035156,417.6000061035156,1516319,419.0400085449219
2026-05-22 09:30:00-04:00,421.739990234375,421.7900085449219,419.37799072265625,419.4800109863281,2229252,421.739990234375
2026-05-22 09:35:00-04:00,423.8638000488281,424.3999938964844,420.9700012207031,421.8399963378906,774927,423.8638000488281
2026-05-22 09:40:00-04:00,422.0745849609375,423.95001220703125,421.8472900390625,423.94500732421875,400970,422.0745849609375
2026-05-22 09:45:00-04:00,422.57000732421875,424.239990234375,422.1400146484375,422.1400146484375,368369,422.57000732421875
2026-05-22 09:50:00-04:00,421.1271057128906,422.9599914550781,420.94000244140625,422.5299987792969,268166,421.1271057128906
2026-05-22 09:55:00-04:00,420.3399963378906,421.5,419.8699951171875,421.1789855957031,243293,420.3399963378906
2026-05-22 10:00:00-04:00,419.92498779296875,420.44000244140625,419.6000061035156,420.42999267578125,258881,419.92498779296875
2026-05-22 10:05:00-04:00,418.56500244140625,419.8999938964844,418.5,419.8800048828125,434860,418.56500244140625
2026-05-22 10:10:00-04:00,418.8299865722656,419.1499938964844,418.2099914550781,418.56500244140625,272547,418.8299865722656
2026-05-22 10:15:00-04:00,417.9100036621094,419.4399108886719,417.8900146484375,418.739990234375,327739,417.9100036621094
2026-05-22 10:20:00-04:00,417.04559326171875,418.1000061035156,417.0,417.8840026855469,301602,417.04559326171875
2026-05-22 10:25:00-04:00,416.70001220703125,417.20001220703125,416.3399963378906,417.1199951171875,372156,416.70001220703125
2026-05-22 10:30:00-04:00,416.6499938964844,417.1549987792969,416.42999267578125,416.6499938964844,259099,416.6499938964844
2026-05-22 10:35:00-04:00,417.4800109863281,417.8599853515625,416.65179443359375,416.65179443359375,285773,417.4800109863281
2026-05-22 10:40:00-04:00,418.07501220703125,418.2499084472656,417.3800048828125,417.3999938964844,195818,418.07501220703125
2026-05-22 10:45:00-04:00,418.29998779296875,418.42999267578125,417.7099914550781,418.1199951171875,325563,418.29998779296875
2026-05-22 10:50:00-04:00,417.84869384765625,418.4700012207031,417.739990234375,418.3399963378906,203742,417.84869384765625
2026-05-22 10:55:00-04:00,417.55999755859375,418.0,417.32501220703125,417.8399963378906,150292,417.55999755859375
2026-05-22 11:00:00-04:00,418.239990234375,418.4399108886719,417.42498779296875,417.6000061035156,157629,418.239990234375
2026-05-22 11:05:00-04:00,418.79998779296875,418.79998779296875,418.17999267578125,418.19000244140625,177599,418.79998779296875
2026-05-22 11:10:00-04:00,418.6400146484375,418.843994140625,418.2699890136719,418.80999755859375,130712,418.6400146484375
2026-05-22 11:15:00-04:00,419.1914978027344,419.2749938964844,418.6000061035156,418.6400146484375,798604,419.1914978027344
2026-05-22 11:20:00-04:00,419.0199890136719,419.5199890136719,418.79998779296875,419.2099914550781,371317,419.0199890136719
2026-05-22 11:25:00-04:00,419.385009765625,419.45001220703125,418.3699951171875,419.04998779296875,465989,419.385009765625
2026-05-22 11:30:00-04:00,419.1199951171875,419.5799865722656,419.0299987792969,419.3949890136719,169001,419.1199951171875
2026-05-22 11:35:00-04:00,418.75,419.4800109863281,418.7200012207031,419.09600830078125,194410,418.75
2026-05-22 11:40:00-04:00,418.7300109863281,418.8999938964844,418.25,418.7550048828125,127716,418.7300109863281
2026-05-22 11:45:00-04:00,418.8699951171875,419.0,418.5000915527344,418.7699890136719,110079,418.8699951171875
2026-05-22 11:50:00-04:00,419.3999938964844,419.4800109863281,418.67999267578125,418.8699951171875,103768,419.3999938964844
2026-05-22 11:55:00-04:00,419.9200134277344,419.9798889160156,419.260009765625,419.3900146484375,0,419.9200134277344
2026-05-22 12:00:00-04:00,420.3349914550781,420.3999938964844,419.6300048828125,419.89898681640625,206545,420.3349914550781
2026-05-22 12:05:00-04:00,420.0050048828125,420.4599914550781,419.8599853515625,420.3200988769531,148442,420.0050048828125
2026-05-22 12:10:00-04:00,419.79998779296875,420.0299987792969,419.6300048828125,419.9750061035156,121905,419.79998779296875
2026-05-22 12:15:00-04:00,419.4800109863281,419.8299865722656,419.42999267578125,419.7749938964844,135610,419.4800109863281
2026-05-22 12:20:00-04:00,419.8500061035156,420.04998779296875,419.4209899902344,419.4700012207031,119506,419.8500061035156
2026-05-22 12:25:00-04:00,419.6099853515625,419.9700012207031,419.3599853515625,419.9154968261719,127433,419.6099853515625
2026-05-22 12:30:00-04:00,419.6000061035156,419.9530029296875,419.5101013183594,419.6099853515625,112306,419.6000061035156
2026-05-22 12:35:00-04:00,419.25,419.70001220703125,419.1099853515625,419.587890625,99950,419.25
2026-05-22 12:40:00-04:00,419.30499267578125,419.4599914550781,419.04998779296875,419.2615966796875,83227,419.30499267578125
2026-05-22 12:45:00-04:00,419.1449890136719,419.3999938964844,419.0504150390625,419.31500244140625,84765,419.1449890136719
2026-05-22 12:50:00-04:00,419.1499938964844,419.19000244140625,418.40008544921875,419.1300048828125,177404,419.1499938964844
2026-05-22 12:55:00-04:00,418.70001220703125,419.1700134277344,418.6513977050781,419.1400146484375,112364,418.70001220703125
2026-05-22 13:00:00-04:00,418.8699951171875,419.0400085449219,418.6300048828125,418.7080993652344,82154,418.8699951171875
2026-05-22 13:05:00-04:00,418.6300048828125,418.95001220703125,418.5400085449219,418.8699951171875,108274,418.6300048828125
2026-05-22 13:10:00-04:00,418.7887878417969,418.8299865722656,418.5799865722656,418.6199951171875,77597,418.7887878417969
2026-05-22 13:15:00-04:00,418.4800109863281,419.0,418.44000244140625,418.7699890136719,136958,418.4800109863281
2026-05-22 13:20:00-04:00,418.30999755859375,418.7298889160156,418.1610107421875,418.4599914550781,109951,418.30999755859375
2026-05-22 13:25:00-04:00,418.8100891113281,418.92999267578125,418.239990234375,418.3299865722656,172062,418.8100891113281
2026-05-22 13:30:00-04:00,418.7900085449219,419.21600341796875,418.5,418.8550109863281,144629,418.7900085449219
2026-05-22 13:35:00-04:00,419.135009765625,419.2088928222656,418.6099853515625,418.7799987792969,168051,419.135009765625
2026-05-22 13:40:00-04:00,418.9800109863281,419.3599853515625,418.94000244140625,419.1600036621094,131008,418.9800109863281
2026-05-22 13:45:00-04:00,418.875,419.05499267578125,418.7699890136719,419.0,88941,418.875
2026-05-22 13:50:00-04:00,418.239990234375,418.8999938964844,418.1600036621094,418.8999938964844,115718,418.239990234375
2026-05-22 13:55:00-04:00,417.6400146484375,418.2795104980469,417.6099853515625,418.2200012207031,204473,417.6400146484375
2026-05-22 14:00:00-04:00,417.6499938964844,417.8799133300781,417.25,417.69000244140625,214082,417.6499938964844
2026-05-22 14:05:00-04:00,417.7001037597656,417.92999267578125,417.489990234375,417.57000732421875,115029,417.7001037597656
2026-05-22 14:10:00-04:00,417.94000244140625,417.9599914550781,417.5899963378906,417.70001220703125,142138,417.94000244140625
2026-05-22 14:15:00-04:00,418.29998779296875,418.30999755859375,417.8900146484375,417.92999267578125,119838,418.29998779296875
2026-05-22 14:20:00-04:00,418.8900146484375,419.0,418.25,418.29998779296875,149075,418.8900146484375
2026-05-22 14:25:00-04:00,418.82000732421875,419.05999755859375,418.7701110839844,418.9100036621094,126595,418.82000732421875
2026-05-22 14:30:00-04:00,419.2200012207031,419.3800048828125,418.7900085449219,418.7900085449219,136583,419.2200012207031
2026-05-22 14:35:00-04:00,419.6300048828125,419.8999938964844,419.04998779296875,419.2200012207031,181094,419.6300048828125
2026-05-22 14:40:00-04:00,419.260009765625,419.6499938964844,419.1099853515625,419.57000732421875,84526,419.260009765625
2026-05-22 14:45:00-04:00,418.5350036621094,419.4049987792969,418.3999938964844,419.2799987792969,114710,418.5350036621094
2026-05-22 14:50:00-04:00,418.9049987792969,418.94000244140625,418.3999938964844,418.50201416015625,119858,418.9049987792969
2026-05-22 14:55:00-04:00,418.8999938964844,418.989990234375,418.75,418.9049987792969,79207,418.8999938964844
2026-05-22 15:00:00-04:00,418.8999938964844,419.1600036621094,418.5299987792969,418.8699951171875,127300,418.8999938964844
2026-05-22 15:05:00-04:00,418.92999267578125,419.0599060058594,418.75,418.9200134277344,97249,418.92999267578125
2026-05-22 15:10:00-04:00,419.04010009765625,419.1062927246094,418.75,418.9150085449219,108489,419.04010009765625
2026-05-22 15:15:00-04:00,418.8500061035156,419.1600036621094,418.70001220703125,419.125,98979,418.8500061035156
2026-05-22 15:20:00-04:00,418.75,418.93499755859375,418.6099853515625,418.87109375,148209,418.75
2026-05-22 15:25:00-04:00,418.29998779296875,418.885009765625,418.29998779296875,418.75,152438,418.29998779296875
2026-05-22 15:30:00-04:00,418.3800048828125,418.5400085449219,418.0101013183594,418.3699951171875,168821,418.3800048828125
2026-05-22 15:35:00-04:00,418.3599853515625,418.552490234375,418.1600036621094,418.3599853515625,136239,418.3599853515625
2026-05-22 15:40:00-04:00,418.4800109863281,418.57000732421875,418.1300048828125,418.32000732421875,151375,418.4800109863281
2026-05-22 15:45:00-04:00,418.614990234375,418.7799987792969,418.3999938964844,418.4700012207031,161165,418.614990234375
2026-05-22 15:50:00-04:00,418.5799865722656,418.79998779296875,418.2200012207031,418.5899963378906,306531,418.5799865722656
2026-05-22 15:55:00-04:00,418.5799865722656,418.94000244140625,418.4200134277344,418.5669860839844,725660,418.5799865722656
2026-05-26 09:30:00-04:00,416.3799133300781,417.45001220703125,413.1700134277344,416.42999267578125,4002630,416.3799133300781
2026-05-26 09:35:00-04:00,415.42999267578125,416.69989013671875,415.0,416.45001220703125,713333,415.42999267578125
2026-05-26 09:40:00-04:00,415.5450134277344,416.4700012207031,415.0199890136719,415.4501953125,498121,415.5450134277344
2026-05-26 09:45:00-04:00,416.69000244140625,417.0,415.5,415.5899963378906,500451,416.69000244140625
2026-05-26 09:50:00-04:00,415.3599853515625,416.82000732421875,415.1499938964844,416.69000244140625,484321,415.3599853515625
2026-05-26 09:55:00-04:00,417.7300109863281,417.760009765625,415.2550048828125,415.4100036621094,432600,417.7300109863281
2026-05-26 10:00:00-04:00,418.3699951171875,418.54998779296875,417.0899963378906,417.7699890136719,547107,418.3699951171875
2026-05-26 10:05:00-04:00,418.1700134277344,418.7799987792969,417.69000244140625,418.3800048828125,440146,418.1700134277344
2026-05-26 10:10:00-04:00,417.9800109863281,418.19000244140625,417.04998779296875,418.1875,373532,417.9800109863281
2026-05-26 10:15:00-04:00,418.260009765625,418.3999938964844,417.5799865722656,417.9849853515625,335040,418.260009765625
2026-05-26 10:20:00-04:00,419.489990234375,419.7699890136719,418.25,418.2900085449219,512737,419.489990234375
2026-05-26 10:25:00-04:00,418.9849853515625,419.75,418.7799987792969,419.5,404195,418.9849853515625
2026-05-26 10:30:00-04:00,417.989990234375,419.20001220703125,417.8299865722656,419.0199890136719,287369,417.989990234375
2026-05-26 10:35:00-04:00,417.5,418.4200134277344,417.29998779296875,418.0050048828125,237577,417.5
2026-05-26 10:40:00-04:00,417.3500061035156,417.989990234375,417.2300109863281,417.5,245004,417.3500061035156
2026-05-26 10:45:00-04:00,415.3999938964844,417.34869384765625,415.3999938964844,417.3299865722656,455505,415.3999938964844
2026-05-26 10:50:00-04:00,415.864990234375,416.125,415.3500061035156,415.4200134277344,347719,415.864990234375
2026-05-26 10:55:00-04:00,415.239990234375,416.20001220703125,415.1099853515625,415.864990234375,318737,415.239990234375
2026-05-26 11:00:00-04:00,414.7300109863281,415.2699890136719,414.45379638671875,415.239990234375,346951,414.7300109863281
2026-05-26 11:05:00-04:00,414.7499084472656,414.94000244140625,414.2300109863281,414.70001220703125,394735,414.7499084472656
2026-05-26 11:10:00-04:00,414.3399963378906,414.7900085449219,414.25,414.6000061035156,5734,414.3399963378906
2026-05-26 11:15:00-04:00,414.989990234375,415.1499938964844,414.1499938964844,414.32000732421875,265587,414.989990234375
2026-05-26 11:20:00-04:00,415.8800048828125,416.2699890136719,414.9100036621094,414.989990234375,325811,415.8800048828125
2026-05-26 11:25:00-04:00,415.2149963378906,416.1099853515625,415.1600036621094,415.840087890625,285097,415.2149963378906
2026-05-26 11:30:00-04:00,415.92999267578125,415.94989013671875,414.70001220703125,415.1700134277344,240682,415.92999267578125
2026-05-26 11:35:00-04:00,416.0450134277344,416.07000732421875,415.80999755859375,415.92999267578125,222803,416.0450134277344
2026-05-26 11:40:00-04:00,415.6495056152344,416.3999938964844,415.5799865722656,416.0450134277344,271664,415.6495056152344
2026-05-26 11:45:00-04:00,415.6499938964844,415.95001220703125,415.4700012207031,415.6499938964844,185906,415.6499938964844
2026-05-26 11:50:00-04:00,415.06500244140625,415.7398986816406,414.95001220703125,415.6650085449219,205529,415.06500244140625
2026-05-26 11:55:00-04:00,415.04998779296875,415.2200012207031,414.45001220703125,415.06500244140625,232823,415.04998779296875
2026-05-26 12:00:00-04:00,415.0801086425781,415.2699890136719,414.95001220703125,415.04998779296875,150420,415.0801086425781
2026-05-26 12:05:00-04:00,415.25,415.57989501953125,415.0299987792969,415.04998779296875,231704,415.25
2026-05-26 12:10:00-04:00,414.67999267578125,415.2898864746094,414.57000732421875,415.2550048828125,191282,414.67999267578125
2026-05-26 12:15:00-04:00,415.0400085449219,415.1400146484375,414.6000061035156,414.6499938964844,120316,415.0400085449219
2026-05-26 12:20:00-04:00,415.7300109863281,415.92999267578125,415.1000061035156,415.1499938964844,190793,415.7300109863281
2026-05-26 12:25:00-04:00,415.989990234375,416.010009765625,415.70001220703125,415.760009765625,170592,415.989990234375
2026-05-26 12:30:00-04:00,416.0199890136719,416.1700134277344,415.82000732421875,416.0,127074,416.0199890136719
2026-05-26 12:35:00-04:00,415.42999267578125,416.2300109863281,415.42999267578125,415.989990234375,114226,415.42999267578125
2026-05-26 12:40:00-04:00,415.30499267578125,415.54998779296875,415.260009765625,415.4200134277344,146179,415.30499267578125
2026-05-26 12:45:00-04:00,414.8949890136719,415.2799987792969,414.8699951171875,415.2799987792969,154129,414.8949890136719
2026-05-26 12:50:00-04:00,414.7699890136719,415.04998779296875,414.6199951171875,414.9200134277344,143224,414.7699890136719
2026-05-26 12:55:00-04:00,414.4226989746094,414.8399963378906,414.3800048828125,414.7699890136719,150810,414.4226989746094
2026-05-26 13:00:00-04:00,414.010009765625,414.55999755859375,413.9200134277344,414.4833984375,295286,414.010009765625
2026-05-26 13:05:00-04:00,414.0382080078125,414.30999755859375,413.7799987792969,414.0299987792969,182823,414.0382080078125
2026-05-26 13:10:00-04:00,413.92498779296875,414.2799987792969,413.8399963378906,414.0199890136719,157914,413.92498779296875
2026-05-26 13:15:00-04:00,413.989990234375,414.25,413.8599853515625,413.8800048828125,154983,413.989990234375
2026-05-26 13:20:00-04:00,413.4750061035156,414.0,413.30999755859375,413.9800109863281,270208,413.4750061035156
2026-05-26 13:25:00-04:00,413.6549987792969,413.739990234375,413.4100036621094,413.45001220703125,179936,413.6549987792969
2026-05-26 13:30:00-04:00,413.5899963378906,413.7900085449219,413.45001220703125,413.6449890136719,129286,413.5899963378906
2026-05-26 13:35:00-04:00,413.1099853515625,413.75,413.0199890136719,413.5899963378906,202031,413.1099853515625
2026-05-26 13:40:00-04:00,413.3713073730469,413.7099914550781,413.0815124511719,413.1300048828125,204775,413.3713073730469
2026-05-26 13:45:00-04:00,413.45001220703125,413.5,413.2099914550781,413.3900146484375,154334,413.45001220703125
2026-05-26 13:50:00-04:00,414.0299072265625,414.19000244140625,413.42999267578125,413.4549865722656,226441,414.0299072265625
2026-05-26 13:55:00-04:00,413.75,414.0050048828125,413.5400085449219,414.0,140386,413.75
2026-05-26 14:00:00-04:00,414.2254943847656,414.239990234375,413.6400146484375,413.75,149283,414.2254943847656
2026-05-26 14:05:00-04:00,414.8500061035156,414.8599853515625,414.1600036621094,414.2200012207031,165649,414.8500061035156
2026-05-26 14:10:00-04:00,414.760009765625,415.0,414.6600036621094,414.8399963378906,176792,414.760009765625
2026-05-26 14:15:00-04:00,415.4010009765625,415.4800109863281,414.7401123046875,414.760009765625,131196,415.4010009765625
2026-05-26 14:20:00-04:00,415.4200134277344,415.8399963378906,415.3599853515625,415.4200134277344,188418,415.4200134277344
2026-05-26 14:25:00-04:00,415.114990234375,415.4798889160156,415.04998779296875,415.3900146484375,140642,415.114990234375
2026-05-26 14:30:00-04:00,415.5400085449219,415.6000061035156,415.1199951171875,415.1199951171875,119500,415.5400085449219
2026-05-26 14:35:00-04:00,415.6650085449219,415.69000244140625,415.17999267578125,415.5450134277344,146799,415.6650085449219
2026-05-26 14:40:00-04:00,415.0799865722656,415.6744079589844,415.07501220703125,415.6650085449219,162376,415.0799865722656
2026-05-26 14:45:00-04:00,415.2228088378906,415.3999938964844,415.0849914550781,415.0849914550781,114615,415.2228088378906
2026-05-26 14:50:00-04:00,415.2850036621094,415.3800048828125,415.1499938964844,415.260009765625,145792,415.2850036621094
2026-05-26 14:55:00-04:00,414.8299865722656,415.3800048828125,414.79998779296875,415.2850036621094,142350,414.8299865722656
2026-05-26 15:00:00-04:00,414.8599853515625,414.95001220703125,414.5899963378906,414.79998779296875,254411,414.8599853515625
2026-05-26 15:05:00-04:00,415.2300109863281,415.260009765625,414.8299865722656,414.8800048828125,157322,415.2300109863281
2026-05-26 15:10:00-04:00,415.20001220703125,415.260009765625,414.82000732421875,415.239990234375,203158,415.20001220703125
2026-05-26 15:15:00-04:00,415.44000244140625,415.5552062988281,415.04998779296875,415.20001220703125,190442,415.44000244140625
2026-05-26 15:20:00-04:00,415.80499267578125,415.80499267578125,415.4100036621094,415.44000244140625,179147,415.80499267578125
2026-05-26 15:25:00-04:00,415.739990234375,415.8900146484375,415.6199951171875,415.7900085449219,207878,415.739990234375
2026-05-26 15:30:00-04:00,415.6099853515625,415.8999938964844,415.4901123046875,415.7200012207031,200932,415.6099853515625
2026-05-26 15:35:00-04:00,415.6401062011719,415.7699890136719,415.489990234375,415.6099853515625,170807,415.6401062011719
2026-05-26 15:40:00-04:00,415.67999267578125,415.9100036621094,415.4750061035156,415.6440124511719,176825,415.67999267578125
2026-05-26 15:45:00-04:00,415.3949890136719,415.95001220703125,415.32501220703125,415.6700134277344,201863,415.3949890136719
2026-05-26 15:50:00-04:00,416.04998779296875,416.1000061035156,415.2799987792969,415.4200134277344,404161,416.04998779296875
2026-05-26 15:55:00-04:00,416.1499938964844,416.3500061035156,415.69000244140625,416.0559997558594,1107150,416.1499938964844
2026-05-27 09:30:00-04:00,412.1192932128906,412.5,409.5899963378906,411.0450134277344,3798331,412.1192932128906
2026-05-27 09:35:00-04:00,412.0400085449219,413.2699890136719,411.5,412.0899963378906,620486,412.0400085449219
2026-05-27 09:40:00-04:00,412.57000732421875,412.9877014160156,411.0799865722656,412.0580139160156,551683,412.57000732421875
2026-05-27 09:45:00-04:00,411.6199951171875,413.95001220703125,411.3999938964844,412.5849914550781,626876,411.6199951171875
2026-05-27 09:50:00-04:00,411.8399963378906,412.1499938964844,410.8500061035156,411.6400146484375,488115,411.8399963378906
2026-05-27 09:55:00-04:00,411.44000244140625,412.20001220703125,411.30999755859375,411.8299865722656,393111,411.44000244140625
2026-05-27 10:00:00-04:00,412.1700134277344,412.989990234375,411.3299865722656,411.5799865722656,433486,412.1700134277344
2026-05-27 10:05:00-04:00,412.8550109863281,413.0,411.79998779296875,412.2250061035156,293301,412.8550109863281
2026-05-27 10:10:00-04:00,413.5199890136719,413.69000244140625,412.57000732421875,412.8900146484375,376064,413.5199890136719
2026-05-27 10:15:00-04:00,413.17498779296875,413.9071044921875,413.0400085449219,413.54998779296875,343360,413.17498779296875
2026-05-27 10:20:00-04:00,414.07501220703125,414.25,413.0299987792969,413.2049865722656,365375,414.07501220703125
2026-05-27 10:25:00-04:00,415.05999755859375,415.92999267578125,414.07000732421875,414.07000732421875,523401,415.05999755859375
2026-05-27 10:30:00-04:00,414.9849853515625,415.3399963378906,414.3800048828125,415.1300048828125,310053,414.9849853515625
2026-05-27 10:35:00-04:00,415.5899963378906,415.70001220703125,414.3999938964844,414.9849853515625,268150,415.5899963378906
2026-05-27 10:40:00-04:00,415.05999755859375,415.6199951171875,414.840087890625,415.57000732421875,230000,415.05999755859375
2026-05-27 10:45:00-04:00,415.32000732421875,415.510009765625,414.94000244140625,415.05999755859375,187240,415.32000732421875
2026-05-27 10:50:00-04:00,414.32000732421875,415.409912109375,414.1199951171875,415.32501220703125,189095,414.32000732421875
2026-05-27 10:55:00-04:00,414.54998779296875,414.9200134277344,414.1400146484375,414.29998779296875,158081,414.54998779296875
2026-05-27 11:00:00-04:00,415.42718505859375,415.5400085449219,414.3900146484375,414.6000061035156,279216,415.42718505859375
2026-05-27 11:05:00-04:00,414.42498779296875,415.4800109863281,414.2301025390625,415.4150085449219,302288,414.42498779296875
2026-05-27 11:10:00-04:00,413.7799987792969,414.57000732421875,413.70001220703125,414.42498779296875,258158,413.7799987792969
2026-05-27 11:15:00-04:00,412.9750061035156,414.1700134277344,412.8599853515625,413.7799987792969,200300,412.9750061035156
2026-05-27 11:20:00-04:00,413.4024963378906,413.6600036621094,412.6600036621094,412.9800109863281,191188,413.4024963378906
2026-05-27 11:25:00-04:00,412.8500061035156,413.44000244140625,412.67999267578125,413.44000244140625,181914,412.8500061035156
2026-05-27 11:30:00-04:00,413.0950012207031,413.3699951171875,412.7200012207031,412.8500061035156,209395,413.0950012207031
2026-05-27 11:35:00-04:00,413.3599853515625,413.3599853515625,412.8299865722656,413.1737060546875,165144,413.3599853515625
2026-05-27 11:40:00-04:00,412.5815124511719,413.3399963378906,412.5799865722656,413.25,161558,412.5815124511719
2026-05-27 11:45:00-04:00,412.7900085449219,412.8699035644531,412.5450134277344,412.6000061035156,159377,412.7900085449219
2026-05-27 11:50:00-04:00,412.739990234375,413.1683044433594,412.6099853515625,412.7699890136719,148196,412.739990234375
2026-05-27 11:55:00-04:00,412.8599853515625,413.010009765625,412.6300964355469,412.6300964355469,110675,412.8599853515625
2026-05-27 12:00:00-04:00,413.0249938964844,413.29998779296875,412.7900085449219,412.8900146484375,124548,413.0249938964844
2026-05-27 12:05:00-04:00,413.3299865722656,413.3900146484375,412.7799987792969,413.0249938964844,122206,413.3299865722656
2026-05-27 12:10:00-04:00,412.7699890136719,413.3900146484375,412.70001220703125,413.32000732421875,153743,412.7699890136719
2026-05-27 12:15:00-04:00,412.94000244140625,413.05999755859375,412.6000061035156,412.7749938964844,114774,412.94000244140625
2026-05-27 12:20:00-04:00,412.9150085449219,413.114990234375,412.70001220703125,412.8999938964844,98847,412.9150085449219
2026-05-27 12:25:00-04:00,412.7699890136719,412.9800109863281,412.4049987792969,412.885009765625,145368,412.7699890136719
2026-05-27 12:30:00-04:00,412.7950134277344,412.89990234375,412.6400146484375,412.7484130859375,100391,412.7950134277344
2026-05-27 12:35:00-04:00,413.3599853515625,413.385009765625,412.69000244140625,412.7950134277344,128102,413.3599853515625
2026-05-27 12:40:00-04:00,413.5950012207031,413.64990234375,413.2799987792969,413.3599853515625,186357,413.5950012207031
2026-05-27 12:45:00-04:00,413.6650085449219,413.79998779296875,413.0,413.5950012207031,150740,413.6650085449219
2026-05-27 12:50:00-04:00,413.8999938964844,414.05999755859375,413.54998779296875,413.6700134277344,135715,413.8999938964844
2026-05-27 12:55:00-04:00,413.885009765625,413.9800109863281,413.7200012207031,413.885009765625,102806,413.885009765625
2026-05-27 13:00:00-04:00,413.6400146484375,413.9198913574219,413.4700012207031,413.8599853515625,109434,413.6400146484375
2026-05-27 13:05:00-04:00,412.6199951171875,413.69000244140625,412.6199951171875,413.67999267578125,162668,412.6199951171875
2026-05-27 13:10:00-04:00,412.4150085449219,412.71990966796875,412.2349853515625,412.6549987792969,172464,412.4150085449219
2026-05-27 13:15:00-04:00,411.9100036621094,412.4150085449219,411.7200012207031,412.3699951171875,234874,411.9100036621094
2026-05-27 13:20:00-04:00,411.4049987792969,411.94500732421875,411.2799987792969,411.94500732421875,226142,411.4049987792969
2026-05-27 13:25:00-04:00,411.44000244140625,411.55999755859375,411.2099914550781,411.3999938964844,183622,411.44000244140625
2026-05-27 13:30:00-04:00,411.6400146484375,411.739990234375,411.3800048828125,411.4599914550781,155393,411.6400146484375
2026-05-27 13:35:00-04:00,411.739990234375,411.9700012207031,411.6300048828125,411.6499938964844,138034,411.739990234375
2026-05-27 13:40:00-04:00,411.5450134277344,411.8599853515625,411.52789306640625,411.7749938964844,111841,411.5450134277344
2026-05-27 13:45:00-04:00,411.69000244140625,412.04998779296875,411.5400085449219,411.5400085449219,136529,411.69000244140625
2026-05-27 13:50:00-04:00,411.69000244140625,411.8399963378906,411.510009765625,411.7179870605469,117213,411.69000244140625
2026-05-27 13:55:00-04:00,411.6300048828125,411.75,411.5,411.70001220703125,127207,411.6300048828125
2026-05-27 14:00:00-04:00,412.30499267578125,412.4100036621094,411.5799865722656,411.6400146484375,194534,412.30499267578125
2026-05-27 14:05:00-04:00,412.42498779296875,412.67999267578125,412.2254943847656,412.30999755859375,158611,412.42498779296875
2026-05-27 14:10:00-04:00,412.42498779296875,412.4599914550781,412.010009765625,412.42498779296875,144712,412.42498779296875
2026-05-27 14:15:00-04:00,412.5799865722656,412.6199951171875,412.20001220703125,412.42498779296875,137298,412.5799865722656
2026-05-27 14:20:00-04:00,412.7598876953125,412.7900085449219,412.4100036621094,412.5799865722656,167865,412.7598876953125
2026-05-27 14:25:00-04:00,412.7200012207031,412.75,412.2909851074219,412.72021484375,166565,412.7200012207031
2026-05-27 14:30:00-04:00,412.6000061035156,412.95001220703125,412.4100036621094,412.7049865722656,135339,412.6000061035156
2026-05-27 14:35:00-04:00,412.385009765625,412.6600036621094,412.0299987792969,412.625,164317,412.385009765625
2026-05-27 14:40:00-04:00,412.3999938964844,412.7900085449219,412.2550048828125,412.3900146484375,158679,412.3999938964844
2026-05-27 14:45:00-04:00,412.75,412.7900085449219,412.3999938964844,412.42999267578125,127049,412.75
2026-05-27 14:50:00-04:00,412.6549987792969,413.0400085449219,412.55889892578125,412.7200012207031,164644,412.6549987792969
2026-05-27 14:55:00-04:00,412.5199890136719,412.7799987792969,412.30999755859375,412.6549987792969,130597,412.5199890136719
2026-05-27 15:00:00-04:00,411.82501220703125,412.70001220703125,411.7699890136719,412.5,297638,411.82501220703125
2026-05-27 15:05:00-04:00,411.7749938964844,411.8446960449219,411.3599853515625,411.8399963378906,298496,411.7749938964844
2026-05-27 15:10:00-04:00,412.7279968261719,412.760009765625,411.6499938964844,411.7699890136719,407930,412.7279968261719
2026-05-27 15:15:00-04:00,413.1600036621094,413.4200134277344,412.6700134277344,412.75,243589,413.1600036621094
2026-05-27 15:20:00-04:00,413.1300964355469,413.29998779296875,413.010009765625,413.1600036621094,203061,413.1300964355469
2026-05-27 15:25:00-04:00,413.4100036621094,413.4700012207031,413.1099853515625,413.1600036621094,279625,413.4100036621094
2026-05-27 15:30:00-04:00,412.760009765625,413.4599914550781,412.5799865722656,413.45001220703125,243053,412.760009765625
2026-05-27 15:35:00-04:00,413.2250061035156,413.25,412.45001220703125,412.7900085449219,261024,413.2250061035156
2026-05-27 15:40:00-04:00,413.2449951171875,413.2900085449219,412.95001220703125,413.2099914550781,160894,413.2449951171875
2026-05-27 15:45:00-04:00,413.42498779296875,413.510009765625,413.0249938964844,413.19000244140625,188318,413.42498779296875
2026-05-27 15:50:00-04:00,412.5450134277344,413.4200134277344,412.45001220703125,413.4200134277344,340114,412.5450134277344
2026-05-27 15:55:00-04:00,412.69000244140625,412.7699890136719,411.9700012207031,412.5450134277344,1005534,412.69000244140625
2026-05-28 09:30:00-04:00,415.125,417.7666015625,412.6700134277344,412.9750061035156,3659218,415.125
2026-05-28 09:35:00-04:00,415.5199890136719,416.5,414.1099853515625,415.04998779296875,566268,415.5199890136719
2026-05-28 09:40:00-04:00,418.79998779296875,418.989990234375,415.1900939941406,415.551513671875,897609,418.79998779296875
2026-05-28 09:45:00-04:00,421.69000244140625,421.8500061035156,415.7200012207031,418.79998779296875,1355246,421.69000244140625
2026-05-28 09:50:00-04:00,422.739990234375,423.2449951171875,421.17999267578125,421.7300109863281,930903,422.739990234375
2026-05-28 09:55:00-04:00,424.4800109863281,424.6549987792969,421.6900939941406,422.79998779296875,951914,424.4800109863281
2026-05-28 10:00:00-04:00,427.49859619140625,427.6700134277344,424.3800048828125,424.4800109863281,1696603,427.49859619140625
2026-05-28 10:05:00-04:00,425.6499938964844,428.0899963378906,425.1199951171875,427.4800109863281,1211026,425.6499938964844
2026-05-28 10:10:00-04:00,426.4599914550781,426.8446960449219,424.7799987792969,425.8299865722656,1026433,426.4599914550781
2026-05-28 10:15:00-04:00,428.4700012207031,429.489990234375,425.8800048828125,426.4898986816406,1228489,428.4700012207031
2026-05-28 10:20:00-04:00,426.3999938964844,428.8500061035156,426.29998779296875,428.4200134277344,795599,426.3999938964844
2026-05-28 10:25:00-04:00,425.25628662109375,426.70001220703125,425.239990234375,426.4031982421875,734323,425.25628662109375
2026-05-28 10:30:00-04:00,423.44000244140625,425.67999267578125,423.44000244140625,425.2489929199219,620897,423.44000244140625
2026-05-28 10:35:00-04:00,422.3078918457031,423.71551513671875,422.25,423.5,428406,422.3078918457031
2026-05-28 10:40:00-04:00,425.5799865722656,425.8599853515625,422.2749938964844,422.30999755859375,689410,425.5799865722656
2026-05-28 10:45:00-04:00,424.989990234375,425.8599853515625,424.4255065917969,425.55999755859375,341308,424.989990234375
2026-05-28 10:50:00-04:00,425.1650085449219,425.6300048828125,424.8299865722656,425.0799865722656,334215,425.1650085449219
2026-05-28 10:55:00-04:00,424.3500061035156,425.1700134277344,424.04998779296875,425.1600036621094,226915,424.3500061035156
2026-05-28 11:00:00-04:00,425.260009765625,425.3500061035156,424.239990234375,424.32501220703125,370522,425.260009765625
2026-05-28 11:05:00-04:00,423.55999755859375,425.3699951171875,423.510009765625,425.2749938964844,285000,423.55999755859375
2026-05-28 11:10:00-04:00,423.625,424.25,423.54998779296875,423.55999755859375,197331,423.625
2026-05-28 11:15:00-04:00,424.3999938964844,424.3999938964844,423.54998779296875,423.6499938964844,211051,424.3999938964844
2026-05-28 11:20:00-04:00,424.7300109863281,424.8900146484375,424.0799865722656,424.3999938964844,199459,424.7300109863281
2026-05-28 11:25:00-04:00,424.75,425.4695129394531,424.75,424.75,307461,424.75
2026-05-28 11:30:00-04:00,424.19000244140625,424.94000244140625,424.1000061035156,424.7300109863281,238703,424.19000244140625
2026-05-28 11:35:00-04:00,424.4849853515625,425.25,424.1499938964844,424.20001220703125,232239,424.4849853515625
2026-05-28 11:40:00-04:00,425.05999755859375,425.1300048828125,424.2200012207031,424.5199890136719,190031,425.05999755859375
2026-05-28 11:45:00-04:00,425.0249938964844,425.1400146484375,424.7699890136719,425.05999755859375,174216,425.0249938964844
2026-05-28 11:50:00-04:00,424.6000061035156,425.1199951171875,424.3299865722656,425.0400085449219,294075,424.6000061035156
2026-05-28 11:55:00-04:00,425.0,425.20001220703125,424.6000061035156,424.6099853515625,212976,425.0
2026-05-28 12:00:00-04:00,424.739990234375,424.9949951171875,424.44000244140625,424.9949951171875,164476,424.739990234375
2026-05-28 12:05:00-04:00,424.67498779296875,425.0199890136719,424.55999755859375,424.760009765625,155522,424.67498779296875
2026-05-28 12:10:00-04:00,424.20001220703125,424.70001220703125,423.8900146484375,424.67498779296875,193889,424.20001220703125
2026-05-28 12:15:00-04:00,425.3999938964844,425.7099914550781,424.1700134277344,424.17999267578125,281333,425.3999938964844
2026-05-28 12:20:00-04:00,425.739990234375,425.8699951171875,425.1300048828125,425.3800048828125,263853,425.739990234375
2026-05-28 12:25:00-04:00,425.8450012207031,426.42999267578125,425.55999755859375,425.75,304831,425.8450012207031
2026-05-28 12:30:00-04:00,425.82000732421875,426.1600036621094,425.6400146484375,425.8599853515625,198056,425.82000732421875
2026-05-28 12:35:00-04:00,426.17999267578125,426.3999938964844,425.7900085449219,425.8299865722656,185549,426.17999267578125
2026-05-28 12:40:00-04:00,425.94500732421875,426.5299987792969,425.5400085449219,426.18499755859375,256589,425.94500732421875
2026-05-28 12:45:00-04:00,424.1650085449219,426.0199890136719,424.05999755859375,425.94500732421875,246487,424.1650085449219
2026-05-28 12:50:00-04:00,423.55499267578125,424.1700134277344,422.70001220703125,424.1700134277344,397413,423.55499267578125
2026-05-28 12:55:00-04:00,424.4566955566406,424.6000061035156,423.281005859375,423.5400085449219,296578,424.4566955566406
2026-05-28 13:00:00-04:00,424.9599914550781,425.1600036621094,424.4700012207031,424.489990234375,218553,424.9599914550781
2026-05-28 13:05:00-04:00,425.3348083496094,425.5299987792969,424.760009765625,424.95001220703125,185068,425.3348083496094
2026-05-28 13:10:00-04:00,424.6600036621094,425.4599914550781,424.6000061035156,425.31500244140625,185420,424.6600036621094
2026-05-28 13:15:00-04:00,425.1199951171875,425.3999938964844,424.6000061035156,424.6700134277344,212035,425.1199951171875
2026-05-28 13:20:00-04:00,425.82000732421875,426.0,425.0400085449219,425.06500244140625,165789,425.82000732421875
2026-05-28 13:25:00-04:00,425.80999755859375,425.94000244140625,425.3699951171875,425.79998779296875,180021,425.80999755859375
2026-05-28 13:30:00-04:00,426.25,426.3349914550781,425.7900085449219,425.7950134277344,188412,426.25
2026-05-28 13:35:00-04:00,426.4549865722656,426.4700012207031,425.9599914550781,426.25,206133,426.4549865722656
2026-05-28 13:40:00-04:00,426.75,427.04998779296875,426.3500061035156,426.4700012207031,272036,426.75
2026-05-28 13:45:00-04:00,427.20001220703125,427.29998779296875,426.4400939941406,426.7300109863281,238189,427.20001220703125
2026-05-28 13:50:00-04:00,427.32000732421875,427.3999938964844,427.05999755859375,427.17999267578125,251308,427.32000732421875
2026-05-28 13:55:00-04:00,427.4800109863281,427.6099853515625,427.2300109863281,427.32000732421875,265814,427.4800109863281
2026-05-28 14:00:00-04:00,428.4200134277344,428.6499938964844,427.3299865722656,427.510009765625,420770,428.4200134277344
2026-05-28 14:05:00-04:00,427.9649963378906,428.4800109863281,427.8900146484375,428.4200134277344,328745,427.9649963378906
2026-05-28 14:10:00-04:00,427.8905029296875,429.1549987792969,427.880615234375,427.989990234375,463145,427.8905029296875
2026-05-28 14:15:00-04:00,427.0,428.0899963378906,426.92999267578125,427.8900146484375,325384,427.0
2026-05-28 14:20:00-04:00,426.3500061035156,427.125,426.07000732421875,426.9200134277344,340591,426.3500061035156
2026-05-28 14:25:00-04:00,426.5,426.5899963378906,426.0924987792969,426.3500061035156,199741,426.5
2026-05-28 14:30:00-04:00,426.7200012207031,426.760009765625,426.42010498046875,426.5199890136719,236153,426.7200012207031
2026-05-28 14:35:00-04:00,426.3599853515625,426.7499084472656,426.05999755859375,426.7200012207031,223298,426.3599853515625
2026-05-28 14:40:00-04:00,426.5899963378906,426.6600036621094,426.0899963378906,426.3599853515625,204735,426.5899963378906
2026-05-28 14:45:00-04:00,426.9200134277344,427.25,426.6200866699219,426.6600036621094,232731,426.9200134277344
2026-05-28 14:50:00-04:00,426.660400390625,426.93499755859375,426.5299987792969,426.9200134277344,169217,426.660400390625
2026-05-28 14:55:00-04:00,426.0350036621094,426.67999267578125,426.0299987792969,426.6300048828125,190081,426.0350036621094
2026-05-28 15:00:00-04:00,426.6650085449219,426.8299865722656,426.1000061035156,426.1199951171875,175090,426.6650085449219
2026-05-28 15:05:00-04:00,426.4049987792969,426.95001220703125,426.30010986328125,426.6700134277344,183463,426.4049987792969
2026-05-28 15:10:00-04:00,426.55999755859375,426.64990234375,426.29998779296875,426.4049987792969,153697,426.55999755859375
2026-05-28 15:15:00-04:00,426.2850036621094,426.79998779296875,426.2101135253906,426.5299987792969,200119,426.2850036621094
2026-05-28 15:20:00-04:00,426.07000732421875,426.3699951171875,426.0299987792969,426.2950134277344,185969,426.07000732421875
2026-05-28 15:25:00-04:00,426.0299987792969,426.1499938964844,425.6099853515625,426.07000732421875,235398,426.0299987792969
2026-05-28 15:30:00-04:00,426.6000061035156,426.7900085449219,425.8699951171875,426.010009765625,997868,426.6000061035156
2026-05-28 15:35:00-04:00,426.5050048828125,426.6199951171875,426.32000732421875,426.6099853515625,168543,426.5050048828125
2026-05-28 15:40:00-04:00,426.25,426.6300048828125,426.2349853515625,426.4700012207031,255530,426.25
2026-05-28 15:45:00-04:00,426.0299987792969,426.6600036621094,426.0199890136719,426.25,249531,426.0299987792969
2026-05-28 15:50:00-04:00,425.860107421875,426.1099853515625,424.92999267578125,426.05999755859375,569413,425.860107421875
2026-05-28 15:55:00-04:00,427.0199890136719,427.0299987792969,425.8599853515625,425.8599853515625,1150425,427.0199890136719
2026-05-29 09:30:00-04:00,438.2049865722656,438.8500061035156,432.3599853515625,432.7124938964844,4160104,438.2049865722656
2026-05-29 09:35:00-04:00,439.385009765625,441.1000061035156,437.9013977050781,438.2049865722656,1937733,439.385009765625
2026-05-29 09:40:00-04:00,440.8299865722656,441.7898864746094,438.1199951171875,439.410400390625,1301115,440.8299865722656
2026-05-29 09:45:00-04:00,438.489990234375,441.05999755859375,438.1199951171875,440.7850036621094,876688,438.489990234375
2026-05-29 09:50:00-04:00,439.8599853515625,440.4100036621094,438.2799987792969,438.4100036621094,612664,439.8599853515625
2026-05-29 09:55:00-04:00,441.1400146484375,441.1499938964844,439.67999267578125,439.8599853515625,678785,441.1400146484375
2026-05-29 10:00:00-04:00,441.5799865722656,441.92999267578125,440.5,441.1000061035156,666004,441.5799865722656
2026-05-29 10:05:00-04:00,441.67498779296875,443.4800109863281,441.1099853515625,441.55999755859375,1299579,441.67498779296875
2026-05-29 10:10:00-04:00,440.1401062011719,441.93499755859375,440.0201110839844,441.67498779296875,655447,440.1401062011719
2026-05-29 10:15:00-04:00,438.4200134277344,440.2300109863281,437.94000244140625,440.1351013183594,480209,438.4200134277344
2026-05-29 10:20:00-04:00,438.70001220703125,439.1499938964844,437.9700012207031,438.3500061035156,473327,438.70001220703125
2026-05-29 10:25:00-04:00,439.8900146484375,440.05999755859375,438.05999755859375,438.7250061035156,522372,439.8900146484375
2026-05-29 10:30:00-04:00,441.44500732421875,441.7300109863281,439.760009765625,439.8599853515625,441610,441.44500732421875
2026-05-29 10:35:00-04:00,441.6499938964844,442.8800048828125,441.25,441.46600341796875,619194,441.6499938964844
2026-05-29 10:40:00-04:00,442.07000732421875,443.19000244140625,441.69500732421875,441.69500732421875,643621,442.07000732421875
2026-05-29 10:45:00-04:00,441.5799865722656,442.19000244140625,440.66009521484375,442.0350036621094,469567,441.5799865722656
2026-05-29 10:50:00-04:00,443.34600830078125,444.0592041015625,441.44000244140625,441.55999755859375,774289,443.34600830078125
2026-05-29 10:55:00-04:00,444.5299987792969,444.8800048828125,442.70001220703125,443.3800048828125,577275,444.5299987792969
2026-05-29 11:00:00-04:00,444.71990966796875,444.9800109863281,444.04010009765625,444.5450134277344,475858,444.71990966796875
2026-05-29 11:05:00-04:00,444.7349853515625,445.1300048828125,443.94000244140625,444.6499938964844,898566,444.7349853515625
2026-05-29 11:10:00-04:00,444.908203125,445.5400085449219,444.7380065917969,444.7900085449219,403822,444.908203125
2026-05-29 11:15:00-04:00,444.6600036621094,445.6400146484375,444.0199890136719,444.8800048828125,443047,444.6600036621094
2026-05-29 11:20:00-04:00,443.6351013183594,445.20001220703125,443.6199951171875,444.70001220703125,514080,443.6351013183594
2026-05-29 11:25:00-04:00,443.6400146484375,444.0400085449219,443.17999267578125,443.635009765625,311043,443.6400146484375
2026-05-29 11:30:00-04:00,444.2200012207031,444.6199951171875,443.6000061035156,443.6300048828125,279278,444.2200012207031
2026-05-29 11:35:00-04:00,443.5199890136719,444.2799987792969,443.42999267578125,444.2799987792969,549486,443.5199890136719
2026-05-29 11:40:00-04:00,442.8999938964844,443.7995910644531,442.760009765625,443.55120849609375,316123,442.8999938964844
2026-05-29 11:45:00-04:00,444.0950012207031,444.17999267578125,442.760009765625,442.840087890625,387835,444.0950012207031
2026-05-29 11:50:00-04:00,442.95001220703125,444.0950012207031,442.8301086425781,444.0950012207031,321618,442.95001220703125
2026-05-29 11:55:00-04:00,442.7250061035156,443.1899108886719,442.5,442.9599914550781,289783,442.7250061035156
2026-05-29 12:00:00-04:00,443.2699890136719,443.3099060058594,442.4599914550781,442.7799987792969,272086,443.2699890136719
2026-05-29 12:05:00-04:00,443.4949951171875,443.6499938964844,442.8999938964844,443.29998779296875,448577,443.4949951171875
2026-05-29 12:10:00-04:00,442.92999267578125,443.5,442.8711853027344,443.4599914550781,292699,442.92999267578125
2026-05-29 12:15:00-04:00,442.20001220703125,442.9590148925781,442.1348876953125,442.9200134277344,245603,442.20001220703125
2026-05-29 12:20:00-04:00,442.7650146484375,442.8599853515625,442.1199951171875,442.2149963378906,220736,442.7650146484375
2026-05-29 12:25:00-04:00,442.6499938964844,442.7715148925781,442.3699951171875,442.760009765625,172668,442.6499938964844
2026-05-29 12:30:00-04:00,443.94000244140625,443.9750061035156,442.57000732421875,442.6199951171875,308115,443.94000244140625
2026-05-29 12:35:00-04:00,444.83990478515625,444.8999938964844,443.8399963378906,443.9200134277344,344840,444.83990478515625
2026-05-29 12:40:00-04:00,444.727294921875,444.9798889160156,444.4100036621094,444.81500244140625,215513,444.727294921875
2026-05-29 12:45:00-04:00,444.25,444.8299865722656,444.0400085449219,444.70001220703125,230068,444.25
2026-05-29 12:50:00-04:00,444.135009765625,444.3599853515625,443.67999267578125,444.25,204103,444.135009765625
2026-05-29 12:55:00-04:00,442.9150085449219,444.3399963378906,442.80999755859375,444.135009765625,210466,442.9150085449219
2026-05-29 13:00:00-04:00,443.2900085449219,443.489990234375,442.79998779296875,442.94000244140625,227118,443.2900085449219
2026-05-29 13:05:00-04:00,443.79998779296875,443.8500061035156,443.0400085449219,443.29998779296875,144532,443.79998779296875
2026-05-29 13:10:00-04:00,443.7099914550781,444.04998779296875,443.54998779296875,443.80499267578125,162302,443.7099914550781
2026-05-29 13:15:00-04:00,443.989990234375,444.1600036621094,443.57000732421875,443.7200012207031,161762,443.989990234375
2026-05-29 13:20:00-04:00,443.45001220703125,444.0,442.7099914550781,443.9700012207031,235964,443.45001220703125
2026-05-29 13:25:00-04:00,443.6300048828125,443.69000244140625,443.0849914550781,443.4599914550781,335607,443.6300048828125
2026-05-29 13:30:00-04:00,443.25,443.7699890136719,443.19000244140625,443.6300048828125,151193,443.25
2026-05-29 13:35:00-04:00,443.3550109863281,443.3550109863281,442.6199951171875,443.2900085449219,216041,443.3550109863281
2026-05-29 13:40:00-04:00,443.70001220703125,443.7557067871094,443.3299865722656,443.3500061035156,140574,443.70001220703125
2026-05-29 13:45:00-04:00,443.79998779296875,443.9200134277344,443.3399963378906,443.70001220703125,193344,443.79998779296875
2026-05-29 13:50:00-04:00,443.1600036621094,444.0799865722656,443.1499938964844,443.79998779296875,187094,443.1600036621094
2026-05-29 13:55:00-04:00,442.510009765625,443.239990234375,442.4599914550781,443.1549987792969,167326,442.510009765625
2026-05-29 14:00:00-04:00,442.82000732421875,443.05999755859375,442.2200012207031,442.5199890136719,237378,442.82000732421875
2026-05-29 14:05:00-04:00,442.739990234375,443.3999938964844,442.53009033203125,442.8450012207031,180117,442.739990234375
2026-05-29 14:10:00-04:00,442.3299865722656,442.9100036621094,442.25,442.7463073730469,155255,442.3299865722656
2026-05-29 14:15:00-04:00,442.489990234375,442.489990234375,441.8100891113281,442.31500244140625,218761,442.489990234375
2026-05-29 14:20:00-04:00,442.55999755859375,442.9100036621094,442.3999938964844,442.4700012207031,177277,442.55999755859375
2026-05-29 14:25:00-04:00,442.7200012207031,442.79998779296875,442.489990234375,442.55999755859375,130730,442.7200012207031
2026-05-29 14:30:00-04:00,443.25,443.3395080566406,442.75,442.75,346069,443.25
2026-05-29 14:35:00-04:00,443.3699951171875,443.7799987792969,443.1099853515625,443.2300109863281,202370,443.3699951171875
2026-05-29 14:40:00-04:00,442.3450012207031,443.375,442.2300109863281,443.375,257431,442.3450012207031
2026-05-29 14:45:00-04:00,442.6299133300781,442.6300048828125,441.9200134277344,442.3699951171875,206774,442.6299133300781
2026-05-29 14:50:00-04:00,441.8102111816406,442.6050109863281,441.54998779296875,442.5950012207031,200420,441.8102111816406
2026-05-29 14:55:00-04:00,441.5899963378906,441.9198913574219,441.3999938964844,441.8100891113281,203259,441.5899963378906
2026-05-29 15:00:00-04:00,441.69500732421875,442.1499938964844,441.3599853515625,441.55999755859375,278840,441.69500732421875
2026-05-29 15:05:00-04:00,442.2699890136719,442.39990234375,441.67999267578125,441.7099914550781,580855,442.2699890136719
2026-05-29 15:10:00-04:00,442.8999938964844,442.95001220703125,442.0400085449219,442.260009765625,191959,442.8999938964844
2026-05-29 15:15:00-04:00,442.7650146484375,442.90899658203125,442.510009765625,442.8800048828125,276367,442.7650146484375
2026-05-29 15:20:00-04:00,443.06500244140625,443.239990234375,442.75,442.760009765625,241139,443.06500244140625
2026-05-29 15:25:00-04:00,443.5299987792969,443.57000732421875,442.9700012207031,443.04998779296875,289483,443.5299987792969
2026-05-29 15:30:00-04:00,443.04998779296875,443.8399963378906,443.0299987792969,443.5299987792969,323780,443.04998779296875
2026-05-29 15:35:00-04:00,443.135009765625,443.2998962402344,442.7900085449219,443.04998779296875,287630,443.135009765625
2026-05-29 15:40:00-04:00,442.8599853515625,443.1700134277344,442.7300109863281,443.1499938964844,317270,442.8599853515625
2026-05-29 15:45:00-04:00,443.260009765625,443.2898864746094,442.5000915527344,442.80999755859375,421022,443.260009765625
2026-05-29 15:50:00-04:00,448.1400146484375,448.20001220703125,443.2200012207031,443.2900085449219,3485820,448.1400146484375
2026-05-29 15:55:00-04:00,448.6400146484375,450.3299865722656,447.92999267578125,448.0849914550781,5778560,448.6400146484375
2026-06-01 09:30:00-04:00,460.5,465.7799987792969,458.9200134277344,465.05999755859375,7912839,460.5
2026-06-01 09:35:00-04:00,462.32000732421875,464.5799865722656,459.75,460.6099853515625,1379869,462.32000732421875
2026-06-01 09:40:00-04:00,463.0299987792969,464.0,460.82000732421875,462.3421936035156,1225821,463.0299987792969
2026-06-01 09:45:00-04:00,461.2398986816406,464.4599914550781,461.0,463.0299987792969,1104765,461.2398986816406
2026-06-01 09:50:00-04:00,463.67498779296875,465.45001220703125,461.0,461.1199951171875,1086808,463.67498779296875
2026-06-01 09:55:00-04:00,464.8699951171875,465.4700012207031,463.3599853515625,463.67999267578125,810457,464.8699951171875
2026-06-01 10:00:00-04:00,462.9700012207031,466.32000732421875,462.260009765625,464.7200012207031,882501,462.9700012207031
2026-06-01 10:05:00-04:00,462.1600036621094,463.42999267578125,461.1300048828125,462.9599914550781,678211,462.1600036621094
2026-06-01 10:10:00-04:00,460.8695068359375,462.2499084472656,460.114990234375,462.19500732421875,709609,460.8695068359375
2026-06-01 10:15:00-04:00,461.0400085449219,462.510009765625,460.69000244140625,460.8999938964844,738669,461.0400085449219
2026-06-01 10:20:00-04:00,461.5000915527344,462.7699890136719,460.2449951171875,461.010009765625,800578,461.5000915527344
2026-06-01 10:25:00-04:00,461.7950134277344,461.9700012207031,460.70001220703125,461.5,565246,461.7950134277344
2026-06-01 10:30:00-04:00,460.091796875,461.8500061035156,459.79998779296875,461.8299865722656,601726,460.091796875
2026-06-01 10:35:00-04:00,459.5050048828125,460.4800109863281,459.1708068847656,460.1099853515625,753308,459.5050048828125
2026-06-01 10:40:00-04:00,461.6199951171875,461.7200012207031,459.20001220703125,459.45001220703125,624734,461.6199951171875
2026-06-01 10:45:00-04:00,461.6200866699219,462.55999755859375,460.8900146484375,461.55499267578125,515730,461.6200866699219
2026-06-01 10:50:00-04:00,460.510009765625,461.8999938964844,460.18011474609375,461.6400146484375,643861,460.510009765625
2026-06-01 10:55:00-04:00,463.20001220703125,463.2300109863281,460.4599914550781,460.5299987792969,531494,463.20001220703125
2026-06-01 11:00:00-04:00,461.3949890136719,463.45001220703125,461.3500061035156,463.20001220703125,462439,461.3949890136719
2026-06-01 11:05:00-04:00,460.1199951171875,461.7300109863281,460.010009765625,461.3800048828125,451487,460.1199951171875
2026-06-01 11:10:00-04:00,461.1448059082031,461.69000244140625,459.2200012207031,460.1000061035156,553946,461.1448059082031
2026-06-01 11:15:00-04:00,461.6000061035156,462.07000732421875,461.1499938964844,461.1700134277344,389345,461.6000061035156
2026-06-01 11:20:00-04:00,460.7099914550781,462.2200012207031,460.67999267578125,461.6000061035156,374160,460.7099914550781
2026-06-01 11:25:00-04:00,460.5799865722656,461.0,460.2200012207031,460.7550048828125,521246,460.5799865722656
2026-06-01 11:30:00-04:00,462.2200012207031,462.3500061035156,460.45001220703125,460.6199951171875,561104,462.2200012207031
2026-06-01 11:35:00-04:00,462.87921142578125,463.9100036621094,462.1400146484375,462.2200012207031,666207,462.87921142578125
2026-06-01 11:40:00-04:00,461.32000732421875,462.94000244140625,461.1449890136719,462.9100036621094,425206,461.32000732421875
2026-06-01 11:45:00-04:00,461.4100036621094,461.8399963378906,460.5553894042969,461.29998779296875,391555,461.4100036621094
2026-06-01 11:50:00-04:00,461.1300048828125,461.6000061035156,460.3500061035156,461.44000244140625,372206,461.1300048828125
2026-06-01 11:55:00-04:00,460.4700012207031,461.1700134277344,460.3299865722656,461.1499938964844,297924,460.4700012207031
2026-06-01 12:00:00-04:00,460.5950012207031,461.20001220703125,460.3399963378906,460.45001220703125,287095,460.5950012207031
2026-06-01 12:05:00-04:00,459.510009765625,460.6400146484375,459.20001220703125,460.6199951171875,446861,459.510009765625
2026-06-01 12:10:00-04:00,460.54998779296875,460.7300109863281,459.3599853515625,459.510009765625,398341,460.54998779296875
2026-06-01 12:15:00-04:00,459.9649963378906,460.5889892578125,459.29998779296875,460.5299987792969,338535,459.9649963378906
2026-06-01 12:20:00-04:00,460.8800048828125,461.0498962402344,459.4200134277344,459.9100036621094,359064,460.8800048828125
2026-06-01 12:25:00-04:00,461.760009765625,461.79998779296875,460.4599914550781,460.8599853515625,327756,461.760009765625
2026-06-01 12:30:00-04:00,462.260009765625,462.42999267578125,461.7200012207031,461.760009765625,340873,462.260009765625
2026-06-01 12:35:00-04:00,461.93499755859375,462.2598876953125,461.42999267578125,462.239990234375,244747,461.93499755859375
2026-06-01 12:40:00-04:00,462.0849914550781,462.3900146484375,461.739990234375,461.94500732421875,189096,462.0849914550781
2026-06-01 12:45:00-04:00,461.8550109863281,462.29998779296875,461.7099914550781,462.1000061035156,218937,461.8550109863281
2026-06-01 12:50:00-04:00,461.9200134277344,462.45001220703125,461.75,461.8550109863281,217621,461.9200134277344
2026-06-01 12:55:00-04:00,461.9599914550781,462.2699890136719,461.5400085449219,461.9200134277344,220151,461.9599914550781
2026-06-01 13:00:00-04:00,461.19000244140625,462.2300109863281,461.010009765625,461.95001220703125,248918,461.19000244140625
2026-06-01 13:05:00-04:00,460.8949890136719,461.409912109375,460.6499938964844,461.1600036621094,274142,460.8949890136719
2026-06-01 13:10:00-04:00,460.67999267578125,460.9800109863281,460.5899963378906,460.92999267578125,204927,460.67999267578125
2026-06-01 13:15:00-04:00,459.6000061035156,460.739990234375,459.6000061035156,460.7200012207031,379709,459.6000061035156
2026-06-01 13:20:00-04:00,460.8349914550781,461.0,459.5899963378906,459.6000061035156,263812,460.8349914550781
2026-06-01 13:25:00-04:00,460.2799987792969,461.0899963378906,460.06500244140625,460.81500244140625,258237,460.2799987792969
2026-06-01 13:30:00-04:00,459.625,460.5899963378906,459.6000061035156,460.3500061035156,235039,459.625
2026-06-01 13:35:00-04:00,458.6700134277344,459.6462097167969,458.6199951171875,459.625,342751,458.6700134277344
2026-06-01 13:40:00-04:00,459.1300048828125,459.8800048828125,458.6000061035156,458.67999267578125,511604,459.1300048828125
2026-06-01 13:45:00-04:00,459.1199951171875,460.1099853515625,458.69000244140625,459.1513977050781,461116,459.1199951171875
2026-06-01 13:50:00-04:00,459.1099853515625,459.29998779296875,458.2699890136719,459.1400146484375,436940,459.1099853515625
2026-06-01 13:55:00-04:00,459.92999267578125,460.1099853515625,458.8599853515625,459.1050109863281,414049,459.92999267578125
2026-06-01 14:00:00-04:00,460.17999267578125,460.20001220703125,459.6199951171875,460.0199890136719,324305,460.17999267578125
2026-06-01 14:05:00-04:00,460.82501220703125,460.9599914550781,460.16839599609375,460.1700134277344,386747,460.82501220703125
2026-06-01 14:10:00-04:00,461.0799865722656,461.70001220703125,460.6300048828125,460.82501220703125,360330,461.0799865722656
2026-06-01 14:15:00-04:00,460.8583984375,461.375,460.82000732421875,461.1000061035156,273496,460.8583984375
2026-06-01 14:20:00-04:00,460.6300048828125,460.9599914550781,460.30999755859375,460.8599853515625,220040,460.6300048828125
2026-06-01 14:25:00-04:00,460.8699951171875,461.3999938964844,460.6600036621094,460.6600036621094,290598,460.8699951171875
2026-06-01 14:30:00-04:00,460.57501220703125,461.2200012207031,460.57501220703125,460.8599853515625,320400,460.57501220703125
2026-06-01 14:35:00-04:00,460.7799987792969,460.92498779296875,460.489990234375,460.57501220703125,185675,460.7799987792969
2026-06-01 14:40:00-04:00,461.0350036621094,461.0899963378906,460.5950012207031,460.7950134277344,190719,461.0350036621094
2026-06-01 14:45:00-04:00,461.159912109375,461.2099914550781,460.95001220703125,461.010009765625,204914,461.159912109375
2026-06-01 14:50:00-04:00,460.9200134277344,461.2879943847656,460.6199951171875,461.1600036621094,306102,460.9200134277344
2026-06-01 14:55:00-04:00,460.9599914550781,461.04998779296875,460.05999755859375,460.92498779296875,295285,460.9599914550781
2026-06-01 15:00:00-04:00,461.8288879394531,462.0,460.7300109863281,460.94000244140625,329936,461.8288879394531
2026-06-01 15:05:00-04:00,461.4599914550781,462.1300048828125,461.2699890136719,461.79998779296875,277457,461.4599914550781
2026-06-01 15:10:00-04:00,462.29998779296875,462.3900146484375,461.4100036621094,461.4750061035156,260730,462.29998779296875
2026-06-01 15:15:00-04:00,463.07000732421875,463.25,462.30010986328125,462.3700866699219,502408,463.07000732421875
2026-06-01 15:20:00-04:00,463.5199890136719,463.7300109863281,462.6499938964844,463.03009033203125,404980,463.5199890136719
2026-06-01 15:25:00-04:00,463.7699890136719,464.1199951171875,463.3999938964844,463.54998779296875,314056,463.7699890136719
2026-06-01 15:30:00-04:00,463.7900085449219,464.1400146484375,463.1600036621094,463.7585144042969,418265,463.7900085449219
2026-06-01 15:35:00-04:00,463.4200134277344,464.1499938964844,463.3999938964844,463.8399963378906,360401,463.4200134277344
2026-06-01 15:40:00-04:00,462.3500061035156,463.3999938964844,462.3299865722656,463.3800048828125,342079,462.3500061035156
2026-06-01 15:45:00-04:00,461.30999755859375,462.489990234375,461.28009033203125,462.3500061035156,380701,461.30999755859375
2026-06-01 15:50:00-04:00,461.3599853515625,461.989990234375,460.0203857421875,461.2900085449219,765809,461.3599853515625
2026-06-01 15:55:00-04:00,460.57000732421875,462.0050048828125,460.3999938964844,461.35198974609375,1373240,460.57000732421875
2026-06-02 09:30:00-04:00,448.4200134277344,453.5,445.7099914550781,447.16900634765625,3856872,448.4200134277344
2026-06-02 09:35:00-04:00,446.4100036621094,449.8399963378906,446.3999938964844,448.3900146484375,847182,446.4100036621094
2026-06-02 09:40:00-04:00,446.2200012207031,446.4100036621094,444.0378112792969,446.4100036621094,1025211,446.2200012207031
2026-06-02 09:45:00-04:00,446.6400146484375,446.7799987792969,444.3100891113281,446.1099853515625,836642,446.6400146484375
2026-06-02 09:50:00-04:00,445.0400085449219,447.1000061035156,444.8999938964844,446.6249084472656,653618,445.0400085449219
2026-06-02 09:55:00-04:00,445.1199951171875,445.2200012207031,443.5,445.1050109863281,601944,445.1199951171875
2026-06-02 10:00:00-04:00,445.31500244140625,445.79998779296875,444.5,445.239990234375,495300,445.31500244140625
2026-06-02 10:05:00-04:00,445.8550109863281,446.6199951171875,444.6199951171875,445.30999755859375,434326,445.8550109863281
2026-06-02 10:10:00-04:00,446.9200134277344,447.3900146484375,445.6199951171875,445.8550109863281,528222,446.9200134277344
2026-06-02 10:15:00-04:00,447.2619934082031,447.8900146484375,446.8399963378906,446.8800048828125,438744,447.2619934082031
2026-06-02 10:20:00-04:00,445.8900146484375,447.6499938964844,445.5199890136719,447.3399963378906,391111,445.8900146484375
2026-06-02 10:25:00-04:00,444.2300109863281,445.8949890136719,443.7701110839844,445.8949890136719,495829,444.2300109863281
2026-06-02 10:30:00-04:00,443.635009765625,444.6700134277344,443.42999267578125,444.2300109863281,525782,443.635009765625
2026-06-02 10:35:00-04:00,443.90008544921875,445.2597961425781,443.635009765625,443.6700134277344,623675,443.90008544921875
2026-06-02 10:40:00-04:00,443.19989013671875,444.1199951171875,442.7799987792969,443.8999938964844,609722,443.19989013671875
2026-06-02 10:45:00-04:00,443.875,444.09991455078125,443.07000732421875,443.1899108886719,310766,443.875
2026-06-02 10:50:00-04:00,443.2149963378906,443.92999267578125,442.9100036621094,443.875,298749,443.2149963378906
2026-06-02 10:55:00-04:00,443.6650085449219,443.95001220703125,442.92999267578125,443.20001220703125,383906,443.6650085449219
2026-06-02 11:00:00-04:00,443.57501220703125,444.2499084472656,443.5199890136719,443.69000244140625,404161,443.57501220703125
2026-06-02 11:05:00-04:00,442.8500061035156,443.7149963378906,442.7799987792969,443.54998779296875,368308,442.8500061035156
2026-06-02 11:10:00-04:00,442.7650146484375,443.0,442.3399963378906,442.8399963378906,396367,442.7650146484375
2026-06-02 11:15:00-04:00,443.4200134277344,443.67999267578125,442.385009765625,442.79998779296875,359787,443.4200134277344
2026-06-02 11:20:00-04:00,443.55999755859375,443.8699951171875,442.760009765625,443.4100036621094,252576,443.55999755859375
2026-06-02 11:25:00-04:00,443.57000732421875,443.6400146484375,442.8599853515625,443.5299987792969,328536,443.57000732421875
2026-06-02 11:30:00-04:00,444.0400085449219,444.1099853515625,443.2300109863281,443.54998779296875,296817,444.0400085449219
2026-06-02 11:35:00-04:00,444.3399963378906,444.3999938964844,443.760009765625,444.0799865722656,311507,444.3399963378906
2026-06-02 11:40:00-04:00,444.3500061035156,444.6000061035156,444.05999755859375,444.2900085449219,212301,444.3500061035156
2026-06-02 11:45:00-04:00,444.2149963378906,444.67999267578125,443.9209899902344,444.3500061035156,307082,444.2149963378906
2026-06-02 11:50:00-04:00,443.6700134277344,444.2695007324219,443.54998779296875,444.21600341796875,208275,443.6700134277344
2026-06-02 11:55:00-04:00,443.8299865722656,443.94000244140625,443.17999267578125,443.6600036621094,218172,443.8299865722656
2026-06-02 12:00:00-04:00,443.9949951171875,444.04998779296875,443.4100036621094,443.8299865722656,193397,443.9949951171875
2026-06-02 12:05:00-04:00,444.1499938964844,444.659912109375,443.7300109863281,444.0199890136719,237591,444.1499938964844
2026-06-02 12:10:00-04:00,444.260498046875,444.4100036621094,443.8699951171875,444.110107421875,179390,444.260498046875
2026-06-02 12:15:00-04:00,445.1199951171875,445.260009765625,444.0,444.2349853515625,277168,445.1199951171875
2026-06-02 12:20:00-04:00,445.8399963378906,445.8999938964844,444.68499755859375,445.1000061035156,232053,445.8399963378906
2026-06-02 12:25:00-04:00,445.7799987792969,446.20001220703125,445.651611328125,445.83990478515625,229383,445.7799987792969
2026-06-02 12:30:00-04:00,443.91009521484375,445.8999938964844,443.9100036621094,445.79998779296875,793119,443.91009521484375
2026-06-02 12:35:00-04:00,444.2200012207031,444.3848876953125,443.2900085449219,443.92999267578125,276676,444.2200012207031
2026-06-02 12:40:00-04:00,442.8190002441406,444.2300109863281,442.7799987792969,444.2300109863281,288629,442.8190002441406
2026-06-02 12:45:00-04:00,443.1099853515625,443.29998779296875,442.3999938964844,442.75,249834,443.1099853515625
2026-06-02 12:50:00-04:00,443.3500061035156,443.4999084472656,443.0700988769531,443.0899963378906,195091,443.3500061035156
2026-06-02 12:55:00-04:00,443.7449951171875,443.864990234375,443.3500061035156,443.3599853515625,177549,443.7449951171875
2026-06-02 13:00:00-04:00,444.18499755859375,444.3599853515625,443.5400085449219,443.70001220703125,209846,444.18499755859375
2026-06-02 13:05:00-04:00,444.54998779296875,444.7699890136719,444.17999267578125,444.2200012207031,197611,444.54998779296875
2026-06-02 13:10:00-04:00,445.32000732421875,445.3599853515625,444.3399963378906,444.5400085449219,224985,445.32000732421875
2026-06-02 13:15:00-04:00,444.6499938964844,445.4700012207031,444.1099853515625,445.3450012207031,268738,444.6499938964844
2026-06-02 13:20:00-04:00,444.30499267578125,444.9894104003906,444.1000061035156,444.6050109863281,175054,444.30499267578125
2026-06-02 13:25:00-04:00,444.4700012207031,444.55499267578125,443.6300048828125,444.30999755859375,194398,444.4700012207031
2026-06-02 13:30:00-04:00,443.6400146484375,444.5899963378906,443.6400146484375,444.4700012207031,140956,443.6400146484375
2026-06-02 13:35:00-04:00,444.239990234375,444.5,443.6199951171875,443.75,164350,444.239990234375
2026-06-02 13:40:00-04:00,444.25,444.5,443.9306945800781,444.1499938964844,130971,444.25
2026-06-02 13:45:00-04:00,443.8699951171875,444.239990234375,443.79998779296875,444.239990234375,226186,443.8699951171875
2026-06-02 13:50:00-04:00,443.8550109863281,444.2799987792969,443.7200012207031,443.8999938964844,150531,443.8550109863281
2026-06-02 13:55:00-04:00,442.7349853515625,443.9700012207031,442.7300109863281,443.82000732421875,230457,442.7349853515625
2026-06-02 14:00:00-04:00,442.55999755859375,442.82000732421875,442.0199890136719,442.7449951171875,322559,442.55999755859375
2026-06-02 14:05:00-04:00,442.7950134277344,442.989990234375,442.54510498046875,442.6000061035156,135857,442.7950134277344
2026-06-02 14:10:00-04:00,442.2099914550781,442.8550109863281,442.1199951171875,442.7699890136719,267356,442.2099914550781
2026-06-02 14:15:00-04:00,442.3599853515625,443.010009765625,441.94000244140625,442.2250061035156,376070,442.3599853515625
2026-06-02 14:20:00-04:00,442.6199951171875,443.20001220703125,442.3550109863281,442.4200134277344,316905,442.6199951171875
2026-06-02 14:25:00-04:00,442.09478759765625,442.8800048828125,441.4397888183594,442.6000061035156,321624,442.09478759765625
2026-06-02 14:30:00-04:00,442.659912109375,442.7900085449219,441.8599853515625,442.0899963378906,240506,442.659912109375
2026-06-02 14:35:00-04:00,442.3501892089844,442.8299865722656,442.17999267578125,442.659912109375,175174,442.3501892089844
2026-06-02 14:40:00-04:00,441.94500732421875,442.45001220703125,441.5199890136719,442.3424987792969,264444,441.94500732421875
2026-06-02 14:45:00-04:00,441.75,442.1549987792969,441.67999267578125,441.9150085449219,149859,441.75
2026-06-02 14:50:00-04:00,440.9200134277344,441.79998779296875,440.8299865722656,441.7200012207031,307156,440.9200134277344
2026-06-02 14:55:00-04:00,440.625,441.0400085449219,440.42999267578125,440.94000244140625,363094,440.625
2026-06-02 15:00:00-04:00,441.82000732421875,441.82000732421875,440.6000061035156,440.6099853515625,306355,441.82000732421875
2026-06-02 15:05:00-04:00,441.5050048828125,442.1000061035156,441.489990234375,441.7850036621094,358387,441.5050048828125
2026-06-02 15:10:00-04:00,442.05999755859375,442.0799865722656,441.4599914550781,441.5050048828125,193098,442.05999755859375
2026-06-02 15:15:00-04:00,441.89788818359375,442.04998779296875,441.6300048828125,442.0299987792969,200740,441.89788818359375
2026-06-02 15:20:00-04:00,441.6099853515625,442.0776062011719,441.4800109863281,441.885009765625,242877,441.6099853515625
2026-06-02 15:25:00-04:00,441.69000244140625,441.8299865722656,441.4128112792969,441.6400146484375,208436,441.69000244140625
2026-06-02 15:30:00-04:00,441.96990966796875,442.1000061035156,441.69000244140625,441.7099914550781,254350,441.96990966796875
2026-06-02 15:35:00-04:00,441.8399963378906,441.9700012207031,441.6700134277344,441.9599914550781,264745,441.8399963378906
2026-06-02 15:40:00-04:00,441.7049865722656,441.8800048828125,441.6499938964844,441.8299865722656,283911,441.7049865722656
2026-06-02 15:45:00-04:00,441.6499938964844,441.8500061035156,441.5199890136719,441.70001220703125,343243,441.6499938964844
2026-06-02 15:50:00-04:00,440.7799987792969,442.0899963378906,440.7200012207031,441.57000732421875,734977,440.7799987792969
2026-06-02 15:55:00-04:00,441.2900085449219,441.6300048828125,440.8299865722656,440.8299865722656,1270829,441.2900085449219
2026-06-03 09:30:00-04:00,436.1099853515625,440.3900146484375,435.8800048828125,438.45001220703125,3083100,436.1099853515625
2026-06-03 09:35:00-04:00,434.9200134277344,436.67999267578125,434.7804870605469,436.04010009765625,861021,434.9200134277344
2026-06-03 09:40:00-04:00,432.17999267578125,435.07000732421875,431.8599853515625,434.94000244140625,914001,432.17999267578125
2026-06-03 09:45:00-04:00,432.55499267578125,433.9700012207031,431.4200134277344,432.1600036621094,921788,432.55499267578125
2026-06-03 09:50:00-04:00,432.30999755859375,432.7598876953125,431.3599853515625,432.5299987792969,512858,432.30999755859375
2026-06-03 09:55:00-04:00,431.3999938964844,432.55999755859375,431.2950134277344,432.3399963378906,456992,431.3999938964844
2026-06-03 10:00:00-04:00,432.0299987792969,432.25,430.79998779296875,431.4599914550781,707815,432.0299987792969
2026-06-03 10:05:00-04:00,431.8949890136719,432.3599853515625,431.5,432.0675048828125,391065,431.8949890136719
2026-06-03 10:10:00-04:00,432.4798889160156,432.5360107421875,431.30010986328125,431.8900146484375,338532,432.4798889160156
2026-06-03 10:15:00-04:00,432.5950012207031,433.1400146484375,431.93499755859375,432.4599914550781,379473,432.5950012207031
2026-06-03 10:20:00-04:00,431.1700134277344,433.20001220703125,431.0400085449219,432.5950012207031,401644,431.1700134277344
2026-06-03 10:25:00-04:00,430.81500244140625,431.6199951171875,430.54998779296875,431.135009765625,399687,430.81500244140625
2026-06-03 10:30:00-04:00,429.4901123046875,431.5199890136719,429.3800048828125,430.81500244140625,758232,429.4901123046875
2026-06-03 10:35:00-04:00,428.5299987792969,429.5799865722656,428.0,429.510009765625,642339,428.5299987792969
2026-06-03 10:40:00-04:00,428.2449951171875,428.7900085449219,428.0199890136719,428.5,517054,428.2449951171875
2026-06-03 10:45:00-04:00,427.5050048828125,428.5799865722656,427.3699951171875,428.2200012207031,592060,427.5050048828125
2026-06-03 10:50:00-04:00,427.07330322265625,427.5199890136719,426.8800048828125,427.4750061035156,390793,427.07330322265625
2026-06-03 10:55:00-04:00,427.3550109863281,427.739990234375,426.8699951171875,427.0613098144531,383308,427.3550109863281
2026-06-03 11:00:00-04:00,426.9114990234375,428.0400085449219,426.80999755859375,427.3550109863281,429956,426.9114990234375
2026-06-03 11:05:00-04:00,426.70001220703125,427.0198974609375,426.0201110839844,426.89410400390625,465669,426.70001220703125
2026-06-03 11:10:00-04:00,425.9599914550781,427.1700134277344,425.8500061035156,426.68499755859375,611932,425.9599914550781
2026-06-03 11:15:00-04:00,427.32000732421875,427.3999938964844,425.8999938964844,425.9599914550781,411894,427.32000732421875
2026-06-03 11:20:00-04:00,426.82501220703125,427.510009765625,426.6700134277344,427.30999755859375,303660,426.82501220703125
2026-06-03 11:25:00-04:00,427.739990234375,427.9599914550781,426.79998779296875,426.79998779296875,365040,427.739990234375
2026-06-03 11:30:00-04:00,426.3299865722656,427.7900085449219,426.20001220703125,427.7900085449219,287057,426.3299865722656
2026-06-03 11:35:00-04:00,426.4200134277344,427.1000061035156,426.2099914550781,426.3299865722656,281764,426.4200134277344
2026-06-03 11:40:00-04:00,426.6199951171875,426.8900146484375,426.2300109863281,426.44500732421875,264679,426.6199951171875
2026-06-03 11:45:00-04:00,426.42999267578125,426.6700134277344,426.1300048828125,426.57000732421875,240293,426.42999267578125
2026-06-03 11:50:00-04:00,426.9649963378906,427.04998779296875,426.3089904785156,426.42999267578125,285897,426.9649963378906
2026-06-03 11:55:00-04:00,427.0498962402344,427.1499938964844,426.5299987792969,426.9649963378906,195879,427.0498962402344
2026-06-03 12:00:00-04:00,426.67498779296875,427.2200012207031,426.6499938964844,427.0299987792969,209605,426.67498779296875
2026-06-03 12:05:00-04:00,426.4949951171875,426.8299865722656,426.32000732421875,426.67498779296875,197356,426.4949951171875
2026-06-03 12:10:00-04:00,426.0599060058594,426.70001220703125,425.8699951171875,426.45001220703125,257260,426.0599060058594
2026-06-03 12:15:00-04:00,425.8500061035156,426.05938720703125,425.3500061035156,426.05938720703125,297675,425.8500061035156
2026-06-03 12:20:00-04:00,425.57000732421875,425.989990234375,425.2380065917969,425.8800048828125,213240,425.57000732421875
2026-06-03 12:25:00-04:00,425.4750061035156,425.739990234375,425.1199951171875,425.55999755859375,290121,425.4750061035156
2026-06-03 12:30:00-04:00,425.152099609375,425.8299865722656,425.1499938964844,425.4599914550781,228469,425.152099609375
2026-06-03 12:35:00-04:00,424.3800048828125,425.2799987792969,424.25,425.17999267578125,395227,424.3800048828125
2026-06-03 12:40:00-04:00,424.3500061035156,424.6199951171875,424.2799987792969,424.3599853515625,224117,424.3500061035156
2026-06-03 12:45:00-04:00,424.8855895996094,425.159912109375,424.8399963378906,424.9200134277344,637916,424.8855895996094
2026-06-03 12:50:00-04:00,424.6700134277344,424.9200134277344,424.35009765625,424.8299865722656,227621,424.6700134277344
2026-06-03 12:55:00-04:00,424.6499938964844,424.743408203125,424.4599914550781,424.625,144104,424.6499938964844
2026-06-03 13:00:00-04:00,424.8450012207031,424.9599914550781,424.5069885253906,424.6499938964844,244473,424.8450012207031
2026-06-03 13:05:00-04:00,424.9849853515625,425.1700134277344,424.75,424.82000732421875,228999,424.9849853515625
2026-06-03 13:10:00-04:00,424.42999267578125,425.07000732421875,424.3699951171875,424.9750061035156,196633,424.42999267578125
2026-06-03 13:15:00-04:00,424.6211853027344,424.7250061035156,424.29998779296875,424.4200134277344,576046,424.6211853027344
2026-06-03 13:20:00-04:00,425.1099853515625,425.1499938964844,424.6449890136719,424.6449890136719,236709,425.1099853515625
2026-06-03 13:25:00-04:00,425.45989990234375,425.5299987792969,425.1000061035156,425.2550048828125,171777,425.45989990234375
2026-06-03 13:30:00-04:00,425.69000244140625,425.7200012207031,425.0899963378906,425.4800109863281,212073,425.69000244140625
2026-06-03 13:35:00-04:00,426.2500915527344,426.4599914550781,425.69000244140625,425.70001220703125,314415,426.2500915527344
2026-06-03 13:40:00-04:00,426.5199890136719,426.9100036621094,425.9800109863281,426.2749938964844,219374,426.5199890136719
2026-06-03 13:45:00-04:00,426.7850036621094,426.9399108886719,426.2607116699219,426.54998779296875,199566,426.7850036621094
2026-06-03 13:50:00-04:00,426.385009765625,426.94000244140625,426.2904968261719,426.7699890136719,157800,426.385009765625
2026-06-03 13:55:00-04:00,426.6199951171875,426.8999938964844,426.3349914550781,426.3900146484375,171081,426.6199951171875
2026-06-03 14:00:00-04:00,426.9359130859375,427.2650146484375,426.4649963378906,426.625,250169,426.9359130859375
2026-06-03 14:05:00-04:00,426.7699890136719,427.05999755859375,426.70001220703125,426.92498779296875,161511,426.7699890136719
2026-06-03 14:10:00-04:00,427.4100036621094,427.44000244140625,426.3999938964844,426.70001220703125,255180,427.4100036621094
2026-06-03 14:15:00-04:00,427.2799987792969,427.44000244140625,427.1123962402344,427.3999938964844,145856,427.2799987792969
2026-06-03 14:20:00-04:00,428.0400085449219,428.07989501953125,427.010009765625,427.30999755859375,239584,428.0400085449219
2026-06-03 14:25:00-04:00,428.1499938964844,428.29998779296875,427.8800964355469,428.0451965332031,211939,428.1499938964844
2026-06-03 14:30:00-04:00,428.3301086425781,428.42999267578125,428.010009765625,428.19000244140625,194408,428.3301086425781
2026-06-03 14:35:00-04:00,428.6000061035156,428.7799072265625,428.3399963378906,428.364990234375,177279,428.6000061035156
2026-06-03 14:40:00-04:00,428.6050109863281,428.6400146484375,428.0,428.6000061035156,201727,428.6050109863281
2026-06-03 14:45:00-04:00,428.2699890136719,428.6499938964844,428.2349853515625,428.6050109863281,186287,428.2699890136719
2026-06-03 14:50:00-04:00,427.8900146484375,428.44000244140625,427.82000732421875,428.29998779296875,211363,427.8900146484375
2026-06-03 14:55:00-04:00,428.2997131347656,428.32000732421875,427.6300048828125,427.95001220703125,190894,428.2997131347656
2026-06-03 15:00:00-04:00,427.70001220703125,428.42608642578125,427.5799865722656,428.2998962402344,206419,427.70001220703125
2026-06-03 15:05:00-04:00,427.8349914550781,427.9798889160156,427.5,427.7204895019531,189886,427.8349914550781
2026-06-03 15:10:00-04:00,428.07000732421875,428.0899963378906,427.3699951171875,427.8349914550781,228030,428.07000732421875
2026-06-03 15:15:00-04:00,428.3949890136719,428.9599914550781,428.0423889160156,428.05999755859375,391919,428.3949890136719
2026-06-03 15:20:00-04:00,427.8399963378906,428.4200134277344,427.79998779296875,428.3949890136719,203622,427.8399963378906
2026-06-03 15:25:00-04:00,427.8299865722656,427.9800109863281,427.502685546875,427.8299865722656,259363,427.8299865722656
2026-06-03 15:30:00-04:00,427.8900146484375,427.92999267578125,427.4200134277344,427.8349914550781,263089,427.8900146484375
2026-06-03 15:35:00-04:00,428.2049865722656,428.2774963378906,427.7799987792969,427.9100036621094,225307,428.2049865722656
2026-06-03 15:40:00-04:00,427.9100036621094,428.2799987792969,427.6199951171875,428.20001220703125,293780,427.9100036621094
2026-06-03 15:45:00-04:00,428.44000244140625,428.6300048828125,427.8500061035156,427.8999938964844,430204,428.44000244140625
2026-06-03 15:50:00-04:00,427.82000732421875,428.739990234375,427.6300048828125,428.45001220703125,658954,427.82000732421875
2026-06-03 15:55:00-04:00,427.5799865722656,427.9800109863281,426.7900085449219,427.82501220703125,2462993,427.5799865722656
2026-06-04 09:30:00-04:00,429.7099914550781,436.1499938964844,429.05999755859375,435.9949951171875,2549361,429.7099914550781
2026-06-04 09:35:00-04:00,432.42498779296875,432.6300048828125,428.75,429.70098876953125,584242,432.42498779296875
2026-06-04 09:40:00-04:00,431.8299865722656,432.5,431.3299865722656,432.4800109863281,415264,431.8299865722656
2026-06-04 09:45:00-04:00,429.8888854980469,431.8695068359375,429.7601013183594,431.8299865722656,457584,429.8888854980469
2026-06-04 09:50:00-04:00,430.1099853515625,431.0899963378906,429.5,429.7099914550781,444024,430.1099853515625
2026-06-04 09:55:00-04:00,432.4849853515625,432.8399963378906,429.7200012207031,430.0,387891,432.4849853515625
2026-06-04 10:00:00-04:00,433.7650146484375,433.8999938964844,431.79998779296875,432.42999267578125,426530,433.7650146484375
2026-06-04 10:05:00-04:00,432.2250061035156,434.1600036621094,432.2250061035156,433.8099060058594,433082,432.2250061035156
2026-06-04 10:10:00-04:00,431.489990234375,432.9800109863281,431.239990234375,432.260009765625,392809,431.489990234375
2026-06-04 10:15:00-04:00,430.25,431.5400085449219,430.0799865722656,431.4700012207031,361921,430.25
2026-06-04 10:20:00-04:00,429.79998779296875,430.4049987792969,428.8999938964844,430.2099914550781,441848,429.79998779296875
2026-06-04 10:25:00-04:00,430.1351013183594,430.55999755859375,429.50030517578125,429.7799987792969,296901,430.1351013183594
2026-06-04 10:30:00-04:00,430.4700012207031,430.5199890136719,429.6000061035156,430.2200012207031,259865,430.4700012207031
2026-06-04 10:35:00-04:00,429.7799987792969,430.4700012207031,429.3999938964844,430.4700012207031,186647,429.7799987792969
2026-06-04 10:40:00-04:00,431.2699890136719,431.4049987792969,429.6700134277344,429.7925109863281,234717,431.2699890136719
2026-06-04 10:45:00-04:00,430.5799865722656,431.55999755859375,430.3999938964844,431.19000244140625,202564,430.5799865722656
2026-06-04 10:50:00-04:00,429.82000732421875,430.8981018066406,429.2900085449219,430.5799865722656,217891,429.82000732421875
2026-06-04 10:55:00-04:00,429.614990234375,429.9360046386719,429.0,429.8399963378906,217835,429.614990234375
2026-06-04 11:00:00-04:00,430.20001220703125,430.5,429.4700012207031,429.7499084472656,267585,430.20001220703125
2026-06-04 11:05:00-04:00,429.7840881347656,430.7099914550781,429.7840881347656,430.2449951171875,159384,429.7840881347656
2026-06-04 11:10:00-04:00,430.6000061035156,430.7261047363281,429.7601013183594,429.80999755859375,202490,430.6000061035156
2026-06-04 11:15:00-04:00,430.9599914550781,431.25,430.5799865722656,430.6427001953125,208542,430.9599914550781
2026-06-04 11:20:00-04:00,430.6600036621094,431.1025085449219,430.2900085449219,430.989990234375,129151,430.6600036621094
2026-06-04 11:25:00-04:00,430.2900085449219,430.989990234375,430.2300109863281,430.6499938964844,160346,430.2900085449219
2026-06-04 11:30:00-04:00,429.94000244140625,430.7900085449219,429.7900085449219,430.3900146484375,232754,429.94000244140625
2026-06-04 11:35:00-04:00,429.9750061035156,430.3500061035156,429.8599853515625,429.9599914550781,196646,429.9750061035156
2026-06-04 11:40:00-04:00,429.6499938964844,430.1482849121094,429.55010986328125,429.9800109863281,168254,429.6499938964844
2026-06-04 11:45:00-04:00,429.55999755859375,430.0899963378906,429.4599914550781,429.6650085449219,668218,429.55999755859375
2026-06-04 11:50:00-04:00,429.3949890136719,429.8599853515625,429.1300048828125,429.55999755859375,205374,429.3949890136719
2026-06-04 11:55:00-04:00,429.0610046386719,429.6600036621094,428.9610900878906,429.4100036621094,234171,429.0610046386719
2026-06-04 12:00:00-04:00,429.1570129394531,429.4898986816406,428.9200134277344,429.0950012207031,171137,429.1570129394531
2026-06-04 12:05:00-04:00,429.3399963378906,429.79998779296875,429.0799865722656,429.20001220703125,188942,429.3399963378906
2026-06-04 12:10:00-04:00,429.6300048828125,430.0,429.21319580078125,429.30999755859375,153065,429.6300048828125
2026-06-04 12:15:00-04:00,429.1549987792969,429.69000244140625,429.1099853515625,429.69000244140625,120659,429.1549987792969
2026-06-04 12:20:00-04:00,428.3999938964844,429.19989013671875,428.3699951171875,429.135009765625,183168,428.3999938964844
2026-06-04 12:25:00-04:00,427.7699890136719,428.42999267578125,427.7445068359375,428.3699951171875,209939,427.7699890136719
2026-06-04 12:30:00-04:00,427.7250061035156,427.9100036621094,427.6199951171875,427.82000732421875,180776,427.7250061035156
2026-06-04 12:35:00-04:00,428.3504943847656,428.67999267578125,427.42999267578125,427.70001220703125,263019,428.3504943847656
2026-06-04 12:40:00-04:00,428.8999938964844,428.8999938964844,428.29998779296875,428.3500061035156,154306,428.8999938964844
2026-06-04 12:45:00-04:00,428.1683044433594,428.95001220703125,428.06500244140625,428.8999938964844,134950,428.1683044433594
2026-06-04 12:50:00-04:00,427.9100036621094,428.20989990234375,427.6499938964844,428.1400146484375,131193,427.9100036621094
2026-06-04 12:55:00-04:00,426.8399963378906,427.9100036621094,426.7099914550781,427.9100036621094,246590,426.8399963378906
2026-06-04 13:00:00-04:00,426.79998779296875,426.989990234375,426.60198974609375,426.82000732421875,161676,426.79998779296875
2026-06-04 13:05:00-04:00,426.5600891113281,427.010009765625,426.4100036621094,426.79998779296875,246495,426.5600891113281
2026-06-04 13:10:00-04:00,426.55499267578125,427.1300048828125,426.5,426.55999755859375,155942,426.55499267578125
2026-06-04 13:15:00-04:00,426.9599914550781,427.0129089355469,426.44000244140625,426.5299987792969,125447,426.9599914550781
2026-06-04 13:20:00-04:00,426.8299865722656,427.1499938964844,426.54998779296875,426.95928955078125,113917,426.8299865722656
2026-06-04 13:25:00-04:00,426.92999267578125,427.19000244140625,426.79998779296875,426.8299865722656,142422,426.92999267578125
2026-06-04 13:30:00-04:00,426.82989501953125,427.1700134277344,426.7200012207031,426.9750061035156,183541,426.82989501953125
2026-06-04 13:35:00-04:00,426.7650146484375,427.1099853515625,426.7099914550781,426.79998779296875,204784,426.7650146484375
2026-06-04 13:40:00-04:00,426.92999267578125,427.29998779296875,426.70001220703125,426.75,145192,426.92999267578125
2026-06-04 13:45:00-04:00,427.1700134277344,427.3605041503906,426.8500061035156,426.9599914550781,134067,427.1700134277344
2026-06-04 13:50:00-04:00,427.1600036621094,427.3699951171875,426.8699951171875,427.1700134277344,168790,427.1600036621094
2026-06-04 13:55:00-04:00,427.7550048828125,427.8450012207031,427.10009765625,427.16259765625,138057,427.7550048828125
2026-06-04 14:00:00-04:00,428.4100036621094,428.4100036621094,427.70001220703125,427.7550048828125,183973,428.4100036621094
2026-06-04 14:05:00-04:00,427.9800109863281,428.4700012207031,427.8900146484375,428.3949890136719,201213,427.9800109863281
2026-06-04 14:10:00-04:00,427.8949890136719,428.1499938964844,427.739990234375,427.9599914550781,122747,427.8949890136719
2026-06-04 14:15:00-04:00,428.0299987792969,428.4200134277344,427.8599853515625,427.8949890136719,108347,428.0299987792969
2026-06-04 14:20:00-04:00,428.1700134277344,428.239990234375,428.0,428.0299987792969,97728,428.1700134277344
2026-06-04 14:25:00-04:00,427.7146911621094,428.20001220703125,427.5,428.1700134277344,143508,427.7146911621094
2026-06-04 14:30:00-04:00,428.45001220703125,428.6000061035156,427.6408996582031,427.69000244140625,126452,428.45001220703125
2026-06-04 14:35:00-04:00,428.614990234375,429.0,428.4200134277344,428.4700012207031,135696,428.614990234375
2026-06-04 14:40:00-04:00,428.06500244140625,428.7200012207031,428.0299987792969,428.5799865722656,165381,428.06500244140625
2026-06-04 14:45:00-04:00,427.760009765625,428.2900085449219,427.7200012207031,428.0299987792969,115701,427.760009765625
2026-06-04 14:50:00-04:00,427.2099914550781,427.8299865722656,427.1499938964844,427.8299865722656,166218,427.2099914550781
2026-06-04 14:55:00-04:00,427.5799865722656,427.6700134277344,427.0,427.20001220703125,235614,427.5799865722656
2026-06-04 15:00:00-04:00,427.1199951171875,427.45001220703125,427.07000732421875,427.45001220703125,375216,427.1199951171875
2026-06-04 15:05:00-04:00,427.54998779296875,427.6199951171875,426.9800109863281,427.1199951171875,177828,427.54998779296875
2026-06-04 15:10:00-04:00,428.1000061035156,428.29998779296875,427.3999938964844,427.57501220703125,207330,428.1000061035156
2026-06-04 15:15:00-04:00,428.4150085449219,428.45001220703125,428.05999755859375,428.1099853515625,213102,428.4150085449219
2026-06-04 15:20:00-04:00,427.69000244140625,428.6000061035156,427.6099853515625,428.44000244140625,207963,427.69000244140625
2026-06-04 15:25:00-04:00,427.68499755859375,427.7300109863281,427.4200134277344,427.70001220703125,155171,427.68499755859375
2026-06-04 15:30:00-04:00,427.2149963378906,427.68719482421875,427.0,427.6650085449219,193618,427.2149963378906
2026-06-04 15:35:00-04:00,427.114990234375,427.375,427.0,427.2149963378906,152151,427.114990234375
2026-06-04 15:40:00-04:00,427.7900085449219,427.8299865722656,427.0,427.1000061035156,219679,427.7900085449219
2026-06-04 15:45:00-04:00,427.7908020019531,428.1499938964844,427.3399963378906,427.760009765625,281243,427.7908020019531
2026-06-04 15:50:00-04:00,428.1299133300781,428.1400146484375,427.5466003417969,427.7749938964844,398378,428.1299133300781
2026-06-04 15:55:00-04:00,428.0799865722656,428.44000244140625,427.8299865722656,428.0899963378906,1137951,428.0799865722656
2026-06-05 09:30:00-04:00,428.4150085449219,429.4700012207031,426.6000061035156,428.3399963378906,1456749,428.4150085449219
2026-06-05 09:35:00-04:00,427.67999267578125,428.8599853515625,426.9800109863281,428.3500061035156,418664,427.67999267578125
2026-06-05 09:40:00-04:00,426.125,428.260009765625,425.69000244140625,427.7818908691406,443445,426.125
2026-06-05 09:45:00-04:00,427.0249938964844,427.510009765625,425.54010009765625,426.1300048828125,400185,427.0249938964844
2026-06-05 09:50:00-04:00,425.5,427.30999755859375,425.1700134277344,427.0249938964844,381300,425.5
2026-06-05 09:55:00-04:00,424.8599853515625,426.0,424.6000061035156,425.5199890136719,354194,424.8599853515625
2026-06-05 10:00:00-04:00,422.7694091796875,425.17999267578125,422.6400146484375,424.8500061035156,517718,422.7694091796875
2026-06-05 10:05:00-04:00,422.9800109863281,423.44000244140625,422.3800048828125,422.7049865722656,307147,422.9800109863281
2026-06-05 10:10:00-04:00,422.79010009765625,423.489990234375,422.4649963378906,422.9949951171875,276430,422.79010009765625
2026-06-05 10:15:00-04:00,423.1400146484375,423.6536865234375,422.6000061035156,422.8999938964844,287538,423.1400146484375
2026-06-05 10:20:00-04:00,422.04998779296875,423.5899963378906,422.04998779296875,423.1300048828125,281943,422.04998779296875
2026-06-05 10:25:00-04:00,423.0559997558594,423.0559997558594,421.7099914550781,422.1050109863281,407399,423.0559997558594
2026-06-05 10:30:00-04:00,422.5859069824219,423.135009765625,422.1300048828125,422.9989013671875,285859,422.5859069824219
2026-06-05 10:35:00-04:00,421.8599853515625,422.8999938964844,421.8399963378906,422.55999755859375,189169,421.8599853515625
2026-06-05 10:40:00-04:00,421.4549865722656,422.0,421.0400085449219,421.8599853515625,265773,421.4549865722656
2026-06-05 10:45:00-04:00,420.9100036621094,421.639892578125,420.7500915527344,421.4549865722656,238099,420.9100036621094
2026-06-05 10:50:00-04:00,420.989990234375,421.7200012207031,420.80999755859375,420.8699951171875,207695,420.989990234375
2026-06-05 10:55:00-04:00,421.3900146484375,421.7650146484375,420.70001220703125,421.05999755859375,170972,421.3900146484375
2026-06-05 11:00:00-04:00,422.29998779296875,422.45989990234375,421.3900146484375,421.3900146484375,236498,422.29998779296875
2026-06-05 11:05:00-04:00,421.8900146484375,422.39990234375,421.5101013183594,422.29998779296875,189588,421.8900146484375
2026-06-05 11:10:00-04:00,421.9601135253906,422.20001220703125,421.70001220703125,421.8399963378906,651997,421.9601135253906
2026-06-05 11:15:00-04:00,422.2200012207031,422.5899963378906,421.75,421.9649963378906,223751,422.2200012207031
2026-06-05 11:20:00-04:00,421.54998779296875,422.4898986816406,421.42999267578125,422.260009765625,422691,421.54998779296875
2026-06-05 11:25:00-04:00,422.2500915527344,422.5950012207031,421.2099914550781,421.5899963378906,822986,422.2500915527344
2026-06-05 11:30:00-04:00,421.3999938964844,422.3800048828125,421.3699951171875,422.25,267042,421.3999938964844
2026-06-05 11:35:00-04:00,421.3399963378906,421.7349853515625,421.1199951171875,421.3999938964844,251822,421.3399963378906
2026-06-05 11:40:00-04:00,421.0400085449219,421.6449890136719,420.8999938964844,421.29998779296875,501323,421.0400085449219
2026-06-05 11:45:00-04:00,421.1706848144531,421.25,420.4800109863281,421.0,252689,421.1706848144531
2026-06-05 11:50:00-04:00,421.4200134277344,421.5899963378906,420.92999267578125,421.1570129394531,190993,421.4200134277344
2026-06-05 11:55:00-04:00,420.6859130859375,421.57659912109375,420.6859130859375,421.3999938964844,180725,420.6859130859375
2026-06-05 12:00:00-04:00,420.68499755859375,420.9800109863281,420.3599853515625,420.739990234375,197177,420.68499755859375
2026-06-05 12:05:00-04:00,419.3399963378906,420.69989013671875,418.9100036621094,420.6700134277344,531332,419.3399963378906
2026-06-05 12:10:00-04:00,420.1401062011719,420.3699951171875,419.3500061035156,419.3500061035156,491154,420.1401062011719
2026-06-05 12:15:00-04:00,420.0199890136719,420.2699890136719,419.783203125,420.19000244140625,225965,420.0199890136719
2026-06-05 12:20:00-04:00,420.29998779296875,420.3800048828125,419.760009765625,419.989990234375,161784,420.29998779296875
2026-06-05 12:25:00-04:00,419.79998779296875,420.3999938964844,419.6099853515625,420.30889892578125,189355,419.79998779296875
2026-06-05 12:30:00-04:00,418.7416076660156,419.885009765625,418.5801086425781,419.82000732421875,282326,418.7416076660156
2026-06-05 12:35:00-04:00,419.6000061035156,419.9100036621094,418.5899963378906,418.7349853515625,236965,419.6000061035156
2026-06-05 12:40:00-04:00,419.54998779296875,419.79998779296875,419.25,419.55999755859375,216982,419.54998779296875
2026-06-05 12:45:00-04:00,419.2900085449219,419.760009765625,418.94000244140625,419.5899963378906,287822,419.2900085449219
2026-06-05 12:50:00-04:00,419.659912109375,419.909912109375,418.7799987792969,419.2699890136719,188583,419.659912109375
2026-06-05 12:55:00-04:00,420.052490234375,420.1700134277344,419.5,419.6099853515625,191169,420.052490234375
2026-06-05 13:00:00-04:00,420.2300109863281,420.3299865722656,419.7749938964844,420.0,170982,420.2300109863281
2026-06-05 13:05:00-04:00,420.17999267578125,420.75,419.9599914550781,420.2001037597656,149002,420.17999267578125
2026-06-05 13:10:00-04:00,420.035888671875,420.29998779296875,419.85009765625,420.1499938964844,166152,420.035888671875
2026-06-05 13:15:00-04:00,419.54998779296875,420.1499938964844,419.5195007324219,420.05499267578125,139468,419.54998779296875
2026-06-05 13:20:00-04:00,419.8699951171875,419.88739013671875,419.4206848144531,419.5899963378906,129020,419.8699951171875
2026-06-05 13:25:00-04:00,419.69000244140625,419.8900146484375,419.2550048828125,419.80999755859375,173444,419.69000244140625
2026-06-05 13:30:00-04:00,420.1499938964844,420.3299865722656,419.5299987792969,419.6499938964844,308966,420.1499938964844
2026-06-05 13:35:00-04:00,420.55499267578125,420.67999267578125,419.8699951171875,420.1549987792969,254138,420.55499267578125
2026-06-05 13:40:00-04:00,420.6099853515625,420.94000244140625,420.364990234375,420.55499267578125,372907,420.6099853515625
2026-06-05 13:45:00-04:00,421.30999755859375,421.5199890136719,420.510009765625,420.67999267578125,224695,421.30999755859375
2026-06-05 13:50:00-04:00,420.82000732421875,421.4200134277344,420.6199951171875,421.260009765625,167571,420.82000732421875
2026-06-05 13:55:00-04:00,420.6600036621094,420.94989013671875,420.3599853515625,420.7301025390625,143776,420.6600036621094
2026-06-05 14:00:00-04:00,420.7900085449219,420.9700012207031,420.4800109863281,420.6400146484375,134766,420.7900085449219
2026-06-05 14:05:00-04:00,420.6449890136719,421.1099853515625,420.20001220703125,420.7900085449219,210380,420.6449890136719
2026-06-05 14:10:00-04:00,419.7799987792969,420.9599914550781,419.7301025390625,420.6449890136719,337047,419.7799987792969
2026-06-05 14:15:00-04:00,418.1499938964844,419.7799987792969,417.79998779296875,419.7300109863281,601106,418.1499938964844
2026-06-05 14:20:00-04:00,418.6400146484375,418.9551086425781,418.1449890136719,418.1499938964844,238913,418.6400146484375
2026-06-05 14:25:00-04:00,418.2900085449219,418.8299865722656,418.1499938964844,418.69500732421875,209373,418.2900085449219
2026-06-05 14:30:00-04:00,417.7349853515625,418.3500061035156,417.30999755859375,418.2799987792969,270802,417.7349853515625
2026-06-05 14:35:00-04:00,417.5400085449219,417.8599853515625,417.2799987792969,417.6705017089844,275929,417.5400085449219
2026-06-05 14:40:00-04:00,417.10198974609375,418.0150146484375,417.0,417.5400085449219,437308,417.10198974609375
2026-06-05 14:45:00-04:00,417.17999267578125,417.25,416.54998779296875,417.010009765625,310660,417.17999267578125
2026-06-05 14:50:00-04:00,416.9849853515625,417.3999938964844,416.8599853515625,417.1499938964844,212675,416.9849853515625
2026-06-05 14:55:00-04:00,417.1199951171875,417.7300109863281,416.8800048828125,416.9849853515625,385973,417.1199951171875
2026-06-05 15:00:00-04:00,416.7300109863281,417.4049987792969,416.57000732421875,417.07501220703125,274098,416.7300109863281
2026-06-05 15:05:00-04:00,416.30999755859375,416.82000732421875,415.9599914550781,416.7349853515625,334458,416.30999755859375
2026-06-05 15:10:00-04:00,415.69000244140625,416.42999267578125,415.6499938964844,416.30999755859375,324459,415.69000244140625
2026-06-05 15:15:00-04:00,414.6400146484375,415.6650085449219,414.3999938964844,415.6600036621094,487935,414.6400146484375
2026-06-05 15:20:00-04:00,415.0950012207031,415.510009765625,414.4700012207031,414.6600036621094,353601,415.0950012207031
2026-06-05 15:25:00-04:00,416.3900146484375,416.510009765625,415.114990234375,415.114990234375,365576,416.3900146484375
2026-06-05 15:30:00-04:00,416.67999267578125,416.7699890136719,416.0299987792969,416.375,281949,416.67999267578125
2026-06-05 15:35:00-04:00,417.1300048828125,417.20001220703125,416.4700012207031,416.6600036621094,333072,417.1300048828125
2026-06-05 15:40:00-04:00,416.54998779296875,417.3268127441406,416.135009765625,417.1199951171875,327994,416.54998779296875
2026-06-05 15:45:00-04:00,416.9849853515625,417.159912109375,416.1050109863281,416.510009765625,397672,416.9849853515625
2026-06-05 15:50:00-04:00,417.4599914550781,417.4800109863281,416.340087890625,416.9599914550781,576032,417.4599914550781
2026-06-05 15:55:00-04:00,416.67999267578125,417.4649963378906,416.5299987792969,417.4530029296875,1758020,416.67999267578125
2026-06-08 09:30:00-04:00,411.5775146484375,417.159912109375,411.29998779296875,414.1600036621094,2107333,411.5775146484375
2026-06-08 09:35:00-04:00,412.3800048828125,413.7200012207031,411.29010009765625,411.64990234375,574661,412.3800048828125
2026-06-08 09:40:00-04:00,413.0,413.3599853515625,412.04998779296875,412.3981018066406,465740,413.0
2026-06-08 09:45:00-04:00,412.25,413.94000244140625,412.0899963378906,413.010009765625,588157,412.25
2026-06-08 09:50:00-04:00,413.20001220703125,413.468994140625,412.20001220703125,412.260009765625,319344,413.20001220703125
2026-06-08 09:55:00-04:00,412.3999938964844,413.29998779296875,411.7300109863281,413.19500732421875,413439,412.3999938964844
2026-06-08 10:00:00-04:00,412.385009765625,412.6099853515625,411.7300109863281,412.3999938964844,436513,412.385009765625
2026-06-08 10:05:00-04:00,412.2950134277344,412.739990234375,411.32000732421875,412.385009765625,521580,412.2950134277344
2026-06-08 10:10:00-04:00,412.25,412.54998779296875,411.55999755859375,412.29998779296875,463151,412.25
2026-06-08 10:15:00-04:00,412.1700134277344,412.95001220703125,412.1000061035156,412.2550048828125,393049,412.1700134277344
2026-06-08 10:20:00-04:00,412.7200012207031,413.17999267578125,412.05999755859375,412.19000244140625,318728,412.7200012207031
2026-06-08 10:25:00-04:00,412.7349853515625,413.3299865722656,411.989990234375,412.7200012207031,337547,412.7349853515625
2026-06-08 10:30:00-04:00,412.7699890136719,413.4800109863281,412.6000061035156,412.7349853515625,277662,412.7699890136719
2026-06-08 10:35:00-04:00,412.843994140625,413.6000061035156,412.5799865722656,412.7699890136719,263838,412.843994140625
2026-06-08 10:40:00-04:00,412.2850036621094,413.0899963378906,411.8800048828125,412.8450012207031,284977,412.2850036621094
2026-06-08 10:45:00-04:00,412.4366149902344,413.4700012207031,412.2900085449219,412.30999755859375,287232,412.4366149902344
2026-06-08 10:50:00-04:00,412.2500915527344,412.9198913574219,411.80999755859375,412.4150085449219,308618,412.2500915527344
2026-06-08 10:55:00-04:00,412.55999755859375,412.9700012207031,412.2099914550781,412.31500244140625,247539,412.55999755859375
2026-06-08 11:00:00-04:00,412.8999938964844,413.5400085449219,412.3999938964844,412.5899963378906,261666,412.8999938964844
2026-06-08 11:05:00-04:00,412.9100036621094,413.25,412.5299987792969,412.9468078613281,299285,412.9100036621094
2026-06-08 11:10:00-04:00,412.8550109863281,412.9700012207031,412.510009765625,412.8299865722656,210593,412.8550109863281
2026-06-08 11:15:00-04:00,412.3500061035156,413.0299072265625,412.1099853515625,412.9200134277344,287746,412.3500061035156
2026-06-08 11:20:00-04:00,412.4649963378906,412.639892578125,412.1499938964844,412.3399963378906,211434,412.4649963378906
2026-06-08 11:25:00-04:00,411.4200134277344,412.489990234375,411.3500061035156,412.4549865722656,265827,411.4200134277344
2026-06-08 11:30:00-04:00,410.4549865722656,411.44000244140625,410.239990234375,411.3999938964844,398835,410.4549865722656
2026-06-08 11:35:00-04:00,411.4150085449219,411.42999267578125,410.3500061035156,410.42999267578125,302702,411.4150085449219
2026-06-08 11:40:00-04:00,411.3399963378906,411.5899963378906,411.00299072265625,411.4049987792969,191876,411.3399963378906
2026-06-08 11:45:00-04:00,410.92999267578125,411.39990234375,410.7900085449219,411.32000732421875,207150,410.92999267578125
2026-06-08 11:50:00-04:00,411.04998779296875,411.3500061035156,410.8999938964844,410.8999938964844,199259,411.04998779296875
2026-06-08 11:55:00-04:00,410.3900146484375,411.05499267578125,410.30999755859375,411.05499267578125,223950,410.3900146484375
2026-06-08 12:00:00-04:00,410.0799865722656,410.4999084472656,409.9200134277344,410.3699951171875,346230,410.0799865722656
2026-06-08 12:05:00-04:00,410.1554870605469,410.4700012207031,409.82000732421875,410.0899963378906,230427,410.1554870605469
2026-06-08 12:10:00-04:00,410.2799987792969,410.4750061035156,410.010009765625,410.1300048828125,183371,410.2799987792969
2026-06-08 12:15:00-04:00,410.8800048828125,411.0,410.2200012207031,410.2799987792969,175003,410.8800048828125
2026-06-08 12:20:00-04:00,410.4700012207031,410.9800109863281,410.2500915527344,410.8800048828125,187571,410.4700012207031
2026-06-08 12:25:00-04:00,410.489990234375,411.1400146484375,410.42999267578125,410.49798583984375,155406,410.489990234375
2026-06-08 12:30:00-04:00,409.8999938964844,410.7799987792969,409.79998779296875,410.4800109863281,196522,409.8999938964844
2026-06-08 12:35:00-04:00,409.9200134277344,410.33990478515625,409.75,409.8599853515625,237440,409.9200134277344
2026-06-08 12:40:00-04:00,409.94000244140625,410.19000244140625,409.6437072753906,409.9200134277344,170318,409.94000244140625
2026-06-08 12:45:00-04:00,410.09490966796875,410.3800048828125,409.880615234375,409.9100036621094,218443,410.09490966796875
2026-06-08 12:50:00-04:00,409.95001220703125,410.1499938964844,409.70001220703125,410.0849914550781,154339,409.95001220703125
2026-06-08 12:55:00-04:00,409.5199890136719,410.0098876953125,409.4599914550781,409.95001220703125,183301,409.5199890136719
2026-06-08 13:00:00-04:00,408.92498779296875,409.510009765625,408.6700134277344,409.4700927734375,372346,408.92498779296875
2026-06-08 13:05:00-04:00,408.94000244140625,409.3999938964844,408.8299865722656,408.9200134277344,152442,408.94000244140625
2026-06-08 13:10:00-04:00,409.20001220703125,409.25,408.55999755859375,408.94000244140625,205470,409.20001220703125
2026-06-08 13:15:00-04:00,409.1700134277344,409.3299865722656,408.8299865722656,409.2799987792969,161640,409.1700134277344
2026-06-08 13:20:00-04:00,408.90008544921875,409.19500732421875,408.69000244140625,409.1700134277344,146370,408.90008544921875
2026-06-08 13:25:00-04:00,410.01031494140625,410.0400085449219,408.7901916503906,408.92498779296875,320603,410.01031494140625
2026-06-08 13:30:00-04:00,410.1400146484375,410.29998779296875,409.6300048828125,409.989990234375,275645,410.1400146484375
2026-06-08 13:35:00-04:00,410.2349853515625,410.260009765625,409.70001220703125,410.05999755859375,169595,410.2349853515625
2026-06-08 13:40:00-04:00,410.25140380859375,410.6499938964844,410.16009521484375,410.20001220703125,275794,410.25140380859375
2026-06-08 13:45:00-04:00,411.1400146484375,411.1400146484375,409.94000244140625,410.2250061035156,202840,411.1400146484375
2026-06-08 13:50:00-04:00,411.5747985839844,411.67999267578125,411.114990234375,411.125,291375,411.5747985839844
2026-06-08 13:55:00-04:00,411.260009765625,411.8399963378906,411.07000732421875,411.57000732421875,208291,411.260009765625
2026-06-08 14:00:00-04:00,411.885009765625,411.92999267578125,411.0600891113281,411.20001220703125,212188,411.885009765625
2026-06-08 14:05:00-04:00,412.6679992675781,412.7200012207031,411.8599853515625,411.885009765625,275177,412.6679992675781
2026-06-08 14:10:00-04:00,412.3299865722656,412.75,412.1744079589844,412.6401062011719,171208,412.3299865722656
2026-06-08 14:15:00-04:00,412.1499938964844,412.5400085449219,412.05999755859375,412.29998779296875,162613,412.1499938964844
2026-06-08 14:20:00-04:00,412.2900085449219,412.4700012207031,412.1000061035156,412.1449890136719,145983,412.2900085449219
2026-06-08 14:25:00-04:00,412.2699890136719,412.57501220703125,412.2200012207031,412.2950134277344,132957,412.2699890136719
2026-06-08 14:30:00-04:00,411.9800109863281,412.3900146484375,411.902587890625,412.2200012207031,184177,411.9800109863281
2026-06-08 14:35:00-04:00,411.9100036621094,412.4599914550781,411.9100036621094,411.9549865722656,159235,411.9100036621094
2026-06-08 14:40:00-04:00,412.3857116699219,412.57000732421875,411.82000732421875,411.93499755859375,140814,412.3857116699219
2026-06-08 14:45:00-04:00,412.43499755859375,412.5400085449219,412.2229919433594,412.385986328125,126865,412.43499755859375
2026-06-08 14:50:00-04:00,413.0,413.0,412.42498779296875,412.43499755859375,149883,413.0
2026-06-08 14:55:00-04:00,412.7449951171875,413.0,412.7200012207031,412.9599914550781,160929,412.7449951171875
2026-06-08 15:00:00-04:00,412.50860595703125,412.7900085449219,412.4599914550781,412.7449951171875,134697,412.50860595703125
2026-06-08 15:05:00-04:00,412.3599853515625,412.7200012207031,412.3599853515625,412.489990234375,193610,412.3599853515625
2026-06-08 15:10:00-04:00,411.9849853515625,412.3900146484375,411.8999938964844,412.32000732421875,183123,411.9849853515625
2026-06-08 15:15:00-04:00,411.9700012207031,412.0799865722656,411.75,411.9800109863281,163275,411.9700012207031
2026-06-08 15:20:00-04:00,411.9100036621094,412.3399963378906,411.82000732421875,411.9800109863281,172900,411.9100036621094
2026-06-08 15:25:00-04:00,412.2900085449219,412.30999755859375,411.6004943847656,411.9100036621094,204026,412.2900085449219
2026-06-08 15:30:00-04:00,412.4049987792969,412.67999267578125,412.20001220703125,412.2900085449219,215108,412.4049987792969
2026-06-08 15:35:00-04:00,412.4049987792969,412.5400085449219,412.260009765625,412.385009765625,153883,412.4049987792969
2026-06-08 15:40:00-04:00,412.739990234375,412.8218078613281,412.2099914550781,412.4200134277344,192237,412.739990234375
2026-06-08 15:45:00-04:00,412.8399963378906,413.17999267578125,412.67999267578125,412.739990234375,570158,412.8399963378906
2026-06-08 15:50:00-04:00,411.5950012207031,413.25,411.531005859375,412.8699951171875,488933,411.5950012207031
2026-06-08 15:55:00-04:00,411.739990234375,411.989990234375,411.17999267578125,411.5799865722656,1358505,411.739990234375
2026-06-09 09:30:00-04:00,408.9100036621094,409.25,407.2099914550781,409.0299987792969,1701951,408.9100036621094
2026-06-09 09:35:00-04:00,408.7449951171875,410.5,408.21160888671875,409.0,768517,408.7449951171875
2026-06-09 09:40:00-04:00,409.8699951171875,410.6000061035156,408.2799987792969,408.6448974609375,739313,409.8699951171875
2026-06-09 09:45:00-04:00,410.7200012207031,411.0098876953125,409.5299987792969,409.8699951171875,477183,410.7200012207031
2026-06-09 09:50:00-04:00,410.7250061035156,411.9800109863281,410.57000732421875,410.7699890136719,579854,410.7250061035156
2026-06-09 09:55:00-04:00,411.0199890136719,411.6499938964844,410.32000732421875,410.7200012207031,405604,411.0199890136719
2026-06-09 10:00:00-04:00,411.2550048828125,411.45001220703125,410.4700012207031,410.95001220703125,516940,411.2550048828125
2026-06-09 10:05:00-04:00,411.5934143066406,411.885009765625,410.6499938964844,411.2550048828125,340266,411.5934143066406
2026-06-09 10:10:00-04:00,409.8599853515625,411.7997131347656,409.5199890136719,411.5899963378906,424016,409.8599853515625
2026-06-09 10:15:00-04:00,409.3299865722656,410.2349853515625,408.739990234375,409.8951110839844,404934,409.3299865722656
2026-06-09 10:20:00-04:00,409.79998779296875,410.04998779296875,409.0799865722656,409.29998779296875,248871,409.79998779296875
2026-06-09 10:25:00-04:00,409.4849853515625,410.3999938964844,409.1300048828125,409.8699951171875,247946,409.4849853515625
2026-06-09 10:30:00-04:00,409.4849853515625,410.0299987792969,409.20001220703125,409.4599914550781,260861,409.4849853515625
2026-06-09 10:35:00-04:00,409.364990234375,409.6000061035156,409.0199890136719,409.4700012207031,208570,409.364990234375
2026-06-09 10:40:00-04:00,408.43499755859375,409.6199951171875,408.3599853515625,409.3900146484375,246158,408.43499755859375
2026-06-09 10:45:00-04:00,406.1700134277344,408.4599914550781,406.0201110839844,408.45001220703125,485780,406.1700134277344
2026-06-09 10:50:00-04:00,406.8399963378906,406.9468078613281,405.8800048828125,406.1600036621094,405376,406.8399963378906
2026-06-09 10:55:00-04:00,407.67999267578125,407.8599853515625,406.75,406.864990234375,438846,407.67999267578125
2026-06-09 11:00:00-04:00,406.9200134277344,408.04998779296875,406.864990234375,407.7049865722656,200801,406.9200134277344
2026-06-09 11:05:00-04:00,407.3800048828125,407.44000244140625,406.54998779296875,406.9599914550781,252614,407.3800048828125
2026-06-09 11:10:00-04:00,406.67999267578125,407.7049865722656,406.55999755859375,407.3999938964844,238558,406.67999267578125
2026-06-09 11:15:00-04:00,406.3100891113281,406.7900085449219,406.1400146484375,406.6000061035156,216870,406.3100891113281
2026-06-09 11:20:00-04:00,405.4798889160156,406.46990966796875,405.3700866699219,406.30999755859375,308382,405.4798889160156
2026-06-09 11:25:00-04:00,403.7149963378906,405.6600036621094,403.5199890136719,405.5,560759,403.7149963378906
2026-06-09 11:30:00-04:00,403.2799987792969,403.9100036621094,403.0,403.67999267578125,384783,403.2799987792969
2026-06-09 11:35:00-04:00,403.1499938964844,403.3900146484375,402.70001220703125,403.25,329787,403.1499938964844
2026-06-09 11:40:00-04:00,402.8800048828125,403.4200134277344,402.8399963378906,403.0799865722656,226759,402.8800048828125
2026-06-09 11:45:00-04:00,402.9800109863281,403.19000244140625,402.6700134277344,402.8599853515625,248078,402.9800109863281
2026-06-09 11:50:00-04:00,402.6776123046875,403.4800109863281,402.62811279296875,402.95001220703125,220040,402.6776123046875
2026-06-09 11:55:00-04:00,401.875,402.7749938964844,401.67999267578125,402.69989013671875,663415,401.875
2026-06-09 12:00:00-04:00,402.239990234375,402.70001220703125,401.8800048828125,401.9100036621094,257544,402.239990234375
2026-06-09 12:05:00-04:00,401.8599853515625,402.3550109863281,401.6499938964844,402.25,380383,401.8599853515625
2026-06-09 12:10:00-04:00,402.6400146484375,402.9100036621094,401.6199951171875,401.82708740234375,299614,402.6400146484375
2026-06-09 12:15:00-04:00,401.0199890136719,402.57000732421875,400.6600036621094,402.54998779296875,418019,401.0199890136719
2026-06-09 12:20:00-04:00,401.42999267578125,401.510009765625,400.4700927734375,400.9599914550781,447922,401.42999267578125
2026-06-09 12:25:00-04:00,401.1300048828125,401.80999755859375,400.94488525390625,401.42999267578125,278515,401.1300048828125
2026-06-09 12:30:00-04:00,401.364990234375,401.82000732421875,400.5950012207031,401.04998779296875,250374,401.364990234375
2026-06-09 12:35:00-04:00,398.8901062011719,401.4999084472656,398.6400146484375,401.364990234375,722152,398.8901062011719
2026-06-09 12:40:00-04:00,399.4150085449219,399.5812072753906,398.4814147949219,398.92999267578125,681058,399.4150085449219
2026-06-09 12:45:00-04:00,399.340087890625,400.0299987792969,398.9501037597656,399.3599853515625,279889,399.340087890625
2026-06-09 12:50:00-04:00,398.8999938964844,399.6099853515625,398.739990234375,399.29998779296875,330167,398.8999938964844
2026-06-09 12:55:00-04:00,400.2300109863281,400.2799987792969,398.80999755859375,398.8699951171875,325068,400.2300109863281
2026-06-09 13:00:00-04:00,401.135009765625,401.2099914550781,400.1400146484375,400.2699890136719,356563,401.135009765625
2026-06-09 13:05:00-04:00,400.8299865722656,401.1499938964844,400.3630065917969,401.1300048828125,201439,400.8299865722656
2026-06-09 13:10:00-04:00,401.3900146484375,401.6300048828125,400.42999267578125,400.8500061035156,207576,401.3900146484375
2026-06-09 13:15:00-04:00,401.6300048828125,401.8900146484375,400.7799987792969,401.3599853515625,228237,401.6300048828125
2026-06-09 13:20:00-04:00,401.4800109863281,402.1000061035156,401.16009521484375,401.6199951171875,290618,401.4800109863281
2026-06-09 13:25:00-04:00,401.69000244140625,401.8299865722656,401.25,401.4649963378906,178222,401.69000244140625
2026-06-09 13:30:00-04:00,402.6000061035156,402.6000061035156,401.5899963378906,401.7049865722656,191642,402.6000061035156
2026-06-09 13:35:00-04:00,402.70001220703125,402.9700012207031,402.29998779296875,402.6000061035156,203805,402.70001220703125
2026-06-09 13:40:00-04:00,402.7049865722656,403.1899108886719,402.3699951171875,402.739990234375,194384,402.7049865722656
2026-06-09 13:45:00-04:00,402.32000732421875,402.8500061035156,402.2300109863281,402.739990234375,208823,402.32000732421875
2026-06-09 13:50:00-04:00,403.2049865722656,403.2049865722656,402.2900085449219,402.2900085449219,227663,403.2049865722656
2026-06-09 13:55:00-04:00,402.8699951171875,403.32989501953125,402.8500061035156,403.20001220703125,146654,402.8699951171875
2026-06-09 14:00:00-04:00,403.4200134277344,403.6000061035156,402.760009765625,402.8999938964844,236270,403.4200134277344
2026-06-09 14:05:00-04:00,403.59149169921875,403.8399963378906,403.2500915527344,403.3900146484375,182136,403.59149169921875
2026-06-09 14:10:00-04:00,403.2200012207031,403.6700134277344,402.9599914550781,403.62200927734375,165762,403.2200012207031
2026-06-09 14:15:00-04:00,403.6499938964844,403.7598876953125,402.7900085449219,403.19000244140625,228309,403.6499938964844
2026-06-09 14:20:00-04:00,403.7900085449219,403.9612121582031,403.2699890136719,403.6700134277344,181752,403.7900085449219
2026-06-09 14:25:00-04:00,403.6400146484375,403.8182067871094,403.260009765625,403.80499267578125,204270,403.6400146484375
2026-06-09 14:30:00-04:00,403.69000244140625,404.2099914550781,403.32000732421875,403.8999938964844,202453,403.69000244140625
2026-06-09 14:35:00-04:00,403.9049987792969,404.0899963378906,403.4700012207031,403.69000244140625,143382,403.9049987792969
2026-06-09 14:40:00-04:00,402.9049987792969,403.8800048828125,402.8800048828125,403.8800048828125,210179,402.9049987792969
2026-06-09 14:45:00-04:00,403.6499938964844,403.7900085449219,402.8699951171875,402.94000244140625,154370,403.6499938964844
2026-06-09 14:50:00-04:00,403.8299865722656,404.07989501953125,403.6300048828125,403.6650085449219,177608,403.8299865722656
2026-06-09 14:55:00-04:00,403.9750061035156,404.3599853515625,403.7799987792969,403.8299865722656,179250,403.9750061035156
2026-06-09 15:00:00-04:00,404.17999267578125,404.28271484375,403.54998779296875,403.92999267578125,213613,404.17999267578125
2026-06-09 15:05:00-04:00,403.8399963378906,404.4599914550781,403.79998779296875,404.1600036621094,213147,403.8399963378906
2026-06-09 15:10:00-04:00,403.625,404.1000061035156,403.5400085449219,403.8550109863281,244482,403.625
2026-06-09 15:15:00-04:00,403.4314880371094,403.75,402.9800109863281,403.6499938964844,474895,403.4314880371094
2026-06-09 15:20:00-04:00,403.2900085449219,403.6549987792969,403.022705078125,403.3999938964844,444460,403.2900085449219
2026-06-09 15:25:00-04:00,402.75,403.3659973144531,402.4288024902344,403.2900085449219,265174,402.75
2026-06-09 15:30:00-04:00,402.49859619140625,402.75,402.0299987792969,402.75,323230,402.49859619140625
2026-06-09 15:35:00-04:00,402.125,402.6400146484375,402.0899963378906,402.4800109863281,476544,402.125
2026-06-09 15:40:00-04:00,402.2200012207031,402.6400146484375,401.7799987792969,402.1199951171875,348013,402.2200012207031
2026-06-09 15:45:00-04:00,401.44000244140625,402.4549865722656,401.44000244140625,402.2300109863281,367035,401.44000244140625
2026-06-09 15:50:00-04:00,403.4800109863281,404.25,401.5,401.5199890136719,661772,403.4800109863281
2026-06-09 15:55:00-04:00,403.1000061035156,404.07000732421875,403.0899963378906,403.5199890136719,1232150,403.1000061035156
2026-06-10 09:30:00-04:00,398.0899963378906,401.20001220703125,397.4700012207031,398.4100036621094,2639276,398.0899963378906
2026-06-10 09:35:00-04:00,401.04998779296875,401.1000061035156,398.010009765625,398.1000061035156,542861,401.04998779296875
2026-06-10 09:40:00-04:00,402.489990234375,402.8500061035156,400.70001220703125,401.03369140625,491742,402.489990234375
2026-06-10 09:45:00-04:00,404.139892578125,404.489990234375,401.4010009765625,402.510009765625,666512,404.139892578125
2026-06-10 09:50:00-04:00,403.44500732421875,404.1000061035156,402.32501220703125,404.1000061035156,425871,403.44500732421875
2026-06-10 09:55:00-04:00,404.7149963378906,404.9800109863281,403.2300109863281,403.4359130859375,484870,404.7149963378906
2026-06-10 10:00:00-04:00,403.70001220703125,405.0400085449219,403.4765930175781,404.7200012207031,595607,403.70001220703125
2026-06-10 10:05:00-04:00,403.2200012207031,403.7099914550781,402.3299865722656,403.70001220703125,310085,403.2200012207031
2026-06-10 10:10:00-04:00,402.67498779296875,403.6499938964844,402.44000244140625,403.2699890136719,401219,402.67498779296875
2026-06-10 10:15:00-04:00,402.6400146484375,403.32000732421875,402.2099914550781,402.70001220703125,357059,402.6400146484375
2026-06-10 10:20:00-04:00,403.5450134277344,403.6199951171875,402.5400085449219,402.57000732421875,240278,403.5450134277344
2026-06-10 10:25:00-04:00,402.989990234375,403.71099853515625,402.3999938964844,403.59979248046875,200939,402.989990234375
2026-06-10 10:30:00-04:00,403.2300109863281,403.54998779296875,402.67999267578125,402.9700012207031,280564,403.2300109863281
2026-06-10 10:35:00-04:00,402.19000244140625,403.3299865722656,401.8301086425781,403.2300109863281,256673,402.19000244140625
2026-06-10 10:40:00-04:00,402.0400085449219,402.9599914550781,402.0299987792969,402.17919921875,198046,402.0400085449219
2026-06-10 10:45:00-04:00,402.2701110839844,403.1199951171875,401.7300109863281,402.05999755859375,262005,402.2701110839844
2026-06-10 10:50:00-04:00,402.6499938964844,402.8399963378906,402.0299987792969,402.30999755859375,308889,402.6499938964844
2026-06-10 10:55:00-04:00,402.6449890136719,402.8099060058594,401.54998779296875,402.6499938964844,287630,402.6449890136719
2026-06-10 11:00:00-04:00,403.0299987792969,403.4599914550781,401.92999267578125,402.67999267578125,245814,403.0299987792969
2026-06-10 11:05:00-04:00,402.79998779296875,403.0299987792969,402.19000244140625,402.989990234375,207238,402.79998779296875
2026-06-10 11:10:00-04:00,401.9049987792969,402.8500061035156,401.739990234375,402.7300109863281,198349,401.9049987792969
2026-06-10 11:15:00-04:00,401.8800048828125,402.1300048828125,401.3800048828125,401.9100036621094,490268,401.8800048828125
2026-06-10 11:20:00-04:00,402.05999755859375,402.6000061035156,401.7850036621094,401.8699951171875,192297,402.05999755859375
2026-06-10 11:25:00-04:00,401.6499938964844,402.2850036621094,401.5,402.05999755859375,220266,401.6499938964844
2026-06-10 11:30:00-04:00,401.625,402.2799987792969,401.2200012207031,401.67999267578125,223322,401.625
2026-06-10 11:35:00-04:00,401.7974853515625,402.07000732421875,401.07000732421875,401.625,197813,401.7974853515625
2026-06-10 11:40:00-04:00,403.2200927734375,403.29998779296875,401.6300048828125,401.7850036621094,190521,403.2200927734375
2026-06-10 11:45:00-04:00,402.0,403.7598876953125,401.55999755859375,403.2598876953125,342030,402.0
2026-06-10 11:50:00-04:00,402.4100036621094,402.739990234375,401.3512878417969,401.9800109863281,378799,402.4100036621094
2026-06-10 11:55:00-04:00,402.67498779296875,403.1000061035156,401.9100036621094,402.3999938964844,190642,402.67498779296875
2026-06-10 12:00:00-04:00,402.3399963378906,403.2099914550781,402.1300048828125,402.6300048828125,164898,402.3399963378906
2026-06-10 12:05:00-04:00,402.2900085449219,402.7099914550781,402.0400085449219,402.2300109863281,170943,402.2900085449219
2026-06-10 12:10:00-04:00,401.79998779296875,402.2900085449219,401.5400085449219,402.2799987792969,485935,401.79998779296875
2026-06-10 12:15:00-04:00,402.7250061035156,402.7250061035156,401.739990234375,401.79998779296875,175184,402.7250061035156
2026-06-10 12:20:00-04:00,402.5710144042969,402.9798889160156,402.57000732421875,402.75,113169,402.5710144042969
2026-06-10 12:25:00-04:00,402.6700134277344,403.05999755859375,402.55999755859375,402.6099853515625,140923,402.6700134277344
2026-06-10 12:30:00-04:00,402.9700012207031,403.05999755859375,402.4137878417969,402.6400146484375,103136,402.9700012207031
2026-06-10 12:35:00-04:00,403.49749755859375,403.6700134277344,402.82000732421875,402.9700012207031,189413,403.49749755859375
2026-06-10 12:40:00-04:00,403.2850036621094,403.7900085449219,402.760009765625,403.5400085449219,157936,403.2850036621094
2026-06-10 12:45:00-04:00,402.9198913574219,403.3099060058594,402.45001220703125,403.260009765625,704943,402.9198913574219
2026-06-10 12:50:00-04:00,403.20001220703125,403.4599914550781,402.6600036621094,402.79998779296875,115059,403.20001220703125
2026-06-10 12:55:00-04:00,403.04998779296875,403.2699890136719,402.67999267578125,403.19000244140625,111016,403.04998779296875
2026-06-10 13:00:00-04:00,403.5050048828125,403.6600036621094,402.9599914550781,403.06500244140625,124795,403.5050048828125
2026-06-10 13:05:00-04:00,402.760009765625,403.4700012207031,402.760009765625,403.44000244140625,137672,402.760009765625
2026-06-10 13:10:00-04:00,402.610107421875,402.9200134277344,402.2300109863281,402.7799987792969,121727,402.610107421875
2026-06-10 13:15:00-04:00,402.0299987792969,402.739990234375,401.8999938964844,402.6499938964844,120470,402.0299987792969
2026-06-10 13:20:00-04:00,401.9549865722656,402.17999267578125,401.75,402.0,137886,401.9549865722656
2026-06-10 13:25:00-04:00,401.739990234375,402.1199951171875,401.510009765625,401.93499755859375,119193,401.739990234375
2026-06-10 13:30:00-04:00,400.7699890136719,401.7298889160156,400.7619934082031,401.7200012207031,151874,400.7699890136719
2026-06-10 13:35:00-04:00,400.3999938964844,400.8399963378906,400.340087890625,400.7699890136719,159625,400.3999938964844
2026-06-10 13:40:00-04:00,400.614990234375,400.75,400.4100036621094,400.4100036621094,124407,400.614990234375
2026-06-10 13:45:00-04:00,401.69000244140625,401.82000732421875,400.54998779296875,400.6099853515625,198569,401.69000244140625
2026-06-10 13:50:00-04:00,401.6600036621094,401.82000732421875,400.9700012207031,401.6600036621094,193815,401.6600036621094
2026-06-10 13:55:00-04:00,401.7699890136719,402.0,401.3900146484375,401.6099853515625,117784,401.7699890136719
2026-06-10 14:00:00-04:00,402.0,402.0498962402344,401.510009765625,401.7300109863281,124847,402.0
2026-06-10 14:05:00-04:00,401.739990234375,402.19989013671875,401.70001220703125,402.0199890136719,119050,401.739990234375
2026-06-10 14:10:00-04:00,401.5899963378906,401.93499755859375,401.5201110839844,401.7449951171875,94280,401.5899963378906
2026-06-10 14:15:00-04:00,401.260009765625,401.79998779296875,400.989990234375,401.55999755859375,127253,401.260009765625
2026-06-10 14:20:00-04:00,401.2900085449219,401.5498962402344,401.0899963378906,401.2799987792969,113286,401.2900085449219
2026-06-10 14:25:00-04:00,401.1499938964844,401.42999267578125,401.0199890136719,401.2950134277344,132077,401.1499938964844
2026-06-10 14:30:00-04:00,400.70001220703125,401.1300048828125,400.6199951171875,401.1300048828125,143641,400.70001220703125
2026-06-10 14:35:00-04:00,400.3999938964844,400.69500732421875,400.20001220703125,400.6700134277344,107109,400.3999938964844
2026-06-10 14:40:00-04:00,400.7349853515625,400.7900085449219,400.3717041015625,400.42999267578125,114574,400.7349853515625
2026-06-10 14:45:00-04:00,400.53680419921875,400.75,400.2900085449219,400.69000244140625,129816,400.53680419921875
2026-06-10 14:50:00-04:00,400.5,400.75,400.1000061035156,400.54998779296875,157248,400.5
2026-06-10 14:55:00-04:00,400.07000732421875,400.5,399.7699890136719,400.5,230032,400.07000732421875
2026-06-10 15:00:00-04:00,399.7974853515625,400.1600036621094,399.7799987792969,400.07501220703125,173490,399.7974853515625
2026-06-10 15:05:00-04:00,400.1499938964844,400.2699890136719,399.6499938964844,399.7950134277344,178851,400.1499938964844
2026-06-10 15:10:00-04:00,399.7300109863281,400.2099914550781,399.7049865722656,400.1600036621094,151758,399.7300109863281
2026-06-10 15:15:00-04:00,399.48480224609375,399.8699951171875,399.48480224609375,399.739990234375,151381,399.48480224609375
2026-06-10 15:20:00-04:00,399.159912109375,399.57000732421875,399.0899963378906,399.51519775390625,230125,399.159912109375
2026-06-10 15:25:00-04:00,398.3599853515625,399.2099914550781,398.260009765625,399.1199951171875,261750,398.3599853515625
2026-06-10 15:30:00-04:00,398.8999938964844,398.8999938964844,398.07000732421875,398.3399963378906,406363,398.8999938964844
2026-06-10 15:35:00-04:00,399.1600036621094,399.2900085449219,398.7799987792969,398.8800048828125,239706,399.1600036621094
2026-06-10 15:40:00-04:00,399.1099853515625,399.29998779296875,398.6099853515625,399.2200012207031,341832,399.1099853515625
2026-06-10 15:45:00-04:00,398.2699890136719,399.0899963378906,397.94500732421875,399.0899963378906,868895,398.2699890136719
2026-06-10 15:50:00-04:00,398.25,398.3500061035156,397.4100036621094,398.239990234375,719854,398.25
2026-06-10 15:55:00-04:00,397.26129150390625,398.95001220703125,397.17999267578125,398.25,1461164,397.26129150390625
