Datetime,Close,High,Low,Open,Volume,Adj Close
2026-04-29 09:30:00-04:00,53.67850112915039,53.70500183105469,53.65999984741211,53.68000030517578,276214,53.67850112915039
2026-04-29 09:35:00-04:00,53.709999084472656,53.72999954223633,53.650001525878906,53.670101165771484,165111,53.709999084472656
2026-04-29 09:40:00-04:00,53.714698791503906,53.72999954223633,53.70500183105469,53.720001220703125,71287,53.714698791503906
2026-04-29 09:45:00-04:00,53.71989822387695,53.72990036010742,53.685001373291016,53.709999084472656,76375,53.71989822387695
2026-04-29 09:50:00-04:00,53.7692985534668,53.7692985534668,53.71500015258789,53.71500015258789,57983,53.7692985534668
2026-04-29 09:55:00-04:00,53.75,53.77000045776367,53.75,53.765899658203125,51920,53.75
2026-04-29 10:00:00-04:00,53.739898681640625,53.755001068115234,53.720001220703125,53.75,65456,53.739898681640625
2026-04-29 10:05:00-04:00,53.720001220703125,53.75,53.71500015258789,53.73500061035156,137009,53.720001220703125
2026-04-29 10:10:00-04:00,53.75,53.7599983215332,53.709999084472656,53.71070098876953,93528,53.75
2026-04-29 10:15:00-04:00,53.7599983215332,53.77000045776367,53.744998931884766,53.75,35997,53.7599983215332
2026-04-29 10:20:00-04:00,53.779998779296875,53.779998779296875,53.740501403808594,53.75419998168945,50556,53.779998779296875
2026-04-29 10:25:00-04:00,53.80500030517578,53.81990051269531,53.78010177612305,53.78499984741211,46293,53.80500030517578
2026-04-29 10:30:00-04:00,53.82500076293945,53.83000183105469,53.790000915527344,53.79999923706055,43171,53.82500076293945
2026-04-29 10:35:00-04:00,53.845001220703125,53.86000061035156,53.83000183105469,53.83000183105469,43619,53.845001220703125
2026-04-29 10:40:00-04:00,53.845001220703125,53.845001220703125,53.82500076293945,53.845001220703125,59438,53.845001220703125
2026-04-29 10:45:00-04:00,53.834999084472656,53.86000061035156,53.81999969482422,53.849998474121094,36792,53.834999084472656
2026-04-29 10:50:00-04:00,53.84000015258789,53.849998474121094,53.81999969482422,53.84000015258789,58518,53.84000015258789
2026-04-29 10:55:00-04:00,53.845001220703125,53.86000061035156,53.84000015258789,53.84989929199219,36481,53.845001220703125
2026-04-29 11:00:00-04:00,53.834999084472656,53.849998474121094,53.81999969482422,53.84370040893555,34704,53.834999084472656
2026-04-29 11:05:00-04:00,53.797401428222656,53.83000183105469,53.79010009765625,53.83000183105469,44152,53.797401428222656
2026-04-29 11:10:00-04:00,53.76499938964844,53.790000915527344,53.758201599121094,53.790000915527344,39294,53.76499938964844
2026-04-29 11:15:00-04:00,53.79990005493164,53.79999923706055,53.7599983215332,53.77000045776367,22036,53.79990005493164
2026-04-29 11:20:00-04:00,53.810001373291016,53.81669998168945,53.794498443603516,53.79999923706055,43413,53.810001373291016
2026-04-29 11:25:00-04:00,53.82500076293945,53.83000183105469,53.79999923706055,53.810001373291016,97292,53.82500076293945
2026-04-29 11:30:00-04:00,53.81999969482422,53.834999084472656,53.80500030517578,53.829898834228516,148860,53.81999969482422
2026-04-29 11:35:00-04:00,53.82500076293945,53.84000015258789,53.810001373291016,53.83000183105469,65378,53.82500076293945
2026-04-29 11:40:00-04:00,53.81999969482422,53.83000183105469,53.810001373291016,53.82500076293945,28313,53.81999969482422
2026-04-29 11:45:00-04:00,53.82320022583008,53.849998474121094,53.81990051269531,53.81990051269531,56894,53.82320022583008
2026-04-29 11:50:00-04:00,53.755001068115234,53.834999084472656,53.72999954223633,53.83000183105469,391815,53.755001068115234
2026-04-29 11:55:00-04:00,53.775001525878906,53.779998779296875,53.75,53.7599983215332,76941,53.775001525878906
2026-04-29 12:00:00-04:00,53.79499816894531,53.79999923706055,53.775001525878906,53.775001525878906,66658,53.79499816894531
2026-04-29 12:05:00-04:00,53.79499816894531,53.810001373291016,53.78990173339844,53.79629898071289,30113,53.79499816894531
2026-04-29 12:10:00-04:00,53.790000915527344,53.80799865722656,53.790000915527344,53.79999923706055,20437,53.790000915527344
2026-04-29 12:15:00-04:00,53.75,53.79499816894531,53.75,53.790000915527344,22271,53.75
2026-04-29 12:20:00-04:00,53.769901275634766,53.769901275634766,53.747501373291016,53.747501373291016,45211,53.769901275634766
2026-04-29 12:25:00-04:00,53.7400016784668,53.76499938964844,53.7400016784668,53.76499938964844,64394,53.7400016784668
2026-04-29 12:30:00-04:00,53.689998626708984,53.73500061035156,53.685001373291016,53.72999954223633,113553,53.689998626708984
2026-04-29 12:35:00-04:00,53.720001220703125,53.720001220703125,53.69499969482422,53.70000076293945,39170,53.720001220703125
2026-04-29 12:40:00-04:00,53.7400016784668,53.749900817871094,53.720001220703125,53.72999954223633,38916,53.7400016784668
2026-04-29 12:45:00-04:00,53.744998931884766,53.749900817871094,53.72999954223633,53.73500061035156,19762,53.744998931884766
2026-04-29 12:50:00-04:00,53.744998931884766,53.7599983215332,53.73500061035156,53.744998931884766,23041,53.744998931884766
2026-04-29 12:55:00-04:00,53.72999954223633,53.75,53.720001220703125,53.749900817871094,27715,53.72999954223633
2026-04-29 13:00:00-04:00,53.71989822387695,53.7400016784668,53.70009994506836,53.73500061035156,38561,53.71989822387695
2026-04-29 13:05:00-04:00,53.73609924316406,53.73659896850586,53.720001220703125,53.720001220703125,13985,53.73609924316406
2026-04-29 13:10:00-04:00,53.72999954223633,53.75,53.72999954223633,53.7400016784668,28624,53.72999954223633
2026-04-29 13:15:00-04:00,53.733001708984375,53.749900817871094,53.7234001159668,53.73500061035156,18303,53.733001708984375
2026-04-29 13:20:00-04:00,53.744998931884766,53.76499938964844,53.7400016784668,53.7400016784668,56597,53.744998931884766
2026-04-29 13:25:00-04:00,53.744998931884766,53.744998931884766,53.724998474121094,53.7400016784668,43209,53.744998931884766
2026-04-29 13:30:00-04:00,53.755001068115234,53.77000045776367,53.749900817871094,53.75,56117,53.755001068115234
2026-04-29 13:35:00-04:00,53.7598991394043,53.7599983215332,53.755001068115234,53.755001068115234,10745,53.7598991394043
2026-04-29 13:40:00-04:00,53.7598991394043,53.7599983215332,53.7401008605957,53.7598991394043,26307,53.7598991394043
2026-04-29 13:45:00-04:00,53.77000045776367,53.790000915527344,53.75,53.7599983215332,76321,53.77000045776367
2026-04-29 13:50:00-04:00,53.775001525878906,53.79990005493164,53.77360153198242,53.779998779296875,38908,53.775001525878906
2026-04-29 13:55:00-04:00,53.790000915527344,53.790000915527344,53.77289962768555,53.775001525878906,27849,53.790000915527344
2026-04-29 14:00:00-04:00,53.730098724365234,53.779998779296875,53.72999954223633,53.76499938964844,59363,53.730098724365234
2026-04-29 14:05:00-04:00,53.71500015258789,53.76499938964844,53.71500015258789,53.7400016784668,70976,53.71500015258789
2026-04-29 14:10:00-04:00,53.729698181152344,53.7400016784668,53.69499969482422,53.71500015258789,50873,53.729698181152344
2026-04-29 14:15:00-04:00,53.77000045776367,53.775001525878906,53.72990036010742,53.72999954223633,26941,53.77000045776367
2026-04-29 14:20:00-04:00,53.77000045776367,53.775001525878906,53.755001068115234,53.76499938964844,36047,53.77000045776367
2026-04-29 14:25:00-04:00,53.74449920654297,53.7599983215332,53.7400016784668,53.7599983215332,12176,53.74449920654297
2026-04-29 14:30:00-04:00,53.744998931884766,53.75,53.720001220703125,53.75,85309,53.744998931884766
2026-04-29 14:35:00-04:00,53.76499938964844,53.814998626708984,53.744998931884766,53.75,93087,53.76499938964844
2026-04-29 14:40:00-04:00,53.72999954223633,53.7599983215332,53.724998474121094,53.7599983215332,102649,53.72999954223633
2026-04-29 14:45:00-04:00,53.775001525878906,53.779998779296875,53.709999084472656,53.720001220703125,69225,53.775001525878906
2026-04-29 14:50:00-04:00,53.79499816894531,53.809898376464844,53.77989959716797,53.77989959716797,26909,53.79499816894531
2026-04-29 14:55:00-04:00,53.84000015258789,53.84000015258789,53.79499816894531,53.79499816894531,27816,53.84000015258789
2026-04-29 15:00:00-04:00,53.834999084472656,53.849998474121094,53.81999969482422,53.845001220703125,29416,53.834999084472656
2026-04-29 15:05:00-04:00,53.83000183105469,53.84000015258789,53.810001373291016,53.83000183105469,119451,53.83000183105469
2026-04-29 15:10:00-04:00,53.86000061035156,53.86000061035156,53.81999969482422,53.82500076293945,97834,53.86000061035156
2026-04-29 15:15:00-04:00,53.869998931884766,53.8849983215332,53.8650016784668,53.869998931884766,78866,53.869998931884766
2026-04-29 15:20:00-04:00,53.86989974975586,53.869998931884766,53.845001220703125,53.8650016784668,55751,53.86989974975586
2026-04-29 15:25:00-04:00,53.8650016784668,53.880001068115234,53.85499954223633,53.8650016784668,15010,53.8650016784668
2026-04-29 15:30:00-04:00,53.829898834228516,53.86000061035156,53.81010055541992,53.86000061035156,52835,53.829898834228516
2026-04-29 15:35:00-04:00,53.839900970458984,53.84989929199219,53.814998626708984,53.82500076293945,31869,53.839900970458984
2026-04-29 15:40:00-04:00,53.82320022583008,53.84000015258789,53.814998626708984,53.84000015258789,81364,53.82320022583008
2026-04-29 15:45:00-04:00,53.825801849365234,53.83000183105469,53.82320022583008,53.82500076293945,10964,53.825801849365234
2026-04-29 15:50:00-04:00,53.839698791503906,53.845001220703125,53.79999923706055,53.81999969482422,159350,53.839698791503906
2026-04-29 15:55:00-04:00,53.875,53.875,53.83000183105469,53.834999084472656,180788,53.875
2026-04-30 09:30:00-04:00,53.90999984741211,54.060001373291016,53.900001525878906,54.04999923706055,453545,53.90999984741211
2026-04-30 09:35:00-04:00,53.8650016784668,53.935001373291016,53.86000061035156,53.900001525878906,125017,53.8650016784668
2026-04-30 09:40:00-04:00,53.91999816894531,53.91999816894531,53.83000183105469,53.86000061035156,210624,53.91999816894531
2026-04-30 09:45:00-04:00,53.88999938964844,53.935001373291016,53.849998474121094,53.90999984741211,155251,53.88999938964844
2026-04-30 09:50:00-04:00,53.80149841308594,53.9099006652832,53.80149841308594,53.89500045776367,240016,53.80149841308594
2026-04-30 09:55:00-04:00,53.810001373291016,53.82500076293945,53.76499938964844,53.79999923706055,113158,53.810001373291016
2026-04-30 10:00:00-04:00,53.85499954223633,53.8650016784668,53.80270004272461,53.80500030517578,73869,53.85499954223633
2026-04-30 10:05:00-04:00,53.790000915527344,53.8650016784668,53.76499938964844,53.85499954223633,228592,53.790000915527344
2026-04-30 10:10:00-04:00,53.814998626708984,53.84000015258789,53.7599983215332,53.79499816894531,114292,53.814998626708984
2026-04-30 10:15:00-04:00,53.782100677490234,53.810001373291016,53.720001220703125,53.810001373291016,286803,53.782100677490234
2026-04-30 10:20:00-04:00,53.818599700927734,53.81999969482422,53.77000045776367,53.779998779296875,112892,53.818599700927734
2026-04-30 10:25:00-04:00,53.79970169067383,53.810001373291016,53.75299835205078,53.810001373291016,85853,53.79970169067383
2026-04-30 10:30:00-04:00,53.78150177001953,53.841400146484375,53.77000045776367,53.790000915527344,258599,53.78150177001953
2026-04-30 10:35:00-04:00,53.749900817871094,53.79990005493164,53.741600036621094,53.79499816894531,83070,53.749900817871094
2026-04-30 10:40:00-04:00,53.82500076293945,53.83000183105469,53.75,53.75,82161,53.82500076293945
2026-04-30 10:45:00-04:00,53.86899948120117,53.877498626708984,53.82500076293945,53.83000183105469,60441,53.86899948120117
2026-04-30 10:50:00-04:00,53.92250061035156,53.93000030517578,53.85900115966797,53.8650016784668,65431,53.92250061035156
2026-04-30 10:55:00-04:00,53.95000076293945,53.959999084472656,53.92499923706055,53.92499923706055,43968,53.95000076293945
2026-04-30 11:00:00-04:00,53.959999084472656,53.97999954223633,53.94969940185547,53.94969940185547,42781,53.959999084472656
2026-04-30 11:05:00-04:00,53.989898681640625,53.989898681640625,53.94499969482422,53.959999084472656,101448,53.989898681640625
2026-04-30 11:10:00-04:00,53.98500061035156,54.0,53.95280075073242,53.9900016784668,33895,53.98500061035156
2026-04-30 11:15:00-04:00,53.98979949951172,54.0,53.97359848022461,53.98249816894531,18521,53.98979949951172
2026-04-30 11:20:00-04:00,53.97999954223633,53.9900016784668,53.959999084472656,53.9900016784668,38637,53.97999954223633
2026-04-30 11:25:00-04:00,53.9900016784668,54.0,53.97990036010742,53.98500061035156,49421,53.9900016784668
2026-04-30 11:30:00-04:00,53.994998931884766,54.025001525878906,53.9900016784668,53.9900016784668,128193,53.994998931884766
2026-04-30 11:35:00-04:00,53.95500183105469,53.9900016784668,53.95000076293945,53.9900016784668,37181,53.95500183105469
2026-04-30 11:40:00-04:00,53.94419860839844,53.95500183105469,53.93349838256836,53.95000076293945,49612,53.94419860839844
2026-04-30 11:45:00-04:00,53.95989990234375,53.95989990234375,53.915000915527344,53.93009948730469,34334,53.95989990234375
2026-04-30 11:50:00-04:00,53.994998931884766,54.0,53.95249938964844,53.95249938964844,18215,53.994998931884766
2026-04-30 11:55:00-04:00,53.974998474121094,54.0099983215332,53.974998474121094,54.0,52823,53.974998474121094
2026-04-30 12:00:00-04:00,53.970001220703125,53.970001220703125,53.939998626708984,53.970001220703125,80266,53.970001220703125
2026-04-30 12:05:00-04:00,53.97999954223633,54.0,53.96900177001953,53.970001220703125,36696,53.97999954223633
2026-04-30 12:10:00-04:00,54.01499938964844,54.02000045776367,53.974998474121094,53.974998474121094,202653,54.01499938964844
2026-04-30 12:15:00-04:00,54.02000045776367,54.02000045776367,54.0,54.02000045776367,17067,54.02000045776367
2026-04-30 12:20:00-04:00,53.994998931884766,54.02000045776367,53.994998931884766,54.01499938964844,17354,53.994998931884766
2026-04-30 12:25:00-04:00,54.0,54.0,53.98500061035156,53.98500061035156,22400,54.0
2026-04-30 12:30:00-04:00,54.00910186767578,54.0099983215332,54.0,54.005001068115234,45465,54.00910186767578
2026-04-30 12:35:00-04:00,54.002498626708984,54.007198333740234,53.992698669433594,54.005001068115234,27888,54.002498626708984
2026-04-30 12:40:00-04:00,53.97909927368164,54.0098991394043,53.974998474121094,54.005001068115234,51692,53.97909927368164
2026-04-30 12:45:00-04:00,53.989898681640625,53.9900016784668,53.96500015258789,53.970001220703125,52997,53.989898681640625
2026-04-30 12:50:00-04:00,53.95000076293945,53.97999954223633,53.939998626708984,53.97999954223633,29220,53.95000076293945
2026-04-30 12:55:00-04:00,53.95000076293945,53.95989990234375,53.935001373291016,53.95000076293945,22848,53.95000076293945
2026-04-30 13:00:00-04:00,54.0,54.005001068115234,53.95989990234375,53.95989990234375,46360,54.0
2026-04-30 13:05:00-04:00,54.0,54.0099983215332,53.9900016784668,53.9900016784668,39247,54.0
2026-04-30 13:10:00-04:00,54.03499984741211,54.040000915527344,54.005001068115234,54.005001068115234,90456,54.03499984741211
2026-04-30 13:15:00-04:00,54.025001525878906,54.03499984741211,54.0099983215332,54.03499984741211,28584,54.025001525878906
2026-04-30 13:20:00-04:00,54.03499984741211,54.040000915527344,54.0099983215332,54.025001525878906,47698,54.03499984741211
2026-04-30 13:25:00-04:00,54.04999923706055,54.04999923706055,54.025001525878906,54.03499984741211,75281,54.04999923706055
2026-04-30 13:30:00-04:00,54.07500076293945,54.09000015258789,54.04999923706055,54.04999923706055,84359,54.07500076293945
2026-04-30 13:35:00-04:00,54.084999084472656,54.084999084472656,54.06999969482422,54.07500076293945,44763,54.084999084472656
2026-04-30 13:40:00-04:00,54.080101013183594,54.099998474121094,54.07500076293945,54.084999084472656,32616,54.080101013183594
2026-04-30 13:45:00-04:00,54.091400146484375,54.11000061035156,54.0890007019043,54.0890007019043,59762,54.091400146484375
2026-04-30 13:50:00-04:00,54.10499954223633,54.1067008972168,54.09199905395508,54.09659957885742,23199,54.10499954223633
2026-04-30 13:55:00-04:00,54.130001068115234,54.1349983215332,54.099998474121094,54.099998474121094,39104,54.130001068115234
2026-04-30 14:00:00-04:00,54.16849899291992,54.16999816894531,54.1349983215332,54.1349983215332,41290,54.16849899291992
2026-04-30 14:05:00-04:00,54.154998779296875,54.165000915527344,54.150001525878906,54.15999984741211,37121,54.154998779296875
2026-04-30 14:10:00-04:00,54.154998779296875,54.15999984741211,54.140098571777344,54.150001525878906,43166,54.154998779296875
2026-04-30 14:15:00-04:00,54.1599006652832,54.16999816894531,54.15140151977539,54.154998779296875,57784,54.1599006652832
2026-04-30 14:20:00-04:00,54.14500045776367,54.15999984741211,54.14400100708008,54.154998779296875,23227,54.14500045776367
2026-04-30 14:25:00-04:00,54.14500045776367,54.150001525878906,54.1349983215332,54.142398834228516,23376,54.14500045776367
2026-04-30 14:30:00-04:00,54.15769958496094,54.165000915527344,54.150001525878906,54.150001525878906,50954,54.15769958496094
2026-04-30 14:35:00-04:00,54.165000915527344,54.18000030517578,54.15629959106445,54.15629959106445,32536,54.165000915527344
2026-04-30 14:40:00-04:00,54.160701751708984,54.16999816894531,54.15010070800781,54.165000915527344,58260,54.160701751708984
2026-04-30 14:45:00-04:00,54.154998779296875,54.16999816894531,54.154998779296875,54.15999984741211,18454,54.154998779296875
2026-04-30 14:50:00-04:00,54.154998779296875,54.15999984741211,54.150001525878906,54.154998779296875,8620,54.154998779296875
2026-04-30 14:55:00-04:00,54.1349983215332,54.15890121459961,54.130001068115234,54.154998779296875,21581,54.1349983215332
2026-04-30 15:00:00-04:00,54.13999938964844,54.15769958496094,54.119998931884766,54.130001068115234,26802,54.13999938964844
2026-04-30 15:05:00-04:00,54.16130065917969,54.16999816894531,54.14149856567383,54.14149856567383,24205,54.16130065917969
2026-04-30 15:10:00-04:00,54.185001373291016,54.185001373291016,54.15999984741211,54.165000915527344,28209,54.185001373291016
2026-04-30 15:15:00-04:00,54.185001373291016,54.189998626708984,54.170101165771484,54.185699462890625,45698,54.185001373291016
2026-04-30 15:20:00-04:00,54.185001373291016,54.189998626708984,54.17499923706055,54.18000030517578,15247,54.185001373291016
2026-04-30 15:25:00-04:00,54.17499923706055,54.189998626708984,54.17499923706055,54.18989944458008,48211,54.17499923706055
2026-04-30 15:30:00-04:00,54.185001373291016,54.185001373291016,54.16999816894531,54.17150115966797,25137,54.185001373291016
2026-04-30 15:35:00-04:00,54.185001373291016,54.189998626708984,54.16999816894531,54.180999755859375,50417,54.185001373291016
2026-04-30 15:40:00-04:00,54.20009994506836,54.20989990234375,54.16999816894531,54.185001373291016,71583,54.20009994506836
2026-04-30 15:45:00-04:00,54.20500183105469,54.209999084472656,54.189998626708984,54.20500183105469,32034,54.20500183105469
2026-04-30 15:50:00-04:00,54.17499923706055,54.209999084472656,54.150001525878906,54.209999084472656,127550,54.17499923706055
2026-04-30 15:55:00-04:00,54.16999816894531,54.20500183105469,54.15999984741211,54.16999816894531,161970,54.16999816894531
2026-05-01 09:30:00-04:00,54.43000030517578,54.439998626708984,54.26499938964844,54.279998779296875,388844,54.43000030517578
2026-05-01 09:35:00-04:00,54.489898681640625,54.489898681640625,54.41999816894531,54.439998626708984,78091,54.489898681640625
2026-05-01 09:40:00-04:00,54.505001068115234,54.52000045776367,54.470001220703125,54.4900016784668,118928,54.505001068115234
2026-05-01 09:45:00-04:00,54.5,54.501399993896484,54.459999084472656,54.500099182128906,135093,54.5
2026-05-01 09:50:00-04:00,54.51499938964844,54.540000915527344,54.470001220703125,54.5,326803,54.51499938964844
2026-05-01 09:55:00-04:00,54.619998931884766,54.619998931884766,54.5099983215332,54.5099983215332,153491,54.619998931884766
2026-05-01 10:00:00-04:00,54.650001525878906,54.65999984741211,54.60499954223633,54.630001068115234,117126,54.650001525878906
2026-05-01 10:05:00-04:00,54.6349983215332,54.650001525878906,54.60380172729492,54.64070129394531,80950,54.6349983215332
2026-05-01 10:10:00-04:00,54.64500045776367,54.66510009765625,54.619998931884766,54.63840103149414,108187,54.64500045776367
2026-05-01 10:15:00-04:00,54.62990188598633,54.650001525878906,54.60139846801758,54.64860153198242,48687,54.62990188598633
2026-05-01 10:20:00-04:00,54.64500045776367,54.66999816894531,54.630001068115234,54.630001068115234,65350,54.64500045776367
2026-05-01 10:25:00-04:00,54.625,54.64500045776367,54.625,54.63999938964844,60294,54.625
2026-05-01 10:30:00-04:00,54.529998779296875,54.622501373291016,54.52000045776367,54.62009811401367,96740,54.529998779296875
2026-05-01 10:35:00-04:00,54.52000045776367,54.54499816894531,54.44499969482422,54.529998779296875,80464,54.52000045776367
2026-05-01 10:40:00-04:00,54.54999923706055,54.56999969482422,54.4900016784668,54.51499938964844,69848,54.54999923706055
2026-05-01 10:45:00-04:00,54.55500030517578,54.564998626708984,54.53499984741211,54.540000915527344,57799,54.55500030517578
2026-05-01 10:50:00-04:00,54.54999923706055,54.56999969482422,54.501399993896484,54.54999923706055,53637,54.54999923706055
2026-05-01 10:55:00-04:00,54.55500030517578,54.56999969482422,54.53300094604492,54.540000915527344,38675,54.55500030517578
2026-05-01 11:00:00-04:00,54.505001068115234,54.53499984741211,54.470001220703125,54.52000045776367,49585,54.505001068115234
2026-05-01 11:05:00-04:00,54.5099983215332,54.52000045776367,54.48210144042969,54.5,47403,54.5099983215332
2026-05-01 11:10:00-04:00,54.56999969482422,54.56999969482422,54.4900016784668,54.5099983215332,72632,54.56999969482422
2026-05-01 11:15:00-04:00,54.580101013183594,54.584999084472656,54.560001373291016,54.56999969482422,86080,54.580101013183594
2026-05-01 11:20:00-04:00,54.595001220703125,54.61000061035156,54.59000015258789,54.59000015258789,30790,54.595001220703125
2026-05-01 11:25:00-04:00,54.59989929199219,54.61000061035156,54.584999084472656,54.60499954223633,26213,54.59989929199219
2026-05-01 11:30:00-04:00,54.599998474121094,54.619998931884766,54.595001220703125,54.599998474121094,52724,54.599998474121094
2026-05-01 11:35:00-04:00,54.64500045776367,54.65999984741211,54.599998474121094,54.60499954223633,160829,54.64500045776367
2026-05-01 11:40:00-04:00,54.64289855957031,54.659698486328125,54.6427001953125,54.64459991455078,55992,54.64289855957031
2026-05-01 11:45:00-04:00,54.66999816894531,54.66999816894531,54.640098571777344,54.64500045776367,36928,54.66999816894531
2026-05-01 11:50:00-04:00,54.621498107910156,54.67499923706055,54.560001373291016,54.669898986816406,226482,54.621498107910156
2026-05-01 11:55:00-04:00,54.6349983215332,54.654998779296875,54.619998931884766,54.630001068115234,26656,54.6349983215332
2026-05-01 12:00:00-04:00,54.619998931884766,54.650001525878906,54.619998931884766,54.6349983215332,31054,54.619998931884766
2026-05-01 12:05:00-04:00,54.57500076293945,54.630001068115234,54.564998626708984,54.630001068115234,44534,54.57500076293945
2026-05-01 12:10:00-04:00,54.56990051269531,54.59000015258789,54.56290054321289,54.56999969482422,33310,54.56990051269531
2026-05-01 12:15:00-04:00,54.591400146484375,54.60660171508789,54.564998626708984,54.564998626708984,15960,54.591400146484375
2026-05-01 12:20:00-04:00,54.58000183105469,54.619998931884766,54.53499984741211,54.599998474121094,157704,54.58000183105469
2026-05-01 12:25:00-04:00,54.55500030517578,54.58000183105469,54.53499984741211,54.58000183105469,46449,54.55500030517578
2026-05-01 12:30:00-04:00,54.54140090942383,54.560001373291016,54.52000045776367,54.54999923706055,44166,54.54140090942383
2026-05-01 12:35:00-04:00,54.56999969482422,54.56999969482422,54.53499984741211,54.55500030517578,59865,54.56999969482422
2026-05-01 12:40:00-04:00,54.53499984741211,54.579898834228516,54.53499984741211,54.57500076293945,26077,54.53499984741211
2026-05-01 12:45:00-04:00,54.53499984741211,54.54990005493164,54.525001525878906,54.529998779296875,29693,54.53499984741211
2026-05-01 12:50:00-04:00,54.5629997253418,54.56840133666992,54.525001525878906,54.53499984741211,11974,54.5629997253418
2026-05-01 12:55:00-04:00,54.564998626708984,54.59000015258789,54.564998626708984,54.56999969482422,18065,54.564998626708984
2026-05-01 13:00:00-04:00,54.57500076293945,54.584999084472656,54.560001373291016,54.560001373291016,18893,54.57500076293945
2026-05-01 13:05:00-04:00,54.57500076293945,54.59000015258789,54.56999969482422,54.576698303222656,31303,54.57500076293945
2026-05-01 13:10:00-04:00,54.592498779296875,54.595001220703125,54.58000183105469,54.58000183105469,9038,54.592498779296875
2026-05-01 13:15:00-04:00,54.619998931884766,54.619998931884766,54.595001220703125,54.599998474121094,21250,54.619998931884766
2026-05-01 13:20:00-04:00,54.625,54.63999938964844,54.62009811401367,54.629798889160156,24113,54.625
2026-05-01 13:25:00-04:00,54.63010025024414,54.63990020751953,54.62139892578125,54.62900161743164,45274,54.63010025024414
2026-05-01 13:30:00-04:00,54.625,54.650001525878906,54.619998931884766,54.63999938964844,37120,54.625
2026-05-01 13:35:00-04:00,54.62139892578125,54.62990188598633,54.61000061035156,54.625,16783,54.62139892578125
2026-05-01 13:40:00-04:00,54.6349983215332,54.63999938964844,54.625,54.625,42785,54.6349983215332
2026-05-01 13:45:00-04:00,54.63990020751953,54.63999938964844,54.630001068115234,54.6349983215332,13956,54.63990020751953
2026-05-01 13:50:00-04:00,54.63880157470703,54.650001525878906,54.622100830078125,54.63999938964844,37654,54.63880157470703
2026-05-01 13:55:00-04:00,54.63859939575195,54.649898529052734,54.63140106201172,54.63999938964844,12823,54.63859939575195
2026-05-01 14:00:00-04:00,54.619998931884766,54.63999938964844,54.611698150634766,54.6349983215332,28334,54.619998931884766
2026-05-01 14:05:00-04:00,54.625,54.625,54.595001220703125,54.6150016784668,36687,54.625
2026-05-01 14:10:00-04:00,54.56999969482422,54.619998931884766,54.56999969482422,54.61989974975586,61275,54.56999969482422
2026-05-01 14:15:00-04:00,54.584999084472656,54.59000015258789,54.560001373291016,54.57500076293945,30659,54.584999084472656
2026-05-01 14:20:00-04:00,54.599998474121094,54.599998474121094,54.58000183105469,54.584999084472656,28048,54.599998474121094
2026-05-01 14:25:00-04:00,54.595001220703125,54.61000061035156,54.59000015258789,54.60499954223633,53619,54.595001220703125
2026-05-01 14:30:00-04:00,54.57279968261719,54.60499954223633,54.570098876953125,54.60499954223633,88671,54.57279968261719
2026-05-01 14:35:00-04:00,54.560001373291016,54.56999969482422,54.54999923706055,54.56999969482422,111068,54.560001373291016
2026-05-01 14:40:00-04:00,54.540000915527344,54.560001373291016,54.529998779296875,54.55500030517578,37484,54.540000915527344
2026-05-01 14:45:00-04:00,54.525001525878906,54.540000915527344,54.505001068115234,54.540000915527344,35824,54.525001525878906
2026-05-01 14:50:00-04:00,54.529998779296875,54.540000915527344,54.5099983215332,54.529998779296875,58039,54.529998779296875
2026-05-01 14:55:00-04:00,54.54990005493164,54.54999923706055,54.529998779296875,54.529998779296875,27590,54.54990005493164
2026-05-01 15:00:00-04:00,54.56999969482422,54.57500076293945,54.54499816894531,54.54499816894531,15394,54.56999969482422
2026-05-01 15:05:00-04:00,54.595001220703125,54.595001220703125,54.56999969482422,54.56999969482422,27690,54.595001220703125
2026-05-01 15:10:00-04:00,54.61009979248047,54.61989974975586,54.589900970458984,54.599998474121094,31889,54.61009979248047
2026-05-01 15:15:00-04:00,54.62009811401367,54.630001068115234,54.61000061035156,54.61000061035156,64140,54.62009811401367
2026-05-01 15:20:00-04:00,54.6349983215332,54.6349983215332,54.6150016784668,54.619998931884766,22845,54.6349983215332
2026-05-01 15:25:00-04:00,54.650001525878906,54.66999816894531,54.63010025024414,54.63010025024414,54493,54.650001525878906
2026-05-01 15:30:00-04:00,54.63999938964844,54.66999816894531,54.628700256347656,54.65999984741211,34506,54.63999938964844
2026-05-01 15:35:00-04:00,54.625,54.63990020751953,54.6150016784668,54.630001068115234,24038,54.625
2026-05-01 15:40:00-04:00,54.625,54.6349983215332,54.60499954223633,54.6349983215332,15151,54.625
2026-05-01 15:45:00-04:00,54.6150016784668,54.630001068115234,54.599998474121094,54.62990188598633,23484,54.6150016784668
2026-05-01 15:50:00-04:00,54.584999084472656,54.625,54.5630989074707,54.619998931884766,212982,54.584999084472656
2026-05-01 15:55:00-04:00,54.560001373291016,54.58000183105469,54.54999923706055,54.58000183105469,175245,54.560001373291016
2026-05-04 09:30:00-04:00,54.560001373291016,54.630001068115234,54.540199279785156,54.61000061035156,720028,54.560001373291016
2026-05-04 09:35:00-04:00,54.57500076293945,54.5984992980957,54.529998779296875,54.560001373291016,149355,54.57500076293945
2026-05-04 09:40:00-04:00,54.60089874267578,54.64500045776367,54.560001373291016,54.58000183105469,113450,54.60089874267578
2026-05-04 09:45:00-04:00,54.63209915161133,54.66999816894531,54.59400177001953,54.6349983215332,115082,54.63209915161133
2026-05-04 09:50:00-04:00,54.63990020751953,54.654998779296875,54.599998474121094,54.619998931884766,184622,54.63990020751953
2026-05-04 09:55:00-04:00,54.665000915527344,54.66999816894531,54.592899322509766,54.6349983215332,141130,54.665000915527344
2026-05-04 10:00:00-04:00,54.639801025390625,54.66999816894531,54.639801025390625,54.66999816894531,204178,54.639801025390625
2026-05-04 10:05:00-04:00,54.6150016784668,54.665000915527344,54.60749816894531,54.619998931884766,348243,54.6150016784668
2026-05-04 10:10:00-04:00,54.67499923706055,54.70500183105469,54.61199951171875,54.61880111694336,156219,54.67499923706055
2026-05-04 10:15:00-04:00,54.69900131225586,54.70000076293945,54.65999984741211,54.66999816894531,69078,54.69900131225586
2026-05-04 10:20:00-04:00,54.689998626708984,54.70989990234375,54.6775016784668,54.699798583984375,48923,54.689998626708984
2026-05-04 10:25:00-04:00,54.65800094604492,54.70500183105469,54.654998779296875,54.685001373291016,114069,54.65800094604492
2026-05-04 10:30:00-04:00,54.681400299072266,54.70000076293945,54.64500045776367,54.650001525878906,54710,54.681400299072266
2026-05-04 10:35:00-04:00,54.70100021362305,54.71500015258789,54.670101165771484,54.685001373291016,48635,54.70100021362305
2026-05-04 10:40:00-04:00,54.726600646972656,54.73500061035156,54.70000076293945,54.71500015258789,38696,54.726600646972656
2026-05-04 10:45:00-04:00,54.730098724365234,54.75,54.720001220703125,54.729801177978516,91552,54.730098724365234
2026-05-04 10:50:00-04:00,54.72269821166992,54.75,54.720001220703125,54.7400016784668,58948,54.72269821166992
2026-05-04 10:55:00-04:00,54.654998779296875,54.7400016784668,54.654998779296875,54.72999954223633,102317,54.654998779296875
2026-05-04 11:00:00-04:00,54.67499923706055,54.709999084472656,54.6150016784668,54.650001525878906,109612,54.67499923706055
2026-05-04 11:05:00-04:00,54.669898986816406,54.68989944458008,54.6349983215332,54.66999816894531,84836,54.669898986816406
2026-05-04 11:10:00-04:00,54.61000061035156,54.66550064086914,54.595001220703125,54.665000915527344,60133,54.61000061035156
2026-05-04 11:15:00-04:00,54.5,54.6349983215332,54.5,54.61000061035156,180145,54.5
2026-05-04 11:20:00-04:00,54.43000030517578,54.500099182128906,54.39360046386719,54.5,155674,54.43000030517578
2026-05-04 11:25:00-04:00,54.4900016784668,54.50550079345703,54.41999816894531,54.41999816894531,138226,54.4900016784668
2026-05-04 11:30:00-04:00,54.46500015258789,54.498600006103516,54.404998779296875,54.4900016784668,74290,54.46500015258789
2026-05-04 11:35:00-04:00,54.43000030517578,54.47999954223633,54.400001525878906,54.45500183105469,107706,54.43000030517578
2026-05-04 11:40:00-04:00,54.470001220703125,54.470001220703125,54.369998931884766,54.417999267578125,67988,54.470001220703125
2026-05-04 11:45:00-04:00,54.42499923706055,54.470001220703125,54.41999816894531,54.470001220703125,64960,54.42499923706055
2026-05-04 11:50:00-04:00,54.46500015258789,54.46500015258789,54.375,54.41999816894531,65914,54.46500015258789
2026-05-04 11:55:00-04:00,54.415000915527344,54.470001220703125,54.415000915527344,54.470001220703125,74234,54.415000915527344
2026-05-04 12:00:00-04:00,54.404998779296875,54.435001373291016,54.380001068115234,54.421600341796875,86517,54.404998779296875
2026-05-04 12:05:00-04:00,54.30860137939453,54.404998779296875,54.2400016784668,54.404998779296875,257094,54.30860137939453
2026-05-04 12:10:00-04:00,54.30139923095703,54.349998474121094,54.275001525878906,54.30500030517578,63736,54.30139923095703
2026-05-04 12:15:00-04:00,54.38999938964844,54.43000030517578,54.255001068115234,54.29999923706055,197885,54.38999938964844
2026-05-04 12:20:00-04:00,54.40999984741211,54.435001373291016,54.375,54.400001525878906,116806,54.40999984741211
2026-05-04 12:25:00-04:00,54.39500045776367,54.440101623535156,54.38399887084961,54.41999816894531,49201,54.39500045776367
2026-05-04 12:30:00-04:00,54.43009948730469,54.44499969482422,54.3849983215332,54.38999938964844,47408,54.43009948730469
2026-05-04 12:35:00-04:00,54.375,54.439998626708984,54.36000061035156,54.439998626708984,170216,54.375
2026-05-04 12:40:00-04:00,54.404998779296875,54.41999816894531,54.375,54.380001068115234,34677,54.404998779296875
2026-05-04 12:45:00-04:00,54.400001525878906,54.404998779296875,54.3828010559082,54.39979934692383,17080,54.400001525878906
2026-05-04 12:50:00-04:00,54.37139892578125,54.39500045776367,54.36000061035156,54.3849983215332,40031,54.37139892578125
2026-05-04 12:55:00-04:00,54.38890075683594,54.404998779296875,54.37139892578125,54.380001068115234,40620,54.38890075683594
2026-05-04 13:00:00-04:00,54.439998626708984,54.439998626708984,54.3849983215332,54.38999938964844,77082,54.439998626708984
2026-05-04 13:05:00-04:00,54.439998626708984,54.459999084472656,54.43000030517578,54.43000030517578,64341,54.439998626708984
2026-05-04 13:10:00-04:00,54.44499969482422,54.459999084472656,54.42499923706055,54.44969940185547,33266,54.44499969482422
2026-05-04 13:15:00-04:00,54.51499938964844,54.52000045776367,54.439998626708984,54.44499969482422,128063,54.51499938964844
2026-05-04 13:20:00-04:00,54.540000915527344,54.540000915527344,54.5099983215332,54.513099670410156,37097,54.540000915527344
2026-05-04 13:25:00-04:00,54.52399826049805,54.529998779296875,54.5099983215332,54.52989959716797,23927,54.52399826049805
2026-05-04 13:30:00-04:00,54.505001068115234,54.529998779296875,54.505001068115234,54.52000045776367,44097,54.505001068115234
2026-05-04 13:35:00-04:00,54.4900016784668,54.5,54.46500015258789,54.5,26632,54.4900016784668
2026-05-04 13:40:00-04:00,54.499900817871094,54.5,54.474998474121094,54.499000549316406,17480,54.499900817871094
2026-05-04 13:45:00-04:00,54.494998931884766,54.5,54.47999954223633,54.47999954223633,40088,54.494998931884766
2026-05-04 13:50:00-04:00,54.51499938964844,54.52989959716797,54.499900817871094,54.5,30110,54.51499938964844
2026-05-04 13:55:00-04:00,54.53499984741211,54.540000915527344,54.51499938964844,54.52000045776367,32123,54.53499984741211
2026-05-04 14:00:00-04:00,54.55500030517578,54.55500030517578,54.521400451660156,54.525001525878906,16683,54.55500030517578
2026-05-04 14:05:00-04:00,54.53499984741211,54.560001373291016,54.52989959716797,54.55009841918945,25783,54.53499984741211
2026-05-04 14:10:00-04:00,54.52000045776367,54.54990005493164,54.52000045776367,54.53499984741211,17143,54.52000045776367
2026-05-04 14:15:00-04:00,54.493099212646484,54.519901275634766,54.4900016784668,54.519901275634766,22444,54.493099212646484
2026-05-04 14:20:00-04:00,54.47990036010742,54.5,54.459999084472656,54.494998931884766,32063,54.47990036010742
2026-05-04 14:25:00-04:00,54.494998931884766,54.5,54.439998626708984,54.47999954223633,24432,54.494998931884766
2026-05-04 14:30:00-04:00,54.474998474121094,54.494998931884766,54.46500015258789,54.494998931884766,23088,54.474998474121094
2026-05-04 14:35:00-04:00,54.46500015258789,54.470001220703125,54.45000076293945,54.470001220703125,22431,54.46500015258789
2026-05-04 14:40:00-04:00,54.42499923706055,54.470001220703125,54.42499923706055,54.46500015258789,36714,54.42499923706055
2026-05-04 14:45:00-04:00,54.45500183105469,54.45500183105469,54.410099029541016,54.42499923706055,18293,54.45500183105469
2026-05-04 14:50:00-04:00,54.435001373291016,54.470001220703125,54.42499923706055,54.459999084472656,90188,54.435001373291016
2026-05-04 14:55:00-04:00,54.474998474121094,54.47999954223633,54.435001373291016,54.435001373291016,14390,54.474998474121094
2026-05-04 15:00:00-04:00,54.46500015258789,54.47650146484375,54.45000076293945,54.474998474121094,20011,54.46500015258789
2026-05-04 15:05:00-04:00,54.4901008605957,54.51139831542969,54.45899963378906,54.459999084472656,170460,54.4901008605957
2026-05-04 15:10:00-04:00,54.5,54.5,54.4900016784668,54.494998931884766,21368,54.5
2026-05-04 15:15:00-04:00,54.494998931884766,54.51499938964844,54.494998931884766,54.505001068115234,22121,54.494998931884766
2026-05-04 15:20:00-04:00,54.494998931884766,54.5,54.474998474121094,54.494998931884766,70179,54.494998931884766
2026-05-04 15:25:00-04:00,54.5099983215332,54.519901275634766,54.46500015258789,54.494998931884766,68444,54.5099983215332
2026-05-04 15:30:00-04:00,54.525001525878906,54.52539825439453,54.5099983215332,54.5099983215332,63333,54.525001525878906
2026-05-04 15:35:00-04:00,54.500099182128906,54.525001525878906,54.500099182128906,54.52000045776367,28169,54.500099182128906
2026-05-04 15:40:00-04:00,54.48849868774414,54.5,54.47999954223633,54.5,21400,54.48849868774414
2026-05-04 15:45:00-04:00,54.51499938964844,54.52000045776367,54.474998474121094,54.48970031738281,21978,54.51499938964844
2026-05-04 15:50:00-04:00,54.47990036010742,54.51499938964844,54.4640007019043,54.51499938964844,135373,54.47990036010742
2026-05-04 15:55:00-04:00,54.5,54.5098991394043,54.45899963378906,54.470001220703125,63556,54.5
2026-05-05 09:30:00-04:00,54.869998931884766,54.8849983215332,54.80839920043945,54.84000015258789,445903,54.869998931884766
2026-05-05 09:35:00-04:00,54.90999984741211,54.93000030517578,54.869998931884766,54.872798919677734,146143,54.90999984741211
2026-05-05 09:40:00-04:00,54.939998626708984,54.95000076293945,54.904998779296875,54.9109992980957,132747,54.939998626708984
2026-05-05 09:45:00-04:00,54.935001373291016,54.97999954223633,54.93000030517578,54.95000076293945,113828,54.935001373291016
2026-05-05 09:50:00-04:00,54.93009948730469,54.98500061035156,54.93000030517578,54.935001373291016,168387,54.93009948730469
2026-05-05 09:55:00-04:00,54.935001373291016,54.96500015258789,54.92499923706055,54.93000030517578,135523,54.935001373291016
2026-05-05 10:00:00-04:00,54.95500183105469,54.970001220703125,54.904998779296875,54.939998626708984,78092,54.95500183105469
2026-05-05 10:05:00-04:00,54.96139907836914,54.970001220703125,54.95000076293945,54.959999084472656,136164,54.96139907836914
2026-05-05 10:10:00-04:00,54.904998779296875,54.97999954223633,54.8849983215332,54.959999084472656,152426,54.904998779296875
2026-05-05 10:15:00-04:00,54.88999938964844,54.94499969482422,54.869998931884766,54.88999938964844,237466,54.88999938964844
2026-05-05 10:20:00-04:00,54.974998474121094,54.98500061035156,54.88999938964844,54.88999938964844,78908,54.974998474121094
2026-05-05 10:25:00-04:00,54.994998931884766,55.0099983215332,54.9900016784668,54.9900016784668,173227,54.994998931884766
2026-05-05 10:30:00-04:00,54.99190139770508,55.0099983215332,54.97999954223633,54.9984016418457,45212,54.99190139770508
2026-05-05 10:35:00-04:00,54.95500183105469,55.0099983215332,54.94499969482422,55.0,94428,54.95500183105469
2026-05-05 10:40:00-04:00,54.94499969482422,54.97999954223633,54.939998626708984,54.95500183105469,32862,54.94499969482422
2026-05-05 10:45:00-04:00,54.96009826660156,54.96989822387695,54.935001373291016,54.94710159301758,93009,54.96009826660156
2026-05-05 10:50:00-04:00,54.96989822387695,54.970001220703125,54.9375,54.96989822387695,32123,54.96989822387695
2026-05-05 10:55:00-04:00,54.959999084472656,54.98500061035156,54.952301025390625,54.97140121459961,53527,54.959999084472656
2026-05-05 11:00:00-04:00,55.0,55.0,54.94499969482422,54.94990158081055,39817,55.0
2026-05-05 11:05:00-04:00,54.98500061035156,55.0098991394043,54.97269821166992,54.999698638916016,59947,54.98500061035156
2026-05-05 11:10:00-04:00,55.0099983215332,55.0099983215332,54.98500061035156,54.98720169067383,48088,55.0099983215332
2026-05-05 11:15:00-04:00,54.994998931884766,55.01499938964844,54.994998931884766,55.0098991394043,38909,54.994998931884766
2026-05-05 11:20:00-04:00,55.0,55.0099983215332,54.994998931884766,54.994998931884766,28568,55.0
2026-05-05 11:25:00-04:00,55.005001068115234,55.0099983215332,54.9900016784668,54.994998931884766,35066,55.005001068115234
2026-05-05 11:30:00-04:00,54.98500061035156,55.0099983215332,54.98500061035156,55.005001068115234,38026,54.98500061035156
2026-05-05 11:35:00-04:00,55.0099983215332,55.02000045776367,54.9900016784668,54.9900016784668,57308,55.0099983215332
2026-05-05 11:40:00-04:00,55.00849914550781,55.01499938964844,55.0,55.0098991394043,46058,55.00849914550781
2026-05-05 11:45:00-04:00,55.01499938964844,55.029998779296875,55.0,55.009700775146484,49230,55.01499938964844
2026-05-05 11:50:00-04:00,55.005001068115234,55.02000045776367,55.001399993896484,55.01449966430664,68903,55.005001068115234
2026-05-05 11:55:00-04:00,54.99100112915039,55.0099983215332,54.98500061035156,55.005001068115234,51386,54.99100112915039
2026-05-05 12:00:00-04:00,55.0098991394043,55.0098991394043,54.98500061035156,54.994998931884766,40394,55.0098991394043
2026-05-05 12:05:00-04:00,55.019798278808594,55.019798278808594,55.005001068115234,55.005001068115234,28763,55.019798278808594
2026-05-05 12:10:00-04:00,55.025001525878906,55.02980041503906,55.01499938964844,55.01499938964844,20078,55.025001525878906
2026-05-05 12:15:00-04:00,55.0099983215332,55.025001525878906,54.994998931884766,55.025001525878906,38716,55.0099983215332
2026-05-05 12:20:00-04:00,55.007301330566406,55.02000045776367,55.005001068115234,55.0099983215332,27449,55.007301330566406
2026-05-05 12:25:00-04:00,54.96500015258789,55.00699996948242,54.939998626708984,55.005001068115234,97880,54.96500015258789
2026-05-05 12:30:00-04:00,54.96369934082031,54.97999954223633,54.95869827270508,54.96500015258789,45076,54.96369934082031
2026-05-05 12:35:00-04:00,54.951499938964844,55.0,54.951499938964844,54.96500015258789,25302,54.951499938964844
2026-05-05 12:40:00-04:00,54.959999084472656,54.959999084472656,54.94029998779297,54.95000076293945,36590,54.959999084472656
2026-05-05 12:45:00-04:00,54.98320007324219,54.994998931884766,54.96160125732422,54.96500015258789,32391,54.98320007324219
2026-05-05 12:50:00-04:00,54.98500061035156,54.9900016784668,54.970001220703125,54.98500061035156,25914,54.98500061035156
2026-05-05 12:55:00-04:00,54.990299224853516,55.006900787353516,54.98149871826172,54.98149871826172,61051,54.990299224853516
2026-05-05 13:00:00-04:00,54.999900817871094,55.001399993896484,54.97999954223633,54.9911003112793,19424,54.999900817871094
2026-05-05 13:05:00-04:00,54.974998474121094,55.0,54.974998474121094,54.994998931884766,30861,54.974998474121094
2026-05-05 13:10:00-04:00,54.989898681640625,54.9900016784668,54.974998474121094,54.974998474121094,25663,54.989898681640625
2026-05-05 13:15:00-04:00,55.0098991394043,55.0098991394043,54.989898681640625,54.9900016784668,49307,55.0098991394043
2026-05-05 13:20:00-04:00,54.99319839477539,55.01499938964844,54.99319839477539,55.0099983215332,37867,54.99319839477539
2026-05-05 13:25:00-04:00,55.019901275634766,55.02000045776367,54.99850082397461,54.99850082397461,36911,55.019901275634766
2026-05-05 13:30:00-04:00,55.01499938964844,55.02259826660156,55.0099983215332,55.02000045776367,25862,55.01499938964844
2026-05-05 13:35:00-04:00,55.013099670410156,55.029998779296875,55.005001068115234,55.0099983215332,48601,55.013099670410156
2026-05-05 13:40:00-04:00,55.025001525878906,55.029998779296875,55.0099983215332,55.019901275634766,33237,55.025001525878906
2026-05-05 13:45:00-04:00,55.02980041503906,55.029998779296875,55.02000045776367,55.026798248291016,22033,55.02980041503906
2026-05-05 13:50:00-04:00,55.04140090942383,55.04999923706055,55.02000045776367,55.025001525878906,24317,55.04140090942383
2026-05-05 13:55:00-04:00,55.040000915527344,55.04999923706055,55.040000915527344,55.040000915527344,32916,55.040000915527344
2026-05-05 14:00:00-04:00,55.04999923706055,55.04999923706055,55.029998779296875,55.03499984741211,15231,55.04999923706055
2026-05-05 14:05:00-04:00,55.055198669433594,55.064998626708984,55.04999923706055,55.04999923706055,45765,55.055198669433594
2026-05-05 14:10:00-04:00,55.07500076293945,55.07500076293945,55.04999923706055,55.05500030517578,49361,55.07500076293945
2026-05-05 14:15:00-04:00,55.067501068115234,55.079898834228516,55.060001373291016,55.06990051269531,27653,55.067501068115234
2026-05-05 14:20:00-04:00,55.059898376464844,55.06999969482422,55.059898376464844,55.064998626708984,30012,55.059898376464844
2026-05-05 14:25:00-04:00,55.064998626708984,55.06999969482422,55.05149841308594,55.05500030517578,58325,55.064998626708984
2026-05-05 14:30:00-04:00,55.057498931884766,55.06999969482422,55.04999923706055,55.064998626708984,20660,55.057498931884766
2026-05-05 14:35:00-04:00,55.05009841918945,55.06999969482422,55.04999923706055,55.05860137939453,36841,55.05009841918945
2026-05-05 14:40:00-04:00,55.064998626708984,55.06999969482422,55.05500030517578,55.05500030517578,18563,55.064998626708984
2026-05-05 14:45:00-04:00,55.060001373291016,55.06990051269531,55.060001373291016,55.064998626708984,32472,55.060001373291016
2026-05-05 14:50:00-04:00,55.040000915527344,55.069698333740234,55.029998779296875,55.064998626708984,43843,55.040000915527344
2026-05-05 14:55:00-04:00,55.052799224853516,55.05799865722656,55.04249954223633,55.04999923706055,25769,55.052799224853516
2026-05-05 15:00:00-04:00,55.05500030517578,55.064998626708984,55.05009841918945,55.05500030517578,19440,55.05500030517578
2026-05-05 15:05:00-04:00,55.064998626708984,55.069698333740234,55.04999923706055,55.04999923706055,28948,55.064998626708984
2026-05-05 15:10:00-04:00,55.064998626708984,55.08000183105469,55.060001373291016,55.06999969482422,37811,55.064998626708984
2026-05-05 15:15:00-04:00,55.064998626708984,55.06990051269531,55.04990005493164,55.064998626708984,41754,55.064998626708984
2026-05-05 15:20:00-04:00,55.05500030517578,55.06990051269531,55.041500091552734,55.060001373291016,30680,55.05500030517578
2026-05-05 15:25:00-04:00,55.05500030517578,55.060001373291016,55.042598724365234,55.05500030517578,30994,55.05500030517578
2026-05-05 15:30:00-04:00,55.04499816894531,55.04999923706055,55.040000915527344,55.04999923706055,42097,55.04499816894531
2026-05-05 15:35:00-04:00,55.04499816894531,55.04999923706055,55.029998779296875,55.04990005493164,40849,55.04499816894531
2026-05-05 15:40:00-04:00,55.03499984741211,55.05500030517578,55.029998779296875,55.040000915527344,38965,55.03499984741211
2026-05-05 15:45:00-04:00,55.025001525878906,55.040000915527344,55.02009963989258,55.03499984741211,33460,55.025001525878906
2026-05-05 15:50:00-04:00,54.97999954223633,55.02000045776367,54.959999084472656,55.02000045776367,171760,54.97999954223633
2026-05-05 15:55:00-04:00,55.00740051269531,55.0099983215332,54.959999084472656,54.97560119628906,178874,55.00740051269531
2026-05-06 09:30:00-04:00,55.41999816894531,55.43000030517578,55.28499984741211,55.349998474121094,824976,55.41999816894531
2026-05-06 09:35:00-04:00,55.400001525878906,55.439998626708984,55.35499954223633,55.428001403808594,130378,55.400001525878906
2026-05-06 09:40:00-04:00,55.46979904174805,55.46979904174805,55.3932991027832,55.3932991027832,125850,55.46979904174805
2026-05-06 09:45:00-04:00,55.43000030517578,55.48500061035156,55.42499923706055,55.470001220703125,286971,55.43000030517578
2026-05-06 09:50:00-04:00,55.474998474121094,55.48680114746094,55.369998931884766,55.43159866333008,299899,55.474998474121094
2026-05-06 09:55:00-04:00,55.435001373291016,55.48979949951172,55.435001373291016,55.474998474121094,119799,55.435001373291016
2026-05-06 10:00:00-04:00,55.375,55.45500183105469,55.3650016784668,55.44499969482422,164277,55.375
2026-05-06 10:05:00-04:00,55.44499969482422,55.45000076293945,55.32569885253906,55.3650016784668,123340,55.44499969482422
2026-05-06 10:10:00-04:00,55.45000076293945,55.47999954223633,55.435001373291016,55.44499969482422,100165,55.45000076293945
2026-05-06 10:15:00-04:00,55.36000061035156,55.45989990234375,55.36000061035156,55.44499969482422,153742,55.36000061035156
2026-05-06 10:20:00-04:00,55.400001525878906,55.4099006652832,55.36000061035156,55.36000061035156,83811,55.400001525878906
2026-05-06 10:25:00-04:00,55.380001068115234,55.45000076293945,55.369998931884766,55.40999984741211,107863,55.380001068115234
2026-05-06 10:30:00-04:00,55.46500015258789,55.470001220703125,55.375,55.380001068115234,93718,55.46500015258789
2026-05-06 10:35:00-04:00,55.47999954223633,55.47999954223633,55.45320129394531,55.46989822387695,75832,55.47999954223633
2026-05-06 10:40:00-04:00,55.5099983215332,55.51499938964844,55.48860168457031,55.4900016784668,183684,55.5099983215332
2026-05-06 10:45:00-04:00,55.529998779296875,55.540000915527344,55.51499938964844,55.52000045776367,93910,55.529998779296875
2026-05-06 10:50:00-04:00,55.5359001159668,55.54100036621094,55.52000045776367,55.53499984741211,69112,55.5359001159668
2026-05-06 10:55:00-04:00,55.529998779296875,55.54999923706055,55.51860046386719,55.53499984741211,52739,55.529998779296875
2026-05-06 11:00:00-04:00,55.547298431396484,55.54999923706055,55.52000045776367,55.525001525878906,57889,55.547298431396484
2026-05-06 11:05:00-04:00,55.53499984741211,55.55970001220703,55.529998779296875,55.54999923706055,67608,55.53499984741211
2026-05-06 11:10:00-04:00,55.525001525878906,55.54990005493164,55.5099983215332,55.529998779296875,40721,55.525001525878906
2026-05-06 11:15:00-04:00,55.579898834228516,55.58000183105469,55.523399353027344,55.53499984741211,104889,55.579898834228516
2026-05-06 11:20:00-04:00,55.57929992675781,55.584999084472656,55.564998626708984,55.57500076293945,57997,55.57929992675781
2026-05-06 11:25:00-04:00,55.579898834228516,55.589900970458984,55.56999969482422,55.570098876953125,50848,55.579898834228516
2026-05-06 11:30:00-04:00,55.56999969482422,55.584999084472656,55.560001373291016,55.57899856567383,39377,55.56999969482422
2026-05-06 11:35:00-04:00,55.540000915527344,55.57500076293945,55.529998779296875,55.57099914550781,63625,55.540000915527344
2026-05-06 11:40:00-04:00,55.540000915527344,55.560001373291016,55.51100158691406,55.54990005493164,126487,55.540000915527344
2026-05-06 11:45:00-04:00,55.54999923706055,55.56999969482422,55.53499984741211,55.54629898071289,47673,55.54999923706055
2026-05-06 11:50:00-04:00,55.564998626708984,55.56999969482422,55.540000915527344,55.54999923706055,85329,55.564998626708984
2026-05-06 11:55:00-04:00,55.54999923706055,55.58000183105469,55.540000915527344,55.56999969482422,33170,55.54999923706055
2026-05-06 12:00:00-04:00,55.5724983215332,55.58000183105469,55.54999923706055,55.54999923706055,29344,55.5724983215332
2026-05-06 12:05:00-04:00,55.564998626708984,55.57979965209961,55.560001373291016,55.57500076293945,27867,55.564998626708984
2026-05-06 12:10:00-04:00,55.599998474121094,55.599998474121094,55.564998626708984,55.564998626708984,19360,55.599998474121094
2026-05-06 12:15:00-04:00,55.562801361083984,55.595001220703125,55.562801361083984,55.59450149536133,44693,55.562801361083984
2026-05-06 12:20:00-04:00,55.56999969482422,55.58000183105469,55.560001373291016,55.560001373291016,64697,55.56999969482422
2026-05-06 12:25:00-04:00,55.56800079345703,55.58000183105469,55.56800079345703,55.57979965209961,37151,55.56800079345703
2026-05-06 12:30:00-04:00,55.56990051269531,55.56999969482422,55.560001373291016,55.564998626708984,20910,55.56990051269531
2026-05-06 12:35:00-04:00,55.56990051269531,55.56999969482422,55.540000915527344,55.56990051269531,25504,55.56990051269531
2026-05-06 12:40:00-04:00,55.564998626708984,55.57500076293945,55.54999923706055,55.564998626708984,35757,55.564998626708984
2026-05-06 12:45:00-04:00,55.53499984741211,55.564998626708984,55.52000045776367,55.560001373291016,78157,55.53499984741211
2026-05-06 12:50:00-04:00,55.5099983215332,55.54499816894531,55.5099983215332,55.53499984741211,35347,55.5099983215332
2026-05-06 12:55:00-04:00,55.525001525878906,55.53499984741211,55.4900016784668,55.5099983215332,65041,55.525001525878906
2026-05-06 13:00:00-04:00,55.55500030517578,55.560001373291016,55.52000045776367,55.525001525878906,33894,55.55500030517578
2026-05-06 13:05:00-04:00,55.564998626708984,55.56999969482422,55.55009841918945,55.55009841918945,36446,55.564998626708984
2026-05-06 13:10:00-04:00,55.584999084472656,55.59000015258789,55.570701599121094,55.57500076293945,33757,55.584999084472656
2026-05-06 13:15:00-04:00,55.580101013183594,55.59000015258789,55.56999969482422,55.580101013183594,40100,55.580101013183594
2026-05-06 13:20:00-04:00,55.584999084472656,55.599998474121094,55.58000183105469,55.59000015258789,42299,55.584999084472656
2026-05-06 13:25:00-04:00,55.589900970458984,55.59000015258789,55.573299407958984,55.58000183105469,23649,55.589900970458984
2026-05-06 13:30:00-04:00,55.595001220703125,55.599998474121094,55.58000183105469,55.58000183105469,62369,55.595001220703125
2026-05-06 13:35:00-04:00,55.60499954223633,55.619998931884766,55.59000015258789,55.59000015258789,48874,55.60499954223633
2026-05-06 13:40:00-04:00,55.6150016784668,55.619998931884766,55.59000015258789,55.599998474121094,19062,55.6150016784668
2026-05-06 13:45:00-04:00,55.595001220703125,55.619998931884766,55.59000015258789,55.619998931884766,21410,55.595001220703125
2026-05-06 13:50:00-04:00,55.60499954223633,55.60499954223633,55.59000015258789,55.59000015258789,35583,55.60499954223633
2026-05-06 13:55:00-04:00,55.600101470947266,55.60900115966797,55.5906982421875,55.60499954223633,18515,55.600101470947266
2026-05-06 14:00:00-04:00,55.5974006652832,55.60929870605469,55.59000015258789,55.60499954223633,20021,55.5974006652832
2026-05-06 14:05:00-04:00,55.625,55.625,55.599998474121094,55.599998474121094,32942,55.625
2026-05-06 14:10:00-04:00,55.625,55.630001068115234,55.61000061035156,55.625,28374,55.625
2026-05-06 14:15:00-04:00,55.63999938964844,55.650001525878906,55.62139892578125,55.62139892578125,29359,55.63999938964844
2026-05-06 14:20:00-04:00,55.64500045776367,55.650001525878906,55.630001068115234,55.6349983215332,36682,55.64500045776367
2026-05-06 14:25:00-04:00,55.64500045776367,55.650001525878906,55.630001068115234,55.63999938964844,33762,55.64500045776367
2026-05-06 14:30:00-04:00,55.6599006652832,55.65999984741211,55.63010025024414,55.64500045776367,40497,55.6599006652832
2026-05-06 14:35:00-04:00,55.65999984741211,55.68000030517578,55.6599006652832,55.6599006652832,33819,55.65999984741211
2026-05-06 14:40:00-04:00,55.65999984741211,55.66999816894531,55.65999984741211,55.665000915527344,24021,55.65999984741211
2026-05-06 14:45:00-04:00,55.64500045776367,55.66999816894531,55.63999938964844,55.654998779296875,36058,55.64500045776367
2026-05-06 14:50:00-04:00,55.65250015258789,55.65999984741211,55.630001068115234,55.630001068115234,34060,55.65250015258789
2026-05-06 14:55:00-04:00,55.64500045776367,55.6599006652832,55.64500045776367,55.650001525878906,26276,55.64500045776367
2026-05-06 15:00:00-04:00,55.6599006652832,55.65999984741211,55.63999938964844,55.63999938964844,41940,55.6599006652832
2026-05-06 15:05:00-04:00,55.67499923706055,55.67499923706055,55.650001525878906,55.650001525878906,26247,55.67499923706055
2026-05-06 15:10:00-04:00,55.685001373291016,55.689998626708984,55.670101165771484,55.67499923706055,23428,55.685001373291016
2026-05-06 15:15:00-04:00,55.689998626708984,55.70000076293945,55.68000030517578,55.689998626708984,34478,55.689998626708984
2026-05-06 15:20:00-04:00,55.704898834228516,55.709999084472656,55.689998626708984,55.689998626708984,39735,55.704898834228516
2026-05-06 15:25:00-04:00,55.71009826660156,55.720001220703125,55.689998626708984,55.70000076293945,59880,55.71009826660156
2026-05-06 15:30:00-04:00,55.685001373291016,55.709999084472656,55.67499923706055,55.709999084472656,67414,55.685001373291016
2026-05-06 15:35:00-04:00,55.69499969482422,55.70000076293945,55.68000030517578,55.68259811401367,27501,55.69499969482422
2026-05-06 15:40:00-04:00,55.68000030517578,55.70000076293945,55.68000030517578,55.69499969482422,43847,55.68000030517578
2026-05-06 15:45:00-04:00,55.673301696777344,55.68989944458008,55.66999816894531,55.68000030517578,38253,55.673301696777344
2026-05-06 15:50:00-04:00,55.710601806640625,55.720001220703125,55.67190170288086,55.67190170288086,154877,55.710601806640625
2026-05-06 15:55:00-04:00,55.739898681640625,55.75,55.709999084472656,55.71500015258789,159403,55.739898681640625
2026-05-07 09:30:00-04:00,55.81340026855469,55.83000183105469,55.77000045776367,55.779998779296875,599289,55.81340026855469
2026-05-07 09:35:00-04:00,55.82500076293945,55.83000183105469,55.790000915527344,55.81999969482422,131879,55.82500076293945
2026-05-07 09:40:00-04:00,55.78499984741211,55.84000015258789,55.78499984741211,55.82500076293945,127546,55.78499984741211
2026-05-07 09:45:00-04:00,55.775001525878906,55.79999923706055,55.744998931884766,55.779998779296875,218139,55.775001525878906
2026-05-07 09:50:00-04:00,55.84510040283203,55.84510040283203,55.775001525878906,55.775001525878906,92360,55.84510040283203
2026-05-07 09:55:00-04:00,55.834999084472656,55.869998931884766,55.83000183105469,55.849998474121094,231298,55.834999084472656
2026-05-07 10:00:00-04:00,55.86000061035156,55.8650016784668,55.834999084472656,55.84000015258789,77388,55.86000061035156
2026-05-07 10:05:00-04:00,55.89500045776367,55.900001525878906,55.86000061035156,55.86899948120117,69678,55.89500045776367
2026-05-07 10:10:00-04:00,55.89500045776367,55.90999984741211,55.8849983215332,55.88999938964844,81344,55.89500045776367
2026-05-07 10:15:00-04:00,55.904998779296875,55.917198181152344,55.880001068115234,55.900001525878906,196425,55.904998779296875
2026-05-07 10:20:00-04:00,55.91999816894531,55.959999084472656,55.904998779296875,55.904998779296875,142816,55.91999816894531
2026-05-07 10:25:00-04:00,55.939998626708984,55.959999084472656,55.91999816894531,55.91999816894531,124600,55.939998626708984
2026-05-07 10:30:00-04:00,55.93000030517578,55.939998626708984,55.9202995300293,55.93009948730469,60965,55.93000030517578
2026-05-07 10:35:00-04:00,55.970001220703125,55.970001220703125,55.93000030517578,55.935001373291016,84388,55.970001220703125
2026-05-07 10:40:00-04:00,55.96860122680664,55.9900016784668,55.959999084472656,55.974998474121094,70326,55.96860122680664
2026-05-07 10:45:00-04:00,55.94499969482422,55.9900016784668,55.93989944458008,55.970001220703125,104313,55.94499969482422
2026-05-07 10:50:00-04:00,55.999000549316406,56.0,55.94499969482422,55.95000076293945,100988,55.999000549316406
2026-05-07 10:55:00-04:00,56.005001068115234,56.02000045776367,55.999698638916016,56.0,109271,56.005001068115234
2026-05-07 11:00:00-04:00,55.96139907836914,56.0098991394043,55.96139907836914,56.0098991394043,52344,55.96139907836914
2026-05-07 11:05:00-04:00,55.95500183105469,55.970001220703125,55.9098014831543,55.96989822387695,46242,55.95500183105469
2026-05-07 11:10:00-04:00,55.939998626708984,55.95940017700195,55.91999816894531,55.95500183105469,43013,55.939998626708984
2026-05-07 11:15:00-04:00,55.939998626708984,55.95650100708008,55.92499923706055,55.939998626708984,27923,55.939998626708984
2026-05-07 11:20:00-04:00,55.91999816894531,55.94499969482422,55.915000915527344,55.935001373291016,37342,55.91999816894531
2026-05-07 11:25:00-04:00,55.915000915527344,55.94499969482422,55.8849983215332,55.92499923706055,57745,55.915000915527344
2026-05-07 11:30:00-04:00,55.96500015258789,55.96500015258789,55.915000915527344,55.915000915527344,64268,55.96500015258789
2026-05-07 11:35:00-04:00,55.95690155029297,55.970001220703125,55.95000076293945,55.95000076293945,68913,55.95690155029297
2026-05-07 11:40:00-04:00,55.95500183105469,55.96989822387695,55.935001373291016,55.95000076293945,39328,55.95500183105469
2026-05-07 11:45:00-04:00,55.91170120239258,55.959999084472656,55.91170120239258,55.95859909057617,50705,55.91170120239258
2026-05-07 11:50:00-04:00,55.89500045776367,55.90999984741211,55.87289810180664,55.900001525878906,27070,55.89500045776367
2026-05-07 11:55:00-04:00,55.82500076293945,55.900001525878906,55.810001373291016,55.900001525878906,123613,55.82500076293945
2026-05-07 12:00:00-04:00,55.79999923706055,55.83000183105469,55.790000915527344,55.83000183105469,91158,55.79999923706055
2026-05-07 12:05:00-04:00,55.77880096435547,55.79999923706055,55.75,55.79999923706055,128312,55.77880096435547
2026-05-07 12:10:00-04:00,55.724998474121094,55.775001525878906,55.720001220703125,55.775001525878906,88662,55.724998474121094
2026-05-07 12:15:00-04:00,55.66999816894531,55.720001220703125,55.64500045776367,55.720001220703125,157507,55.66999816894531
2026-05-07 12:20:00-04:00,55.744998931884766,55.744998931884766,55.65999984741211,55.65999984741211,133808,55.744998931884766
2026-05-07 12:25:00-04:00,55.779998779296875,55.790000915527344,55.744998931884766,55.74760055541992,50884,55.779998779296875
2026-05-07 12:30:00-04:00,55.810001373291016,55.83000183105469,55.77000045776367,55.77000045776367,45953,55.810001373291016
2026-05-07 12:35:00-04:00,55.7421989440918,55.810001373291016,55.7421989440918,55.80500030517578,36557,55.7421989440918
2026-05-07 12:40:00-04:00,55.757301330566406,55.78499984741211,55.730899810791016,55.7400016784668,57001,55.757301330566406
2026-05-07 12:45:00-04:00,55.75,55.77000045776367,55.73500061035156,55.751399993896484,25858,55.75
2026-05-07 12:50:00-04:00,55.7400016784668,55.755001068115234,55.71200180053711,55.73500061035156,70326,55.7400016784668
2026-05-07 12:55:00-04:00,55.724998474121094,55.75920104980469,55.689998626708984,55.73749923706055,34949,55.724998474121094
2026-05-07 13:00:00-04:00,55.724998474121094,55.7400016784668,55.70500183105469,55.72999954223633,112209,55.724998474121094
2026-05-07 13:05:00-04:00,55.70000076293945,55.749900817871094,55.70000076293945,55.724998474121094,40339,55.70000076293945
2026-05-07 13:10:00-04:00,55.69499969482422,55.71500015258789,55.66999816894531,55.709999084472656,49340,55.69499969482422
2026-05-07 13:15:00-04:00,55.64500045776367,55.689998626708984,55.625,55.689998626708984,72155,55.64500045776367
2026-05-07 13:20:00-04:00,55.70500183105469,55.71500015258789,55.619998931884766,55.630001068115234,87019,55.70500183105469
2026-05-07 13:25:00-04:00,55.600101470947266,55.72999954223633,55.540000915527344,55.709999084472656,170086,55.600101470947266
2026-05-07 13:30:00-04:00,55.65449905395508,55.65999984741211,55.59000015258789,55.61000061035156,82698,55.65449905395508
2026-05-07 13:35:00-04:00,55.68000030517578,55.70500183105469,55.63999938964844,55.63999938964844,30004,55.68000030517578
2026-05-07 13:40:00-04:00,55.65999984741211,55.709999084472656,55.654998779296875,55.709999084472656,35693,55.65999984741211
2026-05-07 13:45:00-04:00,55.63999938964844,55.66999816894531,55.630001068115234,55.66999816894531,68983,55.63999938964844
2026-05-07 13:50:00-04:00,55.64500045776367,55.654998779296875,55.61009979248047,55.63999938964844,40258,55.64500045776367
2026-05-07 13:55:00-04:00,55.7400016784668,55.7400016784668,55.64500045776367,55.654998779296875,48711,55.7400016784668
2026-05-07 14:00:00-04:00,55.724998474121094,55.7400016784668,55.70500183105469,55.7400016784668,60824,55.724998474121094
2026-05-07 14:05:00-04:00,55.69499969482422,55.7599983215332,55.689998626708984,55.724998474121094,55945,55.69499969482422
2026-05-07 14:10:00-04:00,55.70500183105469,55.724998474121094,55.689998626708984,55.689998626708984,18980,55.70500183105469
2026-05-07 14:15:00-04:00,55.72999954223633,55.75,55.70500183105469,55.71500015258789,24921,55.72999954223633
2026-05-07 14:20:00-04:00,55.692298889160156,55.73500061035156,55.692298889160156,55.72999954223633,65959,55.692298889160156
2026-05-07 14:25:00-04:00,55.68000030517578,55.70000076293945,55.68000030517578,55.68000030517578,42038,55.68000030517578
2026-05-07 14:30:00-04:00,55.720001220703125,55.72999954223633,55.68000030517578,55.681400299072266,35402,55.720001220703125
2026-05-07 14:35:00-04:00,55.70000076293945,55.73500061035156,55.670101165771484,55.72999954223633,42504,55.70000076293945
2026-05-07 14:40:00-04:00,55.6234016418457,55.70500183105469,55.599998474121094,55.70500183105469,220268,55.6234016418457
2026-05-07 14:45:00-04:00,55.625,55.650001525878906,55.599998474121094,55.630001068115234,65287,55.625
2026-05-07 14:50:00-04:00,55.630001068115234,55.63990020751953,55.595001220703125,55.61000061035156,46514,55.630001068115234
2026-05-07 14:55:00-04:00,55.67499923706055,55.67499923706055,55.61000061035156,55.619998931884766,94802,55.67499923706055
2026-05-07 15:00:00-04:00,55.650001525878906,55.68000030517578,55.63999938964844,55.66999816894531,34398,55.650001525878906
2026-05-07 15:05:00-04:00,55.64979934692383,55.66999816894531,55.63990020751953,55.65999984741211,32900,55.64979934692383
2026-05-07 15:10:00-04:00,55.68000030517578,55.69860076904297,55.630001068115234,55.64289855957031,69021,55.68000030517578
2026-05-07 15:15:00-04:00,55.63990020751953,55.687400817871094,55.619998931884766,55.68000030517578,45709,55.63990020751953
2026-05-07 15:20:00-04:00,55.6150016784668,55.64500045776367,55.6150016784668,55.630001068115234,35339,55.6150016784668
2026-05-07 15:25:00-04:00,55.619998931884766,55.64500045776367,55.599998474121094,55.599998474121094,35575,55.619998931884766
2026-05-07 15:30:00-04:00,55.67499923706055,55.68000030517578,55.619998931884766,55.630001068115234,75587,55.67499923706055
2026-05-07 15:35:00-04:00,55.71500015258789,55.71500015258789,55.66999816894531,55.679901123046875,18362,55.71500015258789
2026-05-07 15:40:00-04:00,55.72990036010742,55.72990036010742,55.70000076293945,55.720001220703125,43504,55.72990036010742
2026-05-07 15:45:00-04:00,55.720001220703125,55.72999954223633,55.70000076293945,55.724998474121094,28195,55.720001220703125
2026-05-07 15:50:00-04:00,55.69139862060547,55.755001068115234,55.68000030517578,55.720001220703125,208344,55.69139862060547
2026-05-07 15:55:00-04:00,55.724998474121094,55.72999954223633,55.689998626708984,55.689998626708984,105899,55.724998474121094
2026-05-08 09:30:00-04:00,56.064998626708984,56.06999969482422,55.97010040283203,56.0,601302,56.064998626708984
2026-05-08 09:35:00-04:00,56.064998626708984,56.09000015258789,56.05500030517578,56.064998626708984,212824,56.064998626708984
2026-05-08 09:40:00-04:00,56.095001220703125,56.099998474121094,56.03929901123047,56.060001373291016,156136,56.095001220703125
2026-05-08 09:45:00-04:00,56.169898986816406,56.179901123046875,56.099998474121094,56.099998474121094,122857,56.169898986816406
2026-05-08 09:50:00-04:00,56.154998779296875,56.189998626708984,56.13999938964844,56.18000030517578,117617,56.154998779296875
2026-05-08 09:55:00-04:00,56.20000076293945,56.20000076293945,56.140098571777344,56.1526985168457,50293,56.20000076293945
2026-05-08 10:00:00-04:00,56.215999603271484,56.2400016784668,56.20000076293945,56.209999084472656,84908,56.215999603271484
2026-05-08 10:05:00-04:00,56.209999084472656,56.22999954223633,56.189998626708984,56.21500015258789,121023,56.209999084472656
2026-05-08 10:10:00-04:00,56.20500183105469,56.220001220703125,56.18000030517578,56.209999084472656,52050,56.20500183105469
2026-05-08 10:15:00-04:00,56.220001220703125,56.224998474121094,56.19860076904297,56.20650100708008,57195,56.220001220703125
2026-05-08 10:20:00-04:00,56.25899887084961,56.2599983215332,56.220001220703125,56.220001220703125,101207,56.25899887084961
2026-05-08 10:25:00-04:00,56.220001220703125,56.275001525878906,56.220001220703125,56.2599983215332,191862,56.220001220703125
2026-05-08 10:30:00-04:00,56.229000091552734,56.22999954223633,56.1885986328125,56.21500015258789,85109,56.229000091552734
2026-05-08 10:35:00-04:00,56.224998474121094,56.22990036010742,56.17499923706055,56.224998474121094,44940,56.224998474121094
2026-05-08 10:40:00-04:00,56.24850082397461,56.25,56.209999084472656,56.224998474121094,26924,56.24850082397461
2026-05-08 10:45:00-04:00,56.2599983215332,56.268001556396484,56.242801666259766,56.25,74590,56.2599983215332
2026-05-08 10:50:00-04:00,56.27000045776367,56.27000045776367,56.2401008605957,56.2599983215332,38895,56.27000045776367
2026-05-08 10:55:00-04:00,56.279998779296875,56.290000915527344,56.26499938964844,56.27000045776367,65193,56.279998779296875
2026-05-08 11:00:00-04:00,56.28499984741211,56.29999923706055,56.27410125732422,56.27989959716797,58665,56.28499984741211
2026-05-08 11:05:00-04:00,56.275001525878906,56.29499816894531,56.275001525878906,56.28099822998047,49201,56.275001525878906
2026-05-08 11:10:00-04:00,56.26499938964844,56.290000915527344,56.255001068115234,56.27989959716797,53966,56.26499938964844
2026-05-08 11:15:00-04:00,56.255001068115234,56.27000045776367,56.23500061035156,56.26499938964844,49538,56.255001068115234
2026-05-08 11:20:00-04:00,56.28139877319336,56.29999923706055,56.251399993896484,56.2599983215332,32536,56.28139877319336
2026-05-08 11:25:00-04:00,56.29990005493164,56.29999923706055,56.279998779296875,56.28089904785156,45268,56.29990005493164
2026-05-08 11:30:00-04:00,56.30500030517578,56.30500030517578,56.26499938964844,56.29999923706055,70339,56.30500030517578
2026-05-08 11:35:00-04:00,56.32550048828125,56.339698791503906,56.30500030517578,56.30500030517578,33156,56.32550048828125
2026-05-08 11:40:00-04:00,56.29999923706055,56.33000183105469,56.28499984741211,56.32500076293945,70198,56.29999923706055
2026-05-08 11:45:00-04:00,56.323299407958984,56.339900970458984,56.29349899291992,56.29859924316406,30259,56.323299407958984
2026-05-08 11:50:00-04:00,56.33000183105469,56.33000183105469,56.303001403808594,56.32500076293945,76471,56.33000183105469
2026-05-08 11:55:00-04:00,56.30500030517578,56.33000183105469,56.30339813232422,56.33000183105469,30907,56.30500030517578
2026-05-08 12:00:00-04:00,56.32500076293945,56.33000183105469,56.30860137939453,56.30860137939453,27027,56.32500076293945
2026-05-08 12:05:00-04:00,56.31999969482422,56.33000183105469,56.31010055541992,56.314998626708984,46652,56.31999969482422
2026-05-08 12:10:00-04:00,56.345001220703125,56.349998474121094,56.31999969482422,56.32500076293945,20197,56.345001220703125
2026-05-08 12:15:00-04:00,56.33000183105469,56.349998474121094,56.33000183105469,56.34000015258789,21141,56.33000183105469
2026-05-08 12:20:00-04:00,56.34299850463867,56.349998474121094,56.334999084472656,56.334999084472656,23447,56.34299850463867
2026-05-08 12:25:00-04:00,56.3650016784668,56.369998931884766,56.34349822998047,56.349998474121094,42808,56.3650016784668
2026-05-08 12:30:00-04:00,56.36989974975586,56.369998931884766,56.35969924926758,56.36320114135742,32365,56.36989974975586
2026-05-08 12:35:00-04:00,56.35499954223633,56.36009979248047,56.34000015258789,56.36000061035156,67833,56.35499954223633
2026-05-08 12:40:00-04:00,56.317100524902344,56.36000061035156,56.310001373291016,56.35900115966797,35333,56.317100524902344
2026-05-08 12:45:00-04:00,56.36000061035156,56.36000061035156,56.312801361083984,56.312801361083984,42937,56.36000061035156
2026-05-08 12:50:00-04:00,56.3650016784668,56.380001068115234,56.352901458740234,56.3650016784668,31846,56.3650016784668
2026-05-08 12:55:00-04:00,56.375,56.380001068115234,56.36309814453125,56.36980056762695,28497,56.375
2026-05-08 13:00:00-04:00,56.41999816894531,56.41999816894531,56.3650016784668,56.375,39273,56.41999816894531
2026-05-08 13:05:00-04:00,56.41999816894531,56.43000030517578,56.390098571777344,56.41999816894531,30540,56.41999816894531
2026-05-08 13:10:00-04:00,56.40010070800781,56.42499923706055,56.40010070800781,56.41999816894531,35174,56.40010070800781
2026-05-08 13:15:00-04:00,56.4119987487793,56.41999816894531,56.404998779296875,56.404998779296875,39551,56.4119987487793
2026-05-08 13:20:00-04:00,56.43009948730469,56.439998626708984,56.404998779296875,56.415000915527344,31924,56.43009948730469
2026-05-08 13:25:00-04:00,56.439998626708984,56.44499969482422,56.41999816894531,56.439998626708984,82062,56.439998626708984
2026-05-08 13:30:00-04:00,56.429901123046875,56.439998626708984,56.41999816894531,56.435001373291016,43261,56.429901123046875
2026-05-08 13:35:00-04:00,56.40999984741211,56.435001373291016,56.40999984741211,56.429901123046875,35534,56.40999984741211
2026-05-08 13:40:00-04:00,56.404998779296875,56.415000915527344,56.400001525878906,56.410099029541016,31624,56.404998779296875
2026-05-08 13:45:00-04:00,56.390098571777344,56.42499923706055,56.38999938964844,56.400299072265625,50627,56.390098571777344
2026-05-08 13:50:00-04:00,56.399898529052734,56.400001525878906,56.375,56.39500045776367,66422,56.399898529052734
2026-05-08 13:55:00-04:00,56.39139938354492,56.41999816894531,56.39139938354492,56.400001525878906,45100,56.39139938354492
2026-05-08 14:00:00-04:00,56.415000915527344,56.43000030517578,56.39099884033203,56.39099884033203,121476,56.415000915527344
2026-05-08 14:05:00-04:00,56.404998779296875,56.43000030517578,56.404998779296875,56.41790008544922,41410,56.404998779296875
2026-05-08 14:10:00-04:00,56.42499923706055,56.43000030517578,56.400001525878906,56.404998779296875,251946,56.42499923706055
2026-05-08 14:15:00-04:00,56.404998779296875,56.43000030517578,56.404998779296875,56.43000030517578,38645,56.404998779296875
2026-05-08 14:20:00-04:00,56.42499923706055,56.42499923706055,56.404998779296875,56.40999984741211,47777,56.42499923706055
2026-05-08 14:25:00-04:00,56.42499923706055,56.426700592041016,56.41339874267578,56.42499923706055,23141,56.42499923706055
2026-05-08 14:30:00-04:00,56.42499923706055,56.43000030517578,56.413700103759766,56.42900085449219,19911,56.42499923706055
2026-05-08 14:35:00-04:00,56.410099029541016,56.43000030517578,56.410099029541016,56.42499923706055,20552,56.410099029541016
2026-05-08 14:40:00-04:00,56.410099029541016,56.42499923706055,56.400001525878906,56.41999816894531,30437,56.410099029541016
2026-05-08 14:45:00-04:00,56.399898529052734,56.415000915527344,56.38999938964844,56.415000915527344,24741,56.399898529052734
2026-05-08 14:50:00-04:00,56.400001525878906,56.416900634765625,56.400001525878906,56.400001525878906,15926,56.400001525878906
2026-05-08 14:55:00-04:00,56.3650016784668,56.39929962158203,56.3650016784668,56.39929962158203,87120,56.3650016784668
2026-05-08 15:00:00-04:00,56.39500045776367,56.400001525878906,56.369998931884766,56.369998931884766,61186,56.39500045776367
2026-05-08 15:05:00-04:00,56.43989944458008,56.43989944458008,56.38999938964844,56.400001525878906,57448,56.43989944458008
2026-05-08 15:10:00-04:00,56.436798095703125,56.439998626708984,56.43000030517578,56.435001373291016,52243,56.436798095703125
2026-05-08 15:15:00-04:00,56.440101623535156,56.45000076293945,56.435001373291016,56.435001373291016,28010,56.440101623535156
2026-05-08 15:20:00-04:00,56.42449951171875,56.439998626708984,56.41999816894531,56.439998626708984,64327,56.42449951171875
2026-05-08 15:25:00-04:00,56.400001525878906,56.43000030517578,56.400001525878906,56.42499923706055,36805,56.400001525878906
2026-05-08 15:30:00-04:00,56.419898986816406,56.41999816894531,56.39580154418945,56.400001525878906,32858,56.419898986816406
2026-05-08 15:35:00-04:00,56.435001373291016,56.43989944458008,56.415000915527344,56.415000915527344,20842,56.435001373291016
2026-05-08 15:40:00-04:00,56.45500183105469,56.45500183105469,56.431800842285156,56.43989944458008,34354,56.45500183105469
2026-05-08 15:45:00-04:00,56.459999084472656,56.470001220703125,56.44499969482422,56.45500183105469,68419,56.459999084472656
2026-05-08 15:50:00-04:00,56.48149871826172,56.48149871826172,56.45000076293945,56.45500183105469,78814,56.48149871826172
2026-05-08 15:55:00-04:00,56.5,56.5,56.470001220703125,56.48500061035156,116405,56.5
2026-05-11 09:30:00-04:00,56.595001220703125,56.619998931884766,56.44499969482422,56.47999954223633,734953,56.595001220703125
2026-05-11 09:35:00-04:00,56.540000915527344,56.599998474121094,56.5,56.599998474121094,190616,56.540000915527344
2026-05-11 09:40:00-04:00,56.5786018371582,56.5786018371582,56.52000045776367,56.540000915527344,122340,56.5786018371582
2026-05-11 09:45:00-04:00,56.540000915527344,56.59510040283203,56.540000915527344,56.57500076293945,147307,56.540000915527344
2026-05-11 09:50:00-04:00,56.49549865722656,56.53990173339844,56.48500061035156,56.525001525878906,105970,56.49549865722656
2026-05-11 09:55:00-04:00,56.474998474121094,56.505001068115234,56.459999084472656,56.47999954223633,122295,56.474998474121094
2026-05-11 10:00:00-04:00,56.519901275634766,56.540000915527344,56.47999954223633,56.47999954223633,100272,56.519901275634766
2026-05-11 10:05:00-04:00,56.54010009765625,56.564998626708984,56.510101318359375,56.51499938964844,48495,56.54010009765625
2026-05-11 10:10:00-04:00,56.57979965209961,56.57979965209961,56.525001525878906,56.54499816894531,70461,56.57979965209961
2026-05-11 10:15:00-04:00,56.584999084472656,56.59000015258789,56.559898376464844,56.57500076293945,84490,56.584999084472656
2026-05-11 10:20:00-04:00,56.56990051269531,56.589900970458984,56.564998626708984,56.584999084472656,89233,56.56990051269531
2026-05-11 10:25:00-04:00,56.435001373291016,56.56930160522461,56.43000030517578,56.560001373291016,126105,56.435001373291016
2026-05-11 10:30:00-04:00,56.48500061035156,56.48500061035156,56.400001525878906,56.439998626708984,64071,56.48500061035156
2026-05-11 10:35:00-04:00,56.525001525878906,56.53499984741211,56.470001220703125,56.48500061035156,101823,56.525001525878906
2026-05-11 10:40:00-04:00,56.53499984741211,56.54999923706055,56.51499938964844,56.53499984741211,50808,56.53499984741211
2026-05-11 10:45:00-04:00,56.54999923706055,56.559898376464844,56.529998779296875,56.54499816894531,38408,56.54999923706055
2026-05-11 10:50:00-04:00,56.58000183105469,56.584999084472656,56.540000915527344,56.55139923095703,45405,56.58000183105469
2026-05-11 10:55:00-04:00,56.564998626708984,56.59000015258789,56.54999923706055,56.59000015258789,48260,56.564998626708984
2026-05-11 11:00:00-04:00,56.57500076293945,56.579898834228516,56.542301177978516,56.564998626708984,32326,56.57500076293945
2026-05-11 11:05:00-04:00,56.58000183105469,56.58000183105469,56.55500030517578,56.57500076293945,35445,56.58000183105469
2026-05-11 11:10:00-04:00,56.54010009765625,56.58000183105469,56.53499984741211,56.5786018371582,50967,56.54010009765625
2026-05-11 11:15:00-04:00,56.55500030517578,56.56990051269531,56.53450012207031,56.540000915527344,35658,56.55500030517578
2026-05-11 11:20:00-04:00,56.584999084472656,56.584999084472656,56.54499816894531,56.54999923706055,60566,56.584999084472656
2026-05-11 11:25:00-04:00,56.60499954223633,56.605899810791016,56.580101013183594,56.584999084472656,96555,56.60499954223633
2026-05-11 11:30:00-04:00,56.60499954223633,56.625,56.5900993347168,56.61000061035156,75604,56.60499954223633
2026-05-11 11:35:00-04:00,56.60499954223633,56.60900115966797,56.58000183105469,56.599998474121094,39559,56.60499954223633
2026-05-11 11:40:00-04:00,56.60499954223633,56.627201080322266,56.599998474121094,56.61000061035156,69122,56.60499954223633
2026-05-11 11:45:00-04:00,56.62009811401367,56.625,56.602699279785156,56.602699279785156,69141,56.62009811401367
2026-05-11 11:50:00-04:00,56.64500045776367,56.650001525878906,56.61000061035156,56.625,42245,56.64500045776367
2026-05-11 11:55:00-04:00,56.640098571777344,56.65999984741211,56.6349983215332,56.648101806640625,64959,56.640098571777344
2026-05-11 12:00:00-04:00,56.654998779296875,56.65999984741211,56.63999938964844,56.64830017089844,38031,56.654998779296875
2026-05-11 12:05:00-04:00,56.665000915527344,56.669898986816406,56.650001525878906,56.654998779296875,73544,56.665000915527344
2026-05-11 12:10:00-04:00,56.654998779296875,56.665000915527344,56.650001525878906,56.665000915527344,56194,56.654998779296875
2026-05-11 12:15:00-04:00,56.64500045776367,56.669898986816406,56.640098571777344,56.65999984741211,37338,56.64500045776367
2026-05-11 12:20:00-04:00,56.64500045776367,56.650001525878906,56.630001068115234,56.64179992675781,29078,56.64500045776367
2026-05-11 12:25:00-04:00,56.654998779296875,56.6599006652832,56.63999938964844,56.64500045776367,28391,56.654998779296875
2026-05-11 12:30:00-04:00,56.64500045776367,56.669700622558594,56.6416015625,56.654998779296875,31657,56.64500045776367
2026-05-11 12:35:00-04:00,56.625,56.650001525878906,56.619998931884766,56.650001525878906,37668,56.625
2026-05-11 12:40:00-04:00,56.584999084472656,56.62929916381836,56.53799819946289,56.622798919677734,118788,56.584999084472656
2026-05-11 12:45:00-04:00,56.59000015258789,56.606300354003906,56.584999084472656,56.59000015258789,52427,56.59000015258789
2026-05-11 12:50:00-04:00,56.574501037597656,56.599998474121094,56.574501037597656,56.589900970458984,37387,56.574501037597656
2026-05-11 12:55:00-04:00,56.57500076293945,56.59000015258789,56.564998626708984,56.57500076293945,33796,56.57500076293945
2026-05-11 13:00:00-04:00,56.595001220703125,56.599998474121094,56.584999084472656,56.584999084472656,24638,56.595001220703125
2026-05-11 13:05:00-04:00,56.595001220703125,56.60499954223633,56.57500076293945,56.595001220703125,36066,56.595001220703125
2026-05-11 13:10:00-04:00,56.564998626708984,56.59989929199219,56.55500030517578,56.59989929199219,19708,56.564998626708984
2026-05-11 13:15:00-04:00,56.564998626708984,56.56999969482422,56.54999923706055,56.564998626708984,43350,56.564998626708984
2026-05-11 13:20:00-04:00,56.595001220703125,56.5984992980957,56.560001373291016,56.560001373291016,27284,56.595001220703125
2026-05-11 13:25:00-04:00,56.61940002441406,56.619998931884766,56.5900993347168,56.59989929199219,27146,56.61940002441406
2026-05-11 13:30:00-04:00,56.629798889160156,56.63999938964844,56.6150016784668,56.61989974975586,31991,56.629798889160156
2026-05-11 13:35:00-04:00,56.64500045776367,56.654998779296875,56.62409973144531,56.62409973144531,19696,56.64500045776367
2026-05-11 13:40:00-04:00,56.654998779296875,56.654998779296875,56.63999938964844,56.64860153198242,30168,56.654998779296875
2026-05-11 13:45:00-04:00,56.64500045776367,56.65999984741211,56.63999938964844,56.654998779296875,38788,56.64500045776367
2026-05-11 13:50:00-04:00,56.638999938964844,56.650001525878906,56.6349983215332,56.64500045776367,26148,56.638999938964844
2026-05-11 13:55:00-04:00,56.62990188598633,56.63999938964844,56.62009811401367,56.6349983215332,14737,56.62990188598633
2026-05-11 14:00:00-04:00,56.64500045776367,56.64500045776367,56.624698638916016,56.6265983581543,18646,56.64500045776367
2026-05-11 14:05:00-04:00,56.654998779296875,56.65999984741211,56.630699157714844,56.6349983215332,23077,56.654998779296875
2026-05-11 14:10:00-04:00,56.63999938964844,56.654998779296875,56.63999938964844,56.650001525878906,67214,56.63999938964844
2026-05-11 14:15:00-04:00,56.640098571777344,56.650001525878906,56.63999938964844,56.6431999206543,23106,56.640098571777344
2026-05-11 14:20:00-04:00,56.64500045776367,56.650001525878906,56.625,56.64500045776367,55936,56.64500045776367
2026-05-11 14:25:00-04:00,56.654998779296875,56.65999984741211,56.64500045776367,56.649200439453125,25984,56.654998779296875
2026-05-11 14:30:00-04:00,56.6349983215332,56.650001525878906,56.6349983215332,56.650001525878906,17814,56.6349983215332
2026-05-11 14:35:00-04:00,56.630001068115234,56.650001525878906,56.630001068115234,56.64500045776367,20530,56.630001068115234
2026-05-11 14:40:00-04:00,56.630001068115234,56.630001068115234,56.61000061035156,56.625,30694,56.630001068115234
2026-05-11 14:45:00-04:00,56.61349868774414,56.62900161743164,56.599998474121094,56.61000061035156,30102,56.61349868774414
2026-05-11 14:50:00-04:00,56.60499954223633,56.628501892089844,56.60499954223633,56.6150016784668,23294,56.60499954223633
2026-05-11 14:55:00-04:00,56.55500030517578,56.61650085449219,56.54999923706055,56.60499954223633,88141,56.55500030517578
2026-05-11 15:00:00-04:00,56.5458984375,56.57500076293945,56.5458984375,56.55500030517578,32285,56.5458984375
2026-05-11 15:05:00-04:00,56.595001220703125,56.599998474121094,56.54499816894531,56.54499816894531,39657,56.595001220703125
2026-05-11 15:10:00-04:00,56.5890007019043,56.609901428222656,56.584999084472656,56.599998474121094,154684,56.5890007019043
2026-05-11 15:15:00-04:00,56.57500076293945,56.5890007019043,56.564998626708984,56.584999084472656,32891,56.57500076293945
2026-05-11 15:20:00-04:00,56.550201416015625,56.59000015258789,56.54999923706055,56.58000183105469,47516,56.550201416015625
2026-05-11 15:25:00-04:00,56.540000915527344,56.560001373291016,56.53990173339844,56.55500030517578,51510,56.540000915527344
2026-05-11 15:30:00-04:00,56.559898376464844,56.579898834228516,56.540000915527344,56.54010009765625,42440,56.559898376464844
2026-05-11 15:35:00-04:00,56.54999923706055,56.559898376464844,56.53499984741211,56.55500030517578,25293,56.54999923706055
2026-05-11 15:40:00-04:00,56.55500030517578,56.564998626708984,56.540000915527344,56.55799865722656,20306,56.55500030517578
2026-05-11 15:45:00-04:00,56.56999969482422,56.56999969482422,56.54499816894531,56.54999923706055,26792,56.56999969482422
2026-05-11 15:50:00-04:00,56.59000015258789,56.599998474121094,56.56999969482422,56.56999969482422,49221,56.59000015258789
2026-05-11 15:55:00-04:00,56.59000015258789,56.60599899291992,56.58000183105469,56.59000015258789,85858,56.59000015258789
2026-05-12 09:30:00-04:00,56.3650016784668,56.400001525878906,56.29999923706055,56.38100051879883,963677,56.3650016784668
2026-05-12 09:35:00-04:00,56.3849983215332,56.39500045776367,56.29999923706055,56.349998474121094,201100,56.3849983215332
2026-05-12 09:40:00-04:00,56.43000030517578,56.45000076293945,56.369998931884766,56.38999938964844,234588,56.43000030517578
2026-05-12 09:45:00-04:00,56.3650016784668,56.459999084472656,56.34659957885742,56.459999084472656,168384,56.3650016784668
2026-05-12 09:50:00-04:00,56.369998931884766,56.400001525878906,56.32500076293945,56.36000061035156,88716,56.369998931884766
2026-05-12 09:55:00-04:00,56.24140167236328,56.349998474121094,56.22999954223633,56.349998474121094,316489,56.24140167236328
2026-05-12 10:00:00-04:00,56.22999954223633,56.290000915527344,56.20970153808594,56.25,158544,56.22999954223633
2026-05-12 10:05:00-04:00,56.269901275634766,56.28499984741211,56.22999954223633,56.239898681640625,119425,56.269901275634766
2026-05-12 10:10:00-04:00,56.334999084472656,56.334999084472656,56.244998931884766,56.271400451660156,137188,56.334999084472656
2026-05-12 10:15:00-04:00,56.36989974975586,56.369998931884766,56.30500030517578,56.33319854736328,58312,56.36989974975586
2026-05-12 10:20:00-04:00,56.31990051269531,56.375,56.310001373291016,56.375,51254,56.31990051269531
2026-05-12 10:25:00-04:00,56.209999084472656,56.3385009765625,56.20000076293945,56.31010055541992,269703,56.209999084472656
2026-05-12 10:30:00-04:00,56.14189910888672,56.20750045776367,56.09000015258789,56.20000076293945,273667,56.14189910888672
2026-05-12 10:35:00-04:00,56.224998474121094,56.22999954223633,56.11000061035156,56.147701263427734,146823,56.224998474121094
2026-05-12 10:40:00-04:00,56.20989990234375,56.2598991394043,56.17499923706055,56.220001220703125,60352,56.20989990234375
2026-05-12 10:45:00-04:00,56.14500045776367,56.20500183105469,56.14500045776367,56.20000076293945,54245,56.14500045776367
2026-05-12 10:50:00-04:00,56.18000030517578,56.189998626708984,56.11069869995117,56.14500045776367,72779,56.18000030517578
2026-05-12 10:55:00-04:00,56.118499755859375,56.185001373291016,56.100101470947266,56.181400299072266,73516,56.118499755859375
2026-05-12 11:00:00-04:00,56.070098876953125,56.13740158081055,56.06999969482422,56.11989974975586,154161,56.070098876953125
2026-05-12 11:05:00-04:00,56.130001068115234,56.130001068115234,56.04999923706055,56.07500076293945,129482,56.130001068115234
2026-05-12 11:10:00-04:00,56.05500030517578,56.130001068115234,56.05500030517578,56.12990188598633,72691,56.05500030517578
2026-05-12 11:15:00-04:00,56.02000045776367,56.060001373291016,55.9900016784668,56.060001373291016,330819,56.02000045776367
2026-05-12 11:20:00-04:00,55.95000076293945,56.029998779296875,55.935001373291016,56.02730178833008,121427,55.95000076293945
2026-05-12 11:25:00-04:00,55.94990158081055,55.970001220703125,55.920101165771484,55.93009948730469,95915,55.94990158081055
2026-05-12 11:30:00-04:00,55.994998931884766,56.0098991394043,55.93009948730469,55.95000076293945,71818,55.994998931884766
2026-05-12 11:35:00-04:00,56.025001525878906,56.039798736572266,55.974998474121094,55.994998931884766,43225,56.025001525878906
2026-05-12 11:40:00-04:00,56.019901275634766,56.029998779296875,55.98500061035156,56.02000045776367,66377,56.019901275634766
2026-05-12 11:45:00-04:00,55.997501373291016,56.029998779296875,55.980098724365234,56.01969909667969,84096,55.997501373291016
2026-05-12 11:50:00-04:00,55.95000076293945,55.994998931884766,55.95000076293945,55.9900016784668,123181,55.95000076293945
2026-05-12 11:55:00-04:00,55.900001525878906,55.94499969482422,55.8849983215332,55.94499969482422,117138,55.900001525878906
2026-05-12 12:00:00-04:00,55.96070098876953,55.97999954223633,55.8650016784668,55.900001525878906,118909,55.96070098876953
2026-05-12 12:05:00-04:00,55.9375,55.970001220703125,55.92499923706055,55.959999084472656,65705,55.9375
2026-05-12 12:10:00-04:00,55.994998931884766,56.0,55.93000030517578,55.939998626708984,41829,55.994998931884766
2026-05-12 12:15:00-04:00,55.95830154418945,55.989898681640625,55.95500183105469,55.988399505615234,35606,55.95830154418945
2026-05-12 12:20:00-04:00,55.9213981628418,55.96780014038086,55.900001525878906,55.95500183105469,29884,55.9213981628418
2026-05-12 12:25:00-04:00,55.91999816894531,55.939998626708984,55.915000915527344,55.92499923706055,86509,55.91999816894531
2026-05-12 12:30:00-04:00,55.88990020751953,55.91999816894531,55.86000061035156,55.904998779296875,47482,55.88990020751953
2026-05-12 12:35:00-04:00,55.8849983215332,55.91999816894531,55.88010025024414,55.88999938964844,35909,55.8849983215332
2026-05-12 12:40:00-04:00,55.86280059814453,55.900001525878906,55.834999084472656,55.88010025024414,51736,55.86280059814453
2026-05-12 12:45:00-04:00,55.834999084472656,55.880001068115234,55.81999969482422,55.869998931884766,55861,55.834999084472656
2026-05-12 12:50:00-04:00,55.80500030517578,55.84000015258789,55.78030014038086,55.839900970458984,77771,55.80500030517578
2026-05-12 12:55:00-04:00,55.790000915527344,55.81999969482422,55.78499984741211,55.79999923706055,56804,55.790000915527344
2026-05-12 13:00:00-04:00,55.8650016784668,55.869998931884766,55.79999923706055,55.810001373291016,67995,55.8650016784668
2026-05-12 13:05:00-04:00,55.88990020751953,55.90999984741211,55.8650016784668,55.8650016784668,22280,55.88990020751953
2026-05-12 13:10:00-04:00,55.91999816894531,55.92499923706055,55.880001068115234,55.8849983215332,62027,55.91999816894531
2026-05-12 13:15:00-04:00,55.96969985961914,55.974998474121094,55.92499923706055,55.93000030517578,30954,55.96969985961914
2026-05-12 13:20:00-04:00,56.005001068115234,56.029998779296875,55.970001220703125,55.97999954223633,56640,56.005001068115234
2026-05-12 13:25:00-04:00,55.989898681640625,56.0099983215332,55.96500015258789,56.0099983215332,39497,55.989898681640625
2026-05-12 13:30:00-04:00,56.029998779296875,56.029998779296875,55.98500061035156,55.989898681640625,152245,56.029998779296875
2026-05-12 13:35:00-04:00,56.00130081176758,56.029998779296875,55.974998474121094,56.02799987792969,53218,56.00130081176758
2026-05-12 13:40:00-04:00,56.0,56.02000045776367,56.0,56.00680160522461,35721,56.0
2026-05-12 13:45:00-04:00,55.9900016784668,56.0099983215332,55.970001220703125,56.007301330566406,35769,55.9900016784668
2026-05-12 13:50:00-04:00,56.01860046386719,56.02000045776367,55.974998474121094,55.98500061035156,72261,56.01860046386719
2026-05-12 13:55:00-04:00,56.029998779296875,56.029998779296875,55.999000549316406,56.025001525878906,42372,56.029998779296875
2026-05-12 14:00:00-04:00,56.0458984375,56.060001373291016,56.02000045776367,56.025001525878906,68960,56.0458984375
2026-05-12 14:05:00-04:00,56.029998779296875,56.05730056762695,56.02000045776367,56.04999923706055,26658,56.029998779296875
2026-05-12 14:10:00-04:00,56.060001373291016,56.060001373291016,56.02000045776367,56.025001525878906,31874,56.060001373291016
2026-05-12 14:15:00-04:00,56.060001373291016,56.08000183105469,56.04999923706055,56.060001373291016,12400,56.060001373291016
2026-05-12 14:20:00-04:00,56.08000183105469,56.08000183105469,56.05500030517578,56.060001373291016,19983,56.08000183105469
2026-05-12 14:25:00-04:00,56.10900115966797,56.12839889526367,56.09000015258789,56.09000015258789,47694,56.10900115966797
2026-05-12 14:30:00-04:00,56.099998474121094,56.13840103149414,56.099998474121094,56.1077995300293,26038,56.099998474121094
2026-05-12 14:35:00-04:00,56.11000061035156,56.128501892089844,56.092498779296875,56.092498779296875,25678,56.11000061035156
2026-05-12 14:40:00-04:00,56.099998474121094,56.119998931884766,56.099998474121094,56.099998474121094,24249,56.099998474121094
2026-05-12 14:45:00-04:00,56.0900993347168,56.090999603271484,56.060001373291016,56.09000015258789,17388,56.0900993347168
2026-05-12 14:50:00-04:00,56.10499954223633,56.119998931884766,56.08250045776367,56.095001220703125,14968,56.10499954223633
2026-05-12 14:55:00-04:00,56.064998626708984,56.130001068115234,56.060001373291016,56.109901428222656,33061,56.064998626708984
2026-05-12 15:00:00-04:00,56.10369873046875,56.11000061035156,56.064998626708984,56.064998626708984,26096,56.10369873046875
2026-05-12 15:05:00-04:00,56.11000061035156,56.1349983215332,56.09360122680664,56.10499954223633,51264,56.11000061035156
2026-05-12 15:10:00-04:00,56.17499923706055,56.185001373291016,56.11000061035156,56.1150016784668,35320,56.17499923706055
2026-05-12 15:15:00-04:00,56.18840026855469,56.20000076293945,56.16999816894531,56.189998626708984,18786,56.18840026855469
2026-05-12 15:20:00-04:00,56.1796989440918,56.1796989440918,56.13399887084961,56.17499923706055,20005,56.1796989440918
2026-05-12 15:25:00-04:00,56.17499923706055,56.189998626708984,56.16999816894531,56.16999816894531,24668,56.17499923706055
2026-05-12 15:30:00-04:00,56.244998931884766,56.25,56.185001373291016,56.185001373291016,49433,56.244998931884766
2026-05-12 15:35:00-04:00,56.255001068115234,56.257198333740234,56.224998474121094,56.24369812011719,37761,56.255001068115234
2026-05-12 15:40:00-04:00,56.278499603271484,56.279998779296875,56.25,56.25,27365,56.278499603271484
2026-05-12 15:45:00-04:00,56.279998779296875,56.29990005493164,56.2599983215332,56.275001525878906,32246,56.279998779296875
2026-05-12 15:50:00-04:00,56.31999969482422,56.34000015258789,56.290000915527344,56.310001373291016,111235,56.31999969482422
2026-05-12 15:55:00-04:00,56.31999969482422,56.33000183105469,56.29999923706055,56.30009841918945,106234,56.31999969482422
2026-05-13 09:30:00-04:00,56.4197998046875,56.470001220703125,56.3650016784668,56.459999084472656,558717,56.4197998046875
2026-05-13 09:35:00-04:00,56.3302001953125,56.41849899291992,56.310001373291016,56.40999984741211,177629,56.3302001953125
2026-05-13 09:40:00-04:00,56.34989929199219,56.40999984741211,56.32870101928711,56.33000183105469,189420,56.34989929199219
2026-05-13 09:45:00-04:00,56.26860046386719,56.349998474121094,56.19499969482422,56.349998474121094,178408,56.26860046386719
2026-05-13 09:50:00-04:00,56.369998931884766,56.369998931884766,56.22850036621094,56.275001525878906,103968,56.369998931884766
2026-05-13 09:55:00-04:00,56.314998626708984,56.37710189819336,56.29999923706055,56.375,99544,56.314998626708984
2026-05-13 10:00:00-04:00,56.314998626708984,56.339900970458984,56.28120040893555,56.31999969482422,79799,56.314998626708984
2026-05-13 10:05:00-04:00,56.28499984741211,56.334999084472656,56.26150131225586,56.310001373291016,45371,56.28499984741211
2026-05-13 10:10:00-04:00,56.3203010559082,56.345001220703125,56.275001525878906,56.29999923706055,60689,56.3203010559082
2026-05-13 10:15:00-04:00,56.30500030517578,56.345001220703125,56.29499816894531,56.30500030517578,70816,56.30500030517578
2026-05-13 10:20:00-04:00,56.4099006652832,56.4099006652832,56.314998626708984,56.314998626708984,88843,56.4099006652832
2026-05-13 10:25:00-04:00,56.38999938964844,56.43000030517578,56.38999938964844,56.400001525878906,51790,56.38999938964844
2026-05-13 10:30:00-04:00,56.436798095703125,56.439998626708984,56.380001068115234,56.39500045776367,66273,56.436798095703125
2026-05-13 10:35:00-04:00,56.399898529052734,56.45000076293945,56.380001068115234,56.435001373291016,68187,56.399898529052734
2026-05-13 10:40:00-04:00,56.43000030517578,56.439998626708984,56.38999938964844,56.400001525878906,27915,56.43000030517578
2026-05-13 10:45:00-04:00,56.435001373291016,56.44499969482422,56.400001525878906,56.44499969482422,23779,56.435001373291016
2026-05-13 10:50:00-04:00,56.47999954223633,56.4900016784668,56.43000030517578,56.435001373291016,38278,56.47999954223633
2026-05-13 10:55:00-04:00,56.47999954223633,56.4900016784668,56.46500015258789,56.47999954223633,50867,56.47999954223633
2026-05-13 11:00:00-04:00,56.5,56.52000045776367,56.4900016784668,56.4900016784668,62263,56.5
2026-05-13 11:05:00-04:00,56.4901008605957,56.505001068115234,56.4827995300293,56.505001068115234,109397,56.4901008605957
2026-05-13 11:10:00-04:00,56.489898681640625,56.5,56.46500015258789,56.494998931884766,32137,56.489898681640625
2026-05-13 11:15:00-04:00,56.494998931884766,56.5099983215332,56.48500061035156,56.48970031738281,121340,56.494998931884766
2026-05-13 11:20:00-04:00,56.470001220703125,56.5098991394043,56.46500015258789,56.49980163574219,47939,56.470001220703125
2026-05-13 11:25:00-04:00,56.46500015258789,56.474998474121094,56.439998626708984,56.474998474121094,45771,56.46500015258789
2026-05-13 11:30:00-04:00,56.474998474121094,56.47999954223633,56.435001373291016,56.46009826660156,64676,56.474998474121094
2026-05-13 11:35:00-04:00,56.48500061035156,56.5,56.4744987487793,56.4744987487793,37329,56.48500061035156
2026-05-13 11:40:00-04:00,56.53990173339844,56.540000915527344,56.4900016784668,56.4900016784668,41282,56.53990173339844
2026-05-13 11:45:00-04:00,56.519901275634766,56.535099029541016,56.51499938964844,56.535099029541016,28244,56.519901275634766
2026-05-13 11:50:00-04:00,56.494998931884766,56.505001068115234,56.47999954223633,56.505001068115234,19926,56.494998931884766
2026-05-13 11:55:00-04:00,56.46500015258789,56.4900016784668,56.45009994506836,56.4900016784668,38710,56.46500015258789
2026-05-13 12:00:00-04:00,56.52000045776367,56.52000045776367,56.45000076293945,56.46500015258789,37134,56.52000045776367
2026-05-13 12:05:00-04:00,56.525001525878906,56.529998779296875,56.494998931884766,56.51499938964844,42034,56.525001525878906
2026-05-13 12:10:00-04:00,56.54999923706055,56.54999923706055,56.529998779296875,56.53499984741211,38456,56.54999923706055
2026-05-13 12:15:00-04:00,56.54499816894531,56.56999969482422,56.540000915527344,56.559898376464844,38750,56.54499816894531
2026-05-13 12:20:00-04:00,56.595001220703125,56.60499954223633,56.54499816894531,56.54999923706055,35057,56.595001220703125
2026-05-13 12:25:00-04:00,56.6150016784668,56.619998931884766,56.59000015258789,56.599998474121094,57177,56.6150016784668
2026-05-13 12:30:00-04:00,56.6150016784668,56.61989974975586,56.584999084472656,56.6150016784668,74128,56.6150016784668
2026-05-13 12:35:00-04:00,56.61000061035156,56.619998931884766,56.60499954223633,56.6150016784668,28098,56.61000061035156
2026-05-13 12:40:00-04:00,56.61000061035156,56.619998931884766,56.608001708984375,56.61000061035156,11693,56.61000061035156
2026-05-13 12:45:00-04:00,56.60499954223633,56.6150016784668,56.5989990234375,56.6150016784668,32304,56.60499954223633
2026-05-13 12:50:00-04:00,56.61009979248047,56.619998931884766,56.59000015258789,56.600101470947266,46622,56.61009979248047
2026-05-13 12:55:00-04:00,56.625,56.63990020751953,56.61000061035156,56.6150016784668,61601,56.625
2026-05-13 13:00:00-04:00,56.654998779296875,56.65999984741211,56.625,56.625,25066,56.654998779296875
2026-05-13 13:05:00-04:00,56.654998779296875,56.66999816894531,56.654998779296875,56.654998779296875,44897,56.654998779296875
2026-05-13 13:10:00-04:00,56.665000915527344,56.67499923706055,56.6599006652832,56.6599006652832,25129,56.665000915527344
2026-05-13 13:15:00-04:00,56.665000915527344,56.67499923706055,56.6599006652832,56.665000915527344,28535,56.665000915527344
2026-05-13 13:20:00-04:00,56.64500045776367,56.66999816894531,56.64500045776367,56.669898986816406,22747,56.64500045776367
2026-05-13 13:25:00-04:00,56.669898986816406,56.68000030517578,56.64500045776367,56.64500045776367,34546,56.669898986816406
2026-05-13 13:30:00-04:00,56.6599006652832,56.679901123046875,56.649898529052734,56.67499923706055,25416,56.6599006652832
2026-05-13 13:35:00-04:00,56.654998779296875,56.65999984741211,56.650001525878906,56.654998779296875,19298,56.654998779296875
2026-05-13 13:40:00-04:00,56.665000915527344,56.66510009765625,56.650001525878906,56.65999984741211,21749,56.665000915527344
2026-05-13 13:45:00-04:00,56.665000915527344,56.679901123046875,56.6599006652832,56.665000915527344,23625,56.665000915527344
2026-05-13 13:50:00-04:00,56.669898986816406,56.67850112915039,56.6614990234375,56.669700622558594,14947,56.669898986816406
2026-05-13 13:55:00-04:00,56.625,56.66999816894531,56.625,56.665000915527344,22650,56.625
2026-05-13 14:00:00-04:00,56.665000915527344,56.665000915527344,56.625,56.625,24455,56.665000915527344
2026-05-13 14:05:00-04:00,56.6775016784668,56.679901123046875,56.65999984741211,56.669898986816406,21370,56.6775016784668
2026-05-13 14:10:00-04:00,56.71500015258789,56.720001220703125,56.68000030517578,56.68000030517578,46393,56.71500015258789
2026-05-13 14:15:00-04:00,56.7400016784668,56.75,56.71989822387695,56.71989822387695,26891,56.7400016784668
2026-05-13 14:20:00-04:00,56.744998931884766,56.7599983215332,56.72999954223633,56.739898681640625,49774,56.744998931884766
2026-05-13 14:25:00-04:00,56.744998931884766,56.7598991394043,56.7400016784668,56.74150085449219,69147,56.744998931884766
2026-05-13 14:30:00-04:00,56.73500061035156,56.755001068115234,56.724998474121094,56.744998931884766,42073,56.73500061035156
2026-05-13 14:35:00-04:00,56.71500015258789,56.73649978637695,56.70500183105469,56.73649978637695,21248,56.71500015258789
2026-05-13 14:40:00-04:00,56.70500183105469,56.72999954223633,56.70500183105469,56.724998474121094,13445,56.70500183105469
2026-05-13 14:45:00-04:00,56.70500183105469,56.709999084472656,56.689998626708984,56.70500183105469,39630,56.70500183105469
2026-05-13 14:50:00-04:00,56.689998626708984,56.70500183105469,56.685001373291016,56.70500183105469,11921,56.689998626708984
2026-05-13 14:55:00-04:00,56.650001525878906,56.695499420166016,56.650001525878906,56.69499969482422,45131,56.650001525878906
2026-05-13 15:00:00-04:00,56.67499923706055,56.67499923706055,56.650001525878906,56.650001525878906,17249,56.67499923706055
2026-05-13 15:05:00-04:00,56.70500183105469,56.70500183105469,56.66429901123047,56.66999816894531,101720,56.70500183105469
2026-05-13 15:10:00-04:00,56.71500015258789,56.71989822387695,56.69879913330078,56.709999084472656,26721,56.71500015258789
2026-05-13 15:15:00-04:00,56.724998474121094,56.72990036010742,56.70500183105469,56.71500015258789,18223,56.724998474121094
2026-05-13 15:20:00-04:00,56.69369888305664,56.72999954223633,56.69369888305664,56.72999954223633,37074,56.69369888305664
2026-05-13 15:25:00-04:00,56.70989990234375,56.71659851074219,56.69499969482422,56.69499969482422,29651,56.70989990234375
2026-05-13 15:30:00-04:00,56.70500183105469,56.720001220703125,56.70000076293945,56.71500015258789,18198,56.70500183105469
2026-05-13 15:35:00-04:00,56.71500015258789,56.720001220703125,56.70500183105469,56.70500183105469,31389,56.71500015258789
2026-05-13 15:40:00-04:00,56.724998474121094,56.72999954223633,56.709999084472656,56.71500015258789,25456,56.724998474121094
2026-05-13 15:45:00-04:00,56.724998474121094,56.72999954223633,56.720001220703125,56.724998474121094,34319,56.724998474121094
2026-05-13 15:50:00-04:00,56.6349983215332,56.720001220703125,56.6349983215332,56.720001220703125,125293,56.6349983215332
2026-05-13 15:55:00-04:00,56.665000915527344,56.665000915527344,56.63999938964844,56.650001525878906,45487,56.665000915527344
2026-05-14 09:30:00-04:00,56.750099182128906,56.7599983215332,56.654998779296875,56.689998626708984,542059,56.750099182128906
2026-05-14 09:35:00-04:00,56.790000915527344,56.809898376464844,56.744998931884766,56.755001068115234,235622,56.790000915527344
2026-05-14 09:40:00-04:00,56.834999084472656,56.834999084472656,56.78499984741211,56.79010009765625,145629,56.834999084472656
2026-05-14 09:45:00-04:00,56.8650016784668,56.880001068115234,56.83000183105469,56.834999084472656,192568,56.8650016784668
2026-05-14 09:50:00-04:00,56.81010055541992,56.900001525878906,56.810001373291016,56.87990188598633,183352,56.81010055541992
2026-05-14 09:55:00-04:00,56.75,56.829898834228516,56.724998474121094,56.810001373291016,119781,56.75
2026-05-14 10:00:00-04:00,56.79999923706055,56.81999969482422,56.72999954223633,56.72999954223633,169341,56.79999923706055
2026-05-14 10:05:00-04:00,56.7599983215332,56.81010055541992,56.744998931884766,56.80500030517578,112917,56.7599983215332
2026-05-14 10:10:00-04:00,56.79930114746094,56.80500030517578,56.744998931884766,56.755001068115234,30496,56.79930114746094
2026-05-14 10:15:00-04:00,56.845001220703125,56.845001220703125,56.790000915527344,56.79499816894531,35389,56.845001220703125
2026-05-14 10:20:00-04:00,56.8385009765625,56.875,56.829898834228516,56.849998474121094,50162,56.8385009765625
2026-05-14 10:25:00-04:00,56.82500076293945,56.845001220703125,56.80500030517578,56.842498779296875,61193,56.82500076293945
2026-05-14 10:30:00-04:00,56.82500076293945,56.8380012512207,56.810001373291016,56.83000183105469,55362,56.82500076293945
2026-05-14 10:35:00-04:00,56.8849983215332,56.88999938964844,56.830101013183594,56.834999084472656,50821,56.8849983215332
2026-05-14 10:40:00-04:00,56.897499084472656,56.89970016479492,56.880001068115234,56.880001068115234,44971,56.897499084472656
2026-05-14 10:45:00-04:00,56.915000915527344,56.91999816894531,56.89500045776367,56.89500045776367,98774,56.915000915527344
2026-05-14 10:50:00-04:00,56.9099006652832,56.95000076293945,56.899898529052734,56.92499923706055,90051,56.9099006652832
2026-05-14 10:55:00-04:00,56.8849983215332,56.91999816894531,56.87009811401367,56.91999816894531,125779,56.8849983215332
2026-05-14 11:00:00-04:00,56.90739822387695,56.93000030517578,56.879798889160156,56.8849983215332,44352,56.90739822387695
2026-05-14 11:05:00-04:00,56.93000030517578,56.939998626708984,56.88999938964844,56.900001525878906,33778,56.93000030517578
2026-05-14 11:10:00-04:00,56.959999084472656,56.959999084472656,56.92499923706055,56.935001373291016,24801,56.959999084472656
2026-05-14 11:15:00-04:00,56.97990036010742,56.97999954223633,56.95140075683594,56.95399856567383,38238,56.97990036010742
2026-05-14 11:20:00-04:00,56.971500396728516,56.9900016784668,56.959999084472656,56.970001220703125,41332,56.971500396728516
2026-05-14 11:25:00-04:00,56.974998474121094,56.9900016784668,56.970001220703125,56.974998474121094,24878,56.974998474121094
2026-05-14 11:30:00-04:00,56.959999084472656,56.9900016784668,56.95000076293945,56.970001220703125,29340,56.959999084472656
2026-05-14 11:35:00-04:00,56.959999084472656,56.96500015258789,56.94499969482422,56.95859909057617,24808,56.959999084472656
2026-05-14 11:40:00-04:00,56.95500183105469,56.974998474121094,56.94810104370117,56.95989990234375,34780,56.95500183105469
2026-05-14 11:45:00-04:00,56.96500015258789,56.970001220703125,56.95009994506836,56.96500015258789,27322,56.96500015258789
2026-05-14 11:50:00-04:00,56.974998474121094,56.97999954223633,56.964500427246094,56.96500015258789,39141,56.974998474121094
2026-05-14 11:55:00-04:00,56.97999954223633,56.9900016784668,56.9734001159668,56.9734001159668,31778,56.97999954223633
2026-05-14 12:00:00-04:00,57.0,57.0,56.978599548339844,56.978599548339844,57740,57.0
2026-05-14 12:05:00-04:00,56.9828987121582,57.0,56.9828987121582,56.999698638916016,29847,56.9828987121582
2026-05-14 12:10:00-04:00,56.97999954223633,57.0,56.97999954223633,56.9900016784668,45548,56.97999954223633
2026-05-14 12:15:00-04:00,56.974998474121094,57.0,56.974998474121094,56.97999954223633,46038,56.974998474121094
2026-05-14 12:20:00-04:00,56.98500061035156,57.005001068115234,56.974998474121094,56.974998474121094,66919,56.98500061035156
2026-05-14 12:25:00-04:00,56.94499969482422,56.98680114746094,56.935001373291016,56.98500061035156,41523,56.94499969482422
2026-05-14 12:30:00-04:00,56.9359016418457,56.96699905395508,56.91999816894531,56.94499969482422,51470,56.9359016418457
2026-05-14 12:35:00-04:00,56.94499969482422,56.95000076293945,56.93000030517578,56.93000030517578,19744,56.94499969482422
2026-05-14 12:40:00-04:00,56.94990158081055,56.970001220703125,56.94150161743164,56.95000076293945,29303,56.94990158081055
2026-05-14 12:45:00-04:00,56.96500015258789,56.96979904174805,56.91999816894531,56.941200256347656,41934,56.96500015258789
2026-05-14 12:50:00-04:00,56.95500183105469,56.959999084472656,56.935001373291016,56.959999084472656,20817,56.95500183105469
2026-05-14 12:55:00-04:00,56.940101623535156,56.959999084472656,56.91999816894531,56.95719909667969,22739,56.940101623535156
2026-05-14 13:00:00-04:00,56.974998474121094,56.98160171508789,56.95000076293945,56.95000076293945,27022,56.974998474121094
2026-05-14 13:05:00-04:00,56.90999984741211,56.97999954223633,56.90999984741211,56.97999954223633,51732,56.90999984741211
2026-05-14 13:10:00-04:00,56.880001068115234,56.935001373291016,56.880001068115234,56.90999984741211,63640,56.880001068115234
2026-05-14 13:15:00-04:00,56.83000183105469,56.880001068115234,56.820098876953125,56.87990188598633,63900,56.83000183105469
2026-05-14 13:20:00-04:00,56.845001220703125,56.87990188598633,56.830101013183594,56.832000732421875,30076,56.845001220703125
2026-05-14 13:25:00-04:00,56.849998474121094,56.85020065307617,56.81999969482422,56.83000183105469,17984,56.849998474121094
2026-05-14 13:30:00-04:00,56.8849983215332,56.897499084472656,56.85499954223633,56.85499954223633,12300,56.8849983215332
2026-05-14 13:35:00-04:00,56.92499923706055,56.92499923706055,56.880001068115234,56.880001068115234,13176,56.92499923706055
2026-05-14 13:40:00-04:00,56.92499923706055,56.939998626708984,56.91299819946289,56.921199798583984,10885,56.92499923706055
2026-05-14 13:45:00-04:00,56.959999084472656,56.96989822387695,56.933101654052734,56.933101654052734,67407,56.959999084472656
2026-05-14 13:50:00-04:00,56.970001220703125,56.974998474121094,56.959999084472656,56.970001220703125,11881,56.970001220703125
2026-05-14 13:55:00-04:00,56.96500015258789,56.98500061035156,56.96500015258789,56.974998474121094,17946,56.96500015258789
2026-05-14 14:00:00-04:00,56.87990188598633,56.95500183105469,56.869998931884766,56.95500183105469,28962,56.87990188598633
2026-05-14 14:05:00-04:00,56.87990188598633,56.88999938964844,56.87260055541992,56.875,21522,56.87990188598633
2026-05-14 14:10:00-04:00,56.915000915527344,56.91999816894531,56.875,56.88990020751953,24552,56.915000915527344
2026-05-14 14:15:00-04:00,56.935001373291016,56.935001373291016,56.9114990234375,56.9114990234375,17660,56.935001373291016
2026-05-14 14:20:00-04:00,56.899898529052734,56.935001373291016,56.899898529052734,56.935001373291016,36930,56.899898529052734
2026-05-14 14:25:00-04:00,56.900001525878906,56.9098014831543,56.88999938964844,56.904998779296875,19253,56.900001525878906
2026-05-14 14:30:00-04:00,56.915000915527344,56.9213981628418,56.904998779296875,56.904998779296875,13132,56.915000915527344
2026-05-14 14:35:00-04:00,56.90999984741211,56.915000915527344,56.900001525878906,56.915000915527344,19069,56.90999984741211
2026-05-14 14:40:00-04:00,56.89500045776367,56.90999984741211,56.880001068115234,56.90999984741211,24523,56.89500045776367
2026-05-14 14:45:00-04:00,56.91999816894531,56.91999816894531,56.884498596191406,56.89500045776367,25222,56.91999816894531
2026-05-14 14:50:00-04:00,56.93000030517578,56.93000030517578,56.915000915527344,56.91999816894531,30966,56.93000030517578
2026-05-14 14:55:00-04:00,56.935001373291016,56.95000076293945,56.929901123046875,56.929901123046875,27200,56.935001373291016
2026-05-14 15:00:00-04:00,56.95500183105469,56.96500015258789,56.94499969482422,56.95500183105469,15656,56.95500183105469
2026-05-14 15:05:00-04:00,56.95500183105469,56.959999084472656,56.939998626708984,56.95500183105469,19158,56.95500183105469
2026-05-14 15:10:00-04:00,56.933998107910156,56.959999084472656,56.93000030517578,56.959999084472656,32945,56.933998107910156
2026-05-14 15:15:00-04:00,56.95000076293945,56.95000076293945,56.935001373291016,56.935001373291016,18180,56.95000076293945
2026-05-14 15:20:00-04:00,56.94499969482422,56.970001220703125,56.94499969482422,56.945499420166016,33065,56.94499969482422
2026-05-14 15:25:00-04:00,56.92499923706055,56.95000076293945,56.91999816894531,56.94309997558594,33119,56.92499923706055
2026-05-14 15:30:00-04:00,56.94499969482422,56.95500183105469,56.93000030517578,56.93000030517578,18434,56.94499969482422
2026-05-14 15:35:00-04:00,56.95500183105469,56.959999084472656,56.939998626708984,56.939998626708984,9601,56.95500183105469
2026-05-14 15:40:00-04:00,56.967201232910156,56.97999954223633,56.959999084472656,56.959999084472656,17352,56.967201232910156
2026-05-14 15:45:00-04:00,56.959999084472656,56.96979904174805,56.95000076293945,56.96500015258789,39041,56.959999084472656
2026-05-14 15:50:00-04:00,56.94499969482422,56.95500183105469,56.92499923706055,56.95000076293945,76482,56.94499969482422
2026-05-14 15:55:00-04:00,56.92499923706055,56.939998626708984,56.91999816894531,56.939998626708984,100300,56.92499923706055
2026-05-15 09:30:00-04:00,56.40999984741211,56.470001220703125,56.345001220703125,56.43000030517578,1535825,56.40999984741211
2026-05-15 09:35:00-04:00,56.32500076293945,56.41999816894531,56.29999923706055,56.41999816894531,232833,56.32500076293945
2026-05-15 09:40:00-04:00,56.337398529052734,56.417598724365234,56.314998626708984,56.314998626708984,206196,56.337398529052734
2026-05-15 09:45:00-04:00,56.39500045776367,56.39500045776367,56.2400016784668,56.334999084472656,308776,56.39500045776367
2026-05-15 09:50:00-04:00,56.44499969482422,56.459999084472656,56.32500076293945,56.39500045776367,216343,56.44499969482422
2026-05-15 09:55:00-04:00,56.29999923706055,56.46500015258789,56.29999923706055,56.45500183105469,187708,56.29999923706055
2026-05-15 10:00:00-04:00,56.337398529052734,56.375,56.28499984741211,56.29999923706055,111596,56.337398529052734
2026-05-15 10:05:00-04:00,56.375,56.39580154418945,56.30500030517578,56.32500076293945,61237,56.375
2026-05-15 10:10:00-04:00,56.474998474121094,56.48500061035156,56.377498626708984,56.380001068115234,91381,56.474998474121094
2026-05-15 10:15:00-04:00,56.53499984741211,56.54999923706055,56.45000076293945,56.48500061035156,206473,56.53499984741211
2026-05-15 10:20:00-04:00,56.540000915527344,56.57500076293945,56.525001525878906,56.53499984741211,168086,56.540000915527344
2026-05-15 10:25:00-04:00,56.46500015258789,56.529998779296875,56.46500015258789,56.525001525878906,184796,56.46500015258789
2026-05-15 10:30:00-04:00,56.529998779296875,56.529998779296875,56.46910095214844,56.470001220703125,122439,56.529998779296875
2026-05-15 10:35:00-04:00,56.52000045776367,56.560001373291016,56.48500061035156,56.525001525878906,66323,56.52000045776367
2026-05-15 10:40:00-04:00,56.54499816894531,56.55500030517578,56.52000045776367,56.529998779296875,63975,56.54499816894531
2026-05-15 10:45:00-04:00,56.46500015258789,56.54999923706055,56.46500015258789,56.540000915527344,115072,56.46500015258789
2026-05-15 10:50:00-04:00,56.4900016784668,56.4900016784668,56.42499923706055,56.470001220703125,85978,56.4900016784668
2026-05-15 10:55:00-04:00,56.46500015258789,56.51499938964844,56.45500183105469,56.5,62266,56.46500015258789
2026-05-15 11:00:00-04:00,56.46500015258789,56.48500061035156,56.435001373291016,56.470001220703125,45499,56.46500015258789
2026-05-15 11:05:00-04:00,56.505001068115234,56.505001068115234,56.41999816894531,56.46220016479492,64348,56.505001068115234
2026-05-15 11:10:00-04:00,56.46500015258789,56.52000045776367,56.45500183105469,56.5099983215332,56825,56.46500015258789
2026-05-15 11:15:00-04:00,56.505001068115234,56.5099983215332,56.45759963989258,56.470001220703125,37016,56.505001068115234
2026-05-15 11:20:00-04:00,56.528099060058594,56.560001373291016,56.505001068115234,56.505001068115234,76147,56.528099060058594
2026-05-15 11:25:00-04:00,56.525001525878906,56.540000915527344,56.4900016784668,56.525001525878906,43503,56.525001525878906
2026-05-15 11:30:00-04:00,56.54999923706055,56.56999969482422,56.529998779296875,56.542598724365234,39852,56.54999923706055
2026-05-15 11:35:00-04:00,56.529998779296875,56.57500076293945,56.52989959716797,56.53499984741211,91638,56.529998779296875
2026-05-15 11:40:00-04:00,56.45500183105469,56.529998779296875,56.44900131225586,56.525001525878906,66855,56.45500183105469
2026-05-15 11:45:00-04:00,56.44499969482422,56.47999954223633,56.43149948120117,56.459999084472656,29293,56.44499969482422
2026-05-15 11:50:00-04:00,56.40999984741211,56.439998626708984,56.399898529052734,56.439998626708984,57663,56.40999984741211
2026-05-15 11:55:00-04:00,56.45500183105469,56.459999084472656,56.380001068115234,56.40999984741211,72032,56.45500183105469
2026-05-15 12:00:00-04:00,56.45930099487305,56.489898681640625,56.44499969482422,56.459999084472656,80322,56.45930099487305
2026-05-15 12:05:00-04:00,56.474998474121094,56.48740005493164,56.44499969482422,56.45909881591797,35379,56.474998474121094
2026-05-15 12:10:00-04:00,56.474998474121094,56.47999954223633,56.435001373291016,56.47999954223633,51914,56.474998474121094
2026-05-15 12:15:00-04:00,56.457401275634766,56.474998474121094,56.439998626708984,56.474998474121094,16042,56.457401275634766
2026-05-15 12:20:00-04:00,56.52000045776367,56.52000045776367,56.45500183105469,56.45500183105469,36122,56.52000045776367
2026-05-15 12:25:00-04:00,56.525001525878906,56.525001525878906,56.505001068115234,56.516300201416016,46941,56.525001525878906
2026-05-15 12:30:00-04:00,56.54499816894531,56.54499816894531,56.51499938964844,56.525001525878906,29850,56.54499816894531
2026-05-15 12:35:00-04:00,56.52009963989258,56.540000915527344,56.51750183105469,56.540000915527344,28949,56.52009963989258
2026-05-15 12:40:00-04:00,56.529998779296875,56.529998779296875,56.51499938964844,56.529998779296875,30109,56.529998779296875
2026-05-15 12:45:00-04:00,56.53499984741211,56.54999923706055,56.525001525878906,56.540000915527344,43172,56.53499984741211
2026-05-15 12:50:00-04:00,56.46500015258789,56.54999923706055,56.46500015258789,56.53499984741211,39344,56.46500015258789
2026-05-15 12:55:00-04:00,56.505001068115234,56.51499938964844,56.46009826660156,56.46009826660156,37473,56.505001068115234
2026-05-15 13:00:00-04:00,56.52000045776367,56.529998779296875,56.50400161743164,56.505001068115234,32079,56.52000045776367
2026-05-15 13:05:00-04:00,56.54499816894531,56.54999923706055,56.51499938964844,56.51499938964844,18942,56.54499816894531
2026-05-15 13:10:00-04:00,56.55979919433594,56.560001373291016,56.540000915527344,56.54999923706055,15481,56.55979919433594
2026-05-15 13:15:00-04:00,56.560001373291016,56.56999969482422,56.540000915527344,56.55500030517578,31100,56.560001373291016
2026-05-15 13:20:00-04:00,56.60499954223633,56.60499954223633,56.561500549316406,56.561500549316406,32745,56.60499954223633
2026-05-15 13:25:00-04:00,56.627601623535156,56.63990020751953,56.60499954223633,56.60499954223633,20180,56.627601623535156
2026-05-15 13:30:00-04:00,56.649898529052734,56.650001525878906,56.62009811401367,56.630001068115234,25684,56.649898529052734
2026-05-15 13:35:00-04:00,56.64500045776367,56.65999984741211,56.63990020751953,56.64899826049805,31704,56.64500045776367
2026-05-15 13:40:00-04:00,56.6349983215332,56.64500045776367,56.61000061035156,56.64500045776367,31035,56.6349983215332
2026-05-15 13:45:00-04:00,56.619998931884766,56.63999938964844,56.619998931884766,56.63850021362305,28930,56.619998931884766
2026-05-15 13:50:00-04:00,56.64500045776367,56.650001525878906,56.62009811401367,56.625,67234,56.64500045776367
2026-05-15 13:55:00-04:00,56.65449905395508,56.654998779296875,56.6349983215332,56.640098571777344,27165,56.65449905395508
2026-05-15 14:00:00-04:00,56.66999816894531,56.67499923706055,56.65999984741211,56.65999984741211,42472,56.66999816894531
2026-05-15 14:05:00-04:00,56.67499923706055,56.70000076293945,56.67499923706055,56.67499923706055,70966,56.67499923706055
2026-05-15 14:10:00-04:00,56.67499923706055,56.69499969482422,56.66999816894531,56.67499923706055,41975,56.67499923706055
2026-05-15 14:15:00-04:00,56.59000015258789,56.68000030517578,56.58000183105469,56.67499923706055,64557,56.59000015258789
2026-05-15 14:20:00-04:00,56.630001068115234,56.64500045776367,56.584999084472656,56.584999084472656,47451,56.630001068115234
2026-05-15 14:25:00-04:00,56.58000183105469,56.625,56.573001861572266,56.625,27257,56.58000183105469
2026-05-15 14:30:00-04:00,56.525001525878906,56.58000183105469,56.5099983215332,56.58000183105469,48807,56.525001525878906
2026-05-15 14:35:00-04:00,56.57500076293945,56.57500076293945,56.52009963989258,56.52009963989258,38390,56.57500076293945
2026-05-15 14:40:00-04:00,56.56999969482422,56.57979965209961,56.54069900512695,56.57979965209961,52218,56.56999969482422
2026-05-15 14:45:00-04:00,56.57149887084961,56.57500076293945,56.54499816894531,56.56999969482422,22839,56.57149887084961
2026-05-15 14:50:00-04:00,56.609901428222656,56.609901428222656,56.564998626708984,56.56999969482422,17380,56.609901428222656
2026-05-15 14:55:00-04:00,56.595001220703125,56.60499954223633,56.564998626708984,56.599998474121094,36059,56.595001220703125
2026-05-15 15:00:00-04:00,56.54999923706055,56.58000183105469,56.54999923706055,56.58000183105469,23106,56.54999923706055
2026-05-15 15:05:00-04:00,56.529998779296875,56.559898376464844,56.52000045776367,56.54010009765625,56101,56.529998779296875
2026-05-15 15:10:00-04:00,56.519901275634766,56.525001525878906,56.4901008605957,56.525001525878906,44011,56.519901275634766
2026-05-15 15:15:00-04:00,56.5,56.5099983215332,56.47999954223633,56.5099983215332,37513,56.5
2026-05-15 15:20:00-04:00,56.487098693847656,56.52000045776367,56.487098693847656,56.494998931884766,37992,56.487098693847656
2026-05-15 15:25:00-04:00,56.48500061035156,56.499900817871094,56.47999954223633,56.48500061035156,43154,56.48500061035156
2026-05-15 15:30:00-04:00,56.505001068115234,56.52000045776367,56.4900016784668,56.4900016784668,22567,56.505001068115234
2026-05-15 15:35:00-04:00,56.529998779296875,56.53499984741211,56.4901008605957,56.5099983215332,59038,56.529998779296875
2026-05-15 15:40:00-04:00,56.4900016784668,56.53900146484375,56.4900016784668,56.536598205566406,67779,56.4900016784668
2026-05-15 15:45:00-04:00,56.494998931884766,56.499900817871094,56.46160125732422,56.48500061035156,94443,56.494998931884766
2026-05-15 15:50:00-04:00,56.41999816894531,56.4900016784668,56.41999816894531,56.4900016784668,219568,56.41999816894531
2026-05-15 15:55:00-04:00,56.404998779296875,56.42499923706055,56.3849983215332,56.415000915527344,289450,56.404998779296875
2026-05-18 09:30:00-04:00,56.51499938964844,56.58000183105469,56.5099983215332,56.560001373291016,1038376,56.51499938964844
2026-05-18 09:35:00-04:00,56.5,56.525001525878906,56.45000076293945,56.5,222386,56.5
2026-05-18 09:40:00-04:00,56.3650016784668,56.505001068115234,56.36000061035156,56.47999954223633,464103,56.3650016784668
2026-05-18 09:45:00-04:00,56.3650016784668,56.41999816894531,56.34000015258789,56.3650016784668,252779,56.3650016784668
2026-05-18 09:50:00-04:00,56.494998931884766,56.51499938964844,56.3650016784668,56.3650016784668,176099,56.494998931884766
2026-05-18 09:55:00-04:00,56.470001220703125,56.55500030517578,56.46500015258789,56.5099983215332,187233,56.470001220703125
2026-05-18 10:00:00-04:00,56.375,56.459999084472656,56.35499954223633,56.459999084472656,319054,56.375
2026-05-18 10:05:00-04:00,56.4900016784668,56.4900016784668,56.349998474121094,56.37990188598633,403564,56.4900016784668
2026-05-18 10:10:00-04:00,56.494998931884766,56.51689910888672,56.44499969482422,56.470001220703125,143876,56.494998931884766
2026-05-18 10:15:00-04:00,56.48400115966797,56.540000915527344,56.4375,56.5,81067,56.48400115966797
2026-05-18 10:20:00-04:00,56.439998626708984,56.5099983215332,56.435001373291016,56.494998931884766,113548,56.439998626708984
2026-05-18 10:25:00-04:00,56.375,56.459999084472656,56.3650016784668,56.435001373291016,156347,56.375
2026-05-18 10:30:00-04:00,56.220001220703125,56.39849853515625,56.200199127197266,56.380001068115234,323755,56.220001220703125
2026-05-18 10:35:00-04:00,56.26499938964844,56.279998779296875,56.15010070800781,56.220001220703125,160596,56.26499938964844
2026-05-18 10:40:00-04:00,56.30500030517578,56.334999084472656,56.20650100708008,56.2599983215332,217937,56.30500030517578
2026-05-18 10:45:00-04:00,56.220001220703125,56.302101135253906,56.19499969482422,56.29499816894531,83988,56.220001220703125
2026-05-18 10:50:00-04:00,56.2599983215332,56.314998626708984,56.19499969482422,56.21500015258789,124619,56.2599983215332
2026-05-18 10:55:00-04:00,56.29999923706055,56.310001373291016,56.25,56.26020050048828,188468,56.29999923706055
2026-05-18 11:00:00-04:00,56.279998779296875,56.334999084472656,56.23500061035156,56.29499816894531,228005,56.279998779296875
2026-05-18 11:05:00-04:00,56.209999084472656,56.28710174560547,56.20500183105469,56.27000045776367,104737,56.209999084472656
2026-05-18 11:10:00-04:00,56.275001525878906,56.28499984741211,56.20000076293945,56.20500183105469,116962,56.275001525878906
2026-05-18 11:15:00-04:00,56.19499969482422,56.275001525878906,56.18000030517578,56.26499938964844,202864,56.19499969482422
2026-05-18 11:20:00-04:00,56.189998626708984,56.220001220703125,56.16999816894531,56.18550109863281,40327,56.189998626708984
2026-05-18 11:25:00-04:00,56.1349983215332,56.239898681640625,56.1349983215332,56.185001373291016,132621,56.1349983215332
2026-05-18 11:30:00-04:00,56.2041015625,56.2041015625,56.11000061035156,56.1349983215332,83142,56.2041015625
2026-05-18 11:35:00-04:00,56.224998474121094,56.2599983215332,56.20500183105469,56.224998474121094,41999,56.224998474121094
2026-05-18 11:40:00-04:00,56.19499969482422,56.26499938964844,56.19499969482422,56.22850036621094,42169,56.19499969482422
2026-05-18 11:45:00-04:00,56.224998474121094,56.244998931884766,56.18009948730469,56.19990158081055,145062,56.224998474121094
2026-05-18 11:50:00-04:00,56.22999954223633,56.23500061035156,56.165000915527344,56.20500183105469,49742,56.22999954223633
2026-05-18 11:55:00-04:00,56.180999755859375,56.244998931884766,56.180999755859375,56.22999954223633,47758,56.180999755859375
2026-05-18 12:00:00-04:00,56.154998779296875,56.20000076293945,56.1349983215332,56.189998626708984,59670,56.154998779296875
2026-05-18 12:05:00-04:00,56.20000076293945,56.20000076293945,56.154998779296875,56.15999984741211,46416,56.20000076293945
2026-05-18 12:10:00-04:00,56.22999954223633,56.22999954223633,56.185001373291016,56.185001373291016,42501,56.22999954223633
2026-05-18 12:15:00-04:00,56.2400016784668,56.25,56.224998474121094,56.22999954223633,30730,56.2400016784668
2026-05-18 12:20:00-04:00,56.20000076293945,56.290000915527344,56.18000030517578,56.244998931884766,161237,56.20000076293945
2026-05-18 12:25:00-04:00,56.0453987121582,56.19499969482422,56.02989959716797,56.19499969482422,285864,56.0453987121582
2026-05-18 12:30:00-04:00,56.09000015258789,56.12009811401367,56.0,56.03499984741211,115091,56.09000015258789
2026-05-18 12:35:00-04:00,56.125,56.14500045776367,56.08000183105469,56.08000183105469,42707,56.125
2026-05-18 12:40:00-04:00,56.10900115966797,56.13330078125,56.099998474121094,56.12009811401367,44604,56.10900115966797
2026-05-18 12:45:00-04:00,56.1150016784668,56.126800537109375,56.09000015258789,56.11009979248047,26498,56.1150016784668
2026-05-18 12:50:00-04:00,56.22999954223633,56.22999954223633,56.1150016784668,56.119998931884766,59234,56.22999954223633
2026-05-18 12:55:00-04:00,56.209999084472656,56.2599983215332,56.20000076293945,56.239898681640625,99084,56.209999084472656
2026-05-18 13:00:00-04:00,56.20989990234375,56.220001220703125,56.160099029541016,56.20000076293945,82446,56.20989990234375
2026-05-18 13:05:00-04:00,56.224998474121094,56.249900817871094,56.20000076293945,56.21500015258789,37409,56.224998474121094
2026-05-18 13:10:00-04:00,56.20989990234375,56.25,56.20000076293945,56.224998474121094,70245,56.20989990234375
2026-05-18 13:15:00-04:00,56.21989822387695,56.22700119018555,56.189998626708984,56.20500183105469,72391,56.21989822387695
2026-05-18 13:20:00-04:00,56.18000030517578,56.220001220703125,56.160099029541016,56.220001220703125,77308,56.18000030517578
2026-05-18 13:25:00-04:00,56.220001220703125,56.220001220703125,56.16999816894531,56.16999816894531,58754,56.220001220703125
2026-05-18 13:30:00-04:00,56.185001373291016,56.220001220703125,56.16999816894531,56.21500015258789,58927,56.185001373291016
2026-05-18 13:35:00-04:00,56.17499923706055,56.189998626708984,56.16999816894531,56.185001373291016,53160,56.17499923706055
2026-05-18 13:40:00-04:00,56.22999954223633,56.249900817871094,56.17499923706055,56.179901123046875,60002,56.22999954223633
2026-05-18 13:45:00-04:00,56.1968994140625,56.224998474121094,56.17919921875,56.224998474121094,33200,56.1968994140625
2026-05-18 13:50:00-04:00,56.224998474121094,56.23899841308594,56.185001373291016,56.189998626708984,27320,56.224998474121094
2026-05-18 13:55:00-04:00,56.23500061035156,56.2400016784668,56.20500183105469,56.220001220703125,50269,56.23500061035156
2026-05-18 14:00:00-04:00,56.15999984741211,56.23500061035156,56.14500045776367,56.22999954223633,67203,56.15999984741211
2026-05-18 14:05:00-04:00,56.1349983215332,56.169898986816406,56.12990188598633,56.15999984741211,32315,56.1349983215332
2026-05-18 14:10:00-04:00,56.10499954223633,56.13999938964844,56.10499954223633,56.130001068115234,52881,56.10499954223633
2026-05-18 14:15:00-04:00,56.040000915527344,56.099998474121094,56.029998779296875,56.099998474121094,126128,56.040000915527344
2026-05-18 14:20:00-04:00,56.04999923706055,56.057098388671875,56.02000045776367,56.03499984741211,31523,56.04999923706055
2026-05-18 14:25:00-04:00,56.07500076293945,56.08000183105469,56.0,56.04499816894531,90569,56.07500076293945
2026-05-18 14:30:00-04:00,56.06999969482422,56.10499954223633,56.060001373291016,56.08000183105469,116314,56.06999969482422
2026-05-18 14:35:00-04:00,56.03879928588867,56.09000015258789,56.03340148925781,56.06999969482422,72691,56.03879928588867
2026-05-18 14:40:00-04:00,56.04999923706055,56.05500030517578,56.02000045776367,56.03499984741211,47478,56.04999923706055
2026-05-18 14:45:00-04:00,56.005001068115234,56.060001373291016,56.0,56.04499816894531,138134,56.005001068115234
2026-05-18 14:50:00-04:00,55.999900817871094,56.019901275634766,55.974998474121094,56.001399993896484,171311,55.999900817871094
2026-05-18 14:55:00-04:00,56.01499938964844,56.040000915527344,55.98500061035156,55.989898681640625,59616,56.01499938964844
2026-05-18 15:00:00-04:00,56.19499969482422,56.29499816894531,56.0099983215332,56.0099983215332,452371,56.19499969482422
2026-05-18 15:05:00-04:00,56.147701263427734,56.22999954223633,56.11000061035156,56.20000076293945,235698,56.147701263427734
2026-05-18 15:10:00-04:00,56.165000915527344,56.20500183105469,56.150001525878906,56.17499923706055,71669,56.165000915527344
2026-05-18 15:15:00-04:00,56.1150016784668,56.18000030517578,56.1150016784668,56.165000915527344,64746,56.1150016784668
2026-05-18 15:20:00-04:00,56.11000061035156,56.1598014831543,56.11000061035156,56.125,115379,56.11000061035156
2026-05-18 15:25:00-04:00,56.118099212646484,56.118099212646484,56.06999969482422,56.10499954223633,209970,56.118099212646484
2026-05-18 15:30:00-04:00,56.152000427246094,56.179901123046875,56.11000061035156,56.1150016784668,41764,56.152000427246094
2026-05-18 15:35:00-04:00,56.23500061035156,56.23500061035156,56.154998779296875,56.1599006652832,92837,56.23500061035156
2026-05-18 15:40:00-04:00,56.279998779296875,56.290000915527344,56.23500061035156,56.23500061035156,105533,56.279998779296875
2026-05-18 15:45:00-04:00,56.307701110839844,56.32659912109375,56.275001525878906,56.28139877319336,68206,56.307701110839844
2026-05-18 15:50:00-04:00,56.34989929199219,56.35499954223633,56.28990173339844,56.310001373291016,144205,56.34989929199219
2026-05-18 15:55:00-04:00,56.345001220703125,56.349998474121094,56.30500030517578,56.349998474121094,233993,56.345001220703125
2026-05-19 09:30:00-04:00,56.17499923706055,56.224998474121094,56.02000045776367,56.06999969482422,520020,56.17499923706055
2026-05-19 09:35:00-04:00,56.275001525878906,56.30500030517578,56.150001525878906,56.165000915527344,146993,56.275001525878906
2026-05-19 09:40:00-04:00,56.117401123046875,56.275001525878906,56.099998474121094,56.275001525878906,224941,56.117401123046875
2026-05-19 09:45:00-04:00,56.154998779296875,56.22999954223633,56.06010055541992,56.125,203830,56.154998779296875
2026-05-19 09:50:00-04:00,56.224998474121094,56.23509979248047,56.119998931884766,56.15999984741211,82936,56.224998474121094
2026-05-19 09:55:00-04:00,56.154998779296875,56.2599983215332,56.1349983215332,56.25,156450,56.154998779296875
2026-05-19 10:00:00-04:00,56.125,56.150001525878906,56.07500076293945,56.150001525878906,147592,56.125
2026-05-19 10:05:00-04:00,55.974998474121094,56.13999938964844,55.94499969482422,56.13990020751953,368598,55.974998474121094
2026-05-19 10:10:00-04:00,55.90299987792969,56.01679992675781,55.902000427246094,55.974998474121094,188613,55.90299987792969
2026-05-19 10:15:00-04:00,55.869998931884766,55.915000915527344,55.849998474121094,55.900001525878906,183453,55.869998931884766
2026-05-19 10:20:00-04:00,55.89500045776367,55.89500045776367,55.814998626708984,55.869998931884766,127656,55.89500045776367
2026-05-19 10:25:00-04:00,55.87990188598633,55.935001373291016,55.849998474121094,55.904998779296875,116130,55.87990188598633
2026-05-19 10:30:00-04:00,55.869998931884766,55.94499969482422,55.84000015258789,55.880001068115234,174791,55.869998931884766
2026-05-19 10:35:00-04:00,55.95069885253906,55.95989990234375,55.869998931884766,55.869998931884766,64879,55.95069885253906
2026-05-19 10:40:00-04:00,55.9202995300293,55.994998931884766,55.9099006652832,55.9286003112793,112487,55.9202995300293
2026-05-19 10:45:00-04:00,55.880001068115234,55.939998626708984,55.84000015258789,55.92499923706055,75618,55.880001068115234
2026-05-19 10:50:00-04:00,55.915000915527344,55.93989944458008,55.85499954223633,55.869998931884766,57537,55.915000915527344
2026-05-19 10:55:00-04:00,55.9900016784668,55.9900016784668,55.90999984741211,55.90999984741211,101725,55.9900016784668
2026-05-19 11:00:00-04:00,56.0098991394043,56.029998779296875,55.96500015258789,55.9900016784668,80146,56.0098991394043
2026-05-19 11:05:00-04:00,55.974998474121094,56.0099983215332,55.940101623535156,56.0099983215332,46910,55.974998474121094
2026-05-19 11:10:00-04:00,56.029998779296875,56.029998779296875,55.9900016784668,55.9900016784668,69659,56.029998779296875
2026-05-19 11:15:00-04:00,55.98500061035156,56.060001373291016,55.98500061035156,56.029998779296875,86172,55.98500061035156
2026-05-19 11:20:00-04:00,55.91999816894531,56.01499938964844,55.91999816894531,55.97999954223633,73952,55.91999816894531
2026-05-19 11:25:00-04:00,55.95500183105469,55.97999954223633,55.900001525878906,55.92499923706055,72773,55.95500183105469
2026-05-19 11:30:00-04:00,56.0,56.040000915527344,55.94499969482422,55.95000076293945,65599,56.0
2026-05-19 11:35:00-04:00,56.04499816894531,56.060001373291016,55.970001220703125,55.97999954223633,72509,56.04499816894531
2026-05-19 11:40:00-04:00,56.062801361083984,56.084999084472656,56.03499984741211,56.04999923706055,75760,56.062801361083984
2026-05-19 11:45:00-04:00,56.060001373291016,56.07500076293945,56.029300689697266,56.07500076293945,57759,56.060001373291016
2026-05-19 11:50:00-04:00,56.025001525878906,56.064998626708984,56.005001068115234,56.060001373291016,101135,56.025001525878906
2026-05-19 11:55:00-04:00,56.01499938964844,56.0166015625,55.974998474121094,56.0078010559082,99988,56.01499938964844
2026-05-19 12:00:00-04:00,56.08000183105469,56.095001220703125,56.01499938964844,56.02000045776367,59741,56.08000183105469
2026-05-19 12:05:00-04:00,56.0,56.08000183105469,56.0,56.07500076293945,99053,56.0
2026-05-19 12:10:00-04:00,56.0098991394043,56.029998779296875,55.9900016784668,56.005001068115234,90895,56.0098991394043
2026-05-19 12:15:00-04:00,56.06999969482422,56.08000183105469,56.0099983215332,56.02000045776367,59208,56.06999969482422
2026-05-19 12:20:00-04:00,56.09000015258789,56.09000015258789,56.05009841918945,56.06999969482422,64436,56.09000015258789
2026-05-19 12:25:00-04:00,56.132999420166016,56.150001525878906,56.09000015258789,56.09000015258789,78408,56.132999420166016
2026-05-19 12:30:00-04:00,56.17499923706055,56.18989944458008,56.130001068115234,56.1349983215332,91012,56.17499923706055
2026-05-19 12:35:00-04:00,56.20500183105469,56.209999084472656,56.15999984741211,56.185001373291016,49634,56.20500183105469
2026-05-19 12:40:00-04:00,56.22990036010742,56.22990036010742,56.20000076293945,56.201499938964844,112570,56.22990036010742
2026-05-19 12:45:00-04:00,56.220001220703125,56.23500061035156,56.20989990234375,56.23030090332031,91796,56.220001220703125
2026-05-19 12:50:00-04:00,56.275001525878906,56.279998779296875,56.209999084472656,56.220001220703125,53342,56.275001525878906
2026-05-19 12:55:00-04:00,56.26499938964844,56.28499984741211,56.255001068115234,56.275001525878906,82669,56.26499938964844
2026-05-19 13:00:00-04:00,56.30500030517578,56.314998626708984,56.26240158081055,56.27000045776367,61486,56.30500030517578
2026-05-19 13:05:00-04:00,56.32500076293945,56.329898834228516,56.29499816894531,56.310001373291016,27344,56.32500076293945
2026-05-19 13:10:00-04:00,56.32500076293945,56.334999084472656,56.310001373291016,56.32500076293945,38411,56.32500076293945
2026-05-19 13:15:00-04:00,56.35499954223633,56.36000061035156,56.33000183105469,56.33000183105469,52791,56.35499954223633
2026-05-19 13:20:00-04:00,56.36000061035156,56.3849983215332,56.349998474121094,56.35499954223633,27068,56.36000061035156
2026-05-19 13:25:00-04:00,56.330101013183594,56.3765983581543,56.314998626708984,56.375,112254,56.330101013183594
2026-05-19 13:30:00-04:00,56.339900970458984,56.380001068115234,56.334999084472656,56.334999084472656,43150,56.339900970458984
2026-05-19 13:35:00-04:00,56.35499954223633,56.3650016784668,56.334999084472656,56.334999084472656,56773,56.35499954223633
2026-05-19 13:40:00-04:00,56.345001220703125,56.3650016784668,56.34000015258789,56.35499954223633,39656,56.345001220703125
2026-05-19 13:45:00-04:00,56.311500549316406,56.34120178222656,56.28010177612305,56.34120178222656,73125,56.311500549316406
2026-05-19 13:50:00-04:00,56.27000045776367,56.314998626708984,56.244998931884766,56.310001373291016,53797,56.27000045776367
2026-05-19 13:55:00-04:00,56.31999969482422,56.32500076293945,56.279998779296875,56.279998779296875,32256,56.31999969482422
2026-05-19 14:00:00-04:00,56.334999084472656,56.345001220703125,56.31999969482422,56.33000183105469,64522,56.334999084472656
2026-05-19 14:05:00-04:00,56.359901428222656,56.36000061035156,56.34000015258789,56.345001220703125,38232,56.359901428222656
2026-05-19 14:10:00-04:00,56.334999084472656,56.36989974975586,56.334999084472656,56.35499954223633,29363,56.334999084472656
2026-05-19 14:15:00-04:00,56.314998626708984,56.334999084472656,56.310001373291016,56.33000183105469,22107,56.314998626708984
2026-05-19 14:20:00-04:00,56.290000915527344,56.314998626708984,56.2599983215332,56.314998626708984,48897,56.290000915527344
2026-05-19 14:25:00-04:00,56.26499938964844,56.314998626708984,56.26499938964844,56.29499816894531,49074,56.26499938964844
2026-05-19 14:30:00-04:00,56.28499984741211,56.29499816894531,56.255001068115234,56.25979995727539,16557,56.28499984741211
2026-05-19 14:35:00-04:00,56.2598991394043,56.310001373291016,56.2598991394043,56.290000915527344,65702,56.2598991394043
2026-05-19 14:40:00-04:00,56.25659942626953,56.27000045776367,56.2400016784668,56.255001068115234,41443,56.25659942626953
2026-05-19 14:45:00-04:00,56.269901275634766,56.269901275634766,56.22999954223633,56.2599983215332,38714,56.269901275634766
2026-05-19 14:50:00-04:00,56.21030044555664,56.26499938964844,56.21030044555664,56.2599983215332,55698,56.21030044555664
2026-05-19 14:55:00-04:00,56.19499969482422,56.209999084472656,56.179901123046875,56.209999084472656,43707,56.19499969482422
2026-05-19 15:00:00-04:00,56.20500183105469,56.22999954223633,56.189998626708984,56.189998626708984,24719,56.20500183105469
2026-05-19 15:05:00-04:00,56.255001068115234,56.2599983215332,56.20000076293945,56.220001220703125,58430,56.255001068115234
2026-05-19 15:10:00-04:00,56.310001373291016,56.31999969482422,56.255001068115234,56.255001068115234,64994,56.310001373291016
2026-05-19 15:15:00-04:00,56.25,56.314998626708984,56.25,56.310001373291016,69118,56.25
2026-05-19 15:20:00-04:00,56.17499923706055,56.255001068115234,56.17499923706055,56.25,63229,56.17499923706055
2026-05-19 15:25:00-04:00,56.21500015258789,56.220001220703125,56.154998779296875,56.16999816894531,108142,56.21500015258789
2026-05-19 15:30:00-04:00,56.20000076293945,56.25,56.19499969482422,56.220001220703125,58248,56.20000076293945
2026-05-19 15:35:00-04:00,56.179901123046875,56.209999084472656,56.165000915527344,56.209999084472656,136087,56.179901123046875
2026-05-19 15:40:00-04:00,56.1599006652832,56.18000030517578,56.15010070800781,56.18000030517578,108790,56.1599006652832
2026-05-19 15:45:00-04:00,56.14500045776367,56.165000915527344,56.13010025024414,56.165000915527344,123203,56.14500045776367
2026-05-19 15:50:00-04:00,56.09000015258789,56.15999984741211,56.084999084472656,56.13999938964844,286406,56.09000015258789
2026-05-19 15:55:00-04:00,56.14139938354492,56.14739990234375,56.07500076293945,56.084999084472656,408451,56.14139938354492
2026-05-20 09:30:00-04:00,55.736900329589844,55.757301330566406,55.66999816894531,55.67499923706055,1034579,55.736900329589844
2026-05-20 09:35:00-04:00,55.647098541259766,55.7400016784668,55.599998474121094,55.73500061035156,179660,55.647098541259766
2026-05-20 09:40:00-04:00,55.75,55.75,55.6150016784668,55.650001525878906,176903,55.75
2026-05-20 09:45:00-04:00,55.73500061035156,55.79990005493164,55.71500015258789,55.75,190448,55.73500061035156
2026-05-20 09:50:00-04:00,55.679901123046875,55.769901275634766,55.654998779296875,55.73500061035156,235489,55.679901123046875
2026-05-20 09:55:00-04:00,55.6879997253418,55.70000076293945,55.63800048828125,55.670101165771484,115385,55.6879997253418
2026-05-20 10:00:00-04:00,55.66999816894531,55.720001220703125,55.65999984741211,55.689998626708984,115881,55.66999816894531
2026-05-20 10:05:00-04:00,55.666500091552734,55.69990158081055,55.64139938354492,55.669898986816406,110490,55.666500091552734
2026-05-20 10:10:00-04:00,55.685001373291016,55.72999954223633,55.59000015258789,55.660099029541016,136240,55.685001373291016
2026-05-20 10:15:00-04:00,55.790000915527344,55.85499954223633,55.69499969482422,55.69499969482422,294908,55.790000915527344
2026-05-20 10:20:00-04:00,55.744998931884766,55.84989929199219,55.7400016784668,55.790000915527344,96544,55.744998931884766
2026-05-20 10:25:00-04:00,55.79999923706055,55.81990051269531,55.720001220703125,55.744998931884766,65274,55.79999923706055
2026-05-20 10:30:00-04:00,55.834999084472656,55.880001068115234,55.83000183105469,55.83000183105469,69095,55.834999084472656
2026-05-20 10:35:00-04:00,55.81340026855469,55.84000015258789,55.779998779296875,55.81999969482422,76900,55.81340026855469
2026-05-20 10:40:00-04:00,55.834999084472656,55.84000015258789,55.80509948730469,55.814998626708984,38029,55.834999084472656
2026-05-20 10:45:00-04:00,55.80500030517578,55.849998474121094,55.78499984741211,55.842498779296875,51388,55.80500030517578
2026-05-20 10:50:00-04:00,55.86000061035156,55.867000579833984,55.80009841918945,55.80500030517578,43368,55.86000061035156
2026-05-20 10:55:00-04:00,55.8849983215332,55.900001525878906,55.867401123046875,55.867401123046875,37169,55.8849983215332
2026-05-20 11:00:00-04:00,55.85749816894531,55.900001525878906,55.849998474121094,55.880001068115234,48944,55.85749816894531
2026-05-20 11:05:00-04:00,55.869998931884766,55.880699157714844,55.849998474121094,55.850101470947266,55996,55.869998931884766
2026-05-20 11:10:00-04:00,55.86989974975586,55.880001068115234,55.860801696777344,55.87229919433594,58079,55.86989974975586
2026-05-20 11:15:00-04:00,55.94499969482422,56.040000915527344,55.880001068115234,55.880001068115234,481859,55.94499969482422
2026-05-20 11:20:00-04:00,55.935001373291016,55.96900177001953,55.93000030517578,55.94329833984375,64081,55.935001373291016
2026-05-20 11:25:00-04:00,55.904998779296875,55.94499969482422,55.900001525878906,55.93280029296875,37616,55.904998779296875
2026-05-20 11:30:00-04:00,55.94499969482422,55.95000076293945,55.912498474121094,55.915000915527344,53202,55.94499969482422
2026-05-20 11:35:00-04:00,55.947200775146484,55.970001220703125,55.939998626708984,55.95500183105469,33174,55.947200775146484
2026-05-20 11:40:00-04:00,55.94499969482422,55.959999084472656,55.92499923706055,55.94499969482422,41829,55.94499969482422
2026-05-20 11:45:00-04:00,55.974998474121094,55.97999954223633,55.94499969482422,55.94499969482422,39866,55.974998474121094
2026-05-20 11:50:00-04:00,55.97999954223633,55.9900016784668,55.959999084472656,55.98500061035156,83459,55.97999954223633
2026-05-20 11:55:00-04:00,55.95500183105469,55.9900016784668,55.939998626708984,55.974998474121094,34414,55.95500183105469
2026-05-20 12:00:00-04:00,55.94499969482422,55.96989822387695,55.93000030517578,55.959999084472656,28598,55.94499969482422
2026-05-20 12:05:00-04:00,55.94499969482422,55.95830154418945,55.93000030517578,55.95000076293945,35370,55.94499969482422
2026-05-20 12:10:00-04:00,55.935001373291016,55.95500183105469,55.915000915527344,55.939998626708984,37357,55.935001373291016
2026-05-20 12:15:00-04:00,55.8849983215332,55.939998626708984,55.8849983215332,55.939998626708984,62465,55.8849983215332
2026-05-20 12:20:00-04:00,55.869998931884766,55.89500045776367,55.849998474121094,55.8849983215332,93541,55.869998931884766
2026-05-20 12:25:00-04:00,55.867000579833984,55.867000579833984,55.834999084472656,55.849998474121094,51213,55.867000579833984
2026-05-20 12:30:00-04:00,55.86009979248047,55.89659881591797,55.849998474121094,55.849998474121094,39051,55.86009979248047
2026-05-20 12:35:00-04:00,55.8650016784668,55.880001068115234,55.849998474121094,55.8650016784668,29505,55.8650016784668
2026-05-20 12:40:00-04:00,55.915000915527344,55.91680145263672,55.8650016784668,55.8650016784668,28374,55.915000915527344
2026-05-20 12:45:00-04:00,55.8849983215332,55.93000030517578,55.8650016784668,55.93000030517578,12663,55.8849983215332
2026-05-20 12:50:00-04:00,55.89500045776367,55.904998779296875,55.880001068115234,55.8849983215332,28081,55.89500045776367
2026-05-20 12:55:00-04:00,55.900001525878906,55.9099006652832,55.86000061035156,55.89500045776367,30067,55.900001525878906
2026-05-20 13:00:00-04:00,55.88669967651367,55.919898986816406,55.880001068115234,55.900001525878906,83256,55.88669967651367
2026-05-20 13:05:00-04:00,55.875,55.89699935913086,55.87009811401367,55.880001068115234,34242,55.875
2026-05-20 13:10:00-04:00,55.9275016784668,55.939998626708984,55.8650016784668,55.875,92031,55.9275016784668
2026-05-20 13:15:00-04:00,55.91699981689453,55.93000030517578,55.900001525878906,55.91999816894531,23014,55.91699981689453
2026-05-20 13:20:00-04:00,55.90650177001953,55.93000030517578,55.904998779296875,55.915000915527344,16593,55.90650177001953
2026-05-20 13:25:00-04:00,55.93989944458008,55.94649887084961,55.904998779296875,55.90999984741211,31722,55.93989944458008
2026-05-20 13:30:00-04:00,55.92499923706055,55.95000076293945,55.91999816894531,55.94499969482422,14367,55.92499923706055
2026-05-20 13:35:00-04:00,55.94499969482422,55.96500015258789,55.92499923706055,55.92499923706055,52703,55.94499969482422
2026-05-20 13:40:00-04:00,55.95500183105469,55.95500183105469,55.935001373291016,55.94499969482422,25954,55.95500183105469
2026-05-20 13:45:00-04:00,55.935001373291016,55.95500183105469,55.935001373291016,55.95000076293945,18838,55.935001373291016
2026-05-20 13:50:00-04:00,55.93989944458008,55.940101623535156,55.92210006713867,55.935001373291016,15944,55.93989944458008
2026-05-20 13:55:00-04:00,55.939998626708984,55.94499969482422,55.9275016784668,55.9275016784668,18444,55.939998626708984
2026-05-20 14:00:00-04:00,55.95500183105469,55.96500015258789,55.91999816894531,55.94499969482422,65339,55.95500183105469
2026-05-20 14:05:00-04:00,55.95500183105469,55.970001220703125,55.94499969482422,55.95500183105469,60281,55.95500183105469
2026-05-20 14:10:00-04:00,55.94990158081055,55.96500015258789,55.94150161743164,55.95500183105469,15701,55.94990158081055
2026-05-20 14:15:00-04:00,55.944000244140625,55.957298278808594,55.939998626708984,55.94499969482422,88433,55.944000244140625
2026-05-20 14:20:00-04:00,55.91999816894531,55.94990158081055,55.91999816894531,55.94499969482422,24821,55.91999816894531
2026-05-20 14:25:00-04:00,55.94499969482422,55.94499969482422,55.91999816894531,55.91999816894531,45543,55.94499969482422
2026-05-20 14:30:00-04:00,55.95500183105469,55.959999084472656,55.940101623535156,55.95500183105469,38032,55.95500183105469
2026-05-20 14:35:00-04:00,55.98500061035156,55.98720169067383,55.95009994506836,55.95500183105469,22414,55.98500061035156
2026-05-20 14:40:00-04:00,55.95000076293945,55.97999954223633,55.95000076293945,55.97999954223633,33781,55.95000076293945
2026-05-20 14:45:00-04:00,55.95000076293945,55.959999084472656,55.939998626708984,55.939998626708984,22627,55.95000076293945
2026-05-20 14:50:00-04:00,55.95000076293945,55.95650100708008,55.935001373291016,55.94499969482422,35834,55.95000076293945
2026-05-20 14:55:00-04:00,55.94200134277344,55.95500183105469,55.94200134277344,55.94269943237305,30287,55.94200134277344
2026-05-20 15:00:00-04:00,55.95000076293945,55.97999954223633,55.94499969482422,55.94499969482422,18721,55.95000076293945
2026-05-20 15:05:00-04:00,55.96500015258789,55.970001220703125,55.95000076293945,55.95000076293945,49938,55.96500015258789
2026-05-20 15:10:00-04:00,55.9900016784668,55.9900016784668,55.959999084472656,55.96500015258789,22988,55.9900016784668
2026-05-20 15:15:00-04:00,55.98500061035156,55.994998931884766,55.97999954223633,55.98500061035156,13839,55.98500061035156
2026-05-20 15:20:00-04:00,55.9901008605957,55.999900817871094,55.980098724365234,55.98500061035156,40705,55.9901008605957
2026-05-20 15:25:00-04:00,55.994998931884766,56.0,55.97999954223633,55.99700164794922,38295,55.994998931884766
2026-05-20 15:30:00-04:00,55.994998931884766,55.99769973754883,55.980098724365234,55.994998931884766,50966,55.994998931884766
2026-05-20 15:35:00-04:00,56.0,56.029998779296875,55.97999954223633,55.9900016784668,66809,56.0
2026-05-20 15:40:00-04:00,56.005001068115234,56.01499938964844,56.0,56.001399993896484,29519,56.005001068115234
2026-05-20 15:45:00-04:00,56.01499938964844,56.02989959716797,55.9901008605957,56.000099182128906,46355,56.01499938964844
2026-05-20 15:50:00-04:00,56.01499938964844,56.040000915527344,55.97999954223633,56.0099983215332,54223,56.01499938964844
2026-05-20 15:55:00-04:00,56.04499816894531,56.04499816894531,56.0,56.02000045776367,107415,56.04499816894531
2026-05-21 09:30:00-04:00,55.93000030517578,55.93000030517578,55.814998626708984,55.84000015258789,738777,55.93000030517578
2026-05-21 09:35:00-04:00,55.84000015258789,55.929298400878906,55.84000015258789,55.92499923706055,141688,55.84000015258789
2026-05-21 09:40:00-04:00,55.85499954223633,55.920101165771484,55.84000015258789,55.85860061645508,135525,55.85499954223633
2026-05-21 09:45:00-04:00,55.850101470947266,55.90999984741211,55.845001220703125,55.869998931884766,75587,55.850101470947266
2026-05-21 09:50:00-04:00,55.94850158691406,55.96500015258789,55.845001220703125,55.849998474121094,127200,55.94850158691406
2026-05-21 09:55:00-04:00,55.95610046386719,55.97999954223633,55.900001525878906,55.96009826660156,156996,55.95610046386719
2026-05-21 10:00:00-04:00,55.97999954223633,56.01499938964844,55.95000076293945,55.95000076293945,68448,55.97999954223633
2026-05-21 10:05:00-04:00,55.994998931884766,55.99720001220703,55.939998626708984,55.97999954223633,124540,55.994998931884766
2026-05-21 10:10:00-04:00,55.93000030517578,55.994998931884766,55.91999816894531,55.994998931884766,101841,55.93000030517578
2026-05-21 10:15:00-04:00,55.8400993347168,55.939998626708984,55.8400993347168,55.935001373291016,86877,55.8400993347168
2026-05-21 10:20:00-04:00,55.79999923706055,55.845001220703125,55.779300689697266,55.84000015258789,123574,55.79999923706055
2026-05-21 10:25:00-04:00,55.84000015258789,55.84000015258789,55.79010009765625,55.81010055541992,85439,55.84000015258789
2026-05-21 10:30:00-04:00,55.84989929199219,55.88999938964844,55.837501525878906,55.849998474121094,78694,55.84989929199219
2026-05-21 10:35:00-04:00,55.904998779296875,55.915000915527344,55.86199951171875,55.8650016784668,72965,55.904998779296875
2026-05-21 10:40:00-04:00,55.89500045776367,55.904998779296875,55.86000061035156,55.88999938964844,59595,55.89500045776367
2026-05-21 10:45:00-04:00,55.84000015258789,55.900001525878906,55.83000183105469,55.900001525878906,62999,55.84000015258789
2026-05-21 10:50:00-04:00,55.87990188598633,55.880001068115234,55.81990051269531,55.845001220703125,85586,55.87990188598633
2026-05-21 10:55:00-04:00,55.88999938964844,55.915000915527344,55.869998931884766,55.88999938964844,64534,55.88999938964844
2026-05-21 11:00:00-04:00,55.869998931884766,55.90999984741211,55.86000061035156,55.900001525878906,32094,55.869998931884766
2026-05-21 11:05:00-04:00,55.80139923095703,55.869998931884766,55.790000915527344,55.869998931884766,82341,55.80139923095703
2026-05-21 11:10:00-04:00,55.8922004699707,55.90999984741211,55.779998779296875,55.790000915527344,170487,55.8922004699707
2026-05-21 11:15:00-04:00,55.904998779296875,55.904998779296875,55.880001068115234,55.891700744628906,83267,55.904998779296875
2026-05-21 11:20:00-04:00,55.900001525878906,55.93000030517578,55.88999938964844,55.904998779296875,31497,55.900001525878906
2026-05-21 11:25:00-04:00,55.900001525878906,55.919898986816406,55.890098571777344,55.899898529052734,36941,55.900001525878906
2026-05-21 11:30:00-04:00,55.834999084472656,55.900001525878906,55.83000183105469,55.897499084472656,37788,55.834999084472656
2026-05-21 11:35:00-04:00,55.915000915527344,55.915000915527344,55.84000015258789,55.84000015258789,29401,55.915000915527344
2026-05-21 11:40:00-04:00,55.915000915527344,55.93709945678711,55.915000915527344,55.915000915527344,28729,55.915000915527344
2026-05-21 11:45:00-04:00,55.96500015258789,55.966400146484375,55.91999816894531,55.93000030517578,29725,55.96500015258789
2026-05-21 11:50:00-04:00,55.95500183105469,55.970001220703125,55.94499969482422,55.96500015258789,39479,55.95500183105469
2026-05-21 11:55:00-04:00,55.93080139160156,55.95500183105469,55.93000030517578,55.95500183105469,25520,55.93080139160156
2026-05-21 12:00:00-04:00,55.9536018371582,55.96900177001953,55.93000030517578,55.93000030517578,26318,55.9536018371582
2026-05-21 12:05:00-04:00,55.970001220703125,55.97999954223633,55.95000076293945,55.95500183105469,20605,55.970001220703125
2026-05-21 12:10:00-04:00,55.93949890136719,55.97999954223633,55.93000030517578,55.97999954223633,92334,55.93949890136719
2026-05-21 12:15:00-04:00,55.91999816894531,55.95000076293945,55.919898986816406,55.943599700927734,31779,55.91999816894531
2026-05-21 12:20:00-04:00,55.89500045776367,55.939998626708984,55.880001068115234,55.939998626708984,45612,55.89500045776367
2026-05-21 12:25:00-04:00,55.904998779296875,55.90999984741211,55.89500045776367,55.90999984741211,49992,55.904998779296875
2026-05-21 12:30:00-04:00,55.929901123046875,55.929901123046875,55.90010070800781,55.90010070800781,33077,55.929901123046875
2026-05-21 12:35:00-04:00,55.915000915527344,55.93989944458008,55.900001525878906,55.929901123046875,27292,55.915000915527344
2026-05-21 12:40:00-04:00,55.919898986816406,55.93000030517578,55.900001525878906,55.90999984741211,29054,55.919898986816406
2026-05-21 12:45:00-04:00,55.8849983215332,55.935001373291016,55.8849983215332,55.92499923706055,19844,55.8849983215332
2026-05-21 12:50:00-04:00,55.904998779296875,55.915000915527344,55.8650016784668,55.89500045776367,12314,55.904998779296875
2026-05-21 12:55:00-04:00,55.93000030517578,55.93000030517578,55.90340042114258,55.90449905395508,13092,55.93000030517578
2026-05-21 13:00:00-04:00,55.95500183105469,55.95989990234375,55.939998626708984,55.939998626708984,21521,55.95500183105469
2026-05-21 13:05:00-04:00,55.96500015258789,55.96989822387695,55.94499969482422,55.95500183105469,25599,55.96500015258789
2026-05-21 13:10:00-04:00,56.02730178833008,56.060001373291016,55.959999084472656,55.959999084472656,226231,56.02730178833008
2026-05-21 13:15:00-04:00,56.10499954223633,56.130001068115234,56.019901275634766,56.02000045776367,122898,56.10499954223633
2026-05-21 13:20:00-04:00,56.09989929199219,56.16999816894531,56.05500030517578,56.104000091552734,113401,56.09989929199219
2026-05-21 13:25:00-04:00,56.099998474121094,56.125,56.08110046386719,56.11000061035156,41175,56.099998474121094
2026-05-21 13:30:00-04:00,56.125,56.13999938964844,56.100101470947266,56.100101470947266,37810,56.125
2026-05-21 13:35:00-04:00,56.14500045776367,56.150001525878906,56.125,56.125,29082,56.14500045776367
2026-05-21 13:40:00-04:00,56.18000030517578,56.185001373291016,56.14979934692383,56.14979934692383,92857,56.18000030517578
2026-05-21 13:45:00-04:00,56.19499969482422,56.19499969482422,56.160099029541016,56.18000030517578,50056,56.19499969482422
2026-05-21 13:50:00-04:00,56.23500061035156,56.2400016784668,56.17499923706055,56.19499969482422,110850,56.23500061035156
2026-05-21 13:55:00-04:00,56.185001373291016,56.244998931884766,56.185001373291016,56.23500061035156,196467,56.185001373291016
2026-05-21 14:00:00-04:00,56.15999984741211,56.21770095825195,56.15999984741211,56.189998626708984,107569,56.15999984741211
2026-05-21 14:05:00-04:00,56.16999816894531,56.189998626708984,56.150001525878906,56.150001525878906,110994,56.16999816894531
2026-05-21 14:10:00-04:00,56.1349983215332,56.18000030517578,56.1349983215332,56.170101165771484,28979,56.1349983215332
2026-05-21 14:15:00-04:00,56.154998779296875,56.155799865722656,56.119998931884766,56.13999938964844,22595,56.154998779296875
2026-05-21 14:20:00-04:00,56.15999984741211,56.16999816894531,56.1349983215332,56.15999984741211,26146,56.15999984741211
2026-05-21 14:25:00-04:00,56.154998779296875,56.16630172729492,56.14500045776367,56.165000915527344,49762,56.154998779296875
2026-05-21 14:30:00-04:00,56.149898529052734,56.15999984741211,56.13999938964844,56.14500045776367,63001,56.149898529052734
2026-05-21 14:35:00-04:00,56.13010025024414,56.147098541259766,56.13010025024414,56.13999938964844,29060,56.13010025024414
2026-05-21 14:40:00-04:00,56.154998779296875,56.15999984741211,56.1349983215332,56.1349983215332,27991,56.154998779296875
2026-05-21 14:45:00-04:00,56.095001220703125,56.154998779296875,56.08000183105469,56.154998779296875,64926,56.095001220703125
2026-05-21 14:50:00-04:00,56.0,56.11920166015625,56.0,56.09989929199219,97353,56.0
2026-05-21 14:55:00-04:00,56.005001068115234,56.00899887084961,55.974998474121094,55.97999954223633,38446,56.005001068115234
2026-05-21 15:00:00-04:00,56.05500030517578,56.06990051269531,56.025001525878906,56.03499984741211,46244,56.05500030517578
2026-05-21 15:05:00-04:00,56.089900970458984,56.089900970458984,56.029998779296875,56.060001373291016,37802,56.089900970458984
2026-05-21 15:10:00-04:00,56.09000015258789,56.09989929199219,56.064998626708984,56.084999084472656,36903,56.09000015258789
2026-05-21 15:15:00-04:00,56.1150016784668,56.1150016784668,56.095001220703125,56.10499954223633,35663,56.1150016784668
2026-05-21 15:20:00-04:00,56.1150016784668,56.125,56.099998474121094,56.125,25402,56.1150016784668
2026-05-21 15:25:00-04:00,56.125,56.130001068115234,56.11000061035156,56.1150016784668,61463,56.125
2026-05-21 15:30:00-04:00,56.10499954223633,56.130001068115234,56.099998474121094,56.119998931884766,32101,56.10499954223633
2026-05-21 15:35:00-04:00,56.12009811401367,56.130001068115234,56.11000061035156,56.11000061035156,49084,56.12009811401367
2026-05-21 15:40:00-04:00,56.1150016784668,56.14500045776367,56.10499954223633,56.130001068115234,46308,56.1150016784668
2026-05-21 15:45:00-04:00,56.12929916381836,56.1349983215332,56.10499954223633,56.1150016784668,52298,56.12929916381836
2026-05-21 15:50:00-04:00,56.119998931884766,56.150001525878906,56.099998474121094,56.130001068115234,149409,56.119998931884766
2026-05-21 15:55:00-04:00,56.13999938964844,56.16999816894531,56.09000015258789,56.1150016784668,403047,56.13999938964844
2026-05-22 09:30:00-04:00,56.3849983215332,56.400001525878906,56.29999923706055,56.33000183105469,1024069,56.3849983215332
2026-05-22 09:35:00-04:00,56.439998626708984,56.44499969482422,56.375,56.38999938964844,617474,56.439998626708984
2026-05-22 09:40:00-04:00,56.3849983215332,56.45600128173828,56.35499954223633,56.435001373291016,415880,56.3849983215332
2026-05-22 09:45:00-04:00,56.375,56.4099006652832,56.36000061035156,56.38010025024414,119178,56.375
2026-05-22 09:50:00-04:00,56.3650016784668,56.37649917602539,56.33000183105469,56.375,138107,56.3650016784668
2026-05-22 09:55:00-04:00,56.386199951171875,56.386199951171875,56.33000183105469,56.3650016784668,63680,56.386199951171875
2026-05-22 10:00:00-04:00,56.310001373291016,56.380001068115234,56.279998779296875,56.380001068115234,452071,56.310001373291016
2026-05-22 10:05:00-04:00,56.30500030517578,56.314998626708984,56.25,56.310001373291016,113791,56.30500030517578
2026-05-22 10:10:00-04:00,56.30500030517578,56.33000183105469,56.290000915527344,56.310001373291016,93277,56.30500030517578
2026-05-22 10:15:00-04:00,56.29499816894531,56.345001220703125,56.290000915527344,56.305999755859375,80902,56.29499816894531
2026-05-22 10:20:00-04:00,56.25,56.29999923706055,56.2400016784668,56.29499816894531,88239,56.25
2026-05-22 10:25:00-04:00,56.30500030517578,56.30690002441406,56.25,56.255001068115234,51405,56.30500030517578
2026-05-22 10:30:00-04:00,56.3400993347168,56.349998474121094,56.29999923706055,56.31999969482422,80986,56.3400993347168
2026-05-22 10:35:00-04:00,56.36000061035156,56.3650016784668,56.334999084472656,56.34880065917969,64481,56.36000061035156
2026-05-22 10:40:00-04:00,56.38990020751953,56.38990020751953,56.35499954223633,56.35499954223633,55168,56.38990020751953
2026-05-22 10:45:00-04:00,56.3849983215332,56.38990020751953,56.36000061035156,56.38990020751953,35092,56.3849983215332
2026-05-22 10:50:00-04:00,56.37350082397461,56.38999938964844,56.36000061035156,56.38010025024414,70289,56.37350082397461
2026-05-22 10:55:00-04:00,56.39500045776367,56.4025993347168,56.369998931884766,56.380001068115234,92540,56.39500045776367
2026-05-22 11:00:00-04:00,56.42499923706055,56.42499923706055,56.39390182495117,56.39390182495117,146939,56.42499923706055
2026-05-22 11:05:00-04:00,56.439998626708984,56.439998626708984,56.42340087890625,56.42340087890625,64395,56.439998626708984
2026-05-22 11:10:00-04:00,56.435001373291016,56.45000076293945,56.43000030517578,56.442501068115234,67574,56.435001373291016
2026-05-22 11:15:00-04:00,56.44860076904297,56.45000076293945,56.43000030517578,56.435001373291016,90987,56.44860076904297
2026-05-22 11:20:00-04:00,56.42499923706055,56.45000076293945,56.41999816894531,56.44499969482422,86218,56.42499923706055
2026-05-22 11:25:00-04:00,56.45500183105469,56.459999084472656,56.422000885009766,56.42499923706055,85279,56.45500183105469
2026-05-22 11:30:00-04:00,56.439998626708984,56.46500015258789,56.439998626708984,56.45500183105469,103117,56.439998626708984
2026-05-22 11:35:00-04:00,56.44499969482422,56.45500183105469,56.43009948730469,56.439998626708984,40329,56.44499969482422
2026-05-22 11:40:00-04:00,56.44499969482422,56.45000076293945,56.43000030517578,56.439998626708984,32521,56.44499969482422
2026-05-22 11:45:00-04:00,56.41999816894531,56.44499969482422,56.41999816894531,56.44499969482422,40366,56.41999816894531
2026-05-22 11:50:00-04:00,56.439998626708984,56.439998626708984,56.415000915527344,56.415000915527344,76521,56.439998626708984
2026-05-22 11:55:00-04:00,56.45000076293945,56.45000076293945,56.43000030517578,56.45000076293945,28967,56.45000076293945
2026-05-22 12:00:00-04:00,56.439998626708984,56.45000076293945,56.42499923706055,56.439998626708984,52153,56.439998626708984
2026-05-22 12:05:00-04:00,56.42499923706055,56.439998626708984,56.42499923706055,56.435001373291016,61091,56.42499923706055
2026-05-22 12:10:00-04:00,56.438499450683594,56.439998626708984,56.42100143432617,56.43659973144531,28729,56.438499450683594
2026-05-22 12:15:00-04:00,56.400001525878906,56.438499450683594,56.400001525878906,56.438499450683594,53138,56.400001525878906
2026-05-22 12:20:00-04:00,56.4010009765625,56.419898986816406,56.400001525878906,56.404998779296875,35096,56.4010009765625
2026-05-22 12:25:00-04:00,56.415000915527344,56.41999816894531,56.38999938964844,56.400001525878906,52278,56.415000915527344
2026-05-22 12:30:00-04:00,56.40660095214844,56.439998626708984,56.40010070800781,56.41999816894531,43409,56.40660095214844
2026-05-22 12:35:00-04:00,56.39500045776367,56.419898986816406,56.39390182495117,56.40010070800781,38196,56.39500045776367
2026-05-22 12:40:00-04:00,56.400001525878906,56.4109992980957,56.38999938964844,56.40010070800781,60540,56.400001525878906
2026-05-22 12:45:00-04:00,56.404998779296875,56.419898986816406,56.40010070800781,56.404998779296875,44243,56.404998779296875
2026-05-22 12:50:00-04:00,56.42499923706055,56.42499923706055,56.40010070800781,56.409000396728516,26438,56.42499923706055
2026-05-22 12:55:00-04:00,56.43669891357422,56.439998626708984,56.415000915527344,56.429901123046875,49765,56.43669891357422
2026-05-22 13:00:00-04:00,56.45500183105469,56.459999084472656,56.435001373291016,56.43989944458008,72240,56.45500183105469
2026-05-22 13:05:00-04:00,56.45140075683594,56.46989822387695,56.45000076293945,56.45140075683594,59022,56.45140075683594
2026-05-22 13:10:00-04:00,56.45500183105469,56.459999084472656,56.45000076293945,56.45500183105469,15393,56.45500183105469
2026-05-22 13:15:00-04:00,56.400001525878906,56.46500015258789,56.400001525878906,56.45750045776367,101127,56.400001525878906
2026-05-22 13:20:00-04:00,56.439998626708984,56.439998626708984,56.404998779296875,56.404998779296875,159315,56.439998626708984
2026-05-22 13:25:00-04:00,56.4900016784668,56.4900016784668,56.439998626708984,56.44499969482422,252609,56.4900016784668
2026-05-22 13:30:00-04:00,56.45500183105469,56.505001068115234,56.45500183105469,56.5,103127,56.45500183105469
2026-05-22 13:35:00-04:00,56.474998474121094,56.479698181152344,56.44499969482422,56.46500015258789,24023,56.474998474121094
2026-05-22 13:40:00-04:00,56.46989822387695,56.470001220703125,56.459999084472656,56.46500015258789,40540,56.46989822387695
2026-05-22 13:45:00-04:00,56.45989990234375,56.46989822387695,56.451499938964844,56.46989822387695,21398,56.45989990234375
2026-05-22 13:50:00-04:00,56.43000030517578,56.45500183105469,56.41999816894531,56.45500183105469,67890,56.43000030517578
2026-05-22 13:55:00-04:00,56.435001373291016,56.45000076293945,56.420799255371094,56.43000030517578,57699,56.435001373291016
2026-05-22 14:00:00-04:00,56.41999816894531,56.43830108642578,56.400001525878906,56.435001373291016,225220,56.41999816894531
2026-05-22 14:05:00-04:00,56.432701110839844,56.439998626708984,56.41849899291992,56.41849899291992,38847,56.432701110839844
2026-05-22 14:10:00-04:00,56.41510009765625,56.439998626708984,56.40999984741211,56.438201904296875,21342,56.41510009765625
2026-05-22 14:15:00-04:00,56.42499923706055,56.429901123046875,56.400001525878906,56.419898986816406,36457,56.42499923706055
2026-05-22 14:20:00-04:00,56.42499923706055,56.43000030517578,56.410099029541016,56.415000915527344,34366,56.42499923706055
2026-05-22 14:25:00-04:00,56.415000915527344,56.42499923706055,56.41379928588867,56.42499923706055,12739,56.415000915527344
2026-05-22 14:30:00-04:00,56.400001525878906,56.419700622558594,56.400001525878906,56.415000915527344,47957,56.400001525878906
2026-05-22 14:35:00-04:00,56.4099006652832,56.415000915527344,56.380001068115234,56.40700149536133,128355,56.4099006652832
2026-05-22 14:40:00-04:00,56.42829895019531,56.429901123046875,56.413700103759766,56.415000915527344,32322,56.42829895019531
2026-05-22 14:45:00-04:00,56.40729904174805,56.429901123046875,56.400001525878906,56.429901123046875,16490,56.40729904174805
2026-05-22 14:50:00-04:00,56.419898986816406,56.41999816894531,56.400001525878906,56.400001525878906,132142,56.419898986816406
2026-05-22 14:55:00-04:00,56.404998779296875,56.419898986816406,56.40010070800781,56.415000915527344,21355,56.404998779296875
2026-05-22 15:00:00-04:00,56.380001068115234,56.415000915527344,56.349998474121094,56.404998779296875,165904,56.380001068115234
2026-05-22 15:05:00-04:00,56.359901428222656,56.375,56.3474006652832,56.37009811401367,20565,56.359901428222656
2026-05-22 15:10:00-04:00,56.34510040283203,56.3671989440918,56.345001220703125,56.36000061035156,18453,56.34510040283203
2026-05-22 15:15:00-04:00,56.34989929199219,56.349998474121094,56.320098876953125,56.345001220703125,26052,56.34989929199219
2026-05-22 15:20:00-04:00,56.32500076293945,56.34000015258789,56.31999969482422,56.34000015258789,12782,56.32500076293945
2026-05-22 15:25:00-04:00,56.290000915527344,56.32709884643555,56.290000915527344,56.320098876953125,49690,56.290000915527344
2026-05-22 15:30:00-04:00,56.314998626708984,56.31990051269531,56.279998779296875,56.28450012207031,39142,56.314998626708984
2026-05-22 15:35:00-04:00,56.31010055541992,56.33000183105469,56.29999923706055,56.31010055541992,36103,56.31010055541992
2026-05-22 15:40:00-04:00,56.30500030517578,56.33000183105469,56.290000915527344,56.33000183105469,45587,56.30500030517578
2026-05-22 15:45:00-04:00,56.290401458740234,56.29999923706055,56.275001525878906,56.29499816894531,43313,56.290401458740234
2026-05-22 15:50:00-04:00,56.28499984741211,56.310001373291016,56.279998779296875,56.290000915527344,48019,56.28499984741211
2026-05-22 15:55:00-04:00,56.29999923706055,56.32500076293945,56.29499816894531,56.29499816894531,91360,56.29999923706055
2026-05-26 09:30:00-04:00,56.64500045776367,56.72999954223633,56.630001068115234,56.70249938964844,1207453,56.64500045776367
2026-05-26 09:35:00-04:00,56.64250183105469,56.65999984741211,56.619998931884766,56.6349983215332,171747,56.64250183105469
2026-05-26 09:40:00-04:00,56.72990036010742,56.72999954223633,56.63999938964844,56.64500045776367,199437,56.72990036010742
2026-05-26 09:45:00-04:00,56.76499938964844,56.77669906616211,56.720001220703125,56.72990036010742,236863,56.76499938964844
2026-05-26 09:50:00-04:00,56.7484016418457,56.77000045776367,56.70500183105469,56.77000045776367,186640,56.7484016418457
2026-05-26 09:55:00-04:00,56.779998779296875,56.779998779296875,56.7400016784668,56.75,168144,56.779998779296875
2026-05-26 10:00:00-04:00,56.779998779296875,56.79999923706055,56.7599983215332,56.790000915527344,83148,56.779998779296875
2026-05-26 10:05:00-04:00,56.78499984741211,56.79999923706055,56.7599983215332,56.771400451660156,148998,56.78499984741211
2026-05-26 10:10:00-04:00,56.810001373291016,56.810001373291016,56.77009963989258,56.78499984741211,113119,56.810001373291016
2026-05-26 10:15:00-04:00,56.83000183105469,56.83000183105469,56.79499816894531,56.81679916381836,86941,56.83000183105469
2026-05-26 10:20:00-04:00,56.84000015258789,56.849998474121094,56.81930160522461,56.83000183105469,90130,56.84000015258789
2026-05-26 10:25:00-04:00,56.840999603271484,56.86000061035156,56.834999084472656,56.84000015258789,154068,56.840999603271484
2026-05-26 10:30:00-04:00,56.855499267578125,56.86000061035156,56.84000015258789,56.845001220703125,74847,56.855499267578125
2026-05-26 10:35:00-04:00,56.869998931884766,56.88999938964844,56.849998474121094,56.857601165771484,116305,56.869998931884766
2026-05-26 10:40:00-04:00,56.880001068115234,56.88999938964844,56.869998931884766,56.875,68117,56.880001068115234
2026-05-26 10:45:00-04:00,56.86000061035156,56.88999938964844,56.849998474121094,56.875,76492,56.86000061035156
2026-05-26 10:50:00-04:00,56.85710144042969,56.869998931884766,56.849998474121094,56.85499954223633,107756,56.85710144042969
2026-05-26 10:55:00-04:00,56.84000015258789,56.859901428222656,56.84000015258789,56.849998474121094,136295,56.84000015258789
2026-05-26 11:00:00-04:00,56.83000183105469,56.849998474121094,56.810001373291016,56.84000015258789,122455,56.83000183105469
2026-05-26 11:05:00-04:00,56.82500076293945,56.83000183105469,56.779998779296875,56.828399658203125,186613,56.82500076293945
2026-05-26 11:10:00-04:00,56.81999969482422,56.826499938964844,56.79499816894531,56.82500076293945,74076,56.81999969482422
2026-05-26 11:15:00-04:00,56.80500030517578,56.81999969482422,56.779998779296875,56.81999969482422,99566,56.80500030517578
2026-05-26 11:20:00-04:00,56.799800872802734,56.810001373291016,56.779998779296875,56.80699920654297,46332,56.799800872802734
2026-05-26 11:25:00-04:00,56.78219985961914,56.81999969482422,56.78219985961914,56.79999923706055,55648,56.78219985961914
2026-05-26 11:30:00-04:00,56.78499984741211,56.78990173339844,56.76100158691406,56.78499984741211,73467,56.78499984741211
2026-05-26 11:35:00-04:00,56.775001525878906,56.79999923706055,56.75,56.789798736572266,45062,56.775001525878906
2026-05-26 11:40:00-04:00,56.75,56.779998779296875,56.75,56.77009963989258,59456,56.75
2026-05-26 11:45:00-04:00,56.72999954223633,56.77000045776367,56.72010040283203,56.7599983215332,52056,56.72999954223633
2026-05-26 11:50:00-04:00,56.689998626708984,56.739898681640625,56.685001373291016,56.72999954223633,88767,56.689998626708984
2026-05-26 11:55:00-04:00,56.71500015258789,56.720001220703125,56.66999816894531,56.68000030517578,30560,56.71500015258789
2026-05-26 12:00:00-04:00,56.744998931884766,56.7599983215332,56.70500183105469,56.71500015258789,38127,56.744998931884766
2026-05-26 12:05:00-04:00,56.724998474121094,56.76499938964844,56.722999572753906,56.744998931884766,31895,56.724998474121094
2026-05-26 12:10:00-04:00,56.720001220703125,56.739898681640625,56.709999084472656,56.720001220703125,42549,56.720001220703125
2026-05-26 12:15:00-04:00,56.7400016784668,56.7400016784668,56.71500015258789,56.724998474121094,46466,56.7400016784668
2026-05-26 12:20:00-04:00,56.755001068115234,56.755001068115234,56.724998474121094,56.73500061035156,35584,56.755001068115234
2026-05-26 12:25:00-04:00,56.77989959716797,56.779998779296875,56.755001068115234,56.755001068115234,31260,56.77989959716797
2026-05-26 12:30:00-04:00,56.79499816894531,56.79999923706055,56.771400451660156,56.771400451660156,61722,56.79499816894531
2026-05-26 12:35:00-04:00,56.779998779296875,56.79999923706055,56.779998779296875,56.79899978637695,36933,56.779998779296875
2026-05-26 12:40:00-04:00,56.744998931884766,56.779998779296875,56.744998931884766,56.779998779296875,27450,56.744998931884766
2026-05-26 12:45:00-04:00,56.73500061035156,56.76499938964844,56.72999954223633,56.744998931884766,17987,56.73500061035156
2026-05-26 12:50:00-04:00,56.755001068115234,56.7599983215332,56.72999954223633,56.72999954223633,30498,56.755001068115234
2026-05-26 12:55:00-04:00,56.75,56.7599983215332,56.75,56.755001068115234,43715,56.75
2026-05-26 13:00:00-04:00,56.77989959716797,56.779998779296875,56.750099182128906,56.750099182128906,23675,56.77989959716797
2026-05-26 13:05:00-04:00,56.755001068115234,56.77730178833008,56.75,56.775001525878906,75249,56.755001068115234
2026-05-26 13:10:00-04:00,56.77000045776367,56.77989959716797,56.75,56.755001068115234,23723,56.77000045776367
2026-05-26 13:15:00-04:00,56.744998931884766,56.77640151977539,56.744998931884766,56.77640151977539,31741,56.744998931884766
2026-05-26 13:20:00-04:00,56.7400016784668,56.77000045776367,56.739898681640625,56.748600006103516,18761,56.7400016784668
2026-05-26 13:25:00-04:00,56.744998931884766,56.75,56.72999954223633,56.7400016784668,52811,56.744998931884766
2026-05-26 13:30:00-04:00,56.76499938964844,56.77000045776367,56.7400016784668,56.744998931884766,35082,56.76499938964844
2026-05-26 13:35:00-04:00,56.76499938964844,56.779998779296875,56.7599983215332,56.77000045776367,32133,56.76499938964844
2026-05-26 13:40:00-04:00,56.77000045776367,56.775001525878906,56.75,56.7599983215332,12855,56.77000045776367
2026-05-26 13:45:00-04:00,56.79010009765625,56.79499816894531,56.7599983215332,56.77000045776367,34632,56.79010009765625
2026-05-26 13:50:00-04:00,56.78499984741211,56.79690170288086,56.779998779296875,56.79690170288086,61288,56.78499984741211
2026-05-26 13:55:00-04:00,56.775001525878906,56.790000915527344,56.77000045776367,56.78499984741211,47498,56.775001525878906
2026-05-26 14:00:00-04:00,56.790000915527344,56.79499816894531,56.7599983215332,56.775001525878906,31527,56.790000915527344
2026-05-26 14:05:00-04:00,56.79499816894531,56.79990005493164,56.78499984741211,56.798099517822266,32068,56.79499816894531
2026-05-26 14:10:00-04:00,56.80500030517578,56.810001373291016,56.79499816894531,56.79499816894531,28691,56.80500030517578
2026-05-26 14:15:00-04:00,56.82500076293945,56.82500076293945,56.80500030517578,56.80509948730469,34480,56.82500076293945
2026-05-26 14:20:00-04:00,56.8286018371582,56.84000015258789,56.81010055541992,56.82500076293945,57715,56.8286018371582
2026-05-26 14:25:00-04:00,56.81999969482422,56.839698791503906,56.81999969482422,56.829898834228516,53413,56.81999969482422
2026-05-26 14:30:00-04:00,56.834999084472656,56.84000015258789,56.820098876953125,56.820098876953125,24720,56.834999084472656
2026-05-26 14:35:00-04:00,56.82500076293945,56.84000015258789,56.81999969482422,56.84000015258789,97814,56.82500076293945
2026-05-26 14:40:00-04:00,56.81990051269531,56.83000183105469,56.814998626708984,56.82500076293945,26819,56.81990051269531
2026-05-26 14:45:00-04:00,56.79999923706055,56.81990051269531,56.79999923706055,56.81719970703125,28211,56.79999923706055
2026-05-26 14:50:00-04:00,56.814998626708984,56.829898834228516,56.80500030517578,56.80500030517578,123299,56.814998626708984
2026-05-26 14:55:00-04:00,56.79499816894531,56.81999969482422,56.79499816894531,56.810001373291016,46098,56.79499816894531
2026-05-26 15:00:00-04:00,56.79999923706055,56.80500030517578,56.779998779296875,56.79499816894531,39917,56.79999923706055
2026-05-26 15:05:00-04:00,56.827999114990234,56.83000183105469,56.79499816894531,56.80009841918945,29740,56.827999114990234
2026-05-26 15:10:00-04:00,56.828399658203125,56.839900970458984,56.820098876953125,56.82500076293945,39476,56.828399658203125
2026-05-26 15:15:00-04:00,56.83720016479492,56.839698791503906,56.83000183105469,56.83000183105469,23948,56.83720016479492
2026-05-26 15:20:00-04:00,56.834999084472656,56.84000015258789,56.82500076293945,56.834999084472656,17755,56.834999084472656
2026-05-26 15:25:00-04:00,56.81999969482422,56.83700180053711,56.81999969482422,56.83000183105469,63204,56.81999969482422
2026-05-26 15:30:00-04:00,56.8400993347168,56.845001220703125,56.81999969482422,56.82500076293945,73246,56.8400993347168
2026-05-26 15:35:00-04:00,56.85499954223633,56.86000061035156,56.84000015258789,56.845001220703125,54025,56.85499954223633
2026-05-26 15:40:00-04:00,56.869998931884766,56.869998931884766,56.849998474121094,56.85499954223633,24091,56.869998931884766
2026-05-26 15:45:00-04:00,56.869998931884766,56.880001068115234,56.85499954223633,56.86000061035156,33935,56.869998931884766
2026-05-26 15:50:00-04:00,56.87990188598633,56.88999938964844,56.86000061035156,56.880001068115234,110682,56.87990188598633
2026-05-26 15:55:00-04:00,56.84000015258789,56.875,56.84000015258789,56.869998931884766,181041,56.84000015258789
2026-05-27 09:30:00-04:00,56.93000030517578,57.0,56.90999984741211,56.98500061035156,1078284,56.93000030517578
2026-05-27 09:35:00-04:00,56.8650016784668,56.935001373291016,56.8400993347168,56.929901123046875,327085,56.8650016784668
2026-05-27 09:40:00-04:00,56.7599983215332,56.849998474121094,56.749900817871094,56.84000015258789,395775,56.7599983215332
2026-05-27 09:45:00-04:00,56.78730010986328,56.810001373291016,56.720001220703125,56.7599983215332,162196,56.78730010986328
2026-05-27 09:50:00-04:00,56.814998626708984,56.86000061035156,56.77000045776367,56.78799819946289,183852,56.814998626708984
2026-05-27 09:55:00-04:00,56.845001220703125,56.849998474121094,56.775001525878906,56.81999969482422,116882,56.845001220703125
2026-05-27 10:00:00-04:00,56.87689971923828,56.88880157470703,56.82500076293945,56.8400993347168,128961,56.87689971923828
2026-05-27 10:05:00-04:00,56.80500030517578,56.86989974975586,56.78499984741211,56.8650016784668,203607,56.80500030517578
2026-05-27 10:10:00-04:00,56.80500030517578,56.810001373291016,56.77000045776367,56.810001373291016,123205,56.80500030517578
2026-05-27 10:15:00-04:00,56.82500076293945,56.845001220703125,56.79140090942383,56.80500030517578,76539,56.82500076293945
2026-05-27 10:20:00-04:00,56.755001068115234,56.83000183105469,56.75,56.82780075073242,81609,56.755001068115234
2026-05-27 10:25:00-04:00,56.70500183105469,56.75,56.6775016784668,56.75,242115,56.70500183105469
2026-05-27 10:30:00-04:00,56.72999954223633,56.73500061035156,56.66999816894531,56.70500183105469,208703,56.72999954223633
2026-05-27 10:35:00-04:00,56.78139877319336,56.790000915527344,56.728599548339844,56.728599548339844,99783,56.78139877319336
2026-05-27 10:40:00-04:00,56.78499984741211,56.814998626708984,56.76499938964844,56.78499984741211,100508,56.78499984741211
2026-05-27 10:45:00-04:00,56.77000045776367,56.810001373291016,56.76499938964844,56.78499984741211,159413,56.77000045776367
2026-05-27 10:50:00-04:00,56.78499984741211,56.799800872802734,56.775001525878906,56.775001525878906,44903,56.78499984741211
2026-05-27 10:55:00-04:00,56.724998474121094,56.78499984741211,56.71500015258789,56.779998779296875,58002,56.724998474121094
2026-05-27 11:00:00-04:00,56.72010040283203,56.7400016784668,56.70000076293945,56.72999954223633,129013,56.72010040283203
2026-05-27 11:05:00-04:00,56.744998931884766,56.74980163574219,56.69499969482422,56.71500015258789,53706,56.744998931884766
2026-05-27 11:10:00-04:00,56.73500061035156,56.769901275634766,56.73500061035156,56.749900817871094,66548,56.73500061035156
2026-05-27 11:15:00-04:00,56.689998626708984,56.739898681640625,56.689998626708984,56.739898681640625,73865,56.689998626708984
2026-05-27 11:20:00-04:00,56.709999084472656,56.709999084472656,56.67070007324219,56.685001373291016,70435,56.709999084472656
2026-05-27 11:25:00-04:00,56.72999954223633,56.72999954223633,56.709999084472656,56.709999084472656,26834,56.72999954223633
2026-05-27 11:30:00-04:00,56.7599983215332,56.77000045776367,56.7400016784668,56.7400016784668,77081,56.7599983215332
2026-05-27 11:35:00-04:00,56.70989990234375,56.77000045776367,56.70000076293945,56.755001068115234,118025,56.70989990234375
2026-05-27 11:40:00-04:00,56.68000030517578,56.71500015258789,56.68000030517578,56.70000076293945,138927,56.68000030517578
2026-05-27 11:45:00-04:00,56.690399169921875,56.709999084472656,56.66999816894531,56.689998626708984,69295,56.690399169921875
2026-05-27 11:50:00-04:00,56.71500015258789,56.72800064086914,56.685001373291016,56.70500183105469,65941,56.71500015258789
2026-05-27 11:55:00-04:00,56.724998474121094,56.73500061035156,56.69499969482422,56.709999084472656,35891,56.724998474121094
2026-05-27 12:00:00-04:00,56.720001220703125,56.75,56.709999084472656,56.720001220703125,67117,56.720001220703125
2026-05-27 12:05:00-04:00,56.7599983215332,56.7599983215332,56.720001220703125,56.720001220703125,75125,56.7599983215332
2026-05-27 12:10:00-04:00,56.789798736572266,56.79499816894531,56.763099670410156,56.76499938964844,27204,56.789798736572266
2026-05-27 12:15:00-04:00,56.779998779296875,56.79499816894531,56.77000045776367,56.78499984741211,27048,56.779998779296875
2026-05-27 12:20:00-04:00,56.80500030517578,56.80659866333008,56.78010177612305,56.78010177612305,27425,56.80500030517578
2026-05-27 12:25:00-04:00,56.7859992980957,56.809600830078125,56.775001525878906,56.80500030517578,24506,56.7859992980957
2026-05-27 12:30:00-04:00,56.77989959716797,56.79999923706055,56.775001525878906,56.7864990234375,27640,56.77989959716797
2026-05-27 12:35:00-04:00,56.80509948730469,56.810001373291016,56.78010177612305,56.78499984741211,35421,56.80509948730469
2026-05-27 12:40:00-04:00,56.82500076293945,56.829898834228516,56.80500030517578,56.810001373291016,17318,56.82500076293945
2026-05-27 12:45:00-04:00,56.84109878540039,56.845001220703125,56.82500076293945,56.83000183105469,31247,56.84109878540039
2026-05-27 12:50:00-04:00,56.800201416015625,56.845001220703125,56.79999923706055,56.84199905395508,33580,56.800201416015625
2026-05-27 12:55:00-04:00,56.78499984741211,56.79999923706055,56.77000045776367,56.79999923706055,20168,56.78499984741211
2026-05-27 13:00:00-04:00,56.76679992675781,56.78990173339844,56.76499938964844,56.78499984741211,32239,56.76679992675781
2026-05-27 13:05:00-04:00,56.69499969482422,56.77989959716797,56.69499969482422,56.77989959716797,23880,56.69499969482422
2026-05-27 13:10:00-04:00,56.71500015258789,56.724998474121094,56.69990158081055,56.69990158081055,30456,56.71500015258789
2026-05-27 13:15:00-04:00,56.73350143432617,56.7400016784668,56.709999084472656,56.720001220703125,18174,56.73350143432617
2026-05-27 13:20:00-04:00,56.76499938964844,56.769901275634766,56.73500061035156,56.7400016784668,20473,56.76499938964844
2026-05-27 13:25:00-04:00,56.75,56.77000045776367,56.75,56.76499938964844,12701,56.75
2026-05-27 13:30:00-04:00,56.76499938964844,56.775001525878906,56.75,56.75579833984375,30624,56.76499938964844
2026-05-27 13:35:00-04:00,56.77000045776367,56.790000915527344,56.76499938964844,56.769901275634766,28313,56.77000045776367
2026-05-27 13:40:00-04:00,56.742401123046875,56.775001525878906,56.742401123046875,56.77000045776367,25656,56.742401123046875
2026-05-27 13:45:00-04:00,56.75600051879883,56.7598991394043,56.7400016784668,56.744998931884766,13991,56.75600051879883
2026-05-27 13:50:00-04:00,56.77000045776367,56.779998779296875,56.76150131225586,56.76380157470703,13639,56.77000045776367
2026-05-27 13:55:00-04:00,56.775001525878906,56.790000915527344,56.77009963989258,56.77009963989258,11946,56.775001525878906
2026-05-27 14:00:00-04:00,56.77000045776367,56.779998779296875,56.76499938964844,56.769901275634766,14360,56.77000045776367
2026-05-27 14:05:00-04:00,56.78990173339844,56.79499816894531,56.76499938964844,56.77000045776367,15596,56.78990173339844
2026-05-27 14:10:00-04:00,56.779998779296875,56.79999923706055,56.779998779296875,56.785499572753906,14022,56.779998779296875
2026-05-27 14:15:00-04:00,56.80500030517578,56.80500030517578,56.79499816894531,56.79499816894531,12004,56.80500030517578
2026-05-27 14:20:00-04:00,56.829898834228516,56.83000183105469,56.79999923706055,56.79999923706055,16940,56.829898834228516
2026-05-27 14:25:00-04:00,56.845001220703125,56.849998474121094,56.83000183105469,56.83000183105469,21474,56.845001220703125
2026-05-27 14:30:00-04:00,56.845001220703125,56.856201171875,56.84000015258789,56.845001220703125,16214,56.845001220703125
2026-05-27 14:35:00-04:00,56.834999084472656,56.849998474121094,56.81999969482422,56.845001220703125,15744,56.834999084472656
2026-05-27 14:40:00-04:00,56.84000015258789,56.84989929199219,56.83449935913086,56.84000015258789,21907,56.84000015258789
2026-05-27 14:45:00-04:00,56.845001220703125,56.849998474121094,56.84000015258789,56.845001220703125,11464,56.845001220703125
2026-05-27 14:50:00-04:00,56.84000015258789,56.849998474121094,56.83000183105469,56.84989929199219,31224,56.84000015258789
2026-05-27 14:55:00-04:00,56.834999084472656,56.849998474121094,56.830101013183594,56.84000015258789,19610,56.834999084472656
2026-05-27 15:00:00-04:00,56.845001220703125,56.849998474121094,56.814998626708984,56.84000015258789,89037,56.845001220703125
2026-05-27 15:05:00-04:00,56.83549880981445,56.86000061035156,56.83000183105469,56.845001220703125,60369,56.83549880981445
2026-05-27 15:10:00-04:00,56.839900970458984,56.84510040283203,56.83000183105469,56.84000015258789,16559,56.839900970458984
2026-05-27 15:15:00-04:00,56.83760070800781,56.84510040283203,56.834999084472656,56.834999084472656,22285,56.83760070800781
2026-05-27 15:20:00-04:00,56.839900970458984,56.849998474121094,56.834999084472656,56.845001220703125,29626,56.839900970458984
2026-05-27 15:25:00-04:00,56.81809997558594,56.83549880981445,56.79999923706055,56.834999084472656,19422,56.81809997558594
2026-05-27 15:30:00-04:00,56.84000015258789,56.84000015258789,56.814998626708984,56.814998626708984,20652,56.84000015258789
2026-05-27 15:35:00-04:00,56.86000061035156,56.869998931884766,56.834999084472656,56.834999084472656,27145,56.86000061035156
2026-05-27 15:40:00-04:00,56.85499954223633,56.86000061035156,56.85390090942383,56.86000061035156,12564,56.85499954223633
2026-05-27 15:45:00-04:00,56.84000015258789,56.86000061035156,56.84000015258789,56.859901428222656,48277,56.84000015258789
2026-05-27 15:50:00-04:00,56.84000015258789,56.86000061035156,56.83000183105469,56.83000183105469,65948,56.84000015258789
2026-05-27 15:55:00-04:00,56.84000015258789,56.845001220703125,56.83000183105469,56.84000015258789,53758,56.84000015258789
2026-05-28 09:30:00-04:00,56.81840133666992,56.9099006652832,56.8036994934082,56.849998474121094,275180,56.81840133666992
2026-05-28 09:35:00-04:00,56.78499984741211,56.8213996887207,56.779998779296875,56.80500030517578,88469,56.78499984741211
2026-05-28 09:40:00-04:00,56.7599983215332,56.79999923706055,56.75,56.779998779296875,337360,56.7599983215332
2026-05-28 09:45:00-04:00,56.7401008605957,56.779998779296875,56.7400016784668,56.76499938964844,82458,56.7401008605957
2026-05-28 09:50:00-04:00,56.759300231933594,56.809898376464844,56.72999954223633,56.72999954223633,125766,56.759300231933594
2026-05-28 09:55:00-04:00,56.793399810791016,56.806800842285156,56.76259994506836,56.76499938964844,24681,56.793399810791016
2026-05-28 10:00:00-04:00,56.79669952392578,56.829898834228516,56.775001525878906,56.79499816894531,42011,56.79669952392578
2026-05-28 10:05:00-04:00,56.84989929199219,56.849998474121094,56.790000915527344,56.80550003051758,41456,56.84989929199219
2026-05-28 10:10:00-04:00,56.959999084472656,56.98500061035156,56.814998626708984,56.849998474121094,417856,56.959999084472656
2026-05-28 10:15:00-04:00,56.935001373291016,56.974998474121094,56.915000915527344,56.96500015258789,92319,56.935001373291016
2026-05-28 10:20:00-04:00,56.89500045776367,56.95000076293945,56.875,56.940101623535156,63073,56.89500045776367
2026-05-28 10:25:00-04:00,56.94200134277344,56.95000076293945,56.88999938964844,56.89500045776367,22623,56.94200134277344
2026-05-28 10:30:00-04:00,56.926998138427734,56.970001220703125,56.91999816894531,56.95000076293945,48310,56.926998138427734
2026-05-28 10:35:00-04:00,56.935001373291016,56.95000076293945,56.915000915527344,56.91999816894531,31505,56.935001373291016
2026-05-28 10:40:00-04:00,56.97999954223633,56.97999954223633,56.93109893798828,56.93109893798828,42417,56.97999954223633
2026-05-28 10:45:00-04:00,56.94990158081055,56.97999954223633,56.93000030517578,56.97999954223633,50243,56.94990158081055
2026-05-28 10:50:00-04:00,56.974998474121094,56.9900016784668,56.95000076293945,56.95000076293945,53563,56.974998474121094
2026-05-28 10:55:00-04:00,56.994998931884766,57.0,56.970001220703125,56.974998474121094,31040,56.994998931884766
2026-05-28 11:00:00-04:00,57.03990173339844,57.03990173339844,56.9900016784668,57.0,110635,57.03990173339844
2026-05-28 11:05:00-04:00,57.03499984741211,57.04999923706055,57.02000045776367,57.03139877319336,48142,57.03499984741211
2026-05-28 11:10:00-04:00,57.025001525878906,57.03990173339844,57.02000045776367,57.03340148925781,28945,57.025001525878906
2026-05-28 11:15:00-04:00,57.03900146484375,57.040000915527344,57.0099983215332,57.02989959716797,44003,57.03900146484375
2026-05-28 11:20:00-04:00,57.03390121459961,57.04999923706055,57.029998779296875,57.03499984741211,36741,57.03390121459961
2026-05-28 11:25:00-04:00,57.064998626708984,57.08000183105469,57.04140090942383,57.04990005493164,44290,57.064998626708984
2026-05-28 11:30:00-04:00,57.079898834228516,57.08000183105469,57.06010055541992,57.06010055541992,35245,57.079898834228516
2026-05-28 11:35:00-04:00,57.084999084472656,57.09000015258789,57.070098876953125,57.07500076293945,28357,57.084999084472656
2026-05-28 11:40:00-04:00,57.064998626708984,57.084999084472656,57.060001373291016,57.08000183105469,31485,57.064998626708984
2026-05-28 11:45:00-04:00,57.05500030517578,57.06999969482422,57.04999923706055,57.064998626708984,52828,57.05500030517578
2026-05-28 11:50:00-04:00,57.064998626708984,57.08000183105469,57.058998107910156,57.060001373291016,26339,57.064998626708984
2026-05-28 11:55:00-04:00,57.06990051269531,57.06999969482422,57.04999923706055,57.060001373291016,15886,57.06990051269531
2026-05-28 12:00:00-04:00,57.05630111694336,57.06999969482422,57.046199798583984,57.064998626708984,28576,57.05630111694336
2026-05-28 12:05:00-04:00,57.07609939575195,57.08000183105469,57.05009841918945,57.059898376464844,26743,57.07609939575195
2026-05-28 12:10:00-04:00,57.079898834228516,57.08000183105469,57.07500076293945,57.07500076293945,27304,57.079898834228516
2026-05-28 12:15:00-04:00,57.0900993347168,57.099998474121094,57.06999969482422,57.07500076293945,46637,57.0900993347168
2026-05-28 12:20:00-04:00,57.119998931884766,57.119998931884766,57.09000015258789,57.099998474121094,36295,57.119998931884766
2026-05-28 12:25:00-04:00,57.10860061645508,57.119998931884766,57.10499954223633,57.119998931884766,26050,57.10860061645508
2026-05-28 12:30:00-04:00,57.095001220703125,57.109901428222656,57.09000015258789,57.099998474121094,30395,57.095001220703125
2026-05-28 12:35:00-04:00,57.09000015258789,57.0984992980957,57.084999084472656,57.092098236083984,16374,57.09000015258789
2026-05-28 12:40:00-04:00,57.10499954223633,57.11000061035156,57.0900993347168,57.095001220703125,46004,57.10499954223633
2026-05-28 12:45:00-04:00,57.1150016784668,57.119998931884766,57.10499954223633,57.10900115966797,17165,57.1150016784668
2026-05-28 12:50:00-04:00,57.10499954223633,57.119998931884766,57.099998474121094,57.1150016784668,46784,57.10499954223633
2026-05-28 12:55:00-04:00,57.1349983215332,57.13610076904297,57.100101470947266,57.10499954223633,70245,57.1349983215332
2026-05-28 13:00:00-04:00,57.130001068115234,57.138999938964844,57.12009811401367,57.1349983215332,38289,57.130001068115234
2026-05-28 13:05:00-04:00,57.119998931884766,57.13999938964844,57.119998931884766,57.137001037597656,24872,57.119998931884766
2026-05-28 13:10:00-04:00,57.125,57.130001068115234,57.119998931884766,57.119998931884766,34649,57.125
2026-05-28 13:15:00-04:00,57.1150016784668,57.12689971923828,57.11000061035156,57.12689971923828,36012,57.1150016784668
2026-05-28 13:20:00-04:00,57.12670135498047,57.130001068115234,57.11009979248047,57.11669921875,21261,57.12670135498047
2026-05-28 13:25:00-04:00,57.1150016784668,57.12649917602539,57.11000061035156,57.12580108642578,45824,57.1150016784668
2026-05-28 13:30:00-04:00,57.095001220703125,57.11989974975586,57.095001220703125,57.1150016784668,32564,57.095001220703125
2026-05-28 13:35:00-04:00,57.1150016784668,57.119998931884766,57.0900993347168,57.095001220703125,25137,57.1150016784668
2026-05-28 13:40:00-04:00,57.125,57.130001068115234,57.112300872802734,57.1150016784668,27757,57.125
2026-05-28 13:45:00-04:00,57.13990020751953,57.13999938964844,57.125,57.130001068115234,25313,57.13990020751953
2026-05-28 13:50:00-04:00,57.14670181274414,57.150001525878906,57.13999938964844,57.13999938964844,32634,57.14670181274414
2026-05-28 13:55:00-04:00,57.125,57.14500045776367,57.119998931884766,57.14500045776367,35339,57.125
2026-05-28 14:00:00-04:00,57.1349983215332,57.1349983215332,57.119998931884766,57.12649917602539,23101,57.1349983215332
2026-05-28 14:05:00-04:00,57.1349983215332,57.13999938964844,57.130001068115234,57.13999938964844,11165,57.1349983215332
2026-05-28 14:10:00-04:00,57.11140060424805,57.130001068115234,57.11000061035156,57.130001068115234,31645,57.11140060424805
2026-05-28 14:15:00-04:00,57.117801666259766,57.125,57.099998474121094,57.11000061035156,57776,57.117801666259766
2026-05-28 14:20:00-04:00,57.125,57.125,57.11000061035156,57.1150016784668,7796,57.125
2026-05-28 14:25:00-04:00,57.125,57.12990188598633,57.119998931884766,57.12990188598633,12317,57.125
2026-05-28 14:30:00-04:00,57.11000061035156,57.12699890136719,57.11000061035156,57.12699890136719,31029,57.11000061035156
2026-05-28 14:35:00-04:00,57.11000061035156,57.119998931884766,57.099998474121094,57.119998931884766,29577,57.11000061035156
2026-05-28 14:40:00-04:00,57.10499954223633,57.11989974975586,57.099998474121094,57.10770034790039,20825,57.10499954223633
2026-05-28 14:45:00-04:00,57.09270095825195,57.11000061035156,57.09199905395508,57.10499954223633,10398,57.09270095825195
2026-05-28 14:50:00-04:00,57.11989974975586,57.119998931884766,57.09000015258789,57.095001220703125,23885,57.11989974975586
2026-05-28 14:55:00-04:00,57.11000061035156,57.125,57.11000061035156,57.1150016784668,27311,57.11000061035156
2026-05-28 15:00:00-04:00,57.109901428222656,57.11000061035156,57.09000015258789,57.10499954223633,17043,57.109901428222656
2026-05-28 15:05:00-04:00,57.1150016784668,57.119998931884766,57.10850143432617,57.11000061035156,17478,57.1150016784668
2026-05-28 15:10:00-04:00,57.10499954223633,57.11989974975586,57.099998474121094,57.1150016784668,23466,57.10499954223633
2026-05-28 15:15:00-04:00,57.0968017578125,57.099998474121094,57.084999084472656,57.099998474121094,50818,57.0968017578125
2026-05-28 15:20:00-04:00,57.095001220703125,57.099998474121094,57.09000015258789,57.095001220703125,11220,57.095001220703125
2026-05-28 15:25:00-04:00,57.11000061035156,57.11000061035156,57.095001220703125,57.095001220703125,27714,57.11000061035156
2026-05-28 15:30:00-04:00,57.116600036621094,57.119998931884766,57.10329818725586,57.10329818725586,22843,57.116600036621094
2026-05-28 15:35:00-04:00,57.12770080566406,57.12990188598633,57.11289978027344,57.1150016784668,23507,57.12770080566406
2026-05-28 15:40:00-04:00,57.1150016784668,57.125,57.11000061035156,57.125,23049,57.1150016784668
2026-05-28 15:45:00-04:00,57.1150016784668,57.130001068115234,57.099998474121094,57.11000061035156,48246,57.1150016784668
2026-05-28 15:50:00-04:00,57.09000015258789,57.1150016784668,57.09000015258789,57.11000061035156,140546,57.09000015258789
2026-05-28 15:55:00-04:00,57.10219955444336,57.109901428222656,57.09000015258789,57.099998474121094,172353,57.10219955444336
2026-05-29 09:30:00-04:00,57.19499969482422,57.25,57.189998626708984,57.220001220703125,398816,57.19499969482422
2026-05-29 09:35:00-04:00,57.2400016784668,57.25,57.19499969482422,57.19499969482422,119939,57.2400016784668
2026-05-29 09:40:00-04:00,57.27000045776367,57.279998779296875,57.244998931884766,57.244998931884766,132353,57.27000045776367
2026-05-29 09:45:00-04:00,57.29499816894531,57.30649948120117,57.27000045776367,57.279998779296875,140875,57.29499816894531
2026-05-29 09:50:00-04:00,57.314998626708984,57.33000183105469,57.290000915527344,57.29499816894531,105559,57.314998626708984
2026-05-29 09:55:00-04:00,57.31399917602539,57.329898834228516,57.29999923706055,57.3114013671875,58968,57.31399917602539
2026-05-29 10:00:00-04:00,57.32849884033203,57.349998474121094,57.314998626708984,57.33000183105469,51001,57.32849884033203
2026-05-29 10:05:00-04:00,57.310001373291016,57.34000015258789,57.297401428222656,57.33000183105469,86879,57.310001373291016
2026-05-29 10:10:00-04:00,57.28499984741211,57.31990051269531,57.26499938964844,57.290000915527344,66537,57.28499984741211
2026-05-29 10:15:00-04:00,57.23139953613281,57.28689956665039,57.22140121459961,57.28689956665039,82914,57.23139953613281
2026-05-29 10:20:00-04:00,57.220001220703125,57.2599983215332,57.220001220703125,57.23500061035156,77013,57.220001220703125
2026-05-29 10:25:00-04:00,57.224998474121094,57.22650146484375,57.1702995300293,57.20000076293945,77128,57.224998474121094
2026-05-29 10:30:00-04:00,57.25979995727539,57.25979995727539,57.209999084472656,57.230098724365234,107202,57.25979995727539
2026-05-29 10:35:00-04:00,57.181400299072266,57.25699996948242,57.181400299072266,57.251399993896484,31738,57.181400299072266
2026-05-29 10:40:00-04:00,57.12990188598633,57.18989944458008,57.119998931884766,57.18000030517578,81421,57.12990188598633
2026-05-29 10:45:00-04:00,57.130001068115234,57.150001525878906,57.100101470947266,57.119998931884766,55285,57.130001068115234
2026-05-29 10:50:00-04:00,57.16999816894531,57.224998474121094,57.125,57.130001068115234,210282,57.16999816894531
2026-05-29 10:55:00-04:00,57.19240188598633,57.22990036010742,57.17499923706055,57.17499923706055,51075,57.19240188598633
2026-05-29 11:00:00-04:00,57.20880126953125,57.21500015258789,57.185001373291016,57.20500183105469,40657,57.20880126953125
2026-05-29 11:05:00-04:00,57.22990036010742,57.22999954223633,57.18000030517578,57.20500183105469,28606,57.22990036010742
2026-05-29 11:10:00-04:00,57.255001068115234,57.2599983215332,57.224998474121094,57.224998474121094,46204,57.255001068115234
2026-05-29 11:15:00-04:00,57.23500061035156,57.2671012878418,57.22999954223633,57.2599983215332,27908,57.23500061035156
2026-05-29 11:20:00-04:00,57.22999954223633,57.2400016784668,57.190101623535156,57.224998474121094,17722,57.22999954223633
2026-05-29 11:25:00-04:00,57.224998474121094,57.25,57.209999084472656,57.224998474121094,45643,57.224998474121094
2026-05-29 11:30:00-04:00,57.23979949951172,57.25,57.224998474121094,57.2400016784668,49770,57.23979949951172
2026-05-29 11:35:00-04:00,57.244998931884766,57.255001068115234,57.224998474121094,57.244998931884766,33604,57.244998931884766
2026-05-29 11:40:00-04:00,57.20500183105469,57.244998931884766,57.20500183105469,57.244998931884766,36538,57.20500183105469
2026-05-29 11:45:00-04:00,57.19990158081055,57.21989822387695,57.19990158081055,57.21500015258789,22878,57.19990158081055
2026-05-29 11:50:00-04:00,57.220001220703125,57.23500061035156,57.20000076293945,57.220001220703125,14982,57.220001220703125
2026-05-29 11:55:00-04:00,57.209999084472656,57.220001220703125,57.20000076293945,57.220001220703125,19477,57.209999084472656
2026-05-29 12:00:00-04:00,57.244998931884766,57.25,57.20000076293945,57.20500183105469,20309,57.244998931884766
2026-05-29 12:05:00-04:00,57.275001525878906,57.2765007019043,57.2400016784668,57.244998931884766,37960,57.275001525878906
2026-05-29 12:10:00-04:00,57.275001525878906,57.28689956665039,57.26499938964844,57.275001525878906,30664,57.275001525878906
2026-05-29 12:15:00-04:00,57.255001068115234,57.28499984741211,57.250701904296875,57.275001525878906,31833,57.255001068115234
2026-05-29 12:20:00-04:00,57.269901275634766,57.279998779296875,57.255001068115234,57.255001068115234,16954,57.269901275634766
2026-05-29 12:25:00-04:00,57.244998931884766,57.2599983215332,57.2401008605957,57.2599983215332,26666,57.244998931884766
2026-05-29 12:30:00-04:00,57.26499938964844,57.266998291015625,57.22999954223633,57.2400016784668,120574,57.26499938964844
2026-05-29 12:35:00-04:00,57.27000045776367,57.279998779296875,57.255001068115234,57.269901275634766,94193,57.27000045776367
2026-05-29 12:40:00-04:00,57.261600494384766,57.290000915527344,57.2599983215332,57.279998779296875,19777,57.261600494384766
2026-05-29 12:45:00-04:00,57.255001068115234,57.26679992675781,57.25,57.26679992675781,36897,57.255001068115234
2026-05-29 12:50:00-04:00,57.2401008605957,57.255001068115234,57.23500061035156,57.25,31186,57.2401008605957
2026-05-29 12:55:00-04:00,57.23500061035156,57.244998931884766,57.22010040283203,57.244998931884766,20777,57.23500061035156
2026-05-29 13:00:00-04:00,57.239898681640625,57.255001068115234,57.23500061035156,57.2400016784668,28264,57.239898681640625
2026-05-29 13:05:00-04:00,57.244998931884766,57.25,57.230098724365234,57.23500061035156,25469,57.244998931884766
2026-05-29 13:10:00-04:00,57.23500061035156,57.25,57.22999954223633,57.244998931884766,29725,57.23500061035156
2026-05-29 13:15:00-04:00,57.23500061035156,57.2400016784668,57.230098724365234,57.23979949951172,20386,57.23500061035156
2026-05-29 13:20:00-04:00,57.224998474121094,57.2400016784668,57.20500183105469,57.23500061035156,77222,57.224998474121094
2026-05-29 13:25:00-04:00,57.21979904174805,57.224998474121094,57.20000076293945,57.224998474121094,14418,57.21979904174805
2026-05-29 13:30:00-04:00,57.20000076293945,57.220001220703125,57.20000076293945,57.220001220703125,28216,57.20000076293945
2026-05-29 13:35:00-04:00,57.21500015258789,57.220001220703125,57.20989990234375,57.21500015258789,23965,57.21500015258789
2026-05-29 13:40:00-04:00,57.19499969482422,57.21989822387695,57.190101623535156,57.21329879760742,13302,57.19499969482422
2026-05-29 13:45:00-04:00,57.19499969482422,57.20000076293945,57.190101623535156,57.19499969482422,25403,57.19499969482422
2026-05-29 13:50:00-04:00,57.185001373291016,57.20989990234375,57.185001373291016,57.19499969482422,34833,57.185001373291016
2026-05-29 13:55:00-04:00,57.150001525878906,57.18000030517578,57.14500045776367,57.18000030517578,36929,57.150001525878906
2026-05-29 14:00:00-04:00,57.169898986816406,57.169898986816406,57.14229965209961,57.14229965209961,27219,57.169898986816406
2026-05-29 14:05:00-04:00,57.190101623535156,57.19499969482422,57.16999816894531,57.16999816894531,18147,57.190101623535156
2026-05-29 14:10:00-04:00,57.185001373291016,57.20970153808594,57.18000030517578,57.19499969482422,13994,57.185001373291016
2026-05-29 14:15:00-04:00,57.19499969482422,57.19499969482422,57.172298431396484,57.185001373291016,18297,57.19499969482422
2026-05-29 14:20:00-04:00,57.20500183105469,57.20500183105469,57.19499969482422,57.19499969482422,10747,57.20500183105469
2026-05-29 14:25:00-04:00,57.22010040283203,57.22999954223633,57.20500183105469,57.209999084472656,23999,57.22010040283203
2026-05-29 14:30:00-04:00,57.244998931884766,57.244998931884766,57.224998474121094,57.224998474121094,20077,57.244998931884766
2026-05-29 14:35:00-04:00,57.21989822387695,57.25,57.209999084472656,57.244998931884766,26053,57.21989822387695
2026-05-29 14:40:00-04:00,57.22370147705078,57.22999954223633,57.21500015258789,57.21500015258789,12547,57.22370147705078
2026-05-29 14:45:00-04:00,57.18989944458008,57.222900390625,57.17499923706055,57.222900390625,84802,57.18989944458008
2026-05-29 14:50:00-04:00,57.185001373291016,57.19499969482422,57.165000915527344,57.189701080322266,45421,57.185001373291016
2026-05-29 14:55:00-04:00,57.15999984741211,57.18989944458008,57.15999984741211,57.185001373291016,30365,57.15999984741211
2026-05-29 15:00:00-04:00,57.185001373291016,57.185001373291016,57.16019821166992,57.17499923706055,15935,57.185001373291016
2026-05-29 15:05:00-04:00,57.20690155029297,57.209999084472656,57.18899917602539,57.189998626708984,17895,57.20690155029297
2026-05-29 15:10:00-04:00,57.20899963378906,57.209999084472656,57.20000076293945,57.20500183105469,20205,57.20899963378906
2026-05-29 15:15:00-04:00,57.20500183105469,57.209999084472656,57.190101623535156,57.20989990234375,27811,57.20500183105469
2026-05-29 15:20:00-04:00,57.21500015258789,57.220001220703125,57.20000076293945,57.20500183105469,17439,57.21500015258789
2026-05-29 15:25:00-04:00,57.224998474121094,57.22999954223633,57.20000076293945,57.21500015258789,26884,57.224998474121094
2026-05-29 15:30:00-04:00,57.244998931884766,57.244998931884766,57.224998474121094,57.22999954223633,20927,57.244998931884766
2026-05-29 15:35:00-04:00,57.269901275634766,57.27000045776367,57.249900817871094,57.25,58031,57.269901275634766
2026-05-29 15:40:00-04:00,57.26499938964844,57.279998779296875,57.2599983215332,57.26499938964844,48183,57.26499938964844
2026-05-29 15:45:00-04:00,57.275001525878906,57.27799987792969,57.255001068115234,57.26499938964844,26688,57.275001525878906
2026-05-29 15:50:00-04:00,57.244998931884766,57.275001525878906,57.2400016784668,57.275001525878906,95798,57.244998931884766
2026-05-29 15:55:00-04:00,57.244998931884766,57.255001068115234,57.230098724365234,57.25,122194,57.244998931884766
2026-06-01 09:30:00-04:00,57.21839904785156,57.255001068115234,57.13999938964844,57.20000076293945,971655,57.21839904785156
2026-06-01 09:35:00-04:00,57.29100036621094,57.32500076293945,57.20500183105469,57.20500183105469,159657,57.29100036621094
2026-06-01 09:40:00-04:00,57.26499938964844,57.314998626708984,57.244998931884766,57.29499816894531,123120,57.26499938964844
2026-06-01 09:45:00-04:00,57.275001525878906,57.33000183105469,57.26499938964844,57.2760009765625,99934,57.275001525878906
2026-06-01 09:50:00-04:00,57.209999084472656,57.30500030517578,57.20000076293945,57.27989959716797,140489,57.209999084472656
2026-06-01 09:55:00-04:00,57.099998474121094,57.209999084472656,57.09000015258789,57.207801818847656,140788,57.099998474121094
2026-06-01 10:00:00-04:00,57.09000015258789,57.13999938964844,57.084999084472656,57.10499954223633,142543,57.09000015258789
2026-06-01 10:05:00-04:00,57.20000076293945,57.209999084472656,57.095001220703125,57.095001220703125,106855,57.20000076293945
2026-06-01 10:10:00-04:00,57.17499923706055,57.20500183105469,57.154998779296875,57.20000076293945,131275,57.17499923706055
2026-06-01 10:15:00-04:00,57.18989944458008,57.22999954223633,57.15999984741211,57.1786003112793,75104,57.18989944458008
2026-06-01 10:20:00-04:00,57.255001068115234,57.27000045776367,57.20500183105469,57.20500183105469,74519,57.255001068115234
2026-06-01 10:25:00-04:00,57.217098236083984,57.255001068115234,57.209800720214844,57.25,106831,57.217098236083984
2026-06-01 10:30:00-04:00,57.2599983215332,57.279998779296875,57.19850158691406,57.21500015258789,51673,57.2599983215332
2026-06-01 10:35:00-04:00,57.25,57.279998779296875,57.232200622558594,57.269901275634766,47269,57.25
2026-06-01 10:40:00-04:00,57.278099060058594,57.27989959716797,57.244998931884766,57.249900817871094,28282,57.278099060058594
2026-06-01 10:45:00-04:00,57.290000915527344,57.30500030517578,57.255001068115234,57.275001525878906,62572,57.290000915527344
2026-06-01 10:50:00-04:00,57.28990173339844,57.30500030517578,57.275001525878906,57.28990173339844,31697,57.28990173339844
2026-06-01 10:55:00-04:00,57.290000915527344,57.297401428222656,57.260101318359375,57.28499984741211,34370,57.290000915527344
2026-06-01 11:00:00-04:00,57.28990173339844,57.310001373291016,57.279998779296875,57.29999923706055,47224,57.28990173339844
2026-06-01 11:05:00-04:00,57.29499816894531,57.326499938964844,57.27000045776367,57.28499984741211,79479,57.29499816894531
2026-06-01 11:10:00-04:00,57.314998626708984,57.31990051269531,57.27000045776367,57.29899978637695,43409,57.314998626708984
2026-06-01 11:15:00-04:00,57.339900970458984,57.349998474121094,57.314998626708984,57.31990051269531,36058,57.339900970458984
2026-06-01 11:20:00-04:00,57.36859893798828,57.37779998779297,57.345001220703125,57.345001220703125,52178,57.36859893798828
2026-06-01 11:25:00-04:00,57.36159896850586,57.369998931884766,57.334999084472656,57.36000061035156,49488,57.36159896850586
2026-06-01 11:30:00-04:00,57.43000030517578,57.45989990234375,57.36000061035156,57.365699768066406,163515,57.43000030517578
2026-06-01 11:35:00-04:00,57.44990158081055,57.46500015258789,57.439998626708984,57.439998626708984,73719,57.44990158081055
2026-06-01 11:40:00-04:00,57.44990158081055,57.45989990234375,57.42499923706055,57.440101623535156,56506,57.44990158081055
2026-06-01 11:45:00-04:00,57.404998779296875,57.44499969482422,57.404998779296875,57.44499969482422,65354,57.404998779296875
2026-06-01 11:50:00-04:00,57.42499923706055,57.43000030517578,57.38999938964844,57.40999984741211,38262,57.42499923706055
2026-06-01 11:55:00-04:00,57.3849983215332,57.42499923706055,57.38010025024414,57.42499923706055,122975,57.3849983215332
2026-06-01 12:00:00-04:00,57.404998779296875,57.43989944458008,57.39500045776367,57.39500045776367,94476,57.404998779296875
2026-06-01 12:05:00-04:00,57.397098541259766,57.404998779296875,57.380001068115234,57.404998779296875,25205,57.397098541259766
2026-06-01 12:10:00-04:00,57.35499954223633,57.39500045776367,57.3489990234375,57.39500045776367,34929,57.35499954223633
2026-06-01 12:15:00-04:00,57.34510040283203,57.36790084838867,57.314998626708984,57.3650016784668,101151,57.34510040283203
2026-06-01 12:20:00-04:00,57.38349914550781,57.38999938964844,57.34400177001953,57.34400177001953,31377,57.38349914550781
2026-06-01 12:25:00-04:00,57.404998779296875,57.40999984741211,57.38010025024414,57.3849983215332,68486,57.404998779296875
2026-06-01 12:30:00-04:00,57.435001373291016,57.439998626708984,57.40999984741211,57.40999984741211,50439,57.435001373291016
2026-06-01 12:35:00-04:00,57.439998626708984,57.45000076293945,57.415000915527344,57.435001373291016,41845,57.439998626708984
2026-06-01 12:40:00-04:00,57.42499923706055,57.446800231933594,57.41999816894531,57.44499969482422,34798,57.42499923706055
2026-06-01 12:45:00-04:00,57.43000030517578,57.43000030517578,57.400001525878906,57.42499923706055,31065,57.43000030517578
2026-06-01 12:50:00-04:00,57.48500061035156,57.4900016784668,57.41999816894531,57.425498962402344,22414,57.48500061035156
2026-06-01 12:55:00-04:00,57.499900817871094,57.5099983215332,57.47999954223633,57.4900016784668,68100,57.499900817871094
2026-06-01 13:00:00-04:00,57.46500015258789,57.505001068115234,57.459999084472656,57.5,56429,57.46500015258789
2026-06-01 13:05:00-04:00,57.439998626708984,57.470001220703125,57.439998626708984,57.459999084472656,31767,57.439998626708984
2026-06-01 13:10:00-04:00,57.450199127197266,57.46989822387695,57.44499969482422,57.44499969482422,20475,57.450199127197266
2026-06-01 13:15:00-04:00,57.45000076293945,57.470001220703125,57.44499969482422,57.45989990234375,24105,57.45000076293945
2026-06-01 13:20:00-04:00,57.470001220703125,57.47700119018555,57.45500183105469,57.459999084472656,24743,57.470001220703125
2026-06-01 13:25:00-04:00,57.529998779296875,57.529998779296875,57.45000076293945,57.46989822387695,93945,57.529998779296875
2026-06-01 13:30:00-04:00,57.5,57.55500030517578,57.48849868774414,57.529998779296875,55598,57.5
2026-06-01 13:35:00-04:00,57.53499984741211,57.53990173339844,57.485599517822266,57.494998931884766,56883,57.53499984741211
2026-06-01 13:40:00-04:00,57.60499954223633,57.650001525878906,57.525001525878906,57.53499984741211,369987,57.60499954223633
2026-06-01 13:45:00-04:00,57.629398345947266,57.650001525878906,57.61000061035156,57.61000061035156,198588,57.629398345947266
2026-06-01 13:50:00-04:00,57.654998779296875,57.65999984741211,57.625,57.630001068115234,29340,57.654998779296875
2026-06-01 13:55:00-04:00,57.6349983215332,57.6599006652832,57.625,57.6526985168457,27874,57.6349983215332
2026-06-01 14:00:00-04:00,57.62649917602539,57.6349983215332,57.619998931884766,57.6349983215332,16674,57.62649917602539
2026-06-01 14:05:00-04:00,57.6150016784668,57.630001068115234,57.61000061035156,57.62990188598633,30044,57.6150016784668
2026-06-01 14:10:00-04:00,57.57500076293945,57.61989974975586,57.572898864746094,57.6150016784668,73965,57.57500076293945
2026-06-01 14:15:00-04:00,57.595001220703125,57.599998474121094,57.57149887084961,57.57899856567383,54000,57.595001220703125
2026-06-01 14:20:00-04:00,57.595001220703125,57.61000061035156,57.59270095825195,57.595001220703125,45501,57.595001220703125
2026-06-01 14:25:00-04:00,57.595001220703125,57.599998474121094,57.59000015258789,57.599998474121094,27342,57.595001220703125
2026-06-01 14:30:00-04:00,57.607398986816406,57.607398986816406,57.58000183105469,57.599998474121094,38990,57.607398986816406
2026-06-01 14:35:00-04:00,57.584999084472656,57.61000061035156,57.584999084472656,57.60499954223633,22689,57.584999084472656
2026-06-01 14:40:00-04:00,57.59000015258789,57.59000015258789,57.58000183105469,57.584999084472656,22551,57.59000015258789
2026-06-01 14:45:00-04:00,57.57500076293945,57.59000015258789,57.56999969482422,57.589900970458984,32618,57.57500076293945
2026-06-01 14:50:00-04:00,57.57500076293945,57.57500076293945,57.560001373291016,57.57500076293945,18240,57.57500076293945
2026-06-01 14:55:00-04:00,57.57500076293945,57.599998474121094,57.570098876953125,57.574501037597656,37521,57.57500076293945
2026-06-01 15:00:00-04:00,57.57500076293945,57.57500076293945,57.55500030517578,57.56999969482422,36275,57.57500076293945
2026-06-01 15:05:00-04:00,57.58000183105469,57.59000015258789,57.563201904296875,57.584999084472656,32664,57.58000183105469
2026-06-01 15:10:00-04:00,57.584999084472656,57.599998474121094,57.57500076293945,57.582000732421875,22553,57.584999084472656
2026-06-01 15:15:00-04:00,57.564998626708984,57.584999084472656,57.560001373291016,57.584999084472656,32378,57.564998626708984
2026-06-01 15:20:00-04:00,57.564998626708984,57.56999969482422,57.560001373291016,57.564998626708984,9798,57.564998626708984
2026-06-01 15:25:00-04:00,57.564998626708984,57.56999969482422,57.560001373291016,57.564998626708984,35431,57.564998626708984
2026-06-01 15:30:00-04:00,57.52009963989258,57.564998626708984,57.52009963989258,57.564998626708984,28055,57.52009963989258
2026-06-01 15:35:00-04:00,57.529998779296875,57.529998779296875,57.5099983215332,57.525001525878906,36485,57.529998779296875
2026-06-01 15:40:00-04:00,57.51499938964844,57.525001525878906,57.5099983215332,57.525001525878906,26494,57.51499938964844
2026-06-01 15:45:00-04:00,57.494998931884766,57.52000045776367,57.4900016784668,57.51499938964844,60788,57.494998931884766
2026-06-01 15:50:00-04:00,57.489898681640625,57.5,57.470001220703125,57.494998931884766,122704,57.489898681640625
2026-06-01 15:55:00-04:00,57.470001220703125,57.48500061035156,57.459999084472656,57.474998474121094,53805,57.470001220703125
2026-06-02 09:30:00-04:00,57.3650016784668,57.5,57.349998474121094,57.47999954223633,641075,57.3650016784668
2026-06-02 09:35:00-04:00,57.345001220703125,57.375,57.32500076293945,57.36000061035156,210326,57.345001220703125
2026-06-02 09:40:00-04:00,57.393001556396484,57.393001556396484,57.28499984741211,57.34000015258789,90725,57.393001556396484
2026-06-02 09:45:00-04:00,57.46500015258789,57.46500015258789,57.39500045776367,57.39500045776367,105002,57.46500015258789
2026-06-02 09:50:00-04:00,57.47990036010742,57.51499938964844,57.45100021362305,57.46500015258789,77477,57.47990036010742
2026-06-02 09:55:00-04:00,57.529998779296875,57.540000915527344,57.44499969482422,57.47990036010742,89070,57.529998779296875
2026-06-02 10:00:00-04:00,57.53499984741211,57.540000915527344,57.492801666259766,57.540000915527344,73752,57.53499984741211
2026-06-02 10:05:00-04:00,57.560001373291016,57.560699462890625,57.525001525878906,57.540000915527344,81531,57.560001373291016
2026-06-02 10:10:00-04:00,57.58000183105469,57.60689926147461,57.53269958496094,57.559898376464844,64523,57.58000183105469
2026-06-02 10:15:00-04:00,57.57500076293945,57.58980178833008,57.53499984741211,57.589298248291016,54947,57.57500076293945
2026-06-02 10:20:00-04:00,57.5099983215332,57.58720016479492,57.494998931884766,57.584999084472656,67794,57.5099983215332
2026-06-02 10:25:00-04:00,57.479000091552734,57.5099983215332,57.44499969482422,57.5099983215332,130231,57.479000091552734
2026-06-02 10:30:00-04:00,57.525001525878906,57.54499816894531,57.470001220703125,57.47999954223633,80075,57.525001525878906
2026-06-02 10:35:00-04:00,57.54499816894531,57.55500030517578,57.52000045776367,57.529998779296875,41353,57.54499816894531
2026-06-02 10:40:00-04:00,57.564998626708984,57.56999969482422,57.5099983215332,57.54499816894531,92105,57.564998626708984
2026-06-02 10:45:00-04:00,57.560001373291016,57.56999969482422,57.54290008544922,57.564998626708984,44334,57.560001373291016
2026-06-02 10:50:00-04:00,57.58000183105469,57.58259963989258,57.54999923706055,57.564998626708984,29142,57.58000183105469
2026-06-02 10:55:00-04:00,57.59989929199219,57.59989929199219,57.56999969482422,57.57500076293945,46615,57.59989929199219
2026-06-02 11:00:00-04:00,57.564998626708984,57.61000061035156,57.564998626708984,57.59859848022461,94388,57.564998626708984
2026-06-02 11:05:00-04:00,57.6150016784668,57.61989974975586,57.54999923706055,57.564998626708984,28377,57.6150016784668
2026-06-02 11:10:00-04:00,57.619998931884766,57.619998931884766,57.59000015258789,57.61000061035156,61709,57.619998931884766
2026-06-02 11:15:00-04:00,57.630001068115234,57.63999938964844,57.62009811401367,57.630001068115234,70034,57.630001068115234
2026-06-02 11:20:00-04:00,57.630001068115234,57.650001525878906,57.619998931884766,57.630001068115234,170411,57.630001068115234
2026-06-02 11:25:00-04:00,57.62910079956055,57.63990020751953,57.609798431396484,57.6349983215332,47642,57.62910079956055
2026-06-02 11:30:00-04:00,57.6349983215332,57.6349983215332,57.61000061035156,57.619998931884766,36665,57.6349983215332
2026-06-02 11:35:00-04:00,57.64500045776367,57.65739822387695,57.63290023803711,57.63999938964844,53392,57.64500045776367
2026-06-02 11:40:00-04:00,57.6349983215332,57.650001525878906,57.6349983215332,57.640098571777344,28355,57.6349983215332
2026-06-02 11:45:00-04:00,57.63999938964844,57.649898529052734,57.62009811401367,57.630001068115234,22842,57.63999938964844
2026-06-02 11:50:00-04:00,57.654998779296875,57.65999984741211,57.630001068115234,57.63999938964844,27498,57.654998779296875
2026-06-02 11:55:00-04:00,57.665000915527344,57.66999816894531,57.65140151977539,57.654998779296875,29923,57.665000915527344
2026-06-02 12:00:00-04:00,57.63999938964844,57.66999816894531,57.63010025024414,57.665000915527344,70467,57.63999938964844
2026-06-02 12:05:00-04:00,57.685001373291016,57.689998626708984,57.64860153198242,57.650001525878906,46184,57.685001373291016
2026-06-02 12:10:00-04:00,57.688499450683594,57.689998626708984,57.67279815673828,57.68000030517578,93415,57.688499450683594
2026-06-02 12:15:00-04:00,57.64500045776367,57.68000030517578,57.638999938964844,57.68000030517578,37210,57.64500045776367
2026-06-02 12:20:00-04:00,57.650001525878906,57.650001525878906,57.619998931884766,57.64500045776367,43196,57.650001525878906
2026-06-02 12:25:00-04:00,57.62310028076172,57.64500045776367,57.619998931884766,57.64500045776367,39590,57.62310028076172
2026-06-02 12:30:00-04:00,57.6150016784668,57.63999938964844,57.61000061035156,57.61000061035156,59053,57.6150016784668
2026-06-02 12:35:00-04:00,57.60499954223633,57.619998931884766,57.60260009765625,57.61000061035156,26822,57.60499954223633
2026-06-02 12:40:00-04:00,57.61000061035156,57.619998931884766,57.60499954223633,57.60499954223633,20681,57.61000061035156
2026-06-02 12:45:00-04:00,57.63999938964844,57.63999938964844,57.600101470947266,57.600101470947266,35242,57.63999938964844
2026-06-02 12:50:00-04:00,57.659000396728516,57.665000915527344,57.63999938964844,57.63999938964844,19423,57.659000396728516
2026-06-02 12:55:00-04:00,57.66999816894531,57.66999816894531,57.650001525878906,57.654998779296875,20968,57.66999816894531
2026-06-02 13:00:00-04:00,57.67499923706055,57.68000030517578,57.654998779296875,57.665000915527344,17939,57.67499923706055
2026-06-02 13:05:00-04:00,57.66400146484375,57.68000030517578,57.660099029541016,57.679901123046875,39788,57.66400146484375
2026-06-02 13:10:00-04:00,57.67259979248047,57.679901123046875,57.65999984741211,57.66999816894531,14082,57.67259979248047
2026-06-02 13:15:00-04:00,57.619998931884766,57.67499923706055,57.619998931884766,57.67499923706055,45782,57.619998931884766
2026-06-02 13:20:00-04:00,57.609901428222656,57.630001068115234,57.60499954223633,57.619998931884766,22828,57.609901428222656
2026-06-02 13:25:00-04:00,57.599998474121094,57.60499954223633,57.58000183105469,57.599998474121094,59348,57.599998474121094
2026-06-02 13:30:00-04:00,57.589900970458984,57.61000061035156,57.584999084472656,57.60499954223633,25826,57.589900970458984
2026-06-02 13:35:00-04:00,57.560001373291016,57.584999084472656,57.55009841918945,57.584999084472656,30007,57.560001373291016
2026-06-02 13:40:00-04:00,57.58290100097656,57.59000015258789,57.560001373291016,57.560001373291016,34245,57.58290100097656
2026-06-02 13:45:00-04:00,57.60639953613281,57.60639953613281,57.584999084472656,57.584999084472656,21723,57.60639953613281
2026-06-02 13:50:00-04:00,57.60499954223633,57.61000061035156,57.595001220703125,57.60499954223633,15112,57.60499954223633
2026-06-02 13:55:00-04:00,57.584999084472656,57.60499954223633,57.580101013183594,57.60499954223633,25608,57.584999084472656
2026-06-02 14:00:00-04:00,57.57500076293945,57.589900970458984,57.564998626708984,57.58000183105469,28838,57.57500076293945
2026-06-02 14:05:00-04:00,57.60499954223633,57.61000061035156,57.58000183105469,57.58000183105469,43901,57.60499954223633
2026-06-02 14:10:00-04:00,57.619998931884766,57.631500244140625,57.60499954223633,57.609901428222656,37216,57.619998931884766
2026-06-02 14:15:00-04:00,57.595001220703125,57.6150016784668,57.595001220703125,57.6150016784668,31749,57.595001220703125
2026-06-02 14:20:00-04:00,57.595001220703125,57.60499954223633,57.59000015258789,57.599998474121094,18320,57.595001220703125
2026-06-02 14:25:00-04:00,57.60499954223633,57.609901428222656,57.595001220703125,57.596500396728516,24641,57.60499954223633
2026-06-02 14:30:00-04:00,57.61989974975586,57.625,57.60499954223633,57.60499954223633,31560,57.61989974975586
2026-06-02 14:35:00-04:00,57.57059860229492,57.60499954223633,57.56999969482422,57.599998474121094,32117,57.57059860229492
2026-06-02 14:40:00-04:00,57.57500076293945,57.58000183105469,57.55500030517578,57.564998626708984,28855,57.57500076293945
2026-06-02 14:45:00-04:00,57.589900970458984,57.599998474121094,57.570098876953125,57.57500076293945,37412,57.589900970458984
2026-06-02 14:50:00-04:00,57.58399963378906,57.599998474121094,57.570098876953125,57.59000015258789,40537,57.58399963378906
2026-06-02 14:55:00-04:00,57.60499954223633,57.61000061035156,57.58000183105469,57.584999084472656,42004,57.60499954223633
2026-06-02 15:00:00-04:00,57.64500045776367,57.64500045776367,57.609901428222656,57.61000061035156,35812,57.64500045776367
2026-06-02 15:05:00-04:00,57.6349983215332,57.650001525878906,57.630001068115234,57.64500045776367,18319,57.6349983215332
2026-06-02 15:10:00-04:00,57.650001525878906,57.65999984741211,57.6349983215332,57.6349983215332,29259,57.650001525878906
2026-06-02 15:15:00-04:00,57.64500045776367,57.650001525878906,57.632598876953125,57.649898529052734,20223,57.64500045776367
2026-06-02 15:20:00-04:00,57.65999984741211,57.665000915527344,57.63999938964844,57.64500045776367,40431,57.65999984741211
2026-06-02 15:25:00-04:00,57.6349983215332,57.669898986816406,57.63010025024414,57.66019821166992,36375,57.6349983215332
2026-06-02 15:30:00-04:00,57.65999984741211,57.65999984741211,57.632999420166016,57.6349983215332,35470,57.65999984741211
2026-06-02 15:35:00-04:00,57.640098571777344,57.6599006652832,57.640098571777344,57.650001525878906,59792,57.640098571777344
2026-06-02 15:40:00-04:00,57.660701751708984,57.665000915527344,57.64500045776367,57.64500045776367,33738,57.660701751708984
2026-06-02 15:45:00-04:00,57.689998626708984,57.689998626708984,57.665000915527344,57.66999816894531,58521,57.689998626708984
2026-06-02 15:50:00-04:00,57.689998626708984,57.70500183105469,57.66999816894531,57.685001373291016,112531,57.689998626708984
2026-06-02 15:55:00-04:00,57.70500183105469,57.709999084472656,57.68000030517578,57.689998626708984,89325,57.70500183105469
2026-06-03 09:30:00-04:00,57.709999084472656,57.84000015258789,57.709999084472656,57.782501220703125,1353176,57.709999084472656
2026-06-03 09:35:00-04:00,57.71500015258789,57.720001220703125,57.6349983215332,57.70000076293945,201750,57.71500015258789
2026-06-03 09:40:00-04:00,57.56999969482422,57.724998474121094,57.564998626708984,57.720001220703125,475928,57.56999969482422
2026-06-03 09:45:00-04:00,57.41809844970703,57.584999084472656,57.3931999206543,57.560001373291016,454628,57.41809844970703
2026-06-03 09:50:00-04:00,57.494998931884766,57.56990051269531,57.380001068115234,57.415000915527344,116039,57.494998931884766
2026-06-03 09:55:00-04:00,57.48509979248047,57.53499984741211,57.45500183105469,57.505001068115234,151529,57.48509979248047
2026-06-03 10:00:00-04:00,57.579898834228516,57.599998474121094,57.4900016784668,57.4900016784668,74358,57.579898834228516
2026-06-03 10:05:00-04:00,57.584999084472656,57.60499954223633,57.540000915527344,57.57500076293945,177054,57.584999084472656
2026-06-03 10:10:00-04:00,57.66699981689453,57.66999816894531,57.595001220703125,57.599998474121094,77984,57.66699981689453
2026-06-03 10:15:00-04:00,57.665000915527344,57.689998626708984,57.650001525878906,57.67499923706055,78312,57.665000915527344
2026-06-03 10:20:00-04:00,57.665000915527344,57.689998626708984,57.63679885864258,57.654998779296875,54921,57.665000915527344
2026-06-03 10:25:00-04:00,57.71500015258789,57.71689987182617,57.6349983215332,57.63999938964844,39505,57.71500015258789
2026-06-03 10:30:00-04:00,57.70000076293945,57.724998474121094,57.685001373291016,57.720001220703125,50881,57.70000076293945
2026-06-03 10:35:00-04:00,57.70500183105469,57.70989990234375,57.63999938964844,57.69499969482422,56747,57.70500183105469
2026-06-03 10:40:00-04:00,57.69499969482422,57.73500061035156,57.69499969482422,57.70500183105469,64605,57.69499969482422
2026-06-03 10:45:00-04:00,57.654998779296875,57.71500015258789,57.654998779296875,57.685001373291016,61324,57.654998779296875
2026-06-03 10:50:00-04:00,57.65999984741211,57.68000030517578,57.625099182128906,57.654998779296875,38527,57.65999984741211
2026-06-03 10:55:00-04:00,57.62269973754883,57.66849899291992,57.61000061035156,57.6599006652832,45061,57.62269973754883
2026-06-03 11:00:00-04:00,57.685001373291016,57.685001373291016,57.63990020751953,57.63990020751953,25207,57.685001373291016
2026-06-03 11:05:00-04:00,57.667999267578125,57.679901123046875,57.654998779296875,57.665000915527344,23906,57.667999267578125
2026-06-03 11:10:00-04:00,57.67900085449219,57.70009994506836,57.665000915527344,57.68000030517578,28494,57.67900085449219
2026-06-03 11:15:00-04:00,57.65999984741211,57.68000030517578,57.6421012878418,57.68000030517578,37382,57.65999984741211
2026-06-03 11:20:00-04:00,57.58639907836914,57.665000915527344,57.58000183105469,57.665000915527344,36257,57.58639907836914
2026-06-03 11:25:00-04:00,57.6349983215332,57.64500045776367,57.564998626708984,57.589900970458984,43207,57.6349983215332
2026-06-03 11:30:00-04:00,57.599998474121094,57.66999816894531,57.584999084472656,57.63999938964844,42539,57.599998474121094
2026-06-03 11:35:00-04:00,57.571800231933594,57.625,57.564998626708984,57.595001220703125,51668,57.571800231933594
2026-06-03 11:40:00-04:00,57.54499816894531,57.57500076293945,57.54499816894531,57.573001861572266,40702,57.54499816894531
2026-06-03 11:45:00-04:00,57.54499816894531,57.560001373291016,57.494998931884766,57.54710006713867,83166,57.54499816894531
2026-06-03 11:50:00-04:00,57.54499816894531,57.59000015258789,57.53499984741211,57.54999923706055,37472,57.54499816894531
2026-06-03 11:55:00-04:00,57.55500030517578,57.5702018737793,57.540000915527344,57.5531005859375,24742,57.55500030517578
2026-06-03 12:00:00-04:00,57.53499984741211,57.564998626708984,57.513999938964844,57.559898376464844,25183,57.53499984741211
2026-06-03 12:05:00-04:00,57.53499984741211,57.55690002441406,57.51860046386719,57.54999923706055,24465,57.53499984741211
2026-06-03 12:10:00-04:00,57.56679916381836,57.57500076293945,57.529998779296875,57.529998779296875,16446,57.56679916381836
2026-06-03 12:15:00-04:00,57.5099983215332,57.55500030517578,57.494998931884766,57.54990005493164,61111,57.5099983215332
2026-06-03 12:20:00-04:00,57.46500015258789,57.529998779296875,57.46500015258789,57.52170181274414,43607,57.46500015258789
2026-06-03 12:25:00-04:00,57.4651985168457,57.470001220703125,57.435001373291016,57.459999084472656,85529,57.4651985168457
2026-06-03 12:30:00-04:00,57.48509979248047,57.505001068115234,57.467498779296875,57.467498779296875,28218,57.48509979248047
2026-06-03 12:35:00-04:00,57.44499969482422,57.48500061035156,57.435001373291016,57.4817008972168,61058,57.44499969482422
2026-06-03 12:40:00-04:00,57.42499923706055,57.45500183105469,57.404998779296875,57.45500183105469,37030,57.42499923706055
2026-06-03 12:45:00-04:00,57.494998931884766,57.50709915161133,57.44499969482422,57.45000076293945,47377,57.494998931884766
2026-06-03 12:50:00-04:00,57.505001068115234,57.519901275634766,57.494998931884766,57.5099983215332,37053,57.505001068115234
2026-06-03 12:55:00-04:00,57.54499816894531,57.54990005493164,57.48500061035156,57.494998931884766,15160,57.54499816894531
2026-06-03 13:00:00-04:00,57.494998931884766,57.54600143432617,57.494998931884766,57.540000915527344,25719,57.494998931884766
2026-06-03 13:05:00-04:00,57.5099983215332,57.529998779296875,57.46500015258789,57.499900817871094,101042,57.5099983215332
2026-06-03 13:10:00-04:00,57.45000076293945,57.5099983215332,57.45000076293945,57.5099983215332,16290,57.45000076293945
2026-06-03 13:15:00-04:00,57.44499969482422,57.467098236083984,57.42499923706055,57.46500015258789,23171,57.44499969482422
2026-06-03 13:20:00-04:00,57.470001220703125,57.470001220703125,57.429901123046875,57.45000076293945,36785,57.470001220703125
2026-06-03 13:25:00-04:00,57.505001068115234,57.505001068115234,57.47999954223633,57.494998931884766,20230,57.505001068115234
2026-06-03 13:30:00-04:00,57.51499938964844,57.51499938964844,57.46139907836914,57.5,20588,57.51499938964844
2026-06-03 13:35:00-04:00,57.540000915527344,57.54499816894531,57.52000045776367,57.53499984741211,12377,57.540000915527344
2026-06-03 13:40:00-04:00,57.564998626708984,57.564998626708984,57.52149963378906,57.525001525878906,24620,57.564998626708984
2026-06-03 13:45:00-04:00,57.5723991394043,57.57500076293945,57.558998107910156,57.57500076293945,14641,57.5723991394043
2026-06-03 13:50:00-04:00,57.59000015258789,57.59000015258789,57.56999969482422,57.57500076293945,32820,57.59000015258789
2026-06-03 13:55:00-04:00,57.60499954223633,57.609901428222656,57.59000015258789,57.595001220703125,20496,57.60499954223633
2026-06-03 14:00:00-04:00,57.6150016784668,57.619998931884766,57.592498779296875,57.60409927368164,17495,57.6150016784668
2026-06-03 14:05:00-04:00,57.599998474121094,57.619998931884766,57.59000015258789,57.619998931884766,14327,57.599998474121094
2026-06-03 14:10:00-04:00,57.57500076293945,57.61000061035156,57.564998626708984,57.595001220703125,12185,57.57500076293945
2026-06-03 14:15:00-04:00,57.584999084472656,57.584999084472656,57.55799865722656,57.579898834228516,8738,57.584999084472656
2026-06-03 14:20:00-04:00,57.619998931884766,57.619998931884766,57.57500076293945,57.59000015258789,49047,57.619998931884766
2026-06-03 14:25:00-04:00,57.64500045776367,57.654998779296875,57.622798919677734,57.622798919677734,71439,57.64500045776367
2026-06-03 14:30:00-04:00,57.6349983215332,57.65999984741211,57.6349983215332,57.654998779296875,27323,57.6349983215332
2026-06-03 14:35:00-04:00,57.599998474121094,57.630001068115234,57.599998474121094,57.630001068115234,24337,57.599998474121094
2026-06-03 14:40:00-04:00,57.6150016784668,57.61989974975586,57.595001220703125,57.60499954223633,9911,57.6150016784668
2026-06-03 14:45:00-04:00,57.625,57.6349983215332,57.614200592041016,57.6150016784668,13398,57.625
2026-06-03 14:50:00-04:00,57.625,57.630001068115234,57.600101470947266,57.6150016784668,19474,57.625
2026-06-03 14:55:00-04:00,57.609901428222656,57.61989974975586,57.5984992980957,57.6150016784668,31393,57.609901428222656
2026-06-03 15:00:00-04:00,57.595001220703125,57.609901428222656,57.56999969482422,57.609901428222656,27668,57.595001220703125
2026-06-03 15:05:00-04:00,57.599998474121094,57.625,57.599998474121094,57.60499954223633,34790,57.599998474121094
2026-06-03 15:10:00-04:00,57.58810043334961,57.609901428222656,57.562801361083984,57.60499954223633,30739,57.58810043334961
2026-06-03 15:15:00-04:00,57.595001220703125,57.625,57.57500076293945,57.584999084472656,37893,57.595001220703125
2026-06-03 15:20:00-04:00,57.57500076293945,57.59579849243164,57.56129837036133,57.595001220703125,21738,57.57500076293945
2026-06-03 15:25:00-04:00,57.584999084472656,57.584999084472656,57.55500030517578,57.56999969482422,48402,57.584999084472656
2026-06-03 15:30:00-04:00,57.60499954223633,57.60499954223633,57.58000183105469,57.584999084472656,20823,57.60499954223633
2026-06-03 15:35:00-04:00,57.659000396728516,57.659000396728516,57.599998474121094,57.60499954223633,43192,57.659000396728516
2026-06-03 15:40:00-04:00,57.65999984741211,57.66939926147461,57.64550018310547,57.650001525878906,33718,57.65999984741211
2026-06-03 15:45:00-04:00,57.65999984741211,57.66999816894531,57.64500045776367,57.654998779296875,42749,57.65999984741211
2026-06-03 15:50:00-04:00,57.60499954223633,57.665000915527344,57.60499954223633,57.665000915527344,111250,57.60499954223633
2026-06-03 15:55:00-04:00,57.56999969482422,57.6150016784668,57.56999969482422,57.599998474121094,189513,57.56999969482422
2026-06-04 09:30:00-04:00,57.185001373291016,57.189998626708984,56.970001220703125,57.040000915527344,834948,57.185001373291016
2026-06-04 09:35:00-04:00,57.179901123046875,57.209999084472656,57.1349983215332,57.185001373291016,146396,57.179901123046875
2026-06-04 09:40:00-04:00,57.01499938964844,57.18000030517578,57.01499938964844,57.15999984741211,159324,57.01499938964844
2026-06-04 09:45:00-04:00,57.039100646972656,57.09000015258789,56.96500015258789,57.01499938964844,94491,57.039100646972656
2026-06-04 09:50:00-04:00,57.05500030517578,57.150001525878906,57.010101318359375,57.04999923706055,93584,57.05500030517578
2026-06-04 09:55:00-04:00,57.064998626708984,57.13719940185547,57.03499984741211,57.04499816894531,91160,57.064998626708984
2026-06-04 10:00:00-04:00,56.97999954223633,57.080101013183594,56.970001220703125,57.060001373291016,179099,56.97999954223633
2026-06-04 10:05:00-04:00,56.95989990234375,56.98500061035156,56.904998779296875,56.978599548339844,193546,56.95989990234375
2026-06-04 10:10:00-04:00,57.108299255371094,57.108299255371094,56.95000076293945,56.95000076293945,135661,57.108299255371094
2026-06-04 10:15:00-04:00,57.10499954223633,57.149898529052734,57.095001220703125,57.10139846801758,84919,57.10499954223633
2026-06-04 10:20:00-04:00,57.16510009765625,57.16510009765625,57.06999969482422,57.08000183105469,41752,57.16510009765625
2026-06-04 10:25:00-04:00,57.19850158691406,57.209999084472656,57.154998779296875,57.17499923706055,65463,57.19850158691406
2026-06-04 10:30:00-04:00,57.19139862060547,57.20500183105469,57.140499114990234,57.20500183105469,49275,57.19139862060547
2026-06-04 10:35:00-04:00,57.168800354003906,57.1885986328125,57.1349983215332,57.188499450683594,77808,57.168800354003906
2026-06-04 10:40:00-04:00,57.14500045776367,57.190101623535156,57.14500045776367,57.15999984741211,39265,57.14500045776367
2026-06-04 10:45:00-04:00,57.15760040283203,57.187599182128906,57.1349983215332,57.14500045776367,99314,57.15760040283203
2026-06-04 10:50:00-04:00,57.18000030517578,57.18000030517578,57.13999938964844,57.13999938964844,62012,57.18000030517578
2026-06-04 10:55:00-04:00,57.21989822387695,57.224998474121094,57.169898986816406,57.169898986816406,31266,57.21989822387695
2026-06-04 11:00:00-04:00,57.244998931884766,57.2599983215332,57.224998474121094,57.224998474121094,77610,57.244998931884766
2026-06-04 11:05:00-04:00,57.339900970458984,57.34989929199219,57.2400016784668,57.2400016784668,65816,57.339900970458984
2026-06-04 11:10:00-04:00,57.358001708984375,57.36840057373047,57.310001373291016,57.34000015258789,68907,57.358001708984375
2026-06-04 11:15:00-04:00,57.369998931884766,57.38999938964844,57.35499954223633,57.35969924926758,56484,57.369998931884766
2026-06-04 11:20:00-04:00,57.375,57.375,57.334999084472656,57.369998931884766,87317,57.375
2026-06-04 11:25:00-04:00,57.34000015258789,57.369300842285156,57.34000015258789,57.3650016784668,51088,57.34000015258789
2026-06-04 11:30:00-04:00,57.334999084472656,57.349998474121094,57.33000183105469,57.34830093383789,34195,57.334999084472656
2026-06-04 11:35:00-04:00,57.334999084472656,57.349998474121094,57.31999969482422,57.334999084472656,42824,57.334999084472656
2026-06-04 11:40:00-04:00,57.306400299072266,57.34989929199219,57.29999923706055,57.34000015258789,47707,57.306400299072266
2026-06-04 11:45:00-04:00,57.23500061035156,57.30500030517578,57.224998474121094,57.30500030517578,52473,57.23500061035156
2026-06-04 11:50:00-04:00,57.279998779296875,57.28990173339844,57.22990036010742,57.2400016784668,53392,57.279998779296875
2026-06-04 11:55:00-04:00,57.29999923706055,57.310001373291016,57.26689910888672,57.27989959716797,47491,57.29999923706055
2026-06-04 12:00:00-04:00,57.314998626708984,57.32740020751953,57.27000045776367,57.29999923706055,40155,57.314998626708984
2026-06-04 12:05:00-04:00,57.349998474121094,57.349998474121094,57.310001373291016,57.314998626708984,11073,57.349998474121094
2026-06-04 12:10:00-04:00,57.349998474121094,57.36000061035156,57.330101013183594,57.345001220703125,61894,57.349998474121094
2026-06-04 12:15:00-04:00,57.369998931884766,57.37860107421875,57.34000015258789,57.34159851074219,23820,57.369998931884766
2026-06-04 12:20:00-04:00,57.400001525878906,57.404998779296875,57.3650016784668,57.3650016784668,49396,57.400001525878906
2026-06-04 12:25:00-04:00,57.400001525878906,57.40999984741211,57.39139938354492,57.402198791503906,13910,57.400001525878906
2026-06-04 12:30:00-04:00,57.345001220703125,57.400001525878906,57.345001220703125,57.400001525878906,21750,57.345001220703125
2026-06-04 12:35:00-04:00,57.3849983215332,57.38990020751953,57.345001220703125,57.345001220703125,14950,57.3849983215332
2026-06-04 12:40:00-04:00,57.39500045776367,57.40999984741211,57.375,57.380001068115234,15612,57.39500045776367
2026-06-04 12:45:00-04:00,57.39500045776367,57.400001525878906,57.38029861450195,57.400001525878906,21694,57.39500045776367
2026-06-04 12:50:00-04:00,57.404998779296875,57.41999816894531,57.390201568603516,57.39500045776367,29250,57.404998779296875
2026-06-04 12:55:00-04:00,57.40119934082031,57.415000915527344,57.400001525878906,57.404998779296875,18204,57.40119934082031
2026-06-04 13:00:00-04:00,57.399898529052734,57.40999984741211,57.380001068115234,57.400001525878906,11012,57.399898529052734
2026-06-04 13:05:00-04:00,57.41999816894531,57.41999816894531,57.380001068115234,57.39070129394531,29042,57.41999816894531
2026-06-04 13:10:00-04:00,57.419898986816406,57.42850112915039,57.410099029541016,57.41999816894531,13919,57.419898986816406
2026-06-04 13:15:00-04:00,57.416500091552734,57.425899505615234,57.38999938964844,57.425899505615234,12686,57.416500091552734
2026-06-04 13:20:00-04:00,57.41999816894531,57.42499923706055,57.39500045776367,57.415000915527344,31852,57.41999816894531
2026-06-04 13:25:00-04:00,57.45000076293945,57.45500183105469,57.41999816894531,57.41999816894531,19224,57.45000076293945
2026-06-04 13:30:00-04:00,57.474998474121094,57.4900016784668,57.44990158081055,57.44990158081055,36672,57.474998474121094
2026-06-04 13:35:00-04:00,57.45500183105469,57.47990036010742,57.450199127197266,57.47760009765625,16415,57.45500183105469
2026-06-04 13:40:00-04:00,57.47930145263672,57.4900016784668,57.45100021362305,57.45100021362305,70238,57.47930145263672
2026-06-04 13:45:00-04:00,57.4900016784668,57.5,57.47010040283203,57.47999954223633,13833,57.4900016784668
2026-06-04 13:50:00-04:00,57.494998931884766,57.5099983215332,57.48249816894531,57.48500061035156,15531,57.494998931884766
2026-06-04 13:55:00-04:00,57.5099983215332,57.51850128173828,57.494998931884766,57.499900817871094,100257,57.5099983215332
2026-06-04 14:00:00-04:00,57.540000915527344,57.540000915527344,57.5099983215332,57.51499938964844,44088,57.540000915527344
2026-06-04 14:05:00-04:00,57.54499816894531,57.560001373291016,57.54410171508789,57.54499816894531,18515,57.54499816894531
2026-06-04 14:10:00-04:00,57.560001373291016,57.56999969482422,57.54499816894531,57.54499816894531,9609,57.560001373291016
2026-06-04 14:15:00-04:00,57.5525016784668,57.560001373291016,57.53499984741211,57.55550003051758,31796,57.5525016784668
2026-06-04 14:20:00-04:00,57.53860092163086,57.560001373291016,57.53499984741211,57.559898376464844,20595,57.53860092163086
2026-06-04 14:25:00-04:00,57.54999923706055,57.560001373291016,57.540000915527344,57.540000915527344,15159,57.54999923706055
2026-06-04 14:30:00-04:00,57.53850173950195,57.540000915527344,57.5099983215332,57.540000915527344,26578,57.53850173950195
2026-06-04 14:35:00-04:00,57.52000045776367,57.537899017333984,57.51499938964844,57.529998779296875,35347,57.52000045776367
2026-06-04 14:40:00-04:00,57.52000045776367,57.52009963989258,57.505001068115234,57.519901275634766,22829,57.52000045776367
2026-06-04 14:45:00-04:00,57.54499816894531,57.54859924316406,57.51499938964844,57.52000045776367,21271,57.54499816894531
2026-06-04 14:50:00-04:00,57.540000915527344,57.54999923706055,57.540000915527344,57.54499816894531,14842,57.540000915527344
2026-06-04 14:55:00-04:00,57.5098991394043,57.53419876098633,57.494998931884766,57.53419876098633,39467,57.5098991394043
2026-06-04 15:00:00-04:00,57.51499938964844,57.525001525878906,57.505001068115234,57.5099983215332,19552,57.51499938964844
2026-06-04 15:05:00-04:00,57.5275993347168,57.54990005493164,57.51499938964844,57.519901275634766,33645,57.5275993347168
2026-06-04 15:10:00-04:00,57.49259948730469,57.52989959716797,57.48500061035156,57.52989959716797,42559,57.49259948730469
2026-06-04 15:15:00-04:00,57.474998474121094,57.494998931884766,57.46500015258789,57.49140167236328,42878,57.474998474121094
2026-06-04 15:20:00-04:00,57.51499938964844,57.51499938964844,57.470001220703125,57.470001220703125,59804,57.51499938964844
2026-06-04 15:25:00-04:00,57.55500030517578,57.55500030517578,57.51499938964844,57.51499938964844,21304,57.55500030517578
2026-06-04 15:30:00-04:00,57.54499816894531,57.56999969482422,57.53499984741211,57.55500030517578,15663,57.54499816894531
2026-06-04 15:35:00-04:00,57.54499816894531,57.560001373291016,57.540000915527344,57.55500030517578,15826,57.54499816894531
2026-06-04 15:40:00-04:00,57.494998931884766,57.54999923706055,57.4900016784668,57.54999923706055,41084,57.494998931884766
2026-06-04 15:45:00-04:00,57.48500061035156,57.59000015258789,57.46500015258789,57.4900016784668,46975,57.48500061035156
2026-06-04 15:50:00-04:00,57.45009994506836,57.48500061035156,57.43000030517578,57.47999954223633,66639,57.45009994506836
2026-06-04 15:55:00-04:00,57.38999938964844,57.45000076293945,57.38999938964844,57.45000076293945,187777,57.38999938964844
2026-06-05 09:30:00-04:00,56.76499938964844,56.849998474121094,56.68000030517578,56.75,715779,56.76499938964844
2026-06-05 09:35:00-04:00,56.689998626708984,56.76300048828125,56.63140106201172,56.75,320113,56.689998626708984
2026-06-05 09:40:00-04:00,56.57889938354492,56.69499969482422,56.57500076293945,56.689998626708984,226931,56.57889938354492
2026-06-05 09:45:00-04:00,56.439998626708984,56.599998474121094,56.435001373291016,56.56999969482422,244798,56.439998626708984
2026-06-05 09:50:00-04:00,56.51499938964844,56.52000045776367,56.42499923706055,56.439998626708984,212403,56.51499938964844
2026-06-05 09:55:00-04:00,56.30929946899414,56.5099983215332,56.30929946899414,56.5098991394043,256309,56.30929946899414
2026-06-05 10:00:00-04:00,56.330101013183594,56.400001525878906,56.28499984741211,56.309898376464844,229557,56.330101013183594
2026-06-05 10:05:00-04:00,56.41999816894531,56.435001373291016,56.29999923706055,56.33000183105469,87510,56.41999816894531
2026-06-05 10:10:00-04:00,56.470001220703125,56.470001220703125,56.369998931884766,56.45000076293945,90402,56.470001220703125
2026-06-05 10:15:00-04:00,56.59000015258789,56.59000015258789,56.47019958496094,56.47019958496094,140337,56.59000015258789
2026-06-05 10:20:00-04:00,56.474998474121094,56.59000015258789,56.470001220703125,56.59000015258789,87115,56.474998474121094
2026-06-05 10:25:00-04:00,56.39500045776367,56.474998474121094,56.36000061035156,56.474998474121094,80077,56.39500045776367
2026-06-05 10:30:00-04:00,56.51499938964844,56.51499938964844,56.3849983215332,56.399898529052734,56753,56.51499938964844
2026-06-05 10:35:00-04:00,56.5,56.56999969482422,56.494998931884766,56.529998779296875,74646,56.5
2026-06-05 10:40:00-04:00,56.42499923706055,56.50230026245117,56.40999984741211,56.499698638916016,51746,56.42499923706055
2026-06-05 10:45:00-04:00,56.38999938964844,56.45500183105469,56.369998931884766,56.435001373291016,45186,56.38999938964844
2026-06-05 10:50:00-04:00,56.40999984741211,56.45000076293945,56.39500045776367,56.40010070800781,70144,56.40999984741211
2026-06-05 10:55:00-04:00,56.45000076293945,56.47999954223633,56.400001525878906,56.41510009765625,90175,56.45000076293945
2026-06-05 11:00:00-04:00,56.3849983215332,56.459999084472656,56.349998474121094,56.45000076293945,119229,56.3849983215332
2026-06-05 11:05:00-04:00,56.32500076293945,56.38999938964844,56.29999923706055,56.38990020751953,73859,56.32500076293945
2026-06-05 11:10:00-04:00,56.23500061035156,56.34000015258789,56.23500061035156,56.31019973754883,199469,56.23500061035156
2026-06-05 11:15:00-04:00,56.275001525878906,56.28499984741211,56.22999954223633,56.23500061035156,61527,56.275001525878906
2026-06-05 11:20:00-04:00,56.20989990234375,56.29499816894531,56.182701110839844,56.279998779296875,103174,56.20989990234375
2026-06-05 11:25:00-04:00,56.21500015258789,56.2400016784668,56.19499969482422,56.20500183105469,51513,56.21500015258789
2026-06-05 11:30:00-04:00,56.17499923706055,56.249900817871094,56.16999816894531,56.21500015258789,92953,56.17499923706055
2026-06-05 11:35:00-04:00,56.08140182495117,56.189998626708984,56.08000183105469,56.16999816894531,348726,56.08140182495117
2026-06-05 11:40:00-04:00,56.089900970458984,56.134498596191406,56.04999923706055,56.09000015258789,94907,56.089900970458984
2026-06-05 11:45:00-04:00,56.095001220703125,56.150001525878906,56.07500076293945,56.084999084472656,99507,56.095001220703125
2026-06-05 11:50:00-04:00,56.13999938964844,56.14500045776367,56.095001220703125,56.099998474121094,69976,56.13999938964844
2026-06-05 11:55:00-04:00,56.125,56.14860153198242,56.10490036010742,56.1349983215332,50568,56.125
2026-06-05 12:00:00-04:00,56.04999923706055,56.11000061035156,56.040000915527344,56.11000061035156,127606,56.04999923706055
2026-06-05 12:05:00-04:00,55.974998474121094,56.0463981628418,55.96500015258789,56.0463981628418,165705,55.974998474121094
2026-06-05 12:10:00-04:00,56.0,56.03990173339844,55.95500183105469,55.970001220703125,76239,56.0
2026-06-05 12:15:00-04:00,55.904998779296875,55.994998931884766,55.900001525878906,55.994998931884766,72511,55.904998779296875
2026-06-05 12:20:00-04:00,55.95500183105469,55.97140121459961,55.900001525878906,55.90999984741211,110386,55.95500183105469
2026-06-05 12:25:00-04:00,55.9099006652832,55.9900016784668,55.9099006652832,55.95989990234375,61094,55.9099006652832
2026-06-05 12:30:00-04:00,55.84000015258789,55.915000915527344,55.814998626708984,55.900001525878906,119900,55.84000015258789
2026-06-05 12:35:00-04:00,55.814998626708984,55.86989974975586,55.790000915527344,55.85499954223633,152228,55.814998626708984
2026-06-05 12:40:00-04:00,55.720001220703125,55.83000183105469,55.68199920654297,55.83000183105469,129390,55.720001220703125
2026-06-05 12:45:00-04:00,55.73500061035156,55.73500061035156,55.6349983215332,55.71500015258789,401959,55.73500061035156
2026-06-05 12:50:00-04:00,55.84859848022461,55.84859848022461,55.68149948120117,55.71500015258789,80888,55.84859848022461
2026-06-05 12:55:00-04:00,55.81990051269531,55.84000015258789,55.76499938964844,55.84000015258789,73953,55.81990051269531
2026-06-05 13:00:00-04:00,55.75,55.81999969482422,55.70009994506836,55.81990051269531,157525,55.75
2026-06-05 13:05:00-04:00,55.69499969482422,55.749000549316406,55.67020034790039,55.749000549316406,136963,55.69499969482422
2026-06-05 13:10:00-04:00,55.670101165771484,55.70989990234375,55.630001068115234,55.70000076293945,133166,55.670101165771484
2026-06-05 13:15:00-04:00,55.654998779296875,55.68989944458008,55.61000061035156,55.68000030517578,375255,55.654998779296875
2026-06-05 13:20:00-04:00,55.73500061035156,55.744998931884766,55.599998474121094,55.650001525878906,52942,55.73500061035156
2026-06-05 13:25:00-04:00,55.7327995300293,55.7400016784668,55.685001373291016,55.73500061035156,44353,55.7327995300293
2026-06-05 13:30:00-04:00,55.76499938964844,55.76499938964844,55.70000076293945,55.73500061035156,55006,55.76499938964844
2026-06-05 13:35:00-04:00,55.828399658203125,55.829898834228516,55.77870178222656,55.78139877319336,53477,55.828399658203125
2026-06-05 13:40:00-04:00,55.70500183105469,55.85499954223633,55.68989944458008,55.82500076293945,83626,55.70500183105469
2026-06-05 13:45:00-04:00,55.71500015258789,55.7599983215332,55.689998626708984,55.709999084472656,46830,55.71500015258789
2026-06-05 13:50:00-04:00,55.756099700927734,55.7588996887207,55.71500015258789,55.724998474121094,62700,55.756099700927734
2026-06-05 13:55:00-04:00,55.79999923706055,55.809898376464844,55.7400016784668,55.76499938964844,31927,55.79999923706055
2026-06-05 14:00:00-04:00,55.68000030517578,55.814998626708984,55.68000030517578,55.80500030517578,82783,55.68000030517578
2026-06-05 14:05:00-04:00,55.6599006652832,55.689998626708984,55.654998779296875,55.67499923706055,53510,55.6599006652832
2026-06-05 14:10:00-04:00,55.525001525878906,55.667701721191406,55.52009963989258,55.650001525878906,221270,55.525001525878906
2026-06-05 14:15:00-04:00,55.45000076293945,55.53139877319336,55.440101623535156,55.53139877319336,166745,55.45000076293945
2026-06-05 14:20:00-04:00,55.45500183105469,55.485801696777344,55.439998626708984,55.45500183105469,110877,55.45500183105469
2026-06-05 14:25:00-04:00,55.415000915527344,55.459999084472656,55.380001068115234,55.45500183105469,116746,55.415000915527344
2026-06-05 14:30:00-04:00,55.35499954223633,55.42499923706055,55.349998474121094,55.415000915527344,98878,55.35499954223633
2026-06-05 14:35:00-04:00,55.33000183105469,55.380001068115234,55.301300048828125,55.36000061035156,74371,55.33000183105469
2026-06-05 14:40:00-04:00,55.29499816894531,55.35390090942383,55.2400016784668,55.35390090942383,126501,55.29499816894531
2026-06-05 14:45:00-04:00,55.25979995727539,55.291500091552734,55.150001525878906,55.291500091552734,105561,55.25979995727539
2026-06-05 14:50:00-04:00,55.25,55.279998779296875,55.18000030517578,55.255001068115234,86137,55.25
2026-06-05 14:55:00-04:00,55.334999084472656,55.36000061035156,55.224998474121094,55.2599983215332,138648,55.334999084472656
2026-06-05 15:00:00-04:00,55.33570098876953,55.35499954223633,55.23099899291992,55.29999923706055,91895,55.33570098876953
2026-06-05 15:05:00-04:00,55.20000076293945,55.34989929199219,55.154998779296875,55.34000015258789,116679,55.20000076293945
2026-06-05 15:10:00-04:00,55.099998474121094,55.20500183105469,55.06999969482422,55.20500183105469,132315,55.099998474121094
2026-06-05 15:15:00-04:00,55.0088996887207,55.095001220703125,54.93000030517578,55.095001220703125,316838,55.0088996887207
2026-06-05 15:20:00-04:00,55.084999084472656,55.09000015258789,54.97269821166992,55.0,142020,55.084999084472656
2026-06-05 15:25:00-04:00,55.255001068115234,55.255001068115234,55.104000091552734,55.104000091552734,129133,55.255001068115234
2026-06-05 15:30:00-04:00,55.17499923706055,55.2599983215332,55.1150016784668,55.25,90125,55.17499923706055
2026-06-05 15:35:00-04:00,55.255001068115234,55.255001068115234,55.154998779296875,55.17499923706055,48760,55.255001068115234
2026-06-05 15:40:00-04:00,55.154998779296875,55.25,55.077999114990234,55.25,135201,55.154998779296875
2026-06-05 15:45:00-04:00,55.25979995727539,55.27840042114258,55.14500045776367,55.154998779296875,110486,55.25979995727539
2026-06-05 15:50:00-04:00,55.224998474121094,55.31999969482422,55.20000076293945,55.25,142932,55.224998474121094
2026-06-05 15:55:00-04:00,55.02000045776367,55.209999084472656,55.0,55.209999084472656,922888,55.02000045776367
2026-06-08 09:30:00-04:00,55.73500061035156,56.0,55.73500061035156,55.880001068115234,1125135,55.73500061035156
2026-06-08 09:35:00-04:00,55.767601013183594,55.869998931884766,55.709999084472656,55.73500061035156,190962,55.767601013183594
2026-06-08 09:40:00-04:00,55.88999938964844,55.959999084472656,55.75,55.75,145037,55.88999938964844
2026-06-08 09:45:00-04:00,55.834999084472656,55.95500183105469,55.78499984741211,55.87929916381836,114412,55.834999084472656
2026-06-08 09:50:00-04:00,55.875,55.95000076293945,55.775001525878906,55.83000183105469,100656,55.875
2026-06-08 09:55:00-04:00,55.6349983215332,55.880001068115234,55.600799560546875,55.869998931884766,270183,55.6349983215332
2026-06-08 10:00:00-04:00,55.650001525878906,55.75,55.60499954223633,55.619998931884766,71613,55.650001525878906
2026-06-08 10:05:00-04:00,55.792701721191406,55.80160140991211,55.62229919433594,55.64500045776367,222233,55.792701721191406
2026-06-08 10:10:00-04:00,55.76499938964844,55.814998626708984,55.73500061035156,55.78499984741211,107341,55.76499938964844
2026-06-08 10:15:00-04:00,55.73500061035156,55.755001068115234,55.665000915527344,55.755001068115234,86686,55.73500061035156
2026-06-08 10:20:00-04:00,55.820098876953125,55.82500076293945,55.70000076293945,55.7400016784668,77858,55.820098876953125
2026-06-08 10:25:00-04:00,55.897499084472656,55.919898986816406,55.80500030517578,55.814998626708984,56945,55.897499084472656
2026-06-08 10:30:00-04:00,55.95920181274414,55.95920181274414,55.890098571777344,55.890098571777344,117294,55.95920181274414
2026-06-08 10:35:00-04:00,56.02000045776367,56.03900146484375,55.939998626708984,55.95500183105469,115581,56.02000045776367
2026-06-08 10:40:00-04:00,55.970001220703125,56.04499816894531,55.93190002441406,56.040000915527344,60275,55.970001220703125
2026-06-08 10:45:00-04:00,56.06999969482422,56.11000061035156,55.96500015258789,55.96500015258789,53659,56.06999969482422
2026-06-08 10:50:00-04:00,56.119998931884766,56.150001525878906,56.04999923706055,56.079898834228516,73964,56.119998931884766
2026-06-08 10:55:00-04:00,56.179901123046875,56.18000030517578,56.08000183105469,56.11650085449219,40661,56.179901123046875
2026-06-08 11:00:00-04:00,56.209999084472656,56.21500015258789,56.165000915527344,56.17499923706055,77249,56.209999084472656
2026-06-08 11:05:00-04:00,56.25,56.25,56.19599914550781,56.20000076293945,63323,56.25
2026-06-08 11:10:00-04:00,56.239898681640625,56.27000045776367,56.239898681640625,56.2401008605957,76142,56.239898681640625
2026-06-08 11:15:00-04:00,56.27000045776367,56.279998779296875,56.220001220703125,56.244998931884766,72265,56.27000045776367
2026-06-08 11:20:00-04:00,56.255001068115234,56.27690124511719,56.19499969482422,56.2598991394043,38496,56.255001068115234
2026-06-08 11:25:00-04:00,56.084999084472656,56.244998931884766,56.084999084472656,56.244998931884766,69283,56.084999084472656
2026-06-08 11:30:00-04:00,55.99800109863281,56.095001220703125,55.970001220703125,56.084999084472656,71949,55.99800109863281
2026-06-08 11:35:00-04:00,56.13840103149414,56.13840103149414,55.994998931884766,56.01499938964844,69901,56.13840103149414
2026-06-08 11:40:00-04:00,56.15999984741211,56.15999984741211,56.10499954223633,56.14250183105469,42393,56.15999984741211
2026-06-08 11:45:00-04:00,56.119998931884766,56.220001220703125,56.11000061035156,56.18000030517578,34494,56.119998931884766
2026-06-08 11:50:00-04:00,56.13750076293945,56.19240188598633,56.125,56.154998779296875,23225,56.13750076293945
2026-06-08 11:55:00-04:00,56.04499816894531,56.13169860839844,56.029998779296875,56.13169860839844,58132,56.04499816894531
2026-06-08 12:00:00-04:00,56.095001220703125,56.119998931884766,56.02000045776367,56.05500030517578,40355,56.095001220703125
2026-06-08 12:05:00-04:00,56.05009841918945,56.119998931884766,56.05009841918945,56.099998474121094,33182,56.05009841918945
2026-06-08 12:10:00-04:00,56.099998474121094,56.125,56.04499816894531,56.05500030517578,25563,56.099998474121094
2026-06-08 12:15:00-04:00,56.17250061035156,56.1786003112793,56.10499954223633,56.10499954223633,29953,56.17250061035156
2026-06-08 12:20:00-04:00,56.10499954223633,56.20000076293945,56.095001220703125,56.170101165771484,75230,56.10499954223633
2026-06-08 12:25:00-04:00,56.017398834228516,56.138999938964844,56.01499938964844,56.099998474121094,43877,56.017398834228516
2026-06-08 12:30:00-04:00,56.005001068115234,56.06949996948242,56.005001068115234,56.04999923706055,45165,56.005001068115234
2026-06-08 12:35:00-04:00,55.9900016784668,56.040000915527344,55.97990036010742,56.005001068115234,77803,55.9900016784668
2026-06-08 12:40:00-04:00,56.01499938964844,56.040000915527344,55.974998474121094,55.97999954223633,25545,56.01499938964844
2026-06-08 12:45:00-04:00,56.07500076293945,56.082698822021484,56.01499938964844,56.02799987792969,33440,56.07500076293945
2026-06-08 12:50:00-04:00,56.059898376464844,56.073299407958984,56.03499984741211,56.064998626708984,16716,56.059898376464844
2026-06-08 12:55:00-04:00,56.02109909057617,56.057498931884766,56.010101318359375,56.048500061035156,29001,56.02109909057617
2026-06-08 13:00:00-04:00,55.915000915527344,56.0,55.869998931884766,56.0,107186,55.915000915527344
2026-06-08 13:05:00-04:00,55.915000915527344,55.96969985961914,55.915000915527344,55.93980026245117,18983,55.915000915527344
2026-06-08 13:10:00-04:00,55.92499923706055,55.93000030517578,55.86000061035156,55.91999816894531,63193,55.92499923706055
2026-06-08 13:15:00-04:00,55.880001068115234,55.94499969482422,55.867401123046875,55.935001373291016,37694,55.880001068115234
2026-06-08 13:20:00-04:00,55.89500045776367,55.927398681640625,55.869998931884766,55.881500244140625,43024,55.89500045776367
2026-06-08 13:25:00-04:00,56.040000915527344,56.040000915527344,55.89860153198242,55.89860153198242,67125,56.040000915527344
2026-06-08 13:30:00-04:00,56.0,56.08000183105469,55.959999084472656,56.04999923706055,170872,56.0
2026-06-08 13:35:00-04:00,55.96500015258789,56.01499938964844,55.93000030517578,56.012901306152344,50350,55.96500015258789
2026-06-08 13:40:00-04:00,55.908599853515625,55.974998474121094,55.908599853515625,55.97010040283203,20170,55.908599853515625
2026-06-08 13:45:00-04:00,55.9900016784668,55.9900016784668,55.904998779296875,55.90999984741211,32844,55.9900016784668
2026-06-08 13:50:00-04:00,56.029998779296875,56.04499816894531,55.98929977416992,56.0,38532,56.029998779296875
2026-06-08 13:55:00-04:00,55.97990036010742,56.025001525878906,55.970001220703125,56.025001525878906,35135,55.97990036010742
2026-06-08 14:00:00-04:00,56.019901275634766,56.03990173339844,56.0,56.0,21641,56.019901275634766
2026-06-08 14:05:00-04:00,56.04010009765625,56.064998626708984,56.02000045776367,56.03010177612305,18608,56.04010009765625
2026-06-08 14:10:00-04:00,56.0099983215332,56.060001373291016,55.98500061035156,56.04990005493164,39804,56.0099983215332
2026-06-08 14:15:00-04:00,56.005001068115234,56.03860092163086,55.9900016784668,55.994998931884766,23342,56.005001068115234
2026-06-08 14:20:00-04:00,56.02000045776367,56.029998779296875,55.989898681640625,56.0099983215332,11768,56.02000045776367
2026-06-08 14:25:00-04:00,56.04499816894531,56.04859924316406,56.01499938964844,56.025001525878906,17728,56.04499816894531
2026-06-08 14:30:00-04:00,56.040000915527344,56.079898834228516,56.040000915527344,56.06010055541992,11758,56.040000915527344
2026-06-08 14:35:00-04:00,55.970001220703125,56.06700134277344,55.970001220703125,56.040000915527344,46802,55.970001220703125
2026-06-08 14:40:00-04:00,55.95000076293945,55.97679901123047,55.935001373291016,55.974998474121094,107083,55.95000076293945
2026-06-08 14:45:00-04:00,55.974998474121094,56.0,55.939998626708984,55.94499969482422,103005,55.974998474121094
2026-06-08 14:50:00-04:00,55.97999954223633,56.0,55.970001220703125,55.974998474121094,26511,55.97999954223633
2026-06-08 14:55:00-04:00,55.96009826660156,55.999900817871094,55.95500183105469,55.9900016784668,35387,55.96009826660156
2026-06-08 15:00:00-04:00,55.939998626708984,55.96500015258789,55.90999984741211,55.95000076293945,81523,55.939998626708984
2026-06-08 15:05:00-04:00,55.869998931884766,55.939998626708984,55.869998931884766,55.939998626708984,65217,55.869998931884766
2026-06-08 15:10:00-04:00,55.79990005493164,55.849998474121094,55.790000915527344,55.849998474121094,74987,55.79990005493164
2026-06-08 15:15:00-04:00,55.760101318359375,55.79999923706055,55.75,55.77989959716797,58593,55.760101318359375
2026-06-08 15:20:00-04:00,55.717498779296875,55.80970001220703,55.71009826660156,55.790000915527344,67510,55.717498779296875
2026-06-08 15:25:00-04:00,55.779998779296875,55.7864990234375,55.69499969482422,55.709999084472656,42651,55.779998779296875
2026-06-08 15:30:00-04:00,55.82500076293945,55.880001068115234,55.78499984741211,55.78499984741211,43749,55.82500076293945
2026-06-08 15:35:00-04:00,55.80500030517578,55.849998474121094,55.779998779296875,55.810001373291016,32022,55.80500030517578
2026-06-08 15:40:00-04:00,55.78499984741211,55.81990051269531,55.760101318359375,55.79999923706055,53303,55.78499984741211
2026-06-08 15:45:00-04:00,55.797298431396484,55.834999084472656,55.77000045776367,55.78499984741211,38320,55.797298431396484
2026-06-08 15:50:00-04:00,55.80500030517578,55.84000015258789,55.7599983215332,55.779998779296875,113203,55.80500030517578
2026-06-08 15:55:00-04:00,55.814998626708984,55.83000183105469,55.78499984741211,55.79999923706055,141031,55.814998626708984
2026-06-09 09:30:00-04:00,56.150001525878906,56.290000915527344,56.130001068115234,56.27000045776367,487779,56.150001525878906
2026-06-09 09:35:00-04:00,56.20500183105469,56.28499984741211,56.14910125732422,56.150001525878906,110843,56.20500183105469
2026-06-09 09:40:00-04:00,56.334999084472656,56.349998474121094,56.17499923706055,56.21500015258789,143805,56.334999084472656
2026-06-09 09:45:00-04:00,56.46500015258789,56.46989822387695,56.34000015258789,56.342201232910156,130219,56.46500015258789
2026-06-09 09:50:00-04:00,56.28070068359375,56.46989822387695,56.28070068359375,56.46620178222656,124139,56.28070068359375
2026-06-09 09:55:00-04:00,56.20000076293945,56.29999923706055,56.20000076293945,56.28499984741211,129564,56.20000076293945
2026-06-09 10:00:00-04:00,56.17499923706055,56.25,56.1150016784668,56.179901123046875,112813,56.17499923706055
2026-06-09 10:05:00-04:00,56.12009811401367,56.22999954223633,56.11000061035156,56.165000915527344,118111,56.12009811401367
2026-06-09 10:10:00-04:00,55.8849983215332,56.099998474121094,55.875,56.099998474121094,184525,55.8849983215332
2026-06-09 10:15:00-04:00,55.724998474121094,55.90999984741211,55.68000030517578,55.869998931884766,233222,55.724998474121094
2026-06-09 10:20:00-04:00,55.90449905395508,55.904998779296875,55.67499923706055,55.720001220703125,194998,55.90449905395508
2026-06-09 10:25:00-04:00,55.79499816894531,55.93000030517578,55.779998779296875,55.904998779296875,139067,55.79499816894531
2026-06-09 10:30:00-04:00,55.790000915527344,55.83000183105469,55.70000076293945,55.790000915527344,186666,55.790000915527344
2026-06-09 10:35:00-04:00,55.78499984741211,55.86989974975586,55.720001220703125,55.790000915527344,110227,55.78499984741211
2026-06-09 10:40:00-04:00,55.540000915527344,55.83000183105469,55.5,55.814998626708984,141447,55.540000915527344
2026-06-09 10:45:00-04:00,55.21500015258789,55.564998626708984,55.19860076904297,55.54499816894531,233154,55.21500015258789
2026-06-09 10:50:00-04:00,55.35240173339844,55.3650016784668,55.16999816894531,55.209999084472656,200158,55.35240173339844
2026-06-09 10:55:00-04:00,55.43899917602539,55.439998626708984,55.26499938964844,55.369998931884766,105677,55.43899917602539
2026-06-09 11:00:00-04:00,55.38999938964844,55.470001220703125,55.334999084472656,55.45000076293945,100694,55.38999938964844
2026-06-09 11:05:00-04:00,55.480098724365234,55.494998931884766,55.279998779296875,55.349998474121094,83026,55.480098724365234
2026-06-09 11:10:00-04:00,55.45500183105469,55.535099029541016,55.37969970703125,55.4900016784668,86872,55.45500183105469
2026-06-09 11:15:00-04:00,55.30009841918945,55.470001220703125,55.30009841918945,55.44929885864258,54050,55.30009841918945
2026-06-09 11:20:00-04:00,55.060001373291016,55.35499954223633,55.05500030517578,55.29999923706055,122300,55.060001373291016
2026-06-09 11:25:00-04:00,54.775001525878906,55.07500076293945,54.75,55.04999923706055,260846,54.775001525878906
2026-06-09 11:30:00-04:00,54.755001068115234,54.849998474121094,54.720001220703125,54.77009963989258,250781,54.755001068115234
2026-06-09 11:35:00-04:00,54.779998779296875,54.80500030517578,54.68009948730469,54.750999450683594,281878,54.779998779296875
2026-06-09 11:40:00-04:00,54.834999084472656,54.90999984741211,54.77859878540039,54.78499984741211,118303,54.834999084472656
2026-06-09 11:45:00-04:00,54.869998931884766,54.887901306152344,54.81999969482422,54.85499954223633,113193,54.869998931884766
2026-06-09 11:50:00-04:00,54.744998931884766,54.95029830932617,54.744998931884766,54.86000061035156,124910,54.744998931884766
2026-06-09 11:55:00-04:00,54.474998474121094,54.77000045776367,54.439998626708984,54.7599983215332,341182,54.474998474121094
2026-06-09 12:00:00-04:00,54.5099983215332,54.619998931884766,54.45500183105469,54.459999084472656,344759,54.5099983215332
2026-06-09 12:05:00-04:00,54.29499816894531,54.5099983215332,54.2400016784668,54.5098991394043,361201,54.29499816894531
2026-06-09 12:10:00-04:00,54.31999969482422,54.404998779296875,54.2599983215332,54.30500030517578,311979,54.31999969482422
2026-06-09 12:15:00-04:00,54.01499938964844,54.33000183105469,53.98500061035156,54.314998626708984,382017,54.01499938964844
2026-06-09 12:20:00-04:00,54.165000915527344,54.18000030517578,53.94260025024414,54.01499938964844,485305,54.165000915527344
2026-06-09 12:25:00-04:00,54.165000915527344,54.255001068115234,54.099998474121094,54.17499923706055,334076,54.165000915527344
2026-06-09 12:30:00-04:00,54.099300384521484,54.22999954223633,54.01499938964844,54.154998779296875,369507,54.099300384521484
2026-06-09 12:35:00-04:00,53.68989944458008,54.20709991455078,53.66999816894531,54.095001220703125,683381,53.68989944458008
2026-06-09 12:40:00-04:00,53.8849983215332,53.904998779296875,53.6349983215332,53.68000030517578,496226,53.8849983215332
2026-06-09 12:45:00-04:00,53.869998931884766,53.98500061035156,53.78499984741211,53.875,388902,53.869998931884766
2026-06-09 12:50:00-04:00,53.72999954223633,53.900001525878906,53.72990036010742,53.869998931884766,318721,53.72999954223633
2026-06-09 12:55:00-04:00,54.08000183105469,54.084999084472656,53.720001220703125,53.720001220703125,266075,54.08000183105469
2026-06-09 13:00:00-04:00,54.334999084472656,54.35499954223633,54.064998626708984,54.11000061035156,185808,54.334999084472656
2026-06-09 13:05:00-04:00,54.3125,54.36000061035156,54.22990036010742,54.33000183105469,197804,54.3125
2026-06-09 13:10:00-04:00,54.380001068115234,54.415000915527344,54.209999084472656,54.29999923706055,175253,54.380001068115234
2026-06-09 13:15:00-04:00,54.52000045776367,54.529998779296875,54.310001373291016,54.380001068115234,162168,54.52000045776367
2026-06-09 13:20:00-04:00,54.52989959716797,54.625,54.439998626708984,54.52000045776367,142328,54.52989959716797
2026-06-09 13:25:00-04:00,54.559898376464844,54.599998474121094,54.470001220703125,54.52000045776367,132358,54.559898376464844
2026-06-09 13:30:00-04:00,54.658599853515625,54.65999984741211,54.494998931884766,54.55619812011719,61794,54.658599853515625
2026-06-09 13:35:00-04:00,54.69499969482422,54.747501373291016,54.59000015258789,54.65800094604492,72022,54.69499969482422
2026-06-09 13:40:00-04:00,54.787498474121094,54.87739944458008,54.67499923706055,54.70000076293945,136444,54.787498474121094
2026-06-09 13:45:00-04:00,54.51499938964844,54.79999923706055,54.5098991394043,54.77989959716797,159942,54.51499938964844
2026-06-09 13:50:00-04:00,54.64929962158203,54.73509979248047,54.54999923706055,54.54999923706055,129539,54.64929962158203
2026-06-09 13:55:00-04:00,54.70000076293945,54.7599983215332,54.689998626708984,54.689998626708984,65775,54.70000076293945
2026-06-09 14:00:00-04:00,54.69449996948242,54.76499938964844,54.63999938964844,54.709999084472656,79535,54.69449996948242
2026-06-09 14:05:00-04:00,54.7599983215332,54.79999923706055,54.669898986816406,54.69990158081055,49376,54.7599983215332
2026-06-09 14:10:00-04:00,54.76499938964844,54.790000915527344,54.689998626708984,54.790000915527344,145662,54.76499938964844
2026-06-09 14:15:00-04:00,54.899898529052734,54.900001525878906,54.70000076293945,54.75,54049,54.899898529052734
2026-06-09 14:20:00-04:00,54.95000076293945,54.959999084472656,54.834999084472656,54.90999984741211,111621,54.95000076293945
2026-06-09 14:25:00-04:00,54.95000076293945,54.967498779296875,54.83000183105469,54.95500183105469,85263,54.95000076293945
2026-06-09 14:30:00-04:00,55.029300689697266,55.08000183105469,54.95500183105469,54.959999084472656,105933,55.029300689697266
2026-06-09 14:35:00-04:00,55.029998779296875,55.06999969482422,54.98500061035156,55.02000045776367,65564,55.029998779296875
2026-06-09 14:40:00-04:00,54.87739944458008,55.029998779296875,54.87739944458008,55.025001525878906,90673,54.87739944458008
2026-06-09 14:45:00-04:00,54.96500015258789,54.96500015258789,54.8650016784668,54.8650016784668,40693,54.96500015258789
2026-06-09 14:50:00-04:00,54.970001220703125,55.047401428222656,54.935001373291016,54.959999084472656,121078,54.970001220703125
2026-06-09 14:55:00-04:00,55.130001068115234,55.16999816894531,54.974998474121094,54.97999954223633,93942,55.130001068115234
2026-06-09 15:00:00-04:00,55.220001220703125,55.220001220703125,55.060001373291016,55.130001068115234,72264,55.220001220703125
2026-06-09 15:05:00-04:00,55.09000015258789,55.25,55.089900970458984,55.212501525878906,107855,55.09000015258789
2026-06-09 15:10:00-04:00,54.939998626708984,55.084999084472656,54.939998626708984,55.084999084472656,46385,54.939998626708984
2026-06-09 15:15:00-04:00,54.775001525878906,54.9385986328125,54.75,54.93000030517578,180274,54.775001525878906
2026-06-09 15:20:00-04:00,54.81999969482422,54.86000061035156,54.73099899291992,54.74250030517578,81436,54.81999969482422
2026-06-09 15:25:00-04:00,54.91999816894531,54.939998626708984,54.79499816894531,54.810001373291016,73790,54.91999816894531
2026-06-09 15:30:00-04:00,54.970001220703125,54.974998474121094,54.89250183105469,54.90999984741211,60994,54.970001220703125
2026-06-09 15:35:00-04:00,54.866600036621094,54.970001220703125,54.86000061035156,54.95000076293945,74325,54.866600036621094
2026-06-09 15:40:00-04:00,54.86000061035156,54.900001525878906,54.744998931884766,54.86000061035156,79973,54.86000061035156
2026-06-09 15:45:00-04:00,54.810001373291016,54.89500045776367,54.7400016784668,54.869998931884766,111057,54.810001373291016
2026-06-09 15:50:00-04:00,55.064998626708984,55.064998626708984,54.810001373291016,54.810001373291016,400836,55.064998626708984
2026-06-09 15:55:00-04:00,55.209999084472656,55.22999954223633,55.064998626708984,55.064998626708984,300548,55.209999084472656
2026-06-10 09:30:00-04:00,54.64500045776367,54.91170120239258,54.63010025024414,54.720001220703125,868244,54.64500045776367
2026-06-10 09:35:00-04:00,54.93000030517578,55.04499816894531,54.63010025024414,54.6349983215332,235998,54.93000030517578
2026-06-10 09:40:00-04:00,55.14500045776367,55.15999984741211,54.755001068115234,54.935001373291016,206198,55.14500045776367
2026-06-10 09:45:00-04:00,55.255001068115234,55.28499984741211,55.060001373291016,55.149898529052734,271963,55.255001068115234
2026-06-10 09:50:00-04:00,55.064998626708984,55.2599983215332,54.9900016784668,55.2599983215332,167622,55.064998626708984
2026-06-10 09:55:00-04:00,55.04999923706055,55.15999984741211,55.02000045776367,55.04999923706055,106387,55.04999923706055
2026-06-10 10:00:00-04:00,55.154998779296875,55.20500183105469,54.96500015258789,55.04999923706055,155473,55.154998779296875
2026-06-10 10:05:00-04:00,55.244998931884766,55.2682991027832,55.08000183105469,55.154998779296875,59054,55.244998931884766
2026-06-10 10:10:00-04:00,55.178001403808594,55.285701751708984,55.1349983215332,55.25,122349,55.178001403808594
2026-06-10 10:15:00-04:00,55.16999816894531,55.22999954223633,55.10499954223633,55.18000030517578,118120,55.16999816894531
2026-06-10 10:20:00-04:00,55.369998931884766,55.3849983215332,55.150001525878906,55.20000076293945,101202,55.369998931884766
2026-06-10 10:25:00-04:00,55.3125,55.38999938964844,55.22999954223633,55.38249969482422,69418,55.3125
2026-06-10 10:30:00-04:00,55.428001403808594,55.428001403808594,55.15999984741211,55.314998626708984,87016,55.428001403808594
2026-06-10 10:35:00-04:00,55.2599983215332,55.43000030517578,55.22999954223633,55.41999816894531,57397,55.2599983215332
2026-06-10 10:40:00-04:00,55.150001525878906,55.34000015258789,55.150001525878906,55.27000045776367,118288,55.150001525878906
2026-06-10 10:45:00-04:00,55.06999969482422,55.20000076293945,55.01499938964844,55.154998779296875,58715,55.06999969482422
2026-06-10 10:50:00-04:00,55.040000915527344,55.16999816894531,55.02750015258789,55.060001373291016,117176,55.040000915527344
2026-06-10 10:55:00-04:00,54.81999969482422,55.07820129394531,54.75,55.07820129394531,197938,54.81999969482422
2026-06-10 11:00:00-04:00,54.82500076293945,54.959999084472656,54.709999084472656,54.81999969482422,105092,54.82500076293945
2026-06-10 11:05:00-04:00,54.720001220703125,54.83000183105469,54.685001373291016,54.81999969482422,77464,54.720001220703125
2026-06-10 11:10:00-04:00,54.57500076293945,54.709999084472656,54.54999923706055,54.689998626708984,149999,54.57500076293945
2026-06-10 11:15:00-04:00,54.51499938964844,54.56999969482422,54.40999984741211,54.54999923706055,138090,54.51499938964844
2026-06-10 11:20:00-04:00,54.70000076293945,54.75,54.494998931884766,54.494998931884766,111134,54.70000076293945
2026-06-10 11:25:00-04:00,54.63999938964844,54.77000045776367,54.630001068115234,54.6973991394043,66850,54.63999938964844
2026-06-10 11:30:00-04:00,54.599998474121094,54.7400016784668,54.54999923706055,54.6349983215332,139962,54.599998474121094
2026-06-10 11:35:00-04:00,54.58000183105469,54.650001525878906,54.52000045776367,54.60499954223633,77002,54.58000183105469
2026-06-10 11:40:00-04:00,54.7400016784668,54.750099182128906,54.54990005493164,54.57929992675781,44567,54.7400016784668
2026-06-10 11:45:00-04:00,54.474998474121094,54.76499938964844,54.40999984741211,54.72999954223633,254457,54.474998474121094
2026-06-10 11:50:00-04:00,54.62900161743164,54.67499923706055,54.33000183105469,54.47999954223633,149868,54.62900161743164
2026-06-10 11:55:00-04:00,54.724998474121094,54.7400016784668,54.529998779296875,54.58000183105469,85051,54.724998474121094
2026-06-10 12:00:00-04:00,54.689998626708984,54.79999923706055,54.6349983215332,54.73500061035156,56863,54.689998626708984
2026-06-10 12:05:00-04:00,54.599998474121094,54.720001220703125,54.56999969482422,54.68000030517578,68419,54.599998474121094
2026-06-10 12:10:00-04:00,54.5,54.595001220703125,54.48500061035156,54.595001220703125,72114,54.5
2026-06-10 12:15:00-04:00,54.540000915527344,54.564998626708984,54.480098724365234,54.5099983215332,54034,54.540000915527344
2026-06-10 12:20:00-04:00,54.4900016784668,54.56999969482422,54.47999954223633,54.529998779296875,83450,54.4900016784668
2026-06-10 12:25:00-04:00,54.52899932861328,54.560001373291016,54.474998474121094,54.48500061035156,33798,54.52899932861328
2026-06-10 12:30:00-04:00,54.63999938964844,54.63999938964844,54.46500015258789,54.494998931884766,28633,54.63999938964844
2026-06-10 12:35:00-04:00,54.68000030517578,54.71500015258789,54.58000183105469,54.650001525878906,60518,54.68000030517578
2026-06-10 12:40:00-04:00,54.55500030517578,54.70500183105469,54.525001525878906,54.679901123046875,32232,54.55500030517578
2026-06-10 12:45:00-04:00,54.46500015258789,54.540000915527344,54.400001525878906,54.540000915527344,75857,54.46500015258789
2026-06-10 12:50:00-04:00,54.48139953613281,54.54999923706055,54.43000030517578,54.451698303222656,58765,54.48139953613281
2026-06-10 12:55:00-04:00,54.4900016784668,54.4900016784668,54.40999984741211,54.48500061035156,46500,54.4900016784668
2026-06-10 13:00:00-04:00,54.589900970458984,54.59000015258789,54.45500183105469,54.4900016784668,39269,54.589900970458984
2026-06-10 13:05:00-04:00,54.4213981628418,54.569698333740234,54.41999816894531,54.569698333740234,56699,54.4213981628418
2026-06-10 13:10:00-04:00,54.3650016784668,54.42499923706055,54.34000015258789,54.42499923706055,33720,54.3650016784668
2026-06-10 13:15:00-04:00,54.361698150634766,54.400001525878906,54.34000015258789,54.347599029541016,48035,54.361698150634766
2026-06-10 13:20:00-04:00,54.400001525878906,54.41999816894531,54.3400993347168,54.3650016784668,24669,54.400001525878906
2026-06-10 13:25:00-04:00,54.41999816894531,54.45500183105469,54.3849983215332,54.415000915527344,63890,54.41999816894531
2026-06-10 13:30:00-04:00,54.400001525878906,54.439998626708984,54.334999084472656,54.435001373291016,36800,54.400001525878906
2026-06-10 13:35:00-04:00,54.33000183105469,54.38999938964844,54.33000183105469,54.38999938964844,21327,54.33000183105469
2026-06-10 13:40:00-04:00,54.31999969482422,54.380001068115234,54.314998626708984,54.34000015258789,28540,54.31999969482422
2026-06-10 13:45:00-04:00,54.567501068115234,54.599998474121094,54.314998626708984,54.314998626708984,77246,54.567501068115234
2026-06-10 13:50:00-04:00,54.529998779296875,54.56999969482422,54.439998626708984,54.5525016784668,117916,54.529998779296875
2026-06-10 13:55:00-04:00,54.59000015258789,54.625,54.53990173339844,54.53990173339844,29505,54.59000015258789
2026-06-10 14:00:00-04:00,54.66999816894531,54.67499923706055,54.58000183105469,54.59510040283203,45966,54.66999816894531
2026-06-10 14:05:00-04:00,54.56010055541992,54.68000030517578,54.56010055541992,54.68000030517578,27475,54.56010055541992
2026-06-10 14:10:00-04:00,54.599998474121094,54.63999938964844,54.55500030517578,54.55500030517578,19631,54.599998474121094
2026-06-10 14:15:00-04:00,54.505001068115234,54.650001525878906,54.47999954223633,54.602500915527344,22174,54.505001068115234
2026-06-10 14:20:00-04:00,54.51499938964844,54.56999969482422,54.474998474121094,54.5099983215332,41632,54.51499938964844
2026-06-10 14:25:00-04:00,54.48500061035156,54.529998779296875,54.47999954223633,54.494998931884766,22651,54.48500061035156
2026-06-10 14:30:00-04:00,54.44499969482422,54.4900016784668,54.42499923706055,54.46500015258789,20349,54.44499969482422
2026-06-10 14:35:00-04:00,54.380001068115234,54.45000076293945,54.350101470947266,54.43000030517578,63728,54.380001068115234
2026-06-10 14:40:00-04:00,54.38999938964844,54.42499923706055,54.35499954223633,54.38999938964844,31498,54.38999938964844
2026-06-10 14:45:00-04:00,54.349998474121094,54.400001525878906,54.345001220703125,54.38999938964844,26163,54.349998474121094
2026-06-10 14:50:00-04:00,54.30500030517578,54.34989929199219,54.25,54.34000015258789,89784,54.30500030517578
2026-06-10 14:55:00-04:00,54.290000915527344,54.320098876953125,54.25,54.29999923706055,29948,54.290000915527344
2026-06-10 15:00:00-04:00,54.314998626708984,54.375,54.244998931884766,54.279998779296875,38575,54.314998626708984
2026-06-10 15:05:00-04:00,54.3650016784668,54.39500045776367,54.28499984741211,54.30500030517578,35525,54.3650016784668
2026-06-10 15:10:00-04:00,54.27000045776367,54.359901428222656,54.25,54.35499954223633,38763,54.27000045776367
2026-06-10 15:15:00-04:00,54.17499923706055,54.27799987792969,54.15999984741211,54.2775993347168,55572,54.17499923706055
2026-06-10 15:20:00-04:00,54.165000915527344,54.18000030517578,54.11009979248047,54.17499923706055,97461,54.165000915527344
2026-06-10 15:25:00-04:00,54.19499969482422,54.20439910888672,54.099700927734375,54.15999984741211,83373,54.19499969482422
2026-06-10 15:30:00-04:00,54.29800033569336,54.31999969482422,54.150001525878906,54.17490005493164,59143,54.29800033569336
2026-06-10 15:35:00-04:00,54.3650016784668,54.377601623535156,54.275001525878906,54.275001525878906,59206,54.3650016784668
2026-06-10 15:40:00-04:00,54.32500076293945,54.389801025390625,54.275001525878906,54.372501373291016,50999,54.32500076293945
2026-06-10 15:45:00-04:00,54.26499938964844,54.33000183105469,54.20199966430664,54.33000183105469,79470,54.26499938964844
2026-06-10 15:50:00-04:00,54.29999923706055,54.375,54.185001373291016,54.25,180624,54.29999923706055
2026-06-10 15:55:00-04:00,54.15999984741211,54.334999084472656,54.15999984741211,54.290000915527344,226799,54.15999984741211
