Datetime,Close,High,Low,Open,Volume,Adj Close
2026-04-29 09:30:00-04:00,444.239990234375,447.05499267578125,442.410888671875,445.36248779296875,610992,444.239990234375
2026-04-29 09:35:00-04:00,445.2099914550781,445.5799865722656,443.17999267578125,444.1400146484375,163796,445.2099914550781
2026-04-29 09:40:00-04:00,445.0050048828125,446.0400085449219,444.29998779296875,445.20001220703125,127894,445.0050048828125
2026-04-29 09:45:00-04:00,443.8399963378906,445.3599853515625,443.5299987792969,444.8999938964844,104332,443.8399963378906
2026-04-29 09:50:00-04:00,445.92999267578125,446.260009765625,443.55499267578125,443.739990234375,58519,445.92999267578125
2026-04-29 09:55:00-04:00,445.79998779296875,447.010009765625,445.6000061035156,445.95001220703125,74429,445.79998779296875
2026-04-29 10:00:00-04:00,445.2650146484375,445.8999938964844,444.57000732421875,445.7850036621094,67300,445.2650146484375
2026-04-29 10:05:00-04:00,444.44000244140625,445.6099853515625,443.9599914550781,445.2200012207031,42015,444.44000244140625
2026-04-29 10:10:00-04:00,445.0899963378906,445.42498779296875,443.95001220703125,444.3999938964844,67672,445.0899963378906
2026-04-29 10:15:00-04:00,445.95001220703125,446.06988525390625,444.7099914550781,445.010009765625,67718,445.95001220703125
2026-04-29 10:20:00-04:00,447.0150146484375,447.2300109863281,445.5899963378906,445.9200134277344,76664,447.0150146484375
2026-04-29 10:25:00-04:00,447.7300109863281,448.44000244140625,446.7200012207031,447.0899963378906,141683,447.7300109863281
2026-04-29 10:30:00-04:00,448.6499938964844,448.8595886230469,447.29998779296875,447.7099914550781,96883,448.6499938964844
2026-04-29 10:35:00-04:00,449.5400085449219,449.69000244140625,448.6099853515625,448.6600036621094,115047,449.5400085449219
2026-04-29 10:40:00-04:00,449.1300964355469,449.5400085449219,448.6000061035156,449.5400085449219,90175,449.1300964355469
2026-04-29 10:45:00-04:00,448.0299987792969,449.5249938964844,448.0299987792969,449.1794128417969,103095,448.0299987792969
2026-04-29 10:50:00-04:00,449.0199890136719,449.0299987792969,447.8999938964844,448.010009765625,38836,449.0199890136719
2026-04-29 10:55:00-04:00,448.7449951171875,449.2099914550781,448.32000732421875,449.0299987792969,39880,448.7449951171875
2026-04-29 11:00:00-04:00,447.989990234375,449.0989074707031,447.989990234375,448.92999267578125,57086,447.989990234375
2026-04-29 11:05:00-04:00,446.6700134277344,448.489990234375,446.6300048828125,447.9800109863281,93371,446.6700134277344
2026-04-29 11:10:00-04:00,446.9100036621094,446.9100036621094,445.6199951171875,446.6300048828125,106381,446.9100036621094
2026-04-29 11:15:00-04:00,447.2799987792969,447.739990234375,446.3599853515625,446.7699890136719,43267,447.2799987792969
2026-04-29 11:20:00-04:00,447.0588073730469,447.7900085449219,447.0299987792969,447.67999267578125,35469,447.0588073730469
2026-04-29 11:25:00-04:00,447.0299987792969,447.5,446.6600036621094,447.19989013671875,41502,447.0299987792969
2026-04-29 11:30:00-04:00,447.0201110839844,447.3699951171875,446.5400085449219,447.10980224609375,30295,447.0201110839844
2026-04-29 11:35:00-04:00,446.739990234375,447.2799987792969,446.3699951171875,447.15899658203125,28104,446.739990234375
2026-04-29 11:40:00-04:00,447.04998779296875,447.4700012207031,446.739990234375,446.95001220703125,54589,447.04998779296875
2026-04-29 11:45:00-04:00,447.25,447.5,446.7699890136719,447.0450134277344,22676,447.25
2026-04-29 11:50:00-04:00,446.0400085449219,447.2900085449219,445.70001220703125,447.2200012207031,88609,446.0400085449219
2026-04-29 11:55:00-04:00,446.2650146484375,446.44000244140625,445.5950012207031,446.1099853515625,95659,446.2650146484375
2026-04-29 12:00:00-04:00,446.7950134277344,446.80999755859375,445.9200134277344,446.260009765625,28575,446.7950134277344
2026-04-29 12:05:00-04:00,446.6000061035156,447.2250061035156,446.54998779296875,446.7850036621094,39875,446.6000061035156
2026-04-29 12:10:00-04:00,445.92999267578125,446.80999755859375,445.92999267578125,446.5,48982,445.92999267578125
2026-04-29 12:15:00-04:00,445.17999267578125,445.9599914550781,445.1700134277344,445.8399963378906,71279,445.17999267578125
2026-04-29 12:20:00-04:00,445.29998779296875,445.6449890136719,444.9700012207031,445.1199951171875,28402,445.29998779296875
2026-04-29 12:25:00-04:00,445.04998779296875,445.4599914550781,444.885009765625,445.3900146484375,40830,445.04998779296875
2026-04-29 12:30:00-04:00,443.8999938964844,444.9599914550781,443.7300109863281,444.9599914550781,83877,443.8999938964844
2026-04-29 12:35:00-04:00,445.2300109863281,445.2300109863281,443.7099914550781,443.9200134277344,77914,445.2300109863281
2026-04-29 12:40:00-04:00,445.4700012207031,445.8500061035156,444.9700012207031,445.45001220703125,35960,445.4700012207031
2026-04-29 12:45:00-04:00,445.510009765625,445.6499938964844,445.19000244140625,445.45001220703125,27380,445.510009765625
2026-04-29 12:50:00-04:00,445.3399963378906,446.0799865722656,445.1600036621094,445.3599853515625,26069,445.3399963378906
2026-04-29 12:55:00-04:00,445.32000732421875,445.5400085449219,444.6520080566406,445.3800048828125,58997,445.32000732421875
2026-04-29 13:00:00-04:00,445.32000732421875,445.75,444.8299865722656,445.4100036621094,42093,445.32000732421875
2026-04-29 13:05:00-04:00,445.5150146484375,445.7799987792969,445.16009521484375,445.3299865722656,15937,445.5150146484375
2026-04-29 13:10:00-04:00,446.31500244140625,446.489990234375,445.5799865722656,445.5799865722656,104898,446.31500244140625
2026-04-29 13:15:00-04:00,446.25,446.79998779296875,445.9700012207031,446.25,20490,446.25
2026-04-29 13:20:00-04:00,445.8450012207031,446.760009765625,445.8299865722656,446.29998779296875,34863,445.8450012207031
2026-04-29 13:25:00-04:00,445.8699951171875,445.92498779296875,445.2699890136719,445.9200134277344,18695,445.8699951171875
2026-04-29 13:30:00-04:00,445.6099853515625,446.0199890136719,445.4800109863281,445.9100036621094,24763,445.6099853515625
2026-04-29 13:35:00-04:00,445.7799072265625,445.9200134277344,445.45001220703125,445.5400085449219,13556,445.7799072265625
2026-04-29 13:40:00-04:00,445.5199890136719,445.8399963378906,445.1400146484375,445.79998779296875,17521,445.5199890136719
2026-04-29 13:45:00-04:00,446.1189880371094,446.239990234375,445.45001220703125,445.6300048828125,34058,446.1189880371094
2026-04-29 13:50:00-04:00,446.3599853515625,446.5799865722656,445.92999267578125,445.989990234375,18713,446.3599853515625
2026-04-29 13:55:00-04:00,447.0,447.0,446.3500061035156,446.3500061035156,27388,447.0
2026-04-29 14:00:00-04:00,446.239990234375,447.18798828125,445.9949951171875,447.05999755859375,65418,446.239990234375
2026-04-29 14:05:00-04:00,445.57000732421875,446.74249267578125,445.489990234375,446.31549072265625,36322,445.57000732421875
2026-04-29 14:10:00-04:00,445.54998779296875,445.80499267578125,445.20001220703125,445.6300048828125,19233,445.54998779296875
2026-04-29 14:15:00-04:00,446.0799865722656,446.760009765625,445.4949951171875,445.5,20945,446.0799865722656
2026-04-29 14:20:00-04:00,446.6600036621094,446.7900085449219,446.0899963378906,446.1400146484375,36847,446.6600036621094
2026-04-29 14:25:00-04:00,446.3374938964844,446.6499938964844,446.17999267578125,446.6499938964844,33362,446.3374938964844
2026-04-29 14:30:00-04:00,445.7699890136719,446.32501220703125,445.4549865722656,446.25,38522,445.7699890136719
2026-04-29 14:35:00-04:00,446.7099914550781,447.489990234375,445.7550048828125,445.82000732421875,65889,446.7099914550781
2026-04-29 14:40:00-04:00,445.75,446.67999267578125,445.70001220703125,446.6600036621094,38348,445.75
2026-04-29 14:45:00-04:00,447.0350036621094,447.2099914550781,445.3399963378906,445.69000244140625,36592,447.0350036621094
2026-04-29 14:50:00-04:00,447.6400146484375,448.1099853515625,447.2099914550781,447.2099914550781,31064,447.6400146484375
2026-04-29 14:55:00-04:00,448.3999938964844,448.75,447.55499267578125,447.5950012207031,73834,448.3999938964844
2026-04-29 15:00:00-04:00,448.260009765625,448.7799987792969,447.8299865722656,448.5299987792969,61970,448.260009765625
2026-04-29 15:05:00-04:00,448.5400085449219,448.92999267578125,447.7799987792969,448.1549987792969,104152,448.5400085449219
2026-04-29 15:10:00-04:00,449.760009765625,449.80999755859375,448.3299865722656,448.54998779296875,105616,449.760009765625
2026-04-29 15:15:00-04:00,449.6400146484375,450.3699951171875,449.54998779296875,449.7799987792969,83356,449.6400146484375
2026-04-29 15:20:00-04:00,449.4599914550781,449.69000244140625,448.7300109863281,449.6300048828125,59885,449.4599914550781
2026-04-29 15:25:00-04:00,449.4599914550781,450.2099914550781,449.4100036621094,449.45001220703125,113126,449.4599914550781
2026-04-29 15:30:00-04:00,448.9200134277344,449.489990234375,448.5350036621094,449.45001220703125,126280,448.9200134277344
2026-04-29 15:35:00-04:00,449.19000244140625,449.3699951171875,448.40008544921875,448.69000244140625,81565,449.19000244140625
2026-04-29 15:40:00-04:00,448.9800109863281,449.3399963378906,448.6700134277344,449.19500732421875,95706,448.9800109863281
2026-04-29 15:45:00-04:00,448.7799987792969,449.2149963378906,448.6300048828125,449.0299987792969,84415,448.7799987792969
2026-04-29 15:50:00-04:00,449.010009765625,449.3299865722656,448.07000732421875,448.760009765625,196415,449.010009765625
2026-04-29 15:55:00-04:00,450.2300109863281,450.2300109863281,448.67999267578125,448.92999267578125,282261,450.2300109863281
2026-04-30 09:30:00-04:00,451.81719970703125,456.7950134277344,450.7699890136719,456.5799865722656,564169,451.81719970703125
2026-04-30 09:35:00-04:00,452.54010009765625,453.4800109863281,450.8699951171875,451.6099853515625,142291,452.54010009765625
2026-04-30 09:40:00-04:00,454.364990234375,454.489990234375,451.3999938964844,452.70001220703125,142027,454.364990234375
2026-04-30 09:45:00-04:00,453.8898010253906,455.45001220703125,452.67498779296875,454.3999938964844,89696,453.8898010253906
2026-04-30 09:50:00-04:00,451.94000244140625,454.1600036621094,451.7900085449219,453.6700134277344,116185,451.94000244140625
2026-04-30 09:55:00-04:00,453.1499938964844,453.1839904785156,450.6400146484375,452.1000061035156,258880,453.1499938964844
2026-04-30 10:00:00-04:00,453.8500061035156,454.70001220703125,452.6300048828125,453.1600036621094,52166,453.8500061035156
2026-04-30 10:05:00-04:00,452.43499755859375,454.46990966796875,451.95001220703125,453.8299865722656,85956,452.43499755859375
2026-04-30 10:10:00-04:00,453.1000061035156,453.82000732421875,450.8599853515625,452.489990234375,57808,453.1000061035156
2026-04-30 10:15:00-04:00,452.2698974609375,453.05999755859375,450.6099853515625,453.05999755859375,56006,452.2698974609375
2026-04-30 10:20:00-04:00,452.7300109863281,453.2200012207031,451.67999267578125,452.17999267578125,39709,452.7300109863281
2026-04-30 10:25:00-04:00,451.5,452.7200012207031,451.2699890136719,452.6000061035156,27350,451.5
2026-04-30 10:30:00-04:00,451.4200134277344,452.92999267578125,450.69000244140625,451.3999938964844,60539,451.4200134277344
2026-04-30 10:35:00-04:00,449.6199951171875,451.82000732421875,449.5,451.7799987792969,83035,449.6199951171875
2026-04-30 10:40:00-04:00,451.46099853515625,451.6449890136719,449.3500061035156,449.5799865722656,43727,451.46099853515625
2026-04-30 10:45:00-04:00,452.7149963378906,453.1000061035156,451.4100036621094,451.4100036621094,96227,452.7149963378906
2026-04-30 10:50:00-04:00,454.4800109863281,454.82000732421875,452.3999938964844,452.6099853515625,102485,454.4800109863281
2026-04-30 10:55:00-04:00,455.5,455.6199951171875,454.7099914550781,454.7300109863281,71556,455.5
2026-04-30 11:00:00-04:00,455.739990234375,456.7900085449219,455.3900146484375,455.3900146484375,98370,455.739990234375
2026-04-30 11:05:00-04:00,457.05999755859375,457.19000244140625,455.4849853515625,455.7898864746094,57396,457.05999755859375
2026-04-30 11:10:00-04:00,457.2300109863281,457.7998962402344,455.8800048828125,457.0350036621094,68666,457.2300109863281
2026-04-30 11:15:00-04:00,457.260009765625,457.6099853515625,456.5450134277344,457.239990234375,55565,457.260009765625
2026-04-30 11:20:00-04:00,457.30999755859375,457.70989990234375,456.8500061035156,457.3800048828125,49476,457.30999755859375
2026-04-30 11:25:00-04:00,458.3005065917969,458.6600036621094,457.2799987792969,457.364990234375,43829,458.3005065917969
2026-04-30 11:30:00-04:00,459.20001220703125,459.639892578125,458.2650146484375,458.2650146484375,56805,459.20001220703125
2026-04-30 11:35:00-04:00,457.8699951171875,459.1199035644531,457.4700012207031,459.1199035644531,47556,457.8699951171875
2026-04-30 11:40:00-04:00,456.93499755859375,457.9800109863281,456.8399963378906,457.8500061035156,40291,456.93499755859375
2026-04-30 11:45:00-04:00,456.5799865722656,456.92999267578125,455.79998779296875,456.92999267578125,42668,456.5799865722656
2026-04-30 11:50:00-04:00,457.8674011230469,457.92498779296875,456.4700927734375,456.7049865722656,38848,457.8674011230469
2026-04-30 11:55:00-04:00,457.1499938964844,457.9909973144531,456.8800048828125,457.8900146484375,24522,457.1499938964844
2026-04-30 12:00:00-04:00,457.260009765625,457.6499938964844,456.5899963378906,457.19000244140625,50639,457.260009765625
2026-04-30 12:05:00-04:00,457.70001220703125,458.0693054199219,457.19000244140625,457.2099914550781,117748,457.70001220703125
2026-04-30 12:10:00-04:00,458.70001220703125,458.760009765625,457.69000244140625,457.739990234375,61781,458.70001220703125
2026-04-30 12:15:00-04:00,458.6000061035156,458.7149963378906,458.20001220703125,458.7149963378906,29849,458.6000061035156
2026-04-30 12:20:00-04:00,458.25,458.68438720703125,458.239990234375,458.6099853515625,32457,458.25
2026-04-30 12:25:00-04:00,458.69000244140625,458.69000244140625,457.7799987792969,458.260009765625,25714,458.69000244140625
2026-04-30 12:30:00-04:00,458.3999938964844,458.79998779296875,458.19000244140625,458.7699890136719,16455,458.3999938964844
2026-04-30 12:35:00-04:00,458.8500061035156,458.9049987792969,458.0400085449219,458.364990234375,37200,458.8500061035156
2026-04-30 12:40:00-04:00,458.3699951171875,458.8399963378906,458.3699951171875,458.8399963378906,23364,458.3699951171875
2026-04-30 12:45:00-04:00,457.94000244140625,458.3900146484375,457.6300048828125,458.3599853515625,31146,457.94000244140625
2026-04-30 12:50:00-04:00,457.5050048828125,458.1099853515625,457.30999755859375,457.9200134277344,25246,457.5050048828125
2026-04-30 12:55:00-04:00,457.6499938964844,457.760009765625,456.8900146484375,457.4750061035156,53946,457.6499938964844
2026-04-30 13:00:00-04:00,458.60809326171875,458.7799987792969,457.6650085449219,457.6650085449219,34953,458.60809326171875
2026-04-30 13:05:00-04:00,458.8599853515625,458.92498779296875,458.3699951171875,458.6050109863281,29008,458.8599853515625
2026-04-30 13:10:00-04:00,459.06500244140625,459.29998779296875,458.6900939941406,459.010009765625,49513,459.06500244140625
2026-04-30 13:15:00-04:00,458.8599853515625,459.1400146484375,458.3399963378906,459.0398864746094,25649,458.8599853515625
2026-04-30 13:20:00-04:00,459.0,459.04998779296875,458.57000732421875,458.7477111816406,19918,459.0
2026-04-30 13:25:00-04:00,459.17999267578125,459.2099914550781,458.7981872558594,459.0050048828125,50399,459.17999267578125
2026-04-30 13:30:00-04:00,459.9750061035156,460.260009765625,459.2200012207031,459.260009765625,91927,459.9750061035156
2026-04-30 13:35:00-04:00,460.510009765625,460.6099853515625,459.8699951171875,459.96990966796875,36552,460.510009765625
2026-04-30 13:40:00-04:00,460.29998779296875,460.67999267578125,460.0799865722656,460.510009765625,24880,460.29998779296875
2026-04-30 13:45:00-04:00,460.5450134277344,461.0400085449219,460.3999938964844,460.8800048828125,21828,460.5450134277344
2026-04-30 13:50:00-04:00,461.0799865722656,461.1000061035156,460.54998779296875,460.54998779296875,24995,461.0799865722656
2026-04-30 13:55:00-04:00,461.3900146484375,461.6199951171875,460.9100036621094,461.04998779296875,37661,461.3900146484375
2026-04-30 14:00:00-04:00,461.3299865722656,461.7099914550781,461.0609130859375,461.3999938964844,27586,461.3299865722656
2026-04-30 14:05:00-04:00,460.760009765625,461.3599853515625,460.6099853515625,461.3299865722656,31562,460.760009765625
2026-04-30 14:10:00-04:00,460.6700134277344,460.7698974609375,460.44000244140625,460.5,21955,460.6700134277344
2026-04-30 14:15:00-04:00,460.510009765625,461.1549987792969,460.510009765625,460.80999755859375,24317,460.510009765625
2026-04-30 14:20:00-04:00,460.31500244140625,460.6099853515625,459.92999267578125,460.4849853515625,24698,460.31500244140625
2026-04-30 14:25:00-04:00,460.3500061035156,460.55499267578125,460.0899963378906,460.3150939941406,21269,460.3500061035156
2026-04-30 14:30:00-04:00,460.4100036621094,460.80999755859375,460.3299865722656,460.3699951171875,44935,460.4100036621094
2026-04-30 14:35:00-04:00,460.17999267578125,460.70989990234375,460.17999267578125,460.42999267578125,12306,460.17999267578125
2026-04-30 14:40:00-04:00,459.92999267578125,460.19000244140625,459.69000244140625,460.17999267578125,18209,459.92999267578125
2026-04-30 14:45:00-04:00,459.82501220703125,460.1600036621094,459.75,459.7799987792969,16786,459.82501220703125
2026-04-30 14:50:00-04:00,459.75,459.9200134277344,459.6499938964844,459.75,20354,459.75
2026-04-30 14:55:00-04:00,459.0899963378906,459.9700012207031,459.010009765625,459.7749938964844,54680,459.0899963378906
2026-04-30 15:00:00-04:00,459.2799987792969,459.8999938964844,458.8399963378906,459.010009765625,48845,459.2799987792969
2026-04-30 15:05:00-04:00,459.8800048828125,460.0,459.31500244140625,459.3500061035156,55657,459.8800048828125
2026-04-30 15:10:00-04:00,460.510009765625,460.510009765625,459.8399963378906,459.8800048828125,45748,460.510009765625
2026-04-30 15:15:00-04:00,460.9700012207031,461.1099853515625,460.5199890136719,460.5199890136719,33647,460.9700012207031
2026-04-30 15:20:00-04:00,460.4700012207031,460.9717102050781,460.4599914550781,460.94000244140625,18473,460.4700012207031
2026-04-30 15:25:00-04:00,460.19000244140625,460.739990234375,460.135009765625,460.4100036621094,30098,460.19000244140625
2026-04-30 15:30:00-04:00,460.489990234375,460.489990234375,459.8399963378906,460.05999755859375,35746,460.489990234375
2026-04-30 15:35:00-04:00,460.1499938964844,460.5400085449219,459.7749938964844,460.5,35858,460.1499938964844
2026-04-30 15:40:00-04:00,460.4599914550781,460.57000732421875,459.79998779296875,460.04998779296875,34640,460.4599914550781
2026-04-30 15:45:00-04:00,460.5950012207031,460.5950012207031,460.2799987792969,460.4599914550781,47543,460.5950012207031
2026-04-30 15:50:00-04:00,460.1700134277344,460.739990234375,459.07000732421875,460.6499938964844,157051,460.1700134277344
2026-04-30 15:55:00-04:00,461.54998779296875,462.1400146484375,460.6199951171875,460.885009765625,402070,461.54998779296875
2026-05-01 09:30:00-04:00,458.0299987792969,458.7650146484375,455.1199951171875,458.4700012207031,439492,458.0299987792969
2026-05-01 09:35:00-04:00,461.2699890136719,461.4800109863281,457.3800048828125,458.42999267578125,160387,461.2699890136719
2026-05-01 09:40:00-04:00,462.510009765625,462.614990234375,460.5400085449219,461.2698974609375,142260,462.510009765625
2026-05-01 09:45:00-04:00,460.3599853515625,462.5849914550781,459.7699890136719,462.5849914550781,136897,460.3599853515625
2026-05-01 09:50:00-04:00,460.32501220703125,461.2699890136719,459.4580993652344,460.54998779296875,124587,460.32501220703125
2026-05-01 09:55:00-04:00,463.926513671875,463.926513671875,460.07000732421875,460.3399963378906,127790,463.926513671875
2026-05-01 10:00:00-04:00,464.6199951171875,464.8299865722656,462.8800048828125,463.92999267578125,117963,464.6199951171875
2026-05-01 10:05:00-04:00,463.364990234375,464.69989013671875,462.8599853515625,464.6300048828125,63882,463.364990234375
2026-05-01 10:10:00-04:00,463.6600036621094,464.1400146484375,462.5950012207031,463.2699890136719,58770,463.6600036621094
2026-05-01 10:15:00-04:00,463.1700134277344,463.8900146484375,462.739990234375,463.3900146484375,58321,463.1700134277344
2026-05-01 10:20:00-04:00,463.45001220703125,464.1499938964844,463.0299987792969,463.17999267578125,111583,463.45001220703125
2026-05-01 10:25:00-04:00,462.6499938964844,463.8598937988281,462.5799865722656,463.4750061035156,38011,462.6499938964844
2026-05-01 10:30:00-04:00,460.2250061035156,462.5400085449219,460.07501220703125,462.5400085449219,74062,460.2250061035156
2026-05-01 10:35:00-04:00,461.0299987792969,461.260009765625,459.20001220703125,460.25,70591,461.0299987792969
2026-05-01 10:40:00-04:00,461.8500061035156,462.1300964355469,460.45001220703125,461.1099853515625,46512,461.8500061035156
2026-05-01 10:45:00-04:00,461.1099853515625,462.0799865722656,461.1099853515625,461.54998779296875,34228,461.1099853515625
2026-05-01 10:50:00-04:00,461.32000732421875,461.93499755859375,459.69000244140625,461.110107421875,35703,461.32000732421875
2026-05-01 10:55:00-04:00,460.739990234375,462.1752014160156,460.739990234375,461.3500061035156,38595,460.739990234375
2026-05-01 11:00:00-04:00,461.07501220703125,461.125,459.9601135253906,460.739990234375,37413,461.07501220703125
2026-05-01 11:05:00-04:00,461.2040100097656,461.4549865722656,460.5199890136719,461.0450134277344,12904,461.2040100097656
2026-05-01 11:10:00-04:00,461.95001220703125,462.20001220703125,460.8999938964844,461.2049865722656,54526,461.95001220703125
2026-05-01 11:15:00-04:00,463.2699890136719,463.2699890136719,462.0199890136719,462.1199951171875,38254,463.2699890136719
2026-05-01 11:20:00-04:00,463.07501220703125,463.6000061035156,462.7900085449219,463.2900085449219,49660,463.07501220703125
2026-05-01 11:25:00-04:00,462.8699951171875,463.489990234375,462.7101135253906,463.29998779296875,35671,462.8699951171875
2026-05-01 11:30:00-04:00,462.8299865722656,463.3299865722656,462.69000244140625,463.1000061035156,19367,462.8299865722656
2026-05-01 11:35:00-04:00,462.94000244140625,463.4100036621094,462.4949951171875,462.7749938964844,37824,462.94000244140625
2026-05-01 11:40:00-04:00,463.1400146484375,463.3299865722656,462.6499938964844,463.07000732421875,18266,463.1400146484375
2026-05-01 11:45:00-04:00,463.0450134277344,463.2799072265625,462.70001220703125,462.8800048828125,22479,463.0450134277344
2026-05-01 11:50:00-04:00,463.1400146484375,463.1700134277344,461.20001220703125,463.0050048828125,96557,463.1400146484375
2026-05-01 11:55:00-04:00,463.6000061035156,463.6000061035156,462.9750061035156,463.19000244140625,38838,463.6000061035156
2026-05-01 12:00:00-04:00,463.5299987792969,464.05999755859375,463.489990234375,463.510009765625,42922,463.5299987792969
2026-05-01 12:05:00-04:00,463.35791015625,463.70001220703125,463.1700134277344,463.4700012207031,28493,463.35791015625
2026-05-01 12:10:00-04:00,463.2799987792969,463.8299865722656,463.07000732421875,463.3399963378906,30194,463.2799987792969
2026-05-01 12:15:00-04:00,463.9700012207031,464.1600036621094,463.25,463.2799987792969,34420,463.9700012207031
2026-05-01 12:20:00-04:00,463.70001220703125,464.1000061035156,462.8999938964844,464.05999755859375,48542,463.70001220703125
2026-05-01 12:25:00-04:00,462.860107421875,463.6499938964844,462.82000732421875,463.6499938964844,22836,462.860107421875
2026-05-01 12:30:00-04:00,463.18499755859375,463.44000244140625,462.760009765625,462.80999755859375,17618,463.18499755859375
2026-05-01 12:35:00-04:00,463.760009765625,463.80999755859375,463.1650085449219,463.25,18217,463.760009765625
2026-05-01 12:40:00-04:00,463.3900146484375,463.7749938964844,463.30999755859375,463.7300109863281,22303,463.3900146484375
2026-05-01 12:45:00-04:00,463.6499938964844,463.7699890136719,463.04998779296875,463.3500061035156,17752,463.6499938964844
2026-05-01 12:50:00-04:00,463.7149963378906,464.0,463.3999938964844,463.69000244140625,23222,463.7149963378906
2026-05-01 12:55:00-04:00,463.3800048828125,464.0899963378906,463.3800048828125,463.8070983886719,19509,463.3800048828125
2026-05-01 13:00:00-04:00,463.8599853515625,463.95001220703125,463.3699951171875,463.3699951171875,19428,463.8599853515625
2026-05-01 13:05:00-04:00,464.05999755859375,464.19000244140625,463.7699890136719,463.8999938964844,16478,464.05999755859375
2026-05-01 13:10:00-04:00,464.2349853515625,464.30499267578125,463.8299865722656,464.07000732421875,22537,464.2349853515625
2026-05-01 13:15:00-04:00,464.4200134277344,464.6400146484375,464.17999267578125,464.2349853515625,23059,464.4200134277344
2026-05-01 13:20:00-04:00,464.260009765625,464.55999755859375,464.2149963378906,464.4750061035156,18143,464.260009765625
2026-05-01 13:25:00-04:00,464.32000732421875,464.3299865722656,463.79998779296875,464.239990234375,31532,464.32000732421875
2026-05-01 13:30:00-04:00,464.6000061035156,464.6499938964844,464.1600036621094,464.3500061035156,16725,464.6000061035156
2026-05-01 13:35:00-04:00,464.260009765625,464.5299987792969,464.0150146484375,464.4544982910156,18787,464.260009765625
2026-05-01 13:40:00-04:00,464.79998779296875,464.79998779296875,464.20001220703125,464.20001220703125,21634,464.79998779296875
2026-05-01 13:45:00-04:00,465.1300048828125,465.2200012207031,464.6680908203125,464.80999755859375,43370,465.1300048828125
2026-05-01 13:50:00-04:00,464.8299865722656,465.2099914550781,464.7900085449219,465.135009765625,23823,464.8299865722656
2026-05-01 13:55:00-04:00,464.9599914550781,465.1700134277344,464.8699951171875,464.8699951171875,17141,464.9599914550781
2026-05-01 14:00:00-04:00,464.9100036621094,465.19500732421875,464.7300109863281,465.1050109863281,17570,464.9100036621094
2026-05-01 14:05:00-04:00,465.1199951171875,465.25,464.56500244140625,464.6650085449219,30075,465.1199951171875
2026-05-01 14:10:00-04:00,464.8699951171875,465.25,464.7799987792969,465.1300048828125,25706,464.8699951171875
2026-05-01 14:15:00-04:00,465.0299987792969,465.239990234375,464.760009765625,464.875,23411,465.0299987792969
2026-05-01 14:20:00-04:00,465.0906066894531,465.1499938964844,464.80499267578125,465.0150146484375,12767,465.0906066894531
2026-05-01 14:25:00-04:00,465.1700134277344,465.2900085449219,464.8800048828125,465.04998779296875,32467,465.1700134277344
2026-05-01 14:30:00-04:00,465.1400146484375,465.3900146484375,464.80999755859375,465.1300048828125,48555,465.1400146484375
2026-05-01 14:35:00-04:00,464.7650146484375,465.2200012207031,464.7449951171875,465.1600036621094,16567,464.7650146484375
2026-05-01 14:40:00-04:00,464.3399963378906,464.9024963378906,464.1700134277344,464.7650146484375,12816,464.3399963378906
2026-05-01 14:45:00-04:00,464.1098937988281,464.4200134277344,463.3900146484375,464.3550109863281,27552,464.1098937988281
2026-05-01 14:50:00-04:00,464.4800109863281,464.5299987792969,463.94000244140625,464.2900085449219,17126,464.4800109863281
2026-05-01 14:55:00-04:00,464.80499267578125,464.8800048828125,464.510009765625,464.5799865722656,12744,464.80499267578125
2026-05-01 15:00:00-04:00,464.9599914550781,465.1000061035156,464.54998779296875,464.7950134277344,17593,464.9599914550781
2026-05-01 15:05:00-04:00,465.375,465.3900146484375,464.8500061035156,465.07000732421875,28907,465.375
2026-05-01 15:10:00-04:00,465.3800048828125,465.7799987792969,465.2349853515625,465.3800048828125,47434,465.3800048828125
2026-05-01 15:15:00-04:00,465.92999267578125,466.25,465.364990234375,465.364990234375,57209,465.92999267578125
2026-05-01 15:20:00-04:00,466.3999938964844,466.3999938964844,465.92999267578125,466.010009765625,22558,466.3999938964844
2026-05-01 15:25:00-04:00,466.6181945800781,466.8399963378906,466.3299865722656,466.4100036621094,37134,466.6181945800781
2026-05-01 15:30:00-04:00,466.2799987792969,466.7099914550781,465.92010498046875,466.7099914550781,29581,466.2799987792969
2026-05-01 15:35:00-04:00,465.82501220703125,466.20001220703125,465.7799987792969,466.20001220703125,23755,465.82501220703125
2026-05-01 15:40:00-04:00,465.8900146484375,466.2049865722656,465.6390075683594,465.739990234375,33314,465.8900146484375
2026-05-01 15:45:00-04:00,465.8500061035156,465.889892578125,465.4800109863281,465.8500061035156,49684,465.8500061035156
2026-05-01 15:50:00-04:00,466.0,466.33990478515625,465.489990234375,465.8599853515625,116951,466.0
2026-05-01 15:55:00-04:00,465.57000732421875,465.92999267578125,465.2799987792969,465.8399963378906,307409,465.57000732421875
2026-05-04 09:30:00-04:00,466.3110046386719,468.989990234375,465.3999938964844,467.947509765625,558118,466.3110046386719
2026-05-04 09:35:00-04:00,466.1000061035156,466.9700012207031,465.260009765625,466.5400085449219,119476,466.1000061035156
2026-05-04 09:40:00-04:00,466.1600036621094,468.04998779296875,465.20001220703125,466.0199890136719,134282,466.1600036621094
2026-05-04 09:45:00-04:00,465.8699951171875,467.29998779296875,465.42999267578125,466.177490234375,116838,465.8699951171875
2026-05-04 09:50:00-04:00,467.30999755859375,467.8500061035156,465.2200012207031,465.8949890136719,95137,467.30999755859375
2026-05-04 09:55:00-04:00,468.6400146484375,468.7200012207031,466.79998779296875,467.0799865722656,60087,468.6400146484375
2026-05-04 10:00:00-04:00,469.17999267578125,469.57000732421875,468.3450012207031,468.5799865722656,82303,469.17999267578125
2026-05-04 10:05:00-04:00,468.5799865722656,469.6099853515625,468.0,469.0299987792969,87024,468.5799865722656
2026-05-04 10:10:00-04:00,468.2300109863281,469.3900146484375,468.2300109863281,468.5299987792969,50522,468.2300109863281
2026-05-04 10:15:00-04:00,466.8299865722656,468.3299865722656,466.3599853515625,468.17999267578125,80247,466.8299865722656
2026-05-04 10:20:00-04:00,466.80999755859375,467.5799865722656,466.5,467.375,75167,466.80999755859375
2026-05-04 10:25:00-04:00,464.9814147949219,466.7900085449219,464.8949890136719,466.385009765625,94059,464.9814147949219
2026-05-04 10:30:00-04:00,465.2349853515625,466.07000732421875,464.75,464.9800109863281,103660,465.2349853515625
2026-05-04 10:35:00-04:00,466.2900085449219,466.3999938964844,465.17999267578125,465.2200012207031,48269,466.2900085449219
2026-05-04 10:40:00-04:00,467.010009765625,467.25,466.2300109863281,466.2900085449219,36388,467.010009765625
2026-05-04 10:45:00-04:00,466.3205871582031,467.5199890136719,466.17999267578125,467.29998779296875,47277,466.3205871582031
2026-05-04 10:50:00-04:00,466.4200134277344,466.54998779296875,465.94000244140625,466.3800048828125,31912,466.4200134277344
2026-05-04 10:55:00-04:00,465.6300048828125,467.0299987792969,465.5,466.3599853515625,47321,465.6300048828125
2026-05-04 11:00:00-04:00,465.7250061035156,465.9800109863281,464.739990234375,465.45001220703125,48728,465.7250061035156
2026-05-04 11:05:00-04:00,465.8399963378906,466.20001220703125,465.3999938964844,465.6600036621094,35579,465.8399963378906
2026-05-04 11:10:00-04:00,464.239990234375,466.05999755859375,464.07000732421875,465.8500061035156,43678,464.239990234375
2026-05-04 11:15:00-04:00,462.79998779296875,464.6400146484375,462.5299987792969,464.20001220703125,94318,462.79998779296875
2026-05-04 11:20:00-04:00,460.67999267578125,462.7799987792969,460.2799987792969,462.7799987792969,178226,460.67999267578125
2026-05-04 11:25:00-04:00,462.4700012207031,462.9700012207031,460.6000061035156,460.6875,80639,462.4700012207031
2026-05-04 11:30:00-04:00,462.5504150390625,462.70001220703125,461.2149963378906,462.510009765625,58982,462.5504150390625
2026-05-04 11:35:00-04:00,461.2799987792969,462.5,460.989990234375,462.1199951171875,72685,461.2799987792969
2026-05-04 11:40:00-04:00,462.3500061035156,462.4800109863281,460.1300964355469,461.19000244140625,69977,462.3500061035156
2026-05-04 11:45:00-04:00,461.8999938964844,462.4599914550781,461.635009765625,462.0249938964844,43126,461.8999938964844
2026-05-04 11:50:00-04:00,462.4200134277344,462.6199951171875,460.8800048828125,461.7799987792969,75508,462.4200134277344
2026-05-04 11:55:00-04:00,461.9649963378906,462.92999267578125,461.80999755859375,462.6023864746094,75676,461.9649963378906
2026-05-04 12:00:00-04:00,461.17498779296875,462.0799865722656,460.8599853515625,461.9200134277344,45129,461.17498779296875
2026-05-04 12:05:00-04:00,459.54998779296875,461.4200134277344,458.95001220703125,461.0799865722656,179998,459.54998779296875
2026-05-04 12:10:00-04:00,458.81500244140625,459.7699890136719,458.55999755859375,459.3999938964844,38151,458.81500244140625
2026-05-04 12:15:00-04:00,460.2699890136719,461.0400085449219,457.80999755859375,458.69000244140625,94024,460.2699890136719
2026-05-04 12:20:00-04:00,460.8599853515625,461.1099853515625,460.0400085449219,460.2449951171875,66990,460.8599853515625
2026-05-04 12:25:00-04:00,461.0299987792969,461.44000244140625,460.2850036621094,460.760009765625,88453,461.0299987792969
2026-05-04 12:30:00-04:00,461.2900085449219,461.6400146484375,460.7099914550781,461.0400085449219,40866,461.2900085449219
2026-05-04 12:35:00-04:00,460.04998779296875,461.3800048828125,460.0,461.31500244140625,51571,460.04998779296875
2026-05-04 12:40:00-04:00,460.6199951171875,461.0,460.0199890136719,460.1199951171875,19637,460.6199951171875
2026-05-04 12:45:00-04:00,461.0799865722656,461.0899963378906,460.42999267578125,460.6650085449219,23554,461.0799865722656
2026-05-04 12:50:00-04:00,460.8500061035156,461.2049865722656,460.25,460.9599914550781,42230,460.8500061035156
2026-05-04 12:55:00-04:00,460.95001220703125,461.4100036621094,460.8599853515625,461.07000732421875,23150,460.95001220703125
2026-05-04 13:00:00-04:00,462.07000732421875,462.25,460.8999938964844,460.95001220703125,61999,462.07000732421875
2026-05-04 13:05:00-04:00,462.2950134277344,462.4200134277344,461.94000244140625,462.1700134277344,38845,462.2950134277344
2026-05-04 13:10:00-04:00,462.3599853515625,462.5400085449219,461.94000244140625,462.42999267578125,32677,462.3599853515625
2026-05-04 13:15:00-04:00,463.2598876953125,463.45001220703125,462.1000061035156,462.2650146484375,74014,463.2598876953125
2026-05-04 13:20:00-04:00,463.7900085449219,463.8699951171875,463.1300048828125,463.3299865722656,32198,463.7900085449219
2026-05-04 13:25:00-04:00,463.54998779296875,463.739990234375,463.2349853515625,463.6099853515625,17844,463.54998779296875
2026-05-04 13:30:00-04:00,462.82000732421875,463.68499755859375,462.82000732421875,463.5,20547,462.82000732421875
2026-05-04 13:35:00-04:00,462.9100036621094,462.9100036621094,462.3349914550781,462.8399963378906,24252,462.9100036621094
2026-05-04 13:40:00-04:00,462.7799987792969,462.9100036621094,462.6499938964844,462.8450012207031,17899,462.7799987792969
2026-05-04 13:45:00-04:00,462.6000061035156,462.8399963378906,462.44000244140625,462.79998779296875,14313,462.6000061035156
2026-05-04 13:50:00-04:00,462.8599853515625,462.8999938964844,462.5199890136719,462.6199951171875,30116,462.8599853515625
2026-05-04 13:55:00-04:00,463.07000732421875,463.1300048828125,462.8699951171875,462.95001220703125,17509,463.07000732421875
2026-05-04 14:00:00-04:00,463.0150146484375,463.260009765625,462.98919677734375,463.17999267578125,18394,463.0150146484375
2026-05-04 14:05:00-04:00,462.82000732421875,463.2200012207031,462.7900085449219,463.0899963378906,27457,462.82000732421875
2026-05-04 14:10:00-04:00,462.9200134277344,463.1300048828125,462.7799987792969,462.8399963378906,14202,462.9200134277344
2026-05-04 14:15:00-04:00,462.340087890625,462.8800048828125,462.32000732421875,462.8699951171875,17247,462.340087890625
2026-05-04 14:20:00-04:00,462.1300048828125,462.4800109863281,461.8999938964844,462.2799987792969,34901,462.1300048828125
2026-05-04 14:25:00-04:00,462.67999267578125,462.7099914550781,461.364990234375,462.1000061035156,18396,462.67999267578125
2026-05-04 14:30:00-04:00,462.6600036621094,462.6600036621094,462.2900085449219,462.6600036621094,15321,462.6600036621094
2026-05-04 14:35:00-04:00,462.29998779296875,462.7099914550781,462.18499755859375,462.54998779296875,11129,462.29998779296875
2026-05-04 14:40:00-04:00,461.42498779296875,462.4599914550781,461.3599853515625,462.32000732421875,22177,461.42498779296875
2026-05-04 14:45:00-04:00,461.610595703125,461.6199951171875,461.0299987792969,461.3399963378906,19945,461.610595703125
2026-05-04 14:50:00-04:00,461.7799987792969,462.12359619140625,461.42999267578125,461.7799987792969,52241,461.7799987792969
2026-05-04 14:55:00-04:00,462.489990234375,462.6499938964844,461.7699890136719,461.7699890136719,21523,462.489990234375
2026-05-04 15:00:00-04:00,462.4775085449219,462.739990234375,462.1700134277344,462.54998779296875,24807,462.4775085449219
2026-05-04 15:05:00-04:00,462.7850036621094,463.5,462.3999938964844,462.5799865722656,80062,462.7850036621094
2026-05-04 15:10:00-04:00,462.6499938964844,463.1000061035156,462.5050048828125,462.8599853515625,24870,462.6499938964844
2026-05-04 15:15:00-04:00,462.260009765625,462.8800048828125,462.260009765625,462.67999267578125,33099,462.260009765625
2026-05-04 15:20:00-04:00,462.3599853515625,462.42999267578125,461.82000732421875,462.3299865722656,52464,462.3599853515625
2026-05-04 15:25:00-04:00,462.5299987792969,462.68499755859375,462.1099853515625,462.2200012207031,44895,462.5299987792969
2026-05-04 15:30:00-04:00,463.0799865722656,463.1600036621094,462.4100036621094,462.4700012207031,45310,463.0799865722656
2026-05-04 15:35:00-04:00,462.739990234375,463.0400085449219,462.6600036621094,463.0,42555,462.739990234375
2026-05-04 15:40:00-04:00,463.19000244140625,463.2349853515625,462.70001220703125,462.70001220703125,69159,463.19000244140625
2026-05-04 15:45:00-04:00,463.7749938964844,463.79998779296875,462.94000244140625,463.1449890136719,48503,463.7749938964844
2026-05-04 15:50:00-04:00,463.0400085449219,463.95001220703125,462.9100036621094,463.75,214480,463.0400085449219
2026-05-04 15:55:00-04:00,462.1600036621094,463.0,461.7900085449219,463.0,298475,462.1600036621094
2026-05-05 09:30:00-04:00,470.7900085449219,472.70001220703125,470.239990234375,471.364990234375,581707,470.7900085449219
2026-05-05 09:35:00-04:00,474.4049987792969,474.80999755859375,470.25,470.7449951171875,200331,474.4049987792969
2026-05-05 09:40:00-04:00,475.7300109863281,475.7300109863281,473.739990234375,474.67999267578125,184354,475.7300109863281
2026-05-05 09:45:00-04:00,474.9150085449219,476.0,474.1400146484375,475.7699890136719,78512,474.9150085449219
2026-05-05 09:50:00-04:00,475.7850036621094,476.82501220703125,474.739990234375,474.8699951171875,111523,475.7850036621094
2026-05-05 09:55:00-04:00,476.3800048828125,477.3299865722656,475.70001220703125,475.7250061035156,96026,476.3800048828125
2026-05-05 10:00:00-04:00,476.1099853515625,476.9200134277344,475.4700012207031,476.4100036621094,73425,476.1099853515625
2026-05-05 10:05:00-04:00,476.77410888671875,477.027587890625,475.92498779296875,476.0799865722656,43699,476.77410888671875
2026-05-05 10:10:00-04:00,475.7799987792969,477.2200012207031,475.4200134277344,476.75,58342,475.7799987792969
2026-05-05 10:15:00-04:00,476.0299987792969,477.1600036621094,475.0,475.75,99691,476.0299987792969
2026-05-05 10:20:00-04:00,478.2699890136719,478.5400085449219,476.05999755859375,476.1000061035156,109701,478.2699890136719
2026-05-05 10:25:00-04:00,479.7099914550781,480.32501220703125,479.0199890136719,479.260009765625,101796,479.7099914550781
2026-05-05 10:30:00-04:00,479.6099853515625,480.5,479.29998779296875,479.67999267578125,54062,479.6099853515625
2026-05-05 10:35:00-04:00,478.29998779296875,479.9599914550781,478.1499938964844,479.6099853515625,62969,478.29998779296875
2026-05-05 10:40:00-04:00,477.94000244140625,479.1700134277344,477.94000244140625,478.3599853515625,71932,477.94000244140625
2026-05-05 10:45:00-04:00,478.55999755859375,478.8800048828125,477.92999267578125,478.0799865722656,99213,478.55999755859375
2026-05-05 10:50:00-04:00,479.739990234375,479.75,478.2200012207031,478.489990234375,53741,479.739990234375
2026-05-05 10:55:00-04:00,479.1000061035156,479.94000244140625,479.1000061035156,479.7300109863281,143368,479.1000061035156
2026-05-05 11:00:00-04:00,479.8399963378906,479.8599853515625,478.8900146484375,479.010009765625,85318,479.8399963378906
2026-05-05 11:05:00-04:00,480.3500061035156,480.6499938964844,479.7799987792969,479.9100036621094,100951,480.3500061035156
2026-05-05 11:10:00-04:00,481.6000061035156,481.6300048828125,480.44500732421875,480.5299987792969,127654,481.6000061035156
2026-05-05 11:15:00-04:00,481.5400085449219,482.1400146484375,481.4599914550781,481.625,57755,481.5400085449219
2026-05-05 11:20:00-04:00,481.7900085449219,482.3800048828125,481.2900085449219,481.57000732421875,45295,481.7900085449219
2026-05-05 11:25:00-04:00,481.5899963378906,482.0199890136719,481.3299865722656,481.7850036621094,41862,481.5899963378906
2026-05-05 11:30:00-04:00,481.8999938964844,482.04998779296875,481.2799987792969,481.5450134277344,42932,481.8999938964844
2026-05-05 11:35:00-04:00,483.0137023925781,483.1000061035156,481.92999267578125,481.92999267578125,109971,483.0137023925781
2026-05-05 11:40:00-04:00,483.125,483.29998779296875,482.739990234375,483.0299987792969,97314,483.125
2026-05-05 11:45:00-04:00,484.45001220703125,484.4750061035156,483.1300048828125,483.1600036621094,144092,484.45001220703125
2026-05-05 11:50:00-04:00,484.364990234375,484.5799865722656,483.9599914550781,484.45001220703125,75412,484.364990234375
2026-05-05 11:55:00-04:00,483.8887939453125,484.6700134277344,483.4700012207031,484.3349914550781,92202,483.8887939453125
2026-05-05 12:00:00-04:00,484.07000732421875,484.1199951171875,483.6499938964844,483.9849853515625,43441,484.07000732421875
2026-05-05 12:05:00-04:00,484.6400146484375,484.6600036621094,483.989990234375,483.989990234375,47686,484.6400146484375
2026-05-05 12:10:00-04:00,485.5299987792969,485.5299987792969,484.54998779296875,484.61859130859375,59704,485.5299987792969
2026-05-05 12:15:00-04:00,485.260009765625,485.58380126953125,484.8819885253906,485.5,56073,485.260009765625
2026-05-05 12:20:00-04:00,484.81500244140625,485.6300048828125,484.81500244140625,485.3399963378906,47495,484.81500244140625
2026-05-05 12:25:00-04:00,483.4049987792969,484.9840087890625,482.5,484.75,146285,483.4049987792969
2026-05-05 12:30:00-04:00,482.7300109863281,483.4200134277344,482.4100036621094,483.385009765625,32245,482.7300109863281
2026-05-05 12:35:00-04:00,481.9700012207031,483.6700134277344,481.92059326171875,482.8599853515625,36561,481.9700012207031
2026-05-05 12:40:00-04:00,482.7900085449219,482.82000732421875,481.6000061035156,481.8699951171875,73342,482.7900085449219
2026-05-05 12:45:00-04:00,483.5899963378906,483.7799987792969,482.3399963378906,482.5849914550781,60401,483.5899963378906
2026-05-05 12:50:00-04:00,483.5849914550781,483.7560119628906,483.20001220703125,483.6000061035156,30576,483.5849914550781
2026-05-05 12:55:00-04:00,484.0899963378906,484.25,483.55999755859375,483.5799865722656,41653,484.0899963378906
2026-05-05 13:00:00-04:00,484.67999267578125,484.67999267578125,483.6099853515625,483.9903869628906,116364,484.67999267578125
2026-05-05 13:05:00-04:00,484.3999938964844,484.69000244140625,484.2699890136719,484.6600036621094,66121,484.3999938964844
2026-05-05 13:10:00-04:00,484.2900085449219,484.42999267578125,484.09051513671875,484.3599853515625,46720,484.2900085449219
2026-05-05 13:15:00-04:00,485.32501220703125,485.4200134277344,484.3800048828125,484.39599609375,41107,485.32501220703125
2026-05-05 13:20:00-04:00,485.0799865722656,485.3999938964844,484.7900085449219,485.3699951171875,44196,485.0799865722656
2026-05-05 13:25:00-04:00,485.6400146484375,485.7699890136719,485.2200012207031,485.2200012207031,47046,485.6400146484375
2026-05-05 13:30:00-04:00,485.2049865722656,485.67999267578125,485.1199951171875,485.6400146484375,34733,485.2049865722656
2026-05-05 13:35:00-04:00,485.1600036621094,485.7250061035156,485.1000061035156,485.1600036621094,35002,485.1600036621094
2026-05-05 13:40:00-04:00,485.1449890136719,485.3399963378906,485.0199890136719,485.1400146484375,46286,485.1449890136719
2026-05-05 13:45:00-04:00,485.2099914550781,485.56500244140625,485.1000061035156,485.1499938964844,37336,485.2099914550781
2026-05-05 13:50:00-04:00,485.0199890136719,485.20001220703125,484.8900146484375,485.19000244140625,42099,485.0199890136719
2026-05-05 13:55:00-04:00,485.010009765625,485.32000732421875,484.9100036621094,484.9849853515625,37156,485.010009765625
2026-05-05 14:00:00-04:00,485.57501220703125,485.57501220703125,484.7699890136719,485.0567932128906,39100,485.57501220703125
2026-05-05 14:05:00-04:00,485.4599914550781,486.1600036621094,485.32000732421875,485.57330322265625,64614,485.4599914550781
2026-05-05 14:10:00-04:00,485.510009765625,485.6300048828125,485.20001220703125,485.42999267578125,36887,485.510009765625
2026-05-05 14:15:00-04:00,485.2099914550781,485.4599914550781,484.989990234375,485.4599914550781,58915,485.2099914550781
2026-05-05 14:20:00-04:00,484.8299865722656,485.29998779296875,484.8299865722656,485.260009765625,29054,484.8299865722656
2026-05-05 14:25:00-04:00,485.375,485.42999267578125,484.989990234375,484.989990234375,27379,485.375
2026-05-05 14:30:00-04:00,485.9200134277344,485.9200134277344,485.260009765625,485.44000244140625,30616,485.9200134277344
2026-05-05 14:35:00-04:00,485.94000244140625,486.1807861328125,485.7850036621094,485.8999938964844,35583,485.94000244140625
2026-05-05 14:40:00-04:00,485.55999755859375,486.06500244140625,485.54998779296875,485.8900146484375,32783,485.55999755859375
2026-05-05 14:45:00-04:00,485.0299987792969,485.5799865722656,485.0299987792969,485.5299987792969,31441,485.0299987792969
2026-05-05 14:50:00-04:00,484.5299987792969,485.2300109863281,484.0,485.0199890136719,34262,484.5299987792969
2026-05-05 14:55:00-04:00,484.9599914550781,485.2298889160156,484.5,484.5450134277344,43472,484.9599914550781
2026-05-05 15:00:00-04:00,484.3800048828125,485.1199951171875,484.25,484.95001220703125,75537,484.3800048828125
2026-05-05 15:05:00-04:00,484.7099914550781,484.8399963378906,484.1000061035156,484.3500061035156,128784,484.7099914550781
2026-05-05 15:10:00-04:00,483.75,484.7195129394531,483.69000244140625,484.7099914550781,81427,483.75
2026-05-05 15:15:00-04:00,483.1000061035156,483.8031005859375,483.04998779296875,483.7200012207031,76264,483.1000061035156
2026-05-05 15:20:00-04:00,482.2900085449219,483.1700134277344,482.2699890136719,483.1600036621094,77693,482.2900085449219
2026-05-05 15:25:00-04:00,482.375,482.8399963378906,482.0450134277344,482.2900085449219,83230,482.375
2026-05-05 15:30:00-04:00,482.94000244140625,482.95001220703125,481.9700012207031,482.260009765625,75274,482.94000244140625
2026-05-05 15:35:00-04:00,482.7296142578125,483.0799865722656,482.67999267578125,482.9200134277344,77555,482.7296142578125
2026-05-05 15:40:00-04:00,482.6449890136719,482.9100036621094,482.1400146484375,482.7300109863281,81253,482.6449890136719
2026-05-05 15:45:00-04:00,482.2349853515625,482.82000732421875,482.05999755859375,482.6300048828125,110084,482.2349853515625
2026-05-05 15:50:00-04:00,480.80999755859375,482.44000244140625,480.80999755859375,482.2349853515625,285463,480.80999755859375
2026-05-05 15:55:00-04:00,482.6549987792969,482.8900146484375,480.7950134277344,480.8500061035156,474324,482.6549987792969
2026-05-06 09:30:00-04:00,501.69000244140625,501.8900146484375,494.8800048828125,497.8900146484375,1003304,501.69000244140625
2026-05-06 09:35:00-04:00,499.3699951171875,502.5098876953125,497.3301086425781,501.6700134277344,258313,499.3699951171875
2026-05-06 09:40:00-04:00,501.30999755859375,502.239990234375,498.8900146484375,499.5299987792969,238275,501.30999755859375
2026-05-06 09:45:00-04:00,498.7550048828125,502.6400146484375,498.5899963378906,501.30499267578125,207116,498.7550048828125
2026-05-06 09:50:00-04:00,499.5350036621094,499.9200134277344,497.2300109863281,498.6600036621094,169300,499.5350036621094
2026-05-06 09:55:00-04:00,497.4599914550781,500.2200012207031,497.3299865722656,499.5299987792969,130498,497.4599914550781
2026-05-06 10:00:00-04:00,493.29998779296875,498.0849914550781,493.1700134277344,497.260009765625,203150,493.29998779296875
2026-05-06 10:05:00-04:00,495.0,495.2200012207031,491.6650085449219,493.0,243096,495.0
2026-05-06 10:10:00-04:00,494.4200134277344,495.3999938964844,493.0799865722656,494.9100036621094,115135,494.4200134277344
2026-05-06 10:15:00-04:00,489.706787109375,494.6611022949219,489.706787109375,494.3500061035156,187059,489.706787109375
2026-05-06 10:20:00-04:00,490.29998779296875,490.79998779296875,487.8599853515625,489.75,310281,490.29998779296875
2026-05-06 10:25:00-04:00,489.6700134277344,492.3399963378906,489.5400085449219,490.3900146484375,177606,489.6700134277344
2026-05-06 10:30:00-04:00,493.2699890136719,493.42999267578125,489.489990234375,489.739990234375,118194,493.2699890136719
2026-05-06 10:35:00-04:00,493.4700012207031,493.7799987792969,492.4200134277344,493.4599914550781,94615,493.4700012207031
2026-05-06 10:40:00-04:00,494.8999938964844,495.1000061035156,493.4150085449219,493.5400085449219,99228,494.8999938964844
2026-05-06 10:45:00-04:00,496.8699951171875,497.0,494.9800109863281,495.0799865722656,78261,496.8699951171875
2026-05-06 10:50:00-04:00,497.7099914550781,498.2799987792969,496.57501220703125,496.875,89251,497.7099914550781
2026-05-06 10:55:00-04:00,496.9750061035156,498.1700134277344,496.7300109863281,497.82000732421875,72107,496.9750061035156
2026-05-06 11:00:00-04:00,497.9200134277344,498.07000732421875,496.4599914550781,496.8800048828125,84648,497.9200134277344
2026-05-06 11:05:00-04:00,498.57000732421875,499.0899963378906,497.6400146484375,497.9801025390625,92008,498.57000732421875
2026-05-06 11:10:00-04:00,499.82000732421875,499.92999267578125,498.6028137207031,498.6028137207031,110302,499.82000732421875
2026-05-06 11:15:00-04:00,501.8900146484375,502.0,499.7699890136719,499.82000732421875,88134,501.8900146484375
2026-05-06 11:20:00-04:00,501.8500061035156,502.2099914550781,501.260009765625,501.9800109863281,78716,501.8500061035156
2026-05-06 11:25:00-04:00,502.28009033203125,502.6099853515625,501.8599853515625,502.010009765625,66760,502.28009033203125
2026-05-06 11:30:00-04:00,501.6199951171875,502.57000732421875,501.5,502.2699890136719,88304,501.6199951171875
2026-05-06 11:35:00-04:00,501.260009765625,502.05810546875,500.75,501.6549987792969,56349,501.260009765625
2026-05-06 11:40:00-04:00,501.3299865722656,501.79998779296875,500.2084045410156,501.17999267578125,77609,501.3299865722656
2026-05-06 11:45:00-04:00,500.489990234375,501.9700012207031,500.3999938964844,501.5799865722656,136021,500.489990234375
2026-05-06 11:50:00-04:00,501.1297912597656,501.3500061035156,500.2900085449219,500.6099853515625,42840,501.1297912597656
2026-05-06 11:55:00-04:00,500.2809143066406,501.3450012207031,499.8999938964844,501.1499938964844,48555,500.2809143066406
2026-05-06 12:00:00-04:00,501.3800048828125,501.5450134277344,500.1400146484375,500.2300109863281,50308,501.3800048828125
2026-05-06 12:05:00-04:00,501.4100036621094,501.739990234375,501.0400085449219,501.510009765625,39896,501.4100036621094
2026-05-06 12:10:00-04:00,502.0849914550781,502.3699951171875,501.4800109863281,501.5150146484375,39175,502.0849914550781
2026-05-06 12:15:00-04:00,499.989990234375,501.75,499.92999267578125,501.75,56849,499.989990234375
2026-05-06 12:20:00-04:00,500.5899963378906,500.760009765625,499.8699951171875,499.92999267578125,40254,500.5899963378906
2026-05-06 12:25:00-04:00,500.7300109863281,501.1600036621094,500.54998779296875,500.6650085449219,26936,500.7300109863281
2026-05-06 12:30:00-04:00,501.3550109863281,501.45001220703125,500.9750061035156,501.0950012207031,51208,501.3550109863281
2026-05-06 12:35:00-04:00,501.8999938964844,501.8999938964844,500.79998779296875,501.260009765625,53258,501.8999938964844
2026-05-06 12:40:00-04:00,501.45001220703125,501.9645080566406,501.3999938964844,501.885009765625,60342,501.45001220703125
2026-05-06 12:45:00-04:00,500.32000732421875,501.3999938964844,500.0,501.2699890136719,66227,500.32000732421875
2026-05-06 12:50:00-04:00,499.75,500.6099853515625,499.5150146484375,500.32000732421875,61014,499.75
2026-05-06 12:55:00-04:00,500.17999267578125,500.69000244140625,499.45001220703125,499.6300048828125,86664,500.17999267578125
2026-05-06 13:00:00-04:00,501.0899963378906,501.2650146484375,499.9849853515625,500.1199951171875,83405,501.0899963378906
2026-05-06 13:05:00-04:00,500.95001220703125,501.489013671875,500.8900146484375,501.1700134277344,74564,500.95001220703125
2026-05-06 13:10:00-04:00,501.5799865722656,501.9599914550781,501.010009765625,501.010009765625,68030,501.5799865722656
2026-05-06 13:15:00-04:00,501.5799865722656,501.8949890136719,501.4549865722656,501.55499267578125,55177,501.5799865722656
2026-05-06 13:20:00-04:00,501.5299987792969,502.07000732421875,501.44000244140625,501.75,60986,501.5299987792969
2026-05-06 13:25:00-04:00,501.760009765625,501.7850036621094,501.32000732421875,501.54998779296875,44132,501.760009765625
2026-05-06 13:30:00-04:00,501.7200012207031,502.0799865722656,501.6400146484375,501.7200012207031,71211,501.7200012207031
2026-05-06 13:35:00-04:00,502.1199951171875,502.54998779296875,501.5,501.6300048828125,79112,502.1199951171875
2026-05-06 13:40:00-04:00,502.8699951171875,502.9800109863281,501.94000244140625,502.1000061035156,70237,502.8699951171875
2026-05-06 13:45:00-04:00,501.3599853515625,503.16900634765625,501.3599853515625,502.90008544921875,93525,501.3599853515625
2026-05-06 13:50:00-04:00,502.0199890136719,502.05999755859375,501.10009765625,501.3399963378906,71253,502.0199890136719
2026-05-06 13:55:00-04:00,501.9750061035156,502.1199951171875,501.5799865722656,501.95001220703125,62694,501.9750061035156
2026-05-06 14:00:00-04:00,501.8999938964844,502.1000061035156,501.75,501.760009765625,129198,501.8999938964844
2026-05-06 14:05:00-04:00,502.44000244140625,502.44000244140625,501.82000732421875,501.82000732421875,68909,502.44000244140625
2026-05-06 14:10:00-04:00,501.7550048828125,502.5199890136719,501.7550048828125,502.4800109863281,50507,501.7550048828125
2026-05-06 14:15:00-04:00,501.7099914550781,502.17999267578125,501.5899963378906,501.7200012207031,50273,501.7099914550781
2026-05-06 14:20:00-04:00,501.9599914550781,502.2200012207031,501.760009765625,501.7699890136719,48166,501.9599914550781
2026-05-06 14:25:00-04:00,502.32989501953125,502.4200134277344,501.625,501.9100036621094,57801,502.32989501953125
2026-05-06 14:30:00-04:00,503.2799987792969,503.3450012207031,502.1199951171875,502.2898864746094,63078,503.2799987792969
2026-05-06 14:35:00-04:00,503.3900146484375,503.8070983886719,503.239990234375,503.2799987792969,82759,503.3900146484375
2026-05-06 14:40:00-04:00,503.3999938964844,503.5299987792969,503.0400085449219,503.3999938964844,56057,503.3999938964844
2026-05-06 14:45:00-04:00,502.6400146484375,503.489990234375,502.45001220703125,503.3399963378906,49032,502.6400146484375
2026-05-06 14:50:00-04:00,502.7699890136719,502.9700012207031,502.5400085449219,502.55999755859375,50516,502.7699890136719
2026-05-06 14:55:00-04:00,502.2099914550781,502.9999084472656,502.2099914550781,502.7900085449219,81386,502.2099914550781
2026-05-06 15:00:00-04:00,502.2699890136719,502.4700012207031,501.7099914550781,502.17999267578125,94333,502.2699890136719
2026-05-06 15:05:00-04:00,503.5799865722656,503.82000732421875,501.92999267578125,502.2300109863281,90111,503.5799865722656
2026-05-06 15:10:00-04:00,503.9599914550781,504.1700134277344,503.1199951171875,503.6099853515625,150131,503.9599914550781
2026-05-06 15:15:00-04:00,504.489990234375,504.57861328125,503.9100036621094,504.0400085449219,92516,504.489990234375
2026-05-06 15:20:00-04:00,504.6099853515625,505.0299987792969,504.4024963378906,504.55999755859375,105126,504.6099853515625
2026-05-06 15:25:00-04:00,505.0950012207031,505.55999755859375,504.5050048828125,504.5849914550781,96014,505.0950012207031
2026-05-06 15:30:00-04:00,504.2900085449219,505.2099914550781,504.2699890136719,504.9913024902344,102239,504.2900085449219
2026-05-06 15:35:00-04:00,504.7200012207031,504.7850036621094,504.1700134277344,504.364013671875,91823,504.7200012207031
2026-05-06 15:40:00-04:00,504.3349914550781,505.0799865722656,504.2200012207031,504.7099914550781,109836,504.3349914550781
2026-05-06 15:45:00-04:00,504.57000732421875,504.8900146484375,504.2300109863281,504.32000732421875,141413,504.57000732421875
2026-05-06 15:50:00-04:00,504.6400146484375,504.92999267578125,503.3900146484375,504.5,371017,504.6400146484375
2026-05-06 15:55:00-04:00,506.57000732421875,506.94000244140625,504.67999267578125,504.67999267578125,743758,506.57000732421875
2026-05-07 09:30:00-04:00,500.1099853515625,503.54998779296875,497.8399963378906,503.2699890136719,653207,500.1099853515625
2026-05-07 09:35:00-04:00,499.5000915527344,500.7950134277344,498.5,500.2200012207031,184403,499.5000915527344
2026-05-07 09:40:00-04:00,494.43499755859375,499.635009765625,494.1300048828125,499.635009765625,288477,494.43499755859375
2026-05-07 09:45:00-04:00,496.42999267578125,496.7900085449219,493.1700134277344,494.4200134277344,272307,496.42999267578125
2026-05-07 09:50:00-04:00,498.3399963378906,498.54998779296875,495.7300109863281,496.5400085449219,154018,498.3399963378906
2026-05-07 09:55:00-04:00,497.3900146484375,499.510009765625,497.05999755859375,498.42999267578125,136841,497.3900146484375
2026-05-07 10:00:00-04:00,497.1700134277344,497.9700012207031,496.1000061035156,497.45001220703125,99764,497.1700134277344
2026-05-07 10:05:00-04:00,498.42999267578125,498.75,496.4700012207031,497.1700134277344,84066,498.42999267578125
2026-05-07 10:10:00-04:00,498.4200134277344,499.3299865722656,497.7300109863281,498.4800109863281,120941,498.4200134277344
2026-05-07 10:15:00-04:00,500.3299865722656,501.30999755859375,498.3599853515625,498.4049987792969,179430,500.3299865722656
2026-05-07 10:20:00-04:00,500.9599914550781,502.94000244140625,500.2799987792969,500.2799987792969,146205,500.9599914550781
2026-05-07 10:25:00-04:00,502.0,502.8800048828125,500.70001220703125,500.9800109863281,95996,502.0
2026-05-07 10:30:00-04:00,502.010009765625,502.8699951171875,501.55999755859375,502.1300048828125,133249,502.010009765625
2026-05-07 10:35:00-04:00,503.4200134277344,503.54998779296875,501.8399963378906,501.9700012207031,98445,503.4200134277344
2026-05-07 10:40:00-04:00,502.0199890136719,503.659912109375,501.9100036621094,503.45001220703125,87370,502.0199890136719
2026-05-07 10:45:00-04:00,500.010009765625,502.4599914550781,499.8299865722656,502.0450134277344,127938,500.010009765625
2026-05-07 10:50:00-04:00,501.69500732421875,501.7099914550781,499.55999755859375,500.17999267578125,80493,501.69500732421875
2026-05-07 10:55:00-04:00,501.625,502.4200134277344,501.5299987792969,501.9100036621094,64563,501.625
2026-05-07 11:00:00-04:00,500.6400146484375,501.7900085449219,500.0199890136719,501.7650146484375,104060,500.6400146484375
2026-05-07 11:05:00-04:00,500.4100036621094,500.760009765625,499.1700134277344,500.510009765625,79862,500.4100036621094
2026-05-07 11:10:00-04:00,499.57000732421875,500.6099853515625,499.3301086425781,500.4750061035156,57116,499.57000732421875
2026-05-07 11:15:00-04:00,499.8599853515625,500.42999267578125,499.3599853515625,499.3599853515625,51611,499.8599853515625
2026-05-07 11:20:00-04:00,499.489990234375,499.94000244140625,498.7200012207031,499.7900085449219,115687,499.489990234375
2026-05-07 11:25:00-04:00,500.1400146484375,500.625,499.04998779296875,499.5199890136719,85426,500.1400146484375
2026-05-07 11:30:00-04:00,501.4100036621094,501.4150085449219,500.0799865722656,500.30999755859375,72203,501.4100036621094
2026-05-07 11:35:00-04:00,500.9200134277344,501.5150146484375,500.8500061035156,501.2699890136719,48865,500.9200134277344
2026-05-07 11:40:00-04:00,501.4599914550781,501.6700134277344,500.6400146484375,500.8800048828125,58495,501.4599914550781
2026-05-07 11:45:00-04:00,499.0101013183594,501.4700012207031,498.989990234375,501.2749938964844,78540,499.0101013183594
2026-05-07 11:50:00-04:00,497.9800109863281,499.17498779296875,497.20001220703125,499.17498779296875,111673,497.9800109863281
2026-05-07 11:55:00-04:00,495.81500244140625,498.125,495.29998779296875,498.1099853515625,93643,495.81500244140625
2026-05-07 12:00:00-04:00,495.93499755859375,496.75,494.9599914550781,495.8599853515625,143224,495.93499755859375
2026-05-07 12:05:00-04:00,494.8399963378906,495.8599853515625,493.6600036621094,495.8599853515625,130131,494.8399963378906
2026-05-07 12:10:00-04:00,493.1700134277344,494.82000732421875,492.6300048828125,494.79998779296875,160436,493.1700134277344
2026-05-07 12:15:00-04:00,491.8500061035156,493.2300109863281,490.57000732421875,493.1000061035156,328937,491.8500061035156
2026-05-07 12:20:00-04:00,493.739990234375,493.760009765625,491.29998779296875,491.885009765625,181803,493.739990234375
2026-05-07 12:25:00-04:00,493.95001220703125,494.7300109863281,493.6499938964844,493.760009765625,91161,493.95001220703125
2026-05-07 12:30:00-04:00,495.3299865722656,495.67999267578125,493.3800048828125,493.92498779296875,95575,495.3299865722656
2026-05-07 12:35:00-04:00,492.82000732421875,495.32000732421875,492.59100341796875,495.32000732421875,69354,492.82000732421875
2026-05-07 12:40:00-04:00,493.5350036621094,494.32000732421875,492.57000732421875,492.7900085449219,79803,493.5350036621094
2026-05-07 12:45:00-04:00,493.3500061035156,493.9100036621094,492.8900146484375,493.4949951171875,84723,493.3500061035156
2026-05-07 12:50:00-04:00,493.94500732421875,494.2749938964844,492.05999755859375,493.45989990234375,80838,493.94500732421875
2026-05-07 12:55:00-04:00,493.5,494.2900085449219,492.260009765625,493.9649963378906,80721,493.5
2026-05-07 13:00:00-04:00,492.6600036621094,494.0199890136719,492.510009765625,493.4800109863281,70174,492.6600036621094
2026-05-07 13:05:00-04:00,492.0199890136719,493.3500061035156,491.75,492.760009765625,56624,492.0199890136719
2026-05-07 13:10:00-04:00,491.3999938964844,492.2799072265625,490.9100036621094,492.0899963378906,73653,491.3999938964844
2026-05-07 13:15:00-04:00,489.5199890136719,491.2650146484375,489.3299865722656,491.2149963378906,90054,489.5199890136719
2026-05-07 13:20:00-04:00,491.510009765625,491.8399963378906,489.1300048828125,489.4649963378906,115659,491.510009765625
2026-05-07 13:25:00-04:00,489.9599914550781,492.1700134277344,488.1310119628906,491.6300048828125,215132,489.9599914550781
2026-05-07 13:30:00-04:00,491.5249938964844,491.7200012207031,489.44000244140625,490.0249938964844,101473,491.5249938964844
2026-05-07 13:35:00-04:00,492.875,493.3949890136719,491.2449951171875,491.44000244140625,83812,492.875
2026-05-07 13:40:00-04:00,492.2049865722656,493.739990234375,492.04998779296875,492.9200134277344,64813,492.2049865722656
2026-05-07 13:45:00-04:00,491.864990234375,492.5299987792969,491.70001220703125,492.29998779296875,121142,491.864990234375
2026-05-07 13:50:00-04:00,491.135009765625,491.8599853515625,490.6499938964844,491.8599853515625,73745,491.135009765625
2026-05-07 13:55:00-04:00,493.489990234375,493.60101318359375,491.2149963378906,491.3500061035156,100741,493.489990234375
2026-05-07 14:00:00-04:00,493.4750061035156,494.0,493.1300048828125,493.6449890136719,67694,493.4750061035156
2026-05-07 14:05:00-04:00,491.6300048828125,494.30999755859375,491.6000061035156,493.5799865722656,71801,491.6300048828125
2026-05-07 14:10:00-04:00,491.67999267578125,492.69000244140625,491.30999755859375,491.70001220703125,104031,491.67999267578125
2026-05-07 14:15:00-04:00,491.9849853515625,492.8299865722656,491.2850036621094,491.8699035644531,50714,491.9849853515625
2026-05-07 14:20:00-04:00,490.9800109863281,492.1050109863281,490.8900146484375,492.1000061035156,49881,490.9800109863281
2026-05-07 14:25:00-04:00,490.20001220703125,491.0350036621094,489.5,491.0350036621094,74635,490.20001220703125
2026-05-07 14:30:00-04:00,490.8900146484375,491.5249938964844,490.0,490.1600036621094,62736,490.8900146484375
2026-05-07 14:35:00-04:00,490.79998779296875,491.239990234375,489.8100891113281,490.9700012207031,57040,490.79998779296875
2026-05-07 14:40:00-04:00,489.7300109863281,490.9800109863281,489.7300109863281,490.9800109863281,86005,489.7300109863281
2026-05-07 14:45:00-04:00,489.5775146484375,490.239990234375,488.9800109863281,489.7699890136719,69530,489.5775146484375
2026-05-07 14:50:00-04:00,489.29998779296875,489.4700012207031,488.7099914550781,489.3299865722656,77755,489.29998779296875
2026-05-07 14:55:00-04:00,490.1400146484375,490.5899963378906,488.6099853515625,489.2049865722656,105325,490.1400146484375
2026-05-07 15:00:00-04:00,489.8550109863281,490.3500061035156,489.42999267578125,490.3500061035156,83019,489.8550109863281
2026-05-07 15:05:00-04:00,489.5799865722656,490.42999267578125,489.19000244140625,489.8299865722656,161392,489.5799865722656
2026-05-07 15:10:00-04:00,491.3900146484375,491.70001220703125,489.3999938964844,489.5,148820,491.3900146484375
2026-05-07 15:15:00-04:00,490.4100036621094,491.7300109863281,489.9649963378906,491.5400085449219,118262,490.4100036621094
2026-05-07 15:20:00-04:00,489.25,490.42999267578125,489.25,490.375,71651,489.25
2026-05-07 15:25:00-04:00,489.510009765625,489.9849853515625,488.9849853515625,489.2749938964844,108203,489.510009765625
2026-05-07 15:30:00-04:00,491.239990234375,491.3450012207031,489.4100036621094,489.55999755859375,110019,491.239990234375
2026-05-07 15:35:00-04:00,492.55999755859375,492.7650146484375,491.1199951171875,491.3599853515625,77256,492.55999755859375
2026-05-07 15:40:00-04:00,493.0199890136719,493.25,492.489990234375,492.5799865722656,78253,493.0199890136719
2026-05-07 15:45:00-04:00,493.54998779296875,493.739990234375,492.9200134277344,493.0249938964844,123878,493.54998779296875
2026-05-07 15:50:00-04:00,493.4200134277344,494.760009765625,492.9750061035156,493.5899963378906,406298,493.4200134277344
2026-05-07 15:55:00-04:00,492.489990234375,493.43499755859375,492.0899963378906,493.4100036621094,538874,492.489990234375
2026-05-08 09:30:00-04:00,506.7300109863281,506.92999267578125,502.8450012207031,504.5050048828125,536335,506.7300109863281
2026-05-08 09:35:00-04:00,507.2099914550781,507.8299865722656,505.760009765625,506.8550109863281,215019,507.2099914550781
2026-05-08 09:40:00-04:00,508.1000061035156,509.45001220703125,506.3500061035156,507.1400146484375,157311,508.1000061035156
2026-05-08 09:45:00-04:00,509.1199951171875,509.69000244140625,508.3500061035156,508.510009765625,272435,509.1199951171875
2026-05-08 09:50:00-04:00,509.79180908203125,509.8599853515625,507.8900146484375,509.2298889160156,207573,509.79180908203125
2026-05-08 09:55:00-04:00,510.8949890136719,510.8949890136719,508.92999267578125,509.5799865722656,95729,510.8949890136719
2026-05-08 10:00:00-04:00,510.6199951171875,511.67999267578125,510.4700012207031,510.7950134277344,130264,510.6199951171875
2026-05-08 10:05:00-04:00,510.8500061035156,511.1600036621094,510.0299987792969,510.6050109863281,110641,510.8500061035156
2026-05-08 10:10:00-04:00,509.4599914550781,510.6199951171875,508.7900085449219,510.54998779296875,94196,509.4599914550781
2026-05-08 10:15:00-04:00,509.9700012207031,510.5,509.3175048828125,509.3699951171875,47549,509.9700012207031
2026-05-08 10:20:00-04:00,511.05999755859375,511.25,509.8800048828125,509.989990234375,74844,511.05999755859375
2026-05-08 10:25:00-04:00,508.9599914550781,511.57501220703125,508.7099914550781,511.04998779296875,109913,508.9599914550781
2026-05-08 10:30:00-04:00,510.0799865722656,510.33990478515625,508.32000732421875,509.0,100677,510.0799865722656
2026-05-08 10:35:00-04:00,509.0400085449219,510.0849914550781,507.9849853515625,510.0849914550781,100234,509.0400085449219
2026-05-08 10:40:00-04:00,509.8800048828125,509.8800048828125,508.1499938964844,508.9100036621094,81963,509.8800048828125
2026-05-08 10:45:00-04:00,510.2300109863281,510.54998779296875,509.3399963378906,510.0,54217,510.2300109863281
2026-05-08 10:50:00-04:00,510.42999267578125,510.5799865722656,509.70001220703125,510.25,65238,510.42999267578125
2026-05-08 10:55:00-04:00,511.1499938964844,511.54998779296875,510.32000732421875,510.3599853515625,167089,511.1499938964844
2026-05-08 11:00:00-04:00,511.4200134277344,511.6400146484375,510.94000244140625,511.1600036621094,87284,511.4200134277344
2026-05-08 11:05:00-04:00,511.67999267578125,512.239990234375,511.4599914550781,511.4800109863281,139479,511.67999267578125
2026-05-08 11:10:00-04:00,511.0,512.0800170898438,510.5799865722656,511.70001220703125,89280,511.0
2026-05-08 11:15:00-04:00,510.45001220703125,511.1400146484375,509.7699890136719,510.9800109863281,67356,510.45001220703125
2026-05-08 11:20:00-04:00,511.1499938964844,511.8677978515625,510.5,510.5299987792969,46201,511.1499938964844
2026-05-08 11:25:00-04:00,511.44000244140625,511.69000244140625,511.010009765625,511.0849914550781,23914,511.44000244140625
2026-05-08 11:30:00-04:00,511.6499938964844,511.7578125,510.6099853515625,511.3399963378906,119987,511.6499938964844
2026-05-08 11:35:00-04:00,512.3400268554688,512.8200073242188,511.6000061035156,512.0172119140625,100664,512.3400268554688
2026-05-08 11:40:00-04:00,511.57501220703125,512.4600219726562,511.2099914550781,512.35498046875,39527,511.57501220703125
2026-05-08 11:45:00-04:00,512.280029296875,512.8699951171875,511.45001220703125,511.5899963378906,67905,512.280029296875
2026-05-08 11:50:00-04:00,513.010009765625,513.27001953125,512.0,512.27001953125,117515,513.010009765625
2026-05-08 11:55:00-04:00,512.27001953125,513.5700073242188,512.14501953125,512.9910278320312,110026,512.27001953125
2026-05-08 12:00:00-04:00,512.5900268554688,512.97998046875,512.3099975585938,512.3400268554688,46786,512.5900268554688
2026-05-08 12:05:00-04:00,512.1699829101562,512.9500122070312,511.92999267578125,512.489990234375,33120,512.1699829101562
2026-05-08 12:10:00-04:00,512.155029296875,512.3300170898438,511.6300048828125,512.260009765625,40445,512.155029296875
2026-05-08 12:15:00-04:00,512.219970703125,512.6849975585938,512.0399780273438,512.1799926757812,24249,512.219970703125
2026-05-08 12:20:00-04:00,513.219970703125,513.3099975585938,512.0599975585938,512.2100219726562,25990,513.219970703125
2026-05-08 12:25:00-04:00,514.25,514.27001953125,513.0900268554688,513.25,52461,514.25
2026-05-08 12:30:00-04:00,514.1400146484375,514.6099853515625,514.0700073242188,514.22998046875,71344,514.1400146484375
2026-05-08 12:35:00-04:00,514.2849731445312,514.2849731445312,512.7899780273438,514.1500244140625,138542,514.2849731445312
2026-05-08 12:40:00-04:00,512.8800048828125,514.4199829101562,512.8800048828125,514.3400268554688,61164,512.8800048828125
2026-05-08 12:45:00-04:00,514.52001953125,514.5399780273438,512.6699829101562,512.7899780273438,66997,514.52001953125
2026-05-08 12:50:00-04:00,515.5599975585938,516.2100219726562,513.9052124023438,514.5349731445312,75691,515.5599975585938
2026-05-08 12:55:00-04:00,516.3300170898438,516.5999755859375,515.469970703125,515.530029296875,63934,516.3300170898438
2026-05-08 13:00:00-04:00,518.4099731445312,518.489990234375,516.114990234375,516.4149780273438,109042,518.4099731445312
2026-05-08 13:05:00-04:00,518.6300048828125,518.6799926757812,516.780029296875,518.3200073242188,103460,518.6300048828125
2026-05-08 13:10:00-04:00,518.0750122070312,518.719970703125,517.64501953125,518.6400146484375,65682,518.0750122070312
2026-05-08 13:15:00-04:00,517.5549926757812,518.219970703125,517.4600219726562,518.0700073242188,48072,517.5549926757812
2026-05-08 13:20:00-04:00,518.905029296875,519.47998046875,517.0050048828125,517.4400024414062,64501,518.905029296875
2026-05-08 13:25:00-04:00,519.0650024414062,519.5349731445312,518.3499755859375,519.5349731445312,116929,519.0650024414062
2026-05-08 13:30:00-04:00,518.97998046875,519.2550048828125,518.35498046875,518.9600219726562,51721,518.97998046875
2026-05-08 13:35:00-04:00,518.2000122070312,519.1199951171875,518.2000122070312,518.8599853515625,36686,518.2000122070312
2026-05-08 13:40:00-04:00,518.125,518.25,517.6400146484375,518.1500244140625,29809,518.125
2026-05-08 13:45:00-04:00,517.3900146484375,518.75,517.3400268554688,518.5,66293,517.3900146484375
2026-05-08 13:50:00-04:00,517.2899780273438,517.3800048828125,516.22998046875,517.3800048828125,111863,517.2899780273438
2026-05-08 13:55:00-04:00,516.75,517.7100219726562,516.719970703125,517.2999877929688,35940,516.75
2026-05-08 14:00:00-04:00,517.0250244140625,517.6699829101562,516.489990234375,516.760009765625,84119,517.0250244140625
2026-05-08 14:05:00-04:00,517.2999877929688,517.8400268554688,517.02001953125,517.02001953125,24231,517.2999877929688
2026-05-08 14:10:00-04:00,517.9099731445312,517.9381103515625,516.97998046875,517.3049926757812,27592,517.9099731445312
2026-05-08 14:15:00-04:00,516.489990234375,517.9400024414062,516.375,517.9050903320312,47902,516.489990234375
2026-05-08 14:20:00-04:00,517.4000244140625,517.4000244140625,516.5800170898438,516.5800170898438,22004,517.4000244140625
2026-05-08 14:25:00-04:00,517.3088989257812,517.8099975585938,517.2100219726562,517.35498046875,29180,517.3088989257812
2026-05-08 14:30:00-04:00,517.2100219726562,517.5449829101562,516.9400024414062,517.3499755859375,31167,517.2100219726562
2026-05-08 14:35:00-04:00,517.22998046875,517.52001953125,516.97998046875,517.14501953125,45670,517.22998046875
2026-05-08 14:40:00-04:00,517.3499755859375,517.8599853515625,516.8699951171875,517.3350219726562,34108,517.3499755859375
2026-05-08 14:45:00-04:00,517.4000244140625,517.4000244140625,516.9000854492188,517.0399780273438,26742,517.4000244140625
2026-05-08 14:50:00-04:00,517.7849731445312,518.4299926757812,517.1900024414062,517.4400024414062,39704,517.7849731445312
2026-05-08 14:55:00-04:00,516.219970703125,517.8599853515625,516.219970703125,517.8599853515625,82448,516.219970703125
2026-05-08 15:00:00-04:00,517.7899780273438,517.8699951171875,516.1749877929688,516.1749877929688,83275,517.7899780273438
2026-05-08 15:05:00-04:00,519.1749877929688,519.4000244140625,517.760009765625,517.760009765625,108051,519.1749877929688
2026-05-08 15:10:00-04:00,519.0650024414062,519.780029296875,518.9299926757812,519.0999755859375,109949,519.0650024414062
2026-05-08 15:15:00-04:00,519.469970703125,519.7492065429688,518.9555053710938,519.0599975585938,57713,519.469970703125
2026-05-08 15:20:00-04:00,518.5599975585938,519.5,518.5599975585938,519.1599731445312,121232,518.5599975585938
2026-05-08 15:25:00-04:00,516.8699951171875,518.5999755859375,516.8699951171875,518.5599975585938,82278,516.8699951171875
2026-05-08 15:30:00-04:00,517.5599975585938,517.6500244140625,516.6799926757812,517.52001953125,67228,517.5599975585938
2026-05-08 15:35:00-04:00,518.2550048828125,518.39501953125,517.344970703125,517.5700073242188,77471,518.2550048828125
2026-05-08 15:40:00-04:00,518.5700073242188,518.9550170898438,518.1500244140625,518.2100219726562,61126,518.5700073242188
2026-05-08 15:45:00-04:00,518.4000244140625,518.7999877929688,518.39501953125,518.530029296875,72706,518.4000244140625
2026-05-08 15:50:00-04:00,518.5700073242188,519.0800170898438,517.9000244140625,518.3800048828125,277593,518.5700073242188
2026-05-08 15:55:00-04:00,520.2000122070312,520.4299926757812,518.530029296875,518.5800170898438,474080,520.2000122070312
2026-05-11 09:30:00-04:00,529.8099975585938,531.9000244140625,523.760009765625,524.1199951171875,760822,529.8099975585938
2026-05-11 09:35:00-04:00,527.9099731445312,530.4450073242188,524.6400146484375,530.094970703125,274881,527.9099731445312
2026-05-11 09:40:00-04:00,528.9099731445312,529.4500122070312,526.0250244140625,527.8900146484375,299127,528.9099731445312
2026-05-11 09:45:00-04:00,526.5499877929688,528.9600219726562,526.4299926757812,528.72998046875,215794,526.5499877929688
2026-05-11 09:50:00-04:00,524.3699951171875,527.6900024414062,524.1199951171875,526.6300048828125,173402,524.3699951171875
2026-05-11 09:55:00-04:00,522.1257934570312,525.3599853515625,521.8300170898438,524.030029296875,190412,522.1257934570312
2026-05-11 10:00:00-04:00,525.2550048828125,525.75,522.219970703125,522.219970703125,137061,525.2550048828125
2026-05-11 10:05:00-04:00,526.989990234375,527.469970703125,525.3200073242188,525.3200073242188,134844,526.989990234375
2026-05-11 10:10:00-04:00,528.72998046875,529.0,525.6300048828125,526.9500122070312,96390,528.72998046875
2026-05-11 10:15:00-04:00,528.346923828125,529.2999877929688,527.6799926757812,528.719970703125,110374,528.346923828125
2026-05-11 10:20:00-04:00,526.7100219726562,528.3300170898438,526.5999755859375,528.2000122070312,80722,526.7100219726562
2026-05-11 10:25:00-04:00,522.3300170898438,526.9099731445312,522.1500244140625,526.75,90136,522.3300170898438
2026-05-11 10:30:00-04:00,525.0,525.0,521.6599731445312,522.5499877929688,131609,525.0
2026-05-11 10:35:00-04:00,526.6300048828125,526.8699951171875,524.6199951171875,524.9600219726562,89384,526.6300048828125
2026-05-11 10:40:00-04:00,527.0499877929688,527.7999877929688,525.8300170898438,526.5900268554688,83505,527.0499877929688
2026-05-11 10:45:00-04:00,527.1300048828125,527.6300048828125,526.3599853515625,527.1300048828125,61796,527.1300048828125
2026-05-11 10:50:00-04:00,528.8900146484375,529.169921875,526.6699829101562,527.2249755859375,99633,528.8900146484375
2026-05-11 10:55:00-04:00,528.0800170898438,528.8800048828125,527.6199951171875,528.8800048828125,103113,528.0800170898438
2026-05-11 11:00:00-04:00,528.8599853515625,529.3200073242188,527.52001953125,528.1300048828125,50644,528.8599853515625
2026-05-11 11:05:00-04:00,529.0850219726562,529.1799926757812,528.0800170898438,528.9036865234375,57075,529.0850219726562
2026-05-11 11:10:00-04:00,527.8499755859375,529.3200073242188,527.6699829101562,529.114990234375,56833,527.8499755859375
2026-05-11 11:15:00-04:00,527.7100219726562,528.6199951171875,527.0999755859375,527.8900146484375,58036,527.7100219726562
2026-05-11 11:20:00-04:00,529.0372924804688,529.1199951171875,527.1900024414062,527.6599731445312,40384,529.0372924804688
2026-05-11 11:25:00-04:00,529.1900024414062,529.5900268554688,528.7999877929688,529.030029296875,107328,529.1900024414062
2026-05-11 11:30:00-04:00,529.10498046875,529.6599731445312,528.5449829101562,529.2100219726562,66990,529.10498046875
2026-05-11 11:35:00-04:00,529.0399780273438,529.5800170898438,528.3499755859375,529.1300048828125,67299,529.0399780273438
2026-05-11 11:40:00-04:00,529.3800048828125,529.8699951171875,528.97998046875,529.1099853515625,52696,529.3800048828125
2026-05-11 11:45:00-04:00,530.530029296875,530.5800170898438,529.0549926757812,529.1500244140625,54613,530.530029296875
2026-05-11 11:50:00-04:00,531.0150146484375,531.0709838867188,529.77001953125,530.3499755859375,58556,531.0150146484375
2026-05-11 11:55:00-04:00,531.030029296875,531.2999877929688,530.4500122070312,531.0900268554688,44166,531.030029296875
2026-05-11 12:00:00-04:00,531.8099975585938,531.8099975585938,530.7999877929688,531.0250244140625,82343,531.8099975585938
2026-05-11 12:05:00-04:00,532.239990234375,532.385009765625,531.6400146484375,531.8099975585938,94306,532.239990234375
2026-05-11 12:10:00-04:00,532.4600219726562,532.469970703125,531.72998046875,532.27001953125,66186,532.4600219726562
2026-05-11 12:15:00-04:00,531.0399780273438,532.469970703125,530.9600219726562,532.4500122070312,72942,531.0399780273438
2026-05-11 12:20:00-04:00,531.0,531.1500244140625,530.4500122070312,531.0800170898438,43768,531.0
2026-05-11 12:25:00-04:00,530.969970703125,531.5499877929688,530.8400268554688,531.0599975585938,44031,530.969970703125
2026-05-11 12:30:00-04:00,530.9000244140625,531.4000244140625,530.5,530.8800048828125,47777,530.9000244140625
2026-05-11 12:35:00-04:00,529.6699829101562,531.0900268554688,529.5999755859375,531.0599975585938,46301,529.6699829101562
2026-05-11 12:40:00-04:00,529.625,529.9199829101562,527.8800048828125,529.6900024414062,112405,529.625
2026-05-11 12:45:00-04:00,530.0900268554688,530.6950073242188,529.2899780273438,529.5900268554688,62497,530.0900268554688
2026-05-11 12:50:00-04:00,530.0800170898438,530.5900268554688,529.5,530.1300048828125,40273,530.0800170898438
2026-05-11 12:55:00-04:00,530.135009765625,530.3200073242188,529.7100219726562,529.97998046875,31756,530.135009765625
2026-05-11 13:00:00-04:00,531.1699829101562,531.1699829101562,530.0399780273438,530.2100219726562,32092,531.1699829101562
2026-05-11 13:05:00-04:00,531.0599975585938,531.3200073242188,530.239990234375,531.114990234375,29880,531.0599975585938
2026-05-11 13:10:00-04:00,530.0999755859375,530.9000244140625,529.75,530.9000244140625,41278,530.0999755859375
2026-05-11 13:15:00-04:00,529.6599731445312,530.510009765625,529.3599853515625,530.1799926757812,49145,529.6599731445312
2026-05-11 13:20:00-04:00,530.719970703125,530.7999877929688,529.5499877929688,529.6400146484375,30515,530.719970703125
2026-05-11 13:25:00-04:00,531.7100219726562,531.8599853515625,530.6799926757812,531.1580810546875,44518,531.7100219726562
2026-05-11 13:30:00-04:00,531.7299194335938,532.4199829101562,531.22998046875,531.6599731445312,50578,531.7299194335938
2026-05-11 13:35:00-04:00,532.22998046875,532.7000122070312,531.47998046875,531.5999755859375,37234,532.22998046875
2026-05-11 13:40:00-04:00,531.9600219726562,532.5700073242188,531.9299926757812,532.25,27324,531.9600219726562
2026-05-11 13:45:00-04:00,532.1500244140625,532.8599853515625,531.8599853515625,531.885009765625,41455,532.1500244140625
2026-05-11 13:50:00-04:00,531.9299926757812,532.260009765625,531.9299926757812,532.1400146484375,43139,531.9299926757812
2026-05-11 13:55:00-04:00,531.4000244140625,532.469970703125,531.3599853515625,532.1099853515625,41913,531.4000244140625
2026-05-11 14:00:00-04:00,531.22998046875,531.6400146484375,530.8400268554688,531.6099853515625,58082,531.22998046875
2026-05-11 14:05:00-04:00,532.5,532.5,531.7899780273438,531.8499755859375,29675,532.5
2026-05-11 14:10:00-04:00,532.5800170898438,533.0,532.27001953125,532.4600219726562,57176,532.5800170898438
2026-05-11 14:15:00-04:00,532.5900268554688,532.7000122070312,532.1400146484375,532.530029296875,42604,532.5900268554688
2026-05-11 14:20:00-04:00,532.27001953125,532.7999267578125,531.969970703125,532.5900268554688,53997,532.27001953125
2026-05-11 14:25:00-04:00,532.760009765625,533.010009765625,532.22998046875,532.280029296875,35437,532.760009765625
2026-05-11 14:30:00-04:00,533.010009765625,533.02001953125,532.280029296875,532.64501953125,23095,533.010009765625
2026-05-11 14:35:00-04:00,533.1649780273438,533.739990234375,532.9400024414062,533.010009765625,56905,533.1649780273438
2026-05-11 14:40:00-04:00,532.7999877929688,533.3400268554688,532.3499755859375,533.1199951171875,67832,532.7999877929688
2026-05-11 14:45:00-04:00,532.4949951171875,532.8049926757812,532.1699829101562,532.75,52106,532.4949951171875
2026-05-11 14:50:00-04:00,533.1599731445312,533.260009765625,532.3599853515625,532.719970703125,60144,533.1599731445312
2026-05-11 14:55:00-04:00,531.1900024414062,533.52001953125,530.8699951171875,532.969970703125,107740,531.1900024414062
2026-05-11 15:00:00-04:00,531.1506958007812,532.0700073242188,531.0399780273438,531.239990234375,89559,531.1506958007812
2026-05-11 15:05:00-04:00,532.8099975585938,533.0599975585938,531.030029296875,531.1599731445312,100530,532.8099975585938
2026-05-11 15:10:00-04:00,531.969970703125,533.0900268554688,531.969970703125,532.844970703125,108125,531.969970703125
2026-05-11 15:15:00-04:00,531.989990234375,532.114990234375,531.239990234375,531.9600219726562,57990,531.989990234375
2026-05-11 15:20:00-04:00,531.3099975585938,532.25,531.3099975585938,531.6599731445312,74458,531.3099975585938
2026-05-11 15:25:00-04:00,529.5900268554688,531.4199829101562,529.3699951171875,531.3300170898438,52630,529.5900268554688
2026-05-11 15:30:00-04:00,529.56201171875,530.7000122070312,529.2899780273438,529.52001953125,57508,529.56201171875
2026-05-11 15:35:00-04:00,529.530029296875,529.8400268554688,528.9600219726562,529.5999755859375,103321,529.530029296875
2026-05-11 15:40:00-04:00,530.3800048828125,530.8900146484375,529.510009765625,529.5999755859375,85952,530.3800048828125
2026-05-11 15:45:00-04:00,531.4400024414062,531.5399780273438,530.2000122070312,530.4000244140625,66571,531.4400024414062
2026-05-11 15:50:00-04:00,532.3800048828125,532.6799926757812,531.1400146484375,531.4000244140625,304185,532.3800048828125
2026-05-11 15:55:00-04:00,532.8699951171875,533.1237182617188,532.25,532.4600219726562,325179,532.8699951171875
2026-05-12 09:30:00-04:00,520.1199951171875,521.347412109375,516.3400268554688,520.8499755859375,646576,520.1199951171875
2026-05-12 09:35:00-04:00,522.6799926757812,523.0399780273438,518.1699829101562,520.1900024414062,239901,522.6799926757812
2026-05-12 09:40:00-04:00,523.8900146484375,525.1500244140625,521.7100219726562,522.8699951171875,257743,523.8900146484375
2026-05-12 09:45:00-04:00,521.3800048828125,524.4949951171875,521.0900268554688,523.8300170898438,122775,521.3800048828125
2026-05-12 09:50:00-04:00,521.6400146484375,522.2100219726562,519.9600219726562,521.1300048828125,122726,521.6400146484375
2026-05-12 09:55:00-04:00,515.4630126953125,521.7799072265625,515.1500244140625,521.7799072265625,201422,515.4630126953125
2026-05-12 10:00:00-04:00,516.3300170898438,519.3242797851562,515.0925903320312,515.635009765625,272689,516.3300170898438
2026-05-12 10:05:00-04:00,517.8499755859375,518.0499877929688,516.0399780273438,516.3599853515625,148624,517.8499755859375
2026-05-12 10:10:00-04:00,518.8800048828125,519.5399780273438,516.6500244140625,517.9500122070312,149917,518.8800048828125
2026-05-12 10:15:00-04:00,519.8350219726562,519.9550170898438,516.8499755859375,518.8400268554688,153547,519.8350219726562
2026-05-12 10:20:00-04:00,517.0999755859375,520.02001953125,516.8900146484375,519.7849731445312,95006,517.0999755859375
2026-05-12 10:25:00-04:00,513.0650024414062,517.8300170898438,512.8099975585938,517.27001953125,321571,513.0650024414062
2026-05-12 10:30:00-04:00,510.04998779296875,513.47998046875,509.0,513.2999877929688,289491,510.04998779296875
2026-05-12 10:35:00-04:00,513.2999877929688,514.0800170898438,508.760009765625,510.2250061035156,281863,513.2999877929688
2026-05-12 10:40:00-04:00,511.95001220703125,514.6400146484375,511.6400146484375,513.3800048828125,180277,511.95001220703125
2026-05-12 10:45:00-04:00,509.9700012207031,512.4000244140625,509.9200134277344,511.8599853515625,178514,509.9700012207031
2026-05-12 10:50:00-04:00,511.4800109863281,512.1589965820312,508.3399963378906,509.9750061035156,256178,511.4800109863281
2026-05-12 10:55:00-04:00,508.760009765625,512.0599975585938,508.2090148925781,511.510009765625,122555,508.760009765625
2026-05-12 11:00:00-04:00,507.32501220703125,509.69000244140625,507.1199951171875,508.8999938964844,212432,507.32501220703125
2026-05-12 11:05:00-04:00,508.1499938964844,508.4100036621094,506.42999267578125,507.260009765625,286282,508.1499938964844
2026-05-12 11:10:00-04:00,505.04998779296875,508.5498962402344,504.8399963378906,508.3399963378906,211511,505.04998779296875
2026-05-12 11:15:00-04:00,503.8900146484375,505.239990234375,502.739990234375,505.1050109863281,253146,503.8900146484375
2026-05-12 11:20:00-04:00,501.6300048828125,504.4100036621094,500.95001220703125,503.9800109863281,237197,501.6300048828125
2026-05-12 11:25:00-04:00,500.8699951171875,503.07501220703125,500.63189697265625,501.7799987792969,209041,500.8699951171875
2026-05-12 11:30:00-04:00,504.3800048828125,504.6199951171875,501.0256042480469,501.0799865722656,259768,504.3800048828125
2026-05-12 11:35:00-04:00,505.0,505.9100036621094,503.2300109863281,504.5400085449219,211544,505.0
2026-05-12 11:40:00-04:00,503.5899963378906,505.4800109863281,502.7099914550781,505.1600036621094,106793,503.5899963378906
2026-05-12 11:45:00-04:00,503.1700134277344,504.25,502.1499938964844,503.69000244140625,125185,503.1700134277344
2026-05-12 11:50:00-04:00,501.0199890136719,503.45001220703125,501.0199890136719,502.7049865722656,119639,501.0199890136719
2026-05-12 11:55:00-04:00,499.239990234375,501.2200012207031,498.9700012207031,501.010009765625,312056,499.239990234375
2026-05-12 12:00:00-04:00,501.4100036621094,502.17999267578125,498.6400146484375,499.30999755859375,277847,501.4100036621094
2026-05-12 12:05:00-04:00,500.7200012207031,502.2799987792969,500.1300048828125,501.69000244140625,129288,500.7200012207031
2026-05-12 12:10:00-04:00,502.6499938964844,502.7799987792969,500.3800048828125,500.6499938964844,135954,502.6499938964844
2026-05-12 12:15:00-04:00,500.6099853515625,502.7200012207031,500.5400085449219,502.6300048828125,114128,500.6099853515625
2026-05-12 12:20:00-04:00,499.5799865722656,501.2099914550781,498.9599914550781,500.5,169388,499.5799865722656
2026-05-12 12:25:00-04:00,499.239990234375,499.9100036621094,498.6300048828125,499.5799865722656,82096,499.239990234375
2026-05-12 12:30:00-04:00,498.4100036621094,499.8599853515625,497.9700012207031,499.260009765625,162316,498.4100036621094
2026-05-12 12:35:00-04:00,498.0450134277344,499.7200012207031,497.739990234375,498.760009765625,140311,498.0450134277344
2026-05-12 12:40:00-04:00,497.05999755859375,498.760009765625,495.7099914550781,497.92999267578125,137097,497.05999755859375
2026-05-12 12:45:00-04:00,497.2825927734375,497.8699951171875,496.3500061035156,497.1000061035156,163752,497.2825927734375
2026-05-12 12:50:00-04:00,496.6099853515625,498.2300109863281,495.9100036621094,497.35009765625,225779,496.6099853515625
2026-05-12 12:55:00-04:00,496.2699890136719,497.4200134277344,495.8399963378906,496.5,123954,496.2699890136719
2026-05-12 13:00:00-04:00,498.69000244140625,498.7200012207031,496.3900146484375,496.3900146484375,137719,498.69000244140625
2026-05-12 13:05:00-04:00,499.6099853515625,501.0,498.6199951171875,498.6400146484375,158177,499.6099853515625
2026-05-12 13:10:00-04:00,502.3699951171875,502.6000061035156,499.5799865722656,499.6650085449219,181951,502.3699951171875
2026-05-12 13:15:00-04:00,503.44000244140625,504.510009765625,502.260009765625,502.260009765625,211915,503.44000244140625
2026-05-12 13:20:00-04:00,504.6600036621094,505.4599914550781,503.4100036621094,503.45001220703125,232356,504.6600036621094
2026-05-12 13:25:00-04:00,503.55999755859375,504.79998779296875,502.1000061035156,504.67999267578125,194346,503.55999755859375
2026-05-12 13:30:00-04:00,505.04998779296875,505.45001220703125,503.30999755859375,503.5400085449219,120244,505.04998779296875
2026-05-12 13:35:00-04:00,503.7300109863281,505.08990478515625,502.7699890136719,503.6199951171875,164074,503.7300109863281
2026-05-12 13:40:00-04:00,503.1600036621094,503.9599914550781,503.010009765625,503.70001220703125,56895,503.1600036621094
2026-05-12 13:45:00-04:00,503.45001220703125,503.82000732421875,502.6199951171875,503.2550048828125,87470,503.45001220703125
2026-05-12 13:50:00-04:00,504.2300109863281,504.2300109863281,502.489990234375,502.9244079589844,70965,504.2300109863281
2026-05-12 13:55:00-04:00,504.8399963378906,505.260009765625,503.2799987792969,504.2799987792969,155606,504.8399963378906
2026-05-12 14:00:00-04:00,506.1400146484375,506.6000061035156,504.6199951171875,505.05999755859375,176058,506.1400146484375
2026-05-12 14:05:00-04:00,505.5400085449219,506.82501220703125,505.3299865722656,506.17999267578125,151820,505.5400085449219
2026-05-12 14:10:00-04:00,507.260009765625,507.3399963378906,505.260009765625,505.5,85676,507.260009765625
2026-05-12 14:15:00-04:00,507.0950012207031,507.94000244140625,506.67999267578125,507.2049865722656,106459,507.0950012207031
2026-05-12 14:20:00-04:00,506.80999755859375,507.67999267578125,506.5899963378906,507.1499938964844,64834,506.80999755859375
2026-05-12 14:25:00-04:00,508.489990234375,509.1700134277344,506.92498779296875,506.92498779296875,250581,508.489990234375
2026-05-12 14:30:00-04:00,508.7099914550781,509.6050109863281,508.17999267578125,508.3699951171875,141782,508.7099914550781
2026-05-12 14:35:00-04:00,508.4200134277344,509.1700134277344,508.0,508.55999755859375,163251,508.4200134277344
2026-05-12 14:40:00-04:00,507.7200012207031,508.9100036621094,507.7200012207031,508.5400085449219,59493,507.7200012207031
2026-05-12 14:45:00-04:00,507.125,507.7699890136719,506.010009765625,507.7699890136719,88160,507.125
2026-05-12 14:50:00-04:00,507.4100036621094,508.010009765625,506.5799865722656,507.0799865722656,100504,507.4100036621094
2026-05-12 14:55:00-04:00,505.760009765625,509.1400146484375,505.1000061035156,507.31500244140625,168024,505.760009765625
2026-05-12 15:00:00-04:00,507.4599914550781,507.6000061035156,506.8299865722656,506.9100036621094,109846,507.4599914550781
2026-05-12 15:05:00-04:00,507.8550109863281,509.0199890136719,506.8599853515625,507.3800048828125,129169,507.8550109863281
2026-05-12 15:10:00-04:00,510.0400085449219,510.2300109863281,507.860107421875,507.885009765625,201366,510.0400085449219
2026-05-12 15:15:00-04:00,510.489990234375,511.0400085449219,510.04998779296875,510.1400146484375,104992,510.489990234375
2026-05-12 15:20:00-04:00,509.7300109863281,510.7049865722656,508.6700134277344,509.7049865722656,96173,509.7300109863281
2026-05-12 15:25:00-04:00,509.8399963378906,510.19500732421875,509.5,509.7300109863281,97310,509.8399963378906
2026-05-12 15:30:00-04:00,512.9099731445312,513.22998046875,509.8900146484375,509.8999938964844,203664,512.9099731445312
2026-05-12 15:35:00-04:00,513.6199951171875,513.8300170898438,512.4400024414062,512.9099731445312,219785,513.6199951171875
2026-05-12 15:40:00-04:00,513.9199829101562,514.3800048828125,513.4450073242188,513.6599731445312,138150,513.9199829101562
2026-05-12 15:45:00-04:00,514.6400146484375,514.9299926757812,513.1699829101562,513.9099731445312,158377,514.6400146484375
2026-05-12 15:50:00-04:00,515.5900268554688,516.3200073242188,514.219970703125,514.719970703125,340264,515.5900268554688
2026-05-12 15:55:00-04:00,516.1900024414062,516.4400024414062,515.3900146484375,515.6599731445312,486438,516.1900024414062
2026-05-13 09:30:00-04:00,525.47998046875,528.9000244140625,523.6799926757812,527.614990234375,761148,525.47998046875
2026-05-13 09:35:00-04:00,521.8599853515625,526.030029296875,520.1400756835938,525.5800170898438,261831,521.8599853515625
2026-05-13 09:40:00-04:00,522.9299926757812,525.389892578125,521.4099731445312,521.8699951171875,216912,522.9299926757812
2026-05-13 09:45:00-04:00,519.739990234375,522.989990234375,516.780029296875,522.9000244140625,274737,519.739990234375
2026-05-13 09:50:00-04:00,523.260009765625,523.4890747070312,516.75,519.780029296875,262304,523.260009765625
2026-05-13 09:55:00-04:00,519.9099731445312,523.4600219726562,519.0599975585938,523.280029296875,252227,519.9099731445312
2026-05-13 10:00:00-04:00,520.5850219726562,521.4400024414062,519.530029296875,520.239990234375,127555,520.5850219726562
2026-05-13 10:05:00-04:00,517.7999877929688,520.9099731445312,515.9400024414062,520.4400024414062,203617,517.7999877929688
2026-05-13 10:10:00-04:00,518.7100219726562,519.4600219726562,516.9349975585938,517.5499877929688,129780,518.7100219726562
2026-05-13 10:15:00-04:00,519.1599731445312,520.0,517.6900024414062,518.4500122070312,84759,519.1599731445312
2026-05-13 10:20:00-04:00,522.8099975585938,523.010009765625,519.0,519.260009765625,122865,522.8099975585938
2026-05-13 10:25:00-04:00,522.7951049804688,523.8300170898438,522.27001953125,522.780029296875,97679,522.7951049804688
2026-05-13 10:30:00-04:00,524.635009765625,524.77001953125,522.7100219726562,522.7100219726562,56853,524.635009765625
2026-05-13 10:35:00-04:00,524.3300170898438,525.260009765625,523.1099853515625,524.6699829101562,88576,524.3300170898438
2026-05-13 10:40:00-04:00,524.875,525.5499877929688,523.97998046875,524.0349731445312,69175,524.875
2026-05-13 10:45:00-04:00,524.9099731445312,525.8800048828125,523.8699951171875,524.9400024414062,99490,524.9099731445312
2026-05-13 10:50:00-04:00,527.25,527.260009765625,524.4500122070312,524.7849731445312,99533,527.25
2026-05-13 10:55:00-04:00,527.1849975585938,527.9600219726562,526.5900268554688,527.2899780273438,106661,527.1849975585938
2026-05-13 11:00:00-04:00,527.1799926757812,528.0800170898438,527.0999755859375,527.3400268554688,83513,527.1799926757812
2026-05-13 11:05:00-04:00,527.3300170898438,527.77001953125,526.6599731445312,527.1900024414062,64478,527.3300170898438
2026-05-13 11:10:00-04:00,526.4600219726562,527.4199829101562,525.2800903320312,527.3099975585938,94525,526.4600219726562
2026-05-13 11:15:00-04:00,526.5,527.5,526.0900268554688,526.4349975585938,40860,526.5
2026-05-13 11:20:00-04:00,525.969970703125,526.9398803710938,525.2999877929688,526.3814086914062,37428,525.969970703125
2026-05-13 11:25:00-04:00,525.22998046875,526.1500244140625,524.0999755859375,525.9099731445312,83870,525.22998046875
2026-05-13 11:30:00-04:00,524.6199951171875,525.2799072265625,523.8800048828125,525.1950073242188,49590,524.6199951171875
2026-05-13 11:35:00-04:00,524.9400024414062,526.0,524.1900024414062,524.52001953125,70796,524.9400024414062
2026-05-13 11:40:00-04:00,526.3699951171875,526.760009765625,525.02001953125,525.094970703125,58459,526.3699951171875
2026-05-13 11:45:00-04:00,525.6400146484375,526.4400024414062,525.5150146484375,526.322509765625,26829,525.6400146484375
2026-05-13 11:50:00-04:00,524.9299926757812,525.530029296875,524.2999877929688,525.4600219726562,50173,524.9299926757812
2026-05-13 11:55:00-04:00,523.5700073242188,524.97998046875,522.760009765625,524.9550170898438,48687,523.5700073242188
2026-05-13 12:00:00-04:00,525.4299926757812,525.6599731445312,523.2117919921875,523.4650268554688,33241,525.4299926757812
2026-05-13 12:05:00-04:00,526.0399780273438,526.1500244140625,524.8049926757812,525.3101196289062,46110,526.0399780273438
2026-05-13 12:10:00-04:00,526.9400024414062,527.0399780273438,525.8300170898438,525.9199829101562,55068,526.9400024414062
2026-05-13 12:15:00-04:00,526.969970703125,527.2000122070312,526.1699829101562,527.0,57929,526.969970703125
2026-05-13 12:20:00-04:00,528.0900268554688,528.0900268554688,526.5900268554688,527.135009765625,91973,528.0900268554688
2026-05-13 12:25:00-04:00,528.739990234375,528.75,527.3599853515625,528.2100219726562,81266,528.739990234375
2026-05-13 12:30:00-04:00,528.27001953125,528.8200073242188,527.5999755859375,528.6950073242188,67857,528.27001953125
2026-05-13 12:35:00-04:00,528.1400146484375,528.739990234375,527.9400024414062,528.469970703125,83370,528.1400146484375
2026-05-13 12:40:00-04:00,528.0999755859375,528.5800170898438,527.9650268554688,528.0650024414062,25045,528.0999755859375
2026-05-13 12:45:00-04:00,527.739990234375,528.3200073242188,527.4199829101562,528.1699829101562,53503,527.739990234375
2026-05-13 12:50:00-04:00,527.9000244140625,528.2899780273438,527.4099731445312,527.7150268554688,44171,527.9000244140625
2026-05-13 12:55:00-04:00,527.5999755859375,528.1599731445312,527.3499755859375,527.9600219726562,30008,527.5999755859375
2026-05-13 13:00:00-04:00,529.02001953125,529.2899780273438,527.6900024414062,527.6900024414062,79323,529.02001953125
2026-05-13 13:05:00-04:00,528.969970703125,529.6599731445312,528.7899780273438,528.9658203125,66245,528.969970703125
2026-05-13 13:10:00-04:00,529.77001953125,530.0399780273438,529.0999755859375,529.0999755859375,49688,529.77001953125
2026-05-13 13:15:00-04:00,529.5700073242188,530.0599975585938,529.1300048828125,529.6699829101562,47317,529.5700073242188
2026-05-13 13:20:00-04:00,529.4025268554688,530.0399780273438,529.3699951171875,529.5900268554688,45349,529.4025268554688
2026-05-13 13:25:00-04:00,530.4000244140625,530.5900268554688,529.3200073242188,529.3200073242188,64739,530.4000244140625
2026-05-13 13:30:00-04:00,529.8200073242188,530.6900024414062,529.5,530.4500122070312,57608,529.8200073242188
2026-05-13 13:35:00-04:00,530.1950073242188,530.3900146484375,529.7000122070312,529.7000122070312,9719,530.1950073242188
2026-05-13 13:40:00-04:00,530.5750122070312,530.655029296875,530.135009765625,530.1500244140625,23203,530.5750122070312
2026-05-13 13:45:00-04:00,529.989990234375,530.77001953125,529.6900024414062,530.4199829101562,41373,529.989990234375
2026-05-13 13:50:00-04:00,530.4400024414062,530.697509765625,529.8599853515625,529.905029296875,31213,530.4400024414062
2026-05-13 13:55:00-04:00,529.0999755859375,530.5999755859375,529.02001953125,530.385009765625,27171,529.0999755859375
2026-05-13 14:00:00-04:00,530.0150146484375,530.1649780273438,528.9299926757812,529.0999755859375,23849,530.0150146484375
2026-05-13 14:05:00-04:00,530.2301025390625,530.3800048828125,529.5900268554688,529.969970703125,32926,530.2301025390625
2026-05-13 14:10:00-04:00,530.969970703125,531.0280151367188,530.1599731445312,530.27001953125,54647,530.969970703125
2026-05-13 14:15:00-04:00,531.4500122070312,531.5499877929688,530.9099731445312,531.030029296875,59308,531.4500122070312
2026-05-13 14:20:00-04:00,531.5,531.8499755859375,531.1699829101562,531.5700073242188,39403,531.5
2026-05-13 14:25:00-04:00,531.6099853515625,532.25,531.3599853515625,531.6951293945312,66601,531.6099853515625
2026-05-13 14:30:00-04:00,530.8701171875,531.8720092773438,530.7100219726562,531.5800170898438,48110,530.8701171875
2026-05-13 14:35:00-04:00,530.4285888671875,531.0042724609375,529.75048828125,530.9299926757812,36590,530.4285888671875
2026-05-13 14:40:00-04:00,530.1834106445312,530.7999877929688,530.1834106445312,530.5,37967,530.1834106445312
2026-05-13 14:45:00-04:00,529.780029296875,530.2449951171875,529.1300048828125,530.1749877929688,25216,529.780029296875
2026-05-13 14:50:00-04:00,528.9199829101562,529.7999877929688,528.5599975585938,529.7999877929688,48809,528.9199829101562
2026-05-13 14:55:00-04:00,527.9149780273438,529.0599975585938,527.760009765625,529.0599975585938,40843,527.9149780273438
2026-05-13 15:00:00-04:00,528.6699829101562,529.0399780273438,528.0,528.0,49885,528.6699829101562
2026-05-13 15:05:00-04:00,529.6199951171875,529.7100219726562,528.2999877929688,528.6799926757812,55883,529.6199951171875
2026-05-13 15:10:00-04:00,529.9749755859375,530.22998046875,529.1699829101562,529.5850219726562,69813,529.9749755859375
2026-05-13 15:15:00-04:00,530.39501953125,530.594970703125,529.52001953125,529.969970703125,49196,530.39501953125
2026-05-13 15:20:00-04:00,529.77001953125,530.6599731445312,529.6300048828125,530.47998046875,50801,529.77001953125
2026-05-13 15:25:00-04:00,529.9000244140625,530.280029296875,529.5700073242188,529.7100219726562,57690,529.9000244140625
2026-05-13 15:30:00-04:00,529.0250244140625,530.1400146484375,529.0250244140625,529.9299926757812,30815,529.0250244140625
2026-05-13 15:35:00-04:00,529.5650024414062,529.5999755859375,528.7650146484375,529.010009765625,23496,529.5650024414062
2026-05-13 15:40:00-04:00,529.3400268554688,529.760009765625,529.125,529.5549926757812,34094,529.3400268554688
2026-05-13 15:45:00-04:00,529.7999877929688,530.1400146484375,529.0499877929688,529.3599853515625,319349,529.7999877929688
2026-05-13 15:50:00-04:00,527.1500244140625,529.6599731445312,526.510009765625,529.6599731445312,253656,527.1500244140625
2026-05-13 15:55:00-04:00,528.1400146484375,528.5,527.1599731445312,527.1599731445312,285163,528.1400146484375
2026-05-14 09:30:00-04:00,525.2000122070312,526.780029296875,522.22998046875,526.4949951171875,452516,525.2000122070312
2026-05-14 09:35:00-04:00,530.0599975585938,530.0599975585938,525.0499877929688,525.3350219726562,186143,530.0599975585938
2026-05-14 09:40:00-04:00,529.9299926757812,531.5150146484375,528.9400024414062,530.0050048828125,129884,529.9299926757812
2026-05-14 09:45:00-04:00,532.2000122070312,532.97998046875,530.0399780273438,530.0700073242188,197497,532.2000122070312
2026-05-14 09:50:00-04:00,530.47998046875,533.030029296875,529.780029296875,531.9400024414062,121126,530.47998046875
2026-05-14 09:55:00-04:00,528.239990234375,531.5700073242188,527.4600219726562,530.4400024414062,149881,528.239990234375
2026-05-14 10:00:00-04:00,529.6251220703125,531.2899780273438,527.8200073242188,528.02001953125,104770,529.6251220703125
2026-05-14 10:05:00-04:00,526.1599731445312,529.9099731445312,526.0,529.5900268554688,114013,526.1599731445312
2026-05-14 10:10:00-04:00,528.72998046875,529.1099853515625,525.9600219726562,526.0999755859375,116763,528.72998046875
2026-05-14 10:15:00-04:00,530.6400146484375,530.6400146484375,528.4600219726562,528.9199829101562,76711,530.6400146484375
2026-05-14 10:20:00-04:00,529.75,531.3400268554688,529.4199829101562,530.510009765625,76936,529.75
2026-05-14 10:25:00-04:00,529.2050170898438,530.1099853515625,528.3800048828125,529.7999877929688,71076,529.2050170898438
2026-05-14 10:30:00-04:00,530.0900268554688,530.0900268554688,528.3599853515625,529.3499755859375,34843,530.0900268554688
2026-05-14 10:35:00-04:00,532.5499267578125,532.6400146484375,530.0900268554688,530.1900024414062,63638,532.5499267578125
2026-05-14 10:40:00-04:00,531.3200073242188,532.4000244140625,530.6699829101562,532.3400268554688,107271,531.3200073242188
2026-05-14 10:45:00-04:00,531.9299926757812,532.0,530.6400146484375,531.3699951171875,67324,531.9299926757812
2026-05-14 10:50:00-04:00,531.780029296875,533.0,531.4299926757812,531.9299926757812,54133,531.780029296875
2026-05-14 10:55:00-04:00,530.4849853515625,532.0399780273438,529.75,531.8800048828125,47886,530.4849853515625
2026-05-14 11:00:00-04:00,530.5,531.8400268554688,530.1099853515625,530.5620727539062,37830,530.5
2026-05-14 11:05:00-04:00,532.3400268554688,532.3400268554688,530.2899780273438,530.4000244140625,46718,532.3400268554688
2026-05-14 11:10:00-04:00,532.2100219726562,532.3300170898438,531.3900146484375,532.27001953125,23154,532.2100219726562
2026-05-14 11:15:00-04:00,532.8300170898438,533.1300048828125,532.010009765625,532.1699829101562,38886,532.8300170898438
2026-05-14 11:20:00-04:00,532.260009765625,532.9500122070312,531.9299926757812,532.719970703125,39265,532.260009765625
2026-05-14 11:25:00-04:00,531.8599853515625,533.02001953125,531.60009765625,532.27001953125,35028,531.8599853515625
2026-05-14 11:30:00-04:00,530.9849853515625,532.3400268554688,530.75,531.72998046875,31494,530.9849853515625
2026-05-14 11:35:00-04:00,531.3798828125,531.6300048828125,530.8499755859375,530.8499755859375,28602,531.3798828125
2026-05-14 11:40:00-04:00,531.4349975585938,531.739990234375,530.8400268554688,531.2899780273438,23755,531.4349975585938
2026-05-14 11:45:00-04:00,530.9495239257812,531.5,530.219970703125,531.5,33682,530.9495239257812
2026-05-14 11:50:00-04:00,531.6300048828125,531.6599731445312,530.5399780273438,530.9600219726562,23379,531.6300048828125
2026-05-14 11:55:00-04:00,530.510009765625,531.6500244140625,530.510009765625,531.594970703125,21683,530.510009765625
2026-05-14 12:00:00-04:00,531.1199951171875,531.1199951171875,530.3900146484375,530.5800170898438,18972,531.1199951171875
2026-05-14 12:05:00-04:00,530.9600219726562,531.0999755859375,530.52001953125,531.02001953125,14210,530.9600219726562
2026-05-14 12:10:00-04:00,531.905029296875,532.2463989257812,531.0,531.0,21340,531.905029296875
2026-05-14 12:15:00-04:00,531.2100219726562,532.5050048828125,530.8800048828125,531.9450073242188,23009,531.2100219726562
2026-05-14 12:20:00-04:00,531.7899780273438,532.0399780273438,531.1799926757812,531.239990234375,19233,531.7899780273438
2026-05-14 12:25:00-04:00,530.530029296875,532.0247802734375,530.2000122070312,531.8099975585938,34835,530.530029296875
2026-05-14 12:30:00-04:00,530.6600952148438,531.4500122070312,530.3699951171875,530.3699951171875,40630,530.6600952148438
2026-05-14 12:35:00-04:00,530.5499877929688,531.1500244140625,530.4299926757812,530.6300048828125,44526,530.5499877929688
2026-05-14 12:40:00-04:00,530.4500122070312,531.5,530.27001953125,530.530029296875,58904,530.4500122070312
2026-05-14 12:45:00-04:00,531.1599731445312,531.219970703125,529.84619140625,530.3800048828125,72937,531.1599731445312
2026-05-14 12:50:00-04:00,531.77001953125,531.77001953125,530.5599975585938,531.2000122070312,53868,531.77001953125
2026-05-14 12:55:00-04:00,531.3862915039062,531.8900146484375,530.6599731445312,531.7000122070312,81630,531.3862915039062
2026-05-14 13:00:00-04:00,532.0250244140625,532.4400024414062,531.4099731445312,531.4199829101562,49310,532.0250244140625
2026-05-14 13:05:00-04:00,530.2310180664062,532.010009765625,530.2310180664062,532.010009765625,60357,530.2310180664062
2026-05-14 13:10:00-04:00,528.4400024414062,531.0800170898438,528.4199829101562,530.1019897460938,81858,528.4400024414062
2026-05-14 13:15:00-04:00,526.4500122070312,529.02001953125,525.989990234375,528.5250244140625,184974,526.4500122070312
2026-05-14 13:20:00-04:00,526.530029296875,528.2999877929688,526.3499755859375,526.5900268554688,147635,526.530029296875
2026-05-14 13:25:00-04:00,527.1199951171875,527.1199951171875,525.260009765625,526.6099853515625,114520,527.1199951171875
2026-05-14 13:30:00-04:00,527.6699829101562,528.3250122070312,526.72998046875,526.8900146484375,46168,527.6699829101562
2026-05-14 13:35:00-04:00,528.5,529.0900268554688,527.6099853515625,527.6099853515625,31679,528.5
2026-05-14 13:40:00-04:00,529.2899780273438,529.3090209960938,528.4500122070312,528.6199951171875,29649,529.2899780273438
2026-05-14 13:45:00-04:00,530.219970703125,530.3300170898438,529.22998046875,529.22998046875,33842,530.219970703125
2026-05-14 13:50:00-04:00,531.0900268554688,531.219970703125,530.0211791992188,530.3150024414062,32603,531.0900268554688
2026-05-14 13:55:00-04:00,531.1400146484375,531.510009765625,530.8900146484375,531.02001953125,25681,531.1400146484375
2026-05-14 14:00:00-04:00,528.8400268554688,530.989990234375,528.3900146484375,530.9801025390625,58957,528.8400268554688
2026-05-14 14:05:00-04:00,528.4400024414062,529.5599975585938,528.3099975585938,528.9099731445312,36420,528.4400024414062
2026-05-14 14:10:00-04:00,530.1900024414062,530.5499877929688,528.3784790039062,528.72998046875,66503,530.1900024414062
2026-05-14 14:15:00-04:00,530.3400268554688,530.8699951171875,529.8699951171875,530.0999755859375,47296,530.3400268554688
2026-05-14 14:20:00-04:00,528.530029296875,530.4099731445312,528.4600219726562,530.4099731445312,33742,528.530029296875
2026-05-14 14:25:00-04:00,529.6599731445312,529.8699951171875,528.6699829101562,528.739990234375,15107,529.6599731445312
2026-05-14 14:30:00-04:00,530.219970703125,530.3250732421875,529.6500244140625,529.7305297851562,17095,530.219970703125
2026-05-14 14:35:00-04:00,529.9450073242188,530.2999877929688,529.7999877929688,530.0999755859375,14884,529.9450073242188
2026-05-14 14:40:00-04:00,529.4199829101562,530.0599975585938,528.8800048828125,530.0599975585938,17150,529.4199829101562
2026-05-14 14:45:00-04:00,530.27001953125,530.355712890625,529.1300048828125,529.489990234375,9383,530.27001953125
2026-05-14 14:50:00-04:00,531.3499755859375,531.4400024414062,530.3400268554688,530.3400268554688,38865,531.3499755859375
2026-05-14 14:55:00-04:00,531.530029296875,531.8499755859375,531.1799926757812,531.5700073242188,21417,531.530029296875
2026-05-14 15:00:00-04:00,531.6699829101562,532.4000244140625,531.3099975585938,531.780029296875,68559,531.6699829101562
2026-05-14 15:05:00-04:00,531.6088256835938,531.7100219726562,531.1199951171875,531.6199951171875,21186,531.6088256835938
2026-05-14 15:10:00-04:00,531.3150024414062,531.719970703125,530.7000122070312,531.5999755859375,38976,531.3150024414062
2026-05-14 15:15:00-04:00,531.489990234375,531.7000122070312,531.0,531.3150024414062,28278,531.489990234375
2026-05-14 15:20:00-04:00,531.9600219726562,532.510009765625,531.47998046875,531.47998046875,34981,531.9600219726562
2026-05-14 15:25:00-04:00,531.1300048828125,532.0800170898438,530.9400024414062,531.9550170898438,29532,531.1300048828125
2026-05-14 15:30:00-04:00,531.6099853515625,532.2899780273438,531.0814208984375,531.1199951171875,43237,531.6099853515625
2026-05-14 15:35:00-04:00,532.0200805664062,532.1199951171875,531.239990234375,531.530029296875,56397,532.0200805664062
2026-05-14 15:40:00-04:00,532.510009765625,532.5499877929688,531.9000244140625,531.9400024414062,34582,532.510009765625
2026-05-14 15:45:00-04:00,532.760009765625,533.0700073242188,532.1749877929688,532.489990234375,39666,532.760009765625
2026-05-14 15:50:00-04:00,532.2000122070312,532.8400268554688,531.7050170898438,532.7000122070312,113224,532.2000122070312
2026-05-14 15:55:00-04:00,529.780029296875,532.219970703125,529.75,532.0800170898438,243828,529.780029296875
2026-05-15 09:30:00-04:00,511.864990234375,512.0700073242188,508.3800048828125,511.6700134277344,1304028,511.864990234375
2026-05-15 09:35:00-04:00,508.8800048828125,511.9100036621094,508.3599853515625,511.80999755859375,289416,508.8800048828125
2026-05-15 09:40:00-04:00,510.04998779296875,511.5299987792969,508.5799865722656,508.80499267578125,185092,510.04998779296875
2026-05-15 09:45:00-04:00,510.8599853515625,510.92999267578125,506.3399963378906,509.9700012207031,294151,510.8599853515625
2026-05-15 09:50:00-04:00,511.45001220703125,512.0499877929688,507.760009765625,510.8800048828125,228934,511.45001220703125
2026-05-15 09:55:00-04:00,506.5199890136719,512.7899780273438,506.2699890136719,511.6098937988281,316541,506.5199890136719
2026-05-15 10:00:00-04:00,507.1600036621094,508.6700134277344,506.2749938964844,506.3999938964844,234857,507.1600036621094
2026-05-15 10:05:00-04:00,509.6499938964844,509.7900085449219,506.5,507.1000061035156,156757,509.6499938964844
2026-05-15 10:10:00-04:00,513.611328125,513.989990234375,509.260009765625,510.0459899902344,126552,513.611328125
2026-05-15 10:15:00-04:00,516.0,516.6300048828125,512.25,513.8098754882812,156955,516.0
2026-05-15 10:20:00-04:00,514.7899780273438,516.5599975585938,514.72998046875,516.0899047851562,144227,514.7899780273438
2026-05-15 10:25:00-04:00,512.8699951171875,515.0499877929688,512.2249755859375,514.489990234375,127666,512.8699951171875
2026-05-15 10:30:00-04:00,513.8499755859375,513.9099731445312,511.79998779296875,512.760009765625,111581,513.8499755859375
2026-05-15 10:35:00-04:00,512.8099975585938,514.1199951171875,512.6500244140625,513.8800048828125,64564,512.8099975585938
2026-05-15 10:40:00-04:00,514.239990234375,514.239990234375,512.8300170898438,512.8300170898438,86969,514.239990234375
2026-05-15 10:45:00-04:00,511.7099914550781,514.3499755859375,511.6499938964844,514.2100219726562,103111,511.7099914550781
2026-05-15 10:50:00-04:00,511.1600036621094,511.7799987792969,510.17999267578125,511.7099914550781,112792,511.1600036621094
2026-05-15 10:55:00-04:00,510.2799987792969,512.43798828125,510.260009765625,511.32000732421875,81022,510.2799987792969
2026-05-15 11:00:00-04:00,510.6700134277344,511.5199890136719,509.92999267578125,510.31500244140625,0,510.6700134277344
2026-05-15 11:05:00-04:00,512.280029296875,512.3599853515625,509.7850036621094,510.6099853515625,4308164,512.280029296875
2026-05-15 11:10:00-04:00,511.19000244140625,512.5499877929688,510.70001220703125,512.5,107125,511.19000244140625
2026-05-15 11:15:00-04:00,511.3900146484375,512.010009765625,510.8599853515625,511.2799987792969,53401,511.3900146484375
2026-05-15 11:20:00-04:00,512.77001953125,514.1223754882812,511.989990234375,512.0499877929688,72769,512.77001953125
2026-05-15 11:25:00-04:00,513.780029296875,513.780029296875,512.4299926757812,512.8200073242188,65637,513.780029296875
2026-05-15 11:30:00-04:00,514.2650146484375,515.0800170898438,513.7100219726562,513.9600219726562,75676,514.2650146484375
2026-05-15 11:35:00-04:00,515.0349731445312,516.030029296875,514.1701049804688,514.4500122070312,127879,515.0349731445312
2026-05-15 11:40:00-04:00,513.7999877929688,515.2100219726562,513.7999877929688,514.97998046875,51970,513.7999877929688
2026-05-15 11:45:00-04:00,513.3699951171875,514.6699829101562,512.9500122070312,513.9299926757812,50499,513.3699951171875
2026-05-15 11:50:00-04:00,512.1300048828125,513.4166259765625,511.8599853515625,513.4166259765625,77065,512.1300048828125
2026-05-15 11:55:00-04:00,512.97998046875,513.1099853515625,511.0400085449219,512.0150146484375,58736,512.97998046875
2026-05-15 12:00:00-04:00,513.280029296875,513.9299926757812,512.6599731445312,513.239990234375,63731,513.280029296875
2026-05-15 12:05:00-04:00,513.3049926757812,513.8099975585938,512.8699951171875,513.1599731445312,43619,513.3049926757812
2026-05-15 12:10:00-04:00,513.0399780273438,513.4000244140625,511.8999938964844,512.8499755859375,38593,513.0399780273438
2026-05-15 12:15:00-04:00,512.0999755859375,513.0800170898438,511.7300109863281,512.969970703125,32104,512.0999755859375
2026-05-15 12:20:00-04:00,513.3499755859375,513.4600219726562,512.0900268554688,512.1500244140625,33809,513.3499755859375
2026-05-15 12:25:00-04:00,513.4000244140625,513.8699951171875,512.7999877929688,513.4099731445312,38317,513.4000244140625
2026-05-15 12:30:00-04:00,513.89501953125,514.1401977539062,513.2000122070312,513.6900024414062,32704,513.89501953125
2026-05-15 12:35:00-04:00,513.7899780273438,513.8400268554688,513.0999755859375,513.7999877929688,28899,513.7899780273438
2026-05-15 12:40:00-04:00,514.8900146484375,514.8900146484375,513.3900146484375,513.8099975585938,58060,514.8900146484375
2026-05-15 12:45:00-04:00,514.0850219726562,514.9500122070312,513.6699829101562,514.8400268554688,62597,514.0850219726562
2026-05-15 12:50:00-04:00,512.4600219726562,514.4199829101562,512.3499755859375,514.1300048828125,54905,512.4600219726562
2026-05-15 12:55:00-04:00,513.3499755859375,513.530029296875,512.5549926757812,512.5700073242188,60012,513.3499755859375
2026-05-15 13:00:00-04:00,513.5800170898438,513.6599731445312,512.840087890625,513.2899780273438,37406,513.5800170898438
2026-05-15 13:05:00-04:00,513.8200073242188,514.0999755859375,513.25,513.4099731445312,34904,513.8200073242188
2026-05-15 13:10:00-04:00,514.1699829101562,514.1699829101562,513.47998046875,513.8800048828125,36811,514.1699829101562
2026-05-15 13:15:00-04:00,513.9249877929688,514.219970703125,513.5599975585938,514.2050170898438,23658,513.9249877929688
2026-05-15 13:20:00-04:00,514.79248046875,515.0599975585938,513.7800903320312,513.969970703125,40419,514.79248046875
2026-05-15 13:25:00-04:00,515.5700073242188,515.9199829101562,514.8400268554688,514.8400268554688,64469,515.5700073242188
2026-05-15 13:30:00-04:00,515.9799194335938,515.9799194335938,515.260009765625,515.6699829101562,43039,515.9799194335938
2026-05-15 13:35:00-04:00,516.8250122070312,516.8499755859375,515.7000122070312,515.8699951171875,51368,516.8250122070312
2026-05-15 13:40:00-04:00,516.2100219726562,517.02001953125,515.7949829101562,516.739990234375,35339,516.2100219726562
2026-05-15 13:45:00-04:00,515.8150024414062,516.4450073242188,515.635009765625,516.219970703125,35209,515.8150024414062
2026-05-15 13:50:00-04:00,516.969970703125,517.0800170898438,515.77001953125,515.8200073242188,51908,516.969970703125
2026-05-15 13:55:00-04:00,517.625,517.739990234375,516.8350219726562,517.0299072265625,49361,517.625
2026-05-15 14:00:00-04:00,518.3049926757812,518.3499755859375,517.4199829101562,517.6699829101562,72219,518.3049926757812
2026-05-15 14:05:00-04:00,518.1300048828125,518.6900024414062,518.0650024414062,518.3699951171875,70954,518.1300048828125
2026-05-15 14:10:00-04:00,518.2100219726562,518.7899169921875,518.094970703125,518.4099731445312,37880,518.2100219726562
2026-05-15 14:15:00-04:00,515.8499755859375,518.4600219726562,515.719970703125,518.239990234375,115055,515.8499755859375
2026-05-15 14:20:00-04:00,517.0800170898438,517.5999755859375,515.7899780273438,515.9199829101562,57216,517.0800170898438
2026-05-15 14:25:00-04:00,515.530029296875,517.1400146484375,515.2999877929688,516.4400024414062,73381,515.530029296875
2026-05-15 14:30:00-04:00,514.8099975585938,515.614990234375,513.97998046875,515.530029296875,71506,514.8099975585938
2026-05-15 14:35:00-04:00,516.0150146484375,516.0700073242188,514.5700073242188,514.760009765625,52365,516.0150146484375
2026-05-15 14:40:00-04:00,515.469970703125,516.0,514.969970703125,516.0,37959,515.469970703125
2026-05-15 14:45:00-04:00,515.52001953125,515.75,514.8800048828125,515.5599975585938,40254,515.52001953125
2026-05-15 14:50:00-04:00,516.4299926757812,516.489990234375,515.4199829101562,515.6799926757812,44335,516.4299926757812
2026-05-15 14:55:00-04:00,516.3099975585938,516.6799926757812,515.6199951171875,516.4400024414062,76797,516.3099975585938
2026-05-15 15:00:00-04:00,515.4500122070312,516.5999755859375,515.3599853515625,516.4199829101562,84357,515.4500122070312
2026-05-15 15:05:00-04:00,514.02001953125,515.719970703125,513.4500122070312,515.4500122070312,103211,514.02001953125
2026-05-15 15:10:00-04:00,513.9550170898438,514.1599731445312,512.8800048828125,513.969970703125,97422,513.9550170898438
2026-05-15 15:15:00-04:00,513.280029296875,514.0,512.6099853515625,513.9099731445312,248311,513.280029296875
2026-05-15 15:20:00-04:00,512.7000122070312,513.8599853515625,512.7000122070312,513.1849975585938,59990,512.7000122070312
2026-05-15 15:25:00-04:00,512.8599853515625,513.1199951171875,512.47998046875,512.72998046875,100482,512.8599853515625
2026-05-15 15:30:00-04:00,513.77001953125,514.0700073242188,512.7000122070312,512.780029296875,106210,513.77001953125
2026-05-15 15:35:00-04:00,514.0549926757812,514.1900024414062,513.010009765625,513.72998046875,76683,514.0549926757812
2026-05-15 15:40:00-04:00,512.8300170898438,514.530029296875,512.7349853515625,513.7100219726562,115496,512.8300170898438
2026-05-15 15:45:00-04:00,512.6300048828125,513.02001953125,511.5299987792969,512.8599853515625,112238,512.6300048828125
2026-05-15 15:50:00-04:00,510.7650146484375,512.5850219726562,510.760009765625,512.5850219726562,408750,510.7650146484375
2026-05-15 15:55:00-04:00,508.79998779296875,510.0050048828125,508.7699890136719,509.25,671451,508.79998779296875
2026-05-18 09:30:00-04:00,515.0,519.7999877929688,514.5900268554688,517.39501953125,502185,515.0
2026-05-18 09:35:00-04:00,509.7900085449219,515.8800048828125,509.7900085449219,514.8499755859375,202915,509.7900085449219
2026-05-18 09:40:00-04:00,504.05999755859375,510.1700134277344,503.9020080566406,509.8500061035156,279367,504.05999755859375
2026-05-18 09:45:00-04:00,501.5899963378906,506.3999938964844,501.5899963378906,503.8599853515625,311104,501.5899963378906
2026-05-18 09:50:00-04:00,506.2900085449219,507.6199951171875,501.5299987792969,501.6000061035156,229504,506.2900085449219
2026-05-18 09:55:00-04:00,503.04998779296875,507.0,502.9100036621094,507.0,162644,503.04998779296875
2026-05-18 10:00:00-04:00,499.9100036621094,503.3599853515625,499.2149963378906,503.3599853515625,285877,499.9100036621094
2026-05-18 10:05:00-04:00,503.2099914550781,503.8999938964844,498.4800109863281,498.989990234375,306594,503.2099914550781
2026-05-18 10:10:00-04:00,504.2300109863281,504.29998779296875,501.6400146484375,502.69000244140625,153651,504.2300109863281
2026-05-18 10:15:00-04:00,501.5299987792969,505.1099853515625,499.8699951171875,504.2099914550781,138168,501.5299987792969
2026-05-18 10:20:00-04:00,500.03009033203125,502.260009765625,500.03009033203125,501.7025146484375,103323,500.03009033203125
2026-05-18 10:25:00-04:00,497.9750061035156,501.1700134277344,497.2900085449219,500.0140075683594,169568,497.9750061035156
2026-05-18 10:30:00-04:00,494.8500061035156,498.8800048828125,494.55999755859375,498.0799865722656,329536,494.8500061035156
2026-05-18 10:35:00-04:00,496.1199951171875,497.6300048828125,493.8699951171875,494.8699951171875,240525,496.1199951171875
2026-05-18 10:40:00-04:00,496.2650146484375,497.69000244140625,494.95001220703125,496.1000061035156,97203,496.2650146484375
2026-05-18 10:45:00-04:00,493.45001220703125,496.364990234375,493.0,496.260986328125,105318,493.45001220703125
2026-05-18 10:50:00-04:00,495.4849853515625,497.3999938964844,492.8699951171875,493.30999755859375,181655,495.4849853515625
2026-05-18 10:55:00-04:00,496.95001220703125,497.8800048828125,495.0683898925781,495.5799865722656,85354,496.95001220703125
2026-05-18 11:00:00-04:00,500.2300109863281,501.1499938964844,496.8399963378906,497.19000244140625,502426,500.2300109863281
2026-05-18 11:05:00-04:00,496.3599853515625,500.5799865722656,496.20001220703125,500.5799865722656,152604,496.3599853515625
2026-05-18 11:10:00-04:00,498.42999267578125,499.4100036621094,495.8800048828125,496.3999938964844,174800,498.42999267578125
2026-05-18 11:15:00-04:00,496.07000732421875,498.17999267578125,495.9700012207031,498.1300048828125,58670,496.07000732421875
2026-05-18 11:20:00-04:00,496.42498779296875,497.1300048828125,495.5799865722656,496.18499755859375,37585,496.42498779296875
2026-05-18 11:25:00-04:00,495.0,498.1499938964844,495.0,496.4599914550781,102996,495.0
2026-05-18 11:30:00-04:00,496.9501037597656,497.05999755859375,494.7099914550781,495.20001220703125,70830,496.9501037597656
2026-05-18 11:35:00-04:00,498.0350036621094,499.489990234375,496.8900146484375,497.0050048828125,93014,498.0350036621094
2026-05-18 11:40:00-04:00,498.0,499.19000244140625,497.79998779296875,498.260009765625,50528,498.0
2026-05-18 11:45:00-04:00,497.95001220703125,498.3999938964844,497.45001220703125,498.1400146484375,34469,497.95001220703125
2026-05-18 11:50:00-04:00,497.8949890136719,498.0799865722656,496.8299865722656,497.6300048828125,36161,497.8949890136719
2026-05-18 11:55:00-04:00,496.4800109863281,498.3500061035156,496.1000061035156,497.79998779296875,0,496.4800109863281
2026-05-18 12:00:00-04:00,495.1600036621094,496.7799987792969,494.7500915527344,496.489990234375,5357136,495.1600036621094
2026-05-18 12:05:00-04:00,495.2900085449219,495.6700134277344,494.5199890136719,495.1700134277344,64934,495.2900085449219
2026-05-18 12:10:00-04:00,495.8349914550781,496.5,495.2200012207031,495.2449951171875,34266,495.8349914550781
2026-05-18 12:15:00-04:00,495.8900146484375,496.2550048828125,495.42388916015625,495.8299865722656,70061,495.8900146484375
2026-05-18 12:20:00-04:00,494.3999938964844,496.8599853515625,493.9100036621094,495.739990234375,106187,494.3999938964844
2026-05-18 12:25:00-04:00,490.9049987792969,494.54998779296875,490.42999267578125,494.489990234375,183682,490.9049987792969
2026-05-18 12:30:00-04:00,491.3399963378906,492.4100036621094,489.8725891113281,491.05999755859375,180327,491.3399963378906
2026-05-18 12:35:00-04:00,492.2799987792969,493.1499938964844,491.010009765625,491.2799987792969,90779,492.2799987792969
2026-05-18 12:40:00-04:00,492.80999755859375,493.07000732421875,492.010009765625,492.32000732421875,81170,492.80999755859375
2026-05-18 12:45:00-04:00,492.25,493.489990234375,491.8887023925781,492.8599853515625,49060,492.25
2026-05-18 12:50:00-04:00,495.7099914550781,495.7200012207031,491.9200134277344,493.00250244140625,127605,495.7099914550781
2026-05-18 12:55:00-04:00,495.04998779296875,496.3699951171875,494.55010986328125,495.69000244140625,60539,495.04998779296875
2026-05-18 13:00:00-04:00,494.6050109863281,494.8699951171875,493.5400085449219,494.3999938964844,40013,494.6050109863281
2026-05-18 13:05:00-04:00,494.04998779296875,495.20001220703125,493.8699951171875,494.510009765625,47788,494.04998779296875
2026-05-18 13:10:00-04:00,493.6400146484375,494.79998779296875,493.5,494.1000061035156,46949,493.6400146484375
2026-05-18 13:15:00-04:00,493.2799987792969,494.0137939453125,492.8450012207031,493.54998779296875,48599,493.2799987792969
2026-05-18 13:20:00-04:00,492.25,493.489990234375,491.7099914550781,493.20001220703125,48208,492.25
2026-05-18 13:25:00-04:00,493.2699890136719,493.489990234375,491.7300109863281,492.239990234375,85268,493.2699890136719
2026-05-18 13:30:00-04:00,492.427490234375,493.5299987792969,492.010009765625,493.3890075683594,44735,492.427490234375
2026-05-18 13:35:00-04:00,492.2550048828125,492.55499267578125,491.8900146484375,492.4880065917969,31423,492.2550048828125
2026-05-18 13:40:00-04:00,493.5799865722656,494.239990234375,492.2850036621094,492.3699951171875,50821,493.5799865722656
2026-05-18 13:45:00-04:00,491.79998779296875,493.70001220703125,491.79998779296875,493.5899963378906,74321,491.79998779296875
2026-05-18 13:50:00-04:00,492.54998779296875,492.83990478515625,491.55999755859375,491.6875,58865,492.54998779296875
2026-05-18 13:55:00-04:00,492.9200134277344,493.139892578125,492.17999267578125,492.4800109863281,50774,492.9200134277344
2026-05-18 14:00:00-04:00,491.0299987792969,493.1700134277344,490.9599914550781,492.8900146484375,55546,491.0299987792969
2026-05-18 14:05:00-04:00,490.4599914550781,491.70001220703125,490.4012145996094,491.2799987792969,29372,490.4599914550781
2026-05-18 14:10:00-04:00,490.08990478515625,490.7799987792969,490.0,490.4800109863281,46231,490.08990478515625
2026-05-18 14:15:00-04:00,488.6300048828125,490.260009765625,488.2099914550781,490.04998779296875,133897,488.6300048828125
2026-05-18 14:20:00-04:00,488.3550109863281,488.9800109863281,487.760009765625,488.53009033203125,68373,488.3550109863281
2026-05-18 14:25:00-04:00,489.1099853515625,489.3599853515625,487.3599853515625,488.1600036621094,65177,489.1099853515625
2026-05-18 14:30:00-04:00,488.82501220703125,489.8900146484375,488.2200012207031,489.07000732421875,58397,488.82501220703125
2026-05-18 14:35:00-04:00,487.94000244140625,489.5400085449219,487.9200134277344,489.0799865722656,56463,487.94000244140625
2026-05-18 14:40:00-04:00,489.010009765625,489.1700134277344,487.7900085449219,488.010009765625,47438,489.010009765625
2026-05-18 14:45:00-04:00,487.4453125,489.2300109863281,487.0899963378906,489.05999755859375,72401,487.4453125
2026-05-18 14:50:00-04:00,487.635009765625,488.0199890136719,486.94000244140625,487.2099914550781,93127,487.635009765625
2026-05-18 14:55:00-04:00,489.135009765625,489.5028076171875,487.3999938964844,487.6549987792969,99130,489.135009765625
2026-05-18 15:00:00-04:00,492.4750061035156,495.5199890136719,489.0950012207031,489.2900085449219,287746,492.4750061035156
2026-05-18 15:05:00-04:00,491.7099914550781,493.42999267578125,489.4801025390625,492.6700134277344,162394,491.7099914550781
2026-05-18 15:10:00-04:00,491.68499755859375,492.9599914550781,491.3500061035156,491.7200012207031,109338,491.68499755859375
2026-05-18 15:15:00-04:00,490.3450012207031,492.07000732421875,489.8599853515625,491.7200012207031,87407,490.3450012207031
2026-05-18 15:20:00-04:00,490.0950012207031,491.05999755859375,489.70001220703125,490.385009765625,88885,490.0950012207031
2026-05-18 15:25:00-04:00,489.69000244140625,490.1199951171875,488.95001220703125,490.0400085449219,52752,489.69000244140625
2026-05-18 15:30:00-04:00,490.17059326171875,491.5498962402344,489.2301025390625,489.7250061035156,125435,490.17059326171875
2026-05-18 15:35:00-04:00,493.17999267578125,493.17999267578125,490.07501220703125,490.3500061035156,129280,493.17999267578125
2026-05-18 15:40:00-04:00,494.4800109863281,494.54998779296875,492.8699951171875,493.29998779296875,148137,494.4800109863281
2026-05-18 15:45:00-04:00,495.79998779296875,496.1300048828125,494.3800048828125,494.3800048828125,125617,495.79998779296875
2026-05-18 15:50:00-04:00,497.16009521484375,497.29998779296875,494.8599853515625,495.7799987792969,196385,497.16009521484375
2026-05-18 15:55:00-04:00,495.9800109863281,497.30999755859375,495.5899963378906,497.04998779296875,336744,495.9800109863281
2026-05-19 09:30:00-04:00,492.1643981933594,494.7900085449219,483.4599914550781,484.2380065917969,797508,492.1643981933594
2026-05-19 09:35:00-04:00,497.1499938964844,500.6099853515625,490.80999755859375,491.8800048828125,703529,497.1499938964844
2026-05-19 09:40:00-04:00,492.3999938964844,497.3599853515625,491.4599914550781,497.3500061035156,408112,492.3999938964844
2026-05-19 09:45:00-04:00,490.06500244140625,493.17999267578125,489.0050048828125,492.4100036621094,370915,490.06500244140625
2026-05-19 09:50:00-04:00,492.06500244140625,492.20001220703125,488.82000732421875,489.9800109863281,212823,492.06500244140625
2026-05-19 09:55:00-04:00,487.8500061035156,493.0,487.3399963378906,492.17999267578125,241228,487.8500061035156
2026-05-19 10:00:00-04:00,486.8900146484375,488.29998779296875,485.4800109863281,487.9700012207031,194688,486.8900146484375
2026-05-19 10:05:00-04:00,482.260009765625,487.4700012207031,481.70001220703125,486.95001220703125,373430,482.260009765625
2026-05-19 10:10:00-04:00,480.57000732421875,483.8999938964844,480.42999267578125,482.0400085449219,353897,480.57000732421875
2026-05-19 10:15:00-04:00,479.2900085449219,481.1600036621094,477.95001220703125,480.510009765625,319216,479.2900085449219
2026-05-19 10:20:00-04:00,481.114990234375,481.2300109863281,478.0199890136719,479.3299865722656,291614,481.114990234375
2026-05-19 10:25:00-04:00,481.6300048828125,483.3299865722656,479.70001220703125,481.1600036621094,338607,481.6300048828125
2026-05-19 10:30:00-04:00,481.0199890136719,483.7900085449219,480.6000061035156,481.9100036621094,265205,481.0199890136719
2026-05-19 10:35:00-04:00,484.5299987792969,485.239990234375,480.739990234375,480.92999267578125,325730,484.5299987792969
2026-05-19 10:40:00-04:00,482.7300109863281,484.889892578125,482.4100036621094,484.7099914550781,193386,482.7300109863281
2026-05-19 10:45:00-04:00,482.05999755859375,483.9599914550781,480.5,482.9200134277344,170383,482.05999755859375
2026-05-19 10:50:00-04:00,484.760009765625,485.44000244140625,481.6000061035156,482.010009765625,104108,484.760009765625
2026-05-19 10:55:00-04:00,486.2799987792969,486.6499938964844,484.19000244140625,484.6199951171875,209650,486.2799987792969
2026-05-19 11:00:00-04:00,486.739990234375,487.5799865722656,486.1099853515625,486.3599853515625,227967,486.739990234375
2026-05-19 11:05:00-04:00,485.32000732421875,486.95001220703125,483.8699951171875,486.82000732421875,202439,485.32000732421875
2026-05-19 11:10:00-04:00,487.7200012207031,487.75,485.5299987792969,485.6000061035156,154968,487.7200012207031
2026-05-19 11:15:00-04:00,487.54998779296875,489.81500244140625,487.44000244140625,487.8699951171875,155973,487.54998779296875
2026-05-19 11:20:00-04:00,486.989990234375,489.1000061035156,486.8599853515625,487.9200134277344,72904,486.989990234375
2026-05-19 11:25:00-04:00,488.4800109863281,489.1099853515625,486.30999755859375,486.7699890136719,89489,488.4800109863281
2026-05-19 11:30:00-04:00,489.8999938964844,491.0199890136719,488.1199951171875,488.2799987792969,78435,489.8999938964844
2026-05-19 11:35:00-04:00,491.54998779296875,491.885009765625,489.1300048828125,489.70001220703125,218686,491.54998779296875
2026-05-19 11:40:00-04:00,493.0400085449219,493.0400085449219,491.135009765625,491.3999938964844,79467,493.0400085449219
2026-05-19 11:45:00-04:00,492.05999755859375,493.3900146484375,491.67999267578125,493.099609375,72094,492.05999755859375
2026-05-19 11:50:00-04:00,491.5050048828125,492.7099914550781,490.6700134277344,492.0299987792969,55913,491.5050048828125
2026-05-19 11:55:00-04:00,491.9700012207031,492.0799865722656,490.4201965332031,491.4100036621094,66534,491.9700012207031
2026-05-19 12:00:00-04:00,494.1099853515625,494.45001220703125,492.0400085449219,492.1199951171875,84361,494.1099853515625
2026-05-19 12:05:00-04:00,492.6700134277344,494.2200012207031,492.6099853515625,494.18499755859375,53102,492.6700134277344
2026-05-19 12:10:00-04:00,492.82000732421875,493.8399963378906,492.29998779296875,492.6300048828125,43934,492.82000732421875
2026-05-19 12:15:00-04:00,493.8399963378906,494.32000732421875,492.8800048828125,493.1000061035156,51607,493.8399963378906
2026-05-19 12:20:00-04:00,494.6700134277344,494.80999755859375,493.54998779296875,493.7850036621094,42543,494.6700134277344
2026-05-19 12:25:00-04:00,497.2099914550781,497.42999267578125,494.760009765625,494.82501220703125,93617,497.2099914550781
2026-05-19 12:30:00-04:00,498.7699890136719,499.4049987792969,496.9100036621094,497.1400146484375,105662,498.7699890136719
2026-05-19 12:35:00-04:00,499.8450012207031,500.2900085449219,498.2300109863281,498.909912109375,255232,499.8450012207031
2026-05-19 12:40:00-04:00,500.75,500.75,499.5,499.69000244140625,87385,500.75
2026-05-19 12:45:00-04:00,499.30999755859375,501.07000732421875,498.9700012207031,500.7799987792969,99655,499.30999755859375
2026-05-19 12:50:00-04:00,500.4800109863281,500.5,498.79998779296875,499.30499267578125,52824,500.4800109863281
2026-05-19 12:55:00-04:00,500.3500061035156,500.94000244140625,499.6700134277344,500.489990234375,79723,500.3500061035156
2026-05-19 13:00:00-04:00,501.69000244140625,501.8900146484375,500.0799865722656,500.3500061035156,167369,501.69000244140625
2026-05-19 13:05:00-04:00,502.4100036621094,502.4200134277344,500.7701110839844,501.7300109863281,164339,502.4100036621094
2026-05-19 13:10:00-04:00,503.0199890136719,503.30999755859375,501.7900085449219,502.4200134277344,234879,503.0199890136719
2026-05-19 13:15:00-04:00,505.1099853515625,505.239990234375,503.1437072753906,503.1600036621094,141708,505.1099853515625
2026-05-19 13:20:00-04:00,504.9750061035156,506.0299987792969,504.1099853515625,505.07000732421875,199031,504.9750061035156
2026-05-19 13:25:00-04:00,503.8800048828125,505.010009765625,502.5899963378906,505.0050048828125,147022,503.8800048828125
2026-05-19 13:30:00-04:00,503.8699951171875,504.9700012207031,503.6199951171875,503.6199951171875,113539,503.8699951171875
2026-05-19 13:35:00-04:00,504.3800048828125,504.9200134277344,503.79998779296875,503.8699951171875,90777,504.3800048828125
2026-05-19 13:40:00-04:00,503.7900085449219,504.8999938964844,503.5,504.3800048828125,80195,503.7900085449219
2026-05-19 13:45:00-04:00,502.7099914550781,503.7900085449219,501.55999755859375,503.7900085449219,93754,502.7099914550781
2026-05-19 13:50:00-04:00,501.29998779296875,502.69000244140625,500.1499938964844,502.6549987792969,92148,501.29998779296875
2026-05-19 13:55:00-04:00,503.0299987792969,503.44000244140625,501.3399963378906,501.45001220703125,77557,503.0299987792969
2026-05-19 14:00:00-04:00,503.8999938964844,504.3500061035156,503.1300048828125,503.1300048828125,44374,503.8999938964844
2026-05-19 14:05:00-04:00,504.0603942871094,504.4800109863281,503.7300109863281,503.8999938964844,41816,504.0603942871094
2026-05-19 14:10:00-04:00,503.7300109863281,504.32000732421875,503.7101135253906,504.1199951171875,43053,503.7300109863281
2026-05-19 14:15:00-04:00,502.45001220703125,503.94000244140625,502.2900085449219,503.4849853515625,52336,502.45001220703125
2026-05-19 14:20:00-04:00,501.30999755859375,502.5452880859375,500.4100036621094,502.5452880859375,71995,501.30999755859375
2026-05-19 14:25:00-04:00,501.0350036621094,502.4599914550781,500.7300109863281,501.2950134277344,74961,501.0350036621094
2026-05-19 14:30:00-04:00,501.3699951171875,501.6449890136719,500.6300048828125,500.8949890136719,32930,501.3699951171875
2026-05-19 14:35:00-04:00,500.4849853515625,501.8399963378906,500.3299865722656,501.4200134277344,46310,500.4849853515625
2026-05-19 14:40:00-04:00,500.6449890136719,500.94000244140625,499.7200012207031,500.489990234375,50152,500.6449890136719
2026-05-19 14:45:00-04:00,501.1000061035156,501.1600036621094,500.0199890136719,500.6099853515625,57497,501.1000061035156
2026-05-19 14:50:00-04:00,499.82000732421875,501.6000061035156,499.75,501.07000732421875,43787,499.82000732421875
2026-05-19 14:55:00-04:00,499.1400146484375,499.6099853515625,498.3299865722656,499.5899963378906,60742,499.1400146484375
2026-05-19 15:00:00-04:00,500.3900146484375,500.80810546875,499.07000732421875,499.29998779296875,91135,500.3900146484375
2026-05-19 15:05:00-04:00,501.1600036621094,501.3800048828125,499.5299987792969,500.3900146484375,74570,501.1600036621094
2026-05-19 15:10:00-04:00,503.0299987792969,503.1400146484375,501.17999267578125,501.3299865722656,61169,503.0299987792969
2026-05-19 15:15:00-04:00,500.0199890136719,503.1400146484375,500.0199890136719,503.1099853515625,49948,500.0199890136719
2026-05-19 15:20:00-04:00,497.8699951171875,500.3599853515625,497.8699951171875,499.95001220703125,117078,497.8699951171875
2026-05-19 15:25:00-04:00,499.3900146484375,499.4599914550781,497.4599914550781,497.7300109863281,97123,499.3900146484375
2026-05-19 15:30:00-04:00,499.2539978027344,500.3699951171875,498.9200134277344,499.4700012207031,104238,499.2539978027344
2026-05-19 15:35:00-04:00,498.1899108886719,499.67999267578125,497.6499938964844,499.260009765625,46475,498.1899108886719
2026-05-19 15:40:00-04:00,497.4599914550781,498.3299865722656,497.25,498.20001220703125,92965,497.4599914550781
2026-05-19 15:45:00-04:00,496.1700134277344,497.6400146484375,495.9800109863281,497.30999755859375,86689,496.1700134277344
2026-05-19 15:50:00-04:00,494.9700012207031,497.2099914550781,494.69000244140625,496.1600036621094,288946,494.9700012207031
2026-05-19 15:55:00-04:00,496.7699890136719,496.7699890136719,494.7900085449219,494.9800109863281,328320,496.7699890136719
2026-05-20 09:30:00-04:00,509.8999938964844,511.05999755859375,506.74749755859375,507.7300109863281,441671,509.8999938964844
2026-05-20 09:35:00-04:00,508.6499938964844,510.57000732421875,506.55999755859375,509.8900146484375,189268,508.6499938964844
2026-05-20 09:40:00-04:00,512.239990234375,512.3099975585938,507.7749938964844,508.6099853515625,231154,512.239990234375
2026-05-20 09:45:00-04:00,511.681884765625,512.8499755859375,510.2950134277344,512.2000122070312,161339,511.681884765625
2026-05-20 09:50:00-04:00,509.2799987792969,512.2550048828125,508.9150085449219,511.29998779296875,176306,509.2799987792969
2026-05-20 09:55:00-04:00,511.3949890136719,511.4700012207031,508.57000732421875,509.25,129297,511.3949890136719
2026-05-20 10:00:00-04:00,511.5199890136719,512.3800048828125,510.75,511.3599853515625,119146,511.5199890136719
2026-05-20 10:05:00-04:00,512.9462280273438,513.914794921875,511.3299865722656,511.489990234375,134093,512.9462280273438
2026-05-20 10:10:00-04:00,512.7000122070312,514.02001953125,509.44000244140625,513.0399780273438,265487,512.7000122070312
2026-05-20 10:15:00-04:00,514.1500244140625,515.9099731445312,511.739990234375,512.75,174471,514.1500244140625
2026-05-20 10:20:00-04:00,514.3250122070312,516.8099975585938,514.2000122070312,514.2000122070312,211408,514.3250122070312
2026-05-20 10:25:00-04:00,516.4199829101562,516.6699829101562,513.7999877929688,514.385009765625,126191,516.4199829101562
2026-05-20 10:30:00-04:00,515.364990234375,517.3400268554688,515.0499877929688,516.6300048828125,123380,515.364990234375
2026-05-20 10:35:00-04:00,514.969970703125,515.6699829101562,514.0800170898438,515.2999877929688,89329,514.969970703125
2026-05-20 10:40:00-04:00,515.7999877929688,515.958984375,514.489990234375,514.7999877929688,68942,515.7999877929688
2026-05-20 10:45:00-04:00,514.2650146484375,516.010009765625,513.6199951171875,515.885009765625,74260,514.2650146484375
2026-05-20 10:50:00-04:00,515.3300170898438,515.7000122070312,513.9025268554688,514.35498046875,73484,515.3300170898438
2026-05-20 10:55:00-04:00,515.22998046875,515.739990234375,514.6199951171875,515.2449951171875,68520,515.22998046875
2026-05-20 11:00:00-04:00,514.7249755859375,515.9000244140625,514.1099853515625,515.0800170898438,70358,514.7249755859375
2026-05-20 11:05:00-04:00,515.969970703125,516.4500122070312,514.5900268554688,514.7050170898438,243789,515.969970703125
2026-05-20 11:10:00-04:00,515.905029296875,516.4600219726562,515.4550170898438,516.0700073242188,108859,515.905029296875
2026-05-20 11:15:00-04:00,518.1099853515625,519.3800048828125,515.9199829101562,515.9199829101562,402486,518.1099853515625
2026-05-20 11:20:00-04:00,516.8499755859375,518.5499877929688,516.5399780273438,518.1900024414062,57560,516.8499755859375
2026-05-20 11:25:00-04:00,516.8499755859375,517.3800048828125,516.2000122070312,516.760009765625,70002,516.8499755859375
2026-05-20 11:30:00-04:00,517.52001953125,517.619873046875,516.5150146484375,516.7901000976562,56141,517.52001953125
2026-05-20 11:35:00-04:00,517.3150024414062,517.9099731445312,517.22998046875,517.6500244140625,56161,517.3150024414062
2026-05-20 11:40:00-04:00,517.1699829101562,517.72998046875,516.760009765625,517.280029296875,59272,517.1699829101562
2026-05-20 11:45:00-04:00,517.739990234375,517.9099731445312,517.0599975585938,517.2000122070312,38258,517.739990234375
2026-05-20 11:50:00-04:00,518.239990234375,518.4600219726562,517.6199951171875,517.8699951171875,53458,518.239990234375
2026-05-20 11:55:00-04:00,518.2849731445312,518.6199951171875,517.3599853515625,518.3599853515625,63715,518.2849731445312
2026-05-20 12:00:00-04:00,517.1199951171875,518.2899780273438,517.0999755859375,518.219970703125,37537,517.1199951171875
2026-05-20 12:05:00-04:00,517.0399780273438,517.5,516.4600219726562,517.1099853515625,33229,517.0399780273438
2026-05-20 12:10:00-04:00,516.0399780273438,517.3200073242188,516.0399780273438,517.1099853515625,68269,516.0399780273438
2026-05-20 12:15:00-04:00,513.9739990234375,516.0599975585938,513.489990234375,516.0349731445312,128512,513.9739990234375
2026-05-20 12:20:00-04:00,513.510009765625,514.5999755859375,513.22998046875,513.9600219726562,75955,513.510009765625
2026-05-20 12:25:00-04:00,514.0733032226562,514.0733032226562,512.2100219726562,513.239990234375,102102,514.0733032226562
2026-05-20 12:30:00-04:00,514.719970703125,515.5999755859375,513.8900146484375,514.0399780273438,79207,514.719970703125
2026-05-20 12:35:00-04:00,514.1199951171875,515.1099853515625,513.969970703125,514.625,51733,514.1199951171875
2026-05-20 12:40:00-04:00,515.8599853515625,516.0999755859375,513.9400024414062,514.0999755859375,49220,515.8599853515625
2026-05-20 12:45:00-04:00,515.2999877929688,516.030029296875,514.530029296875,516.02001953125,46062,515.2999877929688
2026-05-20 12:50:00-04:00,515.8599853515625,515.87451171875,514.97998046875,515.3699951171875,46594,515.8599853515625
2026-05-20 12:55:00-04:00,515.1134033203125,515.9400024414062,514.2100219726562,515.8699951171875,53576,515.1134033203125
2026-05-20 13:00:00-04:00,514.8499755859375,515.52001953125,514.52001953125,515.0700073242188,62219,514.8499755859375
2026-05-20 13:05:00-04:00,514.8499755859375,515.4683837890625,514.5399780273438,514.9000244140625,27412,514.8499755859375
2026-05-20 13:10:00-04:00,515.7349853515625,516.1400146484375,514.4500122070312,514.9299926757812,66770,515.7349853515625
2026-05-20 13:15:00-04:00,515.1500244140625,515.739990234375,514.4600219726562,515.47998046875,27386,515.1500244140625
2026-05-20 13:20:00-04:00,515.4000244140625,515.9949951171875,514.9199829101562,515.219970703125,33708,515.4000244140625
2026-05-20 13:25:00-04:00,516.0900268554688,516.3300170898438,515.1400146484375,515.3400268554688,37754,516.0900268554688
2026-05-20 13:30:00-04:00,515.5549926757812,516.3900146484375,515.489990234375,516.1199951171875,37578,515.5549926757812
2026-05-20 13:35:00-04:00,515.6749877929688,516.52001953125,515.27001953125,515.5549926757812,52605,515.6749877929688
2026-05-20 13:40:00-04:00,515.4099731445312,515.844970703125,515.0800170898438,515.6300048828125,26076,515.4099731445312
2026-05-20 13:45:00-04:00,515.8200073242188,515.8300170898438,515.27001953125,515.47998046875,73860,515.8200073242188
2026-05-20 13:50:00-04:00,516.010009765625,516.2999877929688,515.5999755859375,515.8250122070312,42228,516.010009765625
2026-05-20 13:55:00-04:00,516.75,516.8900146484375,515.9600219726562,516.0050048828125,21710,516.75
2026-05-20 14:00:00-04:00,517.6699829101562,517.6699829101562,516.25,516.8900146484375,80492,517.6699829101562
2026-05-20 14:05:00-04:00,517.1300048828125,517.6699829101562,516.6799926757812,517.655029296875,68377,517.1300048828125
2026-05-20 14:10:00-04:00,516.719970703125,517.4600219726562,516.5300903320312,517.2899780273438,74715,516.719970703125
2026-05-20 14:15:00-04:00,516.3400268554688,516.75,516.1699829101562,516.6599731445312,66287,516.3400268554688
2026-05-20 14:20:00-04:00,515.7470092773438,516.4600219726562,515.5999755859375,516.3200073242188,79821,515.7470092773438
2026-05-20 14:25:00-04:00,516.4299926757812,516.4299926757812,515.5650024414062,515.5650024414062,89156,516.4299926757812
2026-05-20 14:30:00-04:00,516.4979858398438,516.8098754882812,516.0900268554688,516.4299926757812,70374,516.4979858398438
2026-05-20 14:35:00-04:00,517.280029296875,517.6799926757812,516.4000244140625,516.5,68401,517.280029296875
2026-05-20 14:40:00-04:00,516.3400268554688,517.3699951171875,516.3200073242188,517.3699951171875,77316,516.3400268554688
2026-05-20 14:45:00-04:00,516.1199951171875,516.9299926757812,516.0700073242188,516.3200073242188,75586,516.1199951171875
2026-05-20 14:50:00-04:00,515.9000244140625,516.3599853515625,515.9000244140625,516.0449829101562,70833,515.9000244140625
2026-05-20 14:55:00-04:00,515.7800903320312,516.52001953125,515.760009765625,515.8800048828125,82157,515.7800903320312
2026-05-20 15:00:00-04:00,517.0,517.0465698242188,515.77001953125,515.85498046875,94909,517.0
2026-05-20 15:05:00-04:00,518.3499755859375,518.530029296875,516.8499755859375,516.9650268554688,148974,518.3499755859375
2026-05-20 15:10:00-04:00,518.2750244140625,518.4199829101562,517.9650268554688,518.27001953125,151116,518.2750244140625
2026-05-20 15:15:00-04:00,518.260009765625,518.5499877929688,518.0499877929688,518.2349853515625,89562,518.260009765625
2026-05-20 15:20:00-04:00,518.8699951171875,518.9600219726562,518.0999755859375,518.2100219726562,110976,518.8699951171875
2026-05-20 15:25:00-04:00,518.6199951171875,519.0999755859375,518.3300170898438,518.9099731445312,109648,518.6199951171875
2026-05-20 15:30:00-04:00,519.2100219726562,519.47998046875,518.5,518.6099853515625,158088,519.2100219726562
2026-05-20 15:35:00-04:00,518.7999877929688,519.6300048828125,517.9500122070312,519.0900268554688,198559,518.7999877929688
2026-05-20 15:40:00-04:00,518.0999755859375,518.7899780273438,517.9500122070312,518.7899780273438,226268,518.0999755859375
2026-05-20 15:45:00-04:00,518.5900268554688,519.3400268554688,517.989990234375,518.02001953125,172739,518.5900268554688
2026-05-20 15:50:00-04:00,518.7150268554688,519.0900268554688,517.75,518.6099853515625,437779,518.7150268554688
2026-05-20 15:55:00-04:00,520.0800170898438,520.52001953125,518.7550048828125,518.7899780273438,593644,520.0800170898438
2026-05-21 09:30:00-04:00,521.4000244140625,521.4600219726562,517.7999877929688,517.7999877929688,438512,521.4000244140625
2026-05-21 09:35:00-04:00,519.9600219726562,521.6500244140625,518.875,521.4500122070312,143292,519.9600219726562
2026-05-21 09:40:00-04:00,520.9500122070312,521.780029296875,519.5549926757812,519.9199829101562,113172,520.9500122070312
2026-05-21 09:45:00-04:00,520.8599853515625,521.8200073242188,520.0,520.9199829101562,107171,520.8599853515625
2026-05-21 09:50:00-04:00,522.8800048828125,523.1300048828125,519.8300170898438,521.27001953125,160684,522.8800048828125
2026-05-21 09:55:00-04:00,523.52001953125,523.9400024414062,522.1849975585938,522.8800048828125,120044,523.52001953125
2026-05-21 10:00:00-04:00,524.7999877929688,525.1199951171875,523.2999877929688,523.5700073242188,132193,524.7999877929688
2026-05-21 10:05:00-04:00,523.9299926757812,524.9199829101562,522.530029296875,524.6400146484375,83448,523.9299926757812
2026-05-21 10:10:00-04:00,522.0850219726562,523.8900146484375,521.3699951171875,523.8900146484375,116200,522.0850219726562
2026-05-21 10:15:00-04:00,518.3201293945312,522.4500122070312,518.3201293945312,522.0750122070312,126308,518.3201293945312
2026-05-21 10:20:00-04:00,517.4249877929688,518.6400146484375,515.7100219726562,518.2999877929688,125610,517.4249877929688
2026-05-21 10:25:00-04:00,518.0599975585938,518.3300170898438,516.739990234375,517.2650146484375,52331,518.0599975585938
2026-05-21 10:30:00-04:00,518.7100219726562,519.75,517.780029296875,517.9849853515625,60677,518.7100219726562
2026-05-21 10:35:00-04:00,520.3062744140625,520.510009765625,518.5349731445312,518.5900268554688,39780,520.3062744140625
2026-05-21 10:40:00-04:00,520.2000122070312,520.8300170898438,519.47998046875,520.3200073242188,59993,520.2000122070312
2026-05-21 10:45:00-04:00,517.9749755859375,520.22998046875,517.7999877929688,520.030029296875,39302,517.9749755859375
2026-05-21 10:50:00-04:00,518.3436279296875,518.72998046875,516.8400268554688,518.0999755859375,58302,518.3436279296875
2026-05-21 10:55:00-04:00,518.1300048828125,518.7100219726562,517.6300048828125,518.4400024414062,50684,518.1300048828125
2026-05-21 11:00:00-04:00,517.0349731445312,518.219970703125,516.6849975585938,518.1099853515625,56774,517.0349731445312
2026-05-21 11:05:00-04:00,515.85498046875,517.2899780273438,515.2000122070312,517.22998046875,85390,515.85498046875
2026-05-21 11:10:00-04:00,517.8300170898438,518.4000244140625,515.010009765625,515.6900024414062,108840,517.8300170898438
2026-05-21 11:15:00-04:00,517.64501953125,518.2100219726562,517.10498046875,517.8400268554688,37856,517.64501953125
2026-05-21 11:20:00-04:00,518.14501953125,518.8699951171875,517.330078125,517.6799926757812,59336,518.14501953125
2026-05-21 11:25:00-04:00,517.5700073242188,518.4598999023438,517.5145874023438,518.0499877929688,57142,517.5700073242188
2026-05-21 11:30:00-04:00,515.9400024414062,517.6776123046875,515.6699829101562,517.5650024414062,48305,515.9400024414062
2026-05-21 11:35:00-04:00,518.094970703125,518.1500244140625,515.6300048828125,515.739990234375,24442,518.094970703125
2026-05-21 11:40:00-04:00,518.22998046875,518.6500244140625,517.8314819335938,518.0100708007812,43409,518.22998046875
2026-05-21 11:45:00-04:00,519.52001953125,520.1099853515625,518.260009765625,518.260009765625,42214,519.52001953125
2026-05-21 11:50:00-04:00,519.239990234375,519.75,518.9000244140625,519.47998046875,30542,519.239990234375
2026-05-21 11:55:00-04:00,518.27001953125,519.2899780273438,518.2000122070312,519.1599731445312,40407,518.27001953125
2026-05-21 12:00:00-04:00,519.510009765625,519.510009765625,518.3599853515625,518.3599853515625,40387,519.510009765625
2026-05-21 12:05:00-04:00,520.5850219726562,520.5850219726562,519.1699829101562,519.5399780273438,38108,520.5850219726562
2026-05-21 12:10:00-04:00,519.6900024414062,520.6500244140625,519.260009765625,520.5,73990,519.6900024414062
2026-05-21 12:15:00-04:00,518.969970703125,519.842529296875,518.7800903320312,519.625,36177,518.969970703125
2026-05-21 12:20:00-04:00,518.6599731445312,519.3400268554688,517.97998046875,519.010009765625,40630,518.6599731445312
2026-05-21 12:25:00-04:00,518.8599853515625,519.0098876953125,518.22998046875,518.5974731445312,20750,518.8599853515625
2026-05-21 12:30:00-04:00,519.9099731445312,520.0,518.7000122070312,518.8099975585938,51652,519.9099731445312
2026-05-21 12:35:00-04:00,519.6199951171875,520.0,519.1900024414062,519.969970703125,43720,519.6199951171875
2026-05-21 12:40:00-04:00,519.3400268554688,519.9400024414062,519.239990234375,519.7100219726562,24397,519.3400268554688
2026-05-21 12:45:00-04:00,518.8699951171875,519.8499755859375,518.3800048828125,519.6199951171875,31267,518.8699951171875
2026-05-21 12:50:00-04:00,519.030029296875,519.2100219726562,518.1749877929688,518.75,25747,519.030029296875
2026-05-21 12:55:00-04:00,519.5,519.5999755859375,518.885009765625,519.0399780273438,45271,519.5
2026-05-21 13:00:00-04:00,519.8599853515625,520.4099731445312,519.6799926757812,519.6799926757812,32439,519.8599853515625
2026-05-21 13:05:00-04:00,520.4199829101562,520.5599975585938,519.8300170898438,519.8599853515625,29473,520.4199829101562
2026-05-21 13:10:00-04:00,521.4451293945312,522.5155029296875,520.280029296875,520.2999877929688,137798,521.4451293945312
2026-05-21 13:15:00-04:00,523.344970703125,523.7999877929688,521.25,521.5,91880,523.344970703125
2026-05-21 13:20:00-04:00,523.1950073242188,524.77001953125,521.8599853515625,523.3699951171875,171582,523.1950073242188
2026-05-21 13:25:00-04:00,522.989990234375,523.8099975585938,522.5999755859375,523.25,69542,522.989990234375
2026-05-21 13:30:00-04:00,523.9099731445312,524.3350219726562,522.9099731445312,522.9400024414062,65097,523.9099731445312
2026-05-21 13:35:00-04:00,524.2960815429688,524.75,523.8400268554688,523.9099731445312,45684,524.2960815429688
2026-05-21 13:40:00-04:00,524.8099975585938,525.02001953125,524.10498046875,524.4550170898438,62764,524.8099975585938
2026-05-21 13:45:00-04:00,525.3099975585938,525.4600219726562,524.219970703125,524.8900146484375,55296,525.3099975585938
2026-05-21 13:50:00-04:00,526.47998046875,526.47998046875,524.7000122070312,525.3099975585938,59592,526.47998046875
2026-05-21 13:55:00-04:00,524.7753295898438,526.780029296875,524.75,526.510009765625,71407,524.7753295898438
2026-05-21 14:00:00-04:00,524.1699829101562,525.5999755859375,524.1199951171875,524.72998046875,79863,524.1699829101562
2026-05-21 14:05:00-04:00,524.2550048828125,524.6400146484375,523.9299926757812,524.02001953125,35031,524.2550048828125
2026-05-21 14:10:00-04:00,523.2999877929688,524.2650146484375,523.280029296875,524.1500244140625,46355,523.2999877929688
2026-05-21 14:15:00-04:00,523.9099731445312,524.0,522.5650024414062,523.3200073242188,55009,523.9099731445312
2026-05-21 14:20:00-04:00,523.9099731445312,524.1099853515625,523.27001953125,523.9298706054688,44474,523.9099731445312
2026-05-21 14:25:00-04:00,523.9000244140625,524.3400268554688,523.47998046875,523.8900146484375,33801,523.9000244140625
2026-05-21 14:30:00-04:00,523.52001953125,524.135009765625,523.1699829101562,523.9000244140625,65398,523.52001953125
2026-05-21 14:35:00-04:00,522.780029296875,523.6199951171875,522.75,523.5700073242188,29814,522.780029296875
2026-05-21 14:40:00-04:00,523.0800170898438,523.3599853515625,522.780029296875,522.780029296875,38593,523.0800170898438
2026-05-21 14:45:00-04:00,521.4749755859375,523.3599853515625,521.219970703125,523.2100219726562,114022,521.4749755859375
2026-05-21 14:50:00-04:00,519.6300048828125,522.1900024414062,519.6300048828125,521.4199829101562,123928,519.6300048828125
2026-05-21 14:55:00-04:00,520.9299926757812,520.9299926757812,519.4199829101562,519.6799926757812,59289,520.9299926757812
2026-05-21 15:00:00-04:00,521.47998046875,522.1799926757812,521.0399780273438,521.0399780273438,50918,521.47998046875
2026-05-21 15:05:00-04:00,522.2050170898438,522.409912109375,520.6099853515625,521.4299926757812,75457,522.2050170898438
2026-05-21 15:10:00-04:00,522.780029296875,522.780029296875,521.5599975585938,522.1300048828125,43132,522.780029296875
2026-05-21 15:15:00-04:00,523.1599731445312,523.2100219726562,522.47998046875,522.8366088867188,52889,523.1599731445312
2026-05-21 15:20:00-04:00,523.3200073242188,523.469970703125,522.3499755859375,523.1799926757812,59052,523.3200073242188
2026-05-21 15:25:00-04:00,523.2999877929688,523.385009765625,522.8699951171875,523.27001953125,48932,523.2999877929688
2026-05-21 15:30:00-04:00,521.9387817382812,523.239990234375,521.9000244140625,523.2000122070312,54238,521.9387817382812
2026-05-21 15:35:00-04:00,522.9000244140625,523.1199951171875,522.0399780273438,522.3099975585938,62180,522.9000244140625
2026-05-21 15:40:00-04:00,522.6599731445312,523.2999877929688,522.1699829101562,523.1998901367188,54476,522.6599731445312
2026-05-21 15:45:00-04:00,523.0999755859375,523.1599731445312,522.010009765625,522.6599731445312,52502,523.0999755859375
2026-05-21 15:50:00-04:00,524.5700073242188,524.6699829101562,523.0900268554688,523.1300048828125,188765,524.5700073242188
2026-05-21 15:55:00-04:00,525.0850219726562,525.6099853515625,523.3099975585938,524.4099731445312,401299,525.0850219726562
2026-05-22 09:30:00-04:00,533.6099853515625,534.7899780273438,530.1699829101562,531.8125,505218,533.6099853515625
2026-05-22 09:35:00-04:00,534.5399780273438,535.530029296875,533.4600219726562,533.5999755859375,287075,534.5399780273438
2026-05-22 09:40:00-04:00,534.0549926757812,535.8599853515625,531.760009765625,534.5599975585938,216662,534.0549926757812
2026-05-22 09:45:00-04:00,534.1900024414062,535.0399780273438,533.2899780273438,534.0700073242188,140893,534.1900024414062
2026-05-22 09:50:00-04:00,535.0599975585938,535.260009765625,532.9000244140625,534.25,138248,535.0599975585938
2026-05-22 09:55:00-04:00,536.5399780273438,536.5399780273438,534.260009765625,535.0399780273438,144134,536.5399780273438
2026-05-22 10:00:00-04:00,534.885009765625,536.5700073242188,533.3900146484375,536.4400024414062,138973,534.885009765625
2026-05-22 10:05:00-04:00,535.5900268554688,535.9500122070312,533.280029296875,534.8300170898438,110270,535.5900268554688
2026-05-22 10:10:00-04:00,536.5150146484375,536.8300170898438,535.5499877929688,535.5700073242188,188056,536.5150146484375
2026-05-22 10:15:00-04:00,534.8099975585938,537.75,534.47998046875,536.510009765625,185089,534.8099975585938
2026-05-22 10:20:00-04:00,533.5800170898438,534.9400024414062,532.72998046875,534.9400024414062,83144,533.5800170898438
2026-05-22 10:25:00-04:00,535.9600219726562,535.97998046875,533.4400024414062,533.4609985351562,64006,535.9600219726562
2026-05-22 10:30:00-04:00,537.530029296875,537.7100219726562,535.239990234375,535.9500122070312,110030,537.530029296875
2026-05-22 10:35:00-04:00,537.6500244140625,537.760009765625,536.7999877929688,537.6099853515625,110765,537.6500244140625
2026-05-22 10:40:00-04:00,538.6199951171875,538.75,537.5700073242188,537.6300048828125,128349,538.6199951171875
2026-05-22 10:45:00-04:00,537.9199829101562,538.6900024414062,537.2000122070312,538.5900268554688,61233,537.9199829101562
2026-05-22 10:50:00-04:00,536.9099731445312,538.1699829101562,536.8001098632812,538.0899047851562,62250,536.9099731445312
2026-05-22 10:55:00-04:00,537.9600219726562,538.083984375,536.8499755859375,536.9749755859375,56029,537.9600219726562
2026-05-22 11:00:00-04:00,539.02001953125,539.2999877929688,537.885009765625,537.9600219726562,80590,539.02001953125
2026-05-22 11:05:00-04:00,539.6400146484375,539.6400146484375,538.5999755859375,539.0700073242188,98605,539.6400146484375
2026-05-22 11:10:00-04:00,539.280029296875,539.5900268554688,538.8499755859375,539.5,117592,539.280029296875
2026-05-22 11:15:00-04:00,539.60498046875,539.7000122070312,539.1900024414062,539.3499755859375,66933,539.60498046875
2026-05-22 11:20:00-04:00,538.6300048828125,539.719970703125,538.5250854492188,539.5800170898438,123206,538.6300048828125
2026-05-22 11:25:00-04:00,539.3300170898438,539.6099853515625,538.3400268554688,538.6599731445312,56007,539.3300170898438
2026-05-22 11:30:00-04:00,538.8350219726562,539.639892578125,538.7899780273438,539.469970703125,48889,538.8350219726562
2026-05-22 11:35:00-04:00,539.1599731445312,539.3099975585938,538.6900024414062,538.9899291992188,34894,539.1599731445312
2026-05-22 11:40:00-04:00,539.239990234375,539.3665161132812,538.7999877929688,539.2050170898438,27122,539.239990234375
2026-05-22 11:45:00-04:00,538.0499877929688,539.2999877929688,537.9600219726562,539.1900024414062,35971,538.0499877929688
2026-05-22 11:50:00-04:00,538.9000244140625,539.0999755859375,538.0800170898438,538.0800170898438,25435,538.9000244140625
2026-05-22 11:55:00-04:00,538.52001953125,539.02001953125,538.25,538.9650268554688,29574,538.52001953125
2026-05-22 12:00:00-04:00,538.530029296875,538.760009765625,538.02001953125,538.489990234375,33438,538.530029296875
2026-05-22 12:05:00-04:00,538.77001953125,538.8099975585938,538.0999755859375,538.5250244140625,184428,538.77001953125
2026-05-22 12:10:00-04:00,539.3499755859375,539.4600219726562,538.6300048828125,538.7000122070312,36400,539.3499755859375
2026-05-22 12:15:00-04:00,538.0,539.3150024414062,537.9000854492188,539.219970703125,62681,538.0
2026-05-22 12:20:00-04:00,538.0399780273438,538.6500244140625,537.7999877929688,538.0,36140,538.0399780273438
2026-05-22 12:25:00-04:00,539.0399780273438,539.0399780273438,537.9600219726562,537.989990234375,57956,539.0399780273438
2026-05-22 12:30:00-04:00,538.239990234375,539.3400268554688,538.239990234375,539.0900268554688,32140,538.239990234375
2026-05-22 12:35:00-04:00,538.6900024414062,539.0798950195312,538.239990234375,538.239990234375,20734,538.6900024414062
2026-05-22 12:40:00-04:00,538.780029296875,539.010009765625,538.4600219726562,538.72998046875,29422,538.780029296875
2026-05-22 12:45:00-04:00,539.1900024414062,539.5499877929688,538.7899780273438,538.8400268554688,34961,539.1900024414062
2026-05-22 12:50:00-04:00,539.5499877929688,539.6900024414062,539.1500244140625,539.2000122070312,43003,539.5499877929688
2026-05-22 12:55:00-04:00,540.0800170898438,540.2000122070312,539.385009765625,539.4500122070312,69099,540.0800170898438
2026-05-22 13:00:00-04:00,541.2050170898438,541.3400268554688,540.1475219726562,540.1599731445312,119981,541.2050170898438
2026-05-22 13:05:00-04:00,541.3150024414062,541.5999755859375,540.9600219726562,541.2349853515625,39140,541.3150024414062
2026-05-22 13:10:00-04:00,540.780029296875,541.3099975585938,540.6500244140625,541.2999877929688,44071,540.780029296875
2026-05-22 13:15:00-04:00,539.60498046875,541.0999755859375,539.5900268554688,540.8800048828125,69806,539.60498046875
2026-05-22 13:20:00-04:00,540.8499755859375,540.969970703125,539.3900146484375,539.6799926757812,61499,540.8499755859375
2026-05-22 13:25:00-04:00,541.5150146484375,541.6599731445312,540.4299926757812,540.8900146484375,119559,541.5150146484375
2026-05-22 13:30:00-04:00,540.469970703125,541.8900146484375,540.469970703125,541.530029296875,62165,540.469970703125
2026-05-22 13:35:00-04:00,540.9199829101562,541.1799926757812,540.0900268554688,540.4500122070312,43086,540.9199829101562
2026-05-22 13:40:00-04:00,540.510009765625,541.030029296875,540.47998046875,540.8800048828125,33827,540.510009765625
2026-05-22 13:45:00-04:00,540.6500244140625,541.02001953125,540.3300170898438,540.5,32111,540.6500244140625
2026-05-22 13:50:00-04:00,540.5225219726562,540.8499755859375,540.0900268554688,540.6749877929688,61415,540.5225219726562
2026-05-22 13:55:00-04:00,540.890625,541.2000122070312,540.3300170898438,540.5,63037,540.890625
2026-05-22 14:00:00-04:00,540.780029296875,541.25,540.1599731445312,541.0800170898438,76202,540.780029296875
2026-05-22 14:05:00-04:00,541.0850219726562,541.3198852539062,540.6500244140625,540.7000122070312,29833,541.0850219726562
2026-05-22 14:10:00-04:00,540.5399780273438,541.4382934570312,540.4199829101562,541.1099853515625,30947,540.5399780273438
2026-05-22 14:15:00-04:00,540.239990234375,540.5599975585938,539.9099731445312,540.52001953125,36819,540.239990234375
2026-05-22 14:20:00-04:00,540.4650268554688,540.5599975585938,540.0650024414062,540.25,26230,540.4650268554688
2026-05-22 14:25:00-04:00,540.1599731445312,540.52001953125,539.77001953125,540.52001953125,49950,540.1599731445312
2026-05-22 14:30:00-04:00,539.3250122070312,540.2100219726562,539.1900024414062,540.0800170898438,37543,539.3250122070312
2026-05-22 14:35:00-04:00,539.2550048828125,539.375,538.3599853515625,539.1699829101562,140608,539.2550048828125
2026-05-22 14:40:00-04:00,539.905029296875,540.1699829101562,539.2650146484375,539.280029296875,36376,539.905029296875
2026-05-22 14:45:00-04:00,539.530029296875,540.02001953125,539.0399780273438,539.9099731445312,41376,539.530029296875
2026-05-22 14:50:00-04:00,539.8200073242188,540.0900268554688,539.1400146484375,539.530029296875,41322,539.8200073242188
2026-05-22 14:55:00-04:00,539.4500122070312,539.8599853515625,539.3800048828125,539.8400268554688,58460,539.4500122070312
2026-05-22 15:00:00-04:00,537.9500122070312,539.5599975585938,537.52001953125,539.47998046875,223139,537.9500122070312
2026-05-22 15:05:00-04:00,537.6900024414062,538.3200073242188,536.6500244140625,537.9000244140625,153380,537.6900024414062
2026-05-22 15:10:00-04:00,537.6312255859375,538.469970703125,537.3599853515625,537.6199951171875,108174,537.6312255859375
2026-05-22 15:15:00-04:00,537.5499877929688,537.8099975585938,536.7899780273438,537.6400146484375,105112,537.5499877929688
2026-05-22 15:20:00-04:00,536.5,537.5098876953125,536.2000122070312,537.4500122070312,111704,536.5
2026-05-22 15:25:00-04:00,536.25,536.8400268554688,535.9400024414062,536.469970703125,109821,536.25
2026-05-22 15:30:00-04:00,537.030029296875,537.10498046875,535.9600219726562,536.2899780273438,78353,537.030029296875
2026-05-22 15:35:00-04:00,537.5700073242188,537.5900268554688,536.8300170898438,536.9600219726562,88356,537.5700073242188
2026-05-22 15:40:00-04:00,537.0650024414062,537.7000122070312,536.9500122070312,537.5999755859375,53302,537.0650024414062
2026-05-22 15:45:00-04:00,537.3049926757812,537.3599853515625,536.3900146484375,537.02001953125,85258,537.3049926757812
2026-05-22 15:50:00-04:00,536.52001953125,537.489990234375,536.4000244140625,537.280029296875,206843,536.52001953125
2026-05-22 15:55:00-04:00,537.0700073242188,537.8900146484375,536.27001953125,536.489990234375,274855,537.0700073242188
2026-05-26 09:30:00-04:00,556.0399780273438,558.27001953125,555.4099731445312,556.47998046875,785630,556.0399780273438
2026-05-26 09:35:00-04:00,559.9459228515625,559.9459228515625,555.4400024414062,556.4299926757812,249898,559.9459228515625
2026-05-26 09:40:00-04:00,561.219970703125,562.1699829101562,559.5499877929688,559.989990234375,230459,561.219970703125
2026-05-26 09:45:00-04:00,563.0599975585938,564.4400024414062,561.0,561.3900146484375,160713,563.0599975585938
2026-05-26 09:50:00-04:00,563.8400268554688,564.8399047851562,562.1525268554688,563.1749877929688,156299,563.8400268554688
2026-05-26 09:55:00-04:00,564.3499755859375,564.9600219726562,562.969970703125,563.6199951171875,128495,564.3499755859375
2026-05-26 10:00:00-04:00,562.9400024414062,564.8800048828125,562.5399780273438,564.4500122070312,143637,562.9400024414062
2026-05-26 10:05:00-04:00,564.22998046875,564.3200073242188,562.3099975585938,562.9600219726562,126214,564.22998046875
2026-05-26 10:10:00-04:00,565.8499755859375,565.8875122070312,563.6400146484375,564.219970703125,140217,565.8499755859375
2026-05-26 10:15:00-04:00,566.8800048828125,566.8800048828125,564.760009765625,565.9000244140625,128428,566.8800048828125
2026-05-26 10:20:00-04:00,567.8900146484375,568.219970703125,565.9000244140625,566.9400024414062,167731,567.8900146484375
2026-05-26 10:25:00-04:00,567.9500122070312,568.8499755859375,567.4550170898438,568.0399780273438,125900,567.9500122070312
2026-05-26 10:30:00-04:00,569.6300048828125,569.6300048828125,567.8300170898438,568.0599975585938,89465,569.6300048828125
2026-05-26 10:35:00-04:00,570.4099731445312,571.389892578125,569.5599975585938,569.5599975585938,142501,570.4099731445312
2026-05-26 10:40:00-04:00,570.530029296875,571.1334228515625,569.3394165039062,570.27001953125,137886,570.530029296875
2026-05-26 10:45:00-04:00,568.625,571.4199829101562,568.1401977539062,570.5349731445312,170814,568.625
2026-05-26 10:50:00-04:00,569.010009765625,569.5999755859375,568.385009765625,568.625,109588,569.010009765625
2026-05-26 10:55:00-04:00,567.6519775390625,569.4498901367188,567.6519775390625,569.280029296875,99483,567.6519775390625
2026-05-26 11:00:00-04:00,566.9920043945312,568.4749755859375,566.6599731445312,567.7100219726562,223708,566.9920043945312
2026-05-26 11:05:00-04:00,566.5499877929688,567.1599731445312,564.093994140625,567.0599975585938,223432,566.5499877929688
2026-05-26 11:10:00-04:00,567.2899169921875,567.2899780273438,564.7899780273438,566.5499877929688,100391,567.2899169921875
2026-05-26 11:15:00-04:00,565.7100219726562,567.280029296875,564.25732421875,567.2000122070312,139177,565.7100219726562
2026-05-26 11:20:00-04:00,565.0900268554688,565.85498046875,563.77001953125,565.7999877929688,76486,565.0900268554688
2026-05-26 11:25:00-04:00,564.5750122070312,565.6300048828125,564.3699951171875,565.0599975585938,72242,564.5750122070312
2026-05-26 11:30:00-04:00,563.989990234375,564.7999877929688,563.3900146484375,564.635009765625,116957,563.989990234375
2026-05-26 11:35:00-04:00,562.9099731445312,564.3200073242188,562.5,563.9500122070312,123329,562.9099731445312
2026-05-26 11:40:00-04:00,563.0700073242188,563.3657836914062,562.0700073242188,562.8800048828125,71369,563.0700073242188
2026-05-26 11:45:00-04:00,561.27001953125,563.6099853515625,561.043212890625,563.2100219726562,82019,561.27001953125
2026-05-26 11:50:00-04:00,559.6300048828125,561.5800170898438,559.239990234375,561.1799926757812,86418,559.6300048828125
2026-05-26 11:55:00-04:00,560.6799926757812,560.8049926757812,558.52001953125,559.6300048828125,122746,560.6799926757812
2026-05-26 12:00:00-04:00,563.47998046875,563.6199951171875,559.6199951171875,560.719970703125,147307,563.47998046875
2026-05-26 12:05:00-04:00,562.9774780273438,564.3099975585938,562.1099853515625,563.5150146484375,78184,562.9774780273438
2026-05-26 12:10:00-04:00,563.3599853515625,563.9199829101562,562.1300048828125,563.0599975585938,78432,563.3599853515625
2026-05-26 12:15:00-04:00,563.219970703125,563.6599731445312,562.75,563.4099731445312,50830,563.219970703125
2026-05-26 12:20:00-04:00,564.6300048828125,564.6300048828125,562.3499755859375,563.280029296875,47156,564.6300048828125
2026-05-26 12:25:00-04:00,565.0399780273438,565.2160034179688,564.4099731445312,564.6500244140625,50341,565.0399780273438
2026-05-26 12:30:00-04:00,565.1400146484375,565.5399780273438,564.844970703125,565.0800170898438,62433,565.1400146484375
2026-05-26 12:35:00-04:00,564.6400146484375,565.4500122070312,564.6400146484375,565.1400146484375,25360,564.6400146484375
2026-05-26 12:40:00-04:00,563.260009765625,564.8682250976562,563.260009765625,564.6900024414062,33938,563.260009765625
2026-05-26 12:45:00-04:00,563.2598876953125,564.7495727539062,563.1799926757812,563.260009765625,37139,563.2598876953125
2026-05-26 12:50:00-04:00,564.1300048828125,564.217529296875,563.0700073242188,563.1950073242188,24618,564.1300048828125
2026-05-26 12:55:00-04:00,564.9099731445312,565.2000122070312,564.0850219726562,564.1889038085938,48041,564.9099731445312
2026-05-26 13:00:00-04:00,565.989990234375,566.3499755859375,564.75,564.9349975585938,42558,565.989990234375
2026-05-26 13:05:00-04:00,565.0401000976562,566.3300170898438,564.52001953125,566.010009765625,47483,565.0401000976562
2026-05-26 13:10:00-04:00,565.6950073242188,565.7999877929688,564.7750244140625,565.0700073242188,39444,565.6950073242188
2026-05-26 13:15:00-04:00,564.9450073242188,565.8200073242188,564.8800048828125,565.6699829101562,25322,564.9450073242188
2026-05-26 13:20:00-04:00,564.8200073242188,565.6901245117188,564.5999755859375,564.969970703125,31478,564.8200073242188
2026-05-26 13:25:00-04:00,565.7150268554688,565.75,564.72998046875,564.8599853515625,29236,565.7150268554688
2026-05-26 13:30:00-04:00,566.2249755859375,566.2999877929688,565.4199829101562,565.7899780273438,30554,566.2249755859375
2026-05-26 13:35:00-04:00,566.2899780273438,566.597900390625,565.9000244140625,566.3300170898438,26201,566.2899780273438
2026-05-26 13:40:00-04:00,566.3900146484375,566.5900268554688,565.864990234375,566.27001953125,30484,566.3900146484375
2026-05-26 13:45:00-04:00,567.739990234375,567.889892578125,566.3699951171875,566.4199829101562,36567,567.739990234375
2026-05-26 13:50:00-04:00,567.593017578125,567.9299926757812,567.260009765625,567.760009765625,31653,567.593017578125
2026-05-26 13:55:00-04:00,567.4500122070312,567.9199829101562,567.0700073242188,567.5698852539062,24085,567.4500122070312
2026-05-26 14:00:00-04:00,568.0650024414062,568.219970703125,566.719970703125,567.4149780273438,43267,568.0650024414062
2026-05-26 14:05:00-04:00,567.6849975585938,568.1500244140625,567.530029296875,568.0800170898438,24298,567.6849975585938
2026-05-26 14:10:00-04:00,567.5399780273438,568.1787719726562,567.27001953125,567.6300048828125,35435,567.5399780273438
2026-05-26 14:15:00-04:00,567.8300170898438,567.8900146484375,567.4000244140625,567.8099975585938,23315,567.8300170898438
2026-05-26 14:20:00-04:00,568.2100219726562,568.5781860351562,567.4472045898438,567.8250122070312,31602,568.2100219726562
2026-05-26 14:25:00-04:00,569.0700073242188,569.1099853515625,568.1240844726562,568.1699829101562,37691,569.0700073242188
2026-05-26 14:30:00-04:00,569.3300170898438,569.4500122070312,568.7100219726562,568.9500122070312,37235,569.3300170898438
2026-05-26 14:35:00-04:00,568.5800170898438,569.5,568.3350219726562,569.3250122070312,37813,568.5800170898438
2026-05-26 14:40:00-04:00,568.3300170898438,569.0700073242188,568.080078125,568.510009765625,52737,568.3300170898438
2026-05-26 14:45:00-04:00,568.0900268554688,568.47998046875,568.0,568.350830078125,35221,568.0900268554688
2026-05-26 14:50:00-04:00,568.9199829101562,569.0250244140625,567.9500122070312,568.0599975585938,42330,568.9199829101562
2026-05-26 14:55:00-04:00,567.8300170898438,568.9299926757812,567.4500122070312,568.8699951171875,39967,567.8300170898438
2026-05-26 15:00:00-04:00,568.330078125,568.3330078125,567.7244873046875,567.8900146484375,134575,568.330078125
2026-05-26 15:05:00-04:00,570.0250244140625,570.181396484375,567.7999877929688,568.4299926757812,128568,570.0250244140625
2026-05-26 15:10:00-04:00,570.3499145507812,570.5399780273438,569.875,570.030029296875,159316,570.3499145507812
2026-05-26 15:15:00-04:00,570.6699829101562,570.719970703125,570.02001953125,570.3200073242188,98995,570.6699829101562
2026-05-26 15:20:00-04:00,570.8400268554688,571.14990234375,570.4000244140625,570.6898803710938,98011,570.8400268554688
2026-05-26 15:25:00-04:00,570.5115966796875,571.280029296875,570.0800170898438,570.7100830078125,105186,570.5115966796875
2026-05-26 15:30:00-04:00,570.6300048828125,571.0800170898438,570.3400268554688,570.4500122070312,92473,570.6300048828125
2026-05-26 15:35:00-04:00,571.35498046875,571.4099731445312,570.6400146484375,570.6900024414062,96779,571.35498046875
2026-05-26 15:40:00-04:00,571.469970703125,571.7999877929688,571.1799926757812,571.3400268554688,116181,571.469970703125
2026-05-26 15:45:00-04:00,572.0200805664062,572.3599853515625,571.1699829101562,571.3400268554688,148995,572.0200805664062
2026-05-26 15:50:00-04:00,572.4000244140625,572.9500122070312,571.2000122070312,572.1699829101562,307376,572.4000244140625
2026-05-26 15:55:00-04:00,570.2849731445312,572.4299926757812,570.2000122070312,572.4299926757812,402909,570.2849731445312
2026-05-27 09:30:00-04:00,577.1699829101562,584.5,575.0499877929688,584.3800048828125,1592191,577.1699829101562
2026-05-27 09:35:00-04:00,568.8400268554688,578.2000122070312,566.760009765625,576.9000244140625,641570,568.8400268554688
2026-05-27 09:40:00-04:00,561.8800048828125,570.0,560.9000244140625,568.6099853515625,566597,561.8800048828125
2026-05-27 09:45:00-04:00,563.5900268554688,565.655029296875,558.0,561.9400024414062,402826,563.5900268554688
2026-05-27 09:50:00-04:00,565.9500122070312,570.9199829101562,562.9000244140625,563.6599731445312,506108,565.9500122070312
2026-05-27 09:55:00-04:00,567.4000244140625,568.0599975585938,563.3099975585938,565.9000244140625,267301,567.4000244140625
2026-05-27 10:00:00-04:00,566.094970703125,567.8049926757812,564.9199829101562,567.2999877929688,247055,566.094970703125
2026-05-27 10:05:00-04:00,562.7849731445312,566.5399780273438,561.8900146484375,566.1300048828125,247612,562.7849731445312
2026-05-27 10:10:00-04:00,560.7100219726562,563.2050170898438,560.2750244140625,562.780029296875,193046,560.7100219726562
2026-05-27 10:15:00-04:00,560.969970703125,563.3599853515625,560.0999755859375,560.77001953125,178584,560.969970703125
2026-05-27 10:20:00-04:00,557.6649780273438,561.2899780273438,556.9099731445312,560.7100219726562,386908,557.6649780273438
2026-05-27 10:25:00-04:00,553.9249877929688,557.6649780273438,551.9199829101562,557.6500244140625,300133,553.9249877929688
2026-05-27 10:30:00-04:00,555.760009765625,555.760009765625,552.6300048828125,553.7999877929688,343926,555.760009765625
2026-05-27 10:35:00-04:00,557.6300048828125,558.2694702148438,554.5250244140625,555.6599731445312,300161,557.6300048828125
2026-05-27 10:40:00-04:00,558.22998046875,559.8300170898438,557.0,557.5700073242188,145538,558.22998046875
2026-05-27 10:45:00-04:00,557.510009765625,560.5599975585938,557.1799926757812,558.2100219726562,152120,557.510009765625
2026-05-27 10:50:00-04:00,559.5,560.7100219726562,557.4500122070312,557.4500122070312,121428,559.5
2026-05-27 10:55:00-04:00,555.8599853515625,559.489990234375,555.0499877929688,559.489990234375,170152,555.8599853515625
2026-05-27 11:00:00-04:00,554.469970703125,556.1599731445312,553.6300048828125,555.780029296875,132114,554.469970703125
2026-05-27 11:05:00-04:00,556.5700073242188,556.7100219726562,554.0800170898438,554.4199829101562,119386,556.5700073242188
2026-05-27 11:10:00-04:00,556.6500244140625,557.77001953125,556.0700073242188,556.489990234375,140295,556.6500244140625
2026-05-27 11:15:00-04:00,554.0750122070312,556.4400024414062,553.8300170898438,556.4400024414062,91783,554.0750122070312
2026-05-27 11:20:00-04:00,554.9550170898438,555.0800170898438,552.9400024414062,553.9500122070312,87333,554.9550170898438
2026-05-27 11:25:00-04:00,556.7849731445312,556.7849731445312,554.760009765625,554.9099731445312,74532,556.7849731445312
2026-05-27 11:30:00-04:00,557.8200073242188,557.9099731445312,556.489990234375,556.8699951171875,92695,557.8200073242188
2026-05-27 11:35:00-04:00,554.389892578125,557.7817993164062,554.1900024414062,557.7817993164062,46001,554.389892578125
2026-05-27 11:40:00-04:00,554.969970703125,555.780029296875,554.1500244140625,554.22998046875,70996,554.969970703125
2026-05-27 11:45:00-04:00,554.530029296875,556.010009765625,553.6699829101562,554.989990234375,110716,554.530029296875
2026-05-27 11:50:00-04:00,555.239990234375,556.1099853515625,553.594970703125,554.4600219726562,83607,555.239990234375
2026-05-27 11:55:00-04:00,556.72998046875,556.9000244140625,554.5,555.2100219726562,68432,556.72998046875
2026-05-27 12:00:00-04:00,557.22998046875,557.8800048828125,555.969970703125,556.6799926757812,81259,557.22998046875
2026-05-27 12:05:00-04:00,558.9450073242188,558.9500122070312,556.9600219726562,556.9600219726562,105950,558.9450073242188
2026-05-27 12:10:00-04:00,561.0,561.260009765625,558.7100219726562,558.989990234375,76575,561.0
2026-05-27 12:15:00-04:00,560.8099975585938,561.5198974609375,560.25,561.0599975585938,98943,560.8099975585938
2026-05-27 12:20:00-04:00,562.2000122070312,562.2000122070312,560.6300048828125,560.7899780273438,46294,562.2000122070312
2026-05-27 12:25:00-04:00,560.719970703125,562.2100219726562,560.4299926757812,562.2100219726562,89565,560.719970703125
2026-05-27 12:30:00-04:00,560.4500122070312,561.030029296875,559.780029296875,560.8200073242188,45272,560.4500122070312
2026-05-27 12:35:00-04:00,560.72998046875,561.0599975585938,559.9199829101562,560.4299926757812,34499,560.72998046875
2026-05-27 12:40:00-04:00,561.9749755859375,562.530029296875,560.6599731445312,560.6599731445312,79526,561.9749755859375
2026-05-27 12:45:00-04:00,562.8400268554688,563.0,561.72998046875,562.010009765625,74758,562.8400268554688
2026-05-27 12:50:00-04:00,560.97998046875,562.75,560.4299926757812,562.75,49207,560.97998046875
2026-05-27 12:55:00-04:00,559.7000122070312,560.969970703125,559.3800048828125,560.969970703125,67966,559.7000122070312
2026-05-27 13:00:00-04:00,559.2650146484375,560.0499877929688,559.1099853515625,559.6400146484375,58006,559.2650146484375
2026-05-27 13:05:00-04:00,556.0,559.3200073242188,556.0,559.1199951171875,63435,556.0
2026-05-27 13:10:00-04:00,556.7000122070312,557.5499877929688,555.9447021484375,556.030029296875,51033,556.7000122070312
2026-05-27 13:15:00-04:00,558.4249877929688,558.47998046875,556.489990234375,556.719970703125,47752,558.4249877929688
2026-05-27 13:20:00-04:00,560.3499755859375,560.3499755859375,558.3099975585938,558.3099975585938,51910,560.3499755859375
2026-05-27 13:25:00-04:00,559.989990234375,560.7050170898438,559.8900146484375,560.1900024414062,46045,559.989990234375
2026-05-27 13:30:00-04:00,559.97998046875,560.510009765625,559.3699951171875,560.0599975585938,33187,559.97998046875
2026-05-27 13:35:00-04:00,559.3300170898438,560.5349731445312,559.3300170898438,559.9149780273438,41148,559.3300170898438
2026-05-27 13:40:00-04:00,558.5900268554688,559.5800170898438,558.22998046875,559.4400024414062,35464,558.5900268554688
2026-05-27 13:45:00-04:00,559.8049926757812,559.8049926757812,558.3400268554688,558.5,37465,559.8049926757812
2026-05-27 13:50:00-04:00,560.27001953125,560.969970703125,559.77001953125,559.8599853515625,76494,560.27001953125
2026-05-27 13:55:00-04:00,559.5999755859375,560.5250244140625,559.5800170898438,560.3699951171875,41582,559.5999755859375
2026-05-27 14:00:00-04:00,560.0499877929688,560.1500244140625,558.9299926757812,559.6799926757812,39541,560.0499877929688
2026-05-27 14:05:00-04:00,560.27001953125,560.72998046875,559.1699829101562,560.010009765625,42946,560.27001953125
2026-05-27 14:10:00-04:00,560.030029296875,560.6500244140625,559.260009765625,560.280029296875,37879,560.030029296875
2026-05-27 14:15:00-04:00,559.760009765625,560.2000122070312,559.739990234375,559.9000244140625,32254,559.760009765625
2026-05-27 14:20:00-04:00,560.9349975585938,560.9349975585938,559.6699829101562,559.7000122070312,43292,560.9349975585938
2026-05-27 14:25:00-04:00,562.2550048828125,562.5,560.9099731445312,560.9099731445312,68488,562.2550048828125
2026-05-27 14:30:00-04:00,562.35498046875,562.7899780273438,562.1900024414062,562.3499755859375,44414,562.35498046875
2026-05-27 14:35:00-04:00,561.85009765625,562.72998046875,561.2100219726562,562.4224243164062,47089,561.85009765625
2026-05-27 14:40:00-04:00,562.3150024414062,562.8599853515625,561.60498046875,561.9099731445312,31730,562.3150024414062
2026-05-27 14:45:00-04:00,561.72998046875,562.6199951171875,561.7000122070312,562.2100219726562,37362,561.72998046875
2026-05-27 14:50:00-04:00,561.7999877929688,562.469970703125,561.5599975585938,561.6099853515625,44427,561.7999877929688
2026-05-27 14:55:00-04:00,561.5850219726562,562.2526245117188,561.239990234375,561.780029296875,36434,561.5850219726562
2026-05-27 15:00:00-04:00,562.3099975585938,562.5700073242188,560.905029296875,561.5399780273438,77015,562.3099975585938
2026-05-27 15:05:00-04:00,561.4299926757812,562.5,561.0599975585938,562.239990234375,82169,561.4299926757812
2026-05-27 15:10:00-04:00,561.469970703125,562.0900268554688,561.1599731445312,561.4000244140625,79627,561.469970703125
2026-05-27 15:15:00-04:00,561.9199829101562,562.4199829101562,561.469970703125,561.469970703125,48730,561.9199829101562
2026-05-27 15:20:00-04:00,562.7899780273438,562.8800048828125,562.0700073242188,562.1849975585938,37634,562.7899780273438
2026-05-27 15:25:00-04:00,560.9600830078125,562.780029296875,560.4099731445312,562.7750244140625,72939,560.9600830078125
2026-05-27 15:30:00-04:00,562.4400024414062,562.719970703125,560.9299926757812,560.97998046875,55352,562.4400024414062
2026-05-27 15:35:00-04:00,563.4000244140625,563.77001953125,562.3699951171875,562.4400024414062,83598,563.4000244140625
2026-05-27 15:40:00-04:00,563.72998046875,563.811279296875,563.1500854492188,563.4500122070312,65518,563.72998046875
2026-05-27 15:45:00-04:00,563.3900146484375,564.219970703125,563.280029296875,563.760009765625,102590,563.3900146484375
2026-05-27 15:50:00-04:00,563.1799926757812,564.9199829101562,563.0,563.4199829101562,321506,563.1799926757812
2026-05-27 15:55:00-04:00,563.610595703125,564.010009765625,562.6799926757812,563.1500244140625,357740,563.610595703125
2026-05-28 09:30:00-04:00,562.8900146484375,567.0,562.780029296875,565.1849975585938,596049,562.8900146484375
2026-05-28 09:35:00-04:00,561.27001953125,564.6300048828125,560.7899780273438,562.844970703125,247430,561.27001953125
2026-05-28 09:40:00-04:00,559.47998046875,561.1799926757812,558.5800170898438,560.9949951171875,166762,559.47998046875
2026-05-28 09:45:00-04:00,555.72998046875,560.0499877929688,555.5399780273438,559.2899780273438,184977,555.72998046875
2026-05-28 09:50:00-04:00,556.1300048828125,558.7899780273438,555.219970703125,555.739990234375,161493,556.1300048828125
2026-05-28 09:55:00-04:00,556.9000244140625,558.2698974609375,555.9099731445312,556.0999755859375,115099,556.9000244140625
2026-05-28 10:00:00-04:00,555.969970703125,557.6300048828125,554.8250122070312,556.7440795898438,162786,555.969970703125
2026-05-28 10:05:00-04:00,559.5750122070312,559.5750122070312,555.260009765625,555.9500122070312,109059,559.5750122070312
2026-05-28 10:10:00-04:00,564.2899780273438,564.5999755859375,557.7000122070312,559.5900268554688,270643,564.2899780273438
2026-05-28 10:15:00-04:00,563.4500122070312,564.7899780273438,561.625,564.3250122070312,160697,563.4500122070312
2026-05-28 10:20:00-04:00,560.1699829101562,563.8099975585938,559.2899780273438,563.3250122070312,84323,560.1699829101562
2026-05-28 10:25:00-04:00,562.60498046875,562.6099853515625,560.1649780273438,560.25,80715,562.60498046875
2026-05-28 10:30:00-04:00,561.780029296875,563.75,561.780029296875,562.52001953125,86307,561.780029296875
2026-05-28 10:35:00-04:00,563.5599975585938,564.219970703125,561.8800048828125,561.8900146484375,78066,563.5599975585938
2026-05-28 10:40:00-04:00,563.6799926757812,564.7899780273438,562.3800048828125,563.5800170898438,89972,563.6799926757812
2026-05-28 10:45:00-04:00,563.4896850585938,564.3099975585938,562.5599975585938,563.64501953125,83613,563.4896850585938
2026-05-28 10:50:00-04:00,564.5800170898438,565.47998046875,563.4749755859375,563.4749755859375,121315,564.5800170898438
2026-05-28 10:55:00-04:00,566.2949829101562,566.3300170898438,564.5,564.5700073242188,77019,566.2949829101562
2026-05-28 11:00:00-04:00,568.8599853515625,569.25,566.0599975585938,566.2750244140625,114930,568.8599853515625
2026-05-28 11:05:00-04:00,570.5499877929688,570.6298828125,568.8900146484375,568.9600219726562,91849,570.5499877929688
2026-05-28 11:10:00-04:00,569.3511962890625,570.760009765625,569.3511962890625,570.530029296875,113242,569.3511962890625
2026-05-28 11:15:00-04:00,569.8400268554688,570.655029296875,568.905029296875,569.385009765625,47722,569.8400268554688
2026-05-28 11:20:00-04:00,570.4400024414062,571.260009765625,569.9199829101562,570.0399780273438,52879,570.4400024414062
2026-05-28 11:25:00-04:00,572.2999877929688,572.7999877929688,570.3499755859375,570.5599975585938,138836,572.2999877929688
2026-05-28 11:30:00-04:00,573.7550048828125,573.8099975585938,572.0900268554688,572.3699951171875,120696,573.7550048828125
2026-05-28 11:35:00-04:00,572.9600219726562,574.1400146484375,572.7999877929688,573.75,72494,572.9600219726562
2026-05-28 11:40:00-04:00,571.489990234375,573.030029296875,571.3900146484375,573.030029296875,96195,571.489990234375
2026-05-28 11:45:00-04:00,570.9299926757812,571.9000244140625,570.4400024414062,571.330078125,86557,570.9299926757812
2026-05-28 11:50:00-04:00,571.6799926757812,572.4843139648438,570.9400024414062,570.9650268554688,68881,571.6799926757812
2026-05-28 11:55:00-04:00,571.8200073242188,572.0599975585938,570.780029296875,571.52001953125,59201,571.8200073242188
2026-05-28 12:00:00-04:00,571.27001953125,571.9099731445312,570.8400268554688,571.739990234375,45621,571.27001953125
2026-05-28 12:05:00-04:00,572.0900268554688,572.27001953125,570.989990234375,571.25,59424,572.0900268554688
2026-05-28 12:10:00-04:00,572.1900024414062,572.75,572.0202026367188,572.1500244140625,29955,572.1900024414062
2026-05-28 12:15:00-04:00,573.0399780273438,573.0399780273438,571.969970703125,572.1699829101562,43422,573.0399780273438
2026-05-28 12:20:00-04:00,573.6599731445312,573.6900024414062,572.5800170898438,573.0189208984375,26134,573.6599731445312
2026-05-28 12:25:00-04:00,573.72998046875,573.9299926757812,573.2000122070312,573.6599731445312,37681,573.72998046875
2026-05-28 12:30:00-04:00,573.1699829101562,573.72998046875,572.8099975585938,573.5599975585938,39230,573.1699829101562
2026-05-28 12:35:00-04:00,574.010009765625,574.25,572.760009765625,573.1799926757812,43091,574.010009765625
2026-05-28 12:40:00-04:00,574.510009765625,575.0700073242188,574.030029296875,574.0599975585938,102855,574.510009765625
2026-05-28 12:45:00-04:00,575.0700073242188,575.1699829101562,574.2999877929688,574.52001953125,42930,575.0700073242188
2026-05-28 12:50:00-04:00,574.5650024414062,575.6599731445312,574.489990234375,575.0800170898438,29350,574.5650024414062
2026-05-28 12:55:00-04:00,575.739990234375,575.739990234375,574.469970703125,574.5599975585938,34245,575.739990234375
2026-05-28 13:00:00-04:00,575.4547729492188,575.7999877929688,575.239990234375,575.739990234375,48362,575.4547729492188
2026-05-28 13:05:00-04:00,575.1525268554688,575.530029296875,575.02001953125,575.456298828125,52106,575.1525268554688
2026-05-28 13:10:00-04:00,575.010009765625,575.389892578125,574.7949829101562,575.0800170898438,48554,575.010009765625
2026-05-28 13:15:00-04:00,573.8350219726562,575.1699829101562,573.530029296875,575.010009765625,43820,573.8350219726562
2026-05-28 13:20:00-04:00,573.6754760742188,574.3499755859375,573.4000244140625,573.8350219726562,39031,573.6754760742188
2026-05-28 13:25:00-04:00,572.3400268554688,573.6300048828125,572.2999877929688,573.6300048828125,32166,572.3400268554688
2026-05-28 13:30:00-04:00,570.8599853515625,572.7944946289062,570.844970703125,572.35498046875,112083,570.8599853515625
2026-05-28 13:35:00-04:00,572.5250244140625,572.5250244140625,570.8250122070312,570.8300170898438,40070,572.5250244140625
2026-05-28 13:40:00-04:00,572.8530883789062,573.0,572.2208862304688,572.5999755859375,33086,572.8530883789062
2026-05-28 13:45:00-04:00,572.6799926757812,573.030029296875,572.4849853515625,572.9699096679688,40511,572.6799926757812
2026-05-28 13:50:00-04:00,572.9500122070312,573.219970703125,572.5850219726562,572.5850219726562,24293,572.9500122070312
2026-05-28 13:55:00-04:00,572.1900024414062,572.97998046875,571.6099853515625,572.9600219726562,34112,572.1900024414062
2026-05-28 14:00:00-04:00,572.89501953125,572.89501953125,571.760009765625,572.1900024414062,23441,572.89501953125
2026-05-28 14:05:00-04:00,572.7899169921875,573.0750122070312,572.4000244140625,572.9149780273438,18145,572.7899169921875
2026-05-28 14:10:00-04:00,571.5900268554688,572.5700073242188,571.5900268554688,572.5700073242188,20549,571.5900268554688
2026-05-28 14:15:00-04:00,572.27001953125,572.6900024414062,571.469970703125,571.739990234375,58614,572.27001953125
2026-05-28 14:20:00-04:00,573.1799926757812,573.27001953125,572.02001953125,572.1699829101562,35671,573.1799926757812
2026-05-28 14:25:00-04:00,572.77001953125,573.72998046875,572.7100219726562,573.22998046875,27856,572.77001953125
2026-05-28 14:30:00-04:00,571.864990234375,572.5800170898438,571.760009765625,572.5,28951,571.864990234375
2026-05-28 14:35:00-04:00,571.1749877929688,571.719970703125,570.989990234375,571.66748046875,19094,571.1749877929688
2026-05-28 14:40:00-04:00,571.1799926757812,571.6099853515625,570.844970703125,571.1900024414062,21268,571.1799926757812
2026-05-28 14:45:00-04:00,569.989990234375,571.2899780273438,569.610107421875,571.2899780273438,56870,569.989990234375
2026-05-28 14:50:00-04:00,571.4099731445312,571.4099731445312,570.0,570.02001953125,94461,571.4099731445312
2026-05-28 14:55:00-04:00,570.969970703125,571.5800170898438,570.7899780273438,571.5399780273438,31816,570.969970703125
2026-05-28 15:00:00-04:00,571.239990234375,571.3900146484375,570.27001953125,570.9249877929688,61415,571.239990234375
2026-05-28 15:05:00-04:00,572.0499877929688,572.3200073242188,571.2000122070312,571.239990234375,52311,572.0499877929688
2026-05-28 15:10:00-04:00,570.655029296875,572.2999877929688,570.5399780273438,572.0900268554688,68372,570.655029296875
2026-05-28 15:15:00-04:00,569.7999877929688,570.6799926757812,569.2999877929688,570.6699829101562,73469,569.7999877929688
2026-05-28 15:20:00-04:00,569.8400268554688,569.9699096679688,569.219970703125,569.5999755859375,43978,569.8400268554688
2026-05-28 15:25:00-04:00,570.280029296875,570.4498901367188,569.635009765625,569.8200073242188,31514,570.280029296875
2026-05-28 15:30:00-04:00,570.22998046875,570.5,569.7449951171875,570.3200073242188,60466,570.22998046875
2026-05-28 15:35:00-04:00,571.2550048828125,571.280029296875,570.219970703125,570.260009765625,34485,571.2550048828125
2026-05-28 15:40:00-04:00,570.8599853515625,571.239990234375,570.5800170898438,571.239990234375,50211,570.8599853515625
2026-05-28 15:45:00-04:00,570.9199829101562,571.3699951171875,570.5999755859375,570.780029296875,128952,570.9199829101562
2026-05-28 15:50:00-04:00,569.8599853515625,570.8900146484375,569.5700073242188,570.8900146484375,232164,569.8599853515625
2026-05-28 15:55:00-04:00,569.6799926757812,570.010009765625,569.280029296875,569.8300170898438,174352,569.6799926757812
2026-05-29 09:30:00-04:00,574.0700073242188,577.5499877929688,573.7000122070312,576.4400024414062,371472,574.0700073242188
2026-05-29 09:35:00-04:00,577.5250244140625,578.405029296875,574.0800170898438,574.0800170898438,123889,577.5250244140625
2026-05-29 09:40:00-04:00,577.4199829101562,578.4099731445312,575.905029296875,577.6400146484375,171452,577.4199829101562
2026-05-29 09:45:00-04:00,580.260009765625,580.5700073242188,576.6300048828125,577.4199829101562,209600,580.260009765625
2026-05-29 09:50:00-04:00,580.1699829101562,582.22998046875,579.9000244140625,580.3900146484375,207293,580.1699829101562
2026-05-29 09:55:00-04:00,580.5250244140625,580.75,579.510009765625,580.3613891601562,114112,580.5250244140625
2026-05-29 10:00:00-04:00,578.989990234375,581.719970703125,578.7000122070312,580.5850219726562,87838,578.989990234375
2026-05-29 10:05:00-04:00,577.719970703125,579.52001953125,577.5999755859375,579.155029296875,85246,577.719970703125
2026-05-29 10:10:00-04:00,577.6400146484375,579.0900268554688,576.0684204101562,577.6199951171875,79406,577.6400146484375
2026-05-29 10:15:00-04:00,575.4500122070312,577.8400268554688,574.6500244140625,577.6300048828125,193372,575.4500122070312
2026-05-29 10:20:00-04:00,573.4500122070312,577.1300048828125,573.4500122070312,575.3900146484375,110865,573.4500122070312
2026-05-29 10:25:00-04:00,572.6900024414062,573.6300048828125,570.6099853515625,573.3699951171875,211478,572.6900024414062
2026-05-29 10:30:00-04:00,573.875,573.975830078125,571.8099975585938,572.635009765625,103075,573.875
2026-05-29 10:35:00-04:00,569.02001953125,573.97998046875,569.0097045898438,573.9099731445312,119637,569.02001953125
2026-05-29 10:40:00-04:00,565.3400268554688,569.510009765625,565.010009765625,569.10498046875,304160,565.3400268554688
2026-05-29 10:45:00-04:00,567.489990234375,568.1699829101562,564.9199829101562,565.1799926757812,172406,567.489990234375
2026-05-29 10:50:00-04:00,570.010009765625,572.0,567.280029296875,567.4099731445312,219594,570.010009765625
2026-05-29 10:55:00-04:00,569.9400024414062,571.9749755859375,569.3599853515625,570.1400146484375,84611,569.9400024414062
2026-05-29 11:00:00-04:00,569.2949829101562,570.655029296875,568.8699951171875,570.030029296875,66078,569.2949829101562
2026-05-29 11:05:00-04:00,569.27001953125,569.60498046875,568.0399780273438,569.284912109375,77523,569.27001953125
2026-05-29 11:10:00-04:00,570.9000244140625,571.3400268554688,569.27001953125,569.2899780273438,92507,570.9000244140625
2026-05-29 11:15:00-04:00,569.8599853515625,571.25,569.8200073242188,570.8099975585938,129309,569.8599853515625
2026-05-29 11:20:00-04:00,569.9349975585938,570.1300048828125,568.5900268554688,569.85498046875,59814,569.9349975585938
2026-05-29 11:25:00-04:00,570.0050048828125,570.8099975585938,568.8800048828125,569.7999877929688,43544,570.0050048828125
2026-05-29 11:30:00-04:00,570.239990234375,571.3599853515625,570.0250244140625,570.0900268554688,51562,570.239990234375
2026-05-29 11:35:00-04:00,570.25,570.85498046875,569.760009765625,570.219970703125,61698,570.25
2026-05-29 11:40:00-04:00,569.1699829101562,570.4000244140625,568.780029296875,570.239990234375,52430,569.1699829101562
2026-05-29 11:45:00-04:00,568.7575073242188,569.4149780273438,568.219970703125,569.22998046875,64041,568.7575073242188
2026-05-29 11:50:00-04:00,568.7750854492188,569.5,568.47998046875,568.760009765625,51809,568.7750854492188
2026-05-29 11:55:00-04:00,567.8300170898438,569.0999755859375,567.489990234375,568.8099975585938,67359,567.8300170898438
2026-05-29 12:00:00-04:00,569.2025146484375,569.6690063476562,567.6699829101562,567.8900146484375,35708,569.2025146484375
2026-05-29 12:05:00-04:00,570.4349975585938,570.635009765625,568.5599975585938,569.1199951171875,39583,570.4349975585938
2026-05-29 12:10:00-04:00,569.9249877929688,570.7999877929688,569.6799926757812,570.4099731445312,38252,569.9249877929688
2026-05-29 12:15:00-04:00,569.1649780273438,570.1500244140625,568.97998046875,569.8699951171875,35800,569.1649780273438
2026-05-29 12:20:00-04:00,570.155029296875,570.2000122070312,569.1599731445312,569.3099975585938,24609,570.155029296875
2026-05-29 12:25:00-04:00,569.030029296875,570.1500244140625,568.8900146484375,570.1400146484375,30637,569.030029296875
2026-05-29 12:30:00-04:00,568.4949951171875,569.1500244140625,567.8900146484375,568.97998046875,100839,568.4949951171875
2026-05-29 12:35:00-04:00,568.5900268554688,569.0700073242188,568.3499755859375,568.510009765625,87356,568.5900268554688
2026-05-29 12:40:00-04:00,568.3900146484375,569.260009765625,568.3400268554688,568.8800048828125,75203,568.3900146484375
2026-05-29 12:45:00-04:00,569.2650146484375,569.5499877929688,568.0999755859375,568.4000244140625,46409,569.2650146484375
2026-05-29 12:50:00-04:00,569.030029296875,569.3699951171875,568.6199951171875,569.2550048828125,25008,569.030029296875
2026-05-29 12:55:00-04:00,569.4500122070312,569.5800170898438,568.344970703125,569.030029296875,31077,569.4500122070312
2026-05-29 13:00:00-04:00,568.9600219726562,569.97998046875,568.9600219726562,569.52001953125,38924,568.9600219726562
2026-05-29 13:05:00-04:00,568.9500122070312,569.219970703125,568.6099853515625,569.0399780273438,27802,568.9500122070312
2026-05-29 13:10:00-04:00,568.7899780273438,569.1199951171875,568.3499755859375,569.010009765625,36147,568.7899780273438
2026-05-29 13:15:00-04:00,568.6099853515625,568.8599853515625,568.25,568.8200073242188,48060,568.6099853515625
2026-05-29 13:20:00-04:00,567.9500122070312,568.75,567.469970703125,568.75,73764,567.9500122070312
2026-05-29 13:25:00-04:00,567.6400146484375,568.27001953125,567.1699829101562,568.0800170898438,47252,567.6400146484375
2026-05-29 13:30:00-04:00,567.719970703125,567.719970703125,566.6500244140625,567.5,65792,567.719970703125
2026-05-29 13:35:00-04:00,567.7899780273438,568.2000122070312,567.60009765625,567.7249755859375,44329,567.7899780273438
2026-05-29 13:40:00-04:00,566.27001953125,567.739990234375,566.1699829101562,567.739990234375,57181,566.27001953125
2026-05-29 13:45:00-04:00,566.0499877929688,566.4199829101562,565.5999755859375,566.2100219726562,51182,566.0499877929688
2026-05-29 13:50:00-04:00,565.6649780273438,566.5549926757812,565.6500244140625,566.0399780273438,37393,565.6649780273438
2026-05-29 13:55:00-04:00,564.9400024414062,565.7899780273438,564.60498046875,565.7899780273438,76291,564.9400024414062
2026-05-29 14:00:00-04:00,566.0599975585938,566.0599975585938,564.77001953125,565.0,88513,566.0599975585938
2026-05-29 14:05:00-04:00,567.3400268554688,567.4000244140625,566.0700073242188,566.0700073242188,46304,567.3400268554688
2026-05-29 14:10:00-04:00,566.8300170898438,567.8499755859375,566.5999755859375,567.35498046875,58714,566.8300170898438
2026-05-29 14:15:00-04:00,567.1400146484375,567.4500122070312,566.5,566.8599853515625,47908,567.1400146484375
2026-05-29 14:20:00-04:00,567.3400268554688,567.3699951171875,566.3599853515625,567.27001953125,38751,567.3400268554688
2026-05-29 14:25:00-04:00,567.97998046875,568.2999877929688,567.3001098632812,567.3001098632812,30440,567.97998046875
2026-05-29 14:30:00-04:00,568.5,568.7100219726562,568.02001953125,568.1400146484375,30404,568.5
2026-05-29 14:35:00-04:00,567.4749755859375,568.530029296875,567.239990234375,568.4600219726562,44035,567.4749755859375
2026-05-29 14:40:00-04:00,568.4398803710938,568.4398803710938,567.4600219726562,567.52001953125,32741,568.4398803710938
2026-05-29 14:45:00-04:00,566.9600219726562,568.3300170898438,566.8800048828125,568.3300170898438,51285,566.9600219726562
2026-05-29 14:50:00-04:00,567.0499877929688,567.364990234375,566.2401123046875,567.0349731445312,56361,567.0499877929688
2026-05-29 14:55:00-04:00,566.0900268554688,567.1400146484375,565.8699951171875,567.0250244140625,46190,566.0900268554688
2026-05-29 15:00:00-04:00,566.3300170898438,566.7899780273438,565.697998046875,566.1699829101562,45301,566.3300170898438
2026-05-29 15:05:00-04:00,567.2650146484375,567.3400268554688,566.260009765625,566.260009765625,39407,567.2650146484375
2026-05-29 15:10:00-04:00,566.8250122070312,567.2365112304688,566.5449829101562,567.22998046875,39613,566.8250122070312
2026-05-29 15:15:00-04:00,566.5499877929688,567.0499877929688,566.2999877929688,566.7949829101562,43736,566.5499877929688
2026-05-29 15:20:00-04:00,566.35498046875,566.6749877929688,565.9849853515625,566.60498046875,49349,566.35498046875
2026-05-29 15:25:00-04:00,566.780029296875,566.89501953125,565.9349975585938,566.344970703125,51252,566.780029296875
2026-05-29 15:30:00-04:00,567.9199829101562,567.9600219726562,566.8599853515625,566.8599853515625,116315,567.9199829101562
2026-05-29 15:35:00-04:00,569.0900268554688,569.219970703125,567.8900146484375,567.9299926757812,105725,569.0900268554688
2026-05-29 15:40:00-04:00,569.6099853515625,569.9699096679688,569.0599975585938,569.1099853515625,70405,569.6099853515625
2026-05-29 15:45:00-04:00,569.8049926757812,570.3499755859375,569.4000244140625,569.655029296875,86659,569.8049926757812
2026-05-29 15:50:00-04:00,568.5800170898438,570.0399780273438,568.3900146484375,569.8300170898438,345010,568.5800170898438
2026-05-29 15:55:00-04:00,569.1199951171875,569.4400024414062,567.9000244140625,568.530029296875,556451,569.1199951171875
2026-06-01 09:30:00-04:00,566.5700073242188,569.4400024414062,560.772216796875,563.5150146484375,576280,566.5700073242188
2026-06-01 09:35:00-04:00,569.875,570.9299926757812,566.6199951171875,566.8599853515625,205632,569.875
2026-06-01 09:40:00-04:00,566.9099731445312,570.3200073242188,566.9099731445312,569.72998046875,185510,566.9099731445312
2026-06-01 09:45:00-04:00,564.885009765625,567.6199951171875,564.72998046875,566.9000244140625,130012,564.885009765625
2026-06-01 09:50:00-04:00,561.4249877929688,566.0264892578125,561.0999755859375,564.8250122070312,170541,561.4249877929688
2026-06-01 09:55:00-04:00,558.2899780273438,561.6699829101562,557.905029296875,561.4299926757812,209282,558.2899780273438
2026-06-01 10:00:00-04:00,558.0650024414062,559.4450073242188,557.3800048828125,558.0701293945312,262614,558.0650024414062
2026-06-01 10:05:00-04:00,561.7000122070312,562.7999877929688,558.197509765625,558.239990234375,173942,561.7000122070312
2026-06-01 10:10:00-04:00,560.6546020507812,562.219970703125,560.5900268554688,561.6900024414062,104322,560.6546020507812
2026-06-01 10:15:00-04:00,562.9600219726562,563.0,559.9400024414062,560.5800170898438,101577,562.9600219726562
2026-06-01 10:20:00-04:00,566.469970703125,566.83349609375,562.9199829101562,563.0900268554688,109872,566.469970703125
2026-06-01 10:25:00-04:00,566.3298950195312,566.97998046875,564.9400024414062,566.469970703125,130995,566.3298950195312
2026-06-01 10:30:00-04:00,568.7000122070312,568.97998046875,565.8900146484375,566.3300170898438,95465,568.7000122070312
2026-06-01 10:35:00-04:00,567.52001953125,569.5999755859375,567.0599975585938,568.8049926757812,184031,567.52001953125
2026-06-01 10:40:00-04:00,567.469970703125,568.2000122070312,566.719970703125,567.530029296875,70008,567.469970703125
2026-06-01 10:45:00-04:00,568.1926879882812,568.6500244140625,566.5399780273438,567.469970703125,67785,568.1926879882812
2026-06-01 10:50:00-04:00,568.8400268554688,569.3300170898438,567.6099853515625,568.1400146484375,54367,568.8400268554688
2026-06-01 10:55:00-04:00,568.0499877929688,569.375,567.77001953125,568.739990234375,36486,568.0499877929688
2026-06-01 11:00:00-04:00,568.469970703125,568.9500122070312,567.8499755859375,568.3200073242188,34351,568.469970703125
2026-06-01 11:05:00-04:00,569.530029296875,569.9022827148438,567.989990234375,568.4299926757812,65028,569.530029296875
2026-06-01 11:10:00-04:00,570.1799926757812,570.5499877929688,568.5,569.5850219726562,61335,570.1799926757812
2026-06-01 11:15:00-04:00,570.969970703125,571.4199829101562,570.280029296875,570.280029296875,104010,570.969970703125
2026-06-01 11:20:00-04:00,571.6599731445312,571.8599853515625,570.9119873046875,570.9119873046875,32457,571.6599731445312
2026-06-01 11:25:00-04:00,572.27001953125,572.719970703125,571.0599975585938,571.7000122070312,47448,572.27001953125
2026-06-01 11:30:00-04:00,573.27099609375,574.14990234375,572.1799926757812,572.1900024414062,523412,573.27099609375
2026-06-01 11:35:00-04:00,573.60498046875,574.1199951171875,572.5499877929688,573.260009765625,144075,573.60498046875
2026-06-01 11:40:00-04:00,573.7899780273438,574.3499755859375,572.8599853515625,573.52001953125,110706,573.7899780273438
2026-06-01 11:45:00-04:00,572.1799926757812,574.1500244140625,572.1799926757812,573.9500122070312,48403,572.1799926757812
2026-06-01 11:50:00-04:00,572.8023071289062,573.0900268554688,572.0,572.1950073242188,25179,572.8023071289062
2026-06-01 11:55:00-04:00,570.780029296875,572.8699951171875,570.2999877929688,572.8699951171875,38406,570.780029296875
2026-06-01 12:00:00-04:00,571.22998046875,571.9299926757812,570.8499755859375,570.8499755859375,55058,571.22998046875
2026-06-01 12:05:00-04:00,571.630126953125,571.9199829101562,571.0599975585938,571.3499755859375,31412,571.630126953125
2026-06-01 12:10:00-04:00,570.5999755859375,571.719970703125,570.1799926757812,571.719970703125,44905,570.5999755859375
2026-06-01 12:15:00-04:00,571.1400146484375,571.25,570.2999877929688,570.719970703125,70082,571.1400146484375
2026-06-01 12:20:00-04:00,572.0,572.0,570.9299926757812,571.1799926757812,33313,572.0
2026-06-01 12:25:00-04:00,572.0349731445312,572.135009765625,571.6300048828125,571.9349975585938,22371,572.0349731445312
2026-06-01 12:30:00-04:00,572.0,572.5590209960938,571.8400268554688,572.1400146484375,41802,572.0
2026-06-01 12:35:00-04:00,572.7899780273438,573.0,571.7000122070312,571.9019775390625,30161,572.7899780273438
2026-06-01 12:40:00-04:00,572.010009765625,572.8300170898438,571.9400024414062,572.7999877929688,14804,572.010009765625
2026-06-01 12:45:00-04:00,572.280029296875,572.4099731445312,571.1599731445312,571.9249877929688,75812,572.280029296875
2026-06-01 12:50:00-04:00,574.1998901367188,574.219970703125,572.1400146484375,572.3150024414062,43210,574.1998901367188
2026-06-01 12:55:00-04:00,574.5800170898438,574.6099853515625,573.7000122070312,574.260009765625,38961,574.5800170898438
2026-06-01 13:00:00-04:00,573.0999755859375,574.64990234375,573.0999755859375,574.6099853515625,51524,573.0999755859375
2026-06-01 13:05:00-04:00,573.2349853515625,573.5900268554688,572.7899780273438,573.0700073242188,29087,573.2349853515625
2026-06-01 13:10:00-04:00,573.8400268554688,574.1099853515625,573.3099975585938,573.3099975585938,28434,573.8400268554688
2026-06-01 13:15:00-04:00,574.0499877929688,574.4099731445312,573.7100219726562,573.9099731445312,31266,574.0499877929688
2026-06-01 13:20:00-04:00,573.8900146484375,574.389892578125,573.4000854492188,574.0599975585938,39701,573.8900146484375
2026-06-01 13:25:00-04:00,574.9733276367188,575.0,573.1799926757812,573.8900146484375,55076,574.9733276367188
2026-06-01 13:30:00-04:00,574.3400268554688,575.5700073242188,574.1199951171875,574.9299926757812,63839,574.3400268554688
2026-06-01 13:35:00-04:00,575.0999755859375,575.4099731445312,574.0,574.1300048828125,31935,575.0999755859375
2026-06-01 13:40:00-04:00,575.9177856445312,576.9199829101562,574.9299926757812,575.0,148479,575.9177856445312
2026-06-01 13:45:00-04:00,577.1799926757812,577.3699951171875,575.9000244140625,575.9400024414062,51667,577.1799926757812
2026-06-01 13:50:00-04:00,577.2899780273438,577.7249755859375,577.1583862304688,577.1583862304688,39522,577.2899780273438
2026-06-01 13:55:00-04:00,577.0800170898438,577.989990234375,576.739990234375,577.3900146484375,72094,577.0800170898438
2026-06-01 14:00:00-04:00,576.60498046875,577.10498046875,576.2899780273438,576.989990234375,18651,576.60498046875
2026-06-01 14:05:00-04:00,575.8109741210938,576.6799926757812,575.594970703125,576.5399780273438,19117,575.8109741210938
2026-06-01 14:10:00-04:00,574.9299926757812,575.989990234375,574.6900024414062,575.9099731445312,19287,574.9299926757812
2026-06-01 14:15:00-04:00,574.8895874023438,574.905029296875,573.97998046875,574.8699951171875,52629,574.8895874023438
2026-06-01 14:20:00-04:00,574.9400024414062,575.4299926757812,574.75,574.75,15757,574.9400024414062
2026-06-01 14:25:00-04:00,575.010009765625,575.0499877929688,574.22998046875,574.905029296875,23806,575.010009765625
2026-06-01 14:30:00-04:00,575.3455810546875,575.489990234375,574.25,574.93701171875,34199,575.3455810546875
2026-06-01 14:35:00-04:00,574.4600219726562,575.5225219726562,574.375,575.4000244140625,29787,574.4600219726562
2026-06-01 14:40:00-04:00,574.6799926757812,574.8250122070312,574.0499877929688,574.469970703125,35035,574.6799926757812
2026-06-01 14:45:00-04:00,574.0700073242188,574.6400146484375,574.0,574.6400146484375,28998,574.0700073242188
2026-06-01 14:50:00-04:00,574.125,574.3300170898438,573.6900024414062,574.1199951171875,62052,574.125
2026-06-01 14:55:00-04:00,573.9199829101562,574.5349731445312,573.7999877929688,574.1699829101562,29143,573.9199829101562
2026-06-01 15:00:00-04:00,573.6500244140625,573.75,572.9199829101562,573.75,47171,573.6500244140625
2026-06-01 15:05:00-04:00,573.6500244140625,573.8400268554688,572.6500244140625,573.6616821289062,52700,573.6500244140625
2026-06-01 15:10:00-04:00,573.1599731445312,574.25,573.0900268554688,573.6699829101562,61426,573.1599731445312
2026-06-01 15:15:00-04:00,572.22998046875,573.139892578125,572.1799926757812,573.139892578125,43091,572.22998046875
2026-06-01 15:20:00-04:00,572.4400024414062,572.5599975585938,571.9199829101562,572.2550048828125,79903,572.4400024414062
2026-06-01 15:25:00-04:00,572.655029296875,572.97998046875,572.0701293945312,572.35498046875,48666,572.655029296875
2026-06-01 15:30:00-04:00,571.0850219726562,572.6300048828125,570.5700073242188,572.5800170898438,274586,571.0850219726562
2026-06-01 15:35:00-04:00,571.7899780273438,571.9000244140625,570.6199951171875,571.1199951171875,58797,571.7899780273438
2026-06-01 15:40:00-04:00,571.2000122070312,571.75,571.1199951171875,571.72998046875,56096,571.2000122070312
2026-06-01 15:45:00-04:00,570.25,571.5499877929688,570.22998046875,571.1799926757812,66617,570.25
2026-06-01 15:50:00-04:00,571.2100219726562,571.6199951171875,570.0499877929688,570.3400268554688,151087,571.2100219726562
2026-06-01 15:55:00-04:00,571.75,572.1500244140625,570.4199829101562,571.3800048828125,273749,571.75
2026-06-02 09:30:00-04:00,587.4749755859375,587.7100219726562,582.0,585.843994140625,637480,587.4749755859375
2026-06-02 09:35:00-04:00,590.3099975585938,590.4299926757812,586.8699951171875,587.5700073242188,251435,590.3099975585938
2026-06-02 09:40:00-04:00,590.4299926757812,590.7999267578125,587.7000122070312,590.3900146484375,225032,590.4299926757812
2026-06-02 09:45:00-04:00,591.4000244140625,591.75,590.1500244140625,590.4498901367188,122942,591.4000244140625
2026-06-02 09:50:00-04:00,592.6400146484375,594.030029296875,591.1799926757812,591.489990234375,140096,592.6400146484375
2026-06-02 09:55:00-04:00,594.3599853515625,594.639892578125,591.510009765625,592.6950073242188,111843,594.3599853515625
2026-06-02 10:00:00-04:00,594.3099975585938,594.9000244140625,592.6099853515625,594.5399780273438,79832,594.3099975585938
2026-06-02 10:05:00-04:00,593.6900024414062,594.7100219726562,593.0599975585938,594.510009765625,99146,593.6900024414062
2026-06-02 10:10:00-04:00,593.1199951171875,594.0050048828125,591.9000244140625,593.7150268554688,84451,593.1199951171875
2026-06-02 10:15:00-04:00,591.6749877929688,593.1500244140625,590.6300048828125,593.1500244140625,89213,591.6749877929688
2026-06-02 10:20:00-04:00,590.2050170898438,592.5499877929688,589.9600219726562,591.6799926757812,65724,590.2050170898438
2026-06-02 10:25:00-04:00,590.0,590.4099731445312,588.20751953125,590.1099853515625,148100,590.0
2026-06-02 10:30:00-04:00,592.5700073242188,593.14990234375,589.8699951171875,589.9199829101562,81758,592.5700073242188
2026-06-02 10:35:00-04:00,593.1300048828125,593.2000122070312,591.5800170898438,592.489990234375,191246,593.1300048828125
2026-06-02 10:40:00-04:00,594.719970703125,594.77001953125,592.1199951171875,593.0399780273438,110123,594.719970703125
2026-06-02 10:45:00-04:00,594.75,595.1300048828125,593.6641845703125,594.77001953125,76837,594.75
2026-06-02 10:50:00-04:00,594.8125,594.9400024414062,594.1900024414062,594.72998046875,104433,594.8125
2026-06-02 10:55:00-04:00,595.6099853515625,595.6799926757812,594.4949951171875,594.8250122070312,86564,595.6099853515625
2026-06-02 11:00:00-04:00,595.2999877929688,596.1199951171875,594.6199951171875,595.5900268554688,100658,595.2999877929688
2026-06-02 11:05:00-04:00,596.9099731445312,597.1699829101562,593.8699951171875,595.3300170898438,117065,596.9099731445312
2026-06-02 11:10:00-04:00,598.6199951171875,598.6199951171875,596.7949829101562,596.8300170898438,88692,598.6199951171875
2026-06-02 11:15:00-04:00,599.0999755859375,599.3099975585938,598.4199829101562,598.7000122070312,61607,599.0999755859375
2026-06-02 11:20:00-04:00,598.8099975585938,599.3400268554688,598.5,599.10498046875,112217,598.8099975585938
2026-06-02 11:25:00-04:00,598.9000244140625,599.0850219726562,598.0900268554688,598.7899780273438,51924,598.9000244140625
2026-06-02 11:30:00-04:00,599.2000122070312,599.4000244140625,598.0900268554688,598.9000244140625,40937,599.2000122070312
2026-06-02 11:35:00-04:00,599.3400268554688,599.489990234375,598.7999877929688,599.239990234375,53988,599.3400268554688
2026-06-02 11:40:00-04:00,598.405029296875,599.3300170898438,598.3200073242188,599.3300170898438,40937,598.405029296875
2026-06-02 11:45:00-04:00,598.530029296875,599.1599731445312,598.1500244140625,598.3900146484375,55798,598.530029296875
2026-06-02 11:50:00-04:00,600.6099853515625,600.6799926757812,598.280029296875,598.5399780273438,79911,600.6099853515625
2026-06-02 11:55:00-04:00,600.8150024414062,601.1900024414062,600.010009765625,600.760009765625,62880,600.8150024414062
2026-06-02 12:00:00-04:00,599.969970703125,601.1300048828125,599.8400268554688,600.8350219726562,58388,599.969970703125
2026-06-02 12:05:00-04:00,600.6599731445312,601.1627197265625,599.8200073242188,600.02001953125,49333,600.6599731445312
2026-06-02 12:10:00-04:00,600.2949829101562,600.8900146484375,600.1749877929688,600.6749877929688,35439,600.2949829101562
2026-06-02 12:15:00-04:00,598.8499755859375,600.3800048828125,598.2999877929688,600.3300170898438,42218,598.8499755859375
2026-06-02 12:20:00-04:00,598.3200073242188,599.0900268554688,597.4199829101562,598.8900146484375,59672,598.3200073242188
2026-06-02 12:25:00-04:00,596.72998046875,598.2249755859375,596.6199951171875,598.0927124023438,51513,596.72998046875
2026-06-02 12:30:00-04:00,597.4099731445312,597.75,596.6400146484375,596.72998046875,49153,597.4099731445312
2026-06-02 12:35:00-04:00,596.4400024414062,597.405029296875,595.97998046875,597.405029296875,53912,596.4400024414062
2026-06-02 12:40:00-04:00,597.3499755859375,597.6699829101562,596.4000244140625,596.4000244140625,37212,597.3499755859375
2026-06-02 12:45:00-04:00,597.7000122070312,597.760009765625,596.530029296875,597.3150024414062,32846,597.7000122070312
2026-06-02 12:50:00-04:00,598.4299926757812,598.6500244140625,597.719970703125,597.780029296875,37325,598.4299926757812
2026-06-02 12:55:00-04:00,598.64501953125,598.6699829101562,597.5499877929688,598.3200073242188,56885,598.64501953125
2026-06-02 13:00:00-04:00,598.8778076171875,599.4099731445312,598.155029296875,598.75,43743,598.8778076171875
2026-06-02 13:05:00-04:00,598.6900024414062,599.4299926757812,598.3599853515625,598.8499755859375,38055,598.6900024414062
2026-06-02 13:10:00-04:00,598.27001953125,598.7849731445312,597.9450073242188,598.6599731445312,138067,598.27001953125
2026-06-02 13:15:00-04:00,596.489990234375,598.0349731445312,596.4500122070312,598.0349731445312,121591,596.489990234375
2026-06-02 13:20:00-04:00,596.3499755859375,597.198974609375,595.760009765625,596.4849853515625,55981,596.3499755859375
2026-06-02 13:25:00-04:00,596.3814697265625,596.4600219726562,595.5150146484375,596.4299926757812,44660,596.3814697265625
2026-06-02 13:30:00-04:00,596.2999877929688,597.3099975585938,596.1599731445312,596.3800048828125,41961,596.2999877929688
2026-06-02 13:35:00-04:00,594.9650268554688,596.4099731445312,594.77001953125,596.22998046875,55702,594.9650268554688
2026-06-02 13:40:00-04:00,595.8099975585938,595.8099975585938,594.47998046875,595.02001953125,38521,595.8099975585938
2026-06-02 13:45:00-04:00,596.7449951171875,596.8200073242188,595.5,595.8699951171875,26956,596.7449951171875
2026-06-02 13:50:00-04:00,596.8400268554688,597.1500244140625,596.1400756835938,596.8099975585938,55262,596.8400268554688
2026-06-02 13:55:00-04:00,597.1199951171875,597.3599853515625,596.3099975585938,596.6749877929688,33762,597.1199951171875
2026-06-02 14:00:00-04:00,597.0,597.4500122070312,596.6199951171875,597.1699829101562,58078,597.0
2026-06-02 14:05:00-04:00,597.4600219726562,597.6599731445312,596.9600219726562,597.0,41337,597.4600219726562
2026-06-02 14:10:00-04:00,598.3510131835938,598.52001953125,597.510009765625,597.510009765625,48719,598.3510131835938
2026-06-02 14:15:00-04:00,598.4199829101562,598.6500244140625,598.1201171875,598.2836303710938,50638,598.4199829101562
2026-06-02 14:20:00-04:00,598.530029296875,598.7498779296875,598.1900024414062,598.47998046875,57587,598.530029296875
2026-06-02 14:25:00-04:00,599.2000122070312,599.2000122070312,598.5,598.5599975585938,55738,599.2000122070312
2026-06-02 14:30:00-04:00,599.2000122070312,599.8300170898438,598.9600219726562,599.1849975585938,85165,599.2000122070312
2026-06-02 14:35:00-04:00,597.3200073242188,599.280029296875,597.25,599.1400146484375,101050,597.3200073242188
2026-06-02 14:40:00-04:00,597.5800170898438,597.8200073242188,596.830078125,597.3049926757812,68330,597.5800170898438
2026-06-02 14:45:00-04:00,598.6400146484375,598.7000122070312,597.3400268554688,597.489990234375,56019,598.6400146484375
2026-06-02 14:50:00-04:00,599.0250244140625,599.0250244140625,598.260009765625,598.6699829101562,37759,599.0250244140625
2026-06-02 14:55:00-04:00,599.6300048828125,599.7650146484375,598.780029296875,599.0798950195312,42244,599.6300048828125
2026-06-02 15:00:00-04:00,600.77001953125,600.8400268554688,599.64501953125,599.64501953125,89794,600.77001953125
2026-06-02 15:05:00-04:00,600.6900024414062,600.8400268554688,600.02001953125,600.7550048828125,100703,600.6900024414062
2026-06-02 15:10:00-04:00,601.4299926757812,602.0,600.739990234375,600.739990234375,133175,601.4299926757812
2026-06-02 15:15:00-04:00,601.260009765625,601.8599853515625,600.8150024414062,601.4550170898438,92717,601.260009765625
2026-06-02 15:20:00-04:00,601.6199951171875,601.8300170898438,601.1699829101562,601.1699829101562,51891,601.6199951171875
2026-06-02 15:25:00-04:00,600.4500122070312,601.6599731445312,600.2785034179688,601.5800170898438,65320,600.4500122070312
2026-06-02 15:30:00-04:00,600.8350219726562,601.4949951171875,600.3599853515625,600.469970703125,68800,600.8350219726562
2026-06-02 15:35:00-04:00,600.9099731445312,601.7100219726562,600.8699951171875,600.8699951171875,50010,600.9099731445312
2026-06-02 15:40:00-04:00,601.885009765625,602.1500244140625,600.5800170898438,600.830078125,127697,601.885009765625
2026-06-02 15:45:00-04:00,603.114990234375,603.2999877929688,601.72998046875,601.9299926757812,127554,603.114990234375
2026-06-02 15:50:00-04:00,603.8499755859375,604.4349975585938,602.0,603.0800170898438,281553,603.8499755859375
2026-06-02 15:55:00-04:00,604.8200073242188,605.4400024414062,603.6900024414062,603.6900024414062,344521,604.8200073242188
2026-06-03 09:30:00-04:00,613.9500122070312,618.8400268554688,613.0499877929688,616.2449951171875,737657,613.9500122070312
2026-06-03 09:35:00-04:00,613.530029296875,614.0399780273438,608.7899780273438,613.4849853515625,282745,613.530029296875
2026-06-03 09:40:00-04:00,606.4600219726562,613.4600219726562,606.0499877929688,612.8599853515625,161090,606.4600219726562
2026-06-03 09:45:00-04:00,599.6649780273438,607.719970703125,598.5800170898438,606.5700073242188,336383,599.6649780273438
2026-06-03 09:50:00-04:00,603.3150024414062,607.469970703125,598.010009765625,599.5,391986,603.3150024414062
2026-06-03 09:55:00-04:00,604.1099853515625,605.1799926757812,600.5900268554688,603.27001953125,224777,604.1099853515625
2026-06-03 10:00:00-04:00,607.3599853515625,609.4080200195312,603.5700073242188,603.6400146484375,318546,607.3599853515625
2026-06-03 10:05:00-04:00,609.3300170898438,610.0,606.2000122070312,607.375,118788,609.3300170898438
2026-06-03 10:10:00-04:00,614.10498046875,614.469970703125,608.969970703125,609.2650146484375,145052,614.10498046875
2026-06-03 10:15:00-04:00,612.8900146484375,615.239990234375,612.8900146484375,614.2999877929688,167684,612.8900146484375
2026-06-03 10:20:00-04:00,613.3800048828125,614.530029296875,611.1900024414062,612.7999267578125,155973,613.3800048828125
2026-06-03 10:25:00-04:00,617.280029296875,617.280029296875,611.9299926757812,613.25,159380,617.280029296875
2026-06-03 10:30:00-04:00,616.2999877929688,617.510009765625,615.8800048828125,617.0499877929688,135333,616.2999877929688
2026-06-03 10:35:00-04:00,616.3298950195312,616.9119873046875,613.6600952148438,616.3599853515625,75831,616.3298950195312
2026-06-03 10:40:00-04:00,615.1500244140625,617.3400268554688,614.9400024414062,616.0599975585938,58970,615.1500244140625
2026-06-03 10:45:00-04:00,615.5499877929688,617.3278198242188,615.0,615.47998046875,64474,615.5499877929688
2026-06-03 10:50:00-04:00,615.02001953125,616.4500122070312,614.1799926757812,615.5399780273438,58569,615.02001953125
2026-06-03 10:55:00-04:00,613.0700073242188,615.3300170898438,612.2000122070312,615.2100219726562,66071,613.0700073242188
2026-06-03 11:00:00-04:00,614.5850219726562,615.364990234375,613.0499877929688,613.3200073242188,55523,614.5850219726562
2026-06-03 11:05:00-04:00,614.875,616.2899780273438,614.1400146484375,614.5900268554688,54662,614.875
2026-06-03 11:10:00-04:00,616.2650146484375,616.7000122070312,614.77001953125,614.77001953125,58997,616.2650146484375
2026-06-03 11:15:00-04:00,615.1699829101562,616.2949829101562,613.72998046875,616.2949829101562,113163,615.1699829101562
2026-06-03 11:20:00-04:00,612.7210083007812,615.7899780273438,612.2100219726562,615.239990234375,63745,612.7210083007812
2026-06-03 11:25:00-04:00,613.7550048828125,614.0499877929688,610.9400024414062,612.530029296875,127999,613.7550048828125
2026-06-03 11:30:00-04:00,613.489990234375,615.7849731445312,613.0499877929688,613.6699829101562,103559,613.489990234375
2026-06-03 11:35:00-04:00,613.27001953125,614.969970703125,612.4600219726562,613.4827270507812,73780,613.27001953125
2026-06-03 11:40:00-04:00,611.1649780273438,613.5499877929688,610.6699829101562,613.22998046875,99763,611.1649780273438
2026-06-03 11:45:00-04:00,611.2899780273438,611.85498046875,609.4000244140625,611.2349853515625,116339,611.2899780273438
2026-06-03 11:50:00-04:00,612.2449951171875,613.030029296875,611.6799926757812,611.6799926757812,64929,612.2449951171875
2026-06-03 11:55:00-04:00,612.6400146484375,613.4500122070312,611.6799926757812,611.8200073242188,25604,612.6400146484375
2026-06-03 12:00:00-04:00,612.0549926757812,613.6649780273438,611.27001953125,612.635009765625,50949,612.0549926757812
2026-06-03 12:05:00-04:00,613.1099853515625,613.4400024414062,611.989990234375,612.010009765625,25882,613.1099853515625
2026-06-03 12:10:00-04:00,613.9500122070312,614.6900024414062,612.8900146484375,612.8900146484375,32436,613.9500122070312
2026-06-03 12:15:00-04:00,613.5650024414062,614.1900024414062,612.4099731445312,613.905029296875,31644,613.5650024414062
2026-06-03 12:20:00-04:00,611.1799926757812,614.1298828125,611.1799926757812,613.3499755859375,37563,611.1799926757812
2026-06-03 12:25:00-04:00,611.4849853515625,611.6699829101562,610.1810302734375,611.0999755859375,54428,611.4849853515625
2026-06-03 12:30:00-04:00,612.2100219726562,612.989013671875,611.3499755859375,611.5349731445312,34898,612.2100219726562
2026-06-03 12:35:00-04:00,611.5,612.02001953125,610.6799926757812,612.010009765625,29258,611.5
2026-06-03 12:40:00-04:00,609.8099975585938,612.010009765625,609.3610229492188,611.27001953125,42535,609.8099975585938
2026-06-03 12:45:00-04:00,612.1900024414062,612.3800048828125,609.9949951171875,610.0599975585938,56690,612.1900024414062
2026-06-03 12:50:00-04:00,613.0,613.5,612.260009765625,612.6199951171875,55303,613.0
2026-06-03 12:55:00-04:00,614.1699829101562,614.1699829101562,612.0999755859375,612.3599853515625,33023,614.1699829101562
2026-06-03 13:00:00-04:00,611.8200073242188,613.8699951171875,611.8200073242188,613.8099975585938,40182,611.8200073242188
2026-06-03 13:05:00-04:00,611.8300170898438,612.489990234375,610.4000244140625,611.9450073242188,66953,611.8300170898438
2026-06-03 13:10:00-04:00,611.3350219726562,612.2899780273438,611.0999755859375,612.0933227539062,27919,611.3350219726562
2026-06-03 13:15:00-04:00,611.0250244140625,611.7899780273438,610.47998046875,611.5,20229,611.0250244140625
2026-06-03 13:20:00-04:00,612.1900024414062,612.2949829101562,610.3900146484375,610.9450073242188,41374,612.1900024414062
2026-06-03 13:25:00-04:00,613.4000244140625,613.4547119140625,612.5599975585938,612.5599975585938,20129,613.4000244140625
2026-06-03 13:30:00-04:00,613.27001953125,613.4298706054688,612.1799926757812,613.3800048828125,43933,613.27001953125
2026-06-03 13:35:00-04:00,613.6397705078125,613.9199829101562,613.239990234375,613.6099853515625,75102,613.6397705078125
2026-06-03 13:40:00-04:00,614.4600219726562,614.4600219726562,613.1300048828125,613.7949829101562,21226,614.4600219726562
2026-06-03 13:45:00-04:00,615.1099853515625,615.2501220703125,614.530029296875,614.5399780273438,43649,615.1099853515625
2026-06-03 13:50:00-04:00,616.0,616.0,614.8900146484375,615.1099853515625,27598,616.0
2026-06-03 13:55:00-04:00,616.7449951171875,617.0599975585938,615.9500122070312,616.0399780273438,50829,616.7449951171875
2026-06-03 14:00:00-04:00,617.1199951171875,617.1599731445312,615.9400024414062,616.7999877929688,160587,617.1199951171875
2026-06-03 14:05:00-04:00,616.4849853515625,617.2000122070312,616.219970703125,617.1400146484375,54927,616.4849853515625
2026-06-03 14:10:00-04:00,615.5399169921875,616.8200073242188,615.2000122070312,616.52001953125,67670,615.5399169921875
2026-06-03 14:15:00-04:00,615.9000244140625,615.9000244140625,614.5,615.5700073242188,50500,615.9000244140625
2026-06-03 14:20:00-04:00,616.9594116210938,617.0700073242188,615.25,615.8300170898438,53634,616.9594116210938
2026-06-03 14:25:00-04:00,618.2899780273438,618.5,617.010009765625,617.219970703125,58996,618.2899780273438
2026-06-03 14:30:00-04:00,616.9450073242188,618.52001953125,616.9099731445312,618.4400024414062,42027,616.9450073242188
2026-06-03 14:35:00-04:00,614.7550048828125,616.9299926757812,614.25,616.9299926757812,43484,614.7550048828125
2026-06-03 14:40:00-04:00,615.0499877929688,615.9099731445312,614.219970703125,614.780029296875,47579,615.0499877929688
2026-06-03 14:45:00-04:00,615.760009765625,616.22998046875,614.844970703125,615.25,25981,615.760009765625
2026-06-03 14:50:00-04:00,615.8400268554688,616.1900024414062,615.0999755859375,615.6900024414062,32795,615.8400268554688
2026-06-03 14:55:00-04:00,615.3400268554688,615.9000244140625,614.1300048828125,615.7899780273438,38520,615.3400268554688
2026-06-03 15:00:00-04:00,615.9199829101562,616.0700073242188,614.7100219726562,615.5549926757812,32218,615.9199829101562
2026-06-03 15:05:00-04:00,615.8900146484375,617.489990234375,615.75,615.989990234375,70380,615.8900146484375
2026-06-03 15:10:00-04:00,614.6500244140625,616.260009765625,613.97998046875,615.9199829101562,72137,614.6500244140625
2026-06-03 15:15:00-04:00,614.7150268554688,615.0,613.4400024414062,614.5399780273438,64393,614.7150268554688
2026-06-03 15:20:00-04:00,613.5900268554688,614.6284790039062,613.1300048828125,614.530029296875,35769,613.5900268554688
2026-06-03 15:25:00-04:00,614.4849853515625,614.8599853515625,613.1500244140625,613.760009765625,29488,614.4849853515625
2026-06-03 15:30:00-04:00,615.3574829101562,615.4400024414062,613.8800048828125,614.5,51986,615.3574829101562
2026-06-03 15:35:00-04:00,617.22998046875,617.6300048828125,615.1099853515625,615.2899780273438,45234,617.22998046875
2026-06-03 15:40:00-04:00,617.280029296875,617.8300170898438,616.97998046875,617.125,95092,617.280029296875
2026-06-03 15:45:00-04:00,617.7550048828125,618.0499877929688,616.989990234375,617.4349975585938,79609,617.7550048828125
2026-06-03 15:50:00-04:00,617.2050170898438,618.1400146484375,616.6900024414062,617.8699951171875,234794,617.2050170898438
2026-06-03 15:55:00-04:00,615.5800170898438,617.2100219726562,615.2454833984375,617.1099853515625,730508,615.5800170898438
2026-06-04 09:30:00-04:00,592.1400146484375,592.4299926757812,583.8800048828125,587.3109741210938,1360592,592.1400146484375
2026-06-04 09:35:00-04:00,589.9749755859375,593.030029296875,588.1699829101562,592.1400146484375,496131,589.9749755859375
2026-06-04 09:40:00-04:00,582.7000122070312,590.5999145507812,582.3300170898438,589.8400268554688,469108,582.7000122070312
2026-06-04 09:45:00-04:00,585.0250244140625,587.989990234375,582.0499877929688,582.6400146484375,329833,585.0250244140625
2026-06-04 09:50:00-04:00,584.364990234375,588.72998046875,583.260009765625,585.0250244140625,439821,584.364990234375
2026-06-04 09:55:00-04:00,582.3699951171875,585.6500244140625,582.239990234375,584.3150024414062,327204,582.3699951171875
2026-06-04 10:00:00-04:00,579.4550170898438,584.030029296875,579.3200073242188,582.4500122070312,426548,579.4550170898438
2026-06-04 10:05:00-04:00,579.0549926757812,580.0499877929688,577.5399780273438,579.3699951171875,290169,579.0549926757812
2026-06-04 10:10:00-04:00,585.6951293945312,585.8900146484375,579.0700073242188,579.3400268554688,325991,585.6951293945312
2026-06-04 10:15:00-04:00,585.72998046875,587.9849853515625,584.8800048828125,585.5499877929688,328856,585.72998046875
2026-06-04 10:20:00-04:00,589.1199951171875,589.1199951171875,584.9099731445312,585.8099975585938,384656,589.1199951171875
2026-06-04 10:25:00-04:00,592.25,592.25,588.510009765625,589.3900146484375,245122,592.25
2026-06-04 10:30:00-04:00,591.1849975585938,592.3200073242188,589.9550170898438,592.27001953125,236578,591.1849975585938
2026-06-04 10:35:00-04:00,590.4199829101562,592.4199829101562,589.6799926757812,591.1699829101562,167939,590.4199829101562
2026-06-04 10:40:00-04:00,587.9249877929688,591.27001953125,587.9099731445312,590.4099731445312,113727,587.9249877929688
2026-06-04 10:45:00-04:00,591.0399780273438,591.0399780273438,587.8499755859375,588.02001953125,93868,591.0399780273438
2026-06-04 10:50:00-04:00,592.27001953125,592.8699951171875,590.1799926757812,591.02001953125,112831,592.27001953125
2026-06-04 10:55:00-04:00,594.7000122070312,595.1300048828125,592.030029296875,592.1199951171875,95524,594.7000122070312
2026-06-04 11:00:00-04:00,594.761474609375,596.219970703125,594.2100219726562,594.5999755859375,124289,594.761474609375
2026-06-04 11:05:00-04:00,599.698974609375,599.8900146484375,595.1199951171875,595.1199951171875,136348,599.698974609375
2026-06-04 11:10:00-04:00,600.7399291992188,600.8599853515625,598.5900268554688,599.5,141711,600.7399291992188
2026-06-04 11:15:00-04:00,600.719970703125,601.155029296875,599.7050170898438,600.4400024414062,115827,600.719970703125
2026-06-04 11:20:00-04:00,600.010009765625,600.6300048828125,598.0,600.6199951171875,74004,600.010009765625
2026-06-04 11:25:00-04:00,598.3099975585938,600.2164916992188,598.155029296875,599.760009765625,58395,598.3099975585938
2026-06-04 11:30:00-04:00,599.2999877929688,599.4500122070312,597.6099853515625,598.1500244140625,50957,599.2999877929688
2026-06-04 11:35:00-04:00,599.3458251953125,599.8499755859375,598.3912963867188,599.4000244140625,47162,599.3458251953125
2026-06-04 11:40:00-04:00,597.9099731445312,599.4400024414062,597.5,599.1900024414062,54970,597.9099731445312
2026-06-04 11:45:00-04:00,593.52001953125,597.98291015625,593.2899780273438,597.72998046875,144983,593.52001953125
2026-06-04 11:50:00-04:00,596.1500244140625,596.548828125,593.5900268554688,593.5900268554688,83651,596.1500244140625
2026-06-04 11:55:00-04:00,597.0800170898438,597.4935302734375,595.1300048828125,596.0499877929688,45743,597.0800170898438
2026-06-04 12:00:00-04:00,597.6400146484375,597.9500122070312,596.1799926757812,597.114013671875,53748,597.6400146484375
2026-06-04 12:05:00-04:00,597.1599731445312,597.9400024414062,596.8699951171875,597.5800170898438,28874,597.1599731445312
2026-06-04 12:10:00-04:00,597.0123901367188,597.5,596.1699829101562,597.219970703125,41464,597.0123901367188
2026-06-04 12:15:00-04:00,598.8099975585938,598.9199829101562,596.9299926757812,596.969970703125,72679,598.8099975585938
2026-06-04 12:20:00-04:00,600.719970703125,600.8265991210938,598.344970703125,598.77001953125,101696,600.719970703125
2026-06-04 12:25:00-04:00,602.0999145507812,602.155029296875,600.3900756835938,600.8200073242188,69176,602.0999145507812
2026-06-04 12:30:00-04:00,599.7999877929688,602.0999755859375,599.1300048828125,602.0999755859375,72118,599.7999877929688
2026-06-04 12:35:00-04:00,601.1890869140625,601.2924194335938,599.5,599.7100219726562,24843,601.1890869140625
2026-06-04 12:40:00-04:00,602.3599853515625,602.8099975585938,600.6099853515625,601.239990234375,43600,602.3599853515625
2026-06-04 12:45:00-04:00,602.530029296875,603.0,601.719970703125,602.2750244140625,43465,602.530029296875
2026-06-04 12:50:00-04:00,603.4149780273438,604.02001953125,602.6599731445312,602.7899780273438,46261,603.4149780273438
2026-06-04 12:55:00-04:00,603.1649780273438,603.6099853515625,602.4199829101562,603.4000244140625,81497,603.1649780273438
2026-06-04 13:00:00-04:00,602.22998046875,603.0999755859375,602.219970703125,602.9949951171875,42757,602.22998046875
2026-06-04 13:05:00-04:00,603.6099853515625,603.6099853515625,601.5,602.22998046875,40038,603.6099853515625
2026-06-04 13:10:00-04:00,603.4500122070312,603.760009765625,603.02001953125,603.7100219726562,45807,603.4500122070312
2026-06-04 13:15:00-04:00,603.0894775390625,603.8800048828125,602.4199829101562,603.4600219726562,28644,603.0894775390625
2026-06-04 13:20:00-04:00,603.0499877929688,603.52001953125,602.1400146484375,602.9099731445312,38745,603.0499877929688
2026-06-04 13:25:00-04:00,604.0900268554688,604.4500122070312,602.97998046875,603.0449829101562,51808,604.0900268554688
2026-06-04 13:30:00-04:00,605.8900146484375,606.1599731445312,603.9400024414062,604.0900268554688,82423,605.8900146484375
2026-06-04 13:35:00-04:00,605.375,606.3400268554688,605.0800170898438,605.8900146484375,41267,605.375
2026-06-04 13:40:00-04:00,605.685791015625,606.3499145507812,604.8800048828125,605.3900146484375,54160,605.685791015625
2026-06-04 13:45:00-04:00,606.7100219726562,606.760009765625,605.469970703125,605.9650268554688,33272,606.7100219726562
2026-06-04 13:50:00-04:00,607.093994140625,607.4500122070312,606.4099731445312,606.8099975585938,39691,607.093994140625
2026-06-04 13:55:00-04:00,607.4600219726562,607.77001953125,606.7100219726562,606.8400268554688,33151,607.4600219726562
2026-06-04 14:00:00-04:00,609.9500122070312,609.989990234375,607.5399780273438,607.5800170898438,82636,609.9500122070312
2026-06-04 14:05:00-04:00,610.7999877929688,611.010009765625,609.9000244140625,609.989990234375,90825,610.7999877929688
2026-06-04 14:10:00-04:00,610.5,611.260009765625,610.3200073242188,610.8099975585938,49551,610.5
2026-06-04 14:15:00-04:00,609.5599975585938,610.72998046875,608.2899780273438,610.719970703125,80788,609.5599975585938
2026-06-04 14:20:00-04:00,608.2000122070312,609.52001953125,607.9500122070312,609.5,50226,608.2000122070312
2026-06-04 14:25:00-04:00,609.0599975585938,609.7849731445312,608.0100708007812,608.1038818359375,40858,609.0599975585938
2026-06-04 14:30:00-04:00,607.6599731445312,609.0,606.5599975585938,608.64501953125,63928,607.6599731445312
2026-06-04 14:35:00-04:00,605.7000122070312,607.5900268554688,604.9600219726562,607.5900268554688,53197,605.7000122070312
2026-06-04 14:40:00-04:00,606.3300170898438,606.3300170898438,604.6099853515625,605.5700073242188,52593,606.3300170898438
2026-06-04 14:45:00-04:00,607.9500122070312,607.969970703125,605.77001953125,606.3200073242188,27017,607.9500122070312
2026-06-04 14:50:00-04:00,608.030029296875,608.6099853515625,608.0,608.1699829101562,24959,608.030029296875
2026-06-04 14:55:00-04:00,606.1500244140625,608.1799926757812,605.4099731445312,608.0800170898438,66271,606.1500244140625
2026-06-04 15:00:00-04:00,606.9099731445312,607.5,605.9400024414062,606.219970703125,60317,606.9099731445312
2026-06-04 15:05:00-04:00,606.8400268554688,608.52001953125,606.719970703125,606.8699951171875,80552,606.8400268554688
2026-06-04 15:10:00-04:00,605.77001953125,607.2550048828125,604.9700927734375,606.9400024414062,107124,605.77001953125
2026-06-04 15:15:00-04:00,603.1749877929688,605.5700073242188,602.6599731445312,605.5700073242188,96984,603.1749877929688
2026-06-04 15:20:00-04:00,606.3800048828125,606.6300048828125,603.0499877929688,603.0499877929688,48414,606.3800048828125
2026-06-04 15:25:00-04:00,608.8099975585938,608.8099975585938,606.239990234375,606.4400024414062,36279,608.8099975585938
2026-06-04 15:30:00-04:00,609.094970703125,609.7000122070312,608.4600219726562,608.7899780273438,66536,609.094970703125
2026-06-04 15:35:00-04:00,609.3200073242188,609.760009765625,608.7000122070312,609.213623046875,41668,609.3200073242188
2026-06-04 15:40:00-04:00,605.780029296875,609.4600219726562,605.3400268554688,609.4199829101562,103607,605.780029296875
2026-06-04 15:45:00-04:00,605.4299926757812,615.6799926757812,603.8599853515625,605.760009765625,145131,605.4299926757812
2026-06-04 15:50:00-04:00,604.219970703125,605.8800048828125,604.0601196289062,605.3099975585938,315548,604.219970703125
2026-06-04 15:55:00-04:00,602.5800170898438,604.1900024414062,602.1099853515625,604.1900024414062,322992,602.5800170898438
2026-06-05 09:30:00-04:00,576.4500122070312,580.5,574.4099731445312,578.0499877929688,1039805,576.4500122070312
2026-06-05 09:35:00-04:00,574.280029296875,576.489990234375,571.9299926757812,576.489990234375,641549,574.280029296875
2026-06-05 09:40:00-04:00,570.489990234375,574.5,570.010009765625,574.489990234375,433600,570.489990234375
2026-06-05 09:45:00-04:00,566.4299926757812,571.9600219726562,566.2100219726562,570.5700073242188,433978,566.4299926757812
2026-06-05 09:50:00-04:00,572.5150146484375,573.0800170898438,565.8916015625,566.4000244140625,579636,572.5150146484375
2026-06-05 09:55:00-04:00,565.0,572.6300048828125,564.8499755859375,572.5,424172,565.0
2026-06-05 10:00:00-04:00,567.8200073242188,569.4998779296875,564.1950073242188,565.0499877929688,424089,567.8200073242188
2026-06-05 10:05:00-04:00,572.25,572.64501953125,567.2999877929688,567.5599975585938,247995,572.25
2026-06-05 10:10:00-04:00,572.8250122070312,573.0,569.3800048828125,572.1599731445312,282659,572.8250122070312
2026-06-05 10:15:00-04:00,577.5499877929688,577.6719970703125,572.6900024414062,572.9199829101562,232300,577.5499877929688
2026-06-05 10:20:00-04:00,573.9099731445312,577.6699829101562,572.4099731445312,577.52001953125,374307,573.9099731445312
2026-06-05 10:25:00-04:00,570.2000122070312,573.9000244140625,569.1900024414062,573.7999877929688,252691,570.2000122070312
2026-06-05 10:30:00-04:00,574.2874755859375,574.3499755859375,569.8499755859375,570.260009765625,133163,574.2874755859375
2026-06-05 10:35:00-04:00,575.7650146484375,576.97998046875,573.7899780273438,574.4299926757812,143719,575.7650146484375
2026-06-05 10:40:00-04:00,573.2949829101562,575.6099853515625,572.5999755859375,575.6099853515625,134968,573.2949829101562
2026-06-05 10:45:00-04:00,571.9901123046875,575.2000122070312,571.375,573.5,150913,571.9901123046875
2026-06-05 10:50:00-04:00,573.8699951171875,574.5,571.7050170898438,572.155029296875,143821,573.8699951171875
2026-06-05 10:55:00-04:00,573.8300170898438,575.1099853515625,572.739990234375,573.719970703125,110802,573.8300170898438
2026-06-05 11:00:00-04:00,571.2999877929688,573.9600219726562,569.989990234375,573.6900024414062,147671,571.2999877929688
2026-06-05 11:05:00-04:00,568.9600219726562,571.4500122070312,568.6699829101562,571.3499755859375,145706,568.9600219726562
2026-06-05 11:10:00-04:00,566.5487060546875,569.7100219726562,566.5,568.6649780273438,171859,566.5487060546875
2026-06-05 11:15:00-04:00,568.0499877929688,568.4450073242188,566.3200073242188,566.6300048828125,169669,568.0499877929688
2026-06-05 11:20:00-04:00,565.77001953125,568.3699951171875,564.760009765625,568.1099853515625,286477,565.77001953125
2026-06-05 11:25:00-04:00,566.3099975585938,567.0499877929688,565.375,565.9199829101562,129938,566.3099975585938
2026-06-05 11:30:00-04:00,565.3200073242188,567.8200073242188,565.02001953125,566.1300048828125,149863,565.3200073242188
2026-06-05 11:35:00-04:00,563.6199951171875,566.0599975585938,562.9000244140625,565.489990234375,212864,563.6199951171875
2026-06-05 11:40:00-04:00,564.8300170898438,565.6500244140625,562.5399780273438,563.530029296875,158159,564.8300170898438
2026-06-05 11:45:00-04:00,565.3250122070312,567.4299926757812,564.60009765625,564.7200927734375,130779,565.3250122070312
2026-06-05 11:50:00-04:00,566.5499877929688,566.8200073242188,565.0,565.3900146484375,113828,566.5499877929688
2026-06-05 11:55:00-04:00,565.60498046875,566.6300048828125,564.7000122070312,566.3900146484375,151835,565.60498046875
2026-06-05 12:00:00-04:00,562.8599853515625,565.5999755859375,562.7449951171875,565.5900268554688,149661,562.8599853515625
2026-06-05 12:05:00-04:00,561.3900146484375,563.3300170898438,561.27001953125,562.72998046875,164153,561.3900146484375
2026-06-05 12:10:00-04:00,561.8699951171875,563.0999755859375,560.8099975585938,561.364990234375,181869,561.8699951171875
2026-06-05 12:15:00-04:00,559.1099853515625,561.77001953125,558.760009765625,561.77001953125,238585,559.1099853515625
2026-06-05 12:20:00-04:00,560.7974853515625,561.5499877929688,558.5499877929688,559.125,225100,560.7974853515625
2026-06-05 12:25:00-04:00,559.0800170898438,561.719970703125,558.9199829101562,560.8400268554688,91603,559.0800170898438
2026-06-05 12:30:00-04:00,557.9099731445312,559.3699951171875,556.3400268554688,559.1699829101562,229231,557.9099731445312
2026-06-05 12:35:00-04:00,556.1950073242188,558.3800048828125,555.8499755859375,557.880126953125,154583,556.1950073242188
2026-06-05 12:40:00-04:00,553.8800048828125,556.75,553.4500122070312,556.375,223514,553.8800048828125
2026-06-05 12:45:00-04:00,555.35498046875,555.4099731445312,551.7999877929688,553.9473266601562,308163,555.35498046875
2026-06-05 12:50:00-04:00,558.6699829101562,558.8400268554688,553.4000244140625,555.25,416189,558.6699829101562
2026-06-05 12:55:00-04:00,557.530029296875,558.7750244140625,555.7100219726562,558.7750244140625,319422,557.530029296875
2026-06-05 13:00:00-04:00,555.3499755859375,557.5900268554688,554.0499877929688,557.489990234375,197835,555.3499755859375
2026-06-05 13:05:00-04:00,553.844970703125,555.4600219726562,552.4199829101562,555.0750122070312,158657,553.844970703125
2026-06-05 13:10:00-04:00,553.489990234375,554.0,551.9099731445312,553.969970703125,200033,553.489990234375
2026-06-05 13:15:00-04:00,553.9199829101562,554.0499877929688,551.719970703125,553.6900024414062,217840,553.9199829101562
2026-06-05 13:20:00-04:00,555.969970703125,556.1799926757812,551.969970703125,554.1199951171875,188762,555.969970703125
2026-06-05 13:25:00-04:00,556.27001953125,556.510009765625,554.0449829101562,555.9299926757812,160545,556.27001953125
2026-06-05 13:30:00-04:00,557.3200073242188,557.3200073242188,554.989990234375,556.1900024414062,195167,557.3200073242188
2026-06-05 13:35:00-04:00,558.969970703125,559.4000244140625,557.1699829101562,557.3099975585938,239437,558.969970703125
2026-06-05 13:40:00-04:00,554.876708984375,559.6849975585938,554.3300170898438,559.0750122070312,221016,554.876708984375
2026-06-05 13:45:00-04:00,555.5850219726562,556.5661010742188,554.6900024414062,555.1300048828125,140908,555.5850219726562
2026-06-05 13:50:00-04:00,557.0599975585938,557.1400146484375,555.6099853515625,555.6900024414062,113941,557.0599975585938
2026-06-05 13:55:00-04:00,557.97998046875,558.1300048828125,556.2999877929688,556.989990234375,54781,557.97998046875
2026-06-05 14:00:00-04:00,553.8823852539062,558.1799926757812,553.8823852539062,557.780029296875,161231,553.8823852539062
2026-06-05 14:05:00-04:00,552.9600219726562,554.6799926757812,552.7899780273438,553.9299926757812,137647,552.9600219726562
2026-06-05 14:10:00-04:00,551.6799926757812,553.7000122070312,551.0700073242188,552.9099731445312,241292,551.6799926757812
2026-06-05 14:15:00-04:00,551.114990234375,551.9500122070312,550.760009765625,551.7100219726562,426563,551.114990234375
2026-06-05 14:20:00-04:00,550.4000244140625,551.8099975585938,550.25,551.0900268554688,195190,550.4000244140625
2026-06-05 14:25:00-04:00,549.6300048828125,550.5499877929688,548.6701049804688,550.3099975585938,252791,549.6300048828125
2026-06-05 14:30:00-04:00,547.8699951171875,550.1849975585938,547.72998046875,549.719970703125,170113,547.8699951171875
2026-06-05 14:35:00-04:00,546.3499755859375,548.1199951171875,545.530029296875,547.7999877929688,164076,546.3499755859375
2026-06-05 14:40:00-04:00,545.9299926757812,546.5999755859375,543.9600219726562,546.2999877929688,208681,545.9299926757812
2026-06-05 14:45:00-04:00,544.880126953125,545.8800048828125,541.9099731445312,545.7899780273438,353866,544.880126953125
2026-06-05 14:50:00-04:00,546.1500244140625,546.3800048828125,543.0599975585938,544.7100219726562,359644,546.1500244140625
2026-06-05 14:55:00-04:00,550.7197875976562,550.8499755859375,545.0549926757812,546.219970703125,455311,550.7197875976562
2026-06-05 15:00:00-04:00,551.7301025390625,551.75,547.6799926757812,550.6749877929688,311076,551.7301025390625
2026-06-05 15:05:00-04:00,547.02001953125,551.8099975585938,545.219970703125,551.7999877929688,378992,547.02001953125
2026-06-05 15:10:00-04:00,544.8499755859375,547.3200073242188,543.5900268554688,546.9199829101562,362855,544.8499755859375
2026-06-05 15:15:00-04:00,542.7000122070312,544.760009765625,541.6300048828125,544.760009765625,316820,542.7000122070312
2026-06-05 15:20:00-04:00,545.4000244140625,545.4500122070312,542.0399780273438,542.7899780273438,378907,545.4000244140625
2026-06-05 15:25:00-04:00,550.0850219726562,550.1500244140625,545.2000122070312,545.47998046875,250511,550.0850219726562
2026-06-05 15:30:00-04:00,547.7000732421875,550.219970703125,545.3800048828125,550.1699829101562,363039,547.7000732421875
2026-06-05 15:35:00-04:00,550.1500244140625,550.3599853515625,547.4500122070312,547.7899780273438,313974,550.1500244140625
2026-06-05 15:40:00-04:00,548.3400268554688,550.2899780273438,545.7899780273438,550.1400146484375,462562,548.3400268554688
2026-06-05 15:45:00-04:00,549.4000244140625,550.3099975585938,547.6900024414062,548.25,404525,549.4000244140625
2026-06-05 15:50:00-04:00,547.27001953125,551.7899780273438,546.9299926757812,549.3499755859375,800104,547.27001953125
2026-06-05 15:55:00-04:00,539.6799926757812,547.0,539.5700073242188,547.0,1180631,539.6799926757812
2026-06-08 09:30:00-04:00,564.8599853515625,570.2000122070312,564.7000122070312,569.7650146484375,1622383,564.8599853515625
2026-06-08 09:35:00-04:00,565.6400146484375,568.9600219726562,564.25,564.8699951171875,388184,565.6400146484375
2026-06-08 09:40:00-04:00,570.4500122070312,572.510009765625,565.5999755859375,565.780029296875,286255,570.4500122070312
2026-06-08 09:45:00-04:00,568.7672119140625,571.6900024414062,567.3175048828125,570.4500122070312,261169,568.7672119140625
2026-06-08 09:50:00-04:00,568.3099975585938,570.760009765625,566.780029296875,568.7000122070312,164593,568.3099975585938
2026-06-08 09:55:00-04:00,561.4299926757812,568.6203002929688,561.3200073242188,568.22998046875,255759,561.4299926757812
2026-06-08 10:00:00-04:00,561.2000122070312,564.5800170898438,560.8200073242188,561.2100219726562,216515,561.2000122070312
2026-06-08 10:05:00-04:00,567.0,567.39990234375,560.7899780273438,561.1500244140625,185836,567.0
2026-06-08 10:10:00-04:00,565.6950073242188,567.5299072265625,565.0999755859375,566.9450073242188,191814,565.6950073242188
2026-06-08 10:15:00-04:00,564.27001953125,565.75,563.0900268554688,565.6500244140625,141374,564.27001953125
2026-06-08 10:20:00-04:00,566.0399780273438,566.5499877929688,563.1500244140625,564.155029296875,93204,566.0399780273438
2026-06-08 10:25:00-04:00,569.1599731445312,569.6599731445312,566.094970703125,566.094970703125,153844,569.1599731445312
2026-06-08 10:30:00-04:00,570.780029296875,570.7999877929688,568.780029296875,568.989990234375,139480,570.780029296875
2026-06-08 10:35:00-04:00,573.3275146484375,573.9000244140625,570.3900146484375,570.7100219726562,164998,573.3275146484375
2026-06-08 10:40:00-04:00,572.260009765625,574.239990234375,571.10498046875,573.6199951171875,143475,572.260009765625
2026-06-08 10:45:00-04:00,573.6300048828125,574.3099975585938,572.1099853515625,572.2899780273438,105170,573.6300048828125
2026-06-08 10:50:00-04:00,575.2067260742188,576.25,573.1749877929688,573.52001953125,116950,575.2067260742188
2026-06-08 10:55:00-04:00,575.3779907226562,576.0599975585938,573.72998046875,575.2349853515625,135498,575.3779907226562
2026-06-08 11:00:00-04:00,577.1400146484375,577.1400146484375,574.6599731445312,575.510009765625,152781,577.1400146484375
2026-06-08 11:05:00-04:00,578.4099731445312,578.739990234375,577.0,577.094970703125,218491,578.4099731445312
2026-06-08 11:10:00-04:00,578.8900146484375,579.3192749023438,577.9901123046875,578.469970703125,146116,578.8900146484375
2026-06-08 11:15:00-04:00,580.8900146484375,581.0599975585938,578.97998046875,578.97998046875,116809,580.8900146484375
2026-06-08 11:20:00-04:00,579.5599975585938,581.3798828125,578.1799926757812,580.8699951171875,146563,579.5599975585938
2026-06-08 11:25:00-04:00,576.5700073242188,579.5800170898438,576.3099975585938,579.469970703125,108929,576.5700073242188
2026-06-08 11:30:00-04:00,574.7899780273438,576.72998046875,574.219970703125,576.6799926757812,76600,574.7899780273438
2026-06-08 11:35:00-04:00,577.9099731445312,578.1710815429688,574.760009765625,574.7949829101562,100439,577.9099731445312
2026-06-08 11:40:00-04:00,579.9400024414062,579.9400024414062,577.3900146484375,577.8599853515625,75887,579.9400024414062
2026-06-08 11:45:00-04:00,577.9027099609375,580.5599975585938,577.81201171875,579.9400024414062,67169,577.9027099609375
2026-06-08 11:50:00-04:00,578.2899780273438,579.8099975585938,577.9249877929688,577.9249877929688,48034,578.2899780273438
2026-06-08 11:55:00-04:00,577.0,578.280029296875,576.4650268554688,578.280029296875,69516,577.0
2026-06-08 12:00:00-04:00,577.97998046875,578.6799926757812,576.1599731445312,577.0650024414062,89330,577.97998046875
2026-06-08 12:05:00-04:00,577.1099853515625,578.5499877929688,576.6699829101562,577.8800048828125,77590,577.1099853515625
2026-06-08 12:10:00-04:00,577.8400268554688,578.5499877929688,576.4099731445312,577.1900024414062,48960,577.8400268554688
2026-06-08 12:15:00-04:00,578.8599853515625,579.0202026367188,577.780029296875,577.7999877929688,49078,578.8599853515625
2026-06-08 12:20:00-04:00,577.5399780273438,579.2927856445312,577.0549926757812,579.0700073242188,56400,577.5399780273438
2026-06-08 12:25:00-04:00,575.4550170898438,577.9000244140625,575.239990234375,577.530029296875,44367,575.4550170898438
2026-06-08 12:30:00-04:00,575.0800170898438,576.7958984375,574.8300170898438,575.5,55162,575.0800170898438
2026-06-08 12:35:00-04:00,574.6599731445312,576.1599731445312,574.530029296875,575.0800170898438,100147,574.6599731445312
2026-06-08 12:40:00-04:00,575.5740966796875,576.1099853515625,574.2100830078125,574.4000244140625,69802,575.5740966796875
2026-06-08 12:45:00-04:00,576.6900024414062,577.5,575.2550048828125,575.8699951171875,47169,576.6900024414062
2026-06-08 12:50:00-04:00,577.5549926757812,577.7999877929688,576.6400146484375,576.7404174804688,46260,577.5549926757812
2026-06-08 12:55:00-04:00,576.27001953125,577.5499877929688,575.969970703125,577.5499877929688,46690,576.27001953125
2026-06-08 13:00:00-04:00,573.6699829101562,576.3400268554688,572.6799926757812,576.2100219726562,117308,573.6699829101562
2026-06-08 13:05:00-04:00,573.6599731445312,574.8300170898438,573.2000122070312,573.47998046875,69147,573.6599731445312
2026-06-08 13:10:00-04:00,573.6199951171875,573.6950073242188,572.010009765625,573.6004028320312,87271,573.6199951171875
2026-06-08 13:15:00-04:00,572.364990234375,573.8599853515625,572.0601196289062,573.4849853515625,72431,572.364990234375
2026-06-08 13:20:00-04:00,572.8399047851562,573.719970703125,571.8699951171875,572.3099975585938,53407,572.8399047851562
2026-06-08 13:25:00-04:00,575.4799194335938,575.47998046875,572.6400146484375,572.6400146484375,74511,575.4799194335938
2026-06-08 13:30:00-04:00,574.14501953125,575.9249877929688,572.9199829101562,575.3599853515625,116647,574.14501953125
2026-06-08 13:35:00-04:00,574.5999755859375,574.8300170898438,573.0599975585938,574.1199951171875,65789,574.5999755859375
2026-06-08 13:40:00-04:00,573.85498046875,574.8499755859375,573.5700073242188,574.760009765625,63774,573.85498046875
2026-06-08 13:45:00-04:00,576.4550170898438,576.4600219726562,573.8499755859375,573.8499755859375,96259,576.4550170898438
2026-06-08 13:50:00-04:00,577.510009765625,577.9400024414062,576.1599731445312,576.4249877929688,101891,577.510009765625
2026-06-08 13:55:00-04:00,576.5499877929688,577.719970703125,576.22998046875,577.4349975585938,98379,576.5499877929688
2026-06-08 14:00:00-04:00,577.4550170898438,577.9199829101562,576.5800170898438,576.5800170898438,119297,577.4550170898438
2026-06-08 14:05:00-04:00,578.2050170898438,578.5900268554688,577.4000244140625,577.4400024414062,109090,578.2050170898438
2026-06-08 14:10:00-04:00,577.375,578.75,576.9000244140625,578.22998046875,112412,577.375
2026-06-08 14:15:00-04:00,577.47998046875,578.1099853515625,577.2650146484375,577.3099975585938,71460,577.47998046875
2026-06-08 14:20:00-04:00,576.8150024414062,577.6300048828125,576.5,577.47998046875,97100,576.8150024414062
2026-06-08 14:25:00-04:00,577.2999877929688,577.77001953125,576.8699951171875,576.9000244140625,62366,577.2999877929688
2026-06-08 14:30:00-04:00,577.4974975585938,578.3800048828125,577.22998046875,577.3300170898438,98658,577.4974975585938
2026-06-08 14:35:00-04:00,575.8200073242188,577.9285278320312,575.7401123046875,577.5,94865,575.8200073242188
2026-06-08 14:40:00-04:00,574.5750122070312,575.989990234375,574.3757934570312,575.9500122070312,97537,574.5750122070312
2026-06-08 14:45:00-04:00,574.989990234375,575.739990234375,574.5050048828125,574.6400146484375,94708,574.989990234375
2026-06-08 14:50:00-04:00,575.4600219726562,575.8499755859375,574.9199829101562,575.010009765625,72319,575.4600219726562
2026-06-08 14:55:00-04:00,574.7349853515625,575.5999755859375,574.5250244140625,575.510009765625,95568,574.7349853515625
2026-06-08 15:00:00-04:00,573.7550048828125,575.0599975585938,573.1799926757812,574.7999877929688,199633,573.7550048828125
2026-06-08 15:05:00-04:00,571.47998046875,574.5999755859375,571.47998046875,573.780029296875,183547,571.47998046875
2026-06-08 15:10:00-04:00,570.02001953125,571.75,569.8499755859375,571.47998046875,242484,570.02001953125
2026-06-08 15:15:00-04:00,569.6699829101562,570.7899780273438,569.2999877929688,570.0850219726562,207381,569.6699829101562
2026-06-08 15:20:00-04:00,568.72998046875,571.4000244140625,568.5800170898438,569.7249755859375,194800,568.72998046875
2026-06-08 15:25:00-04:00,570.239990234375,570.6500244140625,568.219970703125,568.6099853515625,203271,570.239990234375
2026-06-08 15:30:00-04:00,571.7449951171875,573.4749755859375,570.0999755859375,570.3800048828125,215857,571.7449951171875
2026-06-08 15:35:00-04:00,570.739013671875,572.3386840820312,569.9600219726562,571.7449951171875,180018,570.739013671875
2026-06-08 15:40:00-04:00,569.4000244140625,570.8099975585938,569.1699829101562,570.6500244140625,205150,569.4000244140625
2026-06-08 15:45:00-04:00,568.989990234375,570.6699829101562,568.7999877929688,569.4000244140625,213572,568.989990234375
2026-06-08 15:50:00-04:00,570.469970703125,571.5,569.0800170898438,569.0800170898438,658137,570.469970703125
2026-06-08 15:55:00-04:00,570.8400268554688,571.5800170898438,570.1799926757812,570.5399780273438,697036,570.8400268554688
2026-06-09 09:30:00-04:00,578.6500244140625,586.0700073242188,578.469970703125,584.9500122070312,979952,578.6500244140625
2026-06-09 09:35:00-04:00,580.7100219726562,583.0900268554688,578.7449951171875,578.969970703125,278162,580.7100219726562
2026-06-09 09:40:00-04:00,585.625,586.219970703125,579.3599853515625,580.7745971679688,267749,585.625
2026-06-09 09:45:00-04:00,588.2999877929688,588.5599975585938,585.2100219726562,585.8200073242188,257401,588.2999877929688
2026-06-09 09:50:00-04:00,584.1799926757812,588.4000244140625,583.6599731445312,588.3099975585938,197489,584.1799926757812
2026-06-09 09:55:00-04:00,582.7999877929688,584.97998046875,582.3200073242188,584.135009765625,212596,582.7999877929688
2026-06-09 10:00:00-04:00,582.5900268554688,584.8499755859375,580.8400268554688,582.2000122070312,234063,582.5900268554688
2026-06-09 10:05:00-04:00,578.7600708007812,584.25,578.6300048828125,582.9099731445312,179475,578.7600708007812
2026-06-09 10:10:00-04:00,573.7050170898438,578.8599853515625,573.5999755859375,578.7100219726562,362038,573.7050170898438
2026-06-09 10:15:00-04:00,571.1300048828125,575.0999755859375,568.860107421875,573.719970703125,419160,571.1300048828125
2026-06-09 10:20:00-04:00,575.4299926757812,575.4299926757812,569.260009765625,571.1099853515625,265580,575.4299926757812
2026-06-09 10:25:00-04:00,572.1500244140625,576.6041870117188,571.5800170898438,575.3699951171875,273196,572.1500244140625
2026-06-09 10:30:00-04:00,571.5800170898438,572.4500122070312,568.1799926757812,571.97998046875,270780,571.5800170898438
2026-06-09 10:35:00-04:00,571.2150268554688,573.3499755859375,569.219970703125,571.5349731445312,203718,571.2150268554688
2026-06-09 10:40:00-04:00,564.22998046875,572.780029296875,563.969970703125,571.510009765625,269475,564.22998046875
2026-06-09 10:45:00-04:00,558.8200073242188,565.52001953125,557.8599853515625,564.1799926757812,330783,558.8200073242188
2026-06-09 10:50:00-04:00,564.47998046875,564.6599731445312,558.010009765625,558.489990234375,365894,564.47998046875
2026-06-09 10:55:00-04:00,564.2000122070312,565.0999755859375,560.1599731445312,564.4199829101562,240259,564.2000122070312
2026-06-09 11:00:00-04:00,561.2000122070312,564.6799926757812,561.0999755859375,564.1099853515625,205254,561.2000122070312
2026-06-09 11:05:00-04:00,565.284912109375,565.3499755859375,559.5250244140625,561.4299926757812,156485,565.284912109375
2026-06-09 11:10:00-04:00,564.5350952148438,566.7100219726562,562.7301025390625,565.364990234375,181022,564.5350952148438
2026-06-09 11:15:00-04:00,560.989990234375,565.0,560.7999877929688,564.6699829101562,129434,560.989990234375
2026-06-09 11:20:00-04:00,554.810302734375,562.6099853515625,554.7000122070312,560.9901123046875,227532,554.810302734375
2026-06-09 11:25:00-04:00,549.1699829101562,555.8499755859375,548.5200805664062,555.02001953125,321171,549.1699829101562
2026-06-09 11:30:00-04:00,549.75,551.2000122070312,548.72998046875,549.3900146484375,431903,549.75
2026-06-09 11:35:00-04:00,551.02001953125,551.3400268554688,547.719970703125,549.7899780273438,377367,551.02001953125
2026-06-09 11:40:00-04:00,553.260009765625,554.97998046875,550.5399780273438,550.8699951171875,387649,553.260009765625
2026-06-09 11:45:00-04:00,553.1199951171875,554.0399780273438,551.9949951171875,553.3200073242188,141102,553.1199951171875
2026-06-09 11:50:00-04:00,548.8800048828125,554.6699829101562,548.7000122070312,553.2000122070312,273979,548.8800048828125
2026-06-09 11:55:00-04:00,541.3800048828125,549.4600219726562,540.7000122070312,549.0999755859375,368356,541.3800048828125
2026-06-09 12:00:00-04:00,542.2650146484375,545.0,541.22998046875,541.3800048828125,488514,542.2650146484375
2026-06-09 12:05:00-04:00,536.2899780273438,542.510009765625,534.6500244140625,542.1799926757812,479427,536.2899780273438
2026-06-09 12:10:00-04:00,536.0020141601562,538.02001953125,535.1500244140625,536.0900268554688,391718,536.0020141601562
2026-06-09 12:15:00-04:00,528.489990234375,536.6199951171875,528.1500244140625,535.8599853515625,522376,528.489990234375
2026-06-09 12:20:00-04:00,533.239990234375,533.27001953125,527.4000244140625,528.5650024414062,701176,533.239990234375
2026-06-09 12:25:00-04:00,532.469970703125,535.5,531.0800170898438,533.0900268554688,479135,532.469970703125
2026-06-09 12:30:00-04:00,530.4149780273438,533.7698974609375,528.5731811523438,532.3599853515625,520944,530.4149780273438
2026-06-09 12:35:00-04:00,523.10498046875,533.780029296875,522.5800170898438,530.739990234375,568279,523.10498046875
2026-06-09 12:40:00-04:00,528.1699829101562,529.2000122070312,522.239990234375,523.1900024414062,521688,528.1699829101562
2026-06-09 12:45:00-04:00,527.2899780273438,530.3900146484375,524.8499755859375,528.0700073242188,526944,527.2899780273438
2026-06-09 12:50:00-04:00,523.2850952148438,527.6099853515625,523.1199951171875,527.1500244140625,433991,523.2850952148438
2026-06-09 12:55:00-04:00,531.6199951171875,531.771484375,523.010009765625,523.280029296875,564244,531.6199951171875
2026-06-09 13:00:00-04:00,538.4000244140625,539.22998046875,530.739990234375,531.72998046875,537081,538.4000244140625
2026-06-09 13:05:00-04:00,538.969970703125,539.2999877929688,536.4099731445312,538.4500122070312,447028,538.969970703125
2026-06-09 13:10:00-04:00,540.6900024414062,541.4600219726562,536.3800048828125,538.9600219726562,339464,540.6900024414062
2026-06-09 13:15:00-04:00,544.3599853515625,544.4299926757812,538.75,540.719970703125,281220,544.3599853515625
2026-06-09 13:20:00-04:00,543.4149780273438,546.2899780273438,541.0499877929688,544.2899780273438,401849,543.4149780273438
2026-06-09 13:25:00-04:00,544.1300048828125,545.5999755859375,541.5499877929688,543.364990234375,229230,544.1300048828125
2026-06-09 13:30:00-04:00,546.5549926757812,546.8099975585938,541.969970703125,544.1099853515625,220555,546.5549926757812
2026-06-09 13:35:00-04:00,547.1640014648438,548.2100219726562,544.592529296875,546.75,133237,547.1640014648438
2026-06-09 13:40:00-04:00,548.5599975585938,551.0128173828125,546.739990234375,547.0800170898438,205798,548.5599975585938
2026-06-09 13:45:00-04:00,541.614990234375,549.6900024414062,540.75,548.5,314797,541.614990234375
2026-06-09 13:50:00-04:00,544.4099731445312,546.5800170898438,541.5800170898438,541.719970703125,358053,544.4099731445312
2026-06-09 13:55:00-04:00,546.989990234375,548.0700073242188,544.3699951171875,544.3699951171875,207224,546.989990234375
2026-06-09 14:00:00-04:00,545.5401000976562,547.8800048828125,543.7949829101562,547.1199951171875,201926,545.5401000976562
2026-06-09 14:05:00-04:00,547.8428955078125,548.2000122070312,544.9099731445312,545.489990234375,145576,547.8428955078125
2026-06-09 14:10:00-04:00,548.114990234375,548.780029296875,545.9299926757812,547.8699951171875,162458,548.114990234375
2026-06-09 14:15:00-04:00,551.030029296875,551.239990234375,546.7086791992188,547.8900146484375,139363,551.030029296875
2026-06-09 14:20:00-04:00,552.8900146484375,553.3800048828125,549.8709716796875,551.1099853515625,155140,552.8900146484375
2026-06-09 14:25:00-04:00,553.2899780273438,553.3699951171875,550.2100830078125,552.9400024414062,128411,553.2899780273438
2026-06-09 14:30:00-04:00,554.4199829101562,555.8200073242188,552.89501953125,553.2949829101562,161627,554.4199829101562
2026-06-09 14:35:00-04:00,554.6300048828125,556.0900268554688,553.7050170898438,554.5800170898438,109899,554.6300048828125
2026-06-09 14:40:00-04:00,550.8699951171875,554.7899780273438,550.8350219726562,554.6599731445312,164121,550.8699951171875
2026-06-09 14:45:00-04:00,553.219970703125,553.3200073242188,550.8099975585938,550.9500122070312,158020,553.219970703125
2026-06-09 14:50:00-04:00,553.5449829101562,555.219970703125,552.0900268554688,553.2000122070312,114302,553.5449829101562
2026-06-09 14:55:00-04:00,557.1300048828125,557.969970703125,553.2899780273438,553.6199951171875,180510,557.1300048828125
2026-06-09 15:00:00-04:00,559.75,559.9000244140625,554.8300170898438,557.1799926757812,214709,559.75
2026-06-09 15:05:00-04:00,555.375,560.25,555.1300048828125,559.75,279820,555.375
2026-06-09 15:10:00-04:00,551.3900146484375,555.4099731445312,551.260009765625,555.2000122070312,171062,551.3900146484375
2026-06-09 15:15:00-04:00,547.1400146484375,551.72998046875,546.0599975585938,551.5,283443,547.1400146484375
2026-06-09 15:20:00-04:00,548.6699829101562,550.75,546.2000122070312,546.95849609375,361329,548.6699829101562
2026-06-09 15:25:00-04:00,553.2000122070312,553.5599975585938,548.4500122070312,548.72998046875,219437,553.2000122070312
2026-06-09 15:30:00-04:00,555.1699829101562,555.6599731445312,552.3300170898438,553.260009765625,208508,555.1699829101562
2026-06-09 15:35:00-04:00,552.5900268554688,555.3400268554688,552.5499877929688,555.1599731445312,112044,552.5900268554688
2026-06-09 15:40:00-04:00,552.77001953125,553.489990234375,548.8720703125,552.4600219726562,299668,552.77001953125
2026-06-09 15:45:00-04:00,551.5800170898438,553.405029296875,549.6300048828125,552.989990234375,241965,551.5800170898438
2026-06-09 15:50:00-04:00,554.75,555.739990234375,551.5599975585938,551.8200073242188,623733,554.75
2026-06-09 15:55:00-04:00,561.969970703125,562.1099243164062,555.030029296875,555.030029296875,508683,561.969970703125
2026-06-10 09:30:00-04:00,551.8099975585938,557.52001953125,551.3200073242188,551.9000244140625,1175440,551.8099975585938
2026-06-10 09:35:00-04:00,558.22998046875,562.7999877929688,551.1950073242188,551.7999877929688,561829,558.22998046875
2026-06-10 09:40:00-04:00,561.22998046875,561.8150024414062,552.75,558.25,457819,561.22998046875
2026-06-10 09:45:00-04:00,568.469970703125,569.3599853515625,560.6300048828125,561.3699951171875,386007,568.469970703125
2026-06-10 09:50:00-04:00,561.2100219726562,568.6699829101562,559.8350219726562,568.5599975585938,408024,561.2100219726562
2026-06-10 09:55:00-04:00,558.5936279296875,562.1400146484375,558.02001953125,560.8900146484375,302093,558.5936279296875
2026-06-10 10:00:00-04:00,561.75,562.0,556.22998046875,558.8699951171875,362843,561.75
2026-06-10 10:05:00-04:00,566.3699951171875,566.9199829101562,559.5250244140625,561.1300048828125,280502,566.3699951171875
2026-06-10 10:10:00-04:00,563.1599731445312,566.780029296875,562.989990234375,566.5800170898438,344553,563.1599731445312
2026-06-10 10:15:00-04:00,563.219970703125,564.594970703125,560.8200073242188,563.25,347335,563.219970703125
2026-06-10 10:20:00-04:00,568.4299926757812,568.52001953125,561.4000244140625,562.8900146484375,204804,568.4299926757812
2026-06-10 10:25:00-04:00,568.030029296875,569.47998046875,565.9299926757812,568.6900024414062,246039,568.030029296875
2026-06-10 10:30:00-04:00,572.135009765625,572.4000244140625,565.3900146484375,567.8900146484375,178892,572.135009765625
2026-06-10 10:35:00-04:00,568.4000244140625,572.4299926757812,567.27001953125,572.25,179079,568.4000244140625
2026-06-10 10:40:00-04:00,564.1599731445312,569.6500244140625,564.1599731445312,568.3200073242188,293484,564.1599731445312
2026-06-10 10:45:00-04:00,560.02001953125,565.0399780273438,558.52001953125,564.260009765625,348594,560.02001953125
2026-06-10 10:50:00-04:00,559.3099975585938,563.3699951171875,558.8400268554688,559.9849853515625,228286,559.3099975585938
2026-06-10 10:55:00-04:00,553.5800170898438,560.260009765625,551.5800170898438,559.3400268554688,465384,553.5800170898438
2026-06-10 11:00:00-04:00,552.6500244140625,556.75,550.6500244140625,553.8200073242188,421256,552.6500244140625
2026-06-10 11:05:00-04:00,550.0150146484375,553.3300170898438,548.8800048828125,552.8900146484375,296940,550.0150146484375
2026-06-10 11:10:00-04:00,546.5700073242188,550.8350219726562,546.4500122070312,550.0599975585938,343443,546.5700073242188
2026-06-10 11:15:00-04:00,545.7899780273438,547.4625854492188,543.0499877929688,546.5399780273438,296896,545.7899780273438
2026-06-10 11:20:00-04:00,550.4400024414062,551.3740234375,545.1599731445312,545.5050048828125,282180,550.4400024414062
2026-06-10 11:25:00-04:00,547.844970703125,552.9000244140625,547.8350219726562,550.1099853515625,263428,547.844970703125
2026-06-10 11:30:00-04:00,546.9099731445312,550.5700073242188,545.8400268554688,548.1300048828125,155851,546.9099731445312
2026-06-10 11:35:00-04:00,546.7000122070312,548.1699829101562,545.2899780273438,547.0900268554688,698917,546.7000122070312
2026-06-10 11:40:00-04:00,549.802001953125,550.3400268554688,545.74609375,546.2999877929688,148462,549.802001953125
2026-06-10 11:45:00-04:00,544.1300048828125,550.7100219726562,542.8099975585938,549.5399780273438,402641,544.1300048828125
2026-06-10 11:50:00-04:00,547.9199829101562,549.1199951171875,541.0,544.1099853515625,370475,547.9199829101562
2026-06-10 11:55:00-04:00,551.2000122070312,551.5150146484375,545.9400024414062,547.72998046875,216490,551.2000122070312
2026-06-10 12:00:00-04:00,551.1199951171875,552.3200073242188,548.844970703125,550.8699951171875,286661,551.1199951171875
2026-06-10 12:05:00-04:00,549.0800170898438,551.9000244140625,548.0601196289062,550.7650146484375,156501,549.0800170898438
2026-06-10 12:10:00-04:00,546.010009765625,548.9500122070312,545.469970703125,548.8300170898438,141995,546.010009765625
2026-06-10 12:15:00-04:00,546.89501953125,547.780029296875,545.3300170898438,546.2899780273438,85109,546.89501953125
2026-06-10 12:20:00-04:00,545.5700073242188,547.7949829101562,545.0,546.7949829101562,134951,545.5700073242188
2026-06-10 12:25:00-04:00,546.8400268554688,547.4000244140625,545.52001953125,545.6300048828125,114075,546.8400268554688
2026-06-10 12:30:00-04:00,549.6599731445312,549.7100219726562,545.4600219726562,546.510009765625,100849,549.6599731445312
2026-06-10 12:35:00-04:00,550.301025390625,551.2899780273438,548.0,549.7799072265625,124998,550.301025390625
2026-06-10 12:40:00-04:00,547.2000122070312,550.7349853515625,546.530029296875,549.9400024414062,69007,547.2000122070312
2026-06-10 12:45:00-04:00,545.7999877929688,547.1400146484375,544.2899780273438,547.1400146484375,95699,545.7999877929688
2026-06-10 12:50:00-04:00,545.97998046875,547.6799926757812,545.0,545.7100219726562,84314,545.97998046875
2026-06-10 12:55:00-04:00,545.9400024414062,546.219970703125,544.530029296875,545.9099731445312,70462,545.9400024414062
2026-06-10 13:00:00-04:00,547.6199951171875,548.219970703125,545.1699829101562,545.989990234375,64186,547.6199951171875
2026-06-10 13:05:00-04:00,544.9849853515625,547.7100219726562,544.385009765625,547.5639038085938,66611,544.9849853515625
2026-06-10 13:10:00-04:00,543.3787231445312,544.885009765625,543.0,544.885009765625,121233,543.3787231445312
2026-06-10 13:15:00-04:00,543.510009765625,544.469970703125,542.8499755859375,543.510009765625,59944,543.510009765625
2026-06-10 13:20:00-04:00,544.2999877929688,544.6500244140625,542.6749877929688,543.3344116210938,88185,544.2999877929688
2026-06-10 13:25:00-04:00,544.760009765625,545.239990234375,543.2899780273438,544.1199951171875,76385,544.760009765625
2026-06-10 13:30:00-04:00,544.7899780273438,545.0499877929688,543.0700073242188,544.614990234375,68397,544.7899780273438
2026-06-10 13:35:00-04:00,544.0999755859375,545.3900146484375,543.9849853515625,544.5399780273438,62650,544.0999755859375
2026-06-10 13:40:00-04:00,543.280029296875,544.989990234375,543.1400146484375,544.5698852539062,61892,543.280029296875
2026-06-10 13:45:00-04:00,549.3560180664062,549.9000244140625,543.2100219726562,543.22998046875,132831,549.3560180664062
2026-06-10 13:50:00-04:00,548.9299926757812,549.5800170898438,547.3200073242188,549.2899780273438,105001,548.9299926757812
2026-06-10 13:55:00-04:00,550.1400146484375,550.719970703125,548.5250244140625,549.0599975585938,73858,550.1400146484375
2026-06-10 14:00:00-04:00,551.0499877929688,551.3099975585938,549.0900268554688,550.219970703125,101664,551.0499877929688
2026-06-10 14:05:00-04:00,548.2150268554688,551.1599731445312,548.1699829101562,551.1599731445312,62400,548.2150268554688
2026-06-10 14:10:00-04:00,549.5999755859375,550.25,548.2000122070312,548.2000122070312,52788,549.5999755859375
2026-06-10 14:15:00-04:00,547.1345825195312,550.3200073242188,546.5499877929688,549.5150146484375,44826,547.1345825195312
2026-06-10 14:20:00-04:00,547.3200073242188,548.6699829101562,546.0549926757812,547.4199829101562,85210,547.3200073242188
2026-06-10 14:25:00-04:00,546.6400146484375,547.5999755859375,546.3800048828125,547.405029296875,54010,546.6400146484375
2026-06-10 14:30:00-04:00,545.72998046875,546.719970703125,545.239990234375,546.3400268554688,70119,545.72998046875
2026-06-10 14:35:00-04:00,544.9400024414062,545.7000122070312,544.0399780273438,545.5700073242188,79936,544.9400024414062
2026-06-10 14:40:00-04:00,545.219970703125,545.6500244140625,544.0700073242188,544.72998046875,62825,545.219970703125
2026-06-10 14:45:00-04:00,543.969970703125,545.2550048828125,543.739990234375,545.1799926757812,89426,543.969970703125
2026-06-10 14:50:00-04:00,543.4500122070312,544.2698974609375,542.239990234375,543.5850219726562,102961,543.4500122070312
2026-06-10 14:55:00-04:00,543.1199951171875,543.8699951171875,542.1900024414062,543.4400024414062,51719,543.1199951171875
2026-06-10 15:00:00-04:00,544.4099731445312,545.7000122070312,542.280029296875,543.4650268554688,132625,544.4099731445312
2026-06-10 15:05:00-04:00,545.530029296875,546.6849975585938,543.8900146484375,544.52001953125,93866,545.530029296875
2026-06-10 15:10:00-04:00,542.9749755859375,545.3200073242188,542.5,545.3099975585938,143129,542.9749755859375
2026-06-10 15:15:00-04:00,540.3300170898438,543.0800170898438,539.6500244140625,543.0800170898438,172323,540.3300170898438
2026-06-10 15:20:00-04:00,541.1799926757812,541.4099731445312,539.3800048828125,540.5050048828125,125192,541.1799926757812
2026-06-10 15:25:00-04:00,542.489990234375,543.0098876953125,539.97998046875,540.97998046875,151518,542.489990234375
2026-06-10 15:30:00-04:00,544.280029296875,544.9099731445312,541.3900146484375,542.4400024414062,152103,544.280029296875
2026-06-10 15:35:00-04:00,545.989990234375,546.6416015625,543.9349975585938,544.3200073242188,114381,545.989990234375
2026-06-10 15:40:00-04:00,544.5999755859375,546.5399780273438,543.4199829101562,546.010009765625,127254,544.5999755859375
2026-06-10 15:45:00-04:00,544.219970703125,544.5599975585938,542.469970703125,544.219970703125,90607,544.219970703125
2026-06-10 15:50:00-04:00,544.8599853515625,547.010009765625,543.0800170898438,544.2100219726562,679085,544.8599853515625
2026-06-10 15:55:00-04:00,541.8099975585938,544.5999755859375,541.5900268554688,544.5999755859375,449170,541.8099975585938
