Datetime,Close,High,Low,Open,Volume,Adj Close
2026-04-29 09:30:00-04:00,152.5449981689453,153.10000610351562,152.2550048828125,153.10000610351562,90475,152.5449981689453
2026-04-29 09:35:00-04:00,151.9250030517578,152.5050048828125,151.9149932861328,152.5050048828125,8720,151.9250030517578
2026-04-29 09:40:00-04:00,151.13999938964844,152.05999755859375,151.13999938964844,151.92999267578125,41664,151.13999938964844
2026-04-29 09:45:00-04:00,151.24000549316406,151.27000427246094,150.99000549316406,151.0500030517578,21034,151.24000549316406
2026-04-29 09:50:00-04:00,150.8300018310547,151.27000427246094,150.80499267578125,151.27000427246094,42074,150.8300018310547
2026-04-29 09:55:00-04:00,151.5800018310547,151.5800018310547,150.80999755859375,150.80999755859375,25830,151.5800018310547
2026-04-29 10:00:00-04:00,151.97500610351562,151.97500610351562,151.25999450683594,151.41000366210938,18763,151.97500610351562
2026-04-29 10:05:00-04:00,152.1699981689453,152.1699981689453,151.6699981689453,151.97500610351562,18510,152.1699981689453
2026-04-29 10:10:00-04:00,151.91000366210938,152.1649932861328,151.8000030517578,152.1649932861328,20121,151.91000366210938
2026-04-29 10:15:00-04:00,151.82749938964844,152.08999633789062,151.77999877929688,151.94500732421875,27923,151.82749938964844
2026-04-29 10:20:00-04:00,151.93499755859375,152.17550659179688,151.86000061035156,151.8699951171875,15539,151.93499755859375
2026-04-29 10:25:00-04:00,152.01499938964844,152.02000427246094,151.8800048828125,151.8800048828125,8070,152.01499938964844
2026-04-29 10:30:00-04:00,151.85000610351562,152.0500030517578,151.7949981689453,152.02000427246094,11569,151.85000610351562
2026-04-29 10:35:00-04:00,151.72000122070312,151.86500549316406,151.7100067138672,151.83999633789062,14389,151.72000122070312
2026-04-29 10:40:00-04:00,151.67999267578125,151.75999450683594,151.63999938964844,151.66000366210938,9567,151.67999267578125
2026-04-29 10:45:00-04:00,151.5399932861328,151.6300048828125,151.47000122070312,151.6300048828125,16518,151.5399932861328
2026-04-29 10:50:00-04:00,151.52749633789062,151.52999877929688,151.47000122070312,151.51499938964844,8281,151.52749633789062
2026-04-29 10:55:00-04:00,151.2100067138672,151.50999450683594,151.2100067138672,151.50999450683594,9344,151.2100067138672
2026-04-29 11:00:00-04:00,151.17999267578125,151.25,151.0749969482422,151.22000122070312,8477,151.17999267578125
2026-04-29 11:05:00-04:00,151.1199951171875,151.35000610351562,151.0800018310547,151.1750030517578,12665,151.1199951171875
2026-04-29 11:10:00-04:00,150.9199981689453,151.18499755859375,150.9199981689453,151.14999389648438,10146,150.9199981689453
2026-04-29 11:15:00-04:00,151.18499755859375,151.1999969482422,150.96009826660156,151.02000427246094,26469,151.18499755859375
2026-04-29 11:20:00-04:00,151.02000427246094,151.22500610351562,150.9199981689453,151.22500610351562,20233,151.02000427246094
2026-04-29 11:25:00-04:00,151.02999877929688,151.08999633789062,150.93499755859375,150.98500061035156,15065,151.02999877929688
2026-04-29 11:30:00-04:00,150.66000366210938,150.9250030517578,150.58999633789062,150.9250030517578,23299,150.66000366210938
2026-04-29 11:35:00-04:00,150.47500610351562,150.61500549316406,150.44000244140625,150.61500549316406,14933,150.47500610351562
2026-04-29 11:40:00-04:00,150.58999633789062,150.66000366210938,150.47999572753906,150.5399932861328,13658,150.58999633789062
2026-04-29 11:45:00-04:00,150.72999572753906,150.77000427246094,150.58999633789062,150.60000610351562,23591,150.72999572753906
2026-04-29 11:50:00-04:00,150.3300018310547,150.77000427246094,150.27000427246094,150.6999969482422,23312,150.3300018310547
2026-04-29 11:55:00-04:00,150.22000122070312,150.32000732421875,150.08590698242188,150.2449951171875,12424,150.22000122070312
2026-04-29 12:00:00-04:00,150.4499969482422,150.49000549316406,150.1699981689453,150.1699981689453,10787,150.4499969482422
2026-04-29 12:05:00-04:00,150.44000244140625,150.57000732421875,150.38999938964844,150.38999938964844,8615,150.44000244140625
2026-04-29 12:10:00-04:00,150.42999267578125,150.52999877929688,150.39999389648438,150.50999450683594,8642,150.42999267578125
2026-04-29 12:15:00-04:00,150.4499969482422,150.58999633789062,150.4499969482422,150.57000732421875,13059,150.4499969482422
2026-04-29 12:20:00-04:00,150.36000061035156,150.47000122070312,150.36000061035156,150.47000122070312,7690,150.36000061035156
2026-04-29 12:25:00-04:00,150.5,150.5500030517578,150.30499267578125,150.36000061035156,10798,150.5
2026-04-29 12:30:00-04:00,150.38999938964844,150.58999633789062,150.38999938964844,150.47000122070312,5781,150.38999938964844
2026-04-29 12:35:00-04:00,150.4199981689453,150.42999267578125,150.36000061035156,150.42999267578125,6073,150.4199981689453
2026-04-29 12:40:00-04:00,150.27999877929688,150.52000427246094,150.27999877929688,150.42999267578125,10238,150.27999877929688
2026-04-29 12:45:00-04:00,150.41000366210938,150.4499969482422,150.27999877929688,150.35000610351562,5306,150.41000366210938
2026-04-29 12:50:00-04:00,150.27000427246094,150.35000610351562,150.27000427246094,150.33999633789062,3619,150.27000427246094
2026-04-29 12:55:00-04:00,150.2100067138672,150.30499267578125,150.0500030517578,150.3000030517578,11308,150.2100067138672
2026-04-29 13:00:00-04:00,150.3000030517578,150.32000732421875,150.21499633789062,150.25,8030,150.3000030517578
2026-04-29 13:05:00-04:00,150.1999969482422,150.35000610351562,150.1199951171875,150.2949981689453,6627,150.1999969482422
2026-04-29 13:10:00-04:00,150.2100067138672,150.27999877929688,150.15499877929688,150.2050018310547,7468,150.2100067138672
2026-04-29 13:15:00-04:00,150.30999755859375,150.30999755859375,150.1999969482422,150.2050018310547,7958,150.30999755859375
2026-04-29 13:20:00-04:00,150.31500244140625,150.39999389648438,150.25999450683594,150.30499267578125,10758,150.31500244140625
2026-04-29 13:25:00-04:00,150.10499572753906,150.27000427246094,150.02999877929688,150.27000427246094,10259,150.10499572753906
2026-04-29 13:30:00-04:00,149.86000061035156,150.25999450683594,149.86000061035156,150.13999938964844,31936,149.86000061035156
2026-04-29 13:35:00-04:00,149.77000427246094,149.9199981689453,149.55999755859375,149.8800048828125,21878,149.77000427246094
2026-04-29 13:40:00-04:00,149.75,149.85000610351562,149.66000366210938,149.77000427246094,16414,149.75
2026-04-29 13:45:00-04:00,150.22000122070312,150.25,149.8300018310547,149.8300018310547,23360,150.22000122070312
2026-04-29 13:50:00-04:00,150.50999450683594,150.55999755859375,150.27000427246094,150.27000427246094,9475,150.50999450683594
2026-04-29 13:55:00-04:00,150.52999877929688,150.52999877929688,150.39999389648438,150.4499969482422,7222,150.52999877929688
2026-04-29 14:00:00-04:00,150.25,150.50999450683594,150.25,150.47000122070312,9035,150.25
2026-04-29 14:05:00-04:00,149.98500061035156,150.24000549316406,149.98500061035156,150.24000549316406,10578,149.98500061035156
2026-04-29 14:10:00-04:00,150.05499267578125,150.1199951171875,149.94850158691406,149.97999572753906,12636,150.05499267578125
2026-04-29 14:15:00-04:00,150.00999450683594,150.0800018310547,149.9499969482422,150.02000427246094,10673,150.00999450683594
2026-04-29 14:20:00-04:00,150.1199951171875,150.19000244140625,150.00999450683594,150.08999633789062,14484,150.1199951171875
2026-04-29 14:25:00-04:00,149.92999267578125,150.1199951171875,149.92999267578125,150.0749969482422,9913,149.92999267578125
2026-04-29 14:30:00-04:00,149.8000030517578,149.9600067138672,149.75,149.92999267578125,24292,149.8000030517578
2026-04-29 14:35:00-04:00,149.9550018310547,150.19000244140625,149.83250427246094,149.83999633789062,28400,149.9550018310547
2026-04-29 14:40:00-04:00,149.90499877929688,150.08999633789062,149.88499450683594,149.9550018310547,23436,149.90499877929688
2026-04-29 14:45:00-04:00,150.0,150.02000427246094,149.8000030517578,149.83999633789062,16733,150.0
2026-04-29 14:50:00-04:00,149.97999572753906,150.10000610351562,149.94000244140625,150.02999877929688,10541,149.97999572753906
2026-04-29 14:55:00-04:00,150.39999389648438,150.44000244140625,150.00999450683594,150.00999450683594,22540,150.39999389648438
2026-04-29 15:00:00-04:00,150.5749969482422,150.5749969482422,150.2899932861328,150.39999389648438,17457,150.5749969482422
2026-04-29 15:05:00-04:00,150.53250122070312,150.6300048828125,150.44000244140625,150.52999877929688,18049,150.53250122070312
2026-04-29 15:10:00-04:00,150.72999572753906,150.72999572753906,150.52999877929688,150.52999877929688,16866,150.72999572753906
2026-04-29 15:15:00-04:00,150.64999389648438,150.77999877929688,150.5500030517578,150.63499450683594,17562,150.64999389648438
2026-04-29 15:20:00-04:00,150.69000244140625,150.69000244140625,150.47999572753906,150.58999633789062,21268,150.69000244140625
2026-04-29 15:25:00-04:00,150.60499572753906,150.7100067138672,150.60499572753906,150.69000244140625,18190,150.60499572753906
2026-04-29 15:30:00-04:00,150.26499938964844,150.5800018310547,150.17999267578125,150.5800018310547,30960,150.26499938964844
2026-04-29 15:35:00-04:00,150.56500244140625,150.56500244140625,150.2899932861328,150.3300018310547,34332,150.56500244140625
2026-04-29 15:40:00-04:00,150.86500549316406,150.89500427246094,150.5675048828125,150.57249450683594,25590,150.86500549316406
2026-04-29 15:45:00-04:00,150.83999633789062,150.83999633789062,150.7100067138672,150.8300018310547,28442,150.83999633789062
2026-04-29 15:50:00-04:00,150.8800048828125,150.9199981689453,150.67999267578125,150.78880310058594,57538,150.8800048828125
2026-04-29 15:55:00-04:00,150.72000122070312,150.91000366210938,150.25999450683594,150.8800048828125,277601,150.72000122070312
2026-04-30 09:30:00-04:00,150.91000366210938,150.95249938964844,149.10000610351562,150.4499969482422,33432,150.91000366210938
2026-04-30 09:35:00-04:00,151.24000549316406,151.42999267578125,150.83999633789062,150.83999633789062,15028,151.24000549316406
2026-04-30 09:40:00-04:00,151.64999389648438,151.9499969482422,151.28021240234375,151.28021240234375,19253,151.64999389648438
2026-04-30 09:45:00-04:00,152.01499938964844,152.08999633789062,151.52000427246094,151.6699981689453,27181,152.01499938964844
2026-04-30 09:50:00-04:00,152.30999755859375,152.3300018310547,151.9001007080078,151.9499969482422,15214,152.30999755859375
2026-04-30 09:55:00-04:00,151.9499969482422,152.38499450683594,151.9499969482422,152.38499450683594,6874,151.9499969482422
2026-04-30 10:00:00-04:00,151.57000732421875,152.08999633789062,151.57000732421875,152.08999633789062,9753,151.57000732421875
2026-04-30 10:05:00-04:00,151.86500549316406,151.9600067138672,151.56500244140625,151.64500427246094,10094,151.86500549316406
2026-04-30 10:10:00-04:00,151.72999572753906,151.93499755859375,151.66000366210938,151.86000061035156,10005,151.72999572753906
2026-04-30 10:15:00-04:00,152.27999877929688,152.39999389648438,151.77000427246094,151.77000427246094,12436,152.27999877929688
2026-04-30 10:20:00-04:00,152.06500244140625,152.41000366210938,152.00999450683594,152.35499572753906,13174,152.06500244140625
2026-04-30 10:25:00-04:00,152.58999633789062,152.6300048828125,152.05999755859375,152.1649932861328,39029,152.58999633789062
2026-04-30 10:30:00-04:00,152.6649932861328,152.84500122070312,152.5800018310547,152.58999633789062,14374,152.6649932861328
2026-04-30 10:35:00-04:00,152.75,152.89999389648438,152.64999389648438,152.77000427246094,16690,152.75
2026-04-30 10:40:00-04:00,152.41000366210938,152.8300018310547,152.35000610351562,152.75,12743,152.41000366210938
2026-04-30 10:45:00-04:00,152.47999572753906,152.56500244140625,152.40499877929688,152.49000549316406,10602,152.47999572753906
2026-04-30 10:50:00-04:00,152.4600067138672,152.6199951171875,152.44000244140625,152.49000549316406,6589,152.4600067138672
2026-04-30 10:55:00-04:00,152.48500061035156,152.5500030517578,152.3699951171875,152.38999938964844,12651,152.48500061035156
2026-04-30 11:00:00-04:00,152.63499450683594,152.72999572753906,152.4199981689453,152.55999755859375,16924,152.63499450683594
2026-04-30 11:05:00-04:00,152.52499389648438,152.55999755859375,152.3699951171875,152.5399932861328,12098,152.52499389648438
2026-04-30 11:10:00-04:00,152.60000610351562,152.71749877929688,152.60000610351562,152.60000610351562,7778,152.60000610351562
2026-04-30 11:15:00-04:00,152.5449981689453,152.61500549316406,152.47000122070312,152.52999877929688,22257,152.5449981689453
2026-04-30 11:20:00-04:00,152.72999572753906,152.72999572753906,152.5399932861328,152.5399932861328,11807,152.72999572753906
2026-04-30 11:25:00-04:00,152.71499633789062,152.77999877929688,152.60000610351562,152.69000244140625,7183,152.71499633789062
2026-04-30 11:30:00-04:00,152.72000122070312,152.7899932861328,152.58999633789062,152.71499633789062,7598,152.72000122070312
2026-04-30 11:35:00-04:00,152.5449981689453,152.77999877929688,152.5,152.72000122070312,13100,152.5449981689453
2026-04-30 11:40:00-04:00,152.5399932861328,152.60000610351562,152.47000122070312,152.57000732421875,10322,152.5399932861328
2026-04-30 11:45:00-04:00,152.4600067138672,152.59100341796875,152.4600067138672,152.5399932861328,6575,152.4600067138672
2026-04-30 11:50:00-04:00,152.5399932861328,152.57000732421875,152.4600067138672,152.47999572753906,10813,152.5399932861328
2026-04-30 11:55:00-04:00,152.66000366210938,152.6750030517578,152.5399932861328,152.60499572753906,6412,152.66000366210938
2026-04-30 12:00:00-04:00,152.65499877929688,152.75,152.6199951171875,152.64999389648438,7932,152.65499877929688
2026-04-30 12:05:00-04:00,152.77000427246094,152.82000732421875,152.6300048828125,152.66000366210938,20798,152.77000427246094
2026-04-30 12:10:00-04:00,152.82000732421875,152.86000061035156,152.77999877929688,152.80499267578125,11305,152.82000732421875
2026-04-30 12:15:00-04:00,152.8300018310547,152.91000366210938,152.82000732421875,152.82000732421875,7793,152.8300018310547
2026-04-30 12:20:00-04:00,152.94000244140625,152.94000244140625,152.74000549316406,152.80499267578125,18883,152.94000244140625
2026-04-30 12:25:00-04:00,153.1199951171875,153.1199951171875,152.86000061035156,152.86500549316406,16641,153.1199951171875
2026-04-30 12:30:00-04:00,153.08999633789062,153.16000366210938,153.0399932861328,153.1199951171875,9155,153.08999633789062
2026-04-30 12:35:00-04:00,153.00999450683594,153.0800018310547,152.92999267578125,153.0399932861328,5551,153.00999450683594
2026-04-30 12:40:00-04:00,153.0,153.0399932861328,152.97500610351562,152.99000549316406,5713,153.0
2026-04-30 12:45:00-04:00,152.9600067138672,153.12989807128906,152.92999267578125,153.05999755859375,23347,152.9600067138672
2026-04-30 12:50:00-04:00,152.875,153.00999450683594,152.8300018310547,153.00999450683594,5299,152.875
2026-04-30 12:55:00-04:00,152.83999633789062,152.92999267578125,152.83999633789062,152.8699951171875,3273,152.83999633789062
2026-04-30 13:00:00-04:00,152.91000366210938,152.9600067138672,152.8249969482422,152.9600067138672,5542,152.91000366210938
2026-04-30 13:05:00-04:00,152.77999877929688,152.94000244140625,152.77999877929688,152.91000366210938,5439,152.77999877929688
2026-04-30 13:10:00-04:00,152.8699951171875,152.90989685058594,152.72000122070312,152.72000122070312,7373,152.8699951171875
2026-04-30 13:15:00-04:00,152.9698944091797,152.97000122070312,152.85499572753906,152.8695068359375,14483,152.9698944091797
2026-04-30 13:20:00-04:00,152.97000122070312,152.97999572753906,152.86000061035156,152.86000061035156,17367,152.97000122070312
2026-04-30 13:25:00-04:00,152.9199981689453,152.92999267578125,152.85000610351562,152.87010192871094,7780,152.9199981689453
2026-04-30 13:30:00-04:00,153.0050048828125,153.0800018310547,152.88499450683594,152.94000244140625,22994,153.0050048828125
2026-04-30 13:35:00-04:00,153.02999877929688,153.14999389648438,153.02999877929688,153.02999877929688,40640,153.02999877929688
2026-04-30 13:40:00-04:00,153.17999267578125,153.24000549316406,153.05499267578125,153.05999755859375,24534,153.17999267578125
2026-04-30 13:45:00-04:00,153.1199951171875,153.19000244140625,153.05499267578125,153.19000244140625,11127,153.1199951171875
2026-04-30 13:50:00-04:00,152.96499633789062,153.1199951171875,152.9600067138672,153.1199951171875,7214,152.96499633789062
2026-04-30 13:55:00-04:00,152.9149932861328,153.0449981689453,152.89999389648438,153.0449981689453,10086,152.9149932861328
2026-04-30 14:00:00-04:00,152.72999572753906,152.97000122070312,152.72000122070312,152.8300018310547,57586,152.72999572753906
2026-04-30 14:05:00-04:00,152.69000244140625,152.7301025390625,152.6199951171875,152.66000366210938,5790,152.69000244140625
2026-04-30 14:10:00-04:00,152.6699981689453,152.72000122070312,152.61000061035156,152.67999267578125,19631,152.6699981689453
2026-04-30 14:15:00-04:00,152.61000061035156,152.7449951171875,152.61000061035156,152.6699981689453,8776,152.61000061035156
2026-04-30 14:20:00-04:00,152.5,152.63499450683594,152.5,152.625,6422,152.5
2026-04-30 14:25:00-04:00,152.72999572753906,152.73500061035156,152.47999572753906,152.5449981689453,51729,152.72999572753906
2026-04-30 14:30:00-04:00,152.77000427246094,152.8249969482422,152.6699981689453,152.72500610351562,23751,152.77000427246094
2026-04-30 14:35:00-04:00,152.6300048828125,152.91000366210938,152.60000610351562,152.86000061035156,15427,152.6300048828125
2026-04-30 14:40:00-04:00,152.58999633789062,152.72000122070312,152.55999755859375,152.6300048828125,33683,152.58999633789062
2026-04-30 14:45:00-04:00,152.6699981689453,152.69000244140625,152.5449981689453,152.69000244140625,45909,152.6699981689453
2026-04-30 14:50:00-04:00,152.71499633789062,152.80990600585938,152.6300048828125,152.67999267578125,14277,152.71499633789062
2026-04-30 14:55:00-04:00,152.5,152.77999877929688,152.47999572753906,152.71499633789062,61676,152.5
2026-04-30 15:00:00-04:00,152.74000549316406,152.74000549316406,152.44000244140625,152.50999450683594,106879,152.74000549316406
2026-04-30 15:05:00-04:00,152.9199981689453,153.08399963378906,152.72500610351562,152.74000549316406,55054,152.9199981689453
2026-04-30 15:10:00-04:00,153.05499267578125,153.09500122070312,152.75,152.89999389648438,67223,153.05499267578125
2026-04-30 15:15:00-04:00,152.99000549316406,153.05999755859375,152.88099670410156,153.0500030517578,26465,152.99000549316406
2026-04-30 15:20:00-04:00,153.0,153.13999938964844,152.91000366210938,152.92999267578125,262719,153.0
2026-04-30 15:25:00-04:00,153.1699981689453,153.22500610351562,152.97999572753906,152.99000549316406,89867,153.1699981689453
2026-04-30 15:30:00-04:00,152.73500061035156,153.13999938964844,152.73500061035156,153.13999938964844,40532,152.73500061035156
2026-04-30 15:35:00-04:00,152.88999938964844,152.96499633789062,152.72999572753906,152.73500061035156,39665,152.88999938964844
2026-04-30 15:40:00-04:00,152.91000366210938,153.05990600585938,152.7899932861328,152.87249755859375,64282,152.91000366210938
2026-04-30 15:45:00-04:00,152.875,152.97000122070312,152.6699981689453,152.91000366210938,72012,152.875
2026-04-30 15:50:00-04:00,153.02999877929688,153.02999877929688,152.71249389648438,152.8699951171875,138024,153.02999877929688
2026-04-30 15:55:00-04:00,152.8000030517578,153.0800018310547,152.47000122070312,153.0800018310547,247253,152.8000030517578
2026-05-01 09:30:00-04:00,152.5500030517578,153.25999450683594,152.08999633789062,153.25999450683594,18092,152.5500030517578
2026-05-01 09:35:00-04:00,152.27000427246094,152.92750549316406,152.110107421875,152.5500030517578,7478,152.27000427246094
2026-05-01 09:40:00-04:00,152.8000030517578,153.0,151.69000244140625,152.02000427246094,25372,152.8000030517578
2026-05-01 09:45:00-04:00,152.7899932861328,152.89999389648438,152.47999572753906,152.5841064453125,7049,152.7899932861328
2026-05-01 09:50:00-04:00,153.1649932861328,153.1649932861328,152.88499450683594,152.9199981689453,8937,153.1649932861328
2026-05-01 09:55:00-04:00,153.9499969482422,154.0,153.39500427246094,153.5,12050,153.9499969482422
2026-05-01 10:00:00-04:00,153.875,154.27999877929688,153.85000610351562,153.9600067138672,27345,153.875
2026-05-01 10:05:00-04:00,153.5500030517578,153.8800048828125,153.33999633789062,153.8800048828125,13799,153.5500030517578
2026-05-01 10:10:00-04:00,153.72000122070312,153.72000122070312,153.50999450683594,153.5500030517578,3424,153.72000122070312
2026-05-01 10:15:00-04:00,153.7899932861328,154.08999633789062,153.52000427246094,153.6300048828125,8275,153.7899932861328
2026-05-01 10:20:00-04:00,154.13999938964844,154.17999267578125,153.75,153.8249969482422,10354,154.13999938964844
2026-05-01 10:25:00-04:00,154.0500030517578,154.08999633789062,153.9499969482422,154.08999633789062,7082,154.0500030517578
2026-05-01 10:30:00-04:00,154.1649932861328,154.27000427246094,153.97000122070312,153.97000122070312,15847,154.1649932861328
2026-05-01 10:35:00-04:00,154.2100067138672,154.21499633789062,154.13999938964844,154.1649932861328,5417,154.2100067138672
2026-05-01 10:40:00-04:00,154.05999755859375,154.17999267578125,154.0500030517578,154.17999267578125,6596,154.05999755859375
2026-05-01 10:45:00-04:00,153.85000610351562,154.1199951171875,153.85000610351562,154.05999755859375,8664,153.85000610351562
2026-05-01 10:50:00-04:00,153.7550048828125,154.02000427246094,153.6999969482422,153.86500549316406,36127,153.7550048828125
2026-05-01 10:55:00-04:00,153.5,153.7899932861328,153.5,153.63999938964844,9857,153.5
2026-05-01 11:00:00-04:00,153.56500244140625,153.7550048828125,153.52000427246094,153.63999938964844,7648,153.56500244140625
2026-05-01 11:05:00-04:00,153.75,153.77999877929688,153.5850067138672,153.5850067138672,4893,153.75
2026-05-01 11:10:00-04:00,153.77000427246094,153.86000061035156,153.69000244140625,153.76499938964844,12033,153.77000427246094
2026-05-01 11:15:00-04:00,153.77000427246094,153.9149932861328,153.75999450683594,153.77000427246094,5733,153.77000427246094
2026-05-01 11:20:00-04:00,153.80999755859375,153.80999755859375,153.656005859375,153.80999755859375,10613,153.80999755859375
2026-05-01 11:25:00-04:00,153.83999633789062,153.83999633789062,153.55999755859375,153.75,16868,153.83999633789062
2026-05-01 11:30:00-04:00,153.8249969482422,153.91000366210938,153.82000732421875,153.83999633789062,3848,153.8249969482422
2026-05-01 11:35:00-04:00,153.9199981689453,154.01499938964844,153.8249969482422,153.8249969482422,6459,153.9199981689453
2026-05-01 11:40:00-04:00,153.84500122070312,153.94000244140625,153.7550048828125,153.77000427246094,7712,153.84500122070312
2026-05-01 11:45:00-04:00,153.94000244140625,153.94000244140625,153.7899932861328,153.83999633789062,10501,153.94000244140625
2026-05-01 11:50:00-04:00,153.67999267578125,153.9600067138672,153.63250732421875,153.94500732421875,8852,153.67999267578125
2026-05-01 11:55:00-04:00,153.52999877929688,153.6999969482422,153.52999877929688,153.67999267578125,34884,153.52999877929688
2026-05-01 12:00:00-04:00,153.75,153.75,153.5500030517578,153.5500030517578,6259,153.75
2026-05-01 12:05:00-04:00,153.75999450683594,153.81500244140625,153.67999267578125,153.80999755859375,3619,153.75999450683594
2026-05-01 12:10:00-04:00,153.6750030517578,153.8300018310547,153.6300048828125,153.80999755859375,20712,153.6750030517578
2026-05-01 12:15:00-04:00,153.7550048828125,153.85000610351562,153.73500061035156,153.73500061035156,1690,153.7550048828125
2026-05-01 12:20:00-04:00,153.44000244140625,153.7449951171875,153.38999938964844,153.7449951171875,6985,153.44000244140625
2026-05-01 12:25:00-04:00,153.25999450683594,153.4199981689453,153.22000122070312,153.33999633789062,8905,153.25999450683594
2026-05-01 12:30:00-04:00,153.05999755859375,153.25,153.05999755859375,153.25,4086,153.05999755859375
2026-05-01 12:35:00-04:00,153.22000122070312,153.3000030517578,153.13999938964844,153.14500427246094,5780,153.22000122070312
2026-05-01 12:40:00-04:00,153.14999389648438,153.25819396972656,153.14999389648438,153.1999969482422,3780,153.14999389648438
2026-05-01 12:45:00-04:00,153.0500030517578,153.2100067138672,153.02499389648438,153.13800048828125,5016,153.0500030517578
2026-05-01 12:50:00-04:00,153.17999267578125,153.17999267578125,153.08999633789062,153.10000610351562,3984,153.17999267578125
2026-05-01 12:55:00-04:00,153.1199951171875,153.139892578125,152.99000549316406,153.10000610351562,4552,153.1199951171875
2026-05-01 13:00:00-04:00,153.22999572753906,153.22999572753906,153.13999938964844,153.14500427246094,7444,153.22999572753906
2026-05-01 13:05:00-04:00,153.3000030517578,153.3000030517578,153.1750030517578,153.1750030517578,4578,153.3000030517578
2026-05-01 13:10:00-04:00,153.38999938964844,153.38999938964844,153.25,153.31500244140625,3899,153.38999938964844
2026-05-01 13:15:00-04:00,153.38999938964844,153.51499938964844,153.30999755859375,153.44500732421875,5895,153.38999938964844
2026-05-01 13:20:00-04:00,153.35000610351562,153.38499450683594,153.25,153.38499450683594,5732,153.35000610351562
2026-05-01 13:25:00-04:00,153.3800048828125,153.44000244140625,153.3699951171875,153.38999938964844,2869,153.3800048828125
2026-05-01 13:30:00-04:00,153.5749969482422,153.58999633789062,153.4199981689453,153.4199981689453,10826,153.5749969482422
2026-05-01 13:35:00-04:00,153.53500366210938,153.53500366210938,153.4600067138672,153.52000427246094,6649,153.53500366210938
2026-05-01 13:40:00-04:00,153.60000610351562,153.64999389648438,153.55999755859375,153.6300048828125,5620,153.60000610351562
2026-05-01 13:45:00-04:00,153.47999572753906,153.6300048828125,153.41000366210938,153.5850067138672,6557,153.47999572753906
2026-05-01 13:50:00-04:00,153.61000061035156,153.64500427246094,153.5,153.5,3806,153.61000061035156
2026-05-01 13:55:00-04:00,153.5500030517578,153.6750030517578,153.5500030517578,153.64999389648438,3717,153.5500030517578
2026-05-01 14:00:00-04:00,153.36500549316406,153.6300048828125,153.36000061035156,153.5800018310547,5264,153.36500549316406
2026-05-01 14:05:00-04:00,153.1300048828125,153.3350067138672,153.1199951171875,153.3350067138672,10644,153.1300048828125
2026-05-01 14:10:00-04:00,153.16000366210938,153.25999450683594,153.14500427246094,153.14500427246094,6246,153.16000366210938
2026-05-01 14:15:00-04:00,153.27999877929688,153.27999877929688,153.08999633789062,153.16000366210938,21106,153.27999877929688
2026-05-01 14:20:00-04:00,153.4199981689453,153.4600067138672,153.31500244140625,153.32000732421875,5186,153.4199981689453
2026-05-01 14:25:00-04:00,153.47999572753906,153.5399932861328,153.3800048828125,153.3800048828125,7740,153.47999572753906
2026-05-01 14:30:00-04:00,153.34500122070312,153.5449981689453,153.34500122070312,153.52000427246094,8873,153.34500122070312
2026-05-01 14:35:00-04:00,153.3300018310547,153.35000610351562,153.24000549316406,153.35000610351562,4566,153.3300018310547
2026-05-01 14:40:00-04:00,153.25,153.3300018310547,153.2100067138672,153.25,6483,153.25
2026-05-01 14:45:00-04:00,153.27000427246094,153.38999938964844,153.22000122070312,153.25,11263,153.27000427246094
2026-05-01 14:50:00-04:00,153.10499572753906,153.17999267578125,153.02999877929688,153.13999938964844,28809,153.10499572753906
2026-05-01 14:55:00-04:00,152.72000122070312,153.24249267578125,152.72000122070312,153.11500549316406,14453,152.72000122070312
2026-05-01 15:00:00-04:00,152.625,152.7899932861328,152.625,152.6999969482422,6107,152.625
2026-05-01 15:05:00-04:00,152.77000427246094,152.8699951171875,152.74000549316406,152.7899932861328,8504,152.77000427246094
2026-05-01 15:10:00-04:00,152.82000732421875,152.8699951171875,152.77000427246094,152.84500122070312,6849,152.82000732421875
2026-05-01 15:15:00-04:00,153.03500366210938,153.03500366210938,152.82000732421875,152.8699951171875,16404,153.03500366210938
2026-05-01 15:20:00-04:00,153.1199951171875,153.1199951171875,152.9600067138672,153.03500366210938,18020,153.1199951171875
2026-05-01 15:25:00-04:00,152.83999633789062,153.1199951171875,152.83999633789062,153.1199951171875,36539,152.83999633789062
2026-05-01 15:30:00-04:00,153.1649932861328,153.18499755859375,152.86000061035156,152.86000061035156,17625,153.1649932861328
2026-05-01 15:35:00-04:00,153.28500366210938,153.3300018310547,153.1199951171875,153.19000244140625,12865,153.28500366210938
2026-05-01 15:40:00-04:00,153.1300048828125,153.35000610351562,153.08999633789062,153.32000732421875,14525,153.1300048828125
2026-05-01 15:45:00-04:00,153.08999633789062,153.14999389648438,152.97000122070312,153.1300048828125,13554,153.08999633789062
2026-05-01 15:50:00-04:00,152.31500244140625,153.02999877929688,152.19000244140625,153.02999877929688,78216,152.31500244140625
2026-05-01 15:55:00-04:00,152.02000427246094,152.32000732421875,151.97999572753906,152.27000427246094,268424,152.02000427246094
2026-05-04 09:30:00-04:00,151.1999969482422,151.8249969482422,150.7899932861328,151.2100067138672,24704,151.1999969482422
2026-05-04 09:35:00-04:00,150.7550048828125,151.34249877929688,150.52999877929688,151.0449981689453,12973,150.7550048828125
2026-05-04 09:40:00-04:00,150.38999938964844,150.58999633789062,150.3699951171875,150.5,10054,150.38999938964844
2026-05-04 09:45:00-04:00,150.55499267578125,150.77000427246094,150.24000549316406,150.47999572753906,6818,150.55499267578125
2026-05-04 09:50:00-04:00,150.8000030517578,150.9250030517578,150.4199981689453,150.5,12291,150.8000030517578
2026-05-04 09:55:00-04:00,150.4149932861328,150.89999389648438,150.2949981689453,150.7899932861328,9288,150.4149932861328
2026-05-04 10:00:00-04:00,150.02499389648438,150.46499633789062,149.9600067138672,150.46499633789062,13036,150.02499389648438
2026-05-04 10:05:00-04:00,149.61000061035156,150.1199951171875,149.5800018310547,149.88009643554688,9405,149.61000061035156
2026-05-04 10:10:00-04:00,150.1199951171875,150.24000549316406,149.6699981689453,149.77999877929688,20235,150.1199951171875
2026-05-04 10:15:00-04:00,149.85499572753906,150.00999450683594,149.6999969482422,150.00999450683594,14502,149.85499572753906
2026-05-04 10:20:00-04:00,150.11000061035156,150.3000030517578,149.86000061035156,149.8800048828125,9823,150.11000061035156
2026-05-04 10:25:00-04:00,149.9777069091797,150.21499633789062,149.83999633789062,150.09500122070312,6586,149.9777069091797
2026-05-04 10:30:00-04:00,150.14999389648438,150.2449951171875,149.86000061035156,149.9499969482422,15155,150.14999389648438
2026-05-04 10:35:00-04:00,150.3300018310547,150.3699951171875,150.2100067138672,150.25999450683594,10441,150.3300018310547
2026-05-04 10:40:00-04:00,150.05999755859375,150.3300018310547,150.05999755859375,150.3300018310547,4449,150.05999755859375
2026-05-04 10:45:00-04:00,150.0449981689453,150.2729949951172,150.0,150.00999450683594,17740,150.0449981689453
2026-05-04 10:50:00-04:00,149.89500427246094,150.1300048828125,149.88999938964844,150.125,9468,149.89500427246094
2026-05-04 10:55:00-04:00,149.50999450683594,150.05999755859375,149.50999450683594,150.0,7624,149.50999450683594
2026-05-04 11:00:00-04:00,149.22999572753906,149.3800048828125,149.17999267578125,149.17999267578125,12229,149.22999572753906
2026-05-04 11:05:00-04:00,149.11000061035156,149.41000366210938,149.11000061035156,149.30499267578125,11954,149.11000061035156
2026-05-04 11:10:00-04:00,149.05999755859375,149.3000030517578,149.05999755859375,149.15249633789062,9498,149.05999755859375
2026-05-04 11:15:00-04:00,149.00999450683594,149.34339904785156,149.00999450683594,149.11000061035156,13445,149.00999450683594
2026-05-04 11:20:00-04:00,148.69000244140625,149.0,148.67999267578125,148.968994140625,9924,148.69000244140625
2026-05-04 11:25:00-04:00,148.72500610351562,148.82000732421875,148.5500030517578,148.7100067138672,12373,148.72500610351562
2026-05-04 11:30:00-04:00,148.83999633789062,148.86000061035156,148.6300048828125,148.72500610351562,8579,148.83999633789062
2026-05-04 11:35:00-04:00,148.50999450683594,148.88999938964844,148.50999450683594,148.8350067138672,16453,148.50999450683594
2026-05-04 11:40:00-04:00,148.77000427246094,148.85000610351562,148.42999267578125,148.4499969482422,12754,148.77000427246094
2026-05-04 11:45:00-04:00,148.67999267578125,148.82000732421875,148.64999389648438,148.8000030517578,11331,148.67999267578125
2026-05-04 11:50:00-04:00,148.94000244140625,148.94000244140625,148.38099670410156,148.65499877929688,9643,148.94000244140625
2026-05-04 11:55:00-04:00,148.7899932861328,149.00999450683594,148.75999450683594,148.89999389648438,6658,148.7899932861328
2026-05-04 12:00:00-04:00,148.72000122070312,148.8800048828125,148.6300048828125,148.8249969482422,9266,148.72000122070312
2026-05-04 12:05:00-04:00,148.3300018310547,148.8350067138672,148.24000549316406,148.72000122070312,12792,148.3300018310547
2026-05-04 12:10:00-04:00,148.1999969482422,148.42999267578125,148.13499450683594,148.3249969482422,11865,148.1999969482422
2026-05-04 12:15:00-04:00,148.41000366210938,148.41000366210938,148.02000427246094,148.1999969482422,21146,148.41000366210938
2026-05-04 12:20:00-04:00,148.38499450683594,148.625,148.3699951171875,148.44000244140625,5886,148.38499450683594
2026-05-04 12:25:00-04:00,148.34500122070312,148.3800048828125,148.17999267578125,148.3800048828125,8010,148.34500122070312
2026-05-04 12:30:00-04:00,148.30499267578125,148.44000244140625,148.2949981689453,148.38999938964844,5570,148.30499267578125
2026-05-04 12:35:00-04:00,148.11000061035156,148.30999755859375,148.11000061035156,148.30999755859375,9843,148.11000061035156
2026-05-04 12:40:00-04:00,148.02999877929688,148.19000244140625,148.02999877929688,148.19000244140625,5676,148.02999877929688
2026-05-04 12:45:00-04:00,148.00999450683594,148.0850067138672,147.9600067138672,148.02000427246094,9877,148.00999450683594
2026-05-04 12:50:00-04:00,148.0449981689453,148.05999755859375,147.91000366210938,148.02999877929688,9832,148.0449981689453
2026-05-04 12:55:00-04:00,148.02999877929688,148.11990356445312,147.97000122070312,147.97000122070312,11975,148.02999877929688
2026-05-04 13:00:00-04:00,148.1999969482422,148.26499938964844,147.97000122070312,148.02999877929688,16030,148.1999969482422
2026-05-04 13:05:00-04:00,148.25999450683594,148.35000610351562,148.14999389648438,148.14999389648438,18090,148.25999450683594
2026-05-04 13:10:00-04:00,148.3249969482422,148.36000061035156,148.19000244140625,148.35000610351562,12386,148.3249969482422
2026-05-04 13:15:00-04:00,148.60000610351562,148.60000610351562,148.2100067138672,148.3000030517578,11539,148.60000610351562
2026-05-04 13:20:00-04:00,148.63999938964844,148.6999969482422,148.52000427246094,148.5749969482422,6558,148.63999938964844
2026-05-04 13:25:00-04:00,148.6300048828125,148.6699981689453,148.41000366210938,148.63499450683594,8011,148.6300048828125
2026-05-04 13:30:00-04:00,148.61000061035156,148.77499389648438,148.61000061035156,148.6300048828125,17343,148.61000061035156
2026-05-04 13:35:00-04:00,148.6199951171875,148.64999389648438,148.41250610351562,148.5800018310547,9690,148.6199951171875
2026-05-04 13:40:00-04:00,148.77000427246094,148.77000427246094,148.55999755859375,148.64500427246094,10127,148.77000427246094
2026-05-04 13:45:00-04:00,148.7949981689453,148.82000732421875,148.6999969482422,148.77999877929688,9460,148.7949981689453
2026-05-04 13:50:00-04:00,148.73500061035156,148.90499877929688,148.73500061035156,148.90499877929688,6102,148.73500061035156
2026-05-04 13:55:00-04:00,148.7100067138672,148.85000610351562,148.67999267578125,148.77000427246094,22732,148.7100067138672
2026-05-04 14:00:00-04:00,149.06500244140625,149.07000732421875,148.72500610351562,148.72500610351562,15338,149.06500244140625
2026-05-04 14:05:00-04:00,148.8625030517578,149.05999755859375,148.77999877929688,149.05499267578125,26522,148.8625030517578
2026-05-04 14:10:00-04:00,148.86500549316406,149.02000427246094,148.77000427246094,148.9199981689453,12133,148.86500549316406
2026-05-04 14:15:00-04:00,148.85000610351562,148.89999389648438,148.77999877929688,148.86500549316406,14236,148.85000610351562
2026-05-04 14:20:00-04:00,148.5399932861328,148.875,148.5399932861328,148.86000061035156,7497,148.5399932861328
2026-05-04 14:25:00-04:00,148.5500030517578,148.60000610351562,148.50999450683594,148.58999633789062,6536,148.5500030517578
2026-05-04 14:30:00-04:00,148.4499969482422,148.5500030517578,148.4199981689453,148.5500030517578,11557,148.4499969482422
2026-05-04 14:35:00-04:00,148.39500427246094,148.47500610351562,148.38999938964844,148.44000244140625,6945,148.39500427246094
2026-05-04 14:40:00-04:00,148.22500610351562,148.4499969482422,148.14999389648438,148.41000366210938,17416,148.22500610351562
2026-05-04 14:45:00-04:00,148.0749969482422,148.25999450683594,148.0749969482422,148.22500610351562,11285,148.0749969482422
2026-05-04 14:50:00-04:00,147.94500732421875,148.19000244140625,147.91000366210938,148.0749969482422,12149,147.94500732421875
2026-05-04 14:55:00-04:00,147.77000427246094,147.9499969482422,147.77000427246094,147.94500732421875,15104,147.77000427246094
2026-05-04 15:00:00-04:00,147.44000244140625,147.77999877929688,147.44000244140625,147.72000122070312,17785,147.44000244140625
2026-05-04 15:05:00-04:00,147.6649932861328,147.67999267578125,147.39999389648438,147.4949951171875,24969,147.6649932861328
2026-05-04 15:10:00-04:00,147.75,147.80499267578125,147.6199951171875,147.6649932861328,15438,147.75
2026-05-04 15:15:00-04:00,147.86000061035156,147.86000061035156,147.64999389648438,147.7799072265625,15373,147.86000061035156
2026-05-04 15:20:00-04:00,147.82000732421875,147.86000061035156,147.74000549316406,147.80999755859375,11602,147.82000732421875
2026-05-04 15:25:00-04:00,147.5500030517578,147.82000732421875,147.4499969482422,147.82000732421875,26899,147.5500030517578
2026-05-04 15:30:00-04:00,147.66000366210938,147.66000366210938,147.4600067138672,147.5,21479,147.66000366210938
2026-05-04 15:35:00-04:00,147.83999633789062,147.90499877929688,147.6649932861328,147.6649932861328,26657,147.83999633789062
2026-05-04 15:40:00-04:00,147.81500244140625,148.02000427246094,147.77999877929688,147.77999877929688,25577,147.81500244140625
2026-05-04 15:45:00-04:00,148.0800018310547,148.11000061035156,147.72000122070312,147.80999755859375,36381,148.0800018310547
2026-05-04 15:50:00-04:00,148.02000427246094,148.05999755859375,147.85499572753906,148.02000427246094,41740,148.02000427246094
2026-05-04 15:55:00-04:00,148.10000610351562,148.17999267578125,147.92999267578125,148.05499267578125,137331,148.10000610351562
2026-05-05 09:30:00-04:00,149.4499969482422,149.5570068359375,148.0800018310547,148.77999877929688,28830,149.4499969482422
2026-05-05 09:35:00-04:00,149.3300018310547,149.47000122070312,149.02999877929688,149.47000122070312,7421,149.3300018310547
2026-05-05 09:40:00-04:00,149.28500366210938,149.4199981689453,149.14500427246094,149.15676879882812,10445,149.28500366210938
2026-05-05 09:45:00-04:00,149.3000030517578,149.5399932861328,149.19000244140625,149.41000366210938,20815,149.3000030517578
2026-05-05 09:50:00-04:00,149.2050018310547,149.27999877929688,148.9250030517578,149.14999389648438,28996,149.2050018310547
2026-05-05 09:55:00-04:00,149.97000122070312,149.97000122070312,149.30999755859375,149.30999755859375,10868,149.97000122070312
2026-05-05 10:00:00-04:00,149.9324951171875,150.27000427246094,149.74000549316406,149.91000366210938,62505,149.9324951171875
2026-05-05 10:05:00-04:00,149.8800048828125,149.97999572753906,149.64999389648438,149.93499755859375,8021,149.8800048828125
2026-05-05 10:10:00-04:00,149.92999267578125,150.2100067138672,149.84500122070312,149.91000366210938,7909,149.92999267578125
2026-05-05 10:15:00-04:00,149.8300018310547,150.02999877929688,149.72000122070312,150.0,9255,149.8300018310547
2026-05-05 10:20:00-04:00,149.99000549316406,150.07000732421875,149.55999755859375,149.6699981689453,8718,149.99000549316406
2026-05-05 10:25:00-04:00,150.15499877929688,150.27000427246094,149.9250030517578,150.0800018310547,25721,150.15499877929688
2026-05-05 10:30:00-04:00,150.14999389648438,150.27000427246094,149.94000244140625,150.15499877929688,13901,150.14999389648438
2026-05-05 10:35:00-04:00,150.00999450683594,150.25,149.99000549316406,150.11000061035156,18374,150.00999450683594
2026-05-05 10:40:00-04:00,150.36000061035156,150.36000061035156,149.9949951171875,150.07000732421875,8064,150.36000061035156
2026-05-05 10:45:00-04:00,149.69000244140625,150.39999389648438,149.5850067138672,150.3800048828125,12745,149.69000244140625
2026-05-05 10:50:00-04:00,149.7100067138672,149.7100067138672,149.49000549316406,149.59500122070312,11738,149.7100067138672
2026-05-05 10:55:00-04:00,149.59500122070312,149.72999572753906,149.5500030517578,149.7100067138672,8130,149.59500122070312
2026-05-05 11:00:00-04:00,149.80499267578125,149.95750427246094,149.57000732421875,149.59500122070312,13962,149.80499267578125
2026-05-05 11:05:00-04:00,149.8699951171875,149.92999267578125,149.75,149.75,5606,149.8699951171875
2026-05-05 11:10:00-04:00,149.77499389648438,149.9698944091797,149.75999450683594,149.92999267578125,6850,149.77499389648438
2026-05-05 11:15:00-04:00,149.35000610351562,149.77999877929688,149.35000610351562,149.77999877929688,7250,149.35000610351562
2026-05-05 11:20:00-04:00,149.11500549316406,149.3300018310547,149.0050048828125,149.27000427246094,12464,149.11500549316406
2026-05-05 11:25:00-04:00,149.15499877929688,149.25,149.02000427246094,149.11500549316406,9787,149.15499877929688
2026-05-05 11:30:00-04:00,148.74000549316406,149.17999267578125,148.74000549316406,149.15499877929688,11318,148.74000549316406
2026-05-05 11:35:00-04:00,148.5800018310547,148.91000366210938,148.5800018310547,148.77963256835938,12402,148.5800018310547
2026-05-05 11:40:00-04:00,148.74000549316406,148.8000030517578,148.61000061035156,148.63999938964844,12037,148.74000549316406
2026-05-05 11:45:00-04:00,148.77000427246094,148.8699951171875,148.71499633789062,148.71499633789062,9544,148.77000427246094
2026-05-05 11:50:00-04:00,148.7100067138672,148.77000427246094,148.6300048828125,148.75999450683594,7834,148.7100067138672
2026-05-05 11:55:00-04:00,148.52000427246094,148.77000427246094,148.50999450683594,148.77000427246094,9606,148.52000427246094
2026-05-05 12:00:00-04:00,148.83999633789062,148.83999633789062,148.52000427246094,148.59500122070312,17096,148.83999633789062
2026-05-05 12:05:00-04:00,148.7100067138672,148.9499969482422,148.7100067138672,148.8800048828125,32739,148.7100067138672
2026-05-05 12:10:00-04:00,148.7100067138672,148.80999755859375,148.7050018310547,148.72000122070312,8951,148.7100067138672
2026-05-05 12:15:00-04:00,148.72999572753906,148.7899932861328,148.7100067138672,148.7100067138672,6544,148.72999572753906
2026-05-05 12:20:00-04:00,148.72999572753906,148.74000549316406,148.5399932861328,148.69500732421875,12262,148.72999572753906
2026-05-05 12:25:00-04:00,148.6925048828125,148.7100067138672,148.59500122070312,148.6999969482422,6375,148.6925048828125
2026-05-05 12:30:00-04:00,148.61000061035156,148.6999969482422,148.61000061035156,148.69000244140625,8176,148.61000061035156
2026-05-05 12:35:00-04:00,148.9199981689453,149.0500030517578,148.61000061035156,148.61000061035156,37042,148.9199981689453
2026-05-05 12:40:00-04:00,148.7899932861328,148.94500732421875,148.77000427246094,148.94500732421875,11874,148.7899932861328
2026-05-05 12:45:00-04:00,148.83999633789062,148.87899780273438,148.7899932861328,148.7899932861328,8666,148.83999633789062
2026-05-05 12:50:00-04:00,148.52999877929688,148.89990234375,148.52999877929688,148.89990234375,8226,148.52999877929688
2026-05-05 12:55:00-04:00,148.52000427246094,148.58999633789062,148.50999450683594,148.52000427246094,9356,148.52000427246094
2026-05-05 13:00:00-04:00,148.44290161132812,148.5449981689453,148.4199981689453,148.47999572753906,13920,148.44290161132812
2026-05-05 13:05:00-04:00,148.47500610351562,148.60000610351562,148.42999267578125,148.42999267578125,9559,148.47500610351562
2026-05-05 13:10:00-04:00,148.61000061035156,148.63999938964844,148.52000427246094,148.52000427246094,10516,148.61000061035156
2026-05-05 13:15:00-04:00,148.58999633789062,148.61000061035156,148.5,148.53500366210938,9567,148.58999633789062
2026-05-05 13:20:00-04:00,148.6999969482422,148.74000549316406,148.60000610351562,148.61959838867188,10857,148.6999969482422
2026-05-05 13:25:00-04:00,148.77000427246094,148.82000732421875,148.6699981689453,148.6699981689453,10928,148.77000427246094
2026-05-05 13:30:00-04:00,148.8300018310547,148.88999938964844,148.77000427246094,148.77000427246094,12758,148.8300018310547
2026-05-05 13:35:00-04:00,149.00999450683594,149.02499389648438,148.8350067138672,148.8699951171875,15548,149.00999450683594
2026-05-05 13:40:00-04:00,149.11000061035156,149.1199951171875,149.00999450683594,149.00999450683594,12916,149.11000061035156
2026-05-05 13:45:00-04:00,149.00999450683594,149.07000732421875,148.92999267578125,149.07000732421875,11789,149.00999450683594
2026-05-05 13:50:00-04:00,148.7550048828125,149.00999450683594,148.75,149.0,11869,148.7550048828125
2026-05-05 13:55:00-04:00,148.7100067138672,148.77999877929688,148.61500549316406,148.7550048828125,10513,148.7100067138672
2026-05-05 14:00:00-04:00,148.5500030517578,148.6999969482422,148.5500030517578,148.6999969482422,10949,148.5500030517578
2026-05-05 14:05:00-04:00,148.6199951171875,148.64999389648438,148.4499969482422,148.51499938964844,21158,148.6199951171875
2026-05-05 14:10:00-04:00,148.4949951171875,148.5800018310547,148.44000244140625,148.5800018310547,9748,148.4949951171875
2026-05-05 14:15:00-04:00,148.47000122070312,148.60000610351562,148.38999938964844,148.4949951171875,13998,148.47000122070312
2026-05-05 14:20:00-04:00,148.7050018310547,148.80999755859375,148.53500366210938,148.5500030517578,36503,148.7050018310547
2026-05-05 14:25:00-04:00,148.77499389648438,148.8300018310547,148.74000549316406,148.74000549316406,7840,148.77499389648438
2026-05-05 14:30:00-04:00,148.74000549316406,148.80999755859375,148.7100067138672,148.77000427246094,13213,148.74000549316406
2026-05-05 14:35:00-04:00,148.64999389648438,148.77000427246094,148.63999938964844,148.74000549316406,12965,148.64999389648438
2026-05-05 14:40:00-04:00,148.72500610351562,148.72999572753906,148.58999633789062,148.61000061035156,16081,148.72500610351562
2026-05-05 14:45:00-04:00,148.94000244140625,148.99000549316406,148.6999969482422,148.72500610351562,18202,148.94000244140625
2026-05-05 14:50:00-04:00,149.06500244140625,149.07749938964844,148.94500732421875,148.99000549316406,11858,149.06500244140625
2026-05-05 14:55:00-04:00,149.10499572753906,149.14500427246094,149.02000427246094,149.0800018310547,12836,149.10499572753906
2026-05-05 15:00:00-04:00,149.17999267578125,149.2100067138672,149.08999633789062,149.10499572753906,15457,149.17999267578125
2026-05-05 15:05:00-04:00,149.11000061035156,149.22000122070312,149.11000061035156,149.22000122070312,15169,149.11000061035156
2026-05-05 15:10:00-04:00,149.5500030517578,149.5500030517578,149.11000061035156,149.1199951171875,19382,149.5500030517578
2026-05-05 15:15:00-04:00,149.6300048828125,149.6699981689453,149.5,149.6300048828125,22336,149.6300048828125
2026-05-05 15:20:00-04:00,149.66000366210938,149.72999572753906,149.66000366210938,149.67999267578125,10001,149.66000366210938
2026-05-05 15:25:00-04:00,149.5,149.7100067138672,149.5,149.65499877929688,13907,149.5
2026-05-05 15:30:00-04:00,149.57000732421875,149.625,149.5,149.5,15987,149.57000732421875
2026-05-05 15:35:00-04:00,149.52999877929688,149.57000732421875,149.41000366210938,149.57000732421875,15461,149.52999877929688
2026-05-05 15:40:00-04:00,149.47000122070312,149.5,149.42999267578125,149.5,19584,149.47000122070312
2026-05-05 15:45:00-04:00,149.44000244140625,149.57000732421875,149.42999267578125,149.4550018310547,21303,149.44000244140625
2026-05-05 15:50:00-04:00,149.0050048828125,149.42999267578125,148.97999572753906,149.42999267578125,46561,149.0050048828125
2026-05-05 15:55:00-04:00,148.7100067138672,149.02000427246094,148.4949951171875,149.00999450683594,153623,148.7100067138672
2026-05-06 09:30:00-04:00,150.59500122070312,151.9199981689453,150.05999755859375,150.5500030517578,65327,150.59500122070312
2026-05-06 09:35:00-04:00,151.17999267578125,151.6199951171875,150.8800048828125,151.0399932861328,15201,151.17999267578125
2026-05-06 09:40:00-04:00,151.28250122070312,151.39999389648438,150.92999267578125,151.2038116455078,8236,151.28250122070312
2026-05-06 09:45:00-04:00,150.7949981689453,151.1699981689453,150.63999938964844,150.88999938964844,12645,150.7949981689453
2026-05-06 09:50:00-04:00,150.72999572753906,150.77999877929688,150.60000610351562,150.6699981689453,15492,150.72999572753906
2026-05-06 09:55:00-04:00,150.72500610351562,150.8699951171875,150.5500030517578,150.83999633789062,13832,150.72500610351562
2026-05-06 10:00:00-04:00,151.19500732421875,151.19500732421875,150.73500061035156,150.74000549316406,13612,151.19500732421875
2026-05-06 10:05:00-04:00,150.58999633789062,151.19500732421875,150.58999633789062,151.19500732421875,11220,150.58999633789062
2026-05-06 10:10:00-04:00,150.27999877929688,150.4199981689453,150.15499877929688,150.4199981689453,4371,150.27999877929688
2026-05-06 10:15:00-04:00,150.58999633789062,150.7100067138672,150.16000366210938,150.24000549316406,11028,150.58999633789062
2026-05-06 10:20:00-04:00,150.25,150.55999755859375,150.19009399414062,150.55999755859375,6608,150.25
2026-05-06 10:25:00-04:00,150.11000061035156,150.55999755859375,150.11000061035156,150.3300018310547,8529,150.11000061035156
2026-05-06 10:30:00-04:00,150.36000061035156,150.4600067138672,150.0800018310547,150.27000427246094,14915,150.36000061035156
2026-05-06 10:35:00-04:00,150.52499389648438,150.8699951171875,150.38999938964844,150.42999267578125,60150,150.52499389648438
2026-05-06 10:40:00-04:00,150.97000122070312,150.97000122070312,150.50999450683594,150.50999450683594,17184,150.97000122070312
2026-05-06 10:45:00-04:00,150.9149932861328,151.0399932861328,150.8350067138672,150.92999267578125,16543,150.9149932861328
2026-05-06 10:50:00-04:00,151.27999877929688,151.27999877929688,150.8800048828125,150.88499450683594,25196,151.27999877929688
2026-05-06 10:55:00-04:00,151.60499572753906,151.60499572753906,151.19500732421875,151.26499938964844,16744,151.60499572753906
2026-05-06 11:00:00-04:00,151.5800018310547,151.64999389648438,151.52499389648438,151.60000610351562,9944,151.5800018310547
2026-05-06 11:05:00-04:00,151.52000427246094,151.66000366210938,151.5,151.64999389648438,7335,151.52000427246094
2026-05-06 11:10:00-04:00,151.60000610351562,151.77000427246094,151.4700927734375,151.51499938964844,37373,151.60000610351562
2026-05-06 11:15:00-04:00,151.6199951171875,151.63499450683594,151.47999572753906,151.52999877929688,10101,151.6199951171875
2026-05-06 11:20:00-04:00,151.38999938964844,151.69500732421875,151.38999938964844,151.69000244140625,7327,151.38999938964844
2026-05-06 11:25:00-04:00,151.21499633789062,151.4250030517578,151.21499633789062,151.35000610351562,6855,151.21499633789062
2026-05-06 11:30:00-04:00,151.25999450683594,151.32000732421875,151.125,151.2100067138672,7150,151.25999450683594
2026-05-06 11:35:00-04:00,151.14999389648438,151.27000427246094,151.07000732421875,151.22000122070312,5286,151.14999389648438
2026-05-06 11:40:00-04:00,150.86000061035156,151.15499877929688,150.75999450683594,151.15499877929688,8765,150.86000061035156
2026-05-06 11:45:00-04:00,150.94000244140625,151.07000732421875,150.80999755859375,150.91000366210938,6892,150.94000244140625
2026-05-06 11:50:00-04:00,151.11000061035156,151.16000366210938,150.8800048828125,150.91000366210938,19416,151.11000061035156
2026-05-06 11:55:00-04:00,150.8800048828125,151.1750030517578,150.8800048828125,151.13999938964844,5921,150.8800048828125
2026-05-06 12:00:00-04:00,150.94000244140625,150.97999572753906,150.80999755859375,150.97999572753906,5631,150.94000244140625
2026-05-06 12:05:00-04:00,150.89500427246094,150.97000122070312,150.77999877929688,150.97000122070312,6344,150.89500427246094
2026-05-06 12:10:00-04:00,150.92999267578125,150.99249267578125,150.80999755859375,150.89500427246094,7123,150.92999267578125
2026-05-06 12:15:00-04:00,151.11000061035156,151.11000061035156,150.99000549316406,151.0,11522,151.11000061035156
2026-05-06 12:20:00-04:00,150.78500366210938,151.0800018310547,150.78500366210938,151.0800018310547,9237,150.78500366210938
2026-05-06 12:25:00-04:00,150.75,150.92999267578125,150.63999938964844,150.9199981689453,8049,150.75
2026-05-06 12:30:00-04:00,150.9600067138672,151.0500030517578,150.80999755859375,150.8300018310547,7155,150.9600067138672
2026-05-06 12:35:00-04:00,150.7899932861328,150.8800048828125,150.66000366210938,150.8800048828125,5015,150.7899932861328
2026-05-06 12:40:00-04:00,150.65780639648438,150.78500366210938,150.63999938964844,150.78500366210938,4987,150.65780639648438
2026-05-06 12:45:00-04:00,150.66000366210938,150.7899932861328,150.66000366210938,150.6699981689453,4634,150.66000366210938
2026-05-06 12:50:00-04:00,150.42999267578125,150.66000366210938,150.42999267578125,150.6300048828125,4163,150.42999267578125
2026-05-06 12:55:00-04:00,150.60499572753906,150.60499572753906,150.38499450683594,150.44500732421875,8144,150.60499572753906
2026-05-06 13:00:00-04:00,150.6699981689453,150.6699981689453,150.41250610351562,150.55999755859375,4405,150.6699981689453
2026-05-06 13:05:00-04:00,150.77000427246094,150.77000427246094,150.58999633789062,150.72000122070312,10000,150.77000427246094
2026-05-06 13:10:00-04:00,150.66000366210938,150.9199981689453,150.66000366210938,150.82000732421875,7636,150.66000366210938
2026-05-06 13:15:00-04:00,150.74000549316406,150.86000061035156,150.6699981689453,150.71499633789062,8592,150.74000549316406
2026-05-06 13:20:00-04:00,150.7899932861328,150.7899932861328,150.72500610351562,150.77999877929688,2795,150.7899932861328
2026-05-06 13:25:00-04:00,150.7100067138672,150.72000122070312,150.61000061035156,150.72000122070312,5991,150.7100067138672
2026-05-06 13:30:00-04:00,150.56500244140625,150.74000549316406,150.56500244140625,150.72000122070312,4591,150.56500244140625
2026-05-06 13:35:00-04:00,150.66000366210938,150.73500061035156,150.52999877929688,150.58999633789062,21041,150.66000366210938
2026-05-06 13:40:00-04:00,150.74249267578125,150.74249267578125,150.5850067138672,150.66000366210938,6684,150.74249267578125
2026-05-06 13:45:00-04:00,150.72999572753906,150.8000030517578,150.68499755859375,150.72000122070312,7626,150.72999572753906
2026-05-06 13:50:00-04:00,150.74000549316406,150.88999938964844,150.72000122070312,150.77999877929688,10086,150.74000549316406
2026-05-06 13:55:00-04:00,150.8300018310547,150.8300018310547,150.67999267578125,150.7415008544922,5123,150.8300018310547
2026-05-06 14:00:00-04:00,150.89999389648438,150.9199981689453,150.74000549316406,150.83999633789062,10659,150.89999389648438
2026-05-06 14:05:00-04:00,150.89999389648438,150.9199981689453,150.85000610351562,150.90499877929688,6537,150.89999389648438
2026-05-06 14:10:00-04:00,151.00999450683594,151.01499938964844,150.875,150.90499877929688,22509,151.00999450683594
2026-05-06 14:15:00-04:00,151.11500549316406,151.1699981689453,150.9600067138672,151.0,10835,151.11500549316406
2026-05-06 14:20:00-04:00,151.13499450683594,151.1999969482422,151.0800018310547,151.0800018310547,9621,151.13499450683594
2026-05-06 14:25:00-04:00,150.98500061035156,151.1300048828125,150.94000244140625,151.1300048828125,10307,150.98500061035156
2026-05-06 14:30:00-04:00,150.9600067138672,151.00999450683594,150.90499877929688,150.97000122070312,5607,150.9600067138672
2026-05-06 14:35:00-04:00,150.94000244140625,151.00999450683594,150.85000610351562,150.99000549316406,7734,150.94000244140625
2026-05-06 14:40:00-04:00,151.15499877929688,151.17999267578125,150.88999938964844,150.97999572753906,36246,151.15499877929688
2026-05-06 14:45:00-04:00,151.07000732421875,151.17999267578125,151.03500366210938,151.1199951171875,33028,151.07000732421875
2026-05-06 14:50:00-04:00,151.06500244140625,151.1199951171875,151.02499389648438,151.05999755859375,12940,151.06500244140625
2026-05-06 14:55:00-04:00,151.14500427246094,151.16000366210938,151.0449981689453,151.07000732421875,13709,151.14500427246094
2026-05-06 15:00:00-04:00,151.5399932861328,151.5500030517578,151.14500427246094,151.14500427246094,15124,151.5399932861328
2026-05-06 15:05:00-04:00,151.86500549316406,151.97999572753906,151.50999450683594,151.56500244140625,27551,151.86500549316406
2026-05-06 15:10:00-04:00,152.0800018310547,152.1300048828125,151.8300018310547,151.86000061035156,29928,152.0800018310547
2026-05-06 15:15:00-04:00,152.0500030517578,152.27999877929688,151.90499877929688,152.1300048828125,53547,152.0500030517578
2026-05-06 15:20:00-04:00,152.22999572753906,152.3300018310547,151.85499572753906,152.0500030517578,144888,152.22999572753906
2026-05-06 15:25:00-04:00,152.1199951171875,152.3000030517578,152.10000610351562,152.2624969482422,0,152.1199951171875
2026-05-06 15:30:00-04:00,151.97000122070312,152.1699981689453,151.9499969482422,152.0800018310547,1157043,151.97000122070312
2026-05-06 15:35:00-04:00,152.0800018310547,152.35000610351562,151.97999572753906,151.97999572753906,39098,152.0800018310547
2026-05-06 15:40:00-04:00,152.0,152.22999572753906,152.0,152.05999755859375,44545,152.0
2026-05-06 15:45:00-04:00,151.47000122070312,152.17999267578125,151.39500427246094,151.97000122070312,68392,151.47000122070312
2026-05-06 15:50:00-04:00,151.26499938964844,151.55999755859375,151.24000549316406,151.4499969482422,93638,151.26499938964844
2026-05-06 15:55:00-04:00,151.1999969482422,151.4199981689453,151.13999938964844,151.2899932861328,187318,151.1999969482422
2026-05-07 09:30:00-04:00,151.63999938964844,152.14999389648438,150.82009887695312,151.2100067138672,205202,151.63999938964844
2026-05-07 09:35:00-04:00,150.84500122070312,151.63999938964844,150.77000427246094,151.63999938964844,11578,150.84500122070312
2026-05-07 09:40:00-04:00,150.38999938964844,150.86180114746094,149.97999572753906,150.86180114746094,30730,150.38999938964844
2026-05-07 09:45:00-04:00,149.89999389648438,150.86000061035156,149.8699951171875,150.4499969482422,35682,149.89999389648438
2026-05-07 09:50:00-04:00,149.87249755859375,150.27000427246094,149.74000549316406,149.94500732421875,26204,149.87249755859375
2026-05-07 09:55:00-04:00,149.63999938964844,150.1300048828125,149.30499267578125,149.7949981689453,33434,149.63999938964844
2026-05-07 10:00:00-04:00,149.50999450683594,149.72000122070312,149.42999267578125,149.6699981689453,61538,149.50999450683594
2026-05-07 10:05:00-04:00,149.44000244140625,149.72999572753906,149.2801055908203,149.56500244140625,32982,149.44000244140625
2026-05-07 10:10:00-04:00,149.36000061035156,149.61000061035156,149.1999969482422,149.61000061035156,33030,149.36000061035156
2026-05-07 10:15:00-04:00,149.3000030517578,149.4600067138672,149.08999633789062,149.24000549316406,41582,149.3000030517578
2026-05-07 10:20:00-04:00,149.0800018310547,149.36500549316406,148.94000244140625,149.36000061035156,29066,149.0800018310547
2026-05-07 10:25:00-04:00,148.5800018310547,149.19000244140625,148.5800018310547,149.0800018310547,26294,148.5800018310547
2026-05-07 10:30:00-04:00,148.92999267578125,149.1199951171875,148.72000122070312,148.72000122070312,20638,148.92999267578125
2026-05-07 10:35:00-04:00,149.30999755859375,149.30999755859375,148.88499450683594,148.88499450683594,31232,149.30999755859375
2026-05-07 10:40:00-04:00,149.19000244140625,149.5399932861328,149.14999389648438,149.25,31322,149.19000244140625
2026-05-07 10:45:00-04:00,149.28500366210938,149.36500549316406,149.19000244140625,149.27000427246094,20908,149.28500366210938
2026-05-07 10:50:00-04:00,149.1699981689453,149.42999267578125,149.10000610351562,149.36000061035156,43828,149.1699981689453
2026-05-07 10:55:00-04:00,149.72000122070312,149.8000030517578,149.0850067138672,149.10000610351562,35408,149.72000122070312
2026-05-07 11:00:00-04:00,149.7550048828125,149.88999938964844,149.6300048828125,149.75,22268,149.7550048828125
2026-05-07 11:05:00-04:00,150.10000610351562,150.4550018310547,149.85000610351562,149.86000061035156,43276,150.10000610351562
2026-05-07 11:10:00-04:00,149.8300018310547,150.17999267578125,149.8300018310547,150.17999267578125,23108,149.8300018310547
2026-05-07 11:15:00-04:00,149.88499450683594,150.07000732421875,149.72000122070312,149.9199981689453,23384,149.88499450683594
2026-05-07 11:20:00-04:00,149.72000122070312,149.99000549316406,149.67999267578125,149.88499450683594,17214,149.72000122070312
2026-05-07 11:25:00-04:00,149.60000610351562,149.77000427246094,149.42999267578125,149.6199951171875,18860,149.60000610351562
2026-05-07 11:30:00-04:00,149.72000122070312,149.74000549316406,149.47999572753906,149.57000732421875,17312,149.72000122070312
2026-05-07 11:35:00-04:00,149.47000122070312,149.6300048828125,149.44000244140625,149.625,16030,149.47000122070312
2026-05-07 11:40:00-04:00,149.47000122070312,149.5850067138672,149.45050048828125,149.46499633789062,13720,149.47000122070312
2026-05-07 11:45:00-04:00,149.24000549316406,149.533203125,149.24000549316406,149.49000549316406,26658,149.24000549316406
2026-05-07 11:50:00-04:00,149.49000549316406,149.5500030517578,149.2100067138672,149.2100067138672,26130,149.49000549316406
2026-05-07 11:55:00-04:00,149.5749969482422,149.6999969482422,149.3300018310547,149.42999267578125,28798,149.5749969482422
2026-05-07 12:00:00-04:00,149.6999969482422,149.6999969482422,149.3800048828125,149.60000610351562,121068,149.6999969482422
2026-05-07 12:05:00-04:00,149.63499450683594,149.72999572753906,149.47000122070312,149.6199951171875,23534,149.63499450683594
2026-05-07 12:10:00-04:00,149.55999755859375,149.63999938964844,149.52999877929688,149.6300048828125,16366,149.55999755859375
2026-05-07 12:15:00-04:00,149.11000061035156,149.55999755859375,149.11000061035156,149.55999755859375,16796,149.11000061035156
2026-05-07 12:20:00-04:00,149.1300048828125,149.27000427246094,149.06500244140625,149.23500061035156,55754,149.1300048828125
2026-05-07 12:25:00-04:00,149.61000061035156,149.61000061035156,149.17999267578125,149.26499938964844,28110,149.61000061035156
2026-05-07 12:30:00-04:00,149.66000366210938,149.69000244140625,149.5800018310547,149.61000061035156,19696,149.66000366210938
2026-05-07 12:35:00-04:00,149.44500732421875,149.7198944091797,149.44500732421875,149.6699981689453,26460,149.44500732421875
2026-05-07 12:40:00-04:00,149.3300018310547,149.4600067138672,149.22999572753906,149.44500732421875,21414,149.3300018310547
2026-05-07 12:45:00-04:00,149.24000549316406,149.2949981689453,149.2100067138672,149.2899932861328,14856,149.24000549316406
2026-05-07 12:50:00-04:00,149.26499938964844,149.3249969482422,149.10000610351562,149.2100067138672,43910,149.26499938964844
2026-05-07 12:55:00-04:00,149.1699981689453,149.50900268554688,149.14999389648438,149.50900268554688,23536,149.1699981689453
2026-05-07 13:00:00-04:00,149.25,149.27000427246094,149.05999755859375,149.25250244140625,22932,149.25
2026-05-07 13:05:00-04:00,149.25,149.25,148.9600067138672,149.1699981689453,35346,149.25
2026-05-07 13:10:00-04:00,149.2100067138672,149.2899932861328,149.02000427246094,149.24000549316406,26810,149.2100067138672
2026-05-07 13:15:00-04:00,149.30499267578125,149.4600067138672,149.16000366210938,149.25999450683594,19926,149.30499267578125
2026-05-07 13:20:00-04:00,149.49000549316406,149.5399932861328,149.27999877929688,149.28500366210938,18196,149.49000549316406
2026-05-07 13:25:00-04:00,148.91000366210938,149.3699951171875,148.74000549316406,149.36000061035156,70128,148.91000366210938
2026-05-07 13:30:00-04:00,148.9949951171875,148.9949951171875,148.67999267578125,148.88198852539062,27438,148.9949951171875
2026-05-07 13:35:00-04:00,148.60000610351562,149.0449981689453,148.60000610351562,148.92999267578125,31238,148.60000610351562
2026-05-07 13:40:00-04:00,148.55999755859375,148.7100067138672,148.55999755859375,148.64999389648438,31248,148.55999755859375
2026-05-07 13:45:00-04:00,148.75999450683594,148.7899932861328,148.57510375976562,148.57510375976562,23578,148.75999450683594
2026-05-07 13:50:00-04:00,148.4199981689453,148.76499938964844,148.27499389648438,148.6999969482422,26838,148.4199981689453
2026-05-07 13:55:00-04:00,148.63999938964844,148.6999969482422,148.3800048828125,148.3800048828125,24510,148.63999938964844
2026-05-07 14:00:00-04:00,148.52499389648438,148.64999389648438,148.39999389648438,148.6199951171875,26240,148.52499389648438
2026-05-07 14:05:00-04:00,149.00999450683594,149.08999633789062,148.5800018310547,148.5800018310547,19840,149.00999450683594
2026-05-07 14:10:00-04:00,149.05499267578125,149.06759643554688,148.88999938964844,149.06759643554688,20430,149.05499267578125
2026-05-07 14:15:00-04:00,149.13999938964844,149.14999389648438,149.05999755859375,149.05999755859375,13630,149.13999938964844
2026-05-07 14:20:00-04:00,148.9199981689453,149.14999389648438,148.9199981689453,149.14999389648438,16788,148.9199981689453
2026-05-07 14:25:00-04:00,148.96499633789062,148.97000122070312,148.77000427246094,148.9250030517578,24184,148.96499633789062
2026-05-07 14:30:00-04:00,148.97999572753906,149.22000122070312,148.97500610351562,148.99000549316406,27244,148.97999572753906
2026-05-07 14:35:00-04:00,149.11000061035156,149.15249633789062,149.02000427246094,149.14500427246094,30060,149.11000061035156
2026-05-07 14:40:00-04:00,148.8699951171875,149.16000366210938,148.8699951171875,149.10000610351562,22524,148.8699951171875
2026-05-07 14:45:00-04:00,148.9199981689453,149.0399932861328,148.75999450683594,148.8300018310547,18900,148.9199981689453
2026-05-07 14:50:00-04:00,149.1199951171875,149.1199951171875,148.93499755859375,148.94000244140625,22088,149.1199951171875
2026-05-07 14:55:00-04:00,149.14999389648438,149.22500610351562,149.0399932861328,149.10499572753906,29058,149.14999389648438
2026-05-07 15:00:00-04:00,149.24000549316406,149.3000030517578,149.0500030517578,149.15499877929688,36320,149.24000549316406
2026-05-07 15:05:00-04:00,149.2100067138672,149.3000030517578,149.19000244140625,149.24000549316406,23470,149.2100067138672
2026-05-07 15:10:00-04:00,149.25999450683594,149.44000244140625,149.22000122070312,149.22500610351562,41964,149.25999450683594
2026-05-07 15:15:00-04:00,149.1699981689453,149.32000732421875,149.11000061035156,149.2949981689453,32594,149.1699981689453
2026-05-07 15:20:00-04:00,148.88999938964844,149.1699981689453,148.88999938964844,149.14999389648438,27224,148.88999938964844
2026-05-07 15:25:00-04:00,149.0449981689453,149.07000732421875,148.8300018310547,148.8800048828125,61042,149.0449981689453
2026-05-07 15:30:00-04:00,149.0800018310547,149.1199951171875,148.92999267578125,149.0399932861328,43562,149.0800018310547
2026-05-07 15:35:00-04:00,148.91000366210938,149.14500427246094,148.91000366210938,149.06500244140625,45902,148.91000366210938
2026-05-07 15:40:00-04:00,148.8350067138672,149.0500030517578,148.78500366210938,149.02999877929688,60132,148.8350067138672
2026-05-07 15:45:00-04:00,148.92999267578125,149.0,148.7899932861328,148.8350067138672,105562,148.92999267578125
2026-05-07 15:50:00-04:00,148.63999938964844,148.9600067138672,148.58999633789062,148.9499969482422,76906,148.63999938964844
2026-05-07 15:55:00-04:00,148.7899932861328,148.82000732421875,148.38999938964844,148.57000732421875,282734,148.7899932861328
2026-05-08 09:30:00-04:00,149.24000549316406,150.27499389648438,149.0500030517578,149.60000610351562,13605,149.24000549316406
2026-05-08 09:35:00-04:00,149.18499755859375,149.3800048828125,148.72000122070312,149.375,9189,149.18499755859375
2026-05-08 09:40:00-04:00,148.85000610351562,149.3699951171875,148.85000610351562,149.22067260742188,5698,148.85000610351562
2026-05-08 09:45:00-04:00,148.85000610351562,149.22999572753906,148.77999877929688,149.0399932861328,5349,148.85000610351562
2026-05-08 09:50:00-04:00,148.97000122070312,149.25999450683594,148.97000122070312,149.0,4177,148.97000122070312
2026-05-08 09:55:00-04:00,149.1300048828125,149.27000427246094,148.7899932861328,148.9600067138672,7777,149.1300048828125
2026-05-08 10:00:00-04:00,149.39500427246094,149.52999877929688,149.0,149.05999755859375,6253,149.39500427246094
2026-05-08 10:05:00-04:00,149.33999633789062,149.8300018310547,149.33999633789062,149.4499969482422,29568,149.33999633789062
2026-05-08 10:10:00-04:00,149.23989868164062,149.4499969482422,149.0399932861328,149.30999755859375,4611,149.23989868164062
2026-05-08 10:15:00-04:00,149.4499969482422,149.4949951171875,149.1300048828125,149.1300048828125,8077,149.4499969482422
2026-05-08 10:20:00-04:00,149.27999877929688,149.52000427246094,149.22999572753906,149.4499969482422,6818,149.27999877929688
2026-05-08 10:25:00-04:00,149.32000732421875,149.4499969482422,149.13999938964844,149.39500427246094,4024,149.32000732421875
2026-05-08 10:30:00-04:00,149.1199951171875,149.2949981689453,149.08999633789062,149.2949981689453,4979,149.1199951171875
2026-05-08 10:35:00-04:00,149.80999755859375,149.80999755859375,149.24000549316406,149.24000549316406,5443,149.80999755859375
2026-05-08 10:40:00-04:00,149.63999938964844,149.83999633789062,149.51800537109375,149.6199951171875,38624,149.63999938964844
2026-05-08 10:45:00-04:00,149.75250244140625,149.7550048828125,149.44000244140625,149.6300048828125,17572,149.75250244140625
2026-05-08 10:50:00-04:00,149.86000061035156,149.89999389648438,149.66000366210938,149.75,29574,149.86000061035156
2026-05-08 10:55:00-04:00,150.05999755859375,150.11000061035156,149.91000366210938,149.91000366210938,6790,150.05999755859375
2026-05-08 11:00:00-04:00,149.97000122070312,150.11000061035156,149.89999389648438,150.05999755859375,15907,149.97000122070312
2026-05-08 11:05:00-04:00,150.05499267578125,150.05499267578125,149.80999755859375,149.83999633789062,23877,150.05499267578125
2026-05-08 11:10:00-04:00,150.00999450683594,150.1199951171875,149.9600067138672,150.0,22887,150.00999450683594
2026-05-08 11:15:00-04:00,149.9600067138672,150.02000427246094,149.92999267578125,150.02000427246094,11390,149.9600067138672
2026-05-08 11:20:00-04:00,150.07000732421875,150.07000732421875,149.9600067138672,149.9600067138672,4663,150.07000732421875
2026-05-08 11:25:00-04:00,149.8874969482422,149.98500061035156,149.7899932861328,149.97999572753906,68190,149.8874969482422
2026-05-08 11:30:00-04:00,149.77999877929688,149.8300018310547,149.7100067138672,149.75999450683594,8779,149.77999877929688
2026-05-08 11:35:00-04:00,149.5800018310547,149.88999938964844,149.5800018310547,149.8699951171875,7504,149.5800018310547
2026-05-08 11:40:00-04:00,149.7899932861328,149.8699951171875,149.7100067138672,149.80999755859375,9508,149.7899932861328
2026-05-08 11:45:00-04:00,149.7449951171875,149.88999938964844,149.610107421875,149.610107421875,4332,149.7449951171875
2026-05-08 11:50:00-04:00,149.74000549316406,149.86000061035156,149.72999572753906,149.80999755859375,4593,149.74000549316406
2026-05-08 11:55:00-04:00,149.88999938964844,149.90499877929688,149.77999877929688,149.77999877929688,4438,149.88999938964844
2026-05-08 12:00:00-04:00,150.0,150.0,149.91000366210938,149.94500732421875,5288,150.0
2026-05-08 12:05:00-04:00,149.82400512695312,150.1300048828125,149.7899932861328,150.08999633789062,8289,149.82400512695312
2026-05-08 12:10:00-04:00,149.55999755859375,149.74000549316406,149.5500030517578,149.74000549316406,10590,149.55999755859375
2026-05-08 12:15:00-04:00,149.625,149.6699981689453,149.55999755859375,149.55999755859375,3145,149.625
2026-05-08 12:20:00-04:00,149.6999969482422,149.7100067138672,149.625,149.625,4637,149.6999969482422
2026-05-08 12:25:00-04:00,149.69500732421875,149.77879333496094,149.61000061035156,149.6199951171875,5292,149.69500732421875
2026-05-08 12:30:00-04:00,149.89500427246094,149.89500427246094,149.6199951171875,149.7050018310547,3326,149.89500427246094
2026-05-08 12:35:00-04:00,149.96499633789062,150.04478454589844,149.86000061035156,149.86000061035156,8908,149.96499633789062
2026-05-08 12:40:00-04:00,149.52000427246094,149.96499633789062,149.52000427246094,149.96499633789062,5591,149.52000427246094
2026-05-08 12:45:00-04:00,149.51499938964844,149.57000732421875,149.4468994140625,149.46983337402344,3639,149.51499938964844
2026-05-08 12:50:00-04:00,149.49000549316406,149.5050048828125,149.49000549316406,149.5,2897,149.49000549316406
2026-05-08 12:55:00-04:00,149.24000549316406,149.3000030517578,149.1999969482422,149.24000549316406,3485,149.24000549316406
2026-05-08 13:00:00-04:00,149.24000549316406,149.25999450683594,149.1699981689453,149.22000122070312,4393,149.24000549316406
2026-05-08 13:05:00-04:00,149.22000122070312,149.41090393066406,149.22000122070312,149.25999450683594,4248,149.22000122070312
2026-05-08 13:10:00-04:00,149.1999969482422,149.25,149.17999267578125,149.25,2518,149.1999969482422
2026-05-08 13:15:00-04:00,149.22999572753906,149.22999572753906,149.02999877929688,149.13999938964844,15610,149.22999572753906
2026-05-08 13:20:00-04:00,149.27999877929688,149.27999877929688,149.22999572753906,149.22999572753906,2145,149.27999877929688
2026-05-08 13:25:00-04:00,149.61000061035156,149.61000061035156,149.3300018310547,149.33999633789062,3845,149.61000061035156
2026-05-08 13:30:00-04:00,149.67999267578125,149.69000244140625,149.37010192871094,149.37010192871094,6200,149.67999267578125
2026-05-08 13:35:00-04:00,149.56500244140625,149.72500610351562,149.5,149.67999267578125,6818,149.56500244140625
2026-05-08 13:40:00-04:00,149.60000610351562,149.65499877929688,149.55999755859375,149.55999755859375,2118,149.60000610351562
2026-05-08 13:45:00-04:00,149.4600067138672,149.69000244140625,149.4600067138672,149.69000244140625,3771,149.4600067138672
2026-05-08 13:50:00-04:00,149.36000061035156,149.49000549316406,149.36000061035156,149.4199981689453,4164,149.36000061035156
2026-05-08 13:55:00-04:00,149.2899932861328,149.4250030517578,149.19000244140625,149.4199981689453,7190,149.2899932861328
2026-05-08 14:00:00-04:00,149.32000732421875,149.5998992919922,149.32000732421875,149.35000610351562,5139,149.32000732421875
2026-05-08 14:05:00-04:00,149.43499755859375,149.47000122070312,149.3000030517578,149.4550018310547,6508,149.43499755859375
2026-05-08 14:10:00-04:00,149.60000610351562,149.6300048828125,149.5399932861328,149.5399932861328,3141,149.60000610351562
2026-05-08 14:15:00-04:00,149.72000122070312,149.72000122070312,149.5749969482422,149.67999267578125,7719,149.72000122070312
2026-05-08 14:20:00-04:00,149.64999389648438,149.72500610351562,149.64999389648438,149.72500610351562,4099,149.64999389648438
2026-05-08 14:25:00-04:00,149.9600067138672,149.9600067138672,149.75999450683594,149.75999450683594,5524,149.9600067138672
2026-05-08 14:30:00-04:00,149.64500427246094,150.0399932861328,149.6300048828125,149.9600067138672,8784,149.64500427246094
2026-05-08 14:35:00-04:00,149.66000366210938,149.66000366210938,149.58999633789062,149.59500122070312,3768,149.66000366210938
2026-05-08 14:40:00-04:00,149.44000244140625,149.625,149.42999267578125,149.60000610351562,5320,149.44000244140625
2026-05-08 14:45:00-04:00,149.25,149.4824981689453,149.25,149.42999267578125,3440,149.25
2026-05-08 14:50:00-04:00,149.11000061035156,149.25999450683594,149.11000061035156,149.25999450683594,5375,149.11000061035156
2026-05-08 14:55:00-04:00,149.10000610351562,149.10000610351562,149.0050048828125,149.0399932861328,5235,149.10000610351562
2026-05-08 15:00:00-04:00,149.27999877929688,149.27999877929688,149.10000610351562,149.17999267578125,7040,149.27999877929688
2026-05-08 15:05:00-04:00,149.1750030517578,149.22999572753906,149.1199951171875,149.2100067138672,10785,149.1750030517578
2026-05-08 15:10:00-04:00,149.10000610351562,149.25,149.10000610351562,149.25,7011,149.10000610351562
2026-05-08 15:15:00-04:00,149.47999572753906,149.53500366210938,149.11000061035156,149.16000366210938,11584,149.47999572753906
2026-05-08 15:20:00-04:00,149.6699981689453,149.72000122070312,149.42999267578125,149.52999877929688,21634,149.6699981689453
2026-05-08 15:25:00-04:00,149.60499572753906,149.7100067138672,149.5500030517578,149.7100067138672,10257,149.60499572753906
2026-05-08 15:30:00-04:00,149.58999633789062,149.69000244140625,149.5399932861328,149.57000732421875,12150,149.58999633789062
2026-05-08 15:35:00-04:00,149.74000549316406,149.7899932861328,149.5749969482422,149.5749969482422,11504,149.74000549316406
2026-05-08 15:40:00-04:00,149.85000610351562,149.92999267578125,149.6300048828125,149.6699981689453,12781,149.85000610351562
2026-05-08 15:45:00-04:00,149.6999969482422,150.16000366210938,149.6199951171875,149.80999755859375,26672,149.6999969482422
2026-05-08 15:50:00-04:00,149.5500030517578,149.7100067138672,149.4600067138672,149.4600067138672,52516,149.5500030517578
2026-05-08 15:55:00-04:00,149.4600067138672,149.55999755859375,149.3300018310547,149.49000549316406,162346,149.4600067138672
2026-05-11 09:30:00-04:00,149.7899932861328,150.43499755859375,149.5500030517578,150.00999450683594,44185,149.7899932861328
2026-05-11 09:35:00-04:00,149.13499450683594,150.0399932861328,149.07000732421875,149.7899932861328,8912,149.13499450683594
2026-05-11 09:40:00-04:00,149.4600067138672,149.74989318847656,149.05499267578125,149.18142700195312,6271,149.4600067138672
2026-05-11 09:45:00-04:00,150.1649932861328,150.16749572753906,149.47000122070312,149.47000122070312,6647,150.1649932861328
2026-05-11 09:50:00-04:00,150.59500122070312,150.61000061035156,150.14999389648438,150.27000427246094,12176,150.59500122070312
2026-05-11 09:55:00-04:00,151.05999755859375,151.13499450683594,150.52999877929688,150.64999389648438,8634,151.05999755859375
2026-05-11 10:00:00-04:00,150.7550048828125,151.06500244140625,150.63499450683594,151.05999755859375,14745,150.7550048828125
2026-05-11 10:05:00-04:00,150.55999755859375,150.7050018310547,150.33999633789062,150.69000244140625,13257,150.55999755859375
2026-05-11 10:10:00-04:00,150.22000122070312,150.5800018310547,150.1999969482422,150.5800018310547,9282,150.22000122070312
2026-05-11 10:15:00-04:00,150.41000366210938,150.5850067138672,150.2100067138672,150.2899932861328,5961,150.41000366210938
2026-05-11 10:20:00-04:00,150.4250030517578,150.60000610351562,150.1999969482422,150.5,6093,150.4250030517578
2026-05-11 10:25:00-04:00,150.91000366210938,150.91000366210938,150.52999877929688,150.52999877929688,6030,150.91000366210938
2026-05-11 10:30:00-04:00,150.38999938964844,150.8699951171875,150.38499450683594,150.8699951171875,4140,150.38999938964844
2026-05-11 10:35:00-04:00,150.47000122070312,150.75999450683594,150.41000366210938,150.41000366210938,11584,150.47000122070312
2026-05-11 10:40:00-04:00,150.6649932861328,150.96499633789062,150.5399932861328,150.5399932861328,6010,150.6649932861328
2026-05-11 10:45:00-04:00,150.2801055908203,150.6699981689453,150.2801055908203,150.6699981689453,4487,150.2801055908203
2026-05-11 10:50:00-04:00,150.30999755859375,150.59500122070312,150.30999755859375,150.35499572753906,13055,150.30999755859375
2026-05-11 10:55:00-04:00,150.49000549316406,150.49000549316406,150.24000549316406,150.3699951171875,8470,150.49000549316406
2026-05-11 11:00:00-04:00,150.58999633789062,150.61500549316406,150.4600067138672,150.52999877929688,5062,150.58999633789062
2026-05-11 11:05:00-04:00,150.06689453125,150.55999755859375,150.06689453125,150.55499267578125,8893,150.06689453125
2026-05-11 11:10:00-04:00,150.19000244140625,150.22000122070312,150.11000061035156,150.1999969482422,11255,150.19000244140625
2026-05-11 11:15:00-04:00,150.22000122070312,150.27999877929688,150.05999755859375,150.19000244140625,22149,150.22000122070312
2026-05-11 11:20:00-04:00,150.39999389648438,150.4199981689453,150.1999969482422,150.3300018310547,37860,150.39999389648438
2026-05-11 11:25:00-04:00,150.2899932861328,150.5050048828125,150.2899932861328,150.38499450683594,10175,150.2899932861328
2026-05-11 11:30:00-04:00,150.13999938964844,150.38999938964844,150.1199951171875,150.2899932861328,78024,150.13999938964844
2026-05-11 11:35:00-04:00,150.23500061035156,150.3699951171875,150.1199951171875,150.1199951171875,5317,150.23500061035156
2026-05-11 11:40:00-04:00,150.00999450683594,150.3350067138672,150.00999450683594,150.3350067138672,3447,150.00999450683594
2026-05-11 11:45:00-04:00,149.69000244140625,150.11500549316406,149.69000244140625,150.11500549316406,5382,149.69000244140625
2026-05-11 11:50:00-04:00,149.97000122070312,149.97000122070312,149.6999969482422,149.73500061035156,13602,149.97000122070312
2026-05-11 11:55:00-04:00,150.11000061035156,150.11500549316406,150.02999877929688,150.02999877929688,3257,150.11000061035156
2026-05-11 12:00:00-04:00,150.0,150.19000244140625,149.9499969482422,150.11000061035156,6037,150.0
2026-05-11 12:05:00-04:00,149.96499633789062,150.139892578125,149.86000061035156,150.02499389648438,15005,149.96499633789062
2026-05-11 12:10:00-04:00,149.9149932861328,150.0399932861328,149.875,149.96499633789062,3866,149.9149932861328
2026-05-11 12:15:00-04:00,150.00999450683594,150.0850067138672,150.00999450683594,150.00999450683594,4591,150.00999450683594
2026-05-11 12:20:00-04:00,150.25999450683594,150.25999450683594,149.97000122070312,150.0449981689453,15328,150.25999450683594
2026-05-11 12:25:00-04:00,150.1999969482422,150.38999938964844,150.1999969482422,150.3164825439453,5098,150.1999969482422
2026-05-11 12:30:00-04:00,150.2899932861328,150.2899932861328,149.97999572753906,150.22999572753906,6399,150.2899932861328
2026-05-11 12:35:00-04:00,150.47000122070312,150.52000427246094,150.27999877929688,150.2899932861328,31200,150.47000122070312
2026-05-11 12:40:00-04:00,150.19500732421875,150.46499633789062,149.9550018310547,150.46499633789062,8102,150.19500732421875
2026-05-11 12:45:00-04:00,150.1999969482422,150.32000732421875,150.19000244140625,150.2100067138672,4629,150.1999969482422
2026-05-11 12:50:00-04:00,149.97500610351562,150.33999633789062,149.91000366210938,150.1999969482422,6608,149.97500610351562
2026-05-11 12:55:00-04:00,150.1300048828125,150.17999267578125,149.97500610351562,149.97500610351562,4379,150.1300048828125
2026-05-11 13:00:00-04:00,150.27999877929688,150.27999877929688,150.1300048828125,150.1300048828125,8094,150.27999877929688
2026-05-11 13:05:00-04:00,150.35000610351562,150.37860107421875,150.27000427246094,150.27000427246094,5228,150.35000610351562
2026-05-11 13:10:00-04:00,150.4550018310547,150.49000549316406,150.3520965576172,150.3699951171875,14959,150.4550018310547
2026-05-11 13:15:00-04:00,150.32000732421875,150.4600067138672,150.32000732421875,150.4600067138672,5121,150.32000732421875
2026-05-11 13:20:00-04:00,150.55999755859375,150.58999633789062,150.32000732421875,150.32000732421875,16577,150.55999755859375
2026-05-11 13:25:00-04:00,150.72999572753906,150.73500061035156,150.59500122070312,150.59500122070312,5865,150.72999572753906
2026-05-11 13:30:00-04:00,150.60000610351562,150.73500061035156,150.60000610351562,150.6999969482422,4568,150.60000610351562
2026-05-11 13:35:00-04:00,150.57000732421875,150.7050018310547,150.57000732421875,150.60000610351562,6504,150.57000732421875
2026-05-11 13:40:00-04:00,150.4499969482422,150.55999755859375,150.42999267578125,150.52999877929688,5230,150.4499969482422
2026-05-11 13:45:00-04:00,150.3000030517578,150.47000122070312,150.3000030517578,150.47000122070312,4738,150.3000030517578
2026-05-11 13:50:00-04:00,150.30999755859375,150.33999633789062,150.30999755859375,150.33999633789062,4703,150.30999755859375
2026-05-11 13:55:00-04:00,150.47999572753906,150.47999572753906,150.3000030517578,150.30999755859375,5907,150.47999572753906
2026-05-11 14:00:00-04:00,150.47500610351562,150.5399932861328,150.45950317382812,150.47999572753906,4761,150.47500610351562
2026-05-11 14:05:00-04:00,150.4550018310547,150.51499938964844,150.4199981689453,150.4949951171875,5199,150.4550018310547
2026-05-11 14:10:00-04:00,150.4949951171875,150.4949951171875,150.39999389648438,150.46499633789062,6610,150.4949951171875
2026-05-11 14:15:00-04:00,150.50999450683594,150.55999755859375,150.41000366210938,150.55999755859375,5730,150.50999450683594
2026-05-11 14:20:00-04:00,150.52000427246094,150.55499267578125,150.4199981689453,150.4199981689453,6119,150.52000427246094
2026-05-11 14:25:00-04:00,150.6699981689453,150.6699981689453,150.5,150.52000427246094,14786,150.6699981689453
2026-05-11 14:30:00-04:00,150.88999938964844,150.88999938964844,150.6999969482422,150.6999969482422,5780,150.88999938964844
2026-05-11 14:35:00-04:00,150.72000122070312,150.92999267578125,150.72000122070312,150.77000427246094,11936,150.72000122070312
2026-05-11 14:40:00-04:00,150.7100067138672,150.74000549316406,150.63999938964844,150.74000549316406,6759,150.7100067138672
2026-05-11 14:45:00-04:00,150.6300048828125,150.80499267578125,150.6199951171875,150.72000122070312,7133,150.6300048828125
2026-05-11 14:50:00-04:00,150.6199951171875,150.73500061035156,150.60499572753906,150.6300048828125,13613,150.6199951171875
2026-05-11 14:55:00-04:00,150.4250030517578,150.63499450683594,150.3699951171875,150.63499450683594,10270,150.4250030517578
2026-05-11 15:00:00-04:00,150.55999755859375,150.66000366210938,150.42999267578125,150.42999267578125,9988,150.55999755859375
2026-05-11 15:05:00-04:00,150.46499633789062,150.6199951171875,150.41000366210938,150.55999755859375,12420,150.46499633789062
2026-05-11 15:10:00-04:00,150.27999877929688,150.50999450683594,150.23500061035156,150.46099853515625,13978,150.27999877929688
2026-05-11 15:15:00-04:00,150.37750244140625,150.38999938964844,150.2899932861328,150.3300018310547,12810,150.37750244140625
2026-05-11 15:20:00-04:00,150.63999938964844,150.63999938964844,150.3800048828125,150.3800048828125,17690,150.63999938964844
2026-05-11 15:25:00-04:00,150.80999755859375,150.8300018310547,150.58999633789062,150.65499877929688,30799,150.80999755859375
2026-05-11 15:30:00-04:00,150.60499572753906,150.86000061035156,150.60000610351562,150.8000030517578,35387,150.60499572753906
2026-05-11 15:35:00-04:00,150.5749969482422,150.7100067138672,150.48500061035156,150.60499572753906,38736,150.5749969482422
2026-05-11 15:40:00-04:00,150.36000061035156,150.56500244140625,150.27000427246094,150.56500244140625,41252,150.36000061035156
2026-05-11 15:45:00-04:00,150.28500366210938,150.4250030517578,150.28500366210938,150.38999938964844,30060,150.28500366210938
2026-05-11 15:50:00-04:00,150.2550048828125,150.33999633789062,150.14999389648438,150.27999877929688,53218,150.2550048828125
2026-05-11 15:55:00-04:00,150.16000366210938,150.58999633789062,150.0800018310547,150.27000427246094,181802,150.16000366210938
2026-05-12 09:30:00-04:00,149.11000061035156,149.9499969482422,149.0800018310547,149.50999450683594,55839,149.11000061035156
2026-05-12 09:35:00-04:00,148.88999938964844,149.4949951171875,148.8699951171875,149.10000610351562,6205,148.88999938964844
2026-05-12 09:40:00-04:00,147.9499969482422,148.83999633789062,147.9499969482422,148.83999633789062,6528,147.9499969482422
2026-05-12 09:45:00-04:00,147.98739624023438,148.27000427246094,147.8300018310547,148.11000061035156,14564,147.98739624023438
2026-05-12 09:50:00-04:00,148.55999755859375,148.69000244140625,147.8800048828125,147.9949951171875,8708,148.55999755859375
2026-05-12 09:55:00-04:00,148.56500244140625,148.64999389648438,148.35000610351562,148.57000732421875,8587,148.56500244140625
2026-05-12 10:00:00-04:00,148.9250030517578,149.0,148.25999450683594,148.56500244140625,19558,148.9250030517578
2026-05-12 10:05:00-04:00,149.18499755859375,149.3300018310547,148.92999267578125,148.92999267578125,7592,149.18499755859375
2026-05-12 10:10:00-04:00,149.13999938964844,149.47000122070312,149.0,149.22000122070312,11546,149.13999938964844
2026-05-12 10:15:00-04:00,148.8699951171875,149.2550048828125,148.80999755859375,149.25,12702,148.8699951171875
2026-05-12 10:20:00-04:00,149.0,149.04989624023438,148.8300018310547,148.97999572753906,5007,149.0
2026-05-12 10:25:00-04:00,149.03500366210938,149.1649932861328,148.89999389648438,149.0,19805,149.03500366210938
2026-05-12 10:30:00-04:00,148.52999877929688,148.89999389648438,148.38499450683594,148.89999389648438,9688,148.52999877929688
2026-05-12 10:35:00-04:00,148.7100067138672,148.75999450683594,148.51499938964844,148.5175018310547,6536,148.7100067138672
2026-05-12 10:40:00-04:00,149.14999389648438,149.16000366210938,148.7100067138672,148.7100067138672,12871,149.14999389648438
2026-05-12 10:45:00-04:00,148.8800048828125,149.07000732421875,148.7899932861328,149.07000732421875,10008,148.8800048828125
2026-05-12 10:50:00-04:00,148.75,148.91000366210938,148.66000366210938,148.82000732421875,8008,148.75
2026-05-12 10:55:00-04:00,149.1199951171875,149.19000244140625,148.75,148.75100708007812,17727,149.1199951171875
2026-05-12 11:00:00-04:00,149.14999389648438,149.14999389648438,148.92999267578125,149.10000610351562,7858,149.14999389648438
2026-05-12 11:05:00-04:00,149.10000610351562,149.16000366210938,148.99000549316406,149.00999450683594,10101,149.10000610351562
2026-05-12 11:10:00-04:00,148.90150451660156,149.05999755859375,148.86000061035156,149.05999755859375,10153,148.90150451660156
2026-05-12 11:15:00-04:00,148.9199981689453,148.99000549316406,148.9149932861328,148.9149932861328,8537,148.9199981689453
2026-05-12 11:20:00-04:00,148.89999389648438,149.17990112304688,148.89999389648438,148.91000366210938,14559,148.89999389648438
2026-05-12 11:25:00-04:00,149.02999877929688,149.08999633789062,148.875,148.88999938964844,11045,149.02999877929688
2026-05-12 11:30:00-04:00,149.27999877929688,149.28500366210938,148.97999572753906,149.0800018310547,18284,149.27999877929688
2026-05-12 11:35:00-04:00,149.34249877929688,149.35000610351562,149.1649932861328,149.27999877929688,6685,149.34249877929688
2026-05-12 11:40:00-04:00,149.35000610351562,149.41000366210938,149.25,149.30999755859375,12463,149.35000610351562
2026-05-12 11:45:00-04:00,149.47000122070312,149.5,149.38999938964844,149.4199981689453,14009,149.47000122070312
2026-05-12 11:50:00-04:00,149.77000427246094,149.82000732421875,149.47000122070312,149.47000122070312,14439,149.77000427246094
2026-05-12 11:55:00-04:00,149.71499633789062,149.77499389648438,149.71499633789062,149.77000427246094,7476,149.71499633789062
2026-05-12 12:00:00-04:00,149.8300018310547,149.8699951171875,149.58099365234375,149.71499633789062,12063,149.8300018310547
2026-05-12 12:05:00-04:00,149.6699981689453,149.85000610351562,149.66000366210938,149.80499267578125,6165,149.6699981689453
2026-05-12 12:10:00-04:00,149.56500244140625,149.73500061035156,149.47500610351562,149.7100067138672,6465,149.56500244140625
2026-05-12 12:15:00-04:00,149.75,149.80999755859375,149.56500244140625,149.56500244140625,9177,149.75
2026-05-12 12:20:00-04:00,149.67999267578125,149.75999450683594,149.67999267578125,149.7050018310547,3263,149.67999267578125
2026-05-12 12:25:00-04:00,149.4949951171875,149.67999267578125,149.43499755859375,149.67999267578125,6146,149.4949951171875
2026-05-12 12:30:00-04:00,149.64999389648438,149.6699981689453,149.53500366210938,149.53500366210938,7842,149.64999389648438
2026-05-12 12:35:00-04:00,149.77499389648438,149.78500366210938,149.66000366210938,149.6999969482422,8927,149.77499389648438
2026-05-12 12:40:00-04:00,149.67999267578125,149.77999877929688,149.67999267578125,149.77000427246094,5499,149.67999267578125
2026-05-12 12:45:00-04:00,149.67999267578125,149.75999450683594,149.66000366210938,149.72999572753906,4668,149.67999267578125
2026-05-12 12:50:00-04:00,149.77000427246094,149.80999755859375,149.67999267578125,149.67999267578125,6539,149.77000427246094
2026-05-12 12:55:00-04:00,150.17999267578125,150.1999969482422,149.6999969482422,149.6999969482422,7923,150.17999267578125
2026-05-12 13:00:00-04:00,150.1999969482422,150.27999877929688,150.10000610351562,150.10000610351562,5186,150.1999969482422
2026-05-12 13:05:00-04:00,150.0749969482422,150.18499755859375,150.0749969482422,150.1300048828125,8136,150.0749969482422
2026-05-12 13:10:00-04:00,150.25999450683594,150.25999450683594,150.02000427246094,150.02000427246094,10174,150.25999450683594
2026-05-12 13:15:00-04:00,150.46009826660156,150.50999450683594,150.25,150.25999450683594,10001,150.46009826660156
2026-05-12 13:20:00-04:00,150.3300018310547,150.49000549316406,150.25,150.4600067138672,12032,150.3300018310547
2026-05-12 13:25:00-04:00,150.43499755859375,150.5449981689453,150.24000549316406,150.3300018310547,6869,150.43499755859375
2026-05-12 13:30:00-04:00,150.4149932861328,150.52000427246094,150.32000732421875,150.3800048828125,9933,150.4149932861328
2026-05-12 13:35:00-04:00,150.36000061035156,150.41000366210938,150.22999572753906,150.41000366210938,9147,150.36000061035156
2026-05-12 13:40:00-04:00,150.24000549316406,150.40499877929688,150.22000122070312,150.40499877929688,4704,150.24000549316406
2026-05-12 13:45:00-04:00,150.27000427246094,150.30999755859375,150.1999969482422,150.27999877929688,8302,150.27000427246094
2026-05-12 13:50:00-04:00,150.36000061035156,150.36000061035156,150.25,150.25,11158,150.36000061035156
2026-05-12 13:55:00-04:00,150.3000030517578,150.36000061035156,150.25,150.36000061035156,6499,150.3000030517578
2026-05-12 14:00:00-04:00,150.22000122070312,150.27000427246094,150.0399932861328,150.25999450683594,14089,150.22000122070312
2026-05-12 14:05:00-04:00,150.48500061035156,150.48500061035156,150.17999267578125,150.22999572753906,7165,150.48500061035156
2026-05-12 14:10:00-04:00,150.47000122070312,150.47500610351562,150.36000061035156,150.47500610351562,3896,150.47000122070312
2026-05-12 14:15:00-04:00,150.5821075439453,150.73500061035156,150.47999572753906,150.47999572753906,8409,150.5821075439453
2026-05-12 14:20:00-04:00,150.85000610351562,150.8699951171875,150.68499755859375,150.68499755859375,8216,150.85000610351562
2026-05-12 14:25:00-04:00,150.8699951171875,150.97000122070312,150.8249969482422,150.88999938964844,10772,150.8699951171875
2026-05-12 14:30:00-04:00,150.85499572753906,150.9149932861328,150.74000549316406,150.86000061035156,6128,150.85499572753906
2026-05-12 14:35:00-04:00,150.74000549316406,150.85000610351562,150.69000244140625,150.85000610351562,14102,150.74000549316406
2026-05-12 14:40:00-04:00,150.8300018310547,150.9199981689453,150.7899932861328,150.7899932861328,21307,150.8300018310547
2026-05-12 14:45:00-04:00,150.63499450683594,150.83999633789062,150.63499450683594,150.83999633789062,6140,150.63499450683594
2026-05-12 14:50:00-04:00,150.625,150.76499938964844,150.5800018310547,150.63999938964844,11415,150.625
2026-05-12 14:55:00-04:00,150.6750030517578,150.6750030517578,150.52999877929688,150.59500122070312,8001,150.6750030517578
2026-05-12 15:00:00-04:00,150.77000427246094,150.77000427246094,150.6699981689453,150.6699981689453,8582,150.77000427246094
2026-05-12 15:05:00-04:00,150.72999572753906,150.77999877929688,150.61000061035156,150.75,14422,150.72999572753906
2026-05-12 15:10:00-04:00,150.72999572753906,150.77499389648438,150.60169982910156,150.77499389648438,13201,150.72999572753906
2026-05-12 15:15:00-04:00,150.57000732421875,150.7100067138672,150.57000732421875,150.7100067138672,11876,150.57000732421875
2026-05-12 15:20:00-04:00,150.4600067138672,150.57000732421875,150.36000061035156,150.57000732421875,18669,150.4600067138672
2026-05-12 15:25:00-04:00,150.53500366210938,150.55999755859375,150.4499969482422,150.4499969482422,12285,150.53500366210938
2026-05-12 15:30:00-04:00,150.66000366210938,150.69000244140625,150.49000549316406,150.50999450683594,18813,150.66000366210938
2026-05-12 15:35:00-04:00,150.38999938964844,150.64999389648438,150.38999938964844,150.64999389648438,9421,150.38999938964844
2026-05-12 15:40:00-04:00,150.52999877929688,150.55499267578125,150.33999633789062,150.3800048828125,10534,150.52999877929688
2026-05-12 15:45:00-04:00,150.7550048828125,150.7550048828125,150.47000122070312,150.52999877929688,26275,150.7550048828125
2026-05-12 15:50:00-04:00,150.6199951171875,150.7899932861328,150.52499389648438,150.7899932861328,34050,150.6199951171875
2026-05-12 15:55:00-04:00,150.4499969482422,150.80999755859375,150.42999267578125,150.6699981689453,159585,150.4499969482422
2026-05-13 09:30:00-04:00,149.7050018310547,150.47999572753906,149.7050018310547,150.47999572753906,30326,149.7050018310547
2026-05-13 09:35:00-04:00,150.14999389648438,150.34500122070312,149.44000244140625,149.44000244140625,40006,150.14999389648438
2026-05-13 09:40:00-04:00,150.0449981689453,150.25,149.6699981689453,150.14999389648438,16400,150.0449981689453
2026-05-13 09:45:00-04:00,150.97000122070312,151.17999267578125,150.06500244140625,150.06500244140625,17690,150.97000122070312
2026-05-13 09:50:00-04:00,150.0399932861328,151.22000122070312,150.0399932861328,150.97000122070312,75622,150.0399932861328
2026-05-13 09:55:00-04:00,150.4199981689453,150.75999450683594,150.22000122070312,150.22000122070312,24498,150.4199981689453
2026-05-13 10:00:00-04:00,150.77000427246094,150.83999633789062,150.3300018310547,150.61500549316406,114916,150.77000427246094
2026-05-13 10:05:00-04:00,150.8300018310547,150.99000549316406,150.63999938964844,150.64500427246094,67754,150.8300018310547
2026-05-13 10:10:00-04:00,150.92750549316406,151.07000732421875,150.710693359375,150.9600067138672,57758,150.92750549316406
2026-05-13 10:15:00-04:00,150.76499938964844,151.0399932861328,150.6300048828125,150.92999267578125,41486,150.76499938964844
2026-05-13 10:20:00-04:00,151.02999877929688,151.03500366210938,150.5800018310547,150.75,50954,151.02999877929688
2026-05-13 10:25:00-04:00,151.55999755859375,151.61500549316406,150.83999633789062,150.99000549316406,53218,151.55999755859375
2026-05-13 10:30:00-04:00,151.30999755859375,151.75,151.30999755859375,151.55999755859375,30166,151.30999755859375
2026-05-13 10:35:00-04:00,151.2550048828125,151.31500244140625,151.07000732421875,151.07000732421875,56122,151.2550048828125
2026-05-13 10:40:00-04:00,151.0,151.36000061035156,151.0,151.2624969482422,73374,151.0
2026-05-13 10:45:00-04:00,150.9499969482422,151.16000366210938,150.7949981689453,150.99000549316406,20062,150.9499969482422
2026-05-13 10:50:00-04:00,150.93499755859375,151.02499389648438,150.77000427246094,150.85499572753906,26054,150.93499755859375
2026-05-13 10:55:00-04:00,150.49000549316406,150.86000061035156,150.4550018310547,150.86000061035156,50214,150.49000549316406
2026-05-13 11:00:00-04:00,150.55499267578125,150.63999938964844,150.4600067138672,150.49000549316406,70746,150.55499267578125
2026-05-13 11:05:00-04:00,150.56500244140625,150.6699981689453,150.44000244140625,150.55499267578125,47148,150.56500244140625
2026-05-13 11:10:00-04:00,150.49000549316406,150.56500244140625,150.3699951171875,150.56500244140625,77110,150.49000549316406
2026-05-13 11:15:00-04:00,150.35499572753906,150.42999267578125,150.24000549316406,150.33999633789062,111882,150.35499572753906
2026-05-13 11:20:00-04:00,150.52999877929688,150.54750061035156,150.2100067138672,150.3350067138672,85210,150.52999877929688
2026-05-13 11:25:00-04:00,150.47999572753906,150.52999877929688,150.43499755859375,150.52999877929688,27180,150.47999572753906
2026-05-13 11:30:00-04:00,150.57000732421875,150.6649932861328,150.52999877929688,150.52999877929688,46248,150.57000732421875
2026-05-13 11:35:00-04:00,150.97999572753906,150.98500061035156,150.52999877929688,150.625,104268,150.97999572753906
2026-05-13 11:40:00-04:00,150.71499633789062,150.9499969482422,150.71499633789062,150.86000061035156,14566,150.71499633789062
2026-05-13 11:45:00-04:00,150.5,150.7899932861328,150.47999572753906,150.63999938964844,86756,150.5
2026-05-13 11:50:00-04:00,150.6699981689453,150.72999572753906,150.50999450683594,150.5500030517578,22528,150.6699981689453
2026-05-13 11:55:00-04:00,150.77999877929688,150.92999267578125,150.64500427246094,150.71499633789062,38318,150.77999877929688
2026-05-13 12:00:00-04:00,150.5,150.77999877929688,150.47000122070312,150.77999877929688,17414,150.5
2026-05-13 12:05:00-04:00,150.57000732421875,150.66000366210938,150.5,150.55999755859375,54784,150.57000732421875
2026-05-13 12:10:00-04:00,150.5,150.5800018310547,150.4600067138672,150.4600067138672,8006,150.5
2026-05-13 12:15:00-04:00,150.8300018310547,150.92999267578125,150.5,150.52000427246094,94982,150.8300018310547
2026-05-13 12:20:00-04:00,151.0500030517578,151.07000732421875,150.8300018310547,150.92999267578125,59808,151.0500030517578
2026-05-13 12:25:00-04:00,150.9600067138672,150.99000549316406,150.9250030517578,150.99000549316406,8438,150.9600067138672
2026-05-13 12:30:00-04:00,150.85000610351562,150.9600067138672,150.74000549316406,150.9600067138672,14046,150.85000610351562
2026-05-13 12:35:00-04:00,150.64500427246094,150.72999572753906,150.57000732421875,150.6649932861328,43642,150.64500427246094
2026-05-13 12:40:00-04:00,150.6300048828125,150.77000427246094,150.6300048828125,150.6300048828125,15044,150.6300048828125
2026-05-13 12:45:00-04:00,150.68499755859375,150.73500061035156,150.66000366210938,150.72000122070312,8868,150.68499755859375
2026-05-13 12:50:00-04:00,150.9199981689453,150.93499755859375,150.6649932861328,150.6699981689453,19306,150.9199981689453
2026-05-13 12:55:00-04:00,150.93499755859375,151.0399932861328,150.82009887695312,150.92999267578125,10232,150.93499755859375
2026-05-13 13:00:00-04:00,150.8300018310547,151.0399932861328,150.77999877929688,151.0399932861328,10556,150.8300018310547
2026-05-13 13:05:00-04:00,151.22500610351562,151.23500061035156,150.86500549316406,150.86500549316406,23276,151.22500610351562
2026-05-13 13:10:00-04:00,151.25999450683594,151.41749572753906,151.1999969482422,151.1999969482422,33624,151.25999450683594
2026-05-13 13:15:00-04:00,151.1199951171875,151.33999633789062,151.1199951171875,151.32000732421875,9916,151.1199951171875
2026-05-13 13:20:00-04:00,151.13999938964844,151.27000427246094,151.0449981689453,151.1199951171875,15404,151.13999938964844
2026-05-13 13:25:00-04:00,151.32000732421875,151.3800048828125,151.1300048828125,151.1300048828125,24800,151.32000732421875
2026-05-13 13:30:00-04:00,151.35000610351562,151.4199981689453,151.2899932861328,151.3800048828125,16390,151.35000610351562
2026-05-13 13:35:00-04:00,151.57000732421875,151.61000061035156,151.2949981689453,151.2949981689453,38302,151.57000732421875
2026-05-13 13:40:00-04:00,151.55999755859375,151.6199951171875,151.52000427246094,151.6199951171875,10432,151.55999755859375
2026-05-13 13:45:00-04:00,151.6999969482422,151.72999572753906,151.5500030517578,151.57000732421875,11586,151.6999969482422
2026-05-13 13:50:00-04:00,151.88499450683594,151.91000366210938,151.82000732421875,151.82000732421875,14628,151.88499450683594
2026-05-13 13:55:00-04:00,152.0500030517578,152.16000366210938,151.85000610351562,151.85499572753906,28946,152.0500030517578
2026-05-13 14:00:00-04:00,152.27999877929688,152.3350067138672,152.07000732421875,152.0800018310547,27546,152.27999877929688
2026-05-13 14:05:00-04:00,152.22000122070312,152.36000061035156,152.1999969482422,152.27999877929688,35582,152.22000122070312
2026-05-13 14:10:00-04:00,151.8699951171875,152.2050018310547,151.63999938964844,152.1999969482422,30876,151.8699951171875
2026-05-13 14:15:00-04:00,151.93499755859375,152.05999755859375,151.80999755859375,151.94000244140625,33222,151.93499755859375
2026-05-13 14:20:00-04:00,151.9250030517578,151.93499755859375,151.88999938964844,151.93499755859375,11636,151.9250030517578
2026-05-13 14:25:00-04:00,151.80999755859375,152.0500030517578,151.80999755859375,151.9250030517578,23454,151.80999755859375
2026-05-13 14:30:00-04:00,151.63999938964844,151.80999755859375,151.63999938964844,151.80999755859375,24790,151.63999938964844
2026-05-13 14:35:00-04:00,151.80999755859375,151.88499450683594,151.6300048828125,151.68499755859375,99834,151.80999755859375
2026-05-13 14:40:00-04:00,151.48500061035156,151.80999755859375,151.32000732421875,151.80999755859375,48444,151.48500061035156
2026-05-13 14:45:00-04:00,151.50999450683594,151.5500030517578,151.35000610351562,151.3699951171875,21880,151.50999450683594
2026-05-13 14:50:00-04:00,151.53500366210938,151.6199951171875,151.36000061035156,151.44500732421875,42980,151.53500366210938
2026-05-13 14:55:00-04:00,151.4600067138672,151.52499389648438,151.3101043701172,151.52499389648438,30592,151.4600067138672
2026-05-13 15:00:00-04:00,151.6699981689453,151.6999969482422,151.41000366210938,151.41000366210938,42298,151.6699981689453
2026-05-13 15:05:00-04:00,151.2899932861328,151.61000061035156,151.24000549316406,151.61000061035156,36316,151.2899932861328
2026-05-13 15:10:00-04:00,151.3800048828125,151.41000366210938,151.2949981689453,151.2949981689453,27020,151.3800048828125
2026-05-13 15:15:00-04:00,151.39999389648438,151.46499633789062,151.2899932861328,151.39500427246094,44762,151.39999389648438
2026-05-13 15:20:00-04:00,151.55999755859375,151.6199951171875,151.3000030517578,151.4199981689453,47218,151.55999755859375
2026-05-13 15:25:00-04:00,151.38999938964844,151.56500244140625,151.3699951171875,151.55999755859375,38140,151.38999938964844
2026-05-13 15:30:00-04:00,151.4199981689453,151.55999755859375,151.36000061035156,151.42999267578125,50494,151.4199981689453
2026-05-13 15:35:00-04:00,151.41000366210938,151.4600067138672,151.38999938964844,151.41000366210938,42182,151.41000366210938
2026-05-13 15:40:00-04:00,151.4499969482422,151.4600067138672,151.27000427246094,151.3699951171875,56996,151.4499969482422
2026-05-13 15:45:00-04:00,151.32000732421875,151.63999938964844,151.19000244140625,151.38999938964844,78932,151.32000732421875
2026-05-13 15:50:00-04:00,151.60000610351562,151.6300048828125,151.25,151.31500244140625,86962,151.60000610351562
2026-05-13 15:55:00-04:00,151.5800018310547,151.72999572753906,151.47999572753906,151.6300048828125,308032,151.5800018310547
2026-05-14 09:30:00-04:00,153.1199951171875,153.47999572753906,153.0,153.0,53480,153.1199951171875
2026-05-14 09:35:00-04:00,153.66000366210938,153.66000366210938,152.42999267578125,153.0,78772,153.66000366210938
2026-05-14 09:40:00-04:00,153.1199951171875,153.75990295410156,153.1199951171875,153.59226989746094,10648,153.1199951171875
2026-05-14 09:45:00-04:00,152.79010009765625,152.79010009765625,152.32000732421875,152.3699951171875,11350,152.79010009765625
2026-05-14 09:50:00-04:00,152.62750244140625,152.8800048828125,152.41000366210938,152.8800048828125,24136,152.62750244140625
2026-05-14 09:55:00-04:00,153.24000549316406,153.33999633789062,152.625,152.625,22406,153.24000549316406
2026-05-14 10:00:00-04:00,152.52000427246094,153.2949981689453,152.52000427246094,153.2949981689453,20806,152.52000427246094
2026-05-14 10:05:00-04:00,152.36000061035156,152.91000366210938,152.36000061035156,152.65499877929688,9982,152.36000061035156
2026-05-14 10:10:00-04:00,152.22000122070312,152.75,152.19000244140625,152.5500030517578,20522,152.22000122070312
2026-05-14 10:15:00-04:00,152.41000366210938,152.47000122070312,152.07000732421875,152.44000244140625,16100,152.41000366210938
2026-05-14 10:20:00-04:00,152.11000061035156,152.33999633789062,152.0399932861328,152.33999633789062,14118,152.11000061035156
2026-05-14 10:25:00-04:00,152.1374969482422,152.13999938964844,151.83999633789062,152.11000061035156,15698,152.1374969482422
2026-05-14 10:30:00-04:00,152.22500610351562,152.39999389648438,151.9600067138672,152.24000549316406,17480,152.22500610351562
2026-05-14 10:35:00-04:00,152.24000549316406,152.30999755859375,152.1999969482422,152.2550048828125,9320,152.24000549316406
2026-05-14 10:40:00-04:00,152.49000549316406,152.52499389648438,152.24000549316406,152.24000549316406,12310,152.49000549316406
2026-05-14 10:45:00-04:00,152.8800048828125,152.8800048828125,152.4949951171875,152.4949951171875,13200,152.8800048828125
2026-05-14 10:50:00-04:00,152.8800048828125,153.02000427246094,152.80999755859375,152.9199981689453,19228,152.8800048828125
2026-05-14 10:55:00-04:00,153.22000122070312,153.26499938964844,152.88499450683594,152.88499450683594,13332,153.22000122070312
2026-05-14 11:00:00-04:00,153.48500061035156,153.49000549316406,153.22000122070312,153.22000122070312,15670,153.48500061035156
2026-05-14 11:05:00-04:00,153.26499938964844,153.50999450683594,153.2624969482422,153.47999572753906,12372,153.26499938964844
2026-05-14 11:10:00-04:00,153.2949981689453,153.35499572753906,153.22999572753906,153.26499938964844,10850,153.2949981689453
2026-05-14 11:15:00-04:00,153.24000549316406,153.38999938964844,153.21009826660156,153.28500366210938,11798,153.24000549316406
2026-05-14 11:20:00-04:00,153.32000732421875,153.38499450683594,153.27000427246094,153.27000427246094,10050,153.32000732421875
2026-05-14 11:25:00-04:00,153.30999755859375,153.39999389648438,153.30999755859375,153.3300018310547,9858,153.30999755859375
2026-05-14 11:30:00-04:00,153.3300018310547,153.38980102539062,153.27999877929688,153.2899932861328,9838,153.3300018310547
2026-05-14 11:35:00-04:00,152.96499633789062,153.34500122070312,152.92010498046875,153.34500122070312,16144,152.96499633789062
2026-05-14 11:40:00-04:00,152.97000122070312,153.00999450683594,152.9199981689453,152.9600067138672,8262,152.97000122070312
2026-05-14 11:45:00-04:00,153.22999572753906,153.26499938964844,152.97999572753906,152.97999572753906,60696,153.22999572753906
2026-05-14 11:50:00-04:00,152.9550018310547,153.2550048828125,152.9550018310547,153.2550048828125,15534,152.9550018310547
2026-05-14 11:55:00-04:00,152.99000549316406,153.10000610351562,152.9550018310547,152.9550018310547,28864,152.99000549316406
2026-05-14 12:00:00-04:00,152.97000122070312,153.08990478515625,152.88999938964844,153.02499389648438,17410,152.97000122070312
2026-05-14 12:05:00-04:00,152.82000732421875,153.04989624023438,152.82000732421875,153.03500366210938,17268,152.82000732421875
2026-05-14 12:10:00-04:00,152.8800048828125,152.94000244140625,152.77999877929688,152.8300018310547,13792,152.8800048828125
2026-05-14 12:15:00-04:00,153.19000244140625,153.19000244140625,152.9949951171875,153.00999450683594,66926,153.19000244140625
2026-05-14 12:20:00-04:00,152.9425048828125,153.1999969482422,152.93499755859375,153.18499755859375,11918,152.9425048828125
2026-05-14 12:25:00-04:00,152.80499267578125,152.96499633789062,152.80499267578125,152.96499633789062,3636,152.80499267578125
2026-05-14 12:30:00-04:00,152.7050018310547,152.8800048828125,152.6699981689453,152.83999633789062,13018,152.7050018310547
2026-05-14 12:35:00-04:00,152.8000030517578,152.9499969482422,152.6199951171875,152.6199951171875,13358,152.8000030517578
2026-05-14 12:40:00-04:00,152.5399932861328,152.72000122070312,152.5399932861328,152.72000122070312,8092,152.5399932861328
2026-05-14 12:45:00-04:00,152.55999755859375,152.58999633789062,152.50999450683594,152.53500366210938,8590,152.55999755859375
2026-05-14 12:50:00-04:00,152.2550048828125,152.58999633789062,152.24000549316406,152.58999633789062,12124,152.2550048828125
2026-05-14 12:55:00-04:00,151.94500732421875,152.16000366210938,151.89999389648438,152.16000366210938,10172,151.94500732421875
2026-05-14 13:00:00-04:00,151.97999572753906,152.17999267578125,151.94000244140625,151.94500732421875,13670,151.97999572753906
2026-05-14 13:05:00-04:00,152.0050048828125,152.05999755859375,151.8699951171875,152.0399932861328,14824,152.0050048828125
2026-05-14 13:10:00-04:00,151.9499969482422,152.02499389648438,151.8800048828125,151.8800048828125,11552,151.9499969482422
2026-05-14 13:15:00-04:00,151.72999572753906,151.9949951171875,151.69000244140625,151.97999572753906,18264,151.72999572753906
2026-05-14 13:20:00-04:00,151.81500244140625,151.81500244140625,151.6199951171875,151.64999389648438,12166,151.81500244140625
2026-05-14 13:25:00-04:00,151.71499633789062,151.89999389648438,151.7100067138672,151.89500427246094,6794,151.71499633789062
2026-05-14 13:30:00-04:00,151.78500366210938,151.8000030517578,151.6999969482422,151.71499633789062,8610,151.78500366210938
2026-05-14 13:35:00-04:00,151.99000549316406,151.99000549316406,151.77499389648438,151.77499389648438,14246,151.99000549316406
2026-05-14 13:40:00-04:00,151.99000549316406,152.0500030517578,151.92999267578125,151.93499755859375,14558,151.99000549316406
2026-05-14 13:45:00-04:00,152.0800018310547,152.2100067138672,152.0800018310547,152.16000366210938,12024,152.0800018310547
2026-05-14 13:50:00-04:00,151.9600067138672,152.13999938964844,151.9499969482422,152.0800018310547,13764,151.9600067138672
2026-05-14 13:55:00-04:00,152.0399932861328,152.11000061035156,151.88999938964844,151.88999938964844,18078,152.0399932861328
2026-05-14 14:00:00-04:00,152.3699951171875,152.375,151.94000244140625,152.02999877929688,38528,152.3699951171875
2026-05-14 14:05:00-04:00,152.6649932861328,152.74000549316406,152.41000366210938,152.41000366210938,5692,152.6649932861328
2026-05-14 14:10:00-04:00,152.6999969482422,152.6999969482422,152.59048461914062,152.6999969482422,8826,152.6999969482422
2026-05-14 14:15:00-04:00,152.89999389648438,152.89999389648438,152.66000366210938,152.74000549316406,8506,152.89999389648438
2026-05-14 14:20:00-04:00,153.03500366210938,153.03500366210938,152.8800048828125,153.0,10256,153.03500366210938
2026-05-14 14:25:00-04:00,152.73500061035156,153.02000427246094,152.6699981689453,152.94500732421875,14766,152.73500061035156
2026-05-14 14:30:00-04:00,152.92999267578125,153.0449981689453,152.72999572753906,152.7449951171875,10180,152.92999267578125
2026-05-14 14:35:00-04:00,153.07870483398438,153.08999633789062,152.92999267578125,152.9550018310547,11210,153.07870483398438
2026-05-14 14:40:00-04:00,152.92250061035156,153.0,152.89999389648438,153.0,15102,152.92250061035156
2026-05-14 14:45:00-04:00,153.11000061035156,153.11000061035156,152.91000366210938,152.91000366210938,11156,153.11000061035156
2026-05-14 14:50:00-04:00,152.94000244140625,153.0800018310547,152.94000244140625,153.0800018310547,10546,152.94000244140625
2026-05-14 14:55:00-04:00,153.1699981689453,153.17999267578125,152.97000122070312,152.97000122070312,24086,153.1699981689453
2026-05-14 15:00:00-04:00,153.33999633789062,153.3800048828125,153.11000061035156,153.14500427246094,10742,153.33999633789062
2026-05-14 15:05:00-04:00,153.49000549316406,153.49000549316406,153.32000732421875,153.33999633789062,39552,153.49000549316406
2026-05-14 15:10:00-04:00,153.75,153.89999389648438,153.49000549316406,153.49000549316406,53418,153.75
2026-05-14 15:15:00-04:00,154.13499450683594,154.25999450683594,153.7899932861328,153.85000610351562,38582,154.13499450683594
2026-05-14 15:20:00-04:00,154.1199951171875,154.2949981689453,154.10499572753906,154.1750030517578,131588,154.1199951171875
2026-05-14 15:25:00-04:00,154.13499450683594,154.3300018310547,154.07000732421875,154.1300048828125,89766,154.13499450683594
2026-05-14 15:30:00-04:00,154.05499267578125,154.27000427246094,153.9499969482422,154.1300048828125,147262,154.05499267578125
2026-05-14 15:35:00-04:00,153.67999267578125,154.0500030517578,153.63999938964844,154.0500030517578,55310,153.67999267578125
2026-05-14 15:40:00-04:00,153.75,153.85000610351562,153.6300048828125,153.6750030517578,49910,153.75
2026-05-14 15:45:00-04:00,153.50999450683594,153.8000030517578,153.47999572753906,153.69500732421875,83410,153.50999450683594
2026-05-14 15:50:00-04:00,153.67999267578125,154.0,153.47999572753906,153.52999877929688,187990,153.67999267578125
2026-05-14 15:55:00-04:00,153.75,153.8249969482422,153.49000549316406,153.72500610351562,316036,153.75
2026-05-15 09:30:00-04:00,151.56500244140625,152.40499877929688,151.14999389648438,152.24000549316406,74160,151.56500244140625
2026-05-15 09:35:00-04:00,152.0699005126953,152.0699005126953,151.41000366210938,151.4499969482422,14505,152.0699005126953
2026-05-15 09:40:00-04:00,151.86500549316406,152.1649932861328,151.85267639160156,151.85267639160156,7565,151.86500549316406
2026-05-15 09:45:00-04:00,152.07000732421875,152.2100067138672,151.96499633789062,151.99000549316406,7736,152.07000732421875
2026-05-15 09:50:00-04:00,152.91000366210938,152.91000366210938,152.25999450683594,152.33999633789062,3068,152.91000366210938
2026-05-15 09:55:00-04:00,153.25999450683594,153.25999450683594,152.91000366210938,152.91000366210938,4309,153.25999450683594
2026-05-15 10:00:00-04:00,153.47000122070312,153.52999877929688,153.22000122070312,153.4199981689453,3757,153.47000122070312
2026-05-15 10:05:00-04:00,153.13999938964844,153.52000427246094,153.13999938964844,153.47000122070312,4430,153.13999938964844
2026-05-15 10:10:00-04:00,153.58999633789062,153.58999633789062,153.1649932861328,153.1649932861328,7378,153.58999633789062
2026-05-15 10:15:00-04:00,153.91000366210938,154.02999877929688,153.61500549316406,153.61500549316406,10822,153.91000366210938
2026-05-15 10:20:00-04:00,153.63499450683594,154.1750030517578,153.63499450683594,153.89999389648438,4590,153.63499450683594
2026-05-15 10:25:00-04:00,153.7100067138672,153.80499267578125,153.63999938964844,153.72000122070312,6053,153.7100067138672
2026-05-15 10:30:00-04:00,153.68499755859375,153.72500610351562,153.55999755859375,153.68499755859375,3806,153.68499755859375
2026-05-15 10:35:00-04:00,153.7100067138672,153.80999755859375,153.67999267578125,153.67999267578125,3979,153.7100067138672
2026-05-15 10:40:00-04:00,153.5500030517578,153.7100067138672,153.52999877929688,153.6999969482422,11507,153.5500030517578
2026-05-15 10:45:00-04:00,153.5399932861328,153.60000610351562,153.4149932861328,153.60000610351562,6199,153.5399932861328
2026-05-15 10:50:00-04:00,153.63999938964844,153.63999938964844,153.36500549316406,153.4700927734375,6368,153.63999938964844
2026-05-15 10:55:00-04:00,153.63999938964844,153.64999389648438,153.5500030517578,153.64999389648438,3251,153.63999938964844
2026-05-15 11:00:00-04:00,153.6699981689453,153.77000427246094,153.5800018310547,153.66000366210938,4540,153.6699981689453
2026-05-15 11:05:00-04:00,153.9600067138672,154.10499572753906,153.77999877929688,153.8300018310547,10412,153.9600067138672
2026-05-15 11:10:00-04:00,153.77000427246094,154.01499938964844,153.67999267578125,154.01499938964844,4831,153.77000427246094
2026-05-15 11:15:00-04:00,153.77000427246094,153.875,153.67999267578125,153.875,1979,153.77000427246094
2026-05-15 11:20:00-04:00,153.4250030517578,153.72999572753906,153.41000366210938,153.72000122070312,7972,153.4250030517578
2026-05-15 11:25:00-04:00,153.2100067138672,153.4600067138672,153.02999877929688,153.4600067138672,27753,153.2100067138672
2026-05-15 11:30:00-04:00,153.24000549316406,153.36000061035156,153.2100067138672,153.25,10947,153.24000549316406
2026-05-15 11:35:00-04:00,153.0800018310547,153.21009826660156,152.99000549316406,153.1999969482422,16556,153.0800018310547
2026-05-15 11:40:00-04:00,152.9499969482422,153.41000366210938,152.9499969482422,153.0800018310547,9334,152.9499969482422
2026-05-15 11:45:00-04:00,152.86000061035156,153.15499877929688,152.86000061035156,153.0500030517578,5012,152.86000061035156
2026-05-15 11:50:00-04:00,152.77999877929688,152.95989990234375,152.74000549316406,152.85000610351562,8907,152.77999877929688
2026-05-15 11:55:00-04:00,152.7949981689453,153.0070037841797,152.7100067138672,152.77000427246094,20992,152.7949981689453
2026-05-15 12:00:00-04:00,152.11000061035156,152.6999969482422,152.07000732421875,152.67999267578125,20606,152.11000061035156
2026-05-15 12:05:00-04:00,152.0399932861328,152.17999267578125,152.02000427246094,152.11000061035156,15668,152.0399932861328
2026-05-15 12:10:00-04:00,152.42999267578125,152.44000244140625,151.9499969482422,151.9499969482422,27552,152.42999267578125
2026-05-15 12:15:00-04:00,152.64999389648438,152.64999389648438,152.36000061035156,152.4600067138672,5161,152.64999389648438
2026-05-15 12:20:00-04:00,152.86000061035156,152.9250030517578,152.51499938964844,152.6199951171875,8410,152.86000061035156
2026-05-15 12:25:00-04:00,153.22000122070312,153.22000122070312,152.86500549316406,152.89999389648438,9496,153.22000122070312
2026-05-15 12:30:00-04:00,153.1999969482422,153.25999450683594,153.08999633789062,153.125,0,153.1999969482422
2026-05-15 12:35:00-04:00,153.1699981689453,153.1699981689453,153.02000427246094,153.14500427246094,415360,153.1699981689453
2026-05-15 12:40:00-04:00,153.41000366210938,153.41000366210938,153.1199951171875,153.17999267578125,7475,153.41000366210938
2026-05-15 12:45:00-04:00,153.3249969482422,153.38999938964844,153.24000549316406,153.32000732421875,6941,153.3249969482422
2026-05-15 12:50:00-04:00,153.12249755859375,153.36000061035156,153.08999633789062,153.3300018310547,5965,153.12249755859375
2026-05-15 12:55:00-04:00,153.2899932861328,153.2899932861328,153.10000610351562,153.10000610351562,4159,153.2899932861328
2026-05-15 13:00:00-04:00,153.22500610351562,153.22999572753906,153.17999267578125,153.21499633789062,4961,153.22500610351562
2026-05-15 13:05:00-04:00,153.25999450683594,153.33999633789062,153.2100067138672,153.25,5708,153.25999450683594
2026-05-15 13:10:00-04:00,153.27999877929688,153.4499969482422,153.2100067138672,153.2100067138672,6878,153.27999877929688
2026-05-15 13:15:00-04:00,153.2899932861328,153.30999755859375,153.14500427246094,153.30999755859375,6164,153.2899932861328
2026-05-15 13:20:00-04:00,153.66000366210938,153.66000366210938,153.27000427246094,153.30999755859375,7418,153.66000366210938
2026-05-15 13:25:00-04:00,153.49000549316406,153.72999572753906,153.49000549316406,153.58999633789062,7355,153.49000549316406
2026-05-15 13:30:00-04:00,153.27000427246094,153.5124969482422,153.22500610351562,153.44500732421875,12115,153.27000427246094
2026-05-15 13:35:00-04:00,153.17999267578125,153.25999450683594,153.1199951171875,153.1999969482422,5501,153.17999267578125
2026-05-15 13:40:00-04:00,153.3300018310547,153.3300018310547,153.08999633789062,153.1699981689453,10293,153.3300018310547
2026-05-15 13:45:00-04:00,153.25,153.27999877929688,153.1999969482422,153.27999877929688,5720,153.25
2026-05-15 13:50:00-04:00,153.38999938964844,153.5399932861328,153.27000427246094,153.27000427246094,6124,153.38999938964844
2026-05-15 13:55:00-04:00,153.5749969482422,153.5800018310547,153.38999938964844,153.38999938964844,6117,153.5749969482422
2026-05-15 14:00:00-04:00,153.66000366210938,153.67999267578125,153.5050048828125,153.5749969482422,10192,153.66000366210938
2026-05-15 14:05:00-04:00,153.55999755859375,153.7899932861328,153.5500030517578,153.66000366210938,9630,153.55999755859375
2026-05-15 14:10:00-04:00,153.50999450683594,153.50999450683594,153.3800048828125,153.50999450683594,5745,153.50999450683594
2026-05-15 14:15:00-04:00,153.3249969482422,153.5,153.27000427246094,153.5,5141,153.3249969482422
2026-05-15 14:20:00-04:00,153.32000732421875,153.4199981689453,153.32000732421875,153.3699951171875,8349,153.32000732421875
2026-05-15 14:25:00-04:00,153.41000366210938,153.47999572753906,153.30499267578125,153.30999755859375,7651,153.41000366210938
2026-05-15 14:30:00-04:00,153.1999969482422,153.3300018310547,153.05999755859375,153.3300018310547,10190,153.1999969482422
2026-05-15 14:35:00-04:00,153.24000549316406,153.3249969482422,153.1699981689453,153.27000427246094,8842,153.24000549316406
2026-05-15 14:40:00-04:00,153.33999633789062,153.34170532226562,153.16009521484375,153.23500061035156,34939,153.33999633789062
2026-05-15 14:45:00-04:00,153.3300018310547,153.38999938964844,153.1999969482422,153.27999877929688,8650,153.3300018310547
2026-05-15 14:50:00-04:00,153.4499969482422,153.5850067138672,153.3249969482422,153.3300018310547,18783,153.4499969482422
2026-05-15 14:55:00-04:00,153.6300048828125,153.6699981689453,153.39999389648438,153.4499969482422,13541,153.6300048828125
2026-05-15 15:00:00-04:00,153.57000732421875,153.63999938964844,153.44000244140625,153.63999938964844,16325,153.57000732421875
2026-05-15 15:05:00-04:00,153.50999450683594,153.59500122070312,153.39500427246094,153.5399932861328,16501,153.50999450683594
2026-05-15 15:10:00-04:00,153.52999877929688,153.5500030517578,153.4499969482422,153.4499969482422,12803,153.52999877929688
2026-05-15 15:15:00-04:00,153.5800018310547,153.5800018310547,153.4600067138672,153.52999877929688,17308,153.5800018310547
2026-05-15 15:20:00-04:00,153.5399932861328,153.67999267578125,153.5399932861328,153.59500122070312,21202,153.5399932861328
2026-05-15 15:25:00-04:00,153.30999755859375,153.52999877929688,153.27999877929688,153.49000549316406,19497,153.30999755859375
2026-05-15 15:30:00-04:00,153.1649932861328,153.35000610351562,153.11000061035156,153.3300018310547,18503,153.1649932861328
2026-05-15 15:35:00-04:00,153.27000427246094,153.2899932861328,153.1300048828125,153.1999969482422,23185,153.27000427246094
2026-05-15 15:40:00-04:00,153.2100067138672,153.35000610351562,153.16000366210938,153.24000549316406,23877,153.2100067138672
2026-05-15 15:45:00-04:00,153.14999389648438,153.38999938964844,153.14999389648438,153.27000427246094,29370,153.14999389648438
2026-05-15 15:50:00-04:00,152.9600067138672,153.25999450683594,152.88999938964844,153.13999938964844,47961,152.9600067138672
2026-05-15 15:55:00-04:00,152.8300018310547,153.0500030517578,152.75999450683594,152.97000122070312,150454,152.8300018310547
2026-05-18 09:30:00-04:00,152.36000061035156,152.85000610351562,151.7899932861328,152.4600067138672,84591,152.36000061035156
2026-05-18 09:35:00-04:00,152.24000549316406,153.25,152.07000732421875,152.57000732421875,13506,152.24000549316406
2026-05-18 09:40:00-04:00,153.25,153.25,152.3000030517578,152.7268524169922,18579,153.25
2026-05-18 09:45:00-04:00,153.43499755859375,153.43499755859375,152.78500366210938,153.25,17817,153.43499755859375
2026-05-18 09:50:00-04:00,154.19500732421875,154.29519653320312,153.5500030517578,153.5500030517578,10191,154.19500732421875
2026-05-18 09:55:00-04:00,153.93499755859375,154.50999450683594,153.86000061035156,154.2449951171875,14642,153.93499755859375
2026-05-18 10:00:00-04:00,153.7949981689453,154.17999267578125,153.58009338378906,154.0050048828125,9296,153.7949981689453
2026-05-18 10:05:00-04:00,153.7949981689453,154.0800018310547,153.33999633789062,154.01449584960938,11885,153.7949981689453
2026-05-18 10:10:00-04:00,153.49000549316406,153.9600067138672,153.44000244140625,153.875,7137,153.49000549316406
2026-05-18 10:15:00-04:00,153.75999450683594,153.8800048828125,153.42999267578125,153.42999267578125,5968,153.75999450683594
2026-05-18 10:20:00-04:00,153.94000244140625,154.0800018310547,153.76499938964844,153.89999389648438,9086,153.94000244140625
2026-05-18 10:25:00-04:00,154.0625,154.1999969482422,153.85009765625,153.94000244140625,7741,154.0625
2026-05-18 10:30:00-04:00,153.77999877929688,154.17999267578125,153.77999877929688,154.07000732421875,8466,153.77999877929688
2026-05-18 10:35:00-04:00,153.84500122070312,153.84500122070312,153.55999755859375,153.77999877929688,4730,153.84500122070312
2026-05-18 10:40:00-04:00,153.75999450683594,153.8699951171875,153.5601043701172,153.5601043701172,5752,153.75999450683594
2026-05-18 10:45:00-04:00,154.02000427246094,154.02000427246094,153.65499877929688,153.66000366210938,4810,154.02000427246094
2026-05-18 10:50:00-04:00,153.92999267578125,154.0800018310547,153.83999633789062,153.9600067138672,9137,153.92999267578125
2026-05-18 10:55:00-04:00,153.74000549316406,154.00999450683594,153.74000549316406,153.92999267578125,3784,153.74000549316406
2026-05-18 11:00:00-04:00,153.2550048828125,153.9600067138672,153.13999938964844,153.9199981689453,11383,153.2550048828125
2026-05-18 11:05:00-04:00,153.22000122070312,153.3699951171875,153.0500030517578,153.3699951171875,8049,153.22000122070312
2026-05-18 11:10:00-04:00,153.0800018310547,153.25,153.01499938964844,153.16000366210938,6134,153.0800018310547
2026-05-18 11:15:00-04:00,153.07510375976562,153.25,153.07510375976562,153.10499572753906,5756,153.07510375976562
2026-05-18 11:20:00-04:00,153.2899932861328,153.2899932861328,152.99000549316406,153.07000732421875,7935,153.2899932861328
2026-05-18 11:25:00-04:00,153.05999755859375,153.3699951171875,153.05999755859375,153.26499938964844,10306,153.05999755859375
2026-05-18 11:30:00-04:00,153.3800048828125,153.3800048828125,153.07000732421875,153.2100067138672,6133,153.3800048828125
2026-05-18 11:35:00-04:00,153.44000244140625,153.47999572753906,153.44000244140625,153.47000122070312,2439,153.44000244140625
2026-05-18 11:40:00-04:00,153.4600067138672,153.58999633789062,153.36500549316406,153.5,4531,153.4600067138672
2026-05-18 11:45:00-04:00,153.39999389648438,153.5500030517578,153.39999389648438,153.5500030517578,5397,153.39999389648438
2026-05-18 11:50:00-04:00,153.3000946044922,153.42999267578125,153.27999877929688,153.39999389648438,5423,153.3000946044922
2026-05-18 11:55:00-04:00,153.22500610351562,153.49000549316406,153.22500610351562,153.3800048828125,3854,153.22500610351562
2026-05-18 12:00:00-04:00,153.06500244140625,153.22500610351562,153.06500244140625,153.22500610351562,3406,153.06500244140625
2026-05-18 12:05:00-04:00,152.91000366210938,153.125,152.85000610351562,153.125,6048,152.91000366210938
2026-05-18 12:10:00-04:00,152.89999389648438,152.97999572753906,152.83999633789062,152.86000061035156,5096,152.89999389648438
2026-05-18 12:15:00-04:00,153.0399932861328,153.09500122070312,152.89999389648438,152.97999572753906,6239,153.0399932861328
2026-05-18 12:20:00-04:00,153.2100067138672,153.25,153.0175018310547,153.05999755859375,7460,153.2100067138672
2026-05-18 12:25:00-04:00,153.0,153.25,152.9499969482422,153.25,7664,153.0
2026-05-18 12:30:00-04:00,153.10000610351562,153.16000366210938,152.89500427246094,152.9600067138672,5575,153.10000610351562
2026-05-18 12:35:00-04:00,152.77499389648438,153.1300048828125,152.77499389648438,153.1300048828125,6155,152.77499389648438
2026-05-18 12:40:00-04:00,152.77999877929688,152.86000061035156,152.63009643554688,152.77000427246094,9854,152.77999877929688
2026-05-18 12:45:00-04:00,152.90499877929688,152.9499969482422,152.77000427246094,152.77999877929688,7484,152.90499877929688
2026-05-18 12:50:00-04:00,153.1999969482422,153.1999969482422,152.92999267578125,152.92999267578125,4874,153.1999969482422
2026-05-18 12:55:00-04:00,153.0050048828125,153.2899932861328,152.97500610351562,153.11000061035156,19160,153.0050048828125
2026-05-18 13:00:00-04:00,152.9949951171875,153.05999755859375,152.9499969482422,153.05999755859375,5095,152.9949951171875
2026-05-18 13:05:00-04:00,153.05999755859375,153.25,153.00999450683594,153.02499389648438,27824,153.05999755859375
2026-05-18 13:10:00-04:00,153.17999267578125,153.27000427246094,153.07000732421875,153.10499572753906,5007,153.17999267578125
2026-05-18 13:15:00-04:00,153.47000122070312,153.48500061035156,153.2899932861328,153.2899932861328,7665,153.47000122070312
2026-05-18 13:20:00-04:00,153.5500030517578,153.5800018310547,153.37010192871094,153.4499969482422,9590,153.5500030517578
2026-05-18 13:25:00-04:00,153.4250030517578,153.50999450683594,153.3699951171875,153.50999450683594,9175,153.4250030517578
2026-05-18 13:30:00-04:00,153.26499938964844,153.4250030517578,153.08999633789062,153.4250030517578,9192,153.26499938964844
2026-05-18 13:35:00-04:00,152.9300994873047,153.2050018310547,152.9300994873047,153.1999969482422,4827,152.9300994873047
2026-05-18 13:40:00-04:00,153.2100067138672,153.22000122070312,153.0399932861328,153.07000732421875,6953,153.2100067138672
2026-05-18 13:45:00-04:00,153.22509765625,153.27000427246094,153.14559936523438,153.2100067138672,5479,153.22509765625
2026-05-18 13:50:00-04:00,153.47999572753906,153.47999572753906,153.1501007080078,153.25,8292,153.47999572753906
2026-05-18 13:55:00-04:00,153.3800048828125,153.52000427246094,153.3800048828125,153.47999572753906,3243,153.3800048828125
2026-05-18 14:00:00-04:00,153.33999633789062,153.39999389648438,153.25999450683594,153.3800048828125,13630,153.33999633789062
2026-05-18 14:05:00-04:00,153.33999633789062,153.375,153.27000427246094,153.375,3944,153.33999633789062
2026-05-18 14:10:00-04:00,153.38999938964844,153.4949951171875,153.3300018310547,153.33999633789062,7214,153.38999938964844
2026-05-18 14:15:00-04:00,153.1649932861328,153.32000732421875,153.1300048828125,153.32000732421875,6752,153.1649932861328
2026-05-18 14:20:00-04:00,152.9499969482422,153.11099243164062,152.83999633789062,153.11000061035156,7900,152.9499969482422
2026-05-18 14:25:00-04:00,152.86000061035156,152.88499450683594,152.6999969482422,152.8699951171875,7748,152.86000061035156
2026-05-18 14:30:00-04:00,153.0399932861328,153.13999938964844,152.94000244140625,152.94000244140625,6315,153.0399932861328
2026-05-18 14:35:00-04:00,153.12005615234375,153.2274932861328,153.0500030517578,153.0800018310547,8410,153.12005615234375
2026-05-18 14:40:00-04:00,153.11500549316406,153.1699981689453,153.01499938964844,153.0800018310547,6568,153.11500549316406
2026-05-18 14:45:00-04:00,153.13999938964844,153.22000122070312,153.08999633789062,153.1999969482422,6543,153.13999938964844
2026-05-18 14:50:00-04:00,153.05999755859375,153.14999389648438,153.05499267578125,153.13999938964844,7776,153.05999755859375
2026-05-18 14:55:00-04:00,153.00999450683594,153.16000366210938,152.9199981689453,153.13999938964844,10362,153.00999450683594
2026-05-18 15:00:00-04:00,153.66000366210938,154.0,153.0500030517578,153.05999755859375,17977,153.66000366210938
2026-05-18 15:05:00-04:00,153.42999267578125,153.77999877929688,153.27000427246094,153.61500549316406,9802,153.42999267578125
2026-05-18 15:10:00-04:00,153.4600067138672,153.55999755859375,153.4199981689453,153.4199981689453,8970,153.4600067138672
2026-05-18 15:15:00-04:00,153.48500061035156,153.69000244140625,153.46499633789062,153.50999450683594,13054,153.48500061035156
2026-05-18 15:20:00-04:00,153.39999389648438,153.6199951171875,153.36099243164062,153.48500061035156,15398,153.39999389648438
2026-05-18 15:25:00-04:00,153.47000122070312,153.47000122070312,153.2949981689453,153.35000610351562,13256,153.47000122070312
2026-05-18 15:30:00-04:00,153.5,153.5,153.32749938964844,153.4149932861328,15094,153.5
2026-05-18 15:35:00-04:00,153.66000366210938,153.72000122070312,153.5449981689453,153.5449981689453,10391,153.66000366210938
2026-05-18 15:40:00-04:00,153.82000732421875,153.9250030517578,153.66000366210938,153.66000366210938,25248,153.82000732421875
2026-05-18 15:45:00-04:00,153.7550048828125,154.15989685058594,153.74000549316406,153.85000610351562,31545,153.7550048828125
2026-05-18 15:50:00-04:00,153.7899932861328,153.85000610351562,153.6699981689453,153.82000732421875,39421,153.7899932861328
2026-05-18 15:55:00-04:00,153.67999267578125,153.86000061035156,153.59500122070312,153.82000732421875,133300,153.67999267578125
2026-05-19 09:30:00-04:00,151.3863067626953,153.26739501953125,150.97999572753906,153.26739501953125,35166,151.3863067626953
2026-05-19 09:35:00-04:00,152.27499389648438,152.78990173339844,151.16000366210938,151.25999450683594,14400,152.27499389648438
2026-05-19 09:40:00-04:00,151.3249969482422,152.39024353027344,151.3249969482422,152.39024353027344,14730,151.3249969482422
2026-05-19 09:45:00-04:00,151.77999877929688,151.77999877929688,151.30999755859375,151.3249969482422,10350,151.77999877929688
2026-05-19 09:50:00-04:00,152.1649932861328,152.27000427246094,151.72999572753906,151.72999572753906,18704,152.1649932861328
2026-05-19 09:55:00-04:00,152.30999755859375,152.63999938964844,152.30999755859375,152.57000732421875,18954,152.30999755859375
2026-05-19 10:00:00-04:00,152.27000427246094,152.4550018310547,151.8000030517578,152.4550018310547,17248,152.27000427246094
2026-05-19 10:05:00-04:00,152.08999633789062,152.58999633789062,152.05999755859375,152.52000427246094,21692,152.08999633789062
2026-05-19 10:10:00-04:00,152.49000549316406,152.60000610351562,152.19500732421875,152.19500732421875,18484,152.49000549316406
2026-05-19 10:15:00-04:00,152.3699951171875,152.6699981689453,152.14999389648438,152.56500244140625,34248,152.3699951171875
2026-05-19 10:20:00-04:00,152.28500366210938,152.4799041748047,152.1199951171875,152.375,12390,152.28500366210938
2026-05-19 10:25:00-04:00,152.35000610351562,152.5399932861328,152.27000427246094,152.35000610351562,20884,152.35000610351562
2026-05-19 10:30:00-04:00,152.27000427246094,152.47000122070312,152.27000427246094,152.47000122070312,9426,152.27000427246094
2026-05-19 10:35:00-04:00,152.19000244140625,152.27999877929688,152.13999938964844,152.27999877929688,31046,152.19000244140625
2026-05-19 10:40:00-04:00,151.83999633789062,152.17999267578125,151.83999633789062,152.1699981689453,28714,151.83999633789062
2026-05-19 10:45:00-04:00,151.61199951171875,151.98500061035156,151.38999938964844,151.98500061035156,17174,151.61199951171875
2026-05-19 10:50:00-04:00,151.34500122070312,151.4949951171875,151.02999877929688,151.47000122070312,28362,151.34500122070312
2026-05-19 10:55:00-04:00,151.47500610351562,151.5800018310547,151.35000610351562,151.35000610351562,13860,151.47500610351562
2026-05-19 11:00:00-04:00,151.4149932861328,151.47000122070312,151.27999877929688,151.3000030517578,18466,151.4149932861328
2026-05-19 11:05:00-04:00,151.27999877929688,151.52000427246094,151.27999877929688,151.42750549316406,27092,151.27999877929688
2026-05-19 11:10:00-04:00,151.33999633789062,151.39999389648438,151.13999938964844,151.35000610351562,23352,151.33999633789062
2026-05-19 11:15:00-04:00,151.72999572753906,151.7301025390625,151.27999877929688,151.32000732421875,18876,151.72999572753906
2026-05-19 11:20:00-04:00,151.55999755859375,151.6699981689453,151.47000122070312,151.66000366210938,12382,151.55999755859375
2026-05-19 11:25:00-04:00,151.61000061035156,151.625,151.36000061035156,151.4199981689453,25412,151.61000061035156
2026-05-19 11:30:00-04:00,151.82467651367188,151.88999938964844,151.5800018310547,151.63999938964844,23784,151.82467651367188
2026-05-19 11:35:00-04:00,151.89999389648438,151.94000244140625,151.72999572753906,151.7949981689453,10046,151.89999389648438
2026-05-19 11:40:00-04:00,151.8000030517578,151.86500549316406,151.76010131835938,151.83999633789062,13484,151.8000030517578
2026-05-19 11:45:00-04:00,151.99000549316406,152.10000610351562,151.8000030517578,151.8249969482422,16178,151.99000549316406
2026-05-19 11:50:00-04:00,151.83999633789062,152.0399932861328,151.77049255371094,152.0399932861328,46920,151.83999633789062
2026-05-19 11:55:00-04:00,151.72000122070312,151.89999389648438,151.64999389648438,151.7899932861328,15688,151.72000122070312
2026-05-19 12:00:00-04:00,151.60000610351562,151.77999877929688,151.60000610351562,151.66000366210938,13884,151.60000610351562
2026-05-19 12:05:00-04:00,151.66000366210938,151.83999633789062,151.39999389648438,151.47999572753906,28614,151.66000366210938
2026-05-19 12:10:00-04:00,151.63999938964844,151.74000549316406,151.60000610351562,151.64500427246094,14520,151.63999938964844
2026-05-19 12:15:00-04:00,152.02000427246094,152.0500030517578,151.65499877929688,151.6999969482422,37624,152.02000427246094
2026-05-19 12:20:00-04:00,152.13999938964844,152.1699981689453,151.88999938964844,152.02000427246094,14792,152.13999938964844
2026-05-19 12:25:00-04:00,152.25999450683594,152.47500610351562,152.1199951171875,152.19000244140625,16544,152.25999450683594
2026-05-19 12:30:00-04:00,152.25,152.4199981689453,152.24099731445312,152.25999450683594,23820,152.25
2026-05-19 12:35:00-04:00,152.1699981689453,152.35000610351562,152.1300048828125,152.27000427246094,89230,152.1699981689453
2026-05-19 12:40:00-04:00,152.5,152.61000061035156,152.17999267578125,152.25,68444,152.5
2026-05-19 12:45:00-04:00,152.4499969482422,152.625,152.39999389648438,152.47000122070312,15390,152.4499969482422
2026-05-19 12:50:00-04:00,152.39999389648438,152.5050048828125,152.35000610351562,152.5050048828125,14198,152.39999389648438
2026-05-19 12:55:00-04:00,152.39999389648438,152.5,152.3000030517578,152.47000122070312,33720,152.39999389648438
2026-05-19 13:00:00-04:00,152.27000427246094,152.44000244140625,152.1999969482422,152.39999389648438,33590,152.27000427246094
2026-05-19 13:05:00-04:00,151.8800048828125,152.29510498046875,151.8800048828125,152.19000244140625,15810,151.8800048828125
2026-05-19 13:10:00-04:00,152.0,152.0800018310547,151.85000610351562,151.8699951171875,74752,152.0
2026-05-19 13:15:00-04:00,152.07000732421875,152.25,152.0,152.0,46626,152.07000732421875
2026-05-19 13:20:00-04:00,152.22000122070312,152.27000427246094,151.97999572753906,152.10000610351562,31910,152.22000122070312
2026-05-19 13:25:00-04:00,152.1999969482422,152.23500061035156,152.05999755859375,152.1999969482422,27658,152.1999969482422
2026-05-19 13:30:00-04:00,152.02000427246094,152.2698974609375,152.02000427246094,152.2100067138672,16270,152.02000427246094
2026-05-19 13:35:00-04:00,152.05999755859375,152.13999938964844,151.86000061035156,151.99000549316406,34214,152.05999755859375
2026-05-19 13:40:00-04:00,152.07000732421875,152.17999267578125,151.92999267578125,152.10000610351562,39524,152.07000732421875
2026-05-19 13:45:00-04:00,151.91000366210938,152.02999877929688,151.8300018310547,152.02999877929688,32996,151.91000366210938
2026-05-19 13:50:00-04:00,151.9550018310547,152.0,151.8300018310547,151.8800048828125,16470,151.9550018310547
2026-05-19 13:55:00-04:00,151.89999389648438,151.97999572753906,151.77999877929688,151.9499969482422,23976,151.89999389648438
2026-05-19 14:00:00-04:00,151.8000030517578,151.88999938964844,151.75999450683594,151.88999938964844,39384,151.8000030517578
2026-05-19 14:05:00-04:00,152.08999633789062,152.11000061035156,151.67999267578125,151.8000030517578,52336,152.08999633789062
2026-05-19 14:10:00-04:00,152.36500549316406,152.4600067138672,152.10499572753906,152.16000366210938,19872,152.36500549316406
2026-05-19 14:15:00-04:00,152.2050018310547,152.38999938964844,152.1199951171875,152.38999938964844,12538,152.2050018310547
2026-05-19 14:20:00-04:00,151.89999389648438,152.1999969482422,151.8699951171875,152.1999969482422,21378,151.89999389648438
2026-05-19 14:25:00-04:00,151.83999633789062,152.02999877929688,151.83999633789062,151.89999389648438,36654,151.83999633789062
2026-05-19 14:30:00-04:00,151.7899932861328,151.8699951171875,151.66000366210938,151.8300018310547,25244,151.7899932861328
2026-05-19 14:35:00-04:00,151.64999389648438,151.85000610351562,151.54100036621094,151.7010040283203,18032,151.64999389648438
2026-05-19 14:40:00-04:00,151.74000549316406,151.77999877929688,151.5904998779297,151.5904998779297,36822,151.74000549316406
2026-05-19 14:45:00-04:00,151.61500549316406,151.77000427246094,151.61500549316406,151.72999572753906,14804,151.61500549316406
2026-05-19 14:50:00-04:00,151.5749969482422,151.75,151.5500030517578,151.65499877929688,19150,151.5749969482422
2026-05-19 14:55:00-04:00,151.33999633789062,151.52499389648438,151.33999633789062,151.5,21058,151.33999633789062
2026-05-19 15:00:00-04:00,151.27000427246094,151.4199981689453,151.2100067138672,151.36000061035156,26348,151.27000427246094
2026-05-19 15:05:00-04:00,151.52999877929688,151.5399932861328,151.27000427246094,151.27000427246094,34912,151.52999877929688
2026-05-19 15:10:00-04:00,151.5,151.57000732421875,151.3249969482422,151.4499969482422,41162,151.5
2026-05-19 15:15:00-04:00,151.58999633789062,151.63999938964844,151.47999572753906,151.49000549316406,28036,151.58999633789062
2026-05-19 15:20:00-04:00,151.19000244140625,151.58999633789062,151.13999938964844,151.58999633789062,39154,151.19000244140625
2026-05-19 15:25:00-04:00,151.0449981689453,151.22000122070312,151.0449981689453,151.17999267578125,43312,151.0449981689453
2026-05-19 15:30:00-04:00,150.78500366210938,151.13999938964844,150.78500366210938,151.13999938964844,75302,150.78500366210938
2026-05-19 15:35:00-04:00,150.6999969482422,150.91000366210938,150.6999969482422,150.77499389648438,44360,150.6999969482422
2026-05-19 15:40:00-04:00,150.75,150.8699951171875,150.6300048828125,150.72000122070312,53042,150.75
2026-05-19 15:45:00-04:00,150.61500549316406,150.94000244140625,150.61500549316406,150.72999572753906,62894,150.61500549316406
2026-05-19 15:50:00-04:00,150.26150512695312,150.66000366210938,150.1199951171875,150.6199951171875,217436,150.26150512695312
2026-05-19 15:55:00-04:00,150.8699951171875,150.8699951171875,150.13499450683594,150.25999450683594,368124,150.8699951171875
2026-05-20 09:30:00-04:00,151.14999389648438,151.97500610351562,150.9600067138672,151.94000244140625,29272,151.14999389648438
2026-05-20 09:35:00-04:00,152.5800018310547,153.0,151.10499572753906,151.13499450683594,17265,152.5800018310547
2026-05-20 09:40:00-04:00,152.44000244140625,152.8800048828125,152.1300048828125,152.60000610351562,28254,152.44000244140625
2026-05-20 09:45:00-04:00,152.1300048828125,152.85000610351562,151.97999572753906,152.5,38685,152.1300048828125
2026-05-20 09:50:00-04:00,152.08999633789062,152.25,151.9600067138672,152.02000427246094,8858,152.08999633789062
2026-05-20 09:55:00-04:00,152.55499267578125,152.64999389648438,152.1999969482422,152.1999969482422,17302,152.55499267578125
2026-05-20 10:00:00-04:00,152.11500549316406,152.5,152.0,152.47000122070312,14541,152.11500549316406
2026-05-20 10:05:00-04:00,152.4199981689453,152.4199981689453,151.75999450683594,152.06500244140625,15382,152.4199981689453
2026-05-20 10:10:00-04:00,152.76499938964844,152.76499938964844,152.11000061035156,152.5500030517578,11896,152.76499938964844
2026-05-20 10:15:00-04:00,153.66000366210938,153.6999969482422,152.76499938964844,152.9219970703125,11144,153.66000366210938
2026-05-20 10:20:00-04:00,153.64999389648438,153.89999389648438,153.6300048828125,153.72999572753906,9519,153.64999389648438
2026-05-20 10:25:00-04:00,154.32000732421875,154.3249969482422,153.64999389648438,153.64999389648438,14411,154.32000732421875
2026-05-20 10:30:00-04:00,154.38499450683594,154.74000549316406,154.3300018310547,154.3300018310547,16352,154.38499450683594
2026-05-20 10:35:00-04:00,154.10499572753906,154.48500061035156,154.02000427246094,154.47999572753906,23043,154.10499572753906
2026-05-20 10:40:00-04:00,154.11000061035156,154.22000122070312,153.88999938964844,154.10000610351562,12291,154.11000061035156
2026-05-20 10:45:00-04:00,154.1199951171875,154.2899932861328,154.08999633789062,154.19000244140625,6673,154.1199951171875
2026-05-20 10:50:00-04:00,154.14999389648438,154.32000732421875,154.14999389648438,154.23500061035156,9355,154.14999389648438
2026-05-20 10:55:00-04:00,154.25999450683594,154.4199981689453,154.02999877929688,154.08999633789062,32655,154.25999450683594
2026-05-20 11:00:00-04:00,154.22999572753906,154.38999938964844,154.125,154.2899932861328,9089,154.22999572753906
2026-05-20 11:05:00-04:00,154.3350067138672,154.35000610351562,154.02000427246094,154.1699981689453,8598,154.3350067138672
2026-05-20 11:10:00-04:00,153.98500061035156,154.35000610351562,153.98500061035156,154.3300018310547,10001,153.98500061035156
2026-05-20 11:15:00-04:00,154.6300048828125,155.0500030517578,153.9199981689453,153.9199981689453,32337,154.6300048828125
2026-05-20 11:20:00-04:00,154.4600067138672,154.75,154.35000610351562,154.61000061035156,11217,154.4600067138672
2026-05-20 11:25:00-04:00,154.14999389648438,154.4600067138672,154.14999389648438,154.4499969482422,9416,154.14999389648438
2026-05-20 11:30:00-04:00,154.27999877929688,154.3800048828125,154.19000244140625,154.19000244140625,7770,154.27999877929688
2026-05-20 11:35:00-04:00,154.375,154.39999389648438,154.2100067138672,154.30499267578125,21057,154.375
2026-05-20 11:40:00-04:00,154.47000122070312,154.55560302734375,154.3000030517578,154.3699951171875,10723,154.47000122070312
2026-05-20 11:45:00-04:00,154.33999633789062,154.44000244140625,154.27999877929688,154.36500549316406,5822,154.33999633789062
2026-05-20 11:50:00-04:00,154.27000427246094,154.38999938964844,154.22000122070312,154.25010681152344,9969,154.27000427246094
2026-05-20 11:55:00-04:00,154.09249877929688,154.25,154.01499938964844,154.19000244140625,8813,154.09249877929688
2026-05-20 12:00:00-04:00,154.11000061035156,154.11000061035156,153.9550018310547,154.0500030517578,5321,154.11000061035156
2026-05-20 12:05:00-04:00,154.1199951171875,154.14999389648438,154.02000427246094,154.05999755859375,10393,154.1199951171875
2026-05-20 12:10:00-04:00,154.13499450683594,154.2449951171875,154.07000732421875,154.11000061035156,7830,154.13499450683594
2026-05-20 12:15:00-04:00,154.10000610351562,154.1199951171875,154.0500030517578,154.07000732421875,10719,154.10000610351562
2026-05-20 12:20:00-04:00,154.1300048828125,154.13499450683594,153.8699951171875,154.10000610351562,5737,154.1300048828125
2026-05-20 12:25:00-04:00,153.97999572753906,154.1300048828125,153.8699951171875,154.1300048828125,4752,153.97999572753906
2026-05-20 12:30:00-04:00,153.91000366210938,154.1199951171875,153.8699951171875,153.97999572753906,5217,153.91000366210938
2026-05-20 12:35:00-04:00,153.9199981689453,153.96499633789062,153.8000030517578,153.88999938964844,11636,153.9199981689453
2026-05-20 12:40:00-04:00,154.10000610351562,154.10000610351562,153.94000244140625,153.9739990234375,7264,154.10000610351562
2026-05-20 12:45:00-04:00,153.89999389648438,154.14999389648438,153.89999389648438,154.14999389648438,3923,153.89999389648438
2026-05-20 12:50:00-04:00,154.02000427246094,154.02000427246094,153.92999267578125,153.92999267578125,4722,154.02000427246094
2026-05-20 12:55:00-04:00,153.97999572753906,154.1898956298828,153.86500549316406,153.96499633789062,7293,153.97999572753906
2026-05-20 13:00:00-04:00,153.88499450683594,154.05999755859375,153.83999633789062,153.99000549316406,6627,153.88499450683594
2026-05-20 13:05:00-04:00,153.9149932861328,153.9550018310547,153.72500610351562,153.94000244140625,6697,153.9149932861328
2026-05-20 13:10:00-04:00,153.8300018310547,154.00999450683594,153.6999969482422,153.9149932861328,9135,153.8300018310547
2026-05-20 13:15:00-04:00,153.7949981689453,153.875,153.7949981689453,153.84500122070312,4268,153.7949981689453
2026-05-20 13:20:00-04:00,153.78500366210938,153.88999938964844,153.72000122070312,153.73789978027344,7744,153.78500366210938
2026-05-20 13:25:00-04:00,154.0,154.0,153.78500366210938,153.78500366210938,6651,154.0
2026-05-20 13:30:00-04:00,154.0050048828125,154.00999450683594,153.9199981689453,153.9199981689453,6939,154.0050048828125
2026-05-20 13:35:00-04:00,154.0050048828125,154.08999633789062,153.93179321289062,153.94000244140625,6775,154.0050048828125
2026-05-20 13:40:00-04:00,153.88999938964844,154.0800018310547,153.88999938964844,154.0800018310547,5680,153.88999938964844
2026-05-20 13:45:00-04:00,153.7899932861328,153.85000610351562,153.71499633789062,153.85000610351562,6017,153.7899932861328
2026-05-20 13:50:00-04:00,153.58999633789062,153.81900024414062,153.5800018310547,153.81900024414062,4068,153.58999633789062
2026-05-20 13:55:00-04:00,153.66000366210938,153.72999572753906,153.5399932861328,153.6649932861328,6959,153.66000366210938
2026-05-20 14:00:00-04:00,153.57000732421875,153.61000061035156,153.36000061035156,153.55999755859375,9686,153.57000732421875
2026-05-20 14:05:00-04:00,153.75,154.11000061035156,153.66000366210938,153.66000366210938,31047,153.75
2026-05-20 14:10:00-04:00,153.6699981689453,153.8300018310547,153.6699981689453,153.8300018310547,3964,153.6699981689453
2026-05-20 14:15:00-04:00,153.72999572753906,153.8249969482422,153.6999969482422,153.80999755859375,9554,153.72999572753906
2026-05-20 14:20:00-04:00,153.47000122070312,153.67999267578125,153.47000122070312,153.6699981689453,8043,153.47000122070312
2026-05-20 14:25:00-04:00,153.4600067138672,153.58999633789062,153.3699951171875,153.5,12484,153.4600067138672
2026-05-20 14:30:00-04:00,153.63999938964844,153.67999267578125,153.43499755859375,153.4499969482422,16225,153.63999938964844
2026-05-20 14:35:00-04:00,153.72999572753906,153.74000549316406,153.39999389648438,153.60000610351562,33006,153.72999572753906
2026-05-20 14:40:00-04:00,153.375,153.8000030517578,153.375,153.8000030517578,10170,153.375
2026-05-20 14:45:00-04:00,153.4499969482422,153.49000549316406,153.2899932861328,153.36500549316406,17063,153.4499969482422
2026-05-20 14:50:00-04:00,153.4199981689453,153.55999755859375,153.375,153.5,30789,153.4199981689453
2026-05-20 14:55:00-04:00,153.4482879638672,153.60499572753906,153.39999389648438,153.39999389648438,30025,153.4482879638672
2026-05-20 15:00:00-04:00,153.44000244140625,153.58999633789062,153.4199981689453,153.44500732421875,27861,153.44000244140625
2026-05-20 15:05:00-04:00,153.53500366210938,153.66000366210938,153.3249969482422,153.4199981689453,21099,153.53500366210938
2026-05-20 15:10:00-04:00,153.55999755859375,153.6199951171875,153.44000244140625,153.52999877929688,12506,153.55999755859375
2026-05-20 15:15:00-04:00,153.75750732421875,153.7899932861328,153.5399932861328,153.55999755859375,19570,153.75750732421875
2026-05-20 15:20:00-04:00,153.8000030517578,153.94000244140625,153.75,153.82000732421875,15355,153.8000030517578
2026-05-20 15:25:00-04:00,153.91000366210938,153.93499755859375,153.7100067138672,153.8000030517578,21617,153.91000366210938
2026-05-20 15:30:00-04:00,153.75,153.97000122070312,153.75,153.91000366210938,18549,153.75
2026-05-20 15:35:00-04:00,153.97999572753906,154.0,153.7550048828125,153.7550048828125,18957,153.97999572753906
2026-05-20 15:40:00-04:00,153.8249969482422,154.00999450683594,153.8249969482422,153.99000549316406,19959,153.8249969482422
2026-05-20 15:45:00-04:00,153.6999969482422,153.88250732421875,153.6999969482422,153.82000732421875,13719,153.6999969482422
2026-05-20 15:50:00-04:00,153.5800018310547,153.7899932861328,153.5399932861328,153.75999450683594,26155,153.5800018310547
2026-05-20 15:55:00-04:00,154.0399932861328,154.0800018310547,153.52999877929688,153.5749969482422,103754,154.0399932861328
2026-05-21 09:30:00-04:00,153.1649932861328,153.99000549316406,152.9949951171875,153.14999389648438,23690,153.1649932861328
2026-05-21 09:35:00-04:00,153.83999633789062,153.99000549316406,153.16000366210938,153.16000366210938,5961,153.83999633789062
2026-05-21 09:40:00-04:00,153.5500030517578,154.10000610351562,153.5399932861328,153.72999572753906,8733,153.5500030517578
2026-05-21 09:45:00-04:00,153.64999389648438,153.90499877929688,153.49000549316406,153.72999572753906,4646,153.64999389648438
2026-05-21 09:50:00-04:00,154.35000610351562,154.35000610351562,153.50999450683594,153.50999450683594,8387,154.35000610351562
2026-05-21 09:55:00-04:00,154.3800048828125,154.60499572753906,154.2100067138672,154.33999633789062,10189,154.3800048828125
2026-05-21 10:00:00-04:00,154.50999450683594,154.7899932861328,154.25999450683594,154.25999450683594,6884,154.50999450683594
2026-05-21 10:05:00-04:00,154.42999267578125,154.64500427246094,154.33999633789062,154.6300048828125,10454,154.42999267578125
2026-05-21 10:10:00-04:00,154.2899932861328,154.52000427246094,154.19000244140625,154.42999267578125,20264,154.2899932861328
2026-05-21 10:15:00-04:00,154.00999450683594,154.25999450683594,154.00999450683594,154.25999450683594,12742,154.00999450683594
2026-05-21 10:20:00-04:00,154.0399932861328,154.0399932861328,153.8300018310547,153.97000122070312,13474,154.0399932861328
2026-05-21 10:25:00-04:00,154.08999633789062,154.14999389648438,154.02999877929688,154.0399932861328,8399,154.08999633789062
2026-05-21 10:30:00-04:00,153.8800048828125,154.25,153.8800048828125,154.0800018310547,9942,153.8800048828125
2026-05-21 10:35:00-04:00,153.4199981689453,153.91000366210938,153.33999633789062,153.80999755859375,18352,153.4199981689453
2026-05-21 10:40:00-04:00,153.27000427246094,153.50999450683594,153.17999267578125,153.4199981689453,7328,153.27000427246094
2026-05-21 10:45:00-04:00,152.93499755859375,153.3350067138672,152.8800048828125,153.2100067138672,8635,152.93499755859375
2026-05-21 10:50:00-04:00,152.74000549316406,152.97000122070312,152.74000549316406,152.97000122070312,10260,152.74000549316406
2026-05-21 10:55:00-04:00,152.8000030517578,152.8000030517578,152.44000244140625,152.6999969482422,10229,152.8000030517578
2026-05-21 11:00:00-04:00,152.66000366210938,152.6699981689453,152.5500030517578,152.66000366210938,7572,152.66000366210938
2026-05-21 11:05:00-04:00,152.75999450683594,152.80999755859375,152.46009826660156,152.60000610351562,12599,152.75999450683594
2026-05-21 11:10:00-04:00,152.9499969482422,152.99000549316406,152.60000610351562,152.77000427246094,10218,152.9499969482422
2026-05-21 11:15:00-04:00,152.77000427246094,152.89999389648438,152.75999450683594,152.89999389648438,5912,152.77000427246094
2026-05-21 11:20:00-04:00,152.79510498046875,152.8699951171875,152.74000549316406,152.75999450683594,10744,152.79510498046875
2026-05-21 11:25:00-04:00,152.6699981689453,152.80999755859375,152.63009643554688,152.7899932861328,12103,152.6699981689453
2026-05-21 11:30:00-04:00,152.5,152.6999969482422,152.5,152.6199951171875,8414,152.5
2026-05-21 11:35:00-04:00,152.49000549316406,152.64999389648438,152.49000549316406,152.55499267578125,6805,152.49000549316406
2026-05-21 11:40:00-04:00,152.7899932861328,152.7899932861328,152.50999450683594,152.5749969482422,8158,152.7899932861328
2026-05-21 11:45:00-04:00,152.78500366210938,152.98989868164062,152.64010620117188,152.83999633789062,8107,152.78500366210938
2026-05-21 11:50:00-04:00,152.72000122070312,152.8000030517578,152.69000244140625,152.8000030517578,4438,152.72000122070312
2026-05-21 11:55:00-04:00,152.50999450683594,152.6999969482422,152.50999450683594,152.6999969482422,5878,152.50999450683594
2026-05-21 12:00:00-04:00,152.47000122070312,152.66000366210938,152.47000122070312,152.60499572753906,16849,152.47000122070312
2026-05-21 12:05:00-04:00,152.36000061035156,152.53750610351562,152.33999633789062,152.52499389648438,12191,152.36000061035156
2026-05-21 12:10:00-04:00,152.67999267578125,152.67999267578125,152.35000610351562,152.3699951171875,21328,152.67999267578125
2026-05-21 12:15:00-04:00,152.5399932861328,152.72000122070312,152.42999267578125,152.67999267578125,10477,152.5399932861328
2026-05-21 12:20:00-04:00,152.4199981689453,152.7100067138672,152.4199981689453,152.64999389648438,4023,152.4199981689453
2026-05-21 12:25:00-04:00,152.4149932861328,152.5,152.3699951171875,152.44500732421875,10849,152.4149932861328
2026-05-21 12:30:00-04:00,152.49000549316406,152.63999938964844,152.3699951171875,152.42999267578125,15030,152.49000549316406
2026-05-21 12:35:00-04:00,152.3699951171875,152.5800018310547,152.3699951171875,152.52499389648438,4542,152.3699951171875
2026-05-21 12:40:00-04:00,152.49000549316406,152.5,152.39500427246094,152.4250030517578,5476,152.49000549316406
2026-05-21 12:45:00-04:00,152.30999755859375,152.52999877929688,152.30999755859375,152.4550018310547,5154,152.30999755859375
2026-05-21 12:50:00-04:00,152.35000610351562,152.38999938964844,152.22000122070312,152.27999877929688,5137,152.35000610351562
2026-05-21 12:55:00-04:00,152.4550018310547,152.52999877929688,152.35000610351562,152.35000610351562,6344,152.4550018310547
2026-05-21 13:00:00-04:00,152.5050048828125,152.57000732421875,152.4199981689453,152.4600067138672,6902,152.5050048828125
2026-05-21 13:05:00-04:00,152.6300048828125,152.6999969482422,152.50999450683594,152.57000732421875,5106,152.6300048828125
2026-05-21 13:10:00-04:00,153.0500030517578,153.14999389648438,152.75999450683594,152.8300018310547,7500,153.0500030517578
2026-05-21 13:15:00-04:00,153.4199981689453,153.49000549316406,152.97999572753906,152.97999572753906,8662,153.4199981689453
2026-05-21 13:20:00-04:00,153.1199951171875,153.5500030517578,152.906005859375,153.39500427246094,7932,153.1199951171875
2026-05-21 13:25:00-04:00,153.2899932861328,153.35000610351562,153.07000732421875,153.1199951171875,10063,153.2899932861328
2026-05-21 13:30:00-04:00,153.4199981689453,153.4600067138672,153.30999755859375,153.4600067138672,7012,153.4199981689453
2026-05-21 13:35:00-04:00,153.63999938964844,153.63999938964844,153.33999633789062,153.35000610351562,6639,153.63999938964844
2026-05-21 13:40:00-04:00,153.72999572753906,153.8249969482422,153.6199951171875,153.67999267578125,8751,153.72999572753906
2026-05-21 13:45:00-04:00,153.84500122070312,153.85000610351562,153.75999450683594,153.75999450683594,6349,153.84500122070312
2026-05-21 13:50:00-04:00,153.89500427246094,154.02000427246094,153.77000427246094,153.83999633789062,6665,153.89500427246094
2026-05-21 13:55:00-04:00,153.75,153.8800048828125,153.72000122070312,153.8800048828125,6763,153.75
2026-05-21 14:00:00-04:00,153.61000061035156,153.86000061035156,153.57000732421875,153.82000732421875,10115,153.61000061035156
2026-05-21 14:05:00-04:00,153.9199981689453,154.02000427246094,153.64999389648438,153.7100067138672,9479,153.9199981689453
2026-05-21 14:10:00-04:00,154.02999877929688,154.02999877929688,153.85000610351562,153.9250030517578,5600,154.02999877929688
2026-05-21 14:15:00-04:00,154.0399932861328,154.07000732421875,153.97000122070312,153.9949951171875,5104,154.0399932861328
2026-05-21 14:20:00-04:00,154.08999633789062,154.1199951171875,154.02999877929688,154.0500030517578,6911,154.08999633789062
2026-05-21 14:25:00-04:00,154.21499633789062,154.25,154.02999877929688,154.14999389648438,8486,154.21499633789062
2026-05-21 14:30:00-04:00,154.09500122070312,154.22000122070312,154.05999755859375,154.22000122070312,6544,154.09500122070312
2026-05-21 14:35:00-04:00,154.0399932861328,154.11000061035156,154.02999877929688,154.08999633789062,6265,154.0399932861328
2026-05-21 14:40:00-04:00,154.1699981689453,154.27000427246094,154.10000610351562,154.10000610351562,9470,154.1699981689453
2026-05-21 14:45:00-04:00,153.88999938964844,154.1699981689453,153.88999938964844,154.1699981689453,11543,153.88999938964844
2026-05-21 14:50:00-04:00,153.41000366210938,154.1199951171875,153.41000366210938,153.89999389648438,13251,153.41000366210938
2026-05-21 14:55:00-04:00,153.97000122070312,154.06260681152344,153.25,153.3300018310547,27831,153.97000122070312
2026-05-21 15:00:00-04:00,153.9600067138672,154.0500030517578,153.9199981689453,153.99000549316406,7398,153.9600067138672
2026-05-21 15:05:00-04:00,153.44000244140625,154.13999938964844,153.34500122070312,153.9600067138672,25130,153.44000244140625
2026-05-21 15:10:00-04:00,153.5800018310547,153.68499755859375,153.52000427246094,153.5500030517578,16759,153.5800018310547
2026-05-21 15:15:00-04:00,153.6300048828125,153.74000549316406,153.60000610351562,153.6199951171875,16142,153.6300048828125
2026-05-21 15:20:00-04:00,153.67999267578125,153.75999450683594,153.57000732421875,153.6300048828125,16903,153.67999267578125
2026-05-21 15:25:00-04:00,153.5500030517578,153.6999969482422,153.52000427246094,153.67999267578125,16192,153.5500030517578
2026-05-21 15:30:00-04:00,153.3800048828125,153.67999267578125,153.3800048828125,153.55999755859375,25885,153.3800048828125
2026-05-21 15:35:00-04:00,153.32000732421875,153.52999877929688,153.27999877929688,153.39999389648438,14908,153.32000732421875
2026-05-21 15:40:00-04:00,153.5749969482422,153.77999877929688,153.32000732421875,153.375,40888,153.5749969482422
2026-05-21 15:45:00-04:00,153.92999267578125,154.0,153.42999267578125,153.52000427246094,66136,153.92999267578125
2026-05-21 15:50:00-04:00,153.5800018310547,154.10000610351562,153.5399932861328,153.77999877929688,61739,153.5800018310547
2026-05-21 15:55:00-04:00,153.67999267578125,153.8000030517578,153.44000244140625,153.66000366210938,156752,153.67999267578125
2026-05-22 09:30:00-04:00,154.22999572753906,154.75,153.5050048828125,154.02999877929688,47321,154.22999572753906
2026-05-22 09:35:00-04:00,153.74000549316406,154.22000122070312,153.52999877929688,154.1999969482422,7673,153.74000549316406
2026-05-22 09:40:00-04:00,154.23500061035156,154.23500061035156,153.77999877929688,153.79637145996094,17411,154.23500061035156
2026-05-22 09:45:00-04:00,154.3000030517578,154.55999755859375,154.22999572753906,154.33999633789062,17023,154.3000030517578
2026-05-22 09:50:00-04:00,154.5,154.58999633789062,154.25,154.25,5473,154.5
2026-05-22 09:55:00-04:00,154.99000549316406,154.99000549316406,154.69500732421875,154.72999572753906,13298,154.99000549316406
2026-05-22 10:00:00-04:00,154.45140075683594,154.99000549316406,154.45140075683594,154.7100067138672,7409,154.45140075683594
2026-05-22 10:05:00-04:00,154.75,154.88999938964844,154.58999633789062,154.75999450683594,5949,154.75
2026-05-22 10:10:00-04:00,153.9199981689453,154.72500610351562,153.9199981689453,154.72500610351562,6747,153.9199981689453
2026-05-22 10:15:00-04:00,154.36000061035156,154.49000549316406,153.92010498046875,153.92010498046875,6177,154.36000061035156
2026-05-22 10:20:00-04:00,154.38999938964844,154.48910522460938,154.25999450683594,154.25999450683594,11353,154.38999938964844
2026-05-22 10:25:00-04:00,154.52000427246094,154.52000427246094,154.3000030517578,154.4499969482422,6331,154.52000427246094
2026-05-22 10:30:00-04:00,154.32000732421875,154.5500030517578,154.1649932861328,154.52000427246094,8491,154.32000732421875
2026-05-22 10:35:00-04:00,154.58999633789062,154.64999389648438,154.36000061035156,154.36000061035156,5397,154.58999633789062
2026-05-22 10:40:00-04:00,154.47000122070312,154.6300048828125,154.47000122070312,154.56500244140625,5752,154.47000122070312
2026-05-22 10:45:00-04:00,154.47000122070312,154.47000122070312,154.35000610351562,154.4600067138672,5913,154.47000122070312
2026-05-22 10:50:00-04:00,154.36000061035156,154.5,154.36000061035156,154.42999267578125,4420,154.36000061035156
2026-05-22 10:55:00-04:00,154.68499755859375,154.75,154.2949981689453,154.3300018310547,13065,154.68499755859375
2026-05-22 11:00:00-04:00,154.66000366210938,154.66000366210938,154.51499938964844,154.60000610351562,5499,154.66000366210938
2026-05-22 11:05:00-04:00,154.7100067138672,154.74000549316406,154.6300048828125,154.66000366210938,9282,154.7100067138672
2026-05-22 11:10:00-04:00,154.6199951171875,154.7100067138672,154.6199951171875,154.7100067138672,3743,154.6199951171875
2026-05-22 11:15:00-04:00,154.74000549316406,154.74000549316406,154.6199951171875,154.72500610351562,3921,154.74000549316406
2026-05-22 11:20:00-04:00,154.6999969482422,154.80999755859375,154.55999755859375,154.78500366210938,8809,154.6999969482422
2026-05-22 11:25:00-04:00,154.72999572753906,154.83999633789062,154.64999389648438,154.6999969482422,5879,154.72999572753906
2026-05-22 11:30:00-04:00,154.57000732421875,154.80999755859375,154.57000732421875,154.80999755859375,8431,154.57000732421875
2026-05-22 11:35:00-04:00,154.44000244140625,154.66000366210938,154.44000244140625,154.57000732421875,8748,154.44000244140625
2026-05-22 11:45:00-04:00,154.63999938964844,154.6999969482422,154.5229034423828,154.60499572753906,9077,154.63999938964844
2026-05-22 11:50:00-04:00,154.5749969482422,154.74989318847656,154.5749969482422,154.60000610351562,5637,154.5749969482422
2026-05-22 11:55:00-04:00,154.5449981689453,154.60499572753906,154.4499969482422,154.60499572753906,2908,154.5449981689453
2026-05-22 12:00:00-04:00,154.48500061035156,154.5399932861328,154.4290008544922,154.4499969482422,6530,154.48500061035156
2026-05-22 12:05:00-04:00,154.5399932861328,154.5399932861328,154.44000244140625,154.4600067138672,2953,154.5399932861328
2026-05-22 12:10:00-04:00,154.32000732421875,154.52000427246094,154.32000732421875,154.48500061035156,9065,154.32000732421875
2026-05-22 12:15:00-04:00,154.5800018310547,154.6999969482422,154.33999633789062,154.375,9245,154.5800018310547
2026-05-22 12:20:00-04:00,154.75,154.90499877929688,154.5800018310547,154.5800018310547,17633,154.75
2026-05-22 12:25:00-04:00,154.73570251464844,154.8249969482422,154.73570251464844,154.8249969482422,3504,154.73570251464844
2026-05-22 12:30:00-04:00,154.8800048828125,154.9199981689453,154.82000732421875,154.82000732421875,4572,154.8800048828125
2026-05-22 12:35:00-04:00,154.83999633789062,154.88499450683594,154.74000549316406,154.74000549316406,4277,154.83999633789062
2026-05-22 12:40:00-04:00,154.75,154.86160278320312,154.6699981689453,154.86160278320312,5887,154.75
2026-05-22 12:45:00-04:00,154.6699981689453,154.77000427246094,154.6699981689453,154.6699981689453,4304,154.6699981689453
2026-05-22 12:50:00-04:00,154.55999755859375,154.6699981689453,154.55999755859375,154.6699981689453,2672,154.55999755859375
2026-05-22 12:55:00-04:00,154.27999877929688,154.55999755859375,154.27999877929688,154.55999755859375,5482,154.27999877929688
2026-05-22 13:00:00-04:00,154.5500030517578,154.55999755859375,154.5,154.5,7255,154.5500030517578
2026-05-22 13:05:00-04:00,154.57000732421875,154.63999938964844,154.57000732421875,154.5800018310547,5329,154.57000732421875
2026-05-22 13:10:00-04:00,154.5,154.58999633789062,154.5,154.52999877929688,5351,154.5
2026-05-22 13:15:00-04:00,154.42999267578125,154.66000366210938,154.42999267578125,154.55990600585938,14126,154.42999267578125
2026-05-22 13:20:00-04:00,154.5050048828125,154.5399932861328,154.5050048828125,154.52000427246094,3845,154.5050048828125
2026-05-22 13:25:00-04:00,155.02000427246094,155.02000427246094,154.57000732421875,154.67999267578125,10410,155.02000427246094
2026-05-22 13:30:00-04:00,154.80999755859375,154.97000122070312,154.80999755859375,154.97000122070312,3750,154.80999755859375
2026-05-22 13:35:00-04:00,154.6300048828125,154.80999755859375,154.6300048828125,154.80999755859375,3077,154.6300048828125
2026-05-22 13:40:00-04:00,154.7100067138672,154.77749633789062,154.6300048828125,154.6300048828125,4892,154.7100067138672
2026-05-22 13:45:00-04:00,154.52000427246094,154.66000366210938,154.52000427246094,154.66000366210938,4662,154.52000427246094
2026-05-22 13:50:00-04:00,154.3699951171875,154.5399932861328,154.36500549316406,154.5399932861328,3182,154.3699951171875
2026-05-22 13:55:00-04:00,154.42999267578125,154.47000122070312,154.32000732421875,154.3699951171875,5673,154.42999267578125
2026-05-22 14:00:00-04:00,154.52000427246094,154.6300048828125,154.4600067138672,154.49000549316406,9892,154.52000427246094
2026-05-22 14:05:00-04:00,154.39999389648438,154.57000732421875,154.3800048828125,154.57000732421875,4290,154.39999389648438
2026-05-22 14:10:00-04:00,154.36000061035156,154.50999450683594,154.36000061035156,154.4550018310547,4553,154.36000061035156
2026-05-22 14:15:00-04:00,154.35499572753906,154.4600067138672,154.2100067138672,154.38999938964844,7332,154.35499572753906
2026-05-22 14:20:00-04:00,154.39999389648438,154.5,154.35499572753906,154.35499572753906,8691,154.39999389648438
2026-05-22 14:25:00-04:00,154.19000244140625,154.39999389648438,154.16000366210938,154.39999389648438,9618,154.19000244140625
2026-05-22 14:30:00-04:00,154.14999389648438,154.19000244140625,154.1300048828125,154.19000244140625,5056,154.14999389648438
2026-05-22 14:35:00-04:00,154.1300048828125,154.22000122070312,154.07000732421875,154.1649932861328,12180,154.1300048828125
2026-05-22 14:40:00-04:00,154.02000427246094,154.13999938964844,154.02000427246094,154.13999938964844,3986,154.02000427246094
2026-05-22 14:45:00-04:00,154.0800018310547,154.0800018310547,153.9499969482422,154.0,6970,154.0800018310547
2026-05-22 14:50:00-04:00,154.35000610351562,154.39500427246094,154.07000732421875,154.0800018310547,19142,154.35000610351562
2026-05-22 14:55:00-04:00,154.2100067138672,154.35000610351562,154.2100067138672,154.35000610351562,8507,154.2100067138672
2026-05-22 15:00:00-04:00,153.9199981689453,154.22999572753906,153.9149932861328,154.2100067138672,9176,153.9199981689453
2026-05-22 15:05:00-04:00,154.22999572753906,154.22999572753906,153.97000122070312,154.07000732421875,8458,154.22999572753906
2026-05-22 15:10:00-04:00,154.22999572753906,154.27000427246094,154.22000122070312,154.24000549316406,5473,154.22999572753906
2026-05-22 15:15:00-04:00,154.33999633789062,154.35000610351562,154.07009887695312,154.22999572753906,10197,154.33999633789062
2026-05-22 15:20:00-04:00,154.27999877929688,154.3300018310547,154.22000122070312,154.3000030517578,10914,154.27999877929688
2026-05-22 15:25:00-04:00,154.13999938964844,154.27000427246094,154.08999633789062,154.25,9660,154.13999938964844
2026-05-22 15:30:00-04:00,154.16000366210938,154.22999572753906,154.10000610351562,154.17250061035156,10763,154.16000366210938
2026-05-22 15:35:00-04:00,154.09500122070312,154.13499450683594,154.02999877929688,154.10000610351562,15991,154.09500122070312
2026-05-22 15:40:00-04:00,153.9949951171875,154.08999633789062,153.92999267578125,154.05999755859375,11516,153.9949951171875
2026-05-22 15:45:00-04:00,153.85000610351562,153.97999572753906,153.77000427246094,153.9600067138672,16320,153.85000610351562
2026-05-22 15:50:00-04:00,154.00999450683594,154.02000427246094,153.64999389648438,153.85000610351562,35421,154.00999450683594
2026-05-22 15:55:00-04:00,154.0500030517578,154.11000061035156,153.6699981689453,154.0399932861328,181143,154.0500030517578
2026-05-26 09:30:00-04:00,156.4499969482422,156.77999877929688,155.35000610351562,155.35000610351562,77019,156.4499969482422
2026-05-26 09:35:00-04:00,156.9199981689453,157.16000366210938,156.1199951171875,156.41000366210938,22947,156.9199981689453
2026-05-26 09:40:00-04:00,156.6199951171875,156.99000549316406,156.47000122070312,156.77552795410156,15552,156.6199951171875
2026-05-26 09:45:00-04:00,156.8300018310547,157.0800018310547,156.22000122070312,156.7899932861328,32874,156.8300018310547
2026-05-26 09:50:00-04:00,156.4149932861328,157.0,156.4149932861328,156.77999877929688,17245,156.4149932861328
2026-05-26 09:55:00-04:00,156.25,156.66000366210938,156.22000122070312,156.468994140625,14504,156.25
2026-05-26 10:00:00-04:00,156.22000122070312,156.22000122070312,155.9550018310547,156.14999389648438,22504,156.22000122070312
2026-05-26 10:05:00-04:00,156.25,156.4550018310547,156.05999755859375,156.22000122070312,10415,156.25
2026-05-26 10:10:00-04:00,155.88999938964844,156.38999938964844,155.6699981689453,156.25,35003,155.88999938964844
2026-05-26 10:15:00-04:00,155.52999877929688,155.8699951171875,155.52999877929688,155.77999877929688,6827,155.52999877929688
2026-05-26 10:20:00-04:00,155.86000061035156,155.97000122070312,155.6199951171875,155.6199951171875,9722,155.86000061035156
2026-05-26 10:25:00-04:00,155.8300018310547,155.86000061035156,155.75999450683594,155.79750061035156,6617,155.8300018310547
2026-05-26 10:30:00-04:00,155.52000427246094,155.8699951171875,155.50999450683594,155.8300018310547,6369,155.52000427246094
2026-05-26 10:35:00-04:00,155.91000366210938,156.07000732421875,155.59500122070312,155.67999267578125,8044,155.91000366210938
2026-05-26 10:40:00-04:00,155.91000366210938,156.08999633789062,155.85000610351562,155.85000610351562,6481,155.91000366210938
2026-05-26 10:45:00-04:00,156.1199951171875,156.25,155.9199981689453,155.9199981689453,5146,156.1199951171875
2026-05-26 10:50:00-04:00,156.1699981689453,156.30999755859375,156.08999633789062,156.1699981689453,7034,156.1699981689453
2026-05-26 10:55:00-04:00,156.4324951171875,156.5399932861328,155.92999267578125,156.17999267578125,6632,156.4324951171875
2026-05-26 11:00:00-04:00,156.3800048828125,156.52999877929688,156.32000732421875,156.52000427246094,5555,156.3800048828125
2026-05-26 11:05:00-04:00,156.5500030517578,156.5500030517578,156.3300018310547,156.3800048828125,5959,156.5500030517578
2026-05-26 11:10:00-04:00,156.50999450683594,156.6699981689453,156.50999450683594,156.5500030517578,9077,156.50999450683594
2026-05-26 11:15:00-04:00,156.52000427246094,156.57000732421875,156.4600067138672,156.55499267578125,9126,156.52000427246094
2026-05-26 11:20:00-04:00,156.44000244140625,156.5500030517578,156.4199981689453,156.5,6515,156.44000244140625
2026-05-26 11:25:00-04:00,156.46249389648438,156.5,156.32000732421875,156.47000122070312,13749,156.46249389648438
2026-05-26 11:30:00-04:00,156.42999267578125,156.63999938964844,156.42999267578125,156.52000427246094,10006,156.42999267578125
2026-05-26 11:35:00-04:00,156.75,156.75999450683594,156.32009887695312,156.47000122070312,14073,156.75
2026-05-26 11:40:00-04:00,156.8376007080078,156.94000244140625,156.71499633789062,156.80990600585938,8437,156.8376007080078
2026-05-26 11:45:00-04:00,156.77999877929688,156.8699951171875,156.66000366210938,156.8000030517578,9737,156.77999877929688
2026-05-26 11:50:00-04:00,156.72000122070312,156.8699951171875,156.67999267578125,156.8350067138672,7379,156.72000122070312
2026-05-26 11:55:00-04:00,156.86000061035156,156.8699951171875,156.72000122070312,156.72000122070312,9090,156.86000061035156
2026-05-26 12:00:00-04:00,156.8249969482422,156.88999938964844,156.75999450683594,156.88999938964844,7874,156.8249969482422
2026-05-26 12:05:00-04:00,156.82000732421875,156.8699951171875,156.72000122070312,156.8314971923828,6881,156.82000732421875
2026-05-26 12:10:00-04:00,156.8300018310547,156.8699951171875,156.74000549316406,156.77999877929688,8320,156.8300018310547
2026-05-26 12:15:00-04:00,157.0800018310547,157.0800018310547,156.8300018310547,156.88999938964844,8623,157.0800018310547
2026-05-26 12:20:00-04:00,157.05999755859375,157.14990234375,157.0,157.07000732421875,8612,157.05999755859375
2026-05-26 12:25:00-04:00,156.97999572753906,157.00999450683594,156.8699951171875,156.99000549316406,8097,156.97999572753906
2026-05-26 12:30:00-04:00,157.10000610351562,157.22000122070312,157.0,157.00999450683594,28137,157.10000610351562
2026-05-26 12:35:00-04:00,156.9600067138672,157.10000610351562,156.9600067138672,157.10000610351562,7261,156.9600067138672
2026-05-26 12:40:00-04:00,157.11000061035156,157.11000061035156,156.94000244140625,157.02000427246094,12253,157.11000061035156
2026-05-26 12:45:00-04:00,157.11000061035156,157.25,157.10499572753906,157.1300048828125,11305,157.11000061035156
2026-05-26 12:50:00-04:00,157.17999267578125,157.17999267578125,157.0,157.05999755859375,10196,157.17999267578125
2026-05-26 12:55:00-04:00,157.2100067138672,157.25999450683594,157.17999267578125,157.17999267578125,8889,157.2100067138672
2026-05-26 13:00:00-04:00,157.23500061035156,157.40750122070312,157.19000244140625,157.25,11422,157.23500061035156
2026-05-26 13:05:00-04:00,157.22000122070312,157.22000122070312,157.0800018310547,157.14999389648438,8957,157.22000122070312
2026-05-26 13:10:00-04:00,157.3800048828125,157.3800048828125,157.2100067138672,157.2100067138672,7853,157.3800048828125
2026-05-26 13:15:00-04:00,157.25,157.3699951171875,157.2100067138672,157.3699951171875,5892,157.25
2026-05-26 13:20:00-04:00,157.25999450683594,157.25999450683594,157.1199951171875,157.1699981689453,6626,157.25999450683594
2026-05-26 13:25:00-04:00,157.11000061035156,157.32000732421875,157.0500030517578,157.25999450683594,31464,157.11000061035156
2026-05-26 13:30:00-04:00,157.35000610351562,157.35000610351562,157.10000610351562,157.1199951171875,12372,157.35000610351562
2026-05-26 13:35:00-04:00,157.44500732421875,157.47999572753906,157.30499267578125,157.3699951171875,5317,157.44500732421875
2026-05-26 13:40:00-04:00,157.60000610351562,157.60000610351562,157.33999633789062,157.38999938964844,9791,157.60000610351562
2026-05-26 13:45:00-04:00,157.6300048828125,157.72000122070312,157.52000427246094,157.60000610351562,15792,157.6300048828125
2026-05-26 13:50:00-04:00,157.50999450683594,157.52000427246094,157.41250610351562,157.51499938964844,8313,157.50999450683594
2026-05-26 13:55:00-04:00,157.72000122070312,157.72000122070312,157.44500732421875,157.44500732421875,7522,157.72000122070312
2026-05-26 14:00:00-04:00,158.02999877929688,158.1300048828125,157.67999267578125,157.68499755859375,34730,158.02999877929688
2026-05-26 14:05:00-04:00,158.02999877929688,158.27999877929688,158.02999877929688,158.02999877929688,25075,158.02999877929688
2026-05-26 14:10:00-04:00,158.02499389648438,158.18499755859375,157.8625030517578,158.0500030517578,20775,158.02499389648438
2026-05-26 14:15:00-04:00,158.24000549316406,158.25999450683594,158.0399932861328,158.0399932861328,12675,158.24000549316406
2026-05-26 14:20:00-04:00,158.32000732421875,158.36000061035156,158.0800018310547,158.22999572753906,10367,158.32000732421875
2026-05-26 14:25:00-04:00,158.44000244140625,158.52000427246094,158.34500122070312,158.34500122070312,14642,158.44000244140625
2026-05-26 14:30:00-04:00,158.60499572753906,158.6649932861328,158.42999267578125,158.42999267578125,17088,158.60499572753906
2026-05-26 14:35:00-04:00,158.55999755859375,158.6300048828125,158.4499969482422,158.6300048828125,13430,158.55999755859375
2026-05-26 14:40:00-04:00,158.57000732421875,158.58999633789062,158.33999633789062,158.5500030517578,15231,158.57000732421875
2026-05-26 14:45:00-04:00,158.64999389648438,158.66000366210938,158.5500030517578,158.59500122070312,12584,158.64999389648438
2026-05-26 14:50:00-04:00,158.6750030517578,158.77000427246094,158.57009887695312,158.61500549316406,13869,158.6750030517578
2026-05-26 14:55:00-04:00,158.66000366210938,158.75,158.55999755859375,158.6699981689453,16592,158.66000366210938
2026-05-26 15:00:00-04:00,158.5800018310547,158.63999938964844,158.41000366210938,158.63999938964844,11105,158.5800018310547
2026-05-26 15:05:00-04:00,158.52999877929688,158.58999633789062,158.3800048828125,158.5800018310547,19931,158.52999877929688
2026-05-26 15:10:00-04:00,158.38999938964844,158.5,158.23500061035156,158.5,20912,158.38999938964844
2026-05-26 15:15:00-04:00,158.6300048828125,158.6649932861328,158.39999389648438,158.4199981689453,21153,158.6300048828125
2026-05-26 15:20:00-04:00,158.6699981689453,158.69679260253906,158.52000427246094,158.52000427246094,12377,158.6699981689453
2026-05-26 15:25:00-04:00,158.44000244140625,158.6699981689453,158.32000732421875,158.63999938964844,28036,158.44000244140625
2026-05-26 15:30:00-04:00,158.6300048828125,158.63999938964844,158.4600067138672,158.4600067138672,21976,158.6300048828125
2026-05-26 15:35:00-04:00,158.6199951171875,158.76499938964844,158.5399932861328,158.60000610351562,37646,158.6199951171875
2026-05-26 15:40:00-04:00,158.66000366210938,158.83999633789062,158.4510040283203,158.61000061035156,32080,158.66000366210938
2026-05-26 15:45:00-04:00,158.63999938964844,158.85000610351562,158.63999938964844,158.74000549316406,35061,158.63999938964844
2026-05-26 15:50:00-04:00,158.58999633789062,158.86000061035156,158.50999450683594,158.57000732421875,61259,158.58999633789062
2026-05-26 15:55:00-04:00,158.60000610351562,158.64999389648438,158.22000122070312,158.58999633789062,211599,158.60000610351562
2026-05-27 09:30:00-04:00,158.8300018310547,159.30650329589844,158.2100067138672,158.4199981689453,34104,158.8300018310547
2026-05-27 09:35:00-04:00,157.61000061035156,158.9550018310547,157.39999389648438,158.77000427246094,31744,157.61000061035156
2026-05-27 09:40:00-04:00,155.9199981689453,157.7100067138672,155.72000122070312,157.7100067138672,35155,155.9199981689453
2026-05-27 09:45:00-04:00,155.94000244140625,156.9550018310547,155.77000427246094,155.89999389648438,25398,155.94000244140625
2026-05-27 09:50:00-04:00,157.61000061035156,157.72500610351562,155.94000244140625,155.94000244140625,25570,157.61000061035156
2026-05-27 09:55:00-04:00,156.89999389648438,157.63999938964844,156.82000732421875,157.63999938964844,36309,156.89999389648438
2026-05-27 10:00:00-04:00,157.07000732421875,157.1199951171875,156.8300018310547,156.9709930419922,9383,157.07000732421875
2026-05-27 10:05:00-04:00,157.5500030517578,157.55499267578125,156.96499633789062,156.96499633789062,16245,157.5500030517578
2026-05-27 10:10:00-04:00,157.97000122070312,158.22250366210938,157.55499267578125,157.55499267578125,19966,157.97000122070312
2026-05-27 10:15:00-04:00,158.5050048828125,158.5500030517578,157.94500732421875,158.04989624023438,15416,158.5050048828125
2026-05-27 10:20:00-04:00,157.77000427246094,158.4499969482422,157.72999572753906,158.4499969482422,21226,157.77000427246094
2026-05-27 10:25:00-04:00,158.08999633789062,158.08999633789062,157.64999389648438,157.69000244140625,11814,158.08999633789062
2026-05-27 10:30:00-04:00,158.11000061035156,158.39999389648438,157.83999633789062,158.1300048828125,15908,158.11000061035156
2026-05-27 10:35:00-04:00,158.08999633789062,158.2550048828125,158.0,158.1199951171875,8429,158.08999633789062
2026-05-27 10:40:00-04:00,157.97000122070312,158.14999389648438,157.7899932861328,158.08999633789062,13800,157.97000122070312
2026-05-27 10:45:00-04:00,157.7899932861328,157.91000366210938,157.6300048828125,157.86000061035156,11434,157.7899932861328
2026-05-27 10:50:00-04:00,157.58999633789062,157.7899932861328,157.52000427246094,157.6699981689453,9145,157.58999633789062
2026-05-27 10:55:00-04:00,157.43499755859375,157.77999877929688,157.39999389648438,157.77999877929688,8978,157.43499755859375
2026-05-27 11:00:00-04:00,157.8300018310547,157.85000610351562,157.41000366210938,157.5,10323,157.8300018310547
2026-05-27 11:05:00-04:00,157.7050018310547,157.85989379882812,157.66000366210938,157.77000427246094,12075,157.7050018310547
2026-05-27 11:10:00-04:00,157.38499450683594,157.80999755859375,157.32000732421875,157.75999450683594,14795,157.38499450683594
2026-05-27 11:15:00-04:00,157.34750366210938,157.41000366210938,157.1300048828125,157.25,11993,157.34750366210938
2026-05-27 11:20:00-04:00,157.34500122070312,157.44000244140625,157.13999938964844,157.40499877929688,13474,157.34500122070312
2026-05-27 11:25:00-04:00,157.03500366210938,157.38999938964844,156.8699951171875,157.35000610351562,15174,157.03500366210938
2026-05-27 11:30:00-04:00,157.36000061035156,157.4199981689453,157.05499267578125,157.05499267578125,17657,157.36000061035156
2026-05-27 11:35:00-04:00,157.1699981689453,157.32000732421875,157.02999877929688,157.25999450683594,17078,157.1699981689453
2026-05-27 11:40:00-04:00,157.25,157.3300018310547,157.11500549316406,157.17999267578125,8882,157.25
2026-05-27 11:45:00-04:00,157.30499267578125,157.3300018310547,157.1699981689453,157.2550048828125,15484,157.30499267578125
2026-05-27 11:50:00-04:00,157.49000549316406,157.5124969482422,157.3125,157.33999633789062,13053,157.49000549316406
2026-05-27 11:55:00-04:00,157.65499877929688,157.69000244140625,157.3300018310547,157.4600067138672,12763,157.65499877929688
2026-05-27 12:00:00-04:00,157.30999755859375,157.72999572753906,157.30999755859375,157.65499877929688,24359,157.30999755859375
2026-05-27 12:05:00-04:00,157.30999755859375,157.47000122070312,157.30999755859375,157.4199981689453,5853,157.30999755859375
2026-05-27 12:10:00-04:00,157.3800048828125,157.55999755859375,157.3800048828125,157.39999389648438,13484,157.3800048828125
2026-05-27 12:15:00-04:00,157.24000549316406,157.44000244140625,157.23500061035156,157.375,13561,157.24000549316406
2026-05-27 12:20:00-04:00,157.25999450683594,157.49000549316406,157.1999969482422,157.1999969482422,12265,157.25999450683594
2026-05-27 12:25:00-04:00,157.1999969482422,157.38499450683594,157.13999938964844,157.26499938964844,22861,157.1999969482422
2026-05-27 12:30:00-04:00,157.72000122070312,157.72000122070312,157.27000427246094,157.27000427246094,10499,157.72000122070312
2026-05-27 12:35:00-04:00,157.4499969482422,157.6199951171875,157.4499969482422,157.6199951171875,5549,157.4499969482422
2026-05-27 12:40:00-04:00,157.49000549316406,157.5416259765625,157.36000061035156,157.4499969482422,8022,157.49000549316406
2026-05-27 12:45:00-04:00,157.52999877929688,157.52999877929688,157.22000122070312,157.49000549316406,12322,157.52999877929688
2026-05-27 12:50:00-04:00,157.5399932861328,157.60000610351562,157.51499938964844,157.52999877929688,4403,157.5399932861328
2026-05-27 12:55:00-04:00,157.44000244140625,157.5500030517578,157.39999389648438,157.5500030517578,6116,157.44000244140625
2026-05-27 13:00:00-04:00,157.4600067138672,157.47000122070312,157.33999633789062,157.47000122070312,6760,157.4600067138672
2026-05-27 13:05:00-04:00,157.2899932861328,157.49000549316406,157.22999572753906,157.4600067138672,8389,157.2899932861328
2026-05-27 13:10:00-04:00,157.34500122070312,157.4199981689453,157.25999450683594,157.25999450683594,15398,157.34500122070312
2026-05-27 13:15:00-04:00,157.5800018310547,157.6300048828125,157.35000610351562,157.35000610351562,6906,157.5800018310547
2026-05-27 13:20:00-04:00,157.78250122070312,157.8800048828125,157.5399932861328,157.5800018310547,14756,157.78250122070312
2026-05-27 13:25:00-04:00,158.02999877929688,158.03500366210938,157.75,157.77999877929688,12906,158.02999877929688
2026-05-27 13:30:00-04:00,158.02000427246094,158.08999633789062,157.85000610351562,158.0050048828125,24309,158.02000427246094
2026-05-27 13:35:00-04:00,157.5500030517578,158.05499267578125,157.5399932861328,158.05499267578125,22420,157.5500030517578
2026-05-27 13:40:00-04:00,157.63499450683594,157.6999969482422,157.4949951171875,157.5,10955,157.63499450683594
2026-05-27 13:45:00-04:00,157.5850067138672,157.63499450683594,157.5500030517578,157.63499450683594,15540,157.5850067138672
2026-05-27 13:50:00-04:00,157.64999389648438,157.7100067138672,157.60000610351562,157.63999938964844,8159,157.64999389648438
2026-05-27 13:55:00-04:00,157.875,157.89999389648438,157.7100067138672,157.7100067138672,11427,157.875
2026-05-27 14:00:00-04:00,157.6999969482422,157.91000366210938,157.6999969482422,157.8800048828125,12345,157.6999969482422
2026-05-27 14:05:00-04:00,157.71499633789062,157.80999755859375,157.6699981689453,157.7449951171875,9289,157.71499633789062
2026-05-27 14:10:00-04:00,157.5449981689453,157.74000549316406,157.5399932861328,157.71499633789062,18681,157.5449981689453
2026-05-27 14:15:00-04:00,157.74000549316406,157.75999450683594,157.53500366210938,157.5399932861328,11256,157.74000549316406
2026-05-27 14:20:00-04:00,157.63999938964844,157.74000549316406,157.5800018310547,157.74000549316406,8027,157.63999938964844
2026-05-27 14:25:00-04:00,157.71499633789062,157.75999450683594,157.6699981689453,157.6699981689453,8472,157.71499633789062
2026-05-27 14:30:00-04:00,157.75999450683594,157.85000610351562,157.71499633789062,157.71499633789062,10032,157.75999450683594
2026-05-27 14:35:00-04:00,157.82000732421875,157.8800048828125,157.72000122070312,157.7899932861328,10458,157.82000732421875
2026-05-27 14:40:00-04:00,157.89999389648438,157.97000122070312,157.80999755859375,157.80999755859375,12037,157.89999389648438
2026-05-27 14:45:00-04:00,157.91000366210938,157.94500732421875,157.8699951171875,157.89999389648438,6805,157.91000366210938
2026-05-27 14:50:00-04:00,157.9499969482422,158.0,157.91000366210938,157.9149932861328,10145,157.9499969482422
2026-05-27 14:55:00-04:00,157.96499633789062,158.00999450683594,157.8699951171875,157.89999389648438,13670,157.96499633789062
2026-05-27 15:00:00-04:00,157.9199981689453,157.9199981689453,157.83999633789062,157.91000366210938,11994,157.9199981689453
2026-05-27 15:05:00-04:00,157.9600067138672,157.97999572753906,157.86500549316406,157.93499755859375,10742,157.9600067138672
2026-05-27 15:10:00-04:00,157.88999938964844,157.99989318847656,157.85000610351562,157.9600067138672,14497,157.88999938964844
2026-05-27 15:15:00-04:00,157.81500244140625,158.02000427246094,157.77999877929688,157.91000366210938,23725,157.81500244140625
2026-05-27 15:20:00-04:00,157.89999389648438,157.9949951171875,157.81500244140625,157.81500244140625,15146,157.89999389648438
2026-05-27 15:25:00-04:00,157.77000427246094,157.91000366210938,157.68499755859375,157.89999389648438,17200,157.77000427246094
2026-05-27 15:30:00-04:00,157.91000366210938,157.9600067138672,157.77499389648438,157.8000030517578,18262,157.91000366210938
2026-05-27 15:35:00-04:00,157.78500366210938,157.97000122070312,157.7449951171875,157.9199981689453,20649,157.78500366210938
2026-05-27 15:40:00-04:00,157.5749969482422,157.75,157.5,157.74000549316406,18893,157.5749969482422
2026-05-27 15:45:00-04:00,157.33999633789062,157.58999633789062,157.25999450683594,157.58999633789062,20895,157.33999633789062
2026-05-27 15:50:00-04:00,157.75,157.7899932861328,157.32000732421875,157.32000732421875,44939,157.75
2026-05-27 15:55:00-04:00,157.8800048828125,157.94000244140625,157.72000122070312,157.77999877929688,159333,157.8800048828125
2026-05-28 09:30:00-04:00,157.55499267578125,157.55499267578125,156.07000732421875,157.1199951171875,23655,157.55499267578125
2026-05-28 09:35:00-04:00,157.8300018310547,157.99000549316406,157.5124969482422,157.8800048828125,10436,157.8300018310547
2026-05-28 09:40:00-04:00,158.00999450683594,158.08999633789062,157.8300018310547,157.8300018310547,5160,158.00999450683594
2026-05-28 09:45:00-04:00,157.97999572753906,158.13999938964844,157.75999450683594,157.97000122070312,30644,157.97999572753906
2026-05-28 09:50:00-04:00,158.0850067138672,158.30499267578125,158.01499938964844,158.0500030517578,10953,158.0850067138672
2026-05-28 09:55:00-04:00,157.11000061035156,158.0800018310547,157.11000061035156,158.0800018310547,55935,157.11000061035156
2026-05-28 10:00:00-04:00,156.8699951171875,157.47000122070312,156.8699951171875,157.15499877929688,18777,156.8699951171875
2026-05-28 10:05:00-04:00,156.2100067138672,156.72000122070312,156.2100067138672,156.72000122070312,18689,156.2100067138672
2026-05-28 10:10:00-04:00,158.0500030517578,158.23500061035156,156.2100067138672,156.2100067138672,30222,158.0500030517578
2026-05-28 10:15:00-04:00,157.07000732421875,157.57000732421875,156.8800048828125,157.57000732421875,9898,157.07000732421875
2026-05-28 10:20:00-04:00,157.13999938964844,157.13999938964844,156.39999389648438,157.07000732421875,13419,157.13999938964844
2026-05-28 10:25:00-04:00,157.22999572753906,157.33999633789062,156.97500610351562,157.13999938964844,9248,157.22999572753906
2026-05-28 10:30:00-04:00,156.63999938964844,157.5050048828125,156.50999450683594,157.38999938964844,8700,156.63999938964844
2026-05-28 10:35:00-04:00,156.94000244140625,156.94000244140625,156.60499572753906,156.75,12068,156.94000244140625
2026-05-28 10:40:00-04:00,156.5500030517578,157.03500366210938,156.49000549316406,156.8300018310547,13631,156.5500030517578
2026-05-28 10:45:00-04:00,156.52999877929688,156.6199951171875,156.30999755859375,156.5050048828125,23841,156.52999877929688
2026-05-28 10:50:00-04:00,156.85000610351562,157.02000427246094,156.5,156.52999877929688,17063,156.85000610351562
2026-05-28 10:55:00-04:00,156.7100067138672,156.9499969482422,156.47000122070312,156.85000610351562,7273,156.7100067138672
2026-05-28 11:00:00-04:00,156.81500244140625,156.97999572753906,156.5,156.5,9084,156.81500244140625
2026-05-28 11:05:00-04:00,156.94500732421875,157.0800018310547,156.67999267578125,156.80499267578125,9809,156.94500732421875
2026-05-28 11:10:00-04:00,156.9774932861328,157.1999969482422,156.94000244140625,156.97500610351562,24766,156.9774932861328
2026-05-28 11:15:00-04:00,156.8800048828125,156.9199981689453,156.77999877929688,156.83999633789062,4138,156.8800048828125
2026-05-28 11:20:00-04:00,156.61000061035156,156.92999267578125,156.60000610351562,156.92999267578125,6170,156.61000061035156
2026-05-28 11:25:00-04:00,156.74000549316406,156.75999450683594,156.47500610351562,156.58999633789062,30018,156.74000549316406
2026-05-28 11:30:00-04:00,156.55999755859375,156.8300018310547,156.42999267578125,156.72000122070312,20393,156.55999755859375
2026-05-28 11:35:00-04:00,156.42999267578125,156.60000610351562,156.42999267578125,156.42999267578125,7780,156.42999267578125
2026-05-28 11:40:00-04:00,156.6699981689453,156.6699981689453,156.47000122070312,156.52000427246094,9658,156.6699981689453
2026-05-28 11:45:00-04:00,156.64999389648438,156.77000427246094,156.64999389648438,156.73500061035156,4606,156.64999389648438
2026-05-28 11:50:00-04:00,156.8000030517578,156.80999755859375,156.5399932861328,156.58999633789062,15141,156.8000030517578
2026-05-28 11:55:00-04:00,156.6649932861328,156.77999877929688,156.64999389648438,156.77999877929688,3861,156.6649932861328
2026-05-28 12:00:00-04:00,156.75999450683594,156.75999450683594,156.55999755859375,156.55999755859375,5683,156.75999450683594
2026-05-28 12:05:00-04:00,156.91000366210938,156.91000366210938,156.65499877929688,156.74000549316406,6523,156.91000366210938
2026-05-28 12:10:00-04:00,156.99000549316406,157.00999450683594,156.84010314941406,156.91000366210938,6039,156.99000549316406
2026-05-28 12:15:00-04:00,156.97999572753906,157.05999755859375,156.94000244140625,156.98500061035156,11573,156.97999572753906
2026-05-28 12:20:00-04:00,157.0749969482422,157.0800018310547,156.8800048828125,156.97999572753906,13806,157.0749969482422
2026-05-28 12:25:00-04:00,157.0800018310547,157.1300048828125,157.02000427246094,157.0850067138672,5642,157.0800018310547
2026-05-28 12:30:00-04:00,157.7100067138672,157.7100067138672,157.08999633789062,157.08999633789062,12221,157.7100067138672
2026-05-28 12:35:00-04:00,157.61000061035156,157.69500732421875,157.56500244140625,157.6699981689453,6917,157.61000061035156
2026-05-28 12:40:00-04:00,157.7100067138672,157.75,157.63999938964844,157.67999267578125,9422,157.7100067138672
2026-05-28 12:45:00-04:00,157.9199981689453,157.94000244140625,157.74000549316406,157.75999450683594,4996,157.9199981689453
2026-05-28 12:50:00-04:00,158.0399932861328,158.05999755859375,157.94000244140625,158.0399932861328,5925,158.0399932861328
2026-05-28 12:55:00-04:00,157.90499877929688,158.08999633789062,157.90499877929688,158.0399932861328,5189,157.90499877929688
2026-05-28 13:00:00-04:00,158.0399932861328,158.0500030517578,157.875,157.9199981689453,7123,158.0399932861328
2026-05-28 13:05:00-04:00,157.89999389648438,158.0399932861328,157.84500122070312,158.0399932861328,4265,157.89999389648438
2026-05-28 13:10:00-04:00,158.08999633789062,158.11000061035156,157.9600067138672,157.9600067138672,7453,158.08999633789062
2026-05-28 13:15:00-04:00,157.99000549316406,158.0449981689453,157.94000244140625,158.0449981689453,13445,157.99000549316406
2026-05-28 13:20:00-04:00,158.05999755859375,158.05999755859375,157.99000549316406,158.00999450683594,10931,158.05999755859375
2026-05-28 13:25:00-04:00,158.1199951171875,158.19000244140625,158.0800018310547,158.08999633789062,15329,158.1199951171875
2026-05-28 13:30:00-04:00,158.1300048828125,158.22999572753906,158.08999633789062,158.17999267578125,10566,158.1300048828125
2026-05-28 13:35:00-04:00,158.0,158.16000366210938,157.91000366210938,158.16000366210938,17921,158.0
2026-05-28 13:40:00-04:00,157.8300018310547,158.02999877929688,157.7449951171875,158.02999877929688,8236,157.8300018310547
2026-05-28 13:45:00-04:00,157.7899932861328,157.89500427246094,157.7899932861328,157.82000732421875,7934,157.7899932861328
2026-05-28 13:50:00-04:00,157.8300018310547,157.88499450683594,157.77999877929688,157.80999755859375,7055,157.8300018310547
2026-05-28 13:55:00-04:00,157.82000732421875,157.88999938964844,157.8000030517578,157.8000030517578,9212,157.82000732421875
2026-05-28 14:00:00-04:00,157.97999572753906,158.0,157.6699981689453,157.69000244140625,15713,157.97999572753906
2026-05-28 14:05:00-04:00,158.01499938964844,158.0399932861328,157.89129638671875,157.99000549316406,8507,158.01499938964844
2026-05-28 14:10:00-04:00,158.10000610351562,158.11000061035156,157.9324951171875,158.01499938964844,14113,158.10000610351562
2026-05-28 14:15:00-04:00,158.07000732421875,158.1699981689453,158.02999877929688,158.10000610351562,8599,158.07000732421875
2026-05-28 14:20:00-04:00,158.24000549316406,158.24000549316406,158.07000732421875,158.110107421875,8167,158.24000549316406
2026-05-28 14:25:00-04:00,158.4199981689453,158.4199981689453,158.22000122070312,158.2550048828125,10065,158.4199981689453
2026-05-28 14:30:00-04:00,158.2100067138672,158.33999633789062,158.1699981689453,158.33999633789062,7872,158.2100067138672
2026-05-28 14:35:00-04:00,158.24000549316406,158.2899932861328,158.17999267578125,158.17999267578125,7377,158.24000549316406
2026-05-28 14:40:00-04:00,158.09249877929688,158.25999450683594,158.05999755859375,158.22500610351562,13184,158.09249877929688
2026-05-28 14:45:00-04:00,157.92999267578125,158.02999877929688,157.86500549316406,158.02999877929688,13853,157.92999267578125
2026-05-28 14:50:00-04:00,158.19000244140625,158.27999877929688,157.92999267578125,157.92999267578125,13426,158.19000244140625
2026-05-28 14:55:00-04:00,158.42999267578125,158.44000244140625,158.23500061035156,158.23500061035156,16252,158.42999267578125
2026-05-28 15:00:00-04:00,158.4199981689453,158.5,158.36500549316406,158.39999389648438,13060,158.4199981689453
2026-05-28 15:05:00-04:00,158.4199981689453,158.5,158.25999450683594,158.5,67767,158.4199981689453
2026-05-28 15:10:00-04:00,158.32000732421875,158.44500732421875,158.24000549316406,158.41000366210938,12722,158.32000732421875
2026-05-28 15:15:00-04:00,158.46499633789062,158.59500122070312,158.38999938964844,158.38999938964844,9324,158.46499633789062
2026-05-28 15:20:00-04:00,158.40989685058594,158.4600067138672,158.3000030517578,158.42999267578125,14117,158.40989685058594
2026-05-28 15:25:00-04:00,158.44000244140625,158.44000244140625,158.30999755859375,158.35000610351562,14226,158.44000244140625
2026-05-28 15:30:00-04:00,158.51499938964844,158.52000427246094,158.3000030517578,158.44000244140625,20842,158.51499938964844
2026-05-28 15:35:00-04:00,158.3000030517578,158.55499267578125,158.27000427246094,158.5399932861328,22718,158.3000030517578
2026-05-28 15:40:00-04:00,158.0800018310547,158.30999755859375,157.9600067138672,158.27999877929688,33537,158.0800018310547
2026-05-28 15:45:00-04:00,157.9199981689453,158.14999389648438,157.75999450683594,158.0800018310547,35934,157.9199981689453
2026-05-28 15:50:00-04:00,158.4149932861328,158.47000122070312,157.77499389648438,157.9199981689453,88396,158.4149932861328
2026-05-28 15:55:00-04:00,157.6300048828125,158.47999572753906,157.57000732421875,158.36000061035156,282906,157.6300048828125
2026-05-29 09:30:00-04:00,157.9250030517578,158.4250030517578,157.3000030517578,157.6300048828125,20010,157.9250030517578
2026-05-29 09:35:00-04:00,158.28990173339844,158.38999938964844,157.91000366210938,157.9199981689453,14764,158.28990173339844
2026-05-29 09:40:00-04:00,157.6300048828125,158.12306213378906,157.6300048828125,158.12306213378906,9144,157.6300048828125
2026-05-29 09:45:00-04:00,158.625,158.72000122070312,157.66000366210938,157.8249969482422,26553,158.625
2026-05-29 09:50:00-04:00,158.55999755859375,158.5749969482422,158.13999938964844,158.5749969482422,10328,158.55999755859375
2026-05-29 09:55:00-04:00,158.22000122070312,158.61500549316406,157.91250610351562,158.49000549316406,32609,158.22000122070312
2026-05-29 10:00:00-04:00,157.75999450683594,158.25,157.75999450683594,158.2100067138672,18867,157.75999450683594
2026-05-29 10:05:00-04:00,157.9600067138672,158.3000030517578,157.75,157.75,31476,157.9600067138672
2026-05-29 10:10:00-04:00,157.6300048828125,158.52000427246094,157.6300048828125,157.97500610351562,12273,157.6300048828125
2026-05-29 10:15:00-04:00,157.2899932861328,157.8699951171875,157.2899932861328,157.7899932861328,15395,157.2899932861328
2026-05-29 10:20:00-04:00,156.99000549316406,157.1999969482422,156.97999572753906,157.1999969482422,13539,156.99000549316406
2026-05-29 10:25:00-04:00,156.91000366210938,157.25999450683594,156.86000061035156,156.96499633789062,13455,156.91000366210938
2026-05-29 10:30:00-04:00,156.88999938964844,157.0,156.75999450683594,156.97000122070312,11834,156.88999938964844
2026-05-29 10:35:00-04:00,156.92999267578125,157.0,156.74000549316406,156.89999389648438,17473,156.92999267578125
2026-05-29 10:40:00-04:00,157.00999450683594,157.07000732421875,156.92999267578125,156.92999267578125,9286,157.00999450683594
2026-05-29 10:45:00-04:00,156.75,157.1750030517578,156.72999572753906,157.0800018310547,17495,156.75
2026-05-29 10:50:00-04:00,157.32000732421875,157.5399932861328,156.64999389648438,156.81500244140625,28476,157.32000732421875
2026-05-29 10:55:00-04:00,157.14999389648438,157.52000427246094,157.08999633789062,157.25,13311,157.14999389648438
2026-05-29 11:00:00-04:00,157.40499877929688,157.5,157.05999755859375,157.1199951171875,11977,157.40499877929688
2026-05-29 11:05:00-04:00,157.08999633789062,157.49000549316406,157.08999633789062,157.43800354003906,16418,157.08999633789062
2026-05-29 11:10:00-04:00,157.14999389648438,157.30999755859375,156.91000366210938,157.03500366210938,17236,157.14999389648438
2026-05-29 11:15:00-04:00,156.6999969482422,157.32000732421875,156.66000366210938,157.16000366210938,12352,156.6999969482422
2026-05-29 11:20:00-04:00,156.83999633789062,157.0500030517578,156.6699981689453,156.6699981689453,15420,156.83999633789062
2026-05-29 11:25:00-04:00,156.90499877929688,157.02999877929688,156.7899932861328,156.83999633789062,23203,156.90499877929688
2026-05-29 11:30:00-04:00,156.86000061035156,156.90499877929688,156.8000030517578,156.89999389648438,14051,156.86000061035156
2026-05-29 11:35:00-04:00,157.07000732421875,157.1300048828125,156.85000610351562,156.86000061035156,14299,157.07000732421875
2026-05-29 11:40:00-04:00,156.76499938964844,157.2449951171875,156.76499938964844,157.0800018310547,10835,156.76499938964844
2026-05-29 11:45:00-04:00,156.61000061035156,156.82000732421875,156.61000061035156,156.77000427246094,9523,156.61000061035156
2026-05-29 11:50:00-04:00,156.82000732421875,156.82000732421875,156.44000244140625,156.60000610351562,12351,156.82000732421875
2026-05-29 11:55:00-04:00,156.86500549316406,156.88999938964844,156.7050018310547,156.82000732421875,11032,156.86500549316406
2026-05-29 12:00:00-04:00,156.60000610351562,156.8699951171875,156.5,156.85000610351562,8966,156.60000610351562
2026-05-29 12:05:00-04:00,156.6999969482422,156.8000030517578,156.57249450683594,156.57249450683594,10848,156.6999969482422
2026-05-29 12:10:00-04:00,156.94000244140625,156.94000244140625,156.7100067138672,156.74000549316406,14023,156.94000244140625
2026-05-29 12:15:00-04:00,156.6199951171875,156.91000366210938,156.6199951171875,156.91000366210938,6661,156.6199951171875
2026-05-29 12:20:00-04:00,156.52999877929688,156.7100067138672,156.52499389648438,156.6199951171875,12428,156.52999877929688
2026-05-29 12:25:00-04:00,156.42999267578125,156.5500030517578,156.35000610351562,156.52999877929688,11893,156.42999267578125
2026-05-29 12:30:00-04:00,156.82000732421875,156.8300018310547,156.4324951171875,156.43499755859375,25655,156.82000732421875
2026-05-29 12:35:00-04:00,156.47999572753906,156.85000610351562,156.41000366210938,156.83999633789062,34993,156.47999572753906
2026-05-29 12:40:00-04:00,156.32000732421875,156.7100067138672,156.32000732421875,156.4499969482422,14743,156.32000732421875
2026-05-29 12:45:00-04:00,156.44500732421875,156.47000122070312,156.27000427246094,156.27999877929688,19825,156.44500732421875
2026-05-29 12:50:00-04:00,156.52999877929688,156.77000427246094,156.44500732421875,156.44500732421875,30969,156.52999877929688
2026-05-29 12:55:00-04:00,156.5399932861328,156.60000610351562,156.33999633789062,156.5,24154,156.5399932861328
2026-05-29 13:00:00-04:00,156.64999389648438,156.83999633789062,156.53500366210938,156.55999755859375,11594,156.64999389648438
2026-05-29 13:05:00-04:00,156.5800018310547,156.77999877929688,156.5800018310547,156.6649932861328,9521,156.5800018310547
2026-05-29 13:10:00-04:00,156.39999389648438,156.60000610351562,156.2899932861328,156.57000732421875,21239,156.39999389648438
2026-05-29 13:15:00-04:00,156.73500061035156,156.74000549316406,156.39500427246094,156.39500427246094,11964,156.73500061035156
2026-05-29 13:20:00-04:00,156.64999389648438,156.77000427246094,156.60499572753906,156.75999450683594,19289,156.64999389648438
2026-05-29 13:25:00-04:00,156.58999633789062,156.6699981689453,156.42999267578125,156.64999389648438,11121,156.58999633789062
2026-05-29 13:30:00-04:00,156.82000732421875,156.82000732421875,156.5399932861328,156.57000732421875,24406,156.82000732421875
2026-05-29 13:35:00-04:00,156.8699951171875,156.88999938964844,156.7899932861328,156.86000061035156,10424,156.8699951171875
2026-05-29 13:40:00-04:00,156.74000549316406,156.89999389648438,156.67999267578125,156.8699951171875,13933,156.74000549316406
2026-05-29 13:45:00-04:00,156.69000244140625,156.75,156.6699981689453,156.75,11023,156.69000244140625
2026-05-29 13:50:00-04:00,156.66000366210938,156.72999572753906,156.47500610351562,156.64999389648438,23557,156.66000366210938
2026-05-29 13:55:00-04:00,156.6999969482422,156.77999877929688,156.6199951171875,156.6374969482422,10627,156.6999969482422
2026-05-29 14:00:00-04:00,156.7100067138672,156.8000030517578,156.67999267578125,156.67999267578125,17586,156.7100067138672
2026-05-29 14:05:00-04:00,156.72999572753906,156.72999572753906,156.6199951171875,156.71499633789062,13533,156.72999572753906
2026-05-29 14:10:00-04:00,156.64999389648438,156.74000549316406,156.59500122070312,156.74000549316406,13201,156.64999389648438
2026-05-29 14:15:00-04:00,156.73500061035156,156.77000427246094,156.66000366210938,156.66000366210938,11585,156.73500061035156
2026-05-29 14:20:00-04:00,156.62010192871094,156.74000549316406,156.62010192871094,156.74000549316406,8151,156.62010192871094
2026-05-29 14:25:00-04:00,156.4199981689453,156.6999969482422,156.4199981689453,156.6750030517578,14621,156.4199981689453
2026-05-29 14:30:00-04:00,156.49000549316406,156.52999877929688,156.39999389648438,156.4600067138672,17172,156.49000549316406
2026-05-29 14:35:00-04:00,156.66000366210938,156.6699981689453,156.47000122070312,156.47500610351562,23792,156.66000366210938
2026-05-29 14:40:00-04:00,156.4499969482422,156.6999969482422,156.4499969482422,156.63009643554688,15345,156.4499969482422
2026-05-29 14:45:00-04:00,156.4199981689453,156.44000244140625,156.1699981689453,156.42999267578125,20274,156.4199981689453
2026-05-29 14:50:00-04:00,155.81500244140625,156.38999938964844,155.81500244140625,156.35000610351562,26888,155.81500244140625
2026-05-29 14:55:00-04:00,155.77999877929688,156.01499938964844,155.72999572753906,155.74000549316406,29180,155.77999877929688
2026-05-29 15:00:00-04:00,155.64999389648438,155.8800048828125,155.44000244140625,155.8199005126953,39829,155.64999389648438
2026-05-29 15:05:00-04:00,155.9600067138672,156.00999450683594,155.5399932861328,155.64999389648438,18607,155.9600067138672
2026-05-29 15:10:00-04:00,155.53500366210938,155.8300018310547,155.52999877929688,155.8300018310547,19226,155.53500366210938
2026-05-29 15:15:00-04:00,155.63999938964844,155.7550048828125,155.43099975585938,155.49000549316406,20346,155.63999938964844
2026-05-29 15:20:00-04:00,155.51429748535156,155.7899932861328,155.4499969482422,155.60000610351562,32865,155.51429748535156
2026-05-29 15:25:00-04:00,155.55999755859375,155.75999450683594,155.55999755859375,155.56500244140625,45888,155.55999755859375
2026-05-29 15:30:00-04:00,155.64999389648438,155.64999389648438,155.38999938964844,155.52999877929688,43231,155.64999389648438
2026-05-29 15:35:00-04:00,155.47000122070312,155.66000366210938,155.44000244140625,155.6300048828125,42453,155.47000122070312
2026-05-29 15:40:00-04:00,155.3249969482422,155.5,155.3249969482422,155.5,49364,155.3249969482422
2026-05-29 15:45:00-04:00,155.1750030517578,155.36000061035156,155.05999755859375,155.2969970703125,85669,155.1750030517578
2026-05-29 15:50:00-04:00,155.22000122070312,155.33999633789062,154.9600067138672,155.10000610351562,86100,155.22000122070312
2026-05-29 15:55:00-04:00,155.7100067138672,155.74000549316406,155.22500610351562,155.25999450683594,242105,155.7100067138672
2026-06-01 09:30:00-04:00,156.67999267578125,156.67999267578125,155.08999633789062,155.33999633789062,23027,156.67999267578125
2026-06-01 09:35:00-04:00,157.3000030517578,157.4499969482422,156.6199951171875,156.67999267578125,9872,157.3000030517578
2026-06-01 09:40:00-04:00,157.91000366210938,157.96499633789062,157.26783752441406,157.26783752441406,18541,157.91000366210938
2026-06-01 09:45:00-04:00,157.47000122070312,157.91000366210938,157.0800018310547,157.80999755859375,7319,157.47000122070312
2026-06-01 09:50:00-04:00,157.07000732421875,157.42999267578125,156.77000427246094,157.21499633789062,9679,157.07000732421875
2026-06-01 09:55:00-04:00,157.51499938964844,157.51499938964844,157.0399932861328,157.22000122070312,10395,157.51499938964844
2026-06-01 10:00:00-04:00,157.30999755859375,157.84500122070312,157.2899932861328,157.3300018310547,5537,157.30999755859375
2026-06-01 10:05:00-04:00,157.63999938964844,157.74000549316406,157.47000122070312,157.59664916992188,8232,157.63999938964844
2026-06-01 10:10:00-04:00,157.75,157.82000732421875,157.5,157.52000427246094,10274,157.75
2026-06-01 10:15:00-04:00,157.83999633789062,158.0500030517578,157.72500610351562,157.85000610351562,12346,157.83999633789062
2026-06-01 10:20:00-04:00,157.7100067138672,157.86000061035156,157.6699981689453,157.83999633789062,4992,157.7100067138672
2026-06-01 10:25:00-04:00,157.75999450683594,157.82000732421875,157.6699981689453,157.74000549316406,9432,157.75999450683594
2026-06-01 10:30:00-04:00,157.50999450683594,157.77999877929688,157.40499877929688,157.77999877929688,4489,157.50999450683594
2026-06-01 10:35:00-04:00,157.21499633789062,157.6300048828125,157.2050018310547,157.49000549316406,9401,157.21499633789062
2026-06-01 10:40:00-04:00,157.27999877929688,157.4199981689453,157.22999572753906,157.27000427246094,7003,157.27999877929688
2026-06-01 10:45:00-04:00,156.9600067138672,157.38999938964844,156.9199981689453,157.19000244140625,8246,156.9600067138672
2026-06-01 10:50:00-04:00,157.0554962158203,157.35000610351562,157.00999450683594,157.00999450683594,5242,157.0554962158203
2026-06-01 10:55:00-04:00,157.13499450683594,157.27999877929688,156.9199981689453,157.0500030517578,9391,157.13499450683594
2026-06-01 11:00:00-04:00,157.22000122070312,157.25999450683594,157.02999877929688,157.02999877929688,11373,157.22000122070312
2026-06-01 11:05:00-04:00,157.22999572753906,157.33999633789062,157.10000610351562,157.2100067138672,9923,157.22999572753906
2026-06-01 11:10:00-04:00,157.52499389648438,157.60000610351562,157.27999877929688,157.2949981689453,12475,157.52499389648438
2026-06-01 11:15:00-04:00,157.3000030517578,157.42999267578125,157.1999969482422,157.42999267578125,11135,157.3000030517578
2026-06-01 11:20:00-04:00,157.32000732421875,157.47999572753906,157.22999572753906,157.2899932861328,8288,157.32000732421875
2026-06-01 11:25:00-04:00,157.33999633789062,157.33999633789062,157.0,157.32000732421875,19767,157.33999633789062
2026-06-01 11:30:00-04:00,157.7899932861328,157.7899932861328,157.3699951171875,157.5500030517578,12554,157.7899932861328
2026-06-01 11:35:00-04:00,157.83999633789062,157.97999572753906,157.81500244140625,157.8699951171875,6880,157.83999633789062
2026-06-01 11:40:00-04:00,157.75999450683594,157.91000366210938,157.64500427246094,157.91000366210938,6937,157.75999450683594
2026-06-01 11:45:00-04:00,157.5850067138672,157.8000030517578,157.5800018310547,157.6446990966797,6159,157.5850067138672
2026-06-01 11:50:00-04:00,157.5800018310547,157.77999877929688,157.5800018310547,157.5850067138672,6652,157.5800018310547
2026-06-01 11:55:00-04:00,157.52999877929688,157.70989990234375,157.49000549316406,157.5399932861328,4160,157.52999877929688
2026-06-01 12:00:00-04:00,157.80999755859375,157.80999755859375,157.44000244140625,157.47000122070312,15534,157.80999755859375
2026-06-01 12:05:00-04:00,157.875,158.0,157.83999633789062,157.83999633789062,8947,157.875
2026-06-01 12:10:00-04:00,157.75999450683594,157.9600067138672,157.75999450683594,157.875,3856,157.75999450683594
2026-06-01 12:15:00-04:00,157.8249969482422,157.92999267578125,157.75999450683594,157.84219360351562,5758,157.8249969482422
2026-06-01 12:20:00-04:00,157.88999938964844,157.97000122070312,157.86000061035156,157.92999267578125,5116,157.88999938964844
2026-06-01 12:25:00-04:00,157.64999389648438,157.91000366210938,157.55999755859375,157.88999938964844,13054,157.64999389648438
2026-06-01 12:30:00-04:00,157.61419677734375,157.61419677734375,157.49000549316406,157.61000061035156,5985,157.61419677734375
2026-06-01 12:35:00-04:00,157.7899932861328,157.7899932861328,157.61000061035156,157.61000061035156,8300,157.7899932861328
2026-06-01 12:40:00-04:00,157.99000549316406,157.99000549316406,157.84500122070312,157.86000061035156,8128,157.99000549316406
2026-06-01 12:45:00-04:00,157.99000549316406,158.0,157.86000061035156,157.91000366210938,5865,157.99000549316406
2026-06-01 12:50:00-04:00,158.0800018310547,158.1199951171875,157.97000122070312,157.97000122070312,7583,158.0800018310547
2026-06-01 12:55:00-04:00,158.1699981689453,158.1699981689453,158.02999877929688,158.06500244140625,5048,158.1699981689453
2026-06-01 13:00:00-04:00,158.19000244140625,158.22999572753906,158.08999633789062,158.125,6689,158.19000244140625
2026-06-01 13:05:00-04:00,158.13999938964844,158.22999572753906,157.98500061035156,158.18499755859375,8654,158.13999938964844
2026-06-01 13:10:00-04:00,157.97999572753906,158.1649932861328,157.94000244140625,158.15499877929688,11594,157.97999572753906
2026-06-01 13:15:00-04:00,158.27000427246094,158.27000427246094,157.96499633789062,158.0030059814453,8227,158.27000427246094
2026-06-01 13:20:00-04:00,158.22000122070312,158.2899932861328,158.1300048828125,158.28500366210938,6003,158.22000122070312
2026-06-01 13:25:00-04:00,158.39999389648438,158.39999389648438,158.1649932861328,158.22000122070312,5333,158.39999389648438
2026-06-01 13:30:00-04:00,158.39999389648438,158.41000366210938,158.25999450683594,158.36500549316406,5842,158.39999389648438
2026-06-01 13:35:00-04:00,158.5,158.5,158.3000030517578,158.41000366210938,10781,158.5
2026-06-01 13:40:00-04:00,158.57000732421875,158.75999450683594,158.5,158.531494140625,15071,158.57000732421875
2026-06-01 13:45:00-04:00,158.61000061035156,158.61000061035156,158.5399932861328,158.5399932861328,7859,158.61000061035156
2026-06-01 13:50:00-04:00,158.49000549316406,158.58999633789062,158.49000549316406,158.5850067138672,5587,158.49000549316406
2026-06-01 13:55:00-04:00,158.67999267578125,158.6999969482422,158.49000549316406,158.49000549316406,9822,158.67999267578125
2026-06-01 14:00:00-04:00,158.68499755859375,158.72999572753906,158.67999267578125,158.72000122070312,6236,158.68499755859375
2026-06-01 14:05:00-04:00,159.07000732421875,159.08999633789062,158.70010375976562,158.7050018310547,14952,159.07000732421875
2026-06-01 14:10:00-04:00,158.92999267578125,159.07000732421875,158.80999755859375,159.07000732421875,9502,158.92999267578125
2026-06-01 14:15:00-04:00,158.98500061035156,158.98500061035156,158.8209991455078,158.8249969482422,8238,158.98500061035156
2026-06-01 14:20:00-04:00,159.13499450683594,159.1750030517578,159.05499267578125,159.05999755859375,10162,159.13499450683594
2026-06-01 14:25:00-04:00,159.08999633789062,159.14999389648438,159.05499267578125,159.08200073242188,6845,159.08999633789062
2026-06-01 14:30:00-04:00,158.9600067138672,159.10499572753906,158.9499969482422,159.10499572753906,8853,158.9600067138672
2026-06-01 14:35:00-04:00,159.01499938964844,159.02000427246094,158.97000122070312,158.97999572753906,4558,159.01499938964844
2026-06-01 14:40:00-04:00,159.2100067138672,159.2100067138672,159.0500030517578,159.0500030517578,9983,159.2100067138672
2026-06-01 14:45:00-04:00,159.22500610351562,159.24000549316406,159.17999267578125,159.17999267578125,4731,159.22500610351562
2026-06-01 14:50:00-04:00,159.34500122070312,159.3800048828125,159.24000549316406,159.24000549316406,14871,159.34500122070312
2026-06-01 14:55:00-04:00,159.3300018310547,159.47999572753906,159.3300018310547,159.3699951171875,10661,159.3300018310547
2026-06-01 15:00:00-04:00,159.27000427246094,159.39999389648438,159.23500061035156,159.3699951171875,12183,159.27000427246094
2026-06-01 15:05:00-04:00,159.1750030517578,159.35000610351562,159.14999389648438,159.26499938964844,16188,159.1750030517578
2026-06-01 15:10:00-04:00,159.02499389648438,159.13999938964844,158.9600067138672,159.13999938964844,14234,159.02499389648438
2026-06-01 15:15:00-04:00,159.30999755859375,159.30999755859375,158.96009826660156,159.05999755859375,16784,159.30999755859375
2026-06-01 15:20:00-04:00,159.39500427246094,159.4600067138672,159.3300018310547,159.3300018310547,11581,159.39500427246094
2026-06-01 15:25:00-04:00,159.60000610351562,159.6383056640625,159.4199981689453,159.4199981689453,32072,159.60000610351562
2026-06-01 15:30:00-04:00,159.69000244140625,159.69000244140625,159.47000122070312,159.55999755859375,24031,159.69000244140625
2026-06-01 15:35:00-04:00,159.57000732421875,159.72000122070312,159.57000732421875,159.65499877929688,16944,159.57000732421875
2026-06-01 15:40:00-04:00,160.02000427246094,160.02999877929688,159.56500244140625,159.5850067138672,33386,160.02000427246094
2026-06-01 15:45:00-04:00,160.02000427246094,160.0800018310547,159.82000732421875,160.0,46390,160.02000427246094
2026-06-01 15:50:00-04:00,159.55999755859375,160.01499938964844,159.36000061035156,160.01499938964844,45852,159.55999755859375
2026-06-01 15:55:00-04:00,159.77999877929688,159.8800048828125,159.4499969482422,159.50999450683594,125974,159.77999877929688
2026-06-02 09:30:00-04:00,160.52000427246094,160.5449981689453,158.92999267578125,159.27999877929688,25573,160.52000427246094
2026-06-02 09:35:00-04:00,161.3000030517578,161.55999755859375,160.42999267578125,160.6300048828125,14436,161.3000030517578
2026-06-02 09:40:00-04:00,161.0800018310547,161.7949981689453,161.0800018310547,161.72000122070312,7525,161.0800018310547
2026-06-02 09:45:00-04:00,161.02000427246094,161.22000122070312,160.9199981689453,161.1699981689453,8920,161.02000427246094
2026-06-02 09:50:00-04:00,160.72500610351562,161.32000732421875,160.55999755859375,160.8000030517578,71154,160.72500610351562
2026-06-02 09:55:00-04:00,160.52000427246094,160.89999389648438,160.24000549316406,160.80999755859375,17265,160.52000427246094
2026-06-02 10:00:00-04:00,160.29129028320312,160.5399932861328,160.2050018310547,160.5399932861328,12187,160.29129028320312
2026-06-02 10:05:00-04:00,160.27000427246094,160.36000061035156,160.0800018310547,160.0800018310547,10045,160.27000427246094
2026-06-02 10:10:00-04:00,159.92999267578125,160.42999267578125,159.77000427246094,160.32000732421875,21909,159.92999267578125
2026-06-02 10:15:00-04:00,159.22999572753906,160.02999877929688,159.22999572753906,159.91000366210938,9286,159.22999572753906
2026-06-02 10:20:00-04:00,159.75,159.75,158.96499633789062,159.13499450683594,7693,159.75
2026-06-02 10:25:00-04:00,159.25,159.75999450683594,159.1300048828125,159.69500732421875,12917,159.25
2026-06-02 10:30:00-04:00,159.63999938964844,159.69000244140625,159.2899932861328,159.2899932861328,10503,159.63999938964844
2026-06-02 10:35:00-04:00,159.55999755859375,159.75999450683594,159.4600067138672,159.7100067138672,17869,159.55999755859375
2026-06-02 10:40:00-04:00,159.4199981689453,159.6199951171875,159.27999877929688,159.5749969482422,15087,159.4199981689453
2026-06-02 10:45:00-04:00,160.15499877929688,160.17999267578125,159.49000549316406,159.61000061035156,12800,160.15499877929688
2026-06-02 10:50:00-04:00,160.16000366210938,160.21499633789062,159.97000122070312,160.14999389648438,19131,160.16000366210938
2026-06-02 10:55:00-04:00,160.39500427246094,160.55999755859375,160.1699981689453,160.22000122070312,14876,160.39500427246094
2026-06-02 11:00:00-04:00,160.5800018310547,160.58999633789062,160.2899932861328,160.4250030517578,48194,160.5800018310547
2026-06-02 11:05:00-04:00,160.85000610351562,160.96499633789062,160.63999938964844,160.63999938964844,19119,160.85000610351562
2026-06-02 11:10:00-04:00,160.9499969482422,161.02000427246094,160.85000610351562,161.02000427246094,5974,160.9499969482422
2026-06-02 11:15:00-04:00,160.92999267578125,160.99000549316406,160.77999877929688,160.86000061035156,11275,160.92999267578125
2026-06-02 11:20:00-04:00,160.59500122070312,160.9550018310547,160.58999633789062,160.91000366210938,9831,160.59500122070312
2026-06-02 11:25:00-04:00,160.6300048828125,160.7050018310547,160.56179809570312,160.60499572753906,11743,160.6300048828125
2026-06-02 11:30:00-04:00,160.6199951171875,160.74000549316406,160.61000061035156,160.69000244140625,11001,160.6199951171875
2026-06-02 11:35:00-04:00,160.58999633789062,160.6750030517578,160.52999877929688,160.58999633789062,8854,160.58999633789062
2026-06-02 11:40:00-04:00,160.49249267578125,160.69500732421875,160.47999572753906,160.60499572753906,21205,160.49249267578125
2026-06-02 11:45:00-04:00,160.3300018310547,160.52000427246094,160.24000549316406,160.4600067138672,16058,160.3300018310547
2026-06-02 11:50:00-04:00,160.3000030517578,160.5399932861328,160.3000030517578,160.3350067138672,11524,160.3000030517578
2026-06-02 11:55:00-04:00,160.38999938964844,160.4600067138672,160.3000030517578,160.39999389648438,7112,160.38999938964844
2026-06-02 12:00:00-04:00,160.27499389648438,160.38499450683594,160.05999755859375,160.36000061035156,9842,160.27499389648438
2026-06-02 12:05:00-04:00,160.4550018310547,160.52000427246094,160.18499755859375,160.27999877929688,19159,160.4550018310547
2026-06-02 12:10:00-04:00,160.35000610351562,160.64999389648438,160.35000610351562,160.4499969482422,23019,160.35000610351562
2026-06-02 12:15:00-04:00,160.19500732421875,160.5,160.19500732421875,160.47999572753906,19491,160.19500732421875
2026-06-02 12:20:00-04:00,160.38999938964844,160.5,160.30999755859375,160.30999755859375,6803,160.38999938964844
2026-06-02 12:25:00-04:00,160.2698974609375,160.36500549316406,160.07000732421875,160.36500549316406,6789,160.2698974609375
2026-06-02 12:30:00-04:00,160.15499877929688,160.27000427246094,160.13999938964844,160.27000427246094,10816,160.15499877929688
2026-06-02 12:35:00-04:00,160.3800048828125,160.3874969482422,160.2100067138672,160.2100067138672,6154,160.3800048828125
2026-06-02 12:40:00-04:00,160.58999633789062,160.58999633789062,160.3800048828125,160.41000366210938,8867,160.58999633789062
2026-06-02 12:45:00-04:00,160.48500061035156,160.5800018310547,160.4600067138672,160.53500366210938,5352,160.48500061035156
2026-06-02 12:50:00-04:00,160.64999389648438,160.65499877929688,160.5,160.55999755859375,7909,160.64999389648438
2026-06-02 12:55:00-04:00,160.8000030517578,160.8000030517578,160.6300048828125,160.66000366210938,5340,160.8000030517578
2026-06-02 13:00:00-04:00,160.7899932861328,160.92999267578125,160.7100067138672,160.84500122070312,15682,160.7899932861328
2026-06-02 13:05:00-04:00,160.69500732421875,160.7899932861328,160.66000366210938,160.7550048828125,7790,160.69500732421875
2026-06-02 13:10:00-04:00,160.6699981689453,160.75,160.5399932861328,160.69500732421875,6554,160.6699981689453
2026-06-02 13:15:00-04:00,160.63499450683594,160.72999572753906,160.57000732421875,160.6699981689453,6514,160.63499450683594
2026-06-02 13:20:00-04:00,160.55999755859375,160.71499633789062,160.55999755859375,160.61500549316406,6083,160.55999755859375
2026-06-02 13:25:00-04:00,160.44000244140625,160.58999633789062,160.3800048828125,160.55999755859375,8684,160.44000244140625
2026-06-02 13:30:00-04:00,160.69500732421875,160.6999969482422,160.41000366210938,160.44000244140625,9257,160.69500732421875
2026-06-02 13:35:00-04:00,160.57000732421875,160.73574829101562,160.55999755859375,160.69000244140625,5624,160.57000732421875
2026-06-02 13:40:00-04:00,160.4199981689453,160.52999877929688,160.3800048828125,160.52999877929688,5384,160.4199981689453
2026-06-02 13:45:00-04:00,160.5,160.52999877929688,160.35000610351562,160.4199981689453,5949,160.5
2026-06-02 13:50:00-04:00,160.3800048828125,160.4730987548828,160.3000030517578,160.47000122070312,7756,160.3800048828125
2026-06-02 13:55:00-04:00,160.36500549316406,160.4409942626953,160.3000030517578,160.3800048828125,8570,160.36500549316406
2026-06-02 14:00:00-04:00,160.32000732421875,160.44000244140625,160.32000732421875,160.42999267578125,6715,160.32000732421875
2026-06-02 14:05:00-04:00,160.3800048828125,160.39999389648438,160.17010498046875,160.3000030517578,7300,160.3800048828125
2026-06-02 14:10:00-04:00,160.50999450683594,160.56500244140625,160.3000030517578,160.30999755859375,17206,160.50999450683594
2026-06-02 14:15:00-04:00,160.6199951171875,160.64999389648438,160.5399932861328,160.55999755859375,6710,160.6199951171875
2026-06-02 14:20:00-04:00,160.6699981689453,160.6999969482422,160.52000427246094,160.5399932861328,6458,160.6699981689453
2026-06-02 14:25:00-04:00,160.6999969482422,160.77999877929688,160.6699981689453,160.6699981689453,6237,160.6999969482422
2026-06-02 14:30:00-04:00,160.6699981689453,160.69500732421875,160.61000061035156,160.67999267578125,13047,160.6699981689453
2026-06-02 14:35:00-04:00,160.52999877929688,160.73500061035156,160.52999877929688,160.7050018310547,12904,160.52999877929688
2026-06-02 14:40:00-04:00,160.52999877929688,160.61000061035156,160.5,160.58999633789062,7524,160.52999877929688
2026-06-02 14:45:00-04:00,160.47000122070312,160.5399932861328,160.3800048828125,160.52000427246094,17552,160.47000122070312
2026-06-02 14:50:00-04:00,160.42999267578125,160.47000122070312,160.30140686035156,160.47000122070312,8614,160.42999267578125
2026-06-02 14:55:00-04:00,160.55499267578125,160.55499267578125,160.42999267578125,160.42999267578125,15520,160.55499267578125
2026-06-02 15:00:00-04:00,160.4199981689453,160.5800018310547,160.41000366210938,160.5800018310547,11349,160.4199981689453
2026-06-02 15:05:00-04:00,160.69000244140625,160.6949005126953,160.34500122070312,160.39999389648438,14406,160.69000244140625
2026-06-02 15:10:00-04:00,160.4499969482422,160.64999389648438,160.39500427246094,160.64999389648438,11798,160.4499969482422
2026-06-02 15:15:00-04:00,160.39999389648438,160.63999938964844,160.33999633789062,160.47000122070312,18973,160.39999389648438
2026-06-02 15:20:00-04:00,160.57000732421875,160.5749969482422,160.33999633789062,160.3800048828125,13475,160.57000732421875
2026-06-02 15:25:00-04:00,160.60000610351562,160.69000244140625,160.5399932861328,160.55999755859375,16830,160.60000610351562
2026-06-02 15:30:00-04:00,160.77499389648438,160.84500122070312,160.57000732421875,160.60499572753906,25094,160.77499389648438
2026-06-02 15:35:00-04:00,160.5749969482422,160.80999755859375,160.5500030517578,160.80999755859375,12571,160.5749969482422
2026-06-02 15:40:00-04:00,160.4499969482422,160.5800018310547,160.3000030517578,160.5749969482422,30323,160.4499969482422
2026-06-02 15:45:00-04:00,160.36000061035156,160.4499969482422,160.19000244140625,160.44000244140625,46873,160.36000061035156
2026-06-02 15:50:00-04:00,160.27000427246094,160.44000244140625,160.25999450683594,160.36500549316406,39806,160.27000427246094
2026-06-02 15:55:00-04:00,159.8000030517578,160.27000427246094,159.75,160.27000427246094,149757,159.8000030517578
2026-06-03 09:30:00-04:00,158.02999877929688,159.5,157.4600067138672,159.27999877929688,15912,158.02999877929688
2026-06-03 09:35:00-04:00,156.13999938964844,157.97000122070312,155.83999633789062,157.8000030517578,12644,156.13999938964844
2026-06-03 09:40:00-04:00,156.3300018310547,156.4600067138672,155.69000244140625,156.33741760253906,19974,156.3300018310547
2026-06-03 09:45:00-04:00,156.55999755859375,156.97999572753906,156.52999877929688,156.85000610351562,8497,156.55999755859375
2026-06-03 09:50:00-04:00,157.13499450683594,157.3300018310547,156.41000366210938,156.55999755859375,11163,157.13499450683594
2026-06-03 09:55:00-04:00,157.58999633789062,157.7550048828125,157.35000610351562,157.35000610351562,8975,157.58999633789062
2026-06-03 10:00:00-04:00,157.6750030517578,157.91000366210938,157.42999267578125,157.89999389648438,9760,157.6750030517578
2026-06-03 10:05:00-04:00,157.85499572753906,157.9550018310547,157.7050018310547,157.80999755859375,7304,157.85499572753906
2026-06-03 10:10:00-04:00,157.4499969482422,158.02000427246094,157.32000732421875,157.94000244140625,7632,157.4499969482422
2026-06-03 10:15:00-04:00,156.63499450683594,157.30999755859375,156.5,157.27000427246094,9314,156.63499450683594
2026-06-03 10:20:00-04:00,157.22000122070312,157.22000122070312,156.8000030517578,156.80499267578125,4834,157.22000122070312
2026-06-03 10:25:00-04:00,157.41000366210938,157.52999877929688,157.22000122070312,157.22000122070312,3590,157.41000366210938
2026-06-03 10:30:00-04:00,157.66000366210938,157.69000244140625,157.35499572753906,157.375,4591,157.66000366210938
2026-06-03 10:35:00-04:00,157.3300018310547,157.55999755859375,157.1999969482422,157.55999755859375,8853,157.3300018310547
2026-06-03 10:40:00-04:00,157.13999938964844,157.32000732421875,157.02999877929688,157.32000732421875,6140,157.13999938964844
2026-06-03 10:45:00-04:00,156.9600067138672,157.25999450683594,156.9600067138672,157.22000122070312,5338,156.9600067138672
2026-06-03 10:50:00-04:00,157.07000732421875,157.25999450683594,157.00999450683594,157.00999450683594,6886,157.07000732421875
2026-06-03 10:55:00-04:00,157.22999572753906,157.27999877929688,157.14999389648438,157.16000366210938,6000,157.22999572753906
2026-06-03 11:00:00-04:00,157.1300048828125,157.22000122070312,157.02999877929688,157.22000122070312,6098,157.1300048828125
2026-06-03 11:05:00-04:00,157.10000610351562,157.2100067138672,156.97999572753906,157.19000244140625,5779,157.10000610351562
2026-06-03 11:10:00-04:00,157.1300048828125,157.17999267578125,157.07000732421875,157.0800018310547,5877,157.1300048828125
2026-06-03 11:15:00-04:00,157.21499633789062,157.2899932861328,157.02960205078125,157.07000732421875,7050,157.21499633789062
2026-06-03 11:20:00-04:00,157.0399932861328,157.2100067138672,157.02000427246094,157.2100067138672,4116,157.0399932861328
2026-06-03 11:25:00-04:00,157.19000244140625,157.25,157.07000732421875,157.1199951171875,7587,157.19000244140625
2026-06-03 11:30:00-04:00,157.19000244140625,157.19000244140625,157.0500030517578,157.1199951171875,4630,157.19000244140625
2026-06-03 11:35:00-04:00,157.13999938964844,157.1699981689453,156.91000366210938,157.1699981689453,7915,157.13999938964844
2026-06-03 11:40:00-04:00,157.05999755859375,157.18499755859375,156.9300994873047,157.0749969482422,6999,157.05999755859375
2026-06-03 11:45:00-04:00,157.05999755859375,157.08999633789062,157.05999755859375,157.05999755859375,2019,157.05999755859375
2026-06-03 11:50:00-04:00,156.8300018310547,157.0800018310547,156.8300018310547,157.05999755859375,4105,156.8300018310547
2026-06-03 11:55:00-04:00,156.8800048828125,156.97000122070312,156.85000610351562,156.86500549316406,8896,156.8800048828125
2026-06-03 12:00:00-04:00,157.14999389648438,157.14999389648438,156.83999633789062,156.8800048828125,10758,157.14999389648438
2026-06-03 12:05:00-04:00,157.25,157.3699951171875,157.22500610351562,157.25,3911,157.25
2026-06-03 12:10:00-04:00,157.4199981689453,157.44000244140625,157.27999877929688,157.27999877929688,6077,157.4199981689453
2026-06-03 12:15:00-04:00,157.4550018310547,157.61500549316406,157.41250610351562,157.41250610351562,6030,157.4550018310547
2026-06-03 12:20:00-04:00,157.47000122070312,157.6074981689453,157.47000122070312,157.5749969482422,4093,157.47000122070312
2026-06-03 12:25:00-04:00,157.72000122070312,157.72000122070312,157.50999450683594,157.50999450683594,6456,157.72000122070312
2026-06-03 12:30:00-04:00,157.80999755859375,157.89500427246094,157.72000122070312,157.74000549316406,9286,157.80999755859375
2026-06-03 12:35:00-04:00,157.74000549316406,157.82000732421875,157.74000549316406,157.80999755859375,4153,157.74000549316406
2026-06-03 12:40:00-04:00,157.82000732421875,157.82000732421875,157.6750030517578,157.6750030517578,3897,157.82000732421875
2026-06-03 12:45:00-04:00,157.5800018310547,157.82000732421875,157.5500030517578,157.82000732421875,5340,157.5800018310547
2026-06-03 12:50:00-04:00,157.72999572753906,157.7698974609375,157.5800018310547,157.5850067138672,6008,157.72999572753906
2026-06-03 12:55:00-04:00,157.72000122070312,157.88999938964844,157.72000122070312,157.80999755859375,4230,157.72000122070312
2026-06-03 13:00:00-04:00,157.88999938964844,157.88999938964844,157.73500061035156,157.73500061035156,5546,157.88999938964844
2026-06-03 13:05:00-04:00,157.8498992919922,157.9499969482422,157.76499938964844,157.88999938964844,6308,157.8498992919922
2026-06-03 13:10:00-04:00,157.77000427246094,157.8300018310547,157.67999267578125,157.72999572753906,4550,157.77000427246094
2026-06-03 13:15:00-04:00,158.1199951171875,158.1199951171875,157.77999877929688,157.889892578125,8737,158.1199951171875
2026-06-03 13:20:00-04:00,157.9199981689453,158.21499633789062,157.9199981689453,158.1199951171875,9153,157.9199981689453
2026-06-03 13:25:00-04:00,157.97000122070312,158.00999450683594,157.92999267578125,158.00999450683594,4527,157.97000122070312
2026-06-03 13:30:00-04:00,158.0500030517578,158.06500244140625,157.8300018310547,158.02999877929688,5506,158.0500030517578
2026-06-03 13:35:00-04:00,158.25999450683594,158.3350067138672,158.05999755859375,158.0800018310547,10404,158.25999450683594
2026-06-03 13:40:00-04:00,157.9149932861328,158.46499633789062,157.9149932861328,158.25999450683594,25307,157.9149932861328
2026-06-03 13:45:00-04:00,157.9250030517578,157.97000122070312,157.8300018310547,157.91000366210938,4298,157.9250030517578
2026-06-03 13:50:00-04:00,158.10000610351562,158.11500549316406,157.86000061035156,157.86000061035156,4891,158.10000610351562
2026-06-03 13:55:00-04:00,158.0500030517578,158.13999938964844,158.0500030517578,158.13999938964844,4508,158.0500030517578
2026-06-03 14:00:00-04:00,158.2100067138672,158.2100067138672,157.94000244140625,158.0399932861328,12534,158.2100067138672
2026-06-03 14:05:00-04:00,158.0,158.3300018310547,157.99000549316406,158.25999450683594,7447,158.0
2026-06-03 14:10:00-04:00,158.16000366210938,158.16000366210938,158.0800018310547,158.14999389648438,6168,158.16000366210938
2026-06-03 14:15:00-04:00,158.02999877929688,158.08999633789062,157.8800048828125,158.08999633789062,8505,158.02999877929688
2026-06-03 14:20:00-04:00,158.0,158.07000732421875,158.0,158.02999877929688,4649,158.0
2026-06-03 14:25:00-04:00,158.35000610351562,158.38999938964844,158.06500244140625,158.08999633789062,12115,158.35000610351562
2026-06-03 14:30:00-04:00,158.42999267578125,158.49000549316406,158.3300018310547,158.41000366210938,9035,158.42999267578125
2026-06-03 14:35:00-04:00,158.57000732421875,158.57000732421875,158.50999450683594,158.50999450683594,3627,158.57000732421875
2026-06-03 14:40:00-04:00,158.61000061035156,158.61000061035156,158.50999450683594,158.52999877929688,7278,158.61000061035156
2026-06-03 14:45:00-04:00,158.5399932861328,158.61500549316406,158.5399932861328,158.61500549316406,6107,158.5399932861328
2026-06-03 14:50:00-04:00,158.55999755859375,158.57000732421875,158.50999450683594,158.55999755859375,4102,158.55999755859375
2026-06-03 14:55:00-04:00,158.6999969482422,158.75,158.5749969482422,158.61000061035156,6422,158.6999969482422
2026-06-03 15:00:00-04:00,158.52000427246094,158.73500061035156,158.52000427246094,158.73500061035156,7857,158.52000427246094
2026-06-03 15:05:00-04:00,158.4499969482422,158.56500244140625,158.3800048828125,158.55499267578125,11954,158.4499969482422
2026-06-03 15:10:00-04:00,158.1999969482422,158.44000244140625,158.1699981689453,158.41000366210938,37373,158.1999969482422
2026-06-03 15:15:00-04:00,158.4199981689453,158.4199981689453,158.19000244140625,158.2449951171875,9153,158.4199981689453
2026-06-03 15:20:00-04:00,158.3699951171875,158.41000366210938,158.3000030517578,158.38999938964844,10709,158.3699951171875
2026-06-03 15:25:00-04:00,158.41000366210938,158.47000122070312,158.3699951171875,158.3699951171875,6995,158.41000366210938
2026-06-03 15:30:00-04:00,158.27999877929688,158.6300048828125,158.27999877929688,158.44000244140625,38627,158.27999877929688
2026-06-03 15:35:00-04:00,158.3000030517578,158.38999938964844,158.1199951171875,158.1999969482422,25417,158.3000030517578
2026-06-03 15:40:00-04:00,158.4199981689453,158.5050048828125,158.3000030517578,158.35000610351562,20816,158.4199981689453
2026-06-03 15:45:00-04:00,158.47999572753906,158.49000549316406,158.32000732421875,158.4199981689453,28515,158.47999572753906
2026-06-03 15:50:00-04:00,158.0500030517578,158.42999267578125,157.75,158.42999267578125,60683,158.0500030517578
2026-06-03 15:55:00-04:00,157.91000366210938,158.39999389648438,157.80999755859375,158.05499267578125,144280,157.91000366210938
2026-06-04 09:30:00-04:00,158.47000122070312,159.4499969482422,158.02000427246094,158.02000427246094,30170,158.47000122070312
2026-06-04 09:35:00-04:00,159.1199951171875,159.52000427246094,158.82000732421875,159.1699981689453,6333,159.1199951171875
2026-06-04 09:40:00-04:00,159.75,159.86000061035156,159.15847778320312,159.15847778320312,18704,159.75
2026-06-04 09:45:00-04:00,159.9600067138672,160.1999969482422,159.94000244140625,160.0,5492,159.9600067138672
2026-06-04 09:50:00-04:00,160.02749633789062,160.02749633789062,159.50999450683594,159.9600067138672,6416,160.02749633789062
2026-06-04 09:55:00-04:00,160.23500061035156,160.28500366210938,159.8928985595703,160.02000427246094,11737,160.23500061035156
2026-06-04 10:00:00-04:00,160.39999389648438,160.39999389648438,159.89999389648438,160.23500061035156,15728,160.39999389648438
2026-06-04 10:05:00-04:00,160.8800048828125,160.99000549316406,160.1300048828125,160.30999755859375,12443,160.8800048828125
2026-06-04 10:10:00-04:00,160.55499267578125,160.9499969482422,160.5,160.8800048828125,11236,160.55499267578125
2026-06-04 10:15:00-04:00,161.30999755859375,161.30999755859375,160.64999389648438,160.7100067138672,21378,161.30999755859375
2026-06-04 10:20:00-04:00,162.11000061035156,162.3300018310547,161.32000732421875,161.40499877929688,26281,162.11000061035156
2026-06-04 10:25:00-04:00,161.47250366210938,162.07000732421875,161.47000122070312,162.07000732421875,21189,161.47250366210938
2026-06-04 10:30:00-04:00,161.41000366210938,161.52999877929688,161.39999389648438,161.4550018310547,10611,161.41000366210938
2026-06-04 10:35:00-04:00,161.63999938964844,161.66000366210938,161.41000366210938,161.41000366210938,9144,161.63999938964844
2026-06-04 10:40:00-04:00,161.50999450683594,161.69000244140625,161.3800048828125,161.6300048828125,8146,161.50999450683594
2026-06-04 10:45:00-04:00,161.88499450683594,161.90499877929688,161.47999572753906,161.52000427246094,9019,161.88499450683594
2026-06-04 10:50:00-04:00,162.11000061035156,162.22999572753906,161.85000610351562,161.8800048828125,36158,162.11000061035156
2026-06-04 10:55:00-04:00,162.42999267578125,162.47000122070312,162.10000610351562,162.10000610351562,14081,162.42999267578125
2026-06-04 11:00:00-04:00,162.82000732421875,162.82000732421875,162.47999572753906,162.47999572753906,14773,162.82000732421875
2026-06-04 11:05:00-04:00,162.97000122070312,162.97000122070312,162.7100067138672,162.83999633789062,13189,162.97000122070312
2026-06-04 11:10:00-04:00,162.71499633789062,162.9149932861328,162.6300048828125,162.9149932861328,21959,162.71499633789062
2026-06-04 11:15:00-04:00,162.9250030517578,163.08999633789062,162.67999267578125,162.69500732421875,17368,162.9250030517578
2026-06-04 11:20:00-04:00,163.1999969482422,163.1999969482422,163.00999450683594,163.00999450683594,11407,163.1999969482422
2026-06-04 11:25:00-04:00,163.52000427246094,163.52999877929688,163.05999755859375,163.24000549316406,24170,163.52000427246094
2026-06-04 11:30:00-04:00,163.50999450683594,163.63999938964844,163.44000244140625,163.63999938964844,28609,163.50999450683594
2026-06-04 11:35:00-04:00,163.4199981689453,163.52999877929688,163.38999938964844,163.52000427246094,14617,163.4199981689453
2026-06-04 11:40:00-04:00,163.00999450683594,163.39999389648438,162.96499633789062,163.39999389648438,13990,163.00999450683594
2026-06-04 11:45:00-04:00,162.99000549316406,163.27499389648438,162.91000366210938,163.14999389648438,12568,162.99000549316406
2026-06-04 11:50:00-04:00,162.9600067138672,163.10000610351562,162.88499450683594,162.91000366210938,13544,162.9600067138672
2026-06-04 11:55:00-04:00,163.10499572753906,163.1300048828125,162.9199981689453,162.9600067138672,10172,163.10499572753906
2026-06-04 12:00:00-04:00,162.9550018310547,163.2624969482422,162.8800048828125,163.1699981689453,14781,162.9550018310547
2026-06-04 12:05:00-04:00,162.91000366210938,162.93499755859375,162.8000030517578,162.92999267578125,7231,162.91000366210938
2026-06-04 12:10:00-04:00,162.92999267578125,163.00999450683594,162.80999755859375,162.9250030517578,17727,162.92999267578125
2026-06-04 12:15:00-04:00,163.07000732421875,163.22000122070312,162.9149932861328,162.92999267578125,20078,163.07000732421875
2026-06-04 12:20:00-04:00,163.11000061035156,163.2050018310547,163.10000610351562,163.14999389648438,7627,163.11000061035156
2026-06-04 12:25:00-04:00,163.1199951171875,163.125,163.02999877929688,163.09500122070312,8436,163.1199951171875
2026-06-04 12:30:00-04:00,163.44500732421875,163.47000122070312,163.17999267578125,163.17999267578125,9866,163.44500732421875
2026-06-04 12:35:00-04:00,163.53500366210938,163.5500030517578,163.44500732421875,163.44500732421875,6822,163.53500366210938
2026-06-04 12:40:00-04:00,163.75,163.7899932861328,163.47999572753906,163.47999572753906,14032,163.75
2026-06-04 12:45:00-04:00,163.9250030517578,163.9499969482422,163.73500061035156,163.75999450683594,8209,163.9250030517578
2026-06-04 12:50:00-04:00,163.8699951171875,163.94000244140625,163.77000427246094,163.9199981689453,7683,163.8699951171875
2026-06-04 12:55:00-04:00,163.7100067138672,163.8800048828125,163.7100067138672,163.82000732421875,9315,163.7100067138672
2026-06-04 13:00:00-04:00,163.58999633789062,163.85000610351562,163.5399932861328,163.77000427246094,12441,163.58999633789062
2026-06-04 13:05:00-04:00,163.3000030517578,163.58999633789062,163.3000030517578,163.58749389648438,12417,163.3000030517578
2026-06-04 13:10:00-04:00,163.24000549316406,163.35499572753906,163.22999572753906,163.25,7645,163.24000549316406
2026-06-04 13:15:00-04:00,163.2100067138672,163.24000549316406,163.05059814453125,163.2100067138672,14384,163.2100067138672
2026-06-04 13:20:00-04:00,163.22999572753906,163.22999572753906,163.0500030517578,163.19000244140625,12474,163.22999572753906
2026-06-04 13:25:00-04:00,163.13499450683594,163.3800048828125,163.13499450683594,163.2100067138672,14695,163.13499450683594
2026-06-04 13:30:00-04:00,162.98500061035156,163.14500427246094,162.8800048828125,163.13499450683594,15349,162.98500061035156
2026-06-04 13:35:00-04:00,163.1199951171875,163.1699981689453,162.97000122070312,162.98500061035156,16226,163.1199951171875
2026-06-04 13:40:00-04:00,163.27000427246094,163.27499389648438,163.05999755859375,163.0800018310547,10229,163.27000427246094
2026-06-04 13:45:00-04:00,163.3699951171875,163.3699951171875,163.24000549316406,163.3000030517578,8921,163.3699951171875
2026-06-04 13:50:00-04:00,163.34500122070312,163.42999267578125,163.25,163.30999755859375,13796,163.34500122070312
2026-06-04 13:55:00-04:00,163.66000366210938,163.69000244140625,163.42999267578125,163.42999267578125,11590,163.66000366210938
2026-06-04 14:00:00-04:00,163.52000427246094,163.6300048828125,163.32000732421875,163.61000061035156,14613,163.52000427246094
2026-06-04 14:05:00-04:00,163.24000549316406,163.52499389648438,163.19000244140625,163.38999938964844,16436,163.24000549316406
2026-06-04 14:10:00-04:00,163.35000610351562,163.41000366210938,163.16000366210938,163.31500244140625,14602,163.35000610351562
2026-06-04 14:15:00-04:00,163.46499633789062,163.47000122070312,163.3300018310547,163.36000061035156,8768,163.46499633789062
2026-06-04 14:20:00-04:00,163.41000366210938,163.5399932861328,163.41000366210938,163.50999450683594,11625,163.41000366210938
2026-06-04 14:25:00-04:00,163.33999633789062,163.44000244140625,163.27000427246094,163.41000366210938,12164,163.33999633789062
2026-06-04 14:30:00-04:00,163.35000610351562,163.47000122070312,163.27999877929688,163.33999633789062,11736,163.35000610351562
2026-06-04 14:35:00-04:00,163.32000732421875,163.3699951171875,163.27890014648438,163.35000610351562,10042,163.32000732421875
2026-06-04 14:40:00-04:00,163.27999877929688,163.3800048828125,163.25,163.27999877929688,7451,163.27999877929688
2026-06-04 14:45:00-04:00,163.32000732421875,163.32000732421875,163.13999938964844,163.2899932861328,13672,163.32000732421875
2026-06-04 14:50:00-04:00,163.32000732421875,163.3300018310547,163.25999450683594,163.2899932861328,8584,163.32000732421875
2026-06-04 14:55:00-04:00,163.32000732421875,163.36500549316406,163.27999877929688,163.33999633789062,8373,163.32000732421875
2026-06-04 15:00:00-04:00,163.36000061035156,163.50999450683594,163.3300018310547,163.35000610351562,19747,163.36000061035156
2026-06-04 15:05:00-04:00,163.34500122070312,163.52999877929688,163.27000427246094,163.3249969482422,27397,163.34500122070312
2026-06-04 15:10:00-04:00,163.09500122070312,163.39500427246094,163.06500244140625,163.34500122070312,15162,163.09500122070312
2026-06-04 15:15:00-04:00,162.97999572753906,163.10000610351562,162.9199981689453,163.08999633789062,18125,162.97999572753906
2026-06-04 15:20:00-04:00,163.14999389648438,163.14999389648438,163.0,163.00999450683594,20507,163.14999389648438
2026-06-04 15:25:00-04:00,163.11000061035156,163.22999572753906,163.0800018310547,163.19000244140625,27391,163.11000061035156
2026-06-04 15:30:00-04:00,163.05999755859375,163.10000610351562,162.97000122070312,163.0800018310547,28256,163.05999755859375
2026-06-04 15:35:00-04:00,162.77999877929688,163.1300048828125,162.7449951171875,163.08999633789062,23857,162.77999877929688
2026-06-04 15:40:00-04:00,162.5500030517578,162.77499389648438,162.47999572753906,162.77499389648438,17946,162.5500030517578
2026-06-04 15:45:00-04:00,162.74000549316406,162.74000549316406,162.52000427246094,162.52000427246094,31139,162.74000549316406
2026-06-04 15:50:00-04:00,162.7100067138672,162.92999267578125,162.63999938964844,162.6999969482422,33798,162.7100067138672
2026-06-04 15:55:00-04:00,162.75,163.0,162.57000732421875,162.8000030517578,120864,162.75
2026-06-05 09:30:00-04:00,162.8300018310547,162.97000122070312,162.04949951171875,162.2899932861328,17886,162.8300018310547
2026-06-05 09:35:00-04:00,162.02000427246094,163.0,161.82000732421875,162.89500427246094,12011,162.02000427246094
2026-06-05 09:40:00-04:00,161.31500244140625,162.0951385498047,161.30499267578125,162.0951385498047,6505,161.31500244140625
2026-06-05 09:45:00-04:00,161.15499877929688,161.41000366210938,160.97500610351562,161.16000366210938,15796,161.15499877929688
2026-06-05 09:50:00-04:00,161.69000244140625,161.74000549316406,160.91000366210938,161.14999389648438,16727,161.69000244140625
2026-06-05 09:55:00-04:00,161.8300018310547,161.8300018310547,161.3800048828125,161.77000427246094,11189,161.8300018310547
2026-06-05 10:00:00-04:00,162.2100067138672,162.22999572753906,161.52999877929688,161.6699981689453,16481,162.2100067138672
2026-06-05 10:05:00-04:00,162.31500244140625,162.33999633789062,161.9499969482422,162.30499267578125,14104,162.31500244140625
2026-06-05 10:10:00-04:00,162.22000122070312,162.60000610351562,162.22000122070312,162.33103942871094,12871,162.22000122070312
2026-06-05 10:15:00-04:00,162.75999450683594,162.91000366210938,162.33999633789062,162.33999633789062,16840,162.75999450683594
2026-06-05 10:20:00-04:00,162.6300048828125,163.0399932861328,162.59500122070312,162.8249969482422,11239,162.6300048828125
2026-06-05 10:25:00-04:00,162.52999877929688,162.8300018310547,162.52999877929688,162.6824951171875,16553,162.52999877929688
2026-06-05 10:30:00-04:00,162.72000122070312,162.80990600585938,162.50999450683594,162.64999389648438,21370,162.72000122070312
2026-06-05 10:35:00-04:00,162.83999633789062,162.96685791015625,162.60000610351562,162.72000122070312,26635,162.83999633789062
2026-06-05 10:40:00-04:00,162.55999755859375,162.9528045654297,162.55999755859375,162.9528045654297,11708,162.55999755859375
2026-06-05 10:45:00-04:00,162.9600067138672,163.0,162.6300048828125,162.6300048828125,16244,162.9600067138672
2026-06-05 10:50:00-04:00,163.07000732421875,163.22999572753906,162.9600067138672,163.02999877929688,17554,163.07000732421875
2026-06-05 10:55:00-04:00,163.13999938964844,163.25999450683594,163.02000427246094,163.125,13583,163.13999938964844
2026-06-05 11:00:00-04:00,163.2899932861328,163.2899932861328,163.0500030517578,163.05999755859375,26166,163.2899932861328
2026-06-05 11:05:00-04:00,163.05999755859375,163.3699951171875,162.8300018310547,163.3000030517578,9551,163.05999755859375
2026-06-05 11:10:00-04:00,163.07000732421875,163.1999969482422,162.9949951171875,162.9949951171875,9399,163.07000732421875
2026-06-05 11:15:00-04:00,163.02999877929688,163.0800018310547,162.85000610351562,162.9600067138672,7671,163.02999877929688
2026-06-05 11:20:00-04:00,162.8000030517578,163.1020050048828,162.7899932861328,163.02999877929688,20274,162.8000030517578
2026-06-05 11:25:00-04:00,162.74000549316406,162.9199981689453,162.74000549316406,162.8000030517578,7945,162.74000549316406
2026-06-05 11:30:00-04:00,162.65499877929688,162.76499938964844,162.64999389648438,162.64999389648438,19626,162.65499877929688
2026-06-05 11:35:00-04:00,162.7100067138672,162.89999389648438,162.6300048828125,162.6699981689453,11802,162.7100067138672
2026-06-05 11:40:00-04:00,162.36000061035156,162.69500732421875,162.36000061035156,162.69500732421875,15771,162.36000061035156
2026-06-05 11:45:00-04:00,162.47500610351562,162.48500061035156,162.3000030517578,162.32000732421875,4962,162.47500610351562
2026-06-05 11:50:00-04:00,162.41000366210938,162.47000122070312,162.31500244140625,162.46499633789062,8858,162.41000366210938
2026-06-05 11:55:00-04:00,162.47000122070312,162.55999755859375,162.4250030517578,162.42999267578125,3704,162.47000122070312
2026-06-05 12:00:00-04:00,162.3000030517578,162.47999572753906,162.24000549316406,162.46499633789062,17971,162.3000030517578
2026-06-05 12:05:00-04:00,161.8800048828125,162.11000061035156,161.8699951171875,162.11000061035156,8455,161.8800048828125
2026-06-05 12:10:00-04:00,161.67999267578125,161.97999572753906,161.67999267578125,161.8699951171875,9368,161.67999267578125
2026-06-05 12:15:00-04:00,161.57000732421875,161.67999267578125,161.5399932861328,161.67999267578125,6628,161.57000732421875
2026-06-05 12:20:00-04:00,161.27000427246094,161.5850067138672,161.27000427246094,161.5850067138672,7256,161.27000427246094
2026-06-05 12:25:00-04:00,161.08999633789062,161.30999755859375,161.08999633789062,161.22000122070312,7321,161.08999633789062
2026-06-05 12:30:00-04:00,161.0800018310547,161.08999633789062,160.89999389648438,161.08999633789062,5615,161.0800018310547
2026-06-05 12:35:00-04:00,161.0449981689453,161.25990295410156,161.02000427246094,161.0800018310547,9846,161.0449981689453
2026-06-05 12:40:00-04:00,160.47999572753906,161.14999389648438,160.47000122070312,161.13999938964844,11569,160.47999572753906
2026-06-05 12:45:00-04:00,160.63999938964844,160.63999938964844,160.2899932861328,160.47999572753906,15557,160.63999938964844
2026-06-05 12:50:00-04:00,161.4199981689453,161.4199981689453,160.75999450683594,160.75999450683594,8883,161.4199981689453
2026-06-05 12:55:00-04:00,161.46499633789062,161.46499633789062,161.2899932861328,161.38499450683594,5462,161.46499633789062
2026-06-05 13:00:00-04:00,161.27000427246094,161.4600067138672,161.17999267578125,161.4600067138672,7982,161.27000427246094
2026-06-05 13:05:00-04:00,161.27000427246094,161.36000061035156,161.1999969482422,161.27000427246094,6200,161.27000427246094
2026-06-05 13:10:00-04:00,161.27999877929688,161.2899932861328,161.1699981689453,161.25,6037,161.27999877929688
2026-06-05 13:15:00-04:00,161.2949981689453,161.39999389648438,161.19000244140625,161.29930114746094,8913,161.2949981689453
2026-06-05 13:20:00-04:00,161.3300018310547,161.35499572753906,160.96499633789062,161.2899932861328,12120,161.3300018310547
2026-06-05 13:25:00-04:00,161.27000427246094,161.3699951171875,161.07000732421875,161.25999450683594,11160,161.27000427246094
2026-06-05 13:30:00-04:00,161.3300018310547,161.3699951171875,161.24000549316406,161.3300018310547,9779,161.3300018310547
2026-06-05 13:35:00-04:00,161.77999877929688,161.80999755859375,161.43499755859375,161.4600067138672,7736,161.77999877929688
2026-06-05 13:40:00-04:00,161.5399932861328,161.88499450683594,161.5399932861328,161.8350067138672,11395,161.5399932861328
2026-06-05 13:45:00-04:00,161.49000549316406,161.61000061035156,161.4600067138672,161.61000061035156,6180,161.49000549316406
2026-06-05 13:50:00-04:00,161.50999450683594,161.62750244140625,161.50999450683594,161.5500030517578,6747,161.50999450683594
2026-06-05 13:55:00-04:00,161.72999572753906,161.72999572753906,161.5800018310547,161.6199951171875,10700,161.72999572753906
2026-06-05 14:00:00-04:00,161.47999572753906,161.77000427246094,161.47999572753906,161.77000427246094,9023,161.47999572753906
2026-06-05 14:05:00-04:00,161.38999938964844,161.50999450683594,161.32000732421875,161.47000122070312,9066,161.38999938964844
2026-06-05 14:10:00-04:00,161.50999450683594,161.6300048828125,161.36000061035156,161.36000061035156,12918,161.50999450683594
2026-06-05 14:15:00-04:00,161.47999572753906,161.5500030517578,161.3300018310547,161.39999389648438,7540,161.47999572753906
2026-06-05 14:20:00-04:00,161.69000244140625,161.72999572753906,161.44000244140625,161.52000427246094,12361,161.69000244140625
2026-06-05 14:25:00-04:00,161.51939392089844,161.6699981689453,161.36000061035156,161.6199951171875,14219,161.51939392089844
2026-06-05 14:30:00-04:00,161.6199951171875,161.69000244140625,161.5,161.52999877929688,23478,161.6199951171875
2026-06-05 14:35:00-04:00,161.6699981689453,161.67999267578125,161.5399932861328,161.64500427246094,18617,161.6699981689453
2026-06-05 14:40:00-04:00,161.30999755859375,161.6300048828125,161.30999755859375,161.625,22790,161.30999755859375
2026-06-05 14:45:00-04:00,161.33999633789062,161.34500122070312,160.92999267578125,161.19000244140625,17321,161.33999633789062
2026-06-05 14:50:00-04:00,161.14999389648438,161.33999633789062,161.10499572753906,161.3300018310547,15235,161.14999389648438
2026-06-05 14:55:00-04:00,161.33999633789062,161.4499969482422,161.06500244140625,161.1999969482422,19008,161.33999633789062
2026-06-05 15:00:00-04:00,161.21499633789062,161.39999389648438,161.125,161.3300018310547,27119,161.21499633789062
2026-06-05 15:05:00-04:00,161.13999938964844,161.31500244140625,161.0,161.16000366210938,27085,161.13999938964844
2026-06-05 15:10:00-04:00,160.9425048828125,161.2100067138672,160.9425048828125,161.2100067138672,20208,160.9425048828125
2026-06-05 15:15:00-04:00,160.67999267578125,160.86000061035156,160.4600067138672,160.86000061035156,21050,160.67999267578125
2026-06-05 15:20:00-04:00,161.0500030517578,161.11000061035156,160.65249633789062,160.65499877929688,20578,161.0500030517578
2026-06-05 15:25:00-04:00,161.2050018310547,161.2050018310547,160.7914581298828,161.0800018310547,25110,161.2050018310547
2026-06-05 15:30:00-04:00,160.86000061035156,161.1999969482422,160.6999969482422,161.13999938964844,37055,160.86000061035156
2026-06-05 15:35:00-04:00,161.0500030517578,161.0800018310547,160.91000366210938,160.97999572753906,20736,161.0500030517578
2026-06-05 15:40:00-04:00,160.89500427246094,161.06500244140625,160.6999969482422,161.04750061035156,34656,160.89500427246094
2026-06-05 15:45:00-04:00,161.25999450683594,161.25999450683594,160.8350067138672,160.8699951171875,35168,161.25999450683594
2026-06-05 15:50:00-04:00,161.33999633789062,161.47999572753906,161.24000549316406,161.24000549316406,38461,161.33999633789062
2026-06-05 15:55:00-04:00,161.77999877929688,161.82000732421875,161.24749755859375,161.3000030517578,174854,161.77999877929688
2026-06-08 09:30:00-04:00,163.07000732421875,163.07000732421875,162.35000610351562,162.35000610351562,17632,163.07000732421875
2026-06-08 09:35:00-04:00,162.25,162.85000610351562,162.25,162.42999267578125,9204,162.25
2026-06-08 09:40:00-04:00,162.80999755859375,162.9199981689453,162.36000061035156,162.41024780273438,10674,162.80999755859375
2026-06-08 09:45:00-04:00,162.8000030517578,163.05499267578125,162.61000061035156,162.9199981689453,20567,162.8000030517578
2026-06-08 09:50:00-04:00,163.02000427246094,163.10000610351562,162.63499450683594,162.82000732421875,20649,163.02000427246094
2026-06-08 09:55:00-04:00,162.74000549316406,163.32000732421875,162.52499389648438,163.02000427246094,39723,162.74000549316406
2026-06-08 10:00:00-04:00,162.83999633789062,163.5800018310547,162.6999969482422,162.72000122070312,25748,162.83999633789062
2026-06-08 10:05:00-04:00,162.88499450683594,163.15499877929688,162.88499450683594,162.97999572753906,12243,162.88499450683594
2026-06-08 10:10:00-04:00,162.9199981689453,163.00999450683594,162.77999877929688,162.89999389648438,15787,162.9199981689453
2026-06-08 10:15:00-04:00,163.0500030517578,163.22000122070312,162.74000549316406,162.83999633789062,14912,163.0500030517578
2026-06-08 10:20:00-04:00,162.5500030517578,163.1699981689453,162.38999938964844,163.14999389648438,15596,162.5500030517578
2026-06-08 10:25:00-04:00,162.36000061035156,162.72999572753906,162.36000061035156,162.55999755859375,6022,162.36000061035156
2026-06-08 10:30:00-04:00,162.55999755859375,162.69000244140625,162.27999877929688,162.3800048828125,7064,162.55999755859375
2026-06-08 10:35:00-04:00,162.63499450683594,162.69000244140625,162.30999755859375,162.55999755859375,15402,162.63499450683594
2026-06-08 10:40:00-04:00,162.2550048828125,162.77000427246094,162.11000061035156,162.77000427246094,10600,162.2550048828125
2026-06-08 10:45:00-04:00,162.32000732421875,162.49000549316406,162.27999877929688,162.3350067138672,13169,162.32000732421875
2026-06-08 10:50:00-04:00,162.33999633789062,162.41000366210938,162.14010620117188,162.27499389648438,7621,162.33999633789062
2026-06-08 10:55:00-04:00,162.80499267578125,162.80499267578125,162.2899932861328,162.3699951171875,22923,162.80499267578125
2026-06-08 11:00:00-04:00,162.5800018310547,162.82000732421875,162.52999877929688,162.7449951171875,12043,162.5800018310547
2026-06-08 11:05:00-04:00,162.61000061035156,162.83999633789062,162.55999755859375,162.5800018310547,8522,162.61000061035156
2026-06-08 11:10:00-04:00,162.50999450683594,162.625,162.47999572753906,162.625,6966,162.50999450683594
2026-06-08 11:15:00-04:00,162.49000549316406,162.61500549316406,162.35000610351562,162.5,10081,162.49000549316406
2026-06-08 11:20:00-04:00,162.50999450683594,162.55499267578125,162.38999938964844,162.38999938964844,15337,162.50999450683594
2026-06-08 11:25:00-04:00,162.3300018310547,162.42999267578125,162.2899932861328,162.42999267578125,6544,162.3300018310547
2026-06-08 11:30:00-04:00,162.2899932861328,162.4199981689453,162.27499389648438,162.3800048828125,8474,162.2899932861328
2026-06-08 11:35:00-04:00,162.44500732421875,162.5,162.15499877929688,162.30999755859375,20478,162.44500732421875
2026-06-08 11:40:00-04:00,162.47000122070312,162.5399932861328,162.44500732421875,162.44500732421875,9975,162.47000122070312
2026-06-08 11:45:00-04:00,162.5,162.61500549316406,162.47000122070312,162.47000122070312,15313,162.5
2026-06-08 11:50:00-04:00,162.77499389648438,162.82000732421875,162.4949951171875,162.4949951171875,8698,162.77499389648438
2026-06-08 11:55:00-04:00,162.69000244140625,162.77499389648438,162.55999755859375,162.77499389648438,6477,162.69000244140625
2026-06-08 12:00:00-04:00,162.9149932861328,162.97000122070312,162.6999969482422,162.72999572753906,8146,162.9149932861328
2026-06-08 12:05:00-04:00,162.89500427246094,163.0,162.8800048828125,162.94500732421875,4908,162.89500427246094
2026-06-08 12:10:00-04:00,162.89500427246094,162.89500427246094,162.80999755859375,162.88999938964844,5508,162.89500427246094
2026-06-08 12:15:00-04:00,162.86000061035156,163.0,162.86000061035156,162.9499969482422,6640,162.86000061035156
2026-06-08 12:20:00-04:00,162.91000366210938,162.9250030517578,162.83999633789062,162.90499877929688,6946,162.91000366210938
2026-06-08 12:25:00-04:00,163.02000427246094,163.02000427246094,162.9199981689453,162.9199981689453,5370,163.02000427246094
2026-06-08 12:30:00-04:00,162.89999389648438,162.97999572753906,162.8000030517578,162.97999572753906,5687,162.89999389648438
2026-06-08 12:35:00-04:00,162.8300018310547,162.90499877929688,162.75999450683594,162.90499877929688,7861,162.8300018310547
2026-06-08 12:40:00-04:00,162.57000732421875,162.9199981689453,162.57000732421875,162.7949981689453,8925,162.57000732421875
2026-06-08 12:45:00-04:00,162.8300018310547,162.86500549316406,162.56500244140625,162.56500244140625,5092,162.8300018310547
2026-06-08 12:50:00-04:00,162.85000610351562,162.85000610351562,162.74000549316406,162.8300018310547,4878,162.85000610351562
2026-06-08 12:55:00-04:00,162.78500366210938,162.8125,162.72000122070312,162.8125,7873,162.78500366210938
2026-06-08 13:00:00-04:00,162.5399932861328,162.77999877929688,162.5,162.77999877929688,15474,162.5399932861328
2026-06-08 13:05:00-04:00,162.5,162.7050018310547,162.5,162.5399932861328,9385,162.5
2026-06-08 13:10:00-04:00,162.22250366210938,162.42999267578125,162.0301055908203,162.4250030517578,5993,162.22250366210938
2026-06-08 13:15:00-04:00,162.22000122070312,162.3000030517578,162.11000061035156,162.25999450683594,10390,162.22000122070312
2026-06-08 13:20:00-04:00,162.32000732421875,162.40499877929688,162.24000549316406,162.24000549316406,9071,162.32000732421875
2026-06-08 13:25:00-04:00,162.4600067138672,162.4600067138672,162.27000427246094,162.33999633789062,5612,162.4600067138672
2026-06-08 13:30:00-04:00,162.25999450683594,162.4600067138672,162.24000549316406,162.44000244140625,11974,162.25999450683594
2026-06-08 13:35:00-04:00,162.2449951171875,162.3350067138672,162.14100646972656,162.27999877929688,6152,162.2449951171875
2026-06-08 13:40:00-04:00,162.32000732421875,162.39999389648438,162.2100067138672,162.30499267578125,7754,162.32000732421875
2026-06-08 13:45:00-04:00,162.36500549316406,162.55499267578125,162.33999633789062,162.36000061035156,10989,162.36500549316406
2026-06-08 13:50:00-04:00,162.5,162.52999877929688,162.4600067138672,162.4600067138672,5841,162.5
2026-06-08 13:55:00-04:00,162.43499755859375,162.47999572753906,162.40499877929688,162.4499969482422,6504,162.43499755859375
2026-06-08 14:00:00-04:00,162.63999938964844,162.63999938964844,162.42999267578125,162.46499633789062,11931,162.63999938964844
2026-06-08 14:05:00-04:00,162.69000244140625,162.75,162.67999267578125,162.7100067138672,8234,162.69000244140625
2026-06-08 14:10:00-04:00,162.34500122070312,162.7100067138672,162.33999633789062,162.7100067138672,11765,162.34500122070312
2026-06-08 14:15:00-04:00,162.5500030517578,162.5500030517578,162.3800048828125,162.3800048828125,5262,162.5500030517578
2026-06-08 14:20:00-04:00,162.5574951171875,162.60000610351562,162.4600067138672,162.50999450683594,9746,162.5574951171875
2026-06-08 14:25:00-04:00,162.58999633789062,162.63499450683594,162.5800018310547,162.5850067138672,8768,162.58999633789062
2026-06-08 14:30:00-04:00,162.63999938964844,162.6699981689453,162.5850067138672,162.61500549316406,8333,162.63999938964844
2026-06-08 14:35:00-04:00,162.49000549316406,162.6750030517578,162.49000549316406,162.64999389648438,7760,162.49000549316406
2026-06-08 14:40:00-04:00,162.57000732421875,162.60499572753906,162.50999450683594,162.50999450683594,9019,162.57000732421875
2026-06-08 14:45:00-04:00,162.39999389648438,162.63999938964844,162.35009765625,162.5850067138672,9549,162.39999389648438
2026-06-08 14:50:00-04:00,162.5500030517578,162.5500030517578,162.40499877929688,162.40499877929688,14931,162.5500030517578
2026-06-08 14:55:00-04:00,162.35499572753906,162.5800018310547,162.35499572753906,162.52999877929688,14050,162.35499572753906
2026-06-08 15:00:00-04:00,162.3800048828125,162.3800048828125,162.06500244140625,162.35000610351562,18831,162.3800048828125
2026-06-08 15:05:00-04:00,162.2550048828125,162.4199981689453,162.24000549316406,162.4199981689453,12378,162.2550048828125
2026-06-08 15:10:00-04:00,162.10000610351562,162.17999267578125,162.0800018310547,162.17999267578125,11899,162.10000610351562
2026-06-08 15:15:00-04:00,162.10000610351562,162.10000610351562,161.9199981689453,162.0749969482422,16213,162.10000610351562
2026-06-08 15:20:00-04:00,161.9550018310547,162.1300048828125,161.93499755859375,162.10000610351562,16723,161.9550018310547
2026-06-08 15:25:00-04:00,161.99000549316406,162.05999755859375,161.875,162.0,19047,161.99000549316406
2026-06-08 15:30:00-04:00,161.9250030517578,162.10000610351562,161.9199981689453,162.0,23372,161.9250030517578
2026-06-08 15:35:00-04:00,162.0749969482422,162.13999938964844,161.89999389648438,161.9499969482422,17394,162.0749969482422
2026-06-08 15:40:00-04:00,161.99000549316406,162.0800018310547,161.9199981689453,162.0749969482422,22684,161.99000549316406
2026-06-08 15:45:00-04:00,161.75,162.14999389648438,161.72500610351562,162.05499267578125,36061,161.75
2026-06-08 15:50:00-04:00,161.7899932861328,161.9499969482422,161.72999572753906,161.7899932861328,39642,161.7899932861328
2026-06-08 15:55:00-04:00,161.85000610351562,162.05499267578125,161.77999877929688,161.7949981689453,101929,161.85000610351562
2026-06-09 09:30:00-04:00,162.97000122070312,164.0500030517578,162.97000122070312,163.47000122070312,108404,162.97000122070312
2026-06-09 09:35:00-04:00,163.11000061035156,163.27999877929688,162.360107421875,162.88999938964844,10114,163.11000061035156
2026-06-09 09:40:00-04:00,162.6300048828125,163.5,162.57000732421875,163.11000061035156,21273,162.6300048828125
2026-06-09 09:45:00-04:00,163.0,163.33999633789062,162.77999877929688,162.80999755859375,13092,163.0
2026-06-09 09:50:00-04:00,162.96499633789062,163.1649932861328,162.8300018310547,163.08999633789062,19066,162.96499633789062
2026-06-09 09:55:00-04:00,163.32000732421875,163.32000732421875,162.85499572753906,163.00999450683594,15951,163.32000732421875
2026-06-09 10:00:00-04:00,162.5749969482422,163.32000732421875,162.52999877929688,163.3000030517578,69230,162.5749969482422
2026-06-09 10:05:00-04:00,163.16000366210938,163.27499389648438,162.5749969482422,162.5749969482422,36646,163.16000366210938
2026-06-09 10:10:00-04:00,162.64999389648438,163.16000366210938,162.57000732421875,163.0399932861328,9538,162.64999389648438
2026-06-09 10:15:00-04:00,162.02000427246094,162.76499938964844,161.9149932861328,162.76499938964844,18407,162.02000427246094
2026-06-09 10:20:00-04:00,162.7899932861328,162.7899932861328,162.13999938964844,162.17999267578125,9591,162.7899932861328
2026-06-09 10:25:00-04:00,162.6199951171875,163.0399932861328,162.58999633789062,162.7899932861328,8898,162.6199951171875
2026-06-09 10:30:00-04:00,162.72999572753906,162.8699951171875,162.4499969482422,162.6199951171875,9340,162.72999572753906
2026-06-09 10:35:00-04:00,162.55999755859375,162.8249969482422,162.44000244140625,162.8249969482422,14528,162.55999755859375
2026-06-09 10:40:00-04:00,162.1750030517578,162.5800018310547,162.1750030517578,162.55999755859375,12544,162.1750030517578
2026-06-09 10:45:00-04:00,161.10000610351562,162.1300048828125,161.10000610351562,162.1300048828125,11408,161.10000610351562
2026-06-09 10:50:00-04:00,161.75999450683594,161.84500122070312,161.0675048828125,161.09500122070312,11723,161.75999450683594
2026-06-09 10:55:00-04:00,162.1999969482422,162.24000549316406,161.6699981689453,161.82000732421875,9538,162.1999969482422
2026-06-09 11:00:00-04:00,161.80999755859375,162.1999969482422,161.80999755859375,162.17999267578125,9138,161.80999755859375
2026-06-09 11:05:00-04:00,161.83999633789062,161.89300537109375,161.6300048828125,161.6699981689453,6980,161.83999633789062
2026-06-09 11:10:00-04:00,161.60000610351562,161.9499969482422,161.5399932861328,161.94000244140625,8206,161.60000610351562
2026-06-09 11:15:00-04:00,161.1750030517578,161.69000244140625,161.11000061035156,161.69000244140625,12190,161.1750030517578
2026-06-09 11:20:00-04:00,161.0,161.3249969482422,160.5,161.1750030517578,13251,161.0
2026-06-09 11:25:00-04:00,160.0,161.0,160.0,161.0,14359,160.0
2026-06-09 11:30:00-04:00,159.7449951171875,160.1699981689453,159.5,160.0500030517578,20923,159.7449951171875
2026-06-09 11:35:00-04:00,159.8000030517578,159.80999755859375,159.41000366210938,159.7449951171875,15328,159.8000030517578
2026-06-09 11:40:00-04:00,160.3300018310547,160.63999938964844,159.86000061035156,159.86000061035156,12941,160.3300018310547
2026-06-09 11:45:00-04:00,160.30999755859375,160.4600067138672,160.13499450683594,160.4499969482422,9886,160.30999755859375
2026-06-09 11:50:00-04:00,160.30499267578125,160.4499969482422,160.1999969482422,160.4199981689453,8422,160.30499267578125
2026-06-09 11:55:00-04:00,160.05999755859375,160.35000610351562,159.74000549316406,160.25999450683594,8717,160.05999755859375
2026-06-09 12:00:00-04:00,159.97500610351562,160.31500244140625,159.75999450683594,159.86500549316406,10913,159.97500610351562
2026-06-09 12:05:00-04:00,159.97000122070312,160.27999877929688,159.92999267578125,159.97500610351562,9665,159.97000122070312
2026-06-09 12:10:00-04:00,159.92999267578125,160.19000244140625,159.83999633789062,159.97000122070312,9963,159.92999267578125
2026-06-09 12:15:00-04:00,159.50399780273438,160.05999755859375,159.50399780273438,160.02000427246094,9738,159.50399780273438
2026-06-09 12:20:00-04:00,159.92999267578125,159.92999267578125,159.4199981689453,159.51499938964844,13964,159.92999267578125
2026-06-09 12:25:00-04:00,160.16000366210938,160.27000427246094,160.02999877929688,160.08999633789062,7735,160.16000366210938
2026-06-09 12:30:00-04:00,160.1999969482422,160.3699951171875,159.98500061035156,160.16000366210938,11179,160.1999969482422
2026-06-09 12:35:00-04:00,159.2899932861328,160.53909301757812,159.1300048828125,160.27999877929688,23091,159.2899932861328
2026-06-09 12:40:00-04:00,159.55999755859375,159.75,159.1300048828125,159.32000732421875,16699,159.55999755859375
2026-06-09 12:45:00-04:00,159.74000549316406,159.89999389648438,159.4499969482422,159.6300048828125,10721,159.74000549316406
2026-06-09 12:50:00-04:00,159.64500427246094,159.97999572753906,159.64500427246094,159.75,11387,159.64500427246094
2026-06-09 12:55:00-04:00,159.7949981689453,159.88499450683594,159.4499969482422,159.5749969482422,11441,159.7949981689453
2026-06-09 13:00:00-04:00,160.25,160.25999450683594,159.75,159.7949981689453,11825,160.25
2026-06-09 13:05:00-04:00,160.5,160.5,160.17999267578125,160.2550048828125,7412,160.5
2026-06-09 13:10:00-04:00,160.3874969482422,160.58999633789062,160.25,160.5800018310547,5548,160.3874969482422
2026-06-09 13:15:00-04:00,160.8000030517578,160.8000030517578,160.4149932861328,160.4149932861328,9081,160.8000030517578
2026-06-09 13:20:00-04:00,161.35000610351562,161.3800048828125,160.89999389648438,160.89999389648438,10708,161.35000610351562
2026-06-09 13:25:00-04:00,161.36000061035156,161.4499969482422,161.35000610351562,161.4499969482422,3867,161.36000061035156
2026-06-09 13:30:00-04:00,161.5500030517578,161.5500030517578,161.24000549316406,161.41000366210938,7419,161.5500030517578
2026-06-09 13:35:00-04:00,161.72000122070312,161.8000030517578,161.50999450683594,161.55999755859375,5650,161.72000122070312
2026-06-09 13:40:00-04:00,162.07000732421875,162.2100067138672,161.8300018310547,161.8300018310547,8391,162.07000732421875
2026-06-09 13:45:00-04:00,161.66000366210938,162.13499450683594,161.66000366210938,162.13499450683594,7635,161.66000366210938
2026-06-09 13:50:00-04:00,162.16000366210938,162.1699981689453,161.81500244140625,161.9199981689453,9170,162.16000366210938
2026-06-09 13:55:00-04:00,162.02999877929688,162.17999267578125,161.97999572753906,162.1699981689453,3944,162.02999877929688
2026-06-09 14:00:00-04:00,161.8699951171875,162.10000610351562,161.77000427246094,162.02999877929688,7830,161.8699951171875
2026-06-09 14:05:00-04:00,162.05499267578125,162.0800018310547,161.78500366210938,161.88999938964844,9099,162.05499267578125
2026-06-09 14:10:00-04:00,161.90499877929688,162.05999755859375,161.80999755859375,162.05999755859375,9456,161.90499877929688
2026-06-09 14:15:00-04:00,162.10000610351562,162.19000244140625,161.7801055908203,161.7801055908203,18984,162.10000610351562
2026-06-09 14:20:00-04:00,162.1199951171875,162.19000244140625,161.93499755859375,162.13999938964844,7970,162.1199951171875
2026-06-09 14:25:00-04:00,162.1199951171875,162.1699981689453,162.07000732421875,162.10000610351562,7047,162.1199951171875
2026-06-09 14:30:00-04:00,162.22999572753906,162.27000427246094,162.0,162.1300048828125,12526,162.22999572753906
2026-06-09 14:35:00-04:00,162.3000030517578,162.36000061035156,162.13999938964844,162.17999267578125,7796,162.3000030517578
2026-06-09 14:40:00-04:00,161.92999267578125,162.30999755859375,161.92999267578125,162.30999755859375,10144,161.92999267578125
2026-06-09 14:45:00-04:00,162.0850067138672,162.2100067138672,161.97999572753906,161.97999572753906,13277,162.0850067138672
2026-06-09 14:50:00-04:00,162.24000549316406,162.24000549316406,162.07000732421875,162.13999938964844,8042,162.24000549316406
2026-06-09 14:55:00-04:00,162.43499755859375,162.44500732421875,162.27000427246094,162.27000427246094,7664,162.43499755859375
2026-06-09 15:00:00-04:00,162.2949981689453,162.42999267578125,162.27000427246094,162.42999267578125,8676,162.2949981689453
2026-06-09 15:05:00-04:00,162.47999572753906,162.50999450683594,162.34500122070312,162.36000061035156,10647,162.47999572753906
2026-06-09 15:10:00-04:00,162.33999633789062,162.4499969482422,162.33999633789062,162.4199981689453,10963,162.33999633789062
2026-06-09 15:15:00-04:00,162.0800018310547,162.3699951171875,161.9949951171875,162.3699951171875,13071,162.0800018310547
2026-06-09 15:20:00-04:00,162.02499389648438,162.1999969482422,161.9600067138672,162.10000610351562,12047,162.02499389648438
2026-06-09 15:25:00-04:00,161.94000244140625,162.14500427246094,161.94000244140625,162.11000061035156,10346,161.94000244140625
2026-06-09 15:30:00-04:00,161.72000122070312,162.0,161.64999389648438,161.9149932861328,17897,161.72000122070312
2026-06-09 15:35:00-04:00,161.6999969482422,161.8000030517578,161.60000610351562,161.72000122070312,14522,161.6999969482422
2026-06-09 15:40:00-04:00,161.52000427246094,161.68499755859375,161.3699951171875,161.67999267578125,22239,161.52000427246094
2026-06-09 15:45:00-04:00,161.86000061035156,161.91000366210938,161.54750061035156,161.54750061035156,28280,161.86000061035156
2026-06-09 15:50:00-04:00,162.5,162.60000610351562,161.86000061035156,161.91000366210938,59498,162.5
2026-06-09 15:55:00-04:00,163.2899932861328,163.3300018310547,162.44000244140625,162.4949951171875,163259,163.2899932861328
2026-06-10 09:30:00-04:00,161.9550018310547,163.19500732421875,161.6199951171875,163.19500732421875,25631,161.9550018310547
2026-06-10 09:35:00-04:00,162.36000061035156,162.36000061035156,161.97999572753906,161.97999572753906,8142,162.36000061035156
2026-06-10 09:40:00-04:00,163.13999938964844,163.22000122070312,162.19000244140625,162.30465698242188,43890,163.13999938964844
2026-06-10 09:45:00-04:00,163.80999755859375,163.94500732421875,162.97999572753906,163.14999389648438,17612,163.80999755859375
2026-06-10 09:50:00-04:00,163.61500549316406,163.86000061035156,163.47999572753906,163.84750366210938,16902,163.61500549316406
2026-06-10 09:55:00-04:00,163.1223602294922,163.77999877929688,163.0,163.61000061035156,16040,163.1223602294922
2026-06-10 10:00:00-04:00,162.93499755859375,163.1300048828125,162.67999267578125,163.1300048828125,16989,162.93499755859375
2026-06-10 10:05:00-04:00,162.94000244140625,163.19000244140625,162.9199981689453,162.93499755859375,10144,162.94000244140625
2026-06-10 10:10:00-04:00,163.05999755859375,163.07000732421875,162.64999389648438,162.93499755859375,23241,163.05999755859375
2026-06-10 10:15:00-04:00,162.3300018310547,162.97999572753906,162.13999938964844,162.93499755859375,12850,162.3300018310547
2026-06-10 10:20:00-04:00,162.4600067138672,162.61000061035156,161.97999572753906,162.08999633789062,12706,162.4600067138672
2026-06-10 10:25:00-04:00,162.27000427246094,162.6699981689453,162.1999969482422,162.4600067138672,10809,162.27000427246094
2026-06-10 10:30:00-04:00,162.13499450683594,162.27999877929688,161.96499633789062,162.27000427246094,14444,162.13499450683594
2026-06-10 10:35:00-04:00,161.74000549316406,162.4600067138672,161.52999877929688,162.2899932861328,11737,161.74000549316406
2026-06-10 10:40:00-04:00,161.36000061035156,161.97000122070312,161.36000061035156,161.77499389648438,12024,161.36000061035156
2026-06-10 10:45:00-04:00,161.07000732421875,161.4149932861328,160.94500732421875,161.4149932861328,9479,161.07000732421875
2026-06-10 10:50:00-04:00,160.72000122070312,161.0,160.30499267578125,161.0,63306,160.72000122070312
2026-06-10 10:55:00-04:00,160.74000549316406,160.82749938964844,160.49000549316406,160.74000549316406,9146,160.74000549316406
2026-06-10 11:00:00-04:00,160.90499877929688,161.4499969482422,160.67999267578125,160.74000549316406,16763,160.90499877929688
2026-06-10 11:05:00-04:00,160.5500030517578,160.88999938964844,160.5500030517578,160.88999938964844,8609,160.5500030517578
2026-06-10 11:10:00-04:00,160.10000610351562,160.60000610351562,160.10000610351562,160.5850067138672,10307,160.10000610351562
2026-06-10 11:15:00-04:00,159.69000244140625,160.1699981689453,159.50259399414062,160.1699981689453,22994,159.69000244140625
2026-06-10 11:20:00-04:00,159.77000427246094,159.86000061035156,159.52000427246094,159.68499755859375,40531,159.77000427246094
2026-06-10 11:25:00-04:00,159.94000244140625,160.36000061035156,159.72000122070312,159.7899932861328,52031,159.94000244140625
2026-06-10 11:30:00-04:00,159.7100067138672,160.1199951171875,159.36000061035156,159.7899932861328,46577,159.7100067138672
2026-06-10 11:35:00-04:00,159.25999450683594,159.75,158.97000122070312,159.74000549316406,34957,159.25999450683594
2026-06-10 11:40:00-04:00,159.61000061035156,159.73500061035156,159.08999633789062,159.25999450683594,18351,159.61000061035156
2026-06-10 11:45:00-04:00,158.9949951171875,159.7100067138672,158.86500549316406,159.61000061035156,19403,158.9949951171875
2026-06-10 11:50:00-04:00,159.07000732421875,159.19000244140625,158.6750030517578,158.72999572753906,20886,159.07000732421875
2026-06-10 11:55:00-04:00,159.56500244140625,159.64999389648438,158.9149932861328,159.0500030517578,21835,159.56500244140625
2026-06-10 12:00:00-04:00,159.55999755859375,159.7550048828125,159.30999755859375,159.5800018310547,7699,159.55999755859375
2026-06-10 12:05:00-04:00,159.4600067138672,159.77000427246094,159.4600067138672,159.55999755859375,23243,159.4600067138672
2026-06-10 12:10:00-04:00,159.6999969482422,159.74000549316406,159.25999450683594,159.5500030517578,34303,159.6999969482422
2026-06-10 12:15:00-04:00,159.64999389648438,159.77999877929688,159.58999633789062,159.72250366210938,10821,159.64999389648438
2026-06-10 12:20:00-04:00,159.68499755859375,159.75,159.47000122070312,159.6300048828125,34760,159.68499755859375
2026-06-10 12:25:00-04:00,159.6999969482422,159.77000427246094,159.5800018310547,159.6300048828125,27268,159.6999969482422
2026-06-10 12:30:00-04:00,159.9600067138672,159.9600067138672,159.49000549316406,159.6300048828125,16509,159.9600067138672
2026-06-10 12:35:00-04:00,159.99000549316406,160.11000061035156,159.89999389648438,160.00999450683594,8045,159.99000549316406
2026-06-10 12:40:00-04:00,160.0,160.02000427246094,159.7449951171875,159.86000061035156,10848,160.0
2026-06-10 12:45:00-04:00,160.1300048828125,160.1300048828125,159.99000549316406,160.02999877929688,6155,160.1300048828125
2026-06-10 12:50:00-04:00,160.32000732421875,160.4499969482422,160.02000427246094,160.02000427246094,8443,160.32000732421875
2026-06-10 12:55:00-04:00,160.5800018310547,160.5800018310547,160.2274932861328,160.2274932861328,3896,160.5800018310547
2026-06-10 13:00:00-04:00,160.97000122070312,161.02000427246094,160.5,160.5800018310547,9019,160.97000122070312
2026-06-10 13:05:00-04:00,160.85000610351562,161.05499267578125,160.7899932861328,160.9499969482422,9431,160.85000610351562
2026-06-10 13:10:00-04:00,160.74000549316406,160.86500549316406,160.6300048828125,160.86500549316406,5319,160.74000549316406
2026-06-10 13:15:00-04:00,160.83999633789062,160.98500061035156,160.74000549316406,160.74000549316406,9498,160.83999633789062
2026-06-10 13:20:00-04:00,160.75,160.83999633789062,160.7100067138672,160.75999450683594,7079,160.75
2026-06-10 13:25:00-04:00,160.66000366210938,160.82000732421875,160.58999633789062,160.82000732421875,6159,160.66000366210938
2026-06-10 13:30:00-04:00,160.4600067138672,160.63499450683594,160.44000244140625,160.63499450683594,6860,160.4600067138672
2026-06-10 13:35:00-04:00,160.22000122070312,160.44000244140625,160.1699981689453,160.44000244140625,10334,160.22000122070312
2026-06-10 13:40:00-04:00,159.89999389648438,160.25999450683594,159.89999389648438,160.16000366210938,14640,159.89999389648438
2026-06-10 13:45:00-04:00,161.19000244140625,161.49000549316406,159.97000122070312,159.97000122070312,56512,161.19000244140625
2026-06-10 13:50:00-04:00,162.72000122070312,163.27999877929688,161.00999450683594,161.19500732421875,172414,162.72000122070312
2026-06-10 13:55:00-04:00,162.14999389648438,163.3699951171875,161.6699981689453,162.72000122070312,59546,162.14999389648438
2026-06-10 14:00:00-04:00,163.24749755859375,163.52999877929688,161.75,161.94500732421875,78666,163.24749755859375
2026-06-10 14:05:00-04:00,163.5500030517578,164.35000610351562,162.44500732421875,163.52000427246094,105448,163.5500030517578
2026-06-10 14:10:00-04:00,163.11500549316406,164.14999389648438,162.99000549316406,163.52999877929688,96852,163.11500549316406
2026-06-10 14:15:00-04:00,162.81280517578125,163.69000244140625,162.81280517578125,163.3699951171875,52341,162.81280517578125
2026-06-10 14:20:00-04:00,162.6750030517578,163.0399932861328,162.22999572753906,162.92999267578125,30665,162.6750030517578
2026-06-10 14:25:00-04:00,162.57000732421875,162.91000366210938,162.360107421875,162.8300018310547,38475,162.57000732421875
2026-06-10 14:30:00-04:00,162.16000366210938,162.5399932861328,162.02499389648438,162.4499969482422,69503,162.16000366210938
2026-06-10 14:35:00-04:00,161.7100067138672,162.24000549316406,161.5500030517578,162.13499450683594,32406,161.7100067138672
2026-06-10 14:40:00-04:00,161.75999450683594,161.8300018310547,161.53500366210938,161.67999267578125,36780,161.75999450683594
2026-06-10 14:45:00-04:00,162.0399932861328,162.0399932861328,161.55999755859375,161.69000244140625,32869,162.0399932861328
2026-06-10 14:50:00-04:00,162.64999389648438,162.64999389648438,161.7899932861328,161.97999572753906,27650,162.64999389648438
2026-06-10 14:55:00-04:00,162.0800018310547,162.64999389648438,162.0800018310547,162.64999389648438,24527,162.0800018310547
2026-06-10 15:00:00-04:00,161.8699951171875,162.2899932861328,161.8699951171875,162.13999938964844,21692,161.8699951171875
2026-06-10 15:05:00-04:00,161.61000061035156,161.99000549316406,161.58999633789062,161.88999938964844,36746,161.61000061035156
2026-06-10 15:10:00-04:00,161.9250030517578,162.00999450683594,161.55999755859375,161.55999755859375,19714,161.9250030517578
2026-06-10 15:15:00-04:00,161.74000549316406,162.13999938964844,161.72999572753906,161.9499969482422,27009,161.74000549316406
2026-06-10 15:20:00-04:00,161.47500610351562,161.6999969482422,161.27000427246094,161.6999969482422,32254,161.47500610351562
2026-06-10 15:25:00-04:00,161.84500122070312,161.92999267578125,161.41000366210938,161.47500610351562,34690,161.84500122070312
2026-06-10 15:30:00-04:00,162.64500427246094,162.74000549316406,161.77999877929688,161.82000732421875,55811,162.64500427246094
2026-06-10 15:35:00-04:00,162.89999389648438,163.10000610351562,162.47999572753906,162.625,52441,162.89999389648438
2026-06-10 15:40:00-04:00,162.9600067138672,162.97999572753906,162.4949951171875,162.97000122070312,50334,162.9600067138672
2026-06-10 15:45:00-04:00,162.6699981689453,163.0399932861328,162.5800018310547,163.00999450683594,57971,162.6699981689453
2026-06-10 15:50:00-04:00,162.0800018310547,162.77000427246094,161.9949951171875,162.5850067138672,94794,162.0800018310547
2026-06-10 15:55:00-04:00,161.89999389648438,162.52000427246094,161.77000427246094,162.0800018310547,242050,161.89999389648438
