Date,Price,Cash,Inventory,Avg_Cost,Total_Value
2026-04-29 17:40:00,149.75,1000.0,0,0.0,1000.0
2026-04-29 17:45:00,150.22000122070312,1000.0,0,0.0,1000.0
2026-04-29 17:50:00,150.50999450683594,1000.0,0,0.0,1000.0
2026-04-29 17:55:00,150.52999877929688,1000.0,0,0.0,1000.0
2026-04-29 18:00:00,150.25,1000.0,0,0.0,1000.0
2026-04-29 18:05:00,149.98500061035156,1000.0,0,0.0,1000.0
2026-04-29 18:10:00,150.05499267578125,1000.0,0,0.0,1000.0
2026-04-29 18:15:00,150.00999450683594,1000.0,0,0.0,1000.0
2026-04-29 18:20:00,150.1199951171875,1000.0,0,0.0,1000.0
2026-04-29 18:25:00,149.92999267578125,1000.0,0,0.0,1000.0
2026-04-29 18:30:00,149.8000030517578,1000.0,0,0.0,1000.0
2026-04-29 18:35:00,149.9550018310547,1000.0,0,0.0,1000.0
2026-04-29 18:40:00,149.90499877929688,1000.0,0,0.0,1000.0
2026-04-29 18:45:00,150.0,1000.0,0,0.0,1000.0
2026-04-29 18:50:00,149.97999572753906,1000.0,0,0.0,1000.0
2026-04-29 18:55:00,150.39999389648438,1000.0,0,0.0,1000.0
2026-04-29 19:00:00,150.5749969482422,1000.0,0,0.0,1000.0
2026-04-29 19:05:00,150.53250122070312,1000.0,0,0.0,1000.0
2026-04-29 19:10:00,150.72999572753906,1000.0,0,0.0,1000.0
2026-04-29 19:15:00,150.64999389648438,1000.0,0,0.0,1000.0
2026-04-29 19:20:00,150.69000244140625,1000.0,0,0.0,1000.0
2026-04-29 19:25:00,150.60499572753906,1000.0,0,0.0,1000.0
2026-04-29 19:30:00,150.26499938964844,1000.0,0,0.0,1000.0
2026-04-29 19:35:00,150.56500244140625,1000.0,0,0.0,1000.0
2026-04-29 19:40:00,150.86500549316406,1000.0,0,0.0,1000.0
2026-04-29 19:45:00,150.83999633789062,1000.0,0,0.0,1000.0
2026-04-29 19:50:00,150.8800048828125,1000.0,0,0.0,1000.0
2026-04-29 19:55:00,150.72000122070312,1000.0,0,0.0,1000.0
2026-04-30 13:30:00,150.91000366210938,1000.0,0,0.0,1000.0
2026-04-30 13:35:00,151.24000549316406,1000.0,0,0.0,1000.0
2026-04-30 13:40:00,151.64999389648438,1000.0,0,0.0,1000.0
2026-04-30 13:45:00,152.01499938964844,1000.0,0,0.0,1000.0
2026-04-30 13:50:00,152.30999755859375,1000.0,0,0.0,1000.0
2026-04-30 13:55:00,151.9499969482422,1000.0,0,0.0,1000.0
2026-04-30 14:00:00,151.57000732421875,1000.0,0,0.0,1000.0
2026-04-30 14:05:00,151.86500549316406,1000.0,0,0.0,1000.0
2026-04-30 14:10:00,151.72999572753906,1000.0,0,0.0,1000.0
2026-04-30 14:15:00,152.27999877929688,1000.0,0,0.0,1000.0
2026-04-30 14:20:00,152.06500244140625,1000.0,0,0.0,1000.0
2026-04-30 14:25:00,152.58999633789062,1000.0,0,0.0,1000.0
2026-04-30 14:30:00,152.6649932861328,1000.0,0,0.0,1000.0
2026-04-30 14:35:00,152.75,1000.0,0,0.0,1000.0
2026-04-30 14:40:00,152.41000366210938,1000.0,0,0.0,1000.0
2026-04-30 14:45:00,152.47999572753906,1000.0,0,0.0,1000.0
2026-04-30 14:50:00,152.4600067138672,1000.0,0,0.0,1000.0
2026-04-30 14:55:00,152.48500061035156,1000.0,0,0.0,1000.0
2026-04-30 15:00:00,152.63499450683594,1000.0,0,0.0,1000.0
2026-04-30 15:05:00,152.52499389648438,1000.0,0,0.0,1000.0
2026-04-30 15:10:00,152.60000610351562,1000.0,0,0.0,1000.0
2026-04-30 15:15:00,152.5449981689453,1000.0,0,0.0,1000.0
2026-04-30 15:20:00,152.72999572753906,1000.0,0,0.0,1000.0
2026-04-30 15:25:00,152.71499633789062,1000.0,0,0.0,1000.0
2026-04-30 15:30:00,152.72000122070312,1000.0,0,0.0,1000.0
2026-04-30 15:35:00,152.5449981689453,1000.0,0,0.0,1000.0
2026-04-30 15:40:00,152.5399932861328,1000.0,0,0.0,1000.0
2026-04-30 15:45:00,152.4600067138672,1000.0,0,0.0,1000.0
2026-04-30 15:50:00,152.5399932861328,1000.0,0,0.0,1000.0
2026-04-30 15:55:00,152.66000366210938,1000.0,0,0.0,1000.0
2026-04-30 16:00:00,152.65499877929688,1000.0,0,0.0,1000.0
2026-04-30 16:05:00,152.77000427246094,1000.0,0,0.0,1000.0
2026-04-30 16:10:00,152.82000732421875,1000.0,0,0.0,1000.0
2026-04-30 16:15:00,152.8300018310547,1000.0,0,0.0,1000.0
2026-04-30 16:20:00,152.94000244140625,1000.0,0,0.0,1000.0
2026-04-30 16:25:00,153.1199951171875,1000.0,0,0.0,1000.0
2026-04-30 16:30:00,153.08999633789062,1000.0,0,0.0,1000.0
2026-04-30 16:35:00,153.00999450683594,1000.0,0,0.0,1000.0
2026-04-30 16:40:00,153.0,1000.0,0,0.0,1000.0
2026-04-30 16:45:00,152.9600067138672,1000.0,0,0.0,1000.0
2026-04-30 16:50:00,152.875,1000.0,0,0.0,1000.0
2026-04-30 16:55:00,152.83999633789062,1000.0,0,0.0,1000.0
2026-04-30 17:00:00,152.91000366210938,1000.0,0,0.0,1000.0
2026-04-30 17:05:00,152.77999877929688,1000.0,0,0.0,1000.0
2026-04-30 17:10:00,152.8699951171875,1000.0,0,0.0,1000.0
2026-04-30 17:15:00,152.9698944091797,1000.0,0,0.0,1000.0
2026-04-30 17:20:00,152.97000122070312,1000.0,0,0.0,1000.0
2026-04-30 17:25:00,152.9199981689453,1000.0,0,0.0,1000.0
2026-04-30 17:30:00,153.0050048828125,1000.0,0,0.0,1000.0
2026-04-30 17:35:00,153.02999877929688,1000.0,0,0.0,1000.0
2026-04-30 17:40:00,153.17999267578125,1000.0,0,0.0,1000.0
2026-04-30 17:45:00,153.1199951171875,1000.0,0,0.0,1000.0
2026-04-30 17:50:00,152.96499633789062,1000.0,0,0.0,1000.0
2026-04-30 17:55:00,152.9149932861328,1000.0,0,0.0,1000.0
2026-04-30 18:00:00,152.72999572753906,1000.0,0,0.0,1000.0
2026-04-30 18:05:00,152.69000244140625,1000.0,0,0.0,1000.0
2026-04-30 18:10:00,152.6699981689453,1000.0,0,0.0,1000.0
2026-04-30 18:15:00,152.61000061035156,1000.0,0,0.0,1000.0
2026-04-30 18:20:00,152.5,1000.0,0,0.0,1000.0
2026-04-30 18:25:00,152.72999572753906,1000.0,0,0.0,1000.0
2026-04-30 18:30:00,152.77000427246094,1000.0,0,0.0,1000.0
2026-04-30 18:35:00,152.6300048828125,1000.0,0,0.0,1000.0
2026-04-30 18:40:00,152.58999633789062,1000.0,0,0.0,1000.0
2026-04-30 18:45:00,152.6699981689453,1000.0,0,0.0,1000.0
2026-04-30 18:50:00,152.71499633789062,1000.0,0,0.0,1000.0
2026-04-30 18:55:00,152.5,1000.0,0,0.0,1000.0
2026-04-30 19:00:00,152.74000549316406,1000.0,0,0.0,1000.0
2026-04-30 19:05:00,152.9199981689453,1000.0,0,0.0,1000.0
2026-04-30 19:10:00,153.05499267578125,1000.0,0,0.0,1000.0
2026-04-30 19:15:00,152.99000549316406,1000.0,0,0.0,1000.0
2026-04-30 19:20:00,153.0,1000.0,0,0.0,1000.0
2026-04-30 19:25:00,153.1699981689453,1000.0,0,0.0,1000.0
2026-04-30 19:30:00,152.73500061035156,1000.0,0,0.0,1000.0
2026-04-30 19:35:00,152.88999938964844,1000.0,0,0.0,1000.0
2026-04-30 19:40:00,152.91000366210938,1000.0,0,0.0,1000.0
2026-04-30 19:45:00,152.875,1000.0,0,0.0,1000.0
2026-04-30 19:50:00,153.02999877929688,1000.0,0,0.0,1000.0
2026-04-30 19:55:00,152.8000030517578,1000.0,0,0.0,1000.0
2026-05-01 13:30:00,152.5500030517578,1000.0,0,0.0,1000.0
2026-05-01 13:35:00,152.27000427246094,1000.0,0,0.0,1000.0
2026-05-01 13:40:00,152.8000030517578,1000.0,0,0.0,1000.0
2026-05-01 13:45:00,152.7899932861328,1000.0,0,0.0,1000.0
2026-05-01 13:50:00,153.1649932861328,1000.0,0,0.0,1000.0
2026-05-01 13:55:00,153.9499969482422,1000.0,0,0.0,1000.0
2026-05-01 14:00:00,153.875,1000.0,0,0.0,1000.0
2026-05-01 14:05:00,153.5500030517578,1000.0,0,0.0,1000.0
2026-05-01 14:10:00,153.72000122070312,1000.0,0,0.0,1000.0
2026-05-01 14:15:00,153.7899932861328,1000.0,0,0.0,1000.0
2026-05-01 14:20:00,154.13999938964844,1000.0,0,0.0,1000.0
2026-05-01 14:25:00,154.0500030517578,1000.0,0,0.0,1000.0
2026-05-01 14:30:00,154.1649932861328,1000.0,0,0.0,1000.0
2026-05-01 14:35:00,154.2100067138672,1000.0,0,0.0,1000.0
2026-05-01 14:40:00,154.05999755859375,1000.0,0,0.0,1000.0
2026-05-01 14:45:00,153.85000610351562,1000.0,0,0.0,1000.0
2026-05-01 14:50:00,153.7550048828125,1000.0,0,0.0,1000.0
2026-05-01 14:55:00,153.5,1000.0,0,0.0,1000.0
2026-05-01 15:00:00,153.56500244140625,1000.0,0,0.0,1000.0
2026-05-01 15:05:00,153.75,1000.0,0,0.0,1000.0
2026-05-01 15:10:00,153.77000427246094,1000.0,0,0.0,1000.0
2026-05-01 15:15:00,153.77000427246094,1000.0,0,0.0,1000.0
2026-05-01 15:20:00,153.80999755859375,1000.0,0,0.0,1000.0
2026-05-01 15:25:00,153.83999633789062,1000.0,0,0.0,1000.0
2026-05-01 15:30:00,153.8249969482422,1000.0,0,0.0,1000.0
2026-05-01 15:35:00,153.9199981689453,1000.0,0,0.0,1000.0
2026-05-01 15:40:00,153.84500122070312,1000.0,0,0.0,1000.0
2026-05-01 15:45:00,153.94000244140625,1000.0,0,0.0,1000.0
2026-05-01 15:50:00,153.67999267578125,1000.0,0,0.0,1000.0
2026-05-01 15:55:00,153.52999877929688,1000.0,0,0.0,1000.0
2026-05-01 16:00:00,153.75,1000.0,0,0.0,1000.0
2026-05-01 16:05:00,153.75999450683594,1000.0,0,0.0,1000.0
2026-05-01 16:10:00,153.6750030517578,1000.0,0,0.0,1000.0
2026-05-01 16:15:00,153.7550048828125,1000.0,0,0.0,1000.0
2026-05-01 16:20:00,153.44000244140625,1000.0,0,0.0,1000.0
2026-05-01 16:25:00,153.25999450683594,1000.0,0,0.0,1000.0
2026-05-01 16:30:00,153.05999755859375,1000.0,0,0.0,1000.0
2026-05-01 16:35:00,153.22000122070312,1000.0,0,0.0,1000.0
2026-05-01 16:40:00,153.14999389648438,1000.0,0,0.0,1000.0
2026-05-01 16:45:00,153.0500030517578,1000.0,0,0.0,1000.0
2026-05-01 16:50:00,153.17999267578125,1000.0,0,0.0,1000.0
2026-05-01 16:55:00,153.1199951171875,1000.0,0,0.0,1000.0
2026-05-01 17:00:00,153.22999572753906,1000.0,0,0.0,1000.0
2026-05-01 17:05:00,153.3000030517578,1000.0,0,0.0,1000.0
2026-05-01 17:10:00,153.38999938964844,1000.0,0,0.0,1000.0
2026-05-01 17:15:00,153.38999938964844,1000.0,0,0.0,1000.0
2026-05-01 17:20:00,153.35000610351562,1000.0,0,0.0,1000.0
2026-05-01 17:25:00,153.3800048828125,1000.0,0,0.0,1000.0
2026-05-01 17:30:00,153.5749969482422,1000.0,0,0.0,1000.0
2026-05-01 17:35:00,153.53500366210938,1000.0,0,0.0,1000.0
2026-05-01 17:40:00,153.60000610351562,1000.0,0,0.0,1000.0
2026-05-01 17:45:00,153.47999572753906,1000.0,0,0.0,1000.0
2026-05-01 17:50:00,153.61000061035156,1000.0,0,0.0,1000.0
2026-05-01 17:55:00,153.5500030517578,1000.0,0,0.0,1000.0
2026-05-01 18:00:00,153.36500549316406,1000.0,0,0.0,1000.0
2026-05-01 18:05:00,153.1300048828125,1000.0,0,0.0,1000.0
2026-05-01 18:10:00,153.16000366210938,1000.0,0,0.0,1000.0
2026-05-01 18:15:00,153.27999877929688,1000.0,0,0.0,1000.0
2026-05-01 18:20:00,153.4199981689453,1000.0,0,0.0,1000.0
2026-05-01 18:25:00,153.47999572753906,1000.0,0,0.0,1000.0
2026-05-01 18:30:00,153.34500122070312,1000.0,0,0.0,1000.0
2026-05-01 18:35:00,153.3300018310547,1000.0,0,0.0,1000.0
2026-05-01 18:40:00,153.25,1000.0,0,0.0,1000.0
2026-05-01 18:45:00,153.27000427246094,1000.0,0,0.0,1000.0
2026-05-01 18:50:00,153.10499572753906,1000.0,0,0.0,1000.0
2026-05-01 18:55:00,152.72000122070312,1000.0,0,0.0,1000.0
2026-05-01 19:00:00,152.625,1000.0,0,0.0,1000.0
2026-05-01 19:05:00,152.77000427246094,1000.0,0,0.0,1000.0
2026-05-01 19:10:00,152.82000732421875,1000.0,0,0.0,1000.0
2026-05-01 19:15:00,153.03500366210938,1000.0,0,0.0,1000.0
2026-05-01 19:20:00,153.1199951171875,1000.0,0,0.0,1000.0
2026-05-01 19:25:00,152.83999633789062,1000.0,0,0.0,1000.0
2026-05-01 19:30:00,153.1649932861328,1000.0,0,0.0,1000.0
2026-05-01 19:35:00,153.28500366210938,1000.0,0,0.0,1000.0
2026-05-01 19:40:00,153.1300048828125,1000.0,0,0.0,1000.0
2026-05-01 19:45:00,153.08999633789062,1000.0,0,0.0,1000.0
2026-05-01 19:50:00,152.31500244140625,1000.0,0,0.0,1000.0
2026-05-01 19:55:00,152.02000427246094,1000.0,0,0.0,1000.0
2026-05-04 13:30:00,151.1999969482422,1000.0,0,0.0,1000.0
2026-05-04 13:35:00,150.7550048828125,1000.0,0,0.0,1000.0
2026-05-04 13:40:00,150.38999938964844,1000.0,0,0.0,1000.0
2026-05-04 13:45:00,150.55499267578125,1000.0,0,0.0,1000.0
2026-05-04 13:50:00,150.8000030517578,1000.0,0,0.0,1000.0
2026-05-04 13:55:00,150.4149932861328,1000.0,0,0.0,1000.0
2026-05-04 14:00:00,150.02499389648438,1000.0,0,0.0,1000.0
2026-05-04 14:05:00,149.61000061035156,1000.0,0,0.0,1000.0
2026-05-04 14:10:00,150.1199951171875,1000.0,0,0.0,1000.0
2026-05-04 14:15:00,149.85499572753906,1000.0,0,0.0,1000.0
2026-05-04 14:20:00,150.11000061035156,1000.0,0,0.0,1000.0
2026-05-04 14:25:00,149.9777069091797,1000.0,0,0.0,1000.0
2026-05-04 14:30:00,150.14999389648438,1000.0,0,0.0,1000.0
2026-05-04 14:35:00,150.3300018310547,1000.0,0,0.0,1000.0
2026-05-04 14:40:00,150.05999755859375,1000.0,0,0.0,1000.0
2026-05-04 14:45:00,150.0449981689453,1000.0,0,0.0,1000.0
2026-05-04 14:50:00,149.89500427246094,1000.0,0,0.0,1000.0
2026-05-04 14:55:00,149.50999450683594,1000.0,0,0.0,1000.0
2026-05-04 15:00:00,149.22999572753906,1000.0,0,0.0,1000.0
2026-05-04 15:05:00,149.11000061035156,1000.0,0,0.0,1000.0
2026-05-04 15:10:00,149.05999755859375,1000.0,0,0.0,1000.0
2026-05-04 15:15:00,149.00999450683594,1000.0,0,0.0,1000.0
2026-05-04 15:20:00,148.69000244140625,1000.0,0,0.0,1000.0
2026-05-04 15:25:00,148.72500610351562,1000.0,0,0.0,1000.0
2026-05-04 15:30:00,148.83999633789062,1000.0,0,0.0,1000.0
2026-05-04 15:35:00,148.50999450683594,1000.0,0,0.0,1000.0
2026-05-04 15:40:00,148.77000427246094,1000.0,0,0.0,1000.0
2026-05-04 15:45:00,148.67999267578125,1000.0,0,0.0,1000.0
2026-05-04 15:50:00,148.94000244140625,1000.0,0,0.0,1000.0
2026-05-04 15:55:00,148.7899932861328,1000.0,0,0.0,1000.0
2026-05-04 16:00:00,148.72000122070312,1000.0,0,0.0,1000.0
2026-05-04 16:05:00,148.3300018310547,1000.0,0,0.0,1000.0
2026-05-04 16:10:00,148.1999969482422,1000.0,0,0.0,1000.0
2026-05-04 16:15:00,148.41000366210938,1000.0,0,0.0,1000.0
2026-05-04 16:20:00,148.38499450683594,1000.0,0,0.0,1000.0
2026-05-04 16:25:00,148.34500122070312,1000.0,0,0.0,1000.0
2026-05-04 16:30:00,148.30499267578125,1000.0,0,0.0,1000.0
2026-05-04 16:35:00,148.11000061035156,1000.0,0,0.0,1000.0
2026-05-04 16:40:00,148.02999877929688,1000.0,0,0.0,1000.0
2026-05-04 16:45:00,148.00999450683594,1000.0,0,0.0,1000.0
2026-05-04 16:50:00,148.0449981689453,1000.0,0,0.0,1000.0
2026-05-04 16:55:00,148.02999877929688,1000.0,0,0.0,1000.0
2026-05-04 17:00:00,148.1999969482422,1000.0,0,0.0,1000.0
2026-05-04 17:05:00,148.25999450683594,1000.0,0,0.0,1000.0
2026-05-04 17:10:00,148.3249969482422,1000.0,0,0.0,1000.0
2026-05-04 17:15:00,148.60000610351562,1000.0,0,0.0,1000.0
2026-05-04 17:20:00,148.63999938964844,1000.0,0,0.0,1000.0
2026-05-04 17:25:00,148.6300048828125,1000.0,0,0.0,1000.0
2026-05-04 17:30:00,148.61000061035156,1000.0,0,0.0,1000.0
2026-05-04 17:35:00,148.6199951171875,1000.0,0,0.0,1000.0
2026-05-04 17:40:00,148.77000427246094,1000.0,0,0.0,1000.0
2026-05-04 17:45:00,148.7949981689453,1000.0,0,0.0,1000.0
2026-05-04 17:50:00,148.73500061035156,1000.0,0,0.0,1000.0
2026-05-04 17:55:00,148.7100067138672,1000.0,0,0.0,1000.0
2026-05-04 18:00:00,149.06500244140625,1000.0,0,0.0,1000.0
2026-05-04 18:05:00,148.8625030517578,1000.0,0,0.0,1000.0
2026-05-04 18:10:00,148.86500549316406,1000.0,0,0.0,1000.0
2026-05-04 18:15:00,148.85000610351562,1000.0,0,0.0,1000.0
2026-05-04 18:20:00,148.5399932861328,1000.0,0,0.0,1000.0
2026-05-04 18:25:00,148.5500030517578,1000.0,0,0.0,1000.0
2026-05-04 18:30:00,148.4499969482422,1000.0,0,0.0,1000.0
2026-05-04 18:35:00,148.39500427246094,1000.0,0,0.0,1000.0
2026-05-04 18:40:00,148.22500610351562,1000.0,0,0.0,1000.0
2026-05-04 18:45:00,148.0749969482422,1000.0,0,0.0,1000.0
2026-05-04 18:50:00,147.94500732421875,1000.0,0,0.0,1000.0
2026-05-04 18:55:00,147.77000427246094,1000.0,0,0.0,1000.0
2026-05-04 19:00:00,147.44000244140625,1000.0,0,0.0,1000.0
2026-05-04 19:05:00,147.6649932861328,1000.0,0,0.0,1000.0
2026-05-04 19:10:00,147.75,1000.0,0,0.0,1000.0
2026-05-04 19:15:00,147.86000061035156,1000.0,0,0.0,1000.0
2026-05-04 19:20:00,147.82000732421875,1000.0,0,0.0,1000.0
2026-05-04 19:25:00,147.5500030517578,1000.0,0,0.0,1000.0
2026-05-04 19:30:00,147.66000366210938,1000.0,0,0.0,1000.0
2026-05-04 19:35:00,147.83999633789062,1000.0,0,0.0,1000.0
2026-05-04 19:40:00,147.81500244140625,1000.0,0,0.0,1000.0
2026-05-04 19:45:00,148.0800018310547,1000.0,0,0.0,1000.0
2026-05-04 19:50:00,148.02000427246094,1000.0,0,0.0,1000.0
2026-05-04 19:55:00,148.10000610351562,1000.0,0,0.0,1000.0
2026-05-05 13:30:00,149.4499969482422,1000.0,0,0.0,1000.0
2026-05-05 13:35:00,149.3300018310547,1000.0,0,0.0,1000.0
2026-05-05 13:40:00,149.28500366210938,1000.0,0,0.0,1000.0
2026-05-05 13:45:00,149.3000030517578,1000.0,0,0.0,1000.0
2026-05-05 13:50:00,149.2050018310547,1000.0,0,0.0,1000.0
2026-05-05 13:55:00,149.97000122070312,1000.0,0,0.0,1000.0
2026-05-05 14:00:00,149.9324951171875,1000.0,0,0.0,1000.0
2026-05-05 14:05:00,149.8800048828125,1000.0,0,0.0,1000.0
2026-05-05 14:10:00,149.92999267578125,1000.0,0,0.0,1000.0
2026-05-05 14:15:00,149.8300018310547,1000.0,0,0.0,1000.0
2026-05-05 14:20:00,149.99000549316406,1000.0,0,0.0,1000.0
2026-05-05 14:25:00,150.15499877929688,1000.0,0,0.0,1000.0
2026-05-05 14:30:00,150.14999389648438,1000.0,0,0.0,1000.0
2026-05-05 14:35:00,150.00999450683594,1000.0,0,0.0,1000.0
2026-05-05 14:40:00,150.36000061035156,1000.0,0,0.0,1000.0
2026-05-05 14:45:00,149.69000244140625,1000.0,0,0.0,1000.0
2026-05-05 14:50:00,149.7100067138672,1000.0,0,0.0,1000.0
2026-05-05 14:55:00,149.59500122070312,1000.0,0,0.0,1000.0
2026-05-05 15:00:00,149.80499267578125,1000.0,0,0.0,1000.0
2026-05-05 15:05:00,149.8699951171875,1000.0,0,0.0,1000.0
2026-05-05 15:10:00,149.77499389648438,1000.0,0,0.0,1000.0
2026-05-05 15:15:00,149.35000610351562,1000.0,0,0.0,1000.0
2026-05-05 15:20:00,149.11500549316406,1000.0,0,0.0,1000.0
2026-05-05 15:25:00,149.15499877929688,1000.0,0,0.0,1000.0
2026-05-05 15:30:00,148.74000549316406,1000.0,0,0.0,1000.0
2026-05-05 15:35:00,148.5800018310547,1000.0,0,0.0,1000.0
2026-05-05 15:40:00,148.74000549316406,1000.0,0,0.0,1000.0
2026-05-05 15:45:00,148.77000427246094,1000.0,0,0.0,1000.0
2026-05-05 15:50:00,148.7100067138672,1000.0,0,0.0,1000.0
2026-05-05 15:55:00,148.52000427246094,1000.0,0,0.0,1000.0
2026-05-05 16:00:00,148.83999633789062,1000.0,0,0.0,1000.0
2026-05-05 16:05:00,148.7100067138672,1000.0,0,0.0,1000.0
2026-05-05 16:10:00,148.7100067138672,1000.0,0,0.0,1000.0
2026-05-05 16:15:00,148.72999572753906,1000.0,0,0.0,1000.0
2026-05-05 16:20:00,148.72999572753906,1000.0,0,0.0,1000.0
2026-05-05 16:25:00,148.6925048828125,1000.0,0,0.0,1000.0
2026-05-05 16:30:00,148.61000061035156,1000.0,0,0.0,1000.0
2026-05-05 16:35:00,148.9199981689453,1000.0,0,0.0,1000.0
2026-05-05 16:40:00,148.7899932861328,1000.0,0,0.0,1000.0
2026-05-05 16:45:00,148.83999633789062,1000.0,0,0.0,1000.0
2026-05-05 16:50:00,148.52999877929688,1000.0,0,0.0,1000.0
2026-05-05 16:55:00,148.52000427246094,1000.0,0,0.0,1000.0
2026-05-05 17:00:00,148.44290161132812,1000.0,0,0.0,1000.0
2026-05-05 17:05:00,148.47500610351562,1000.0,0,0.0,1000.0
2026-05-05 17:10:00,148.61000061035156,1000.0,0,0.0,1000.0
2026-05-05 17:15:00,148.58999633789062,1000.0,0,0.0,1000.0
2026-05-05 17:20:00,148.6999969482422,1000.0,0,0.0,1000.0
2026-05-05 17:25:00,148.77000427246094,1000.0,0,0.0,1000.0
2026-05-05 17:30:00,148.8300018310547,1000.0,0,0.0,1000.0
2026-05-05 17:35:00,149.00999450683594,1000.0,0,0.0,1000.0
2026-05-05 17:40:00,149.11000061035156,1000.0,0,0.0,1000.0
2026-05-05 17:45:00,149.00999450683594,1000.0,0,0.0,1000.0
2026-05-05 17:50:00,148.7550048828125,1000.0,0,0.0,1000.0
2026-05-05 17:55:00,148.7100067138672,1000.0,0,0.0,1000.0
2026-05-05 18:00:00,148.5500030517578,1000.0,0,0.0,1000.0
2026-05-05 18:05:00,148.6199951171875,1000.0,0,0.0,1000.0
2026-05-05 18:10:00,148.4949951171875,1000.0,0,0.0,1000.0
2026-05-05 18:15:00,148.47000122070312,1000.0,0,0.0,1000.0
2026-05-05 18:20:00,148.7050018310547,1000.0,0,0.0,1000.0
2026-05-05 18:25:00,148.77499389648438,1000.0,0,0.0,1000.0
2026-05-05 18:30:00,148.74000549316406,1000.0,0,0.0,1000.0
2026-05-05 18:35:00,148.64999389648438,1000.0,0,0.0,1000.0
2026-05-05 18:40:00,148.72500610351562,1000.0,0,0.0,1000.0
2026-05-05 18:45:00,148.94000244140625,1000.0,0,0.0,1000.0
2026-05-05 18:50:00,149.06500244140625,1000.0,0,0.0,1000.0
2026-05-05 18:55:00,149.10499572753906,1000.0,0,0.0,1000.0
2026-05-05 19:00:00,149.17999267578125,1000.0,0,0.0,1000.0
2026-05-05 19:05:00,149.11000061035156,1000.0,0,0.0,1000.0
2026-05-05 19:10:00,149.5500030517578,1000.0,0,0.0,1000.0
2026-05-05 19:15:00,149.6300048828125,1000.0,0,0.0,1000.0
2026-05-05 19:20:00,149.66000366210938,1000.0,0,0.0,1000.0
2026-05-05 19:25:00,149.5,1000.0,0,0.0,1000.0
2026-05-05 19:30:00,149.57000732421875,1000.0,0,0.0,1000.0
2026-05-05 19:35:00,149.52999877929688,1000.0,0,0.0,1000.0
2026-05-05 19:40:00,149.47000122070312,1000.0,0,0.0,1000.0
2026-05-05 19:45:00,149.44000244140625,1000.0,0,0.0,1000.0
2026-05-05 19:50:00,149.0050048828125,1000.0,0,0.0,1000.0
2026-05-05 19:55:00,148.7100067138672,1000.0,0,0.0,1000.0
2026-05-06 13:30:00,150.59500122070312,1000.0,0,0.0,1000.0
2026-05-06 13:35:00,151.17999267578125,1000.0,0,0.0,1000.0
2026-05-06 13:40:00,151.28250122070312,1000.0,0,0.0,1000.0
2026-05-06 13:45:00,150.7949981689453,1000.0,0,0.0,1000.0
2026-05-06 13:50:00,150.72999572753906,1000.0,0,0.0,1000.0
2026-05-06 13:55:00,150.72500610351562,1000.0,0,0.0,1000.0
2026-05-06 14:00:00,151.19500732421875,1000.0,0,0.0,1000.0
2026-05-06 14:05:00,150.58999633789062,1000.0,0,0.0,1000.0
2026-05-06 14:10:00,150.27999877929688,1000.0,0,0.0,1000.0
2026-05-06 14:15:00,150.58999633789062,1000.0,0,0.0,1000.0
2026-05-06 14:20:00,150.25,1000.0,0,0.0,1000.0
2026-05-06 14:25:00,150.11000061035156,1000.0,0,0.0,1000.0
2026-05-06 14:30:00,150.36000061035156,1000.0,0,0.0,1000.0
2026-05-06 14:35:00,150.52499389648438,1000.0,0,0.0,1000.0
2026-05-06 14:40:00,150.97000122070312,1000.0,0,0.0,1000.0
2026-05-06 14:45:00,150.9149932861328,1000.0,0,0.0,1000.0
2026-05-06 14:50:00,151.27999877929688,1000.0,0,0.0,1000.0
2026-05-06 14:55:00,151.60499572753906,1000.0,0,0.0,1000.0
2026-05-06 15:00:00,151.5800018310547,1000.0,0,0.0,1000.0
2026-05-06 15:05:00,151.52000427246094,1000.0,0,0.0,1000.0
2026-05-06 15:10:00,151.60000610351562,1000.0,0,0.0,1000.0
2026-05-06 15:15:00,151.6199951171875,1000.0,0,0.0,1000.0
2026-05-06 15:20:00,151.38999938964844,1000.0,0,0.0,1000.0
2026-05-06 15:25:00,151.21499633789062,1000.0,0,0.0,1000.0
2026-05-06 15:30:00,151.25999450683594,1000.0,0,0.0,1000.0
2026-05-06 15:35:00,151.14999389648438,1000.0,0,0.0,1000.0
2026-05-06 15:40:00,150.86000061035156,1000.0,0,0.0,1000.0
2026-05-06 15:45:00,150.94000244140625,1000.0,0,0.0,1000.0
2026-05-06 15:50:00,151.11000061035156,1000.0,0,0.0,1000.0
2026-05-06 15:55:00,150.8800048828125,1000.0,0,0.0,1000.0
2026-05-06 16:00:00,150.94000244140625,1000.0,0,0.0,1000.0
2026-05-06 16:05:00,150.89500427246094,1000.0,0,0.0,1000.0
2026-05-06 16:10:00,150.92999267578125,1000.0,0,0.0,1000.0
2026-05-06 16:15:00,151.11000061035156,1000.0,0,0.0,1000.0
2026-05-06 16:20:00,150.78500366210938,1000.0,0,0.0,1000.0
2026-05-06 16:25:00,150.75,1000.0,0,0.0,1000.0
2026-05-06 16:30:00,150.9600067138672,1000.0,0,0.0,1000.0
2026-05-06 16:35:00,150.7899932861328,1000.0,0,0.0,1000.0
2026-05-06 16:40:00,150.65780639648438,1000.0,0,0.0,1000.0
2026-05-06 16:45:00,150.66000366210938,1000.0,0,0.0,1000.0
2026-05-06 16:50:00,150.42999267578125,1000.0,0,0.0,1000.0
2026-05-06 16:55:00,150.60499572753906,1000.0,0,0.0,1000.0
2026-05-06 17:00:00,150.6699981689453,1000.0,0,0.0,1000.0
2026-05-06 17:05:00,150.77000427246094,1000.0,0,0.0,1000.0
2026-05-06 17:10:00,150.66000366210938,1000.0,0,0.0,1000.0
2026-05-06 17:15:00,150.74000549316406,1000.0,0,0.0,1000.0
2026-05-06 17:20:00,150.7899932861328,1000.0,0,0.0,1000.0
2026-05-06 17:25:00,150.7100067138672,1000.0,0,0.0,1000.0
2026-05-06 17:30:00,150.56500244140625,1000.0,0,0.0,1000.0
2026-05-06 17:35:00,150.66000366210938,1000.0,0,0.0,1000.0
2026-05-06 17:40:00,150.74249267578125,1000.0,0,0.0,1000.0
2026-05-06 17:45:00,150.72999572753906,1000.0,0,0.0,1000.0
2026-05-06 17:50:00,150.74000549316406,1000.0,0,0.0,1000.0
2026-05-06 17:55:00,150.8300018310547,1000.0,0,0.0,1000.0
2026-05-06 18:00:00,150.89999389648438,1000.0,0,0.0,1000.0
2026-05-06 18:05:00,150.89999389648438,1000.0,0,0.0,1000.0
2026-05-06 18:10:00,151.00999450683594,1000.0,0,0.0,1000.0
2026-05-06 18:15:00,151.11500549316406,1000.0,0,0.0,1000.0
2026-05-06 18:20:00,151.13499450683594,1000.0,0,0.0,1000.0
2026-05-06 18:25:00,150.98500061035156,1000.0,0,0.0,1000.0
2026-05-06 18:30:00,150.9600067138672,1000.0,0,0.0,1000.0
2026-05-06 18:35:00,150.94000244140625,1000.0,0,0.0,1000.0
2026-05-06 18:40:00,151.15499877929688,1000.0,0,0.0,1000.0
2026-05-06 18:45:00,151.07000732421875,1000.0,0,0.0,1000.0
2026-05-06 18:50:00,151.06500244140625,1000.0,0,0.0,1000.0
2026-05-06 18:55:00,151.14500427246094,1000.0,0,0.0,1000.0
2026-05-06 19:00:00,151.5399932861328,1000.0,0,0.0,1000.0
2026-05-06 19:05:00,151.86500549316406,1000.0,0,0.0,1000.0
2026-05-06 19:10:00,152.0800018310547,1000.0,0,0.0,1000.0
2026-05-06 19:15:00,152.0500030517578,1000.0,0,0.0,1000.0
2026-05-06 19:20:00,152.22999572753906,1000.0,0,0.0,1000.0
2026-05-06 19:25:00,152.1199951171875,1000.0,0,0.0,1000.0
2026-05-06 19:30:00,151.97000122070312,1000.0,0,0.0,1000.0
2026-05-06 19:35:00,152.0800018310547,1000.0,0,0.0,1000.0
2026-05-06 19:40:00,152.0,1000.0,0,0.0,1000.0
2026-05-06 19:45:00,151.47000122070312,1000.0,0,0.0,1000.0
2026-05-06 19:50:00,151.26499938964844,1000.0,0,0.0,1000.0
2026-05-06 19:55:00,151.1999969482422,1000.0,0,0.0,1000.0
2026-05-07 13:30:00,151.63999938964844,1000.0,0,0.0,1000.0
2026-05-07 13:35:00,150.84500122070312,1000.0,0,0.0,1000.0
2026-05-07 13:40:00,150.38999938964844,1000.0,0,0.0,1000.0
2026-05-07 13:45:00,149.89999389648438,1000.0,0,0.0,1000.0
2026-05-07 13:50:00,149.87249755859375,1000.0,0,0.0,1000.0
2026-05-07 13:55:00,149.63999938964844,1000.0,0,0.0,1000.0
2026-05-07 14:00:00,149.50999450683594,1000.0,0,0.0,1000.0
2026-05-07 14:05:00,149.44000244140625,1000.0,0,0.0,1000.0
2026-05-07 14:10:00,149.36000061035156,1000.0,0,0.0,1000.0
2026-05-07 14:15:00,149.3000030517578,1000.0,0,0.0,1000.0
2026-05-07 14:20:00,149.0800018310547,1000.0,0,0.0,1000.0
2026-05-07 14:25:00,148.5800018310547,1000.0,0,0.0,1000.0
2026-05-07 14:30:00,148.92999267578125,1000.0,0,0.0,1000.0
2026-05-07 14:35:00,149.30999755859375,1000.0,0,0.0,1000.0
2026-05-07 14:40:00,149.19000244140625,1000.0,0,0.0,1000.0
2026-05-07 14:45:00,149.28500366210938,1000.0,0,0.0,1000.0
2026-05-07 14:50:00,149.1699981689453,1000.0,0,0.0,1000.0
2026-05-07 14:55:00,149.72000122070312,1000.0,0,0.0,1000.0
2026-05-07 15:00:00,149.7550048828125,1000.0,0,0.0,1000.0
2026-05-07 15:05:00,150.10000610351562,1000.0,0,0.0,1000.0
2026-05-07 15:10:00,149.8300018310547,1000.0,0,0.0,1000.0
2026-05-07 15:15:00,149.88499450683594,1000.0,0,0.0,1000.0
2026-05-07 15:20:00,149.72000122070312,1000.0,0,0.0,1000.0
2026-05-07 15:25:00,149.60000610351562,1000.0,0,0.0,1000.0
2026-05-07 15:30:00,149.72000122070312,1000.0,0,0.0,1000.0
2026-05-07 15:35:00,149.47000122070312,1000.0,0,0.0,1000.0
2026-05-07 15:40:00,149.47000122070312,1000.0,0,0.0,1000.0
2026-05-07 15:45:00,149.24000549316406,1000.0,0,0.0,1000.0
2026-05-07 15:50:00,149.49000549316406,1000.0,0,0.0,1000.0
2026-05-07 15:55:00,149.5749969482422,1000.0,0,0.0,1000.0
2026-05-07 16:00:00,149.6999969482422,1000.0,0,0.0,1000.0
2026-05-07 16:05:00,149.63499450683594,1000.0,0,0.0,1000.0
2026-05-07 16:10:00,149.55999755859375,1000.0,0,0.0,1000.0
2026-05-07 16:15:00,149.11000061035156,1000.0,0,0.0,1000.0
2026-05-07 16:20:00,149.1300048828125,1000.0,0,0.0,1000.0
2026-05-07 16:25:00,149.61000061035156,1000.0,0,0.0,1000.0
2026-05-07 16:30:00,149.66000366210938,1000.0,0,0.0,1000.0
2026-05-07 16:35:00,149.44500732421875,1000.0,0,0.0,1000.0
2026-05-07 16:40:00,149.3300018310547,1000.0,0,0.0,1000.0
2026-05-07 16:45:00,149.24000549316406,1000.0,0,0.0,1000.0
2026-05-07 16:50:00,149.26499938964844,1000.0,0,0.0,1000.0
2026-05-07 16:55:00,149.1699981689453,1000.0,0,0.0,1000.0
2026-05-07 17:00:00,149.25,1000.0,0,0.0,1000.0
2026-05-07 17:05:00,149.25,1000.0,0,0.0,1000.0
2026-05-07 17:10:00,149.2100067138672,1000.0,0,0.0,1000.0
2026-05-07 17:15:00,149.30499267578125,1000.0,0,0.0,1000.0
2026-05-07 17:20:00,149.49000549316406,1000.0,0,0.0,1000.0
2026-05-07 17:25:00,148.91000366210938,1000.0,0,0.0,1000.0
2026-05-07 17:30:00,148.9949951171875,1000.0,0,0.0,1000.0
2026-05-07 17:35:00,148.60000610351562,1000.0,0,0.0,1000.0
2026-05-07 17:40:00,148.55999755859375,1000.0,0,0.0,1000.0
2026-05-07 17:45:00,148.75999450683594,1000.0,0,0.0,1000.0
2026-05-07 17:50:00,148.4199981689453,1000.0,0,0.0,1000.0
2026-05-07 17:55:00,148.63999938964844,1000.0,0,0.0,1000.0
2026-05-07 18:00:00,148.52499389648438,1000.0,0,0.0,1000.0
2026-05-07 18:05:00,149.00999450683594,1000.0,0,0.0,1000.0
2026-05-07 18:10:00,149.05499267578125,1000.0,0,0.0,1000.0
2026-05-07 18:15:00,149.13999938964844,1000.0,0,0.0,1000.0
2026-05-07 18:20:00,148.9199981689453,1000.0,0,0.0,1000.0
2026-05-07 18:25:00,148.96499633789062,1000.0,0,0.0,1000.0
2026-05-07 18:30:00,148.97999572753906,1000.0,0,0.0,1000.0
2026-05-07 18:35:00,149.11000061035156,1000.0,0,0.0,1000.0
2026-05-07 18:40:00,148.8699951171875,1000.0,0,0.0,1000.0
2026-05-07 18:45:00,148.9199981689453,1000.0,0,0.0,1000.0
2026-05-07 18:50:00,149.1199951171875,1000.0,0,0.0,1000.0
2026-05-07 18:55:00,149.14999389648438,1000.0,0,0.0,1000.0
2026-05-07 19:00:00,149.24000549316406,1000.0,0,0.0,1000.0
2026-05-07 19:05:00,149.2100067138672,1000.0,0,0.0,1000.0
2026-05-07 19:10:00,149.25999450683594,1000.0,0,0.0,1000.0
2026-05-07 19:15:00,149.1699981689453,1000.0,0,0.0,1000.0
2026-05-07 19:20:00,148.88999938964844,1000.0,0,0.0,1000.0
2026-05-07 19:25:00,149.0449981689453,1000.0,0,0.0,1000.0
2026-05-07 19:30:00,149.0800018310547,1000.0,0,0.0,1000.0
2026-05-07 19:35:00,148.91000366210938,1000.0,0,0.0,1000.0
2026-05-07 19:40:00,148.8350067138672,1000.0,0,0.0,1000.0
2026-05-07 19:45:00,148.92999267578125,1000.0,0,0.0,1000.0
2026-05-07 19:50:00,148.63999938964844,1000.0,0,0.0,1000.0
2026-05-07 19:55:00,148.7899932861328,1000.0,0,0.0,1000.0
2026-05-08 13:30:00,149.24000549316406,1000.0,0,0.0,1000.0
2026-05-08 13:35:00,149.18499755859375,1000.0,0,0.0,1000.0
2026-05-08 13:40:00,148.85000610351562,1000.0,0,0.0,1000.0
2026-05-08 13:45:00,148.85000610351562,1000.0,0,0.0,1000.0
2026-05-08 13:50:00,148.97000122070312,1000.0,0,0.0,1000.0
2026-05-08 13:55:00,149.1300048828125,1000.0,0,0.0,1000.0
2026-05-08 14:00:00,149.39500427246094,1000.0,0,0.0,1000.0
2026-05-08 14:05:00,149.33999633789062,1000.0,0,0.0,1000.0
2026-05-08 14:10:00,149.23989868164062,1000.0,0,0.0,1000.0
2026-05-08 14:15:00,149.4499969482422,1000.0,0,0.0,1000.0
2026-05-08 14:20:00,149.27999877929688,1000.0,0,0.0,1000.0
2026-05-08 14:25:00,149.32000732421875,1000.0,0,0.0,1000.0
2026-05-08 14:30:00,149.1199951171875,1000.0,0,0.0,1000.0
2026-05-08 14:35:00,149.80999755859375,1000.0,0,0.0,1000.0
2026-05-08 14:40:00,149.63999938964844,1000.0,0,0.0,1000.0
2026-05-08 14:45:00,149.75250244140625,1000.0,0,0.0,1000.0
2026-05-08 14:50:00,149.86000061035156,1000.0,0,0.0,1000.0
2026-05-08 14:55:00,150.05999755859375,1000.0,0,0.0,1000.0
2026-05-08 15:00:00,149.97000122070312,1000.0,0,0.0,1000.0
2026-05-08 15:05:00,150.05499267578125,1000.0,0,0.0,1000.0
2026-05-08 15:10:00,150.00999450683594,1000.0,0,0.0,1000.0
2026-05-08 15:15:00,149.9600067138672,1000.0,0,0.0,1000.0
2026-05-08 15:20:00,150.07000732421875,1000.0,0,0.0,1000.0
2026-05-08 15:25:00,149.8874969482422,1000.0,0,0.0,1000.0
2026-05-08 15:30:00,149.77999877929688,1000.0,0,0.0,1000.0
2026-05-08 15:35:00,149.5800018310547,1000.0,0,0.0,1000.0
2026-05-08 15:40:00,149.7899932861328,1000.0,0,0.0,1000.0
2026-05-08 15:45:00,149.7449951171875,1000.0,0,0.0,1000.0
2026-05-08 15:50:00,149.74000549316406,1000.0,0,0.0,1000.0
2026-05-08 15:55:00,149.88999938964844,1000.0,0,0.0,1000.0
2026-05-08 16:00:00,150.0,1000.0,0,0.0,1000.0
2026-05-08 16:05:00,149.82400512695312,1000.0,0,0.0,1000.0
2026-05-08 16:10:00,149.55999755859375,1000.0,0,0.0,1000.0
2026-05-08 16:15:00,149.625,1000.0,0,0.0,1000.0
2026-05-08 16:20:00,149.6999969482422,1000.0,0,0.0,1000.0
2026-05-08 16:25:00,149.69500732421875,1000.0,0,0.0,1000.0
2026-05-08 16:30:00,149.89500427246094,1000.0,0,0.0,1000.0
2026-05-08 16:35:00,149.96499633789062,1000.0,0,0.0,1000.0
2026-05-08 16:40:00,149.52000427246094,1000.0,0,0.0,1000.0
2026-05-08 16:45:00,149.51499938964844,1000.0,0,0.0,1000.0
2026-05-08 16:50:00,149.49000549316406,1000.0,0,0.0,1000.0
2026-05-08 16:55:00,149.24000549316406,1000.0,0,0.0,1000.0
2026-05-08 17:00:00,149.24000549316406,1000.0,0,0.0,1000.0
2026-05-08 17:05:00,149.22000122070312,1000.0,0,0.0,1000.0
2026-05-08 17:10:00,149.1999969482422,1000.0,0,0.0,1000.0
2026-05-08 17:15:00,149.22999572753906,1000.0,0,0.0,1000.0
2026-05-08 17:20:00,149.27999877929688,1000.0,0,0.0,1000.0
2026-05-08 17:25:00,149.61000061035156,1000.0,0,0.0,1000.0
2026-05-08 17:30:00,149.67999267578125,1000.0,0,0.0,1000.0
2026-05-08 17:35:00,149.56500244140625,1000.0,0,0.0,1000.0
2026-05-08 17:40:00,149.60000610351562,1000.0,0,0.0,1000.0
2026-05-08 17:45:00,149.4600067138672,1000.0,0,0.0,1000.0
2026-05-08 17:50:00,149.36000061035156,1000.0,0,0.0,1000.0
2026-05-08 17:55:00,149.2899932861328,1000.0,0,0.0,1000.0
2026-05-08 18:00:00,149.32000732421875,1000.0,0,0.0,1000.0
2026-05-08 18:05:00,149.43499755859375,1000.0,0,0.0,1000.0
2026-05-08 18:10:00,149.60000610351562,1000.0,0,0.0,1000.0
2026-05-08 18:15:00,149.72000122070312,1000.0,0,0.0,1000.0
2026-05-08 18:20:00,149.64999389648438,1000.0,0,0.0,1000.0
2026-05-08 18:25:00,149.9600067138672,1000.0,0,0.0,1000.0
2026-05-08 18:30:00,149.64500427246094,1000.0,0,0.0,1000.0
2026-05-08 18:35:00,149.66000366210938,1000.0,0,0.0,1000.0
2026-05-08 18:40:00,149.44000244140625,1000.0,0,0.0,1000.0
2026-05-08 18:45:00,149.25,1000.0,0,0.0,1000.0
2026-05-08 18:50:00,149.11000061035156,1000.0,0,0.0,1000.0
2026-05-08 18:55:00,149.10000610351562,1000.0,0,0.0,1000.0
2026-05-08 19:00:00,149.27999877929688,1000.0,0,0.0,1000.0
2026-05-08 19:05:00,149.1750030517578,1000.0,0,0.0,1000.0
2026-05-08 19:10:00,149.10000610351562,1000.0,0,0.0,1000.0
2026-05-08 19:15:00,149.47999572753906,1000.0,0,0.0,1000.0
2026-05-08 19:20:00,149.6699981689453,1000.0,0,0.0,1000.0
2026-05-08 19:25:00,149.60499572753906,1000.0,0,0.0,1000.0
2026-05-08 19:30:00,149.58999633789062,1000.0,0,0.0,1000.0
2026-05-08 19:35:00,149.74000549316406,1000.0,0,0.0,1000.0
2026-05-08 19:40:00,149.85000610351562,1000.0,0,0.0,1000.0
2026-05-08 19:45:00,149.6999969482422,1000.0,0,0.0,1000.0
2026-05-08 19:50:00,149.5500030517578,1000.0,0,0.0,1000.0
2026-05-08 19:55:00,149.4600067138672,1000.0,0,0.0,1000.0
2026-05-11 13:30:00,149.7899932861328,1000.0,0,0.0,1000.0
2026-05-11 13:35:00,149.13499450683594,1000.0,0,0.0,1000.0
2026-05-11 13:40:00,149.4600067138672,1000.0,0,0.0,1000.0
2026-05-11 13:45:00,150.1649932861328,1000.0,0,0.0,1000.0
2026-05-11 13:50:00,150.59500122070312,1000.0,0,0.0,1000.0
2026-05-11 13:55:00,151.05999755859375,1000.0,0,0.0,1000.0
2026-05-11 14:00:00,150.7550048828125,1000.0,0,0.0,1000.0
2026-05-11 14:05:00,150.55999755859375,1000.0,0,0.0,1000.0
2026-05-11 14:10:00,150.22000122070312,1000.0,0,0.0,1000.0
2026-05-11 14:15:00,150.41000366210938,1000.0,0,0.0,1000.0
2026-05-11 14:20:00,150.4250030517578,1000.0,0,0.0,1000.0
2026-05-11 14:25:00,150.91000366210938,1000.0,0,0.0,1000.0
2026-05-11 14:30:00,150.38999938964844,1000.0,0,0.0,1000.0
2026-05-11 14:35:00,150.47000122070312,1000.0,0,0.0,1000.0
2026-05-11 14:40:00,150.6649932861328,1000.0,0,0.0,1000.0
2026-05-11 14:45:00,150.2801055908203,1000.0,0,0.0,1000.0
2026-05-11 14:50:00,150.30999755859375,1000.0,0,0.0,1000.0
2026-05-11 14:55:00,150.49000549316406,1000.0,0,0.0,1000.0
2026-05-11 15:00:00,150.58999633789062,1000.0,0,0.0,1000.0
2026-05-11 15:05:00,150.06689453125,1000.0,0,0.0,1000.0
2026-05-11 15:10:00,150.19000244140625,1000.0,0,0.0,1000.0
2026-05-11 15:15:00,150.22000122070312,1000.0,0,0.0,1000.0
2026-05-11 15:20:00,150.39999389648438,1000.0,0,0.0,1000.0
2026-05-11 15:25:00,150.2899932861328,1000.0,0,0.0,1000.0
2026-05-11 15:30:00,150.13999938964844,1000.0,0,0.0,1000.0
2026-05-11 15:35:00,150.23500061035156,1000.0,0,0.0,1000.0
2026-05-11 15:40:00,150.00999450683594,1000.0,0,0.0,1000.0
2026-05-11 15:45:00,149.69000244140625,1000.0,0,0.0,1000.0
2026-05-11 15:50:00,149.97000122070312,1000.0,0,0.0,1000.0
2026-05-11 15:55:00,150.11000061035156,1000.0,0,0.0,1000.0
2026-05-11 16:00:00,150.0,1000.0,0,0.0,1000.0
2026-05-11 16:05:00,149.96499633789062,1000.0,0,0.0,1000.0
2026-05-11 16:10:00,149.9149932861328,1000.0,0,0.0,1000.0
2026-05-11 16:15:00,150.00999450683594,1000.0,0,0.0,1000.0
2026-05-11 16:20:00,150.25999450683594,1000.0,0,0.0,1000.0
2026-05-11 16:25:00,150.1999969482422,1000.0,0,0.0,1000.0
2026-05-11 16:30:00,150.2899932861328,1000.0,0,0.0,1000.0
2026-05-11 16:35:00,150.47000122070312,1000.0,0,0.0,1000.0
2026-05-11 16:40:00,150.19500732421875,1000.0,0,0.0,1000.0
2026-05-11 16:45:00,150.1999969482422,1000.0,0,0.0,1000.0
2026-05-11 16:50:00,149.97500610351562,1000.0,0,0.0,1000.0
2026-05-11 16:55:00,150.1300048828125,1000.0,0,0.0,1000.0
2026-05-11 17:00:00,150.27999877929688,1000.0,0,0.0,1000.0
2026-05-11 17:05:00,150.35000610351562,1000.0,0,0.0,1000.0
2026-05-11 17:10:00,150.4550018310547,1000.0,0,0.0,1000.0
2026-05-11 17:15:00,150.32000732421875,1000.0,0,0.0,1000.0
2026-05-11 17:20:00,150.55999755859375,1000.0,0,0.0,1000.0
2026-05-11 17:25:00,150.72999572753906,1000.0,0,0.0,1000.0
2026-05-11 17:30:00,150.60000610351562,1000.0,0,0.0,1000.0
2026-05-11 17:35:00,150.57000732421875,1000.0,0,0.0,1000.0
2026-05-11 17:40:00,150.4499969482422,1000.0,0,0.0,1000.0
2026-05-11 17:45:00,150.3000030517578,1000.0,0,0.0,1000.0
2026-05-11 17:50:00,150.30999755859375,1000.0,0,0.0,1000.0
2026-05-11 17:55:00,150.47999572753906,1000.0,0,0.0,1000.0
2026-05-11 18:00:00,150.47500610351562,1000.0,0,0.0,1000.0
2026-05-11 18:05:00,150.4550018310547,1000.0,0,0.0,1000.0
2026-05-11 18:10:00,150.4949951171875,1000.0,0,0.0,1000.0
2026-05-11 18:15:00,150.50999450683594,1000.0,0,0.0,1000.0
2026-05-11 18:20:00,150.52000427246094,1000.0,0,0.0,1000.0
2026-05-11 18:25:00,150.6699981689453,1000.0,0,0.0,1000.0
2026-05-11 18:30:00,150.88999938964844,1000.0,0,0.0,1000.0
2026-05-11 18:35:00,150.72000122070312,1000.0,0,0.0,1000.0
2026-05-11 18:40:00,150.7100067138672,1000.0,0,0.0,1000.0
2026-05-11 18:45:00,150.6300048828125,1000.0,0,0.0,1000.0
2026-05-11 18:50:00,150.6199951171875,1000.0,0,0.0,1000.0
2026-05-11 18:55:00,150.4250030517578,1000.0,0,0.0,1000.0
2026-05-11 19:00:00,150.55999755859375,1000.0,0,0.0,1000.0
2026-05-11 19:05:00,150.46499633789062,1000.0,0,0.0,1000.0
2026-05-11 19:10:00,150.27999877929688,1000.0,0,0.0,1000.0
2026-05-11 19:15:00,150.37750244140625,1000.0,0,0.0,1000.0
2026-05-11 19:20:00,150.63999938964844,1000.0,0,0.0,1000.0
2026-05-11 19:25:00,150.80999755859375,1000.0,0,0.0,1000.0
2026-05-11 19:30:00,150.60499572753906,1000.0,0,0.0,1000.0
2026-05-11 19:35:00,150.5749969482422,1000.0,0,0.0,1000.0
2026-05-11 19:40:00,150.36000061035156,1000.0,0,0.0,1000.0
2026-05-11 19:45:00,150.28500366210938,1000.0,0,0.0,1000.0
2026-05-11 19:50:00,150.2550048828125,1000.0,0,0.0,1000.0
2026-05-11 19:55:00,150.16000366210938,1000.0,0,0.0,1000.0
2026-05-12 13:30:00,149.11000061035156,1000.0,0,0.0,1000.0
2026-05-12 13:35:00,148.88999938964844,1000.0,0,0.0,1000.0
2026-05-12 13:40:00,147.9499969482422,1000.0,0,0.0,1000.0
2026-05-12 13:45:00,147.98739624023438,1000.0,0,0.0,1000.0
2026-05-12 13:50:00,148.55999755859375,1000.0,0,0.0,1000.0
2026-05-12 13:55:00,148.56500244140625,1000.0,0,0.0,1000.0
2026-05-12 14:00:00,148.9250030517578,1000.0,0,0.0,1000.0
2026-05-12 14:05:00,149.18499755859375,1000.0,0,0.0,1000.0
2026-05-12 14:10:00,149.13999938964844,1000.0,0,0.0,1000.0
2026-05-12 14:15:00,148.8699951171875,1000.0,0,0.0,1000.0
2026-05-12 14:20:00,149.0,1000.0,0,0.0,1000.0
2026-05-12 14:25:00,149.03500366210938,1000.0,0,0.0,1000.0
2026-05-12 14:30:00,148.52999877929688,1000.0,0,0.0,1000.0
2026-05-12 14:35:00,148.7100067138672,1000.0,0,0.0,1000.0
2026-05-12 14:40:00,149.14999389648438,1000.0,0,0.0,1000.0
2026-05-12 14:45:00,148.8800048828125,1000.0,0,0.0,1000.0
2026-05-12 14:50:00,148.75,1000.0,0,0.0,1000.0
2026-05-12 14:55:00,149.1199951171875,1000.0,0,0.0,1000.0
2026-05-12 15:00:00,149.14999389648438,1000.0,0,0.0,1000.0
2026-05-12 15:05:00,149.10000610351562,1000.0,0,0.0,1000.0
2026-05-12 15:10:00,148.90150451660156,1000.0,0,0.0,1000.0
2026-05-12 15:15:00,148.9199981689453,1000.0,0,0.0,1000.0
2026-05-12 15:20:00,148.89999389648438,1000.0,0,0.0,1000.0
2026-05-12 15:25:00,149.02999877929688,1000.0,0,0.0,1000.0
2026-05-12 15:30:00,149.27999877929688,1000.0,0,0.0,1000.0
2026-05-12 15:35:00,149.34249877929688,1000.0,0,0.0,1000.0
2026-05-12 15:40:00,149.35000610351562,1000.0,0,0.0,1000.0
2026-05-12 15:45:00,149.47000122070312,1000.0,0,0.0,1000.0
2026-05-12 15:50:00,149.77000427246094,1000.0,0,0.0,1000.0
2026-05-12 15:55:00,149.71499633789062,1000.0,0,0.0,1000.0
2026-05-12 16:00:00,149.8300018310547,1000.0,0,0.0,1000.0
2026-05-12 16:05:00,149.6699981689453,1000.0,0,0.0,1000.0
2026-05-12 16:10:00,149.56500244140625,1000.0,0,0.0,1000.0
2026-05-12 16:15:00,149.75,1000.0,0,0.0,1000.0
2026-05-12 16:20:00,149.67999267578125,1000.0,0,0.0,1000.0
2026-05-12 16:25:00,149.4949951171875,1000.0,0,0.0,1000.0
2026-05-12 16:30:00,149.64999389648438,1000.0,0,0.0,1000.0
2026-05-12 16:35:00,149.77499389648438,1000.0,0,0.0,1000.0
2026-05-12 16:40:00,149.67999267578125,1000.0,0,0.0,1000.0
2026-05-12 16:45:00,149.67999267578125,1000.0,0,0.0,1000.0
2026-05-12 16:50:00,149.77000427246094,1000.0,0,0.0,1000.0
2026-05-12 16:55:00,150.17999267578125,1000.0,0,0.0,1000.0
2026-05-12 17:00:00,150.1999969482422,1000.0,0,0.0,1000.0
2026-05-12 17:05:00,150.0749969482422,1000.0,0,0.0,1000.0
2026-05-12 17:10:00,150.25999450683594,1000.0,0,0.0,1000.0
2026-05-12 17:15:00,150.46009826660156,1000.0,0,0.0,1000.0
2026-05-12 17:20:00,150.3300018310547,1000.0,0,0.0,1000.0
2026-05-12 17:25:00,150.43499755859375,1000.0,0,0.0,1000.0
2026-05-12 17:30:00,150.4149932861328,1000.0,0,0.0,1000.0
2026-05-12 17:35:00,150.36000061035156,1000.0,0,0.0,1000.0
2026-05-12 17:40:00,150.24000549316406,1000.0,0,0.0,1000.0
2026-05-12 17:45:00,150.27000427246094,1000.0,0,0.0,1000.0
2026-05-12 17:50:00,150.36000061035156,1000.0,0,0.0,1000.0
2026-05-12 17:55:00,150.3000030517578,1000.0,0,0.0,1000.0
2026-05-12 18:00:00,150.22000122070312,1000.0,0,0.0,1000.0
2026-05-12 18:05:00,150.48500061035156,1000.0,0,0.0,1000.0
2026-05-12 18:10:00,150.47000122070312,1000.0,0,0.0,1000.0
2026-05-12 18:15:00,150.5821075439453,1000.0,0,0.0,1000.0
2026-05-12 18:20:00,150.85000610351562,1000.0,0,0.0,1000.0
2026-05-12 18:25:00,150.8699951171875,1000.0,0,0.0,1000.0
2026-05-12 18:30:00,150.85499572753906,1000.0,0,0.0,1000.0
2026-05-12 18:35:00,150.74000549316406,1000.0,0,0.0,1000.0
2026-05-12 18:40:00,150.8300018310547,1000.0,0,0.0,1000.0
2026-05-12 18:45:00,150.63499450683594,1000.0,0,0.0,1000.0
2026-05-12 18:50:00,150.625,1000.0,0,0.0,1000.0
2026-05-12 18:55:00,150.6750030517578,1000.0,0,0.0,1000.0
2026-05-12 19:00:00,150.77000427246094,1000.0,0,0.0,1000.0
2026-05-12 19:05:00,150.72999572753906,1000.0,0,0.0,1000.0
2026-05-12 19:10:00,150.72999572753906,1000.0,0,0.0,1000.0
2026-05-12 19:15:00,150.57000732421875,1000.0,0,0.0,1000.0
2026-05-12 19:20:00,150.4600067138672,1000.0,0,0.0,1000.0
2026-05-12 19:25:00,150.53500366210938,1000.0,0,0.0,1000.0
2026-05-12 19:30:00,150.66000366210938,1000.0,0,0.0,1000.0
2026-05-12 19:35:00,150.38999938964844,1000.0,0,0.0,1000.0
2026-05-12 19:40:00,150.52999877929688,1000.0,0,0.0,1000.0
2026-05-12 19:45:00,150.7550048828125,1000.0,0,0.0,1000.0
2026-05-12 19:50:00,150.6199951171875,1000.0,0,0.0,1000.0
2026-05-12 19:55:00,150.4499969482422,1000.0,0,0.0,1000.0
2026-05-13 13:30:00,149.7050018310547,1000.0,0,0.0,1000.0
2026-05-13 13:35:00,150.14999389648438,1000.0,0,0.0,1000.0
2026-05-13 13:40:00,150.0449981689453,1000.0,0,0.0,1000.0
2026-05-13 13:45:00,150.97000122070312,1000.0,0,0.0,1000.0
2026-05-13 13:50:00,150.0399932861328,1000.0,0,0.0,1000.0
2026-05-13 13:55:00,150.4199981689453,1000.0,0,0.0,1000.0
2026-05-13 14:00:00,150.77000427246094,1000.0,0,0.0,1000.0
2026-05-13 14:05:00,150.8300018310547,1000.0,0,0.0,1000.0
2026-05-13 14:10:00,150.92750549316406,1000.0,0,0.0,1000.0
2026-05-13 14:15:00,150.76499938964844,1000.0,0,0.0,1000.0
2026-05-13 14:20:00,151.02999877929688,1000.0,0,0.0,1000.0
2026-05-13 14:25:00,151.55999755859375,1000.0,0,0.0,1000.0
2026-05-13 14:30:00,151.30999755859375,1000.0,0,0.0,1000.0
2026-05-13 14:35:00,151.2550048828125,1000.0,0,0.0,1000.0
2026-05-13 14:40:00,151.0,1000.0,0,0.0,1000.0
2026-05-13 14:45:00,150.9499969482422,1000.0,0,0.0,1000.0
2026-05-13 14:50:00,150.93499755859375,1000.0,0,0.0,1000.0
2026-05-13 14:55:00,150.49000549316406,1000.0,0,0.0,1000.0
2026-05-13 15:00:00,150.55499267578125,1000.0,0,0.0,1000.0
2026-05-13 15:05:00,150.56500244140625,1000.0,0,0.0,1000.0
2026-05-13 15:10:00,150.49000549316406,1000.0,0,0.0,1000.0
2026-05-13 15:15:00,150.35499572753906,1000.0,0,0.0,1000.0
2026-05-13 15:20:00,150.52999877929688,1000.0,0,0.0,1000.0
2026-05-13 15:25:00,150.47999572753906,1000.0,0,0.0,1000.0
2026-05-13 15:30:00,150.57000732421875,1000.0,0,0.0,1000.0
2026-05-13 15:35:00,150.97999572753906,1000.0,0,0.0,1000.0
2026-05-13 15:40:00,150.71499633789062,1000.0,0,0.0,1000.0
2026-05-13 15:45:00,150.5,1000.0,0,0.0,1000.0
2026-05-13 15:50:00,150.6699981689453,1000.0,0,0.0,1000.0
2026-05-13 15:55:00,150.77999877929688,1000.0,0,0.0,1000.0
2026-05-13 16:00:00,150.5,1000.0,0,0.0,1000.0
2026-05-13 16:05:00,150.57000732421875,1000.0,0,0.0,1000.0
2026-05-13 16:10:00,150.5,1000.0,0,0.0,1000.0
2026-05-13 16:15:00,150.8300018310547,1000.0,0,0.0,1000.0
2026-05-13 16:20:00,151.0500030517578,1000.0,0,0.0,1000.0
2026-05-13 16:25:00,150.9600067138672,1000.0,0,0.0,1000.0
2026-05-13 16:30:00,150.85000610351562,1000.0,0,0.0,1000.0
2026-05-13 16:35:00,150.64500427246094,1000.0,0,0.0,1000.0
2026-05-13 16:40:00,150.6300048828125,1000.0,0,0.0,1000.0
2026-05-13 16:45:00,150.68499755859375,1000.0,0,0.0,1000.0
2026-05-13 16:50:00,150.9199981689453,1000.0,0,0.0,1000.0
2026-05-13 16:55:00,150.93499755859375,1000.0,0,0.0,1000.0
2026-05-13 17:00:00,150.8300018310547,1000.0,0,0.0,1000.0
2026-05-13 17:05:00,151.22500610351562,1000.0,0,0.0,1000.0
2026-05-13 17:10:00,151.25999450683594,1000.0,0,0.0,1000.0
2026-05-13 17:15:00,151.1199951171875,1000.0,0,0.0,1000.0
2026-05-13 17:20:00,151.13999938964844,1000.0,0,0.0,1000.0
2026-05-13 17:25:00,151.32000732421875,1000.0,0,0.0,1000.0
2026-05-13 17:30:00,151.35000610351562,1000.0,0,0.0,1000.0
2026-05-13 17:35:00,151.57000732421875,1000.0,0,0.0,1000.0
2026-05-13 17:40:00,151.55999755859375,1000.0,0,0.0,1000.0
2026-05-13 17:45:00,151.6999969482422,1000.0,0,0.0,1000.0
2026-05-13 17:50:00,151.88499450683594,1000.0,0,0.0,1000.0
2026-05-13 17:55:00,152.0500030517578,1000.0,0,0.0,1000.0
2026-05-13 18:00:00,152.27999877929688,1000.0,0,0.0,1000.0
2026-05-13 18:05:00,152.22000122070312,1000.0,0,0.0,1000.0
2026-05-13 18:10:00,151.8699951171875,1000.0,0,0.0,1000.0
2026-05-13 18:15:00,151.93499755859375,1000.0,0,0.0,1000.0
2026-05-13 18:20:00,151.9250030517578,1000.0,0,0.0,1000.0
2026-05-13 18:25:00,151.80999755859375,1000.0,0,0.0,1000.0
2026-05-13 18:30:00,151.63999938964844,1000.0,0,0.0,1000.0
2026-05-13 18:35:00,151.80999755859375,1000.0,0,0.0,1000.0
2026-05-13 18:40:00,151.48500061035156,1000.0,0,0.0,1000.0
2026-05-13 18:45:00,151.50999450683594,1000.0,0,0.0,1000.0
2026-05-13 18:50:00,151.53500366210938,1000.0,0,0.0,1000.0
2026-05-13 18:55:00,151.4600067138672,1000.0,0,0.0,1000.0
2026-05-13 19:00:00,151.6699981689453,1000.0,0,0.0,1000.0
2026-05-13 19:05:00,151.2899932861328,1000.0,0,0.0,1000.0
2026-05-13 19:10:00,151.3800048828125,1000.0,0,0.0,1000.0
2026-05-13 19:15:00,151.39999389648438,1000.0,0,0.0,1000.0
2026-05-13 19:20:00,151.55999755859375,1000.0,0,0.0,1000.0
2026-05-13 19:25:00,151.38999938964844,1000.0,0,0.0,1000.0
2026-05-13 19:30:00,151.4199981689453,1000.0,0,0.0,1000.0
2026-05-13 19:35:00,151.41000366210938,1000.0,0,0.0,1000.0
2026-05-13 19:40:00,151.4499969482422,1000.0,0,0.0,1000.0
2026-05-13 19:45:00,151.32000732421875,1000.0,0,0.0,1000.0
2026-05-13 19:50:00,151.60000610351562,1000.0,0,0.0,1000.0
2026-05-13 19:55:00,151.5800018310547,1000.0,0,0.0,1000.0
2026-05-14 13:30:00,153.1199951171875,1000.0,0,0.0,1000.0
2026-05-14 13:35:00,153.66000366210938,1000.0,0,0.0,1000.0
2026-05-14 13:40:00,153.1199951171875,1000.0,0,0.0,1000.0
2026-05-14 13:45:00,152.79010009765625,1000.0,0,0.0,1000.0
2026-05-14 13:50:00,152.62750244140625,1000.0,0,0.0,1000.0
2026-05-14 13:55:00,153.24000549316406,1000.0,0,0.0,1000.0
2026-05-14 14:00:00,152.52000427246094,1000.0,0,0.0,1000.0
2026-05-14 14:05:00,152.36000061035156,1000.0,0,0.0,1000.0
2026-05-14 14:10:00,152.22000122070312,1000.0,0,0.0,1000.0
2026-05-14 14:15:00,152.41000366210938,1000.0,0,0.0,1000.0
2026-05-14 14:20:00,152.11000061035156,1000.0,0,0.0,1000.0
2026-05-14 14:25:00,152.1374969482422,1000.0,0,0.0,1000.0
2026-05-14 14:30:00,152.22500610351562,1000.0,0,0.0,1000.0
2026-05-14 14:35:00,152.24000549316406,1000.0,0,0.0,1000.0
2026-05-14 14:40:00,152.49000549316406,1000.0,0,0.0,1000.0
2026-05-14 14:45:00,152.8800048828125,1000.0,0,0.0,1000.0
2026-05-14 14:50:00,152.8800048828125,1000.0,0,0.0,1000.0
2026-05-14 14:55:00,153.22000122070312,1000.0,0,0.0,1000.0
2026-05-14 15:00:00,153.48500061035156,1000.0,0,0.0,1000.0
2026-05-14 15:05:00,153.26499938964844,1000.0,0,0.0,1000.0
2026-05-14 15:10:00,153.2949981689453,1000.0,0,0.0,1000.0
2026-05-14 15:15:00,153.24000549316406,1000.0,0,0.0,1000.0
2026-05-14 15:20:00,153.32000732421875,1000.0,0,0.0,1000.0
2026-05-14 15:25:00,153.30999755859375,1000.0,0,0.0,1000.0
2026-05-14 15:30:00,153.3300018310547,1000.0,0,0.0,1000.0
2026-05-14 15:35:00,152.96499633789062,1000.0,0,0.0,1000.0
2026-05-14 15:40:00,152.97000122070312,1000.0,0,0.0,1000.0
2026-05-14 15:45:00,153.22999572753906,1000.0,0,0.0,1000.0
2026-05-14 15:50:00,152.9550018310547,1000.0,0,0.0,1000.0
2026-05-14 15:55:00,152.99000549316406,1000.0,0,0.0,1000.0
2026-05-14 16:00:00,152.97000122070312,1000.0,0,0.0,1000.0
2026-05-14 16:05:00,152.82000732421875,1000.0,0,0.0,1000.0
2026-05-14 16:10:00,152.8800048828125,1000.0,0,0.0,1000.0
2026-05-14 16:15:00,153.19000244140625,1000.0,0,0.0,1000.0
2026-05-14 16:20:00,152.9425048828125,1000.0,0,0.0,1000.0
2026-05-14 16:25:00,152.80499267578125,1000.0,0,0.0,1000.0
2026-05-14 16:30:00,152.7050018310547,1000.0,0,0.0,1000.0
2026-05-14 16:35:00,152.8000030517578,1000.0,0,0.0,1000.0
2026-05-14 16:40:00,152.5399932861328,1000.0,0,0.0,1000.0
2026-05-14 16:45:00,152.55999755859375,1000.0,0,0.0,1000.0
2026-05-14 16:50:00,152.2550048828125,1000.0,0,0.0,1000.0
2026-05-14 16:55:00,151.94500732421875,1000.0,0,0.0,1000.0
2026-05-14 17:00:00,151.97999572753906,1000.0,0,0.0,1000.0
2026-05-14 17:05:00,152.0050048828125,1000.0,0,0.0,1000.0
2026-05-14 17:10:00,151.9499969482422,1000.0,0,0.0,1000.0
2026-05-14 17:15:00,151.72999572753906,1000.0,0,0.0,1000.0
2026-05-14 17:20:00,151.81500244140625,1000.0,0,0.0,1000.0
2026-05-14 17:25:00,151.71499633789062,1000.0,0,0.0,1000.0
2026-05-14 17:30:00,151.78500366210938,1000.0,0,0.0,1000.0
2026-05-14 17:35:00,151.99000549316406,1000.0,0,0.0,1000.0
2026-05-14 17:40:00,151.99000549316406,1000.0,0,0.0,1000.0
2026-05-14 17:45:00,152.0800018310547,1000.0,0,0.0,1000.0
2026-05-14 17:50:00,151.9600067138672,1000.0,0,0.0,1000.0
2026-05-14 17:55:00,152.0399932861328,1000.0,0,0.0,1000.0
2026-05-14 18:00:00,152.3699951171875,1000.0,0,0.0,1000.0
2026-05-14 18:05:00,152.6649932861328,1000.0,0,0.0,1000.0
2026-05-14 18:10:00,152.6999969482422,1000.0,0,0.0,1000.0
2026-05-14 18:15:00,152.89999389648438,1000.0,0,0.0,1000.0
2026-05-14 18:20:00,153.03500366210938,1000.0,0,0.0,1000.0
2026-05-14 18:25:00,152.73500061035156,1000.0,0,0.0,1000.0
2026-05-14 18:30:00,152.92999267578125,1000.0,0,0.0,1000.0
2026-05-14 18:35:00,153.07870483398438,1000.0,0,0.0,1000.0
2026-05-14 18:40:00,152.92250061035156,1000.0,0,0.0,1000.0
2026-05-14 18:45:00,153.11000061035156,1000.0,0,0.0,1000.0
2026-05-14 18:50:00,152.94000244140625,1000.0,0,0.0,1000.0
2026-05-14 18:55:00,153.1699981689453,1000.0,0,0.0,1000.0
2026-05-14 19:00:00,153.33999633789062,1000.0,0,0.0,1000.0
2026-05-14 19:05:00,153.49000549316406,1000.0,0,0.0,1000.0
2026-05-14 19:10:00,153.75,1000.0,0,0.0,1000.0
2026-05-14 19:15:00,154.13499450683594,1000.0,0,0.0,1000.0
2026-05-14 19:20:00,154.1199951171875,1000.0,0,0.0,1000.0
2026-05-14 19:25:00,154.13499450683594,1000.0,0,0.0,1000.0
2026-05-14 19:30:00,154.05499267578125,1000.0,0,0.0,1000.0
2026-05-14 19:35:00,153.67999267578125,1000.0,0,0.0,1000.0
2026-05-14 19:40:00,153.75,1000.0,0,0.0,1000.0
2026-05-14 19:45:00,153.50999450683594,1000.0,0,0.0,1000.0
2026-05-14 19:50:00,153.67999267578125,1000.0,0,0.0,1000.0
2026-05-14 19:55:00,153.75,1000.0,0,0.0,1000.0
2026-05-15 13:30:00,151.56500244140625,1000.0,0,0.0,1000.0
2026-05-15 13:35:00,152.0699005126953,1000.0,0,0.0,1000.0
2026-05-15 13:40:00,151.86500549316406,1000.0,0,0.0,1000.0
2026-05-15 13:45:00,152.07000732421875,1000.0,0,0.0,1000.0
2026-05-15 13:50:00,152.91000366210938,1000.0,0,0.0,1000.0
2026-05-15 13:55:00,153.25999450683594,1000.0,0,0.0,1000.0
2026-05-15 14:00:00,153.47000122070312,1000.0,0,0.0,1000.0
2026-05-15 14:05:00,153.13999938964844,1000.0,0,0.0,1000.0
2026-05-15 14:10:00,153.58999633789062,1000.0,0,0.0,1000.0
2026-05-15 14:15:00,153.91000366210938,1000.0,0,0.0,1000.0
2026-05-15 14:20:00,153.63499450683594,1000.0,0,0.0,1000.0
2026-05-15 14:25:00,153.7100067138672,1000.0,0,0.0,1000.0
2026-05-15 14:30:00,153.68499755859375,1000.0,0,0.0,1000.0
2026-05-15 14:35:00,153.7100067138672,1000.0,0,0.0,1000.0
2026-05-15 14:40:00,153.5500030517578,1000.0,0,0.0,1000.0
2026-05-15 14:45:00,153.5399932861328,1000.0,0,0.0,1000.0
2026-05-15 14:50:00,153.63999938964844,1000.0,0,0.0,1000.0
2026-05-15 14:55:00,153.63999938964844,1000.0,0,0.0,1000.0
2026-05-15 15:00:00,153.6699981689453,1000.0,0,0.0,1000.0
2026-05-15 15:05:00,153.9600067138672,1000.0,0,0.0,1000.0
2026-05-15 15:10:00,153.77000427246094,1000.0,0,0.0,1000.0
2026-05-15 15:15:00,153.77000427246094,1000.0,0,0.0,1000.0
2026-05-15 15:20:00,153.4250030517578,1000.0,0,0.0,1000.0
2026-05-15 15:25:00,153.2100067138672,1000.0,0,0.0,1000.0
2026-05-15 15:30:00,153.24000549316406,1000.0,0,0.0,1000.0
2026-05-15 15:35:00,153.0800018310547,1000.0,0,0.0,1000.0
2026-05-15 15:40:00,152.9499969482422,1000.0,0,0.0,1000.0
2026-05-15 15:45:00,152.86000061035156,1000.0,0,0.0,1000.0
2026-05-15 15:50:00,152.77999877929688,1000.0,0,0.0,1000.0
2026-05-15 15:55:00,152.7949981689453,1000.0,0,0.0,1000.0
2026-05-15 16:00:00,152.11000061035156,1000.0,0,0.0,1000.0
2026-05-15 16:05:00,152.0399932861328,1000.0,0,0.0,1000.0
2026-05-15 16:10:00,152.42999267578125,1000.0,0,0.0,1000.0
2026-05-15 16:15:00,152.64999389648438,1000.0,0,0.0,1000.0
2026-05-15 16:20:00,152.86000061035156,1000.0,0,0.0,1000.0
2026-05-15 16:25:00,153.22000122070312,1000.0,0,0.0,1000.0
2026-05-15 16:30:00,153.1999969482422,1000.0,0,0.0,1000.0
2026-05-15 16:35:00,153.1699981689453,1000.0,0,0.0,1000.0
2026-05-15 16:40:00,153.41000366210938,1000.0,0,0.0,1000.0
2026-05-15 16:45:00,153.3249969482422,1000.0,0,0.0,1000.0
2026-05-15 16:50:00,153.12249755859375,1000.0,0,0.0,1000.0
2026-05-15 16:55:00,153.2899932861328,1000.0,0,0.0,1000.0
2026-05-15 17:00:00,153.22500610351562,1000.0,0,0.0,1000.0
2026-05-15 17:05:00,153.25999450683594,1000.0,0,0.0,1000.0
2026-05-15 17:10:00,153.27999877929688,1000.0,0,0.0,1000.0
2026-05-15 17:15:00,153.2899932861328,1000.0,0,0.0,1000.0
2026-05-15 17:20:00,153.66000366210938,1000.0,0,0.0,1000.0
2026-05-15 17:25:00,153.49000549316406,1000.0,0,0.0,1000.0
2026-05-15 17:30:00,153.27000427246094,1000.0,0,0.0,1000.0
2026-05-15 17:35:00,153.17999267578125,1000.0,0,0.0,1000.0
2026-05-15 17:40:00,153.3300018310547,1000.0,0,0.0,1000.0
2026-05-15 17:45:00,153.25,1000.0,0,0.0,1000.0
2026-05-15 17:50:00,153.38999938964844,1000.0,0,0.0,1000.0
2026-05-15 17:55:00,153.5749969482422,1000.0,0,0.0,1000.0
2026-05-15 18:00:00,153.66000366210938,1000.0,0,0.0,1000.0
2026-05-15 18:05:00,153.55999755859375,1000.0,0,0.0,1000.0
2026-05-15 18:10:00,153.50999450683594,1000.0,0,0.0,1000.0
2026-05-15 18:15:00,153.3249969482422,1000.0,0,0.0,1000.0
2026-05-15 18:20:00,153.32000732421875,1000.0,0,0.0,1000.0
2026-05-15 18:25:00,153.41000366210938,1000.0,0,0.0,1000.0
2026-05-15 18:30:00,153.1999969482422,1000.0,0,0.0,1000.0
2026-05-15 18:35:00,153.24000549316406,1000.0,0,0.0,1000.0
2026-05-15 18:40:00,153.33999633789062,1000.0,0,0.0,1000.0
2026-05-15 18:45:00,153.3300018310547,1000.0,0,0.0,1000.0
2026-05-15 18:50:00,153.4499969482422,1000.0,0,0.0,1000.0
2026-05-15 18:55:00,153.6300048828125,1000.0,0,0.0,1000.0
2026-05-15 19:00:00,153.57000732421875,1000.0,0,0.0,1000.0
2026-05-15 19:05:00,153.50999450683594,1000.0,0,0.0,1000.0
2026-05-15 19:10:00,153.52999877929688,1000.0,0,0.0,1000.0
2026-05-15 19:15:00,153.5800018310547,1000.0,0,0.0,1000.0
2026-05-15 19:20:00,153.5399932861328,1000.0,0,0.0,1000.0
2026-05-15 19:25:00,153.30999755859375,1000.0,0,0.0,1000.0
2026-05-15 19:30:00,153.1649932861328,1000.0,0,0.0,1000.0
2026-05-15 19:35:00,153.27000427246094,1000.0,0,0.0,1000.0
2026-05-15 19:40:00,153.2100067138672,1000.0,0,0.0,1000.0
2026-05-15 19:45:00,153.14999389648438,1000.0,0,0.0,1000.0
2026-05-15 19:50:00,152.9600067138672,1000.0,0,0.0,1000.0
2026-05-15 19:55:00,152.8300018310547,1000.0,0,0.0,1000.0
2026-05-18 13:30:00,152.36000061035156,1000.0,0,0.0,1000.0
2026-05-18 13:35:00,152.24000549316406,1000.0,0,0.0,1000.0
2026-05-18 13:40:00,153.25,1000.0,0,0.0,1000.0
2026-05-18 13:45:00,153.43499755859375,1000.0,0,0.0,1000.0
2026-05-18 13:50:00,154.19500732421875,1000.0,0,0.0,1000.0
2026-05-18 13:55:00,153.93499755859375,1000.0,0,0.0,1000.0
2026-05-18 14:00:00,153.7949981689453,1000.0,0,0.0,1000.0
2026-05-18 14:05:00,153.7949981689453,1000.0,0,0.0,1000.0
2026-05-18 14:10:00,153.49000549316406,1000.0,0,0.0,1000.0
2026-05-18 14:15:00,153.75999450683594,1000.0,0,0.0,1000.0
2026-05-18 14:20:00,153.94000244140625,1000.0,0,0.0,1000.0
2026-05-18 14:25:00,154.0625,1000.0,0,0.0,1000.0
2026-05-18 14:30:00,153.77999877929688,1000.0,0,0.0,1000.0
2026-05-18 14:35:00,153.84500122070312,1000.0,0,0.0,1000.0
2026-05-18 14:40:00,153.75999450683594,1000.0,0,0.0,1000.0
2026-05-18 14:45:00,154.02000427246094,1000.0,0,0.0,1000.0
2026-05-18 14:50:00,153.92999267578125,1000.0,0,0.0,1000.0
2026-05-18 14:55:00,153.74000549316406,1000.0,0,0.0,1000.0
2026-05-18 15:00:00,153.2550048828125,1000.0,0,0.0,1000.0
2026-05-18 15:05:00,153.22000122070312,1000.0,0,0.0,1000.0
2026-05-18 15:10:00,153.0800018310547,1000.0,0,0.0,1000.0
2026-05-18 15:15:00,153.07510375976562,1000.0,0,0.0,1000.0
2026-05-18 15:20:00,153.2899932861328,1000.0,0,0.0,1000.0
2026-05-18 15:25:00,153.05999755859375,1000.0,0,0.0,1000.0
2026-05-18 15:30:00,153.3800048828125,1000.0,0,0.0,1000.0
2026-05-18 15:35:00,153.44000244140625,1000.0,0,0.0,1000.0
2026-05-18 15:40:00,153.4600067138672,1000.0,0,0.0,1000.0
2026-05-18 15:45:00,153.39999389648438,1000.0,0,0.0,1000.0
2026-05-18 15:50:00,153.3000946044922,1000.0,0,0.0,1000.0
2026-05-18 15:55:00,153.22500610351562,1000.0,0,0.0,1000.0
2026-05-18 16:00:00,153.06500244140625,1000.0,0,0.0,1000.0
2026-05-18 16:05:00,152.91000366210938,1000.0,0,0.0,1000.0
2026-05-18 16:10:00,152.89999389648438,1000.0,0,0.0,1000.0
2026-05-18 16:15:00,153.0399932861328,1000.0,0,0.0,1000.0
2026-05-18 16:20:00,153.2100067138672,1000.0,0,0.0,1000.0
2026-05-18 16:25:00,153.0,1000.0,0,0.0,1000.0
2026-05-18 16:30:00,153.10000610351562,1000.0,0,0.0,1000.0
2026-05-18 16:35:00,152.77499389648438,1000.0,0,0.0,1000.0
2026-05-18 16:40:00,152.77999877929688,1000.0,0,0.0,1000.0
2026-05-18 16:45:00,152.90499877929688,1000.0,0,0.0,1000.0
2026-05-18 16:50:00,153.1999969482422,1000.0,0,0.0,1000.0
2026-05-18 16:55:00,153.0050048828125,1000.0,0,0.0,1000.0
2026-05-18 17:00:00,152.9949951171875,1000.0,0,0.0,1000.0
2026-05-18 17:05:00,153.05999755859375,1000.0,0,0.0,1000.0
2026-05-18 17:10:00,153.17999267578125,1000.0,0,0.0,1000.0
2026-05-18 17:15:00,153.47000122070312,1000.0,0,0.0,1000.0
2026-05-18 17:20:00,153.5500030517578,1000.0,0,0.0,1000.0
2026-05-18 17:25:00,153.4250030517578,1000.0,0,0.0,1000.0
2026-05-18 17:30:00,153.26499938964844,1000.0,0,0.0,1000.0
2026-05-18 17:35:00,152.9300994873047,1000.0,0,0.0,1000.0
2026-05-18 17:40:00,153.2100067138672,1000.0,0,0.0,1000.0
2026-05-18 17:45:00,153.22509765625,1000.0,0,0.0,1000.0
2026-05-18 17:50:00,153.47999572753906,1000.0,0,0.0,1000.0
2026-05-18 17:55:00,153.3800048828125,1000.0,0,0.0,1000.0
2026-05-18 18:00:00,153.33999633789062,1000.0,0,0.0,1000.0
2026-05-18 18:05:00,153.33999633789062,1000.0,0,0.0,1000.0
2026-05-18 18:10:00,153.38999938964844,1000.0,0,0.0,1000.0
2026-05-18 18:15:00,153.1649932861328,1000.0,0,0.0,1000.0
2026-05-18 18:20:00,152.9499969482422,1000.0,0,0.0,1000.0
2026-05-18 18:25:00,152.86000061035156,1000.0,0,0.0,1000.0
2026-05-18 18:30:00,153.0399932861328,1000.0,0,0.0,1000.0
2026-05-18 18:35:00,153.12005615234375,1000.0,0,0.0,1000.0
2026-05-18 18:40:00,153.11500549316406,1000.0,0,0.0,1000.0
2026-05-18 18:45:00,153.13999938964844,1000.0,0,0.0,1000.0
2026-05-18 18:50:00,153.05999755859375,1000.0,0,0.0,1000.0
2026-05-18 18:55:00,153.00999450683594,1000.0,0,0.0,1000.0
2026-05-18 19:00:00,153.66000366210938,1000.0,0,0.0,1000.0
2026-05-18 19:05:00,153.42999267578125,1000.0,0,0.0,1000.0
2026-05-18 19:10:00,153.4600067138672,1000.0,0,0.0,1000.0
2026-05-18 19:15:00,153.48500061035156,1000.0,0,0.0,1000.0
2026-05-18 19:20:00,153.39999389648438,1000.0,0,0.0,1000.0
2026-05-18 19:25:00,153.47000122070312,1000.0,0,0.0,1000.0
2026-05-18 19:30:00,153.5,1000.0,0,0.0,1000.0
2026-05-18 19:35:00,153.66000366210938,1000.0,0,0.0,1000.0
2026-05-18 19:40:00,153.82000732421875,1000.0,0,0.0,1000.0
2026-05-18 19:45:00,153.7550048828125,1000.0,0,0.0,1000.0
2026-05-18 19:50:00,153.7899932861328,1000.0,0,0.0,1000.0
2026-05-18 19:55:00,153.67999267578125,1000.0,0,0.0,1000.0
2026-05-19 13:30:00,151.3863067626953,1000.0,0,0.0,1000.0
2026-05-19 13:35:00,152.27499389648438,1000.0,0,0.0,1000.0
2026-05-19 13:40:00,151.3249969482422,1000.0,0,0.0,1000.0
2026-05-19 13:45:00,151.77999877929688,1000.0,0,0.0,1000.0
2026-05-19 13:50:00,152.1649932861328,1000.0,0,0.0,1000.0
2026-05-19 13:55:00,152.30999755859375,1000.0,0,0.0,1000.0
2026-05-19 14:00:00,152.27000427246094,1000.0,0,0.0,1000.0
2026-05-19 14:05:00,152.08999633789062,1000.0,0,0.0,1000.0
2026-05-19 14:10:00,152.49000549316406,1000.0,0,0.0,1000.0
2026-05-19 14:15:00,152.3699951171875,1000.0,0,0.0,1000.0
2026-05-19 14:20:00,152.28500366210938,1000.0,0,0.0,1000.0
2026-05-19 14:25:00,152.35000610351562,1000.0,0,0.0,1000.0
2026-05-19 14:30:00,152.27000427246094,1000.0,0,0.0,1000.0
2026-05-19 14:35:00,152.19000244140625,1000.0,0,0.0,1000.0
2026-05-19 14:40:00,151.83999633789062,1000.0,0,0.0,1000.0
2026-05-19 14:45:00,151.61199951171875,1000.0,0,0.0,1000.0
2026-05-19 14:50:00,151.34500122070312,1000.0,0,0.0,1000.0
2026-05-19 14:55:00,151.47500610351562,1000.0,0,0.0,1000.0
2026-05-19 15:00:00,151.4149932861328,1000.0,0,0.0,1000.0
2026-05-19 15:05:00,151.27999877929688,1000.0,0,0.0,1000.0
2026-05-19 15:10:00,151.33999633789062,1000.0,0,0.0,1000.0
2026-05-19 15:15:00,151.72999572753906,1000.0,0,0.0,1000.0
2026-05-19 15:20:00,151.55999755859375,1000.0,0,0.0,1000.0
2026-05-19 15:25:00,151.61000061035156,1000.0,0,0.0,1000.0
2026-05-19 15:30:00,151.82467651367188,1000.0,0,0.0,1000.0
2026-05-19 15:35:00,151.89999389648438,1000.0,0,0.0,1000.0
2026-05-19 15:40:00,151.8000030517578,1000.0,0,0.0,1000.0
2026-05-19 15:45:00,151.99000549316406,1000.0,0,0.0,1000.0
2026-05-19 15:50:00,151.83999633789062,1000.0,0,0.0,1000.0
2026-05-19 15:55:00,151.72000122070312,1000.0,0,0.0,1000.0
2026-05-19 16:00:00,151.60000610351562,1000.0,0,0.0,1000.0
2026-05-19 16:05:00,151.66000366210938,1000.0,0,0.0,1000.0
2026-05-19 16:10:00,151.63999938964844,1000.0,0,0.0,1000.0
2026-05-19 16:15:00,152.02000427246094,1000.0,0,0.0,1000.0
2026-05-19 16:20:00,152.13999938964844,1000.0,0,0.0,1000.0
2026-05-19 16:25:00,152.25999450683594,1000.0,0,0.0,1000.0
2026-05-19 16:30:00,152.25,1000.0,0,0.0,1000.0
2026-05-19 16:35:00,152.1699981689453,1000.0,0,0.0,1000.0
2026-05-19 16:40:00,152.5,1000.0,0,0.0,1000.0
2026-05-19 16:45:00,152.4499969482422,1000.0,0,0.0,1000.0
2026-05-19 16:50:00,152.39999389648438,1000.0,0,0.0,1000.0
2026-05-19 16:55:00,152.39999389648438,1000.0,0,0.0,1000.0
2026-05-19 17:00:00,152.27000427246094,1000.0,0,0.0,1000.0
2026-05-19 17:05:00,151.8800048828125,1000.0,0,0.0,1000.0
2026-05-19 17:10:00,152.0,1000.0,0,0.0,1000.0
2026-05-19 17:15:00,152.07000732421875,1000.0,0,0.0,1000.0
2026-05-19 17:20:00,152.22000122070312,1000.0,0,0.0,1000.0
2026-05-19 17:25:00,152.1999969482422,1000.0,0,0.0,1000.0
2026-05-19 17:30:00,152.02000427246094,1000.0,0,0.0,1000.0
2026-05-19 17:35:00,152.05999755859375,1000.0,0,0.0,1000.0
2026-05-19 17:40:00,152.07000732421875,1000.0,0,0.0,1000.0
2026-05-19 17:45:00,151.91000366210938,1000.0,0,0.0,1000.0
2026-05-19 17:50:00,151.9550018310547,1000.0,0,0.0,1000.0
2026-05-19 17:55:00,151.89999389648438,1000.0,0,0.0,1000.0
2026-05-19 18:00:00,151.8000030517578,1000.0,0,0.0,1000.0
2026-05-19 18:05:00,152.08999633789062,1000.0,0,0.0,1000.0
2026-05-19 18:10:00,152.36500549316406,1000.0,0,0.0,1000.0
2026-05-19 18:15:00,152.2050018310547,1000.0,0,0.0,1000.0
2026-05-19 18:20:00,151.89999389648438,1000.0,0,0.0,1000.0
2026-05-19 18:25:00,151.83999633789062,1000.0,0,0.0,1000.0
2026-05-19 18:30:00,151.7899932861328,1000.0,0,0.0,1000.0
2026-05-19 18:35:00,151.64999389648438,1000.0,0,0.0,1000.0
2026-05-19 18:40:00,151.74000549316406,1000.0,0,0.0,1000.0
2026-05-19 18:45:00,151.61500549316406,1000.0,0,0.0,1000.0
2026-05-19 18:50:00,151.5749969482422,1000.0,0,0.0,1000.0
2026-05-19 18:55:00,151.33999633789062,1000.0,0,0.0,1000.0
2026-05-19 19:00:00,151.27000427246094,1000.0,0,0.0,1000.0
2026-05-19 19:05:00,151.52999877929688,1000.0,0,0.0,1000.0
2026-05-19 19:10:00,151.5,1000.0,0,0.0,1000.0
2026-05-19 19:15:00,151.58999633789062,1000.0,0,0.0,1000.0
2026-05-19 19:20:00,151.19000244140625,1000.0,0,0.0,1000.0
2026-05-19 19:25:00,151.0449981689453,1000.0,0,0.0,1000.0
2026-05-19 19:30:00,150.78500366210938,1000.0,0,0.0,1000.0
2026-05-19 19:35:00,150.6999969482422,1000.0,0,0.0,1000.0
2026-05-19 19:40:00,150.75,1000.0,0,0.0,1000.0
2026-05-19 19:45:00,150.61500549316406,1000.0,0,0.0,1000.0
2026-05-19 19:50:00,150.26150512695312,1000.0,0,0.0,1000.0
2026-05-19 19:55:00,150.8699951171875,1000.0,0,0.0,1000.0
2026-05-20 13:30:00,151.14999389648438,1000.0,0,0.0,1000.0
2026-05-20 13:35:00,152.5800018310547,1000.0,0,0.0,1000.0
2026-05-20 13:40:00,152.44000244140625,1000.0,0,0.0,1000.0
2026-05-20 13:45:00,152.1300048828125,1000.0,0,0.0,1000.0
2026-05-20 13:50:00,152.08999633789062,1000.0,0,0.0,1000.0
2026-05-20 13:55:00,152.55499267578125,1000.0,0,0.0,1000.0
2026-05-20 14:00:00,152.11500549316406,1000.0,0,0.0,1000.0
2026-05-20 14:05:00,152.4199981689453,1000.0,0,0.0,1000.0
2026-05-20 14:10:00,152.76499938964844,1000.0,0,0.0,1000.0
2026-05-20 14:15:00,153.66000366210938,1000.0,0,0.0,1000.0
2026-05-20 14:20:00,153.64999389648438,1000.0,0,0.0,1000.0
2026-05-20 14:25:00,154.32000732421875,1000.0,0,0.0,1000.0
2026-05-20 14:30:00,154.38499450683594,1000.0,0,0.0,1000.0
2026-05-20 14:35:00,154.10499572753906,1000.0,0,0.0,1000.0
2026-05-20 14:40:00,154.11000061035156,1000.0,0,0.0,1000.0
2026-05-20 14:45:00,154.1199951171875,1000.0,0,0.0,1000.0
2026-05-20 14:50:00,154.14999389648438,1000.0,0,0.0,1000.0
2026-05-20 14:55:00,154.25999450683594,1000.0,0,0.0,1000.0
2026-05-20 15:00:00,154.22999572753906,1000.0,0,0.0,1000.0
2026-05-20 15:05:00,154.3350067138672,1000.0,0,0.0,1000.0
2026-05-20 15:10:00,153.98500061035156,1000.0,0,0.0,1000.0
2026-05-20 15:15:00,154.6300048828125,1000.0,0,0.0,1000.0
2026-05-20 15:20:00,154.4600067138672,1000.0,0,0.0,1000.0
2026-05-20 15:25:00,154.14999389648438,1000.0,0,0.0,1000.0
2026-05-20 15:30:00,154.27999877929688,1000.0,0,0.0,1000.0
2026-05-20 15:35:00,154.375,1000.0,0,0.0,1000.0
2026-05-20 15:40:00,154.47000122070312,1000.0,0,0.0,1000.0
2026-05-20 15:45:00,154.33999633789062,1000.0,0,0.0,1000.0
2026-05-20 15:50:00,154.27000427246094,1000.0,0,0.0,1000.0
2026-05-20 15:55:00,154.09249877929688,1000.0,0,0.0,1000.0
2026-05-20 16:00:00,154.11000061035156,1000.0,0,0.0,1000.0
2026-05-20 16:05:00,154.1199951171875,1000.0,0,0.0,1000.0
2026-05-20 16:10:00,154.13499450683594,1000.0,0,0.0,1000.0
2026-05-20 16:15:00,154.10000610351562,1000.0,0,0.0,1000.0
2026-05-20 16:20:00,154.1300048828125,1000.0,0,0.0,1000.0
2026-05-20 16:25:00,153.97999572753906,1000.0,0,0.0,1000.0
2026-05-20 16:30:00,153.91000366210938,1000.0,0,0.0,1000.0
2026-05-20 16:35:00,153.9199981689453,1000.0,0,0.0,1000.0
2026-05-20 16:40:00,154.10000610351562,1000.0,0,0.0,1000.0
2026-05-20 16:45:00,153.89999389648438,1000.0,0,0.0,1000.0
2026-05-20 16:50:00,154.02000427246094,1000.0,0,0.0,1000.0
2026-05-20 16:55:00,153.97999572753906,1000.0,0,0.0,1000.0
2026-05-20 17:00:00,153.88499450683594,1000.0,0,0.0,1000.0
2026-05-20 17:05:00,153.9149932861328,1000.0,0,0.0,1000.0
2026-05-20 17:10:00,153.8300018310547,1000.0,0,0.0,1000.0
2026-05-20 17:15:00,153.7949981689453,1000.0,0,0.0,1000.0
2026-05-20 17:20:00,153.78500366210938,1000.0,0,0.0,1000.0
2026-05-20 17:25:00,154.0,1000.0,0,0.0,1000.0
2026-05-20 17:30:00,154.0050048828125,1000.0,0,0.0,1000.0
2026-05-20 17:35:00,154.0050048828125,1000.0,0,0.0,1000.0
2026-05-20 17:40:00,153.88999938964844,1000.0,0,0.0,1000.0
2026-05-20 17:45:00,153.7899932861328,1000.0,0,0.0,1000.0
2026-05-20 17:50:00,153.58999633789062,1000.0,0,0.0,1000.0
2026-05-20 17:55:00,153.66000366210938,1000.0,0,0.0,1000.0
2026-05-20 18:00:00,153.57000732421875,1000.0,0,0.0,1000.0
2026-05-20 18:05:00,153.75,1000.0,0,0.0,1000.0
2026-05-20 18:10:00,153.6699981689453,1000.0,0,0.0,1000.0
2026-05-20 18:15:00,153.72999572753906,1000.0,0,0.0,1000.0
2026-05-20 18:20:00,153.47000122070312,1000.0,0,0.0,1000.0
2026-05-20 18:25:00,153.4600067138672,1000.0,0,0.0,1000.0
2026-05-20 18:30:00,153.63999938964844,1000.0,0,0.0,1000.0
2026-05-20 18:35:00,153.72999572753906,1000.0,0,0.0,1000.0
2026-05-20 18:40:00,153.375,1000.0,0,0.0,1000.0
2026-05-20 18:45:00,153.4499969482422,1000.0,0,0.0,1000.0
2026-05-20 18:50:00,153.4199981689453,1000.0,0,0.0,1000.0
2026-05-20 18:55:00,153.4482879638672,1000.0,0,0.0,1000.0
2026-05-20 19:00:00,153.44000244140625,1000.0,0,0.0,1000.0
2026-05-20 19:05:00,153.53500366210938,1000.0,0,0.0,1000.0
2026-05-20 19:10:00,153.55999755859375,1000.0,0,0.0,1000.0
2026-05-20 19:15:00,153.75750732421875,1000.0,0,0.0,1000.0
2026-05-20 19:20:00,153.8000030517578,1000.0,0,0.0,1000.0
2026-05-20 19:25:00,153.91000366210938,1000.0,0,0.0,1000.0
2026-05-20 19:30:00,153.75,1000.0,0,0.0,1000.0
2026-05-20 19:35:00,153.97999572753906,1000.0,0,0.0,1000.0
2026-05-20 19:40:00,153.8249969482422,1000.0,0,0.0,1000.0
2026-05-20 19:45:00,153.6999969482422,1000.0,0,0.0,1000.0
2026-05-20 19:50:00,153.5800018310547,1000.0,0,0.0,1000.0
2026-05-20 19:55:00,154.0399932861328,1000.0,0,0.0,1000.0
2026-05-21 13:30:00,153.1649932861328,1000.0,0,0.0,1000.0
2026-05-21 13:35:00,153.83999633789062,1000.0,0,0.0,1000.0
2026-05-21 13:40:00,153.5500030517578,1000.0,0,0.0,1000.0
2026-05-21 13:45:00,153.64999389648438,1000.0,0,0.0,1000.0
2026-05-21 13:50:00,154.35000610351562,1000.0,0,0.0,1000.0
2026-05-21 13:55:00,154.3800048828125,1000.0,0,0.0,1000.0
2026-05-21 14:00:00,154.50999450683594,1000.0,0,0.0,1000.0
2026-05-21 14:05:00,154.42999267578125,1000.0,0,0.0,1000.0
2026-05-21 14:10:00,154.2899932861328,1000.0,0,0.0,1000.0
2026-05-21 14:15:00,154.00999450683594,1000.0,0,0.0,1000.0
2026-05-21 14:20:00,154.0399932861328,1000.0,0,0.0,1000.0
2026-05-21 14:25:00,154.08999633789062,1000.0,0,0.0,1000.0
2026-05-21 14:30:00,153.8800048828125,1000.0,0,0.0,1000.0
2026-05-21 14:35:00,153.4199981689453,1000.0,0,0.0,1000.0
2026-05-21 14:40:00,153.27000427246094,1000.0,0,0.0,1000.0
2026-05-21 14:45:00,152.93499755859375,1000.0,0,0.0,1000.0
2026-05-21 14:50:00,152.74000549316406,1000.0,0,0.0,1000.0
2026-05-21 14:55:00,152.8000030517578,1000.0,0,0.0,1000.0
2026-05-21 15:00:00,152.66000366210938,1000.0,0,0.0,1000.0
2026-05-21 15:05:00,152.75999450683594,1000.0,0,0.0,1000.0
2026-05-21 15:10:00,152.9499969482422,1000.0,0,0.0,1000.0
2026-05-21 15:15:00,152.77000427246094,1000.0,0,0.0,1000.0
2026-05-21 15:20:00,152.79510498046875,1000.0,0,0.0,1000.0
2026-05-21 15:25:00,152.6699981689453,1000.0,0,0.0,1000.0
2026-05-21 15:30:00,152.5,1000.0,0,0.0,1000.0
2026-05-21 15:35:00,152.49000549316406,1000.0,0,0.0,1000.0
2026-05-21 15:40:00,152.7899932861328,1000.0,0,0.0,1000.0
2026-05-21 15:45:00,152.78500366210938,1000.0,0,0.0,1000.0
2026-05-21 15:50:00,152.72000122070312,1000.0,0,0.0,1000.0
2026-05-21 15:55:00,152.50999450683594,1000.0,0,0.0,1000.0
2026-05-21 16:00:00,152.47000122070312,1000.0,0,0.0,1000.0
2026-05-21 16:05:00,152.36000061035156,1000.0,0,0.0,1000.0
2026-05-21 16:10:00,152.67999267578125,1000.0,0,0.0,1000.0
2026-05-21 16:15:00,152.5399932861328,1000.0,0,0.0,1000.0
2026-05-21 16:20:00,152.4199981689453,1000.0,0,0.0,1000.0
2026-05-21 16:25:00,152.4149932861328,1000.0,0,0.0,1000.0
2026-05-21 16:30:00,152.49000549316406,1000.0,0,0.0,1000.0
2026-05-21 16:35:00,152.3699951171875,1000.0,0,0.0,1000.0
2026-05-21 16:40:00,152.49000549316406,1000.0,0,0.0,1000.0
2026-05-21 16:45:00,152.30999755859375,1000.0,0,0.0,1000.0
2026-05-21 16:50:00,152.35000610351562,1000.0,0,0.0,1000.0
2026-05-21 16:55:00,152.4550018310547,1000.0,0,0.0,1000.0
2026-05-21 17:00:00,152.5050048828125,1000.0,0,0.0,1000.0
2026-05-21 17:05:00,152.6300048828125,1000.0,0,0.0,1000.0
2026-05-21 17:10:00,153.0500030517578,1000.0,0,0.0,1000.0
2026-05-21 17:15:00,153.4199981689453,1000.0,0,0.0,1000.0
2026-05-21 17:20:00,153.1199951171875,1000.0,0,0.0,1000.0
2026-05-21 17:25:00,153.2899932861328,1000.0,0,0.0,1000.0
2026-05-21 17:30:00,153.4199981689453,1000.0,0,0.0,1000.0
2026-05-21 17:35:00,153.63999938964844,1000.0,0,0.0,1000.0
2026-05-21 17:40:00,153.72999572753906,1000.0,0,0.0,1000.0
2026-05-21 17:45:00,153.84500122070312,1000.0,0,0.0,1000.0
2026-05-21 17:50:00,153.89500427246094,1000.0,0,0.0,1000.0
2026-05-21 17:55:00,153.75,1000.0,0,0.0,1000.0
2026-05-21 18:00:00,153.61000061035156,1000.0,0,0.0,1000.0
2026-05-21 18:05:00,153.9199981689453,1000.0,0,0.0,1000.0
2026-05-21 18:10:00,154.02999877929688,1000.0,0,0.0,1000.0
2026-05-21 18:15:00,154.0399932861328,1000.0,0,0.0,1000.0
2026-05-21 18:20:00,154.08999633789062,1000.0,0,0.0,1000.0
2026-05-21 18:25:00,154.21499633789062,1000.0,0,0.0,1000.0
2026-05-21 18:30:00,154.09500122070312,1000.0,0,0.0,1000.0
2026-05-21 18:35:00,154.0399932861328,1000.0,0,0.0,1000.0
2026-05-21 18:40:00,154.1699981689453,1000.0,0,0.0,1000.0
2026-05-21 18:45:00,153.88999938964844,1000.0,0,0.0,1000.0
2026-05-21 18:50:00,153.41000366210938,1000.0,0,0.0,1000.0
2026-05-21 18:55:00,153.97000122070312,1000.0,0,0.0,1000.0
2026-05-21 19:00:00,153.9600067138672,1000.0,0,0.0,1000.0
2026-05-21 19:05:00,153.44000244140625,1000.0,0,0.0,1000.0
2026-05-21 19:10:00,153.5800018310547,1000.0,0,0.0,1000.0
2026-05-21 19:15:00,153.6300048828125,1000.0,0,0.0,1000.0
2026-05-21 19:20:00,153.67999267578125,1000.0,0,0.0,1000.0
2026-05-21 19:25:00,153.5500030517578,1000.0,0,0.0,1000.0
2026-05-21 19:30:00,153.3800048828125,1000.0,0,0.0,1000.0
2026-05-21 19:35:00,153.32000732421875,1000.0,0,0.0,1000.0
2026-05-21 19:40:00,153.5749969482422,1000.0,0,0.0,1000.0
2026-05-21 19:45:00,153.92999267578125,1000.0,0,0.0,1000.0
2026-05-21 19:50:00,153.5800018310547,1000.0,0,0.0,1000.0
2026-05-21 19:55:00,153.67999267578125,1000.0,0,0.0,1000.0
2026-05-22 13:30:00,154.22999572753906,1000.0,0,0.0,1000.0
2026-05-22 13:35:00,153.74000549316406,1000.0,0,0.0,1000.0
2026-05-22 13:40:00,154.23500061035156,1000.0,0,0.0,1000.0
2026-05-22 13:45:00,154.3000030517578,1000.0,0,0.0,1000.0
2026-05-22 13:50:00,154.5,1000.0,0,0.0,1000.0
2026-05-22 13:55:00,154.99000549316406,1000.0,0,0.0,1000.0
2026-05-22 14:00:00,154.45140075683594,1000.0,0,0.0,1000.0
2026-05-22 14:05:00,154.75,1000.0,0,0.0,1000.0
2026-05-22 14:10:00,153.9199981689453,1000.0,0,0.0,1000.0
2026-05-22 14:15:00,154.36000061035156,1000.0,0,0.0,1000.0
2026-05-22 14:20:00,154.38999938964844,1000.0,0,0.0,1000.0
2026-05-22 14:25:00,154.52000427246094,1000.0,0,0.0,1000.0
2026-05-22 14:30:00,154.32000732421875,1000.0,0,0.0,1000.0
2026-05-22 14:35:00,154.58999633789062,1000.0,0,0.0,1000.0
2026-05-22 14:40:00,154.47000122070312,1000.0,0,0.0,1000.0
2026-05-22 14:45:00,154.47000122070312,1000.0,0,0.0,1000.0
2026-05-22 14:50:00,154.36000061035156,1000.0,0,0.0,1000.0
2026-05-22 14:55:00,154.68499755859375,1000.0,0,0.0,1000.0
2026-05-22 15:00:00,154.66000366210938,1000.0,0,0.0,1000.0
2026-05-22 15:05:00,154.7100067138672,1000.0,0,0.0,1000.0
2026-05-22 15:10:00,154.6199951171875,1000.0,0,0.0,1000.0
2026-05-22 15:15:00,154.74000549316406,1000.0,0,0.0,1000.0
2026-05-22 15:20:00,154.6999969482422,1000.0,0,0.0,1000.0
2026-05-22 15:25:00,154.72999572753906,1000.0,0,0.0,1000.0
2026-05-22 15:30:00,154.57000732421875,1000.0,0,0.0,1000.0
2026-05-22 15:35:00,154.44000244140625,1000.0,0,0.0,1000.0
2026-05-22 15:45:00,154.63999938964844,1000.0,0,0.0,1000.0
2026-05-22 15:50:00,154.5749969482422,1000.0,0,0.0,1000.0
2026-05-22 15:55:00,154.5449981689453,1000.0,0,0.0,1000.0
2026-05-22 16:00:00,154.48500061035156,1000.0,0,0.0,1000.0
2026-05-22 16:05:00,154.5399932861328,1000.0,0,0.0,1000.0
2026-05-22 16:10:00,154.32000732421875,1000.0,0,0.0,1000.0
2026-05-22 16:15:00,154.5800018310547,1000.0,0,0.0,1000.0
2026-05-22 16:20:00,154.75,1000.0,0,0.0,1000.0
2026-05-22 16:25:00,154.73570251464844,1000.0,0,0.0,1000.0
2026-05-22 16:30:00,154.8800048828125,1000.0,0,0.0,1000.0
2026-05-22 16:35:00,154.83999633789062,1000.0,0,0.0,1000.0
2026-05-22 16:40:00,154.75,1000.0,0,0.0,1000.0
2026-05-22 16:45:00,154.6699981689453,1000.0,0,0.0,1000.0
2026-05-22 16:50:00,154.55999755859375,1000.0,0,0.0,1000.0
2026-05-22 16:55:00,154.27999877929688,1000.0,0,0.0,1000.0
2026-05-22 17:00:00,154.5500030517578,1000.0,0,0.0,1000.0
2026-05-22 17:05:00,154.57000732421875,1000.0,0,0.0,1000.0
2026-05-22 17:10:00,154.5,1000.0,0,0.0,1000.0
2026-05-22 17:15:00,154.42999267578125,1000.0,0,0.0,1000.0
2026-05-22 17:20:00,154.5050048828125,1000.0,0,0.0,1000.0
2026-05-22 17:25:00,155.02000427246094,1000.0,0,0.0,1000.0
2026-05-22 17:30:00,154.80999755859375,1000.0,0,0.0,1000.0
2026-05-22 17:35:00,154.6300048828125,1000.0,0,0.0,1000.0
2026-05-22 17:40:00,154.7100067138672,1000.0,0,0.0,1000.0
2026-05-22 17:45:00,154.52000427246094,1000.0,0,0.0,1000.0
2026-05-22 17:50:00,154.3699951171875,1000.0,0,0.0,1000.0
2026-05-22 17:55:00,154.42999267578125,1000.0,0,0.0,1000.0
2026-05-22 18:00:00,154.52000427246094,1000.0,0,0.0,1000.0
2026-05-22 18:05:00,154.39999389648438,1000.0,0,0.0,1000.0
2026-05-22 18:10:00,154.36000061035156,1000.0,0,0.0,1000.0
2026-05-22 18:15:00,154.35499572753906,1000.0,0,0.0,1000.0
2026-05-22 18:20:00,154.39999389648438,1000.0,0,0.0,1000.0
2026-05-22 18:25:00,154.19000244140625,1000.0,0,0.0,1000.0
2026-05-22 18:30:00,154.14999389648438,1000.0,0,0.0,1000.0
2026-05-22 18:35:00,154.1300048828125,1000.0,0,0.0,1000.0
2026-05-22 18:40:00,154.02000427246094,1000.0,0,0.0,1000.0
2026-05-22 18:45:00,154.0800018310547,1000.0,0,0.0,1000.0
2026-05-22 18:50:00,154.35000610351562,1000.0,0,0.0,1000.0
2026-05-22 18:55:00,154.2100067138672,1000.0,0,0.0,1000.0
2026-05-22 19:00:00,153.9199981689453,1000.0,0,0.0,1000.0
2026-05-22 19:05:00,154.22999572753906,1000.0,0,0.0,1000.0
2026-05-22 19:10:00,154.22999572753906,1000.0,0,0.0,1000.0
2026-05-22 19:15:00,154.33999633789062,1000.0,0,0.0,1000.0
2026-05-22 19:20:00,154.27999877929688,1000.0,0,0.0,1000.0
2026-05-22 19:25:00,154.13999938964844,1000.0,0,0.0,1000.0
2026-05-22 19:30:00,154.16000366210938,1000.0,0,0.0,1000.0
2026-05-22 19:35:00,154.09500122070312,1000.0,0,0.0,1000.0
2026-05-22 19:40:00,153.9949951171875,1000.0,0,0.0,1000.0
2026-05-22 19:45:00,153.85000610351562,1000.0,0,0.0,1000.0
2026-05-22 19:50:00,154.00999450683594,1000.0,0,0.0,1000.0
2026-05-22 19:55:00,154.0500030517578,1000.0,0,0.0,1000.0
2026-05-26 13:30:00,156.4499969482422,1000.0,0,0.0,1000.0
2026-05-26 13:35:00,156.9199981689453,1000.0,0,0.0,1000.0
2026-05-26 13:40:00,156.6199951171875,1000.0,0,0.0,1000.0
2026-05-26 13:45:00,156.8300018310547,1000.0,0,0.0,1000.0
2026-05-26 13:50:00,156.4149932861328,1000.0,0,0.0,1000.0
2026-05-26 13:55:00,156.25,1000.0,0,0.0,1000.0
2026-05-26 14:00:00,156.22000122070312,1000.0,0,0.0,1000.0
2026-05-26 14:05:00,156.25,1000.0,0,0.0,1000.0
2026-05-26 14:10:00,155.88999938964844,1000.0,0,0.0,1000.0
2026-05-26 14:15:00,155.52999877929688,1000.0,0,0.0,1000.0
2026-05-26 14:20:00,155.86000061035156,1000.0,0,0.0,1000.0
2026-05-26 14:25:00,155.8300018310547,1000.0,0,0.0,1000.0
2026-05-26 14:30:00,155.52000427246094,1000.0,0,0.0,1000.0
2026-05-26 14:35:00,155.91000366210938,1000.0,0,0.0,1000.0
2026-05-26 14:40:00,155.91000366210938,1000.0,0,0.0,1000.0
2026-05-26 14:45:00,156.1199951171875,1000.0,0,0.0,1000.0
2026-05-26 14:50:00,156.1699981689453,1000.0,0,0.0,1000.0
2026-05-26 14:55:00,156.4324951171875,1000.0,0,0.0,1000.0
2026-05-26 15:00:00,156.3800048828125,1000.0,0,0.0,1000.0
2026-05-26 15:05:00,156.5500030517578,1000.0,0,0.0,1000.0
2026-05-26 15:10:00,156.50999450683594,1000.0,0,0.0,1000.0
2026-05-26 15:15:00,156.52000427246094,1000.0,0,0.0,1000.0
2026-05-26 15:20:00,156.44000244140625,1000.0,0,0.0,1000.0
2026-05-26 15:25:00,156.46249389648438,1000.0,0,0.0,1000.0
2026-05-26 15:30:00,156.42999267578125,1000.0,0,0.0,1000.0
2026-05-26 15:35:00,156.75,1000.0,0,0.0,1000.0
2026-05-26 15:40:00,156.8376007080078,1000.0,0,0.0,1000.0
2026-05-26 15:45:00,156.77999877929688,1000.0,0,0.0,1000.0
2026-05-26 15:50:00,156.72000122070312,1000.0,0,0.0,1000.0
2026-05-26 15:55:00,156.86000061035156,1000.0,0,0.0,1000.0
2026-05-26 16:00:00,156.8249969482422,1000.0,0,0.0,1000.0
2026-05-26 16:05:00,156.82000732421875,1000.0,0,0.0,1000.0
2026-05-26 16:10:00,156.8300018310547,1000.0,0,0.0,1000.0
2026-05-26 16:15:00,157.0800018310547,1000.0,0,0.0,1000.0
2026-05-26 16:20:00,157.05999755859375,1000.0,0,0.0,1000.0
2026-05-26 16:25:00,156.97999572753906,1000.0,0,0.0,1000.0
2026-05-26 16:30:00,157.10000610351562,1000.0,0,0.0,1000.0
2026-05-26 16:35:00,156.9600067138672,1000.0,0,0.0,1000.0
2026-05-26 16:40:00,157.11000061035156,1000.0,0,0.0,1000.0
2026-05-26 16:45:00,157.11000061035156,1000.0,0,0.0,1000.0
2026-05-26 16:50:00,157.17999267578125,1000.0,0,0.0,1000.0
2026-05-26 16:55:00,157.2100067138672,1000.0,0,0.0,1000.0
2026-05-26 17:00:00,157.23500061035156,1000.0,0,0.0,1000.0
2026-05-26 17:05:00,157.22000122070312,1000.0,0,0.0,1000.0
2026-05-26 17:10:00,157.3800048828125,1000.0,0,0.0,1000.0
2026-05-26 17:15:00,157.25,1000.0,0,0.0,1000.0
2026-05-26 17:20:00,157.25999450683594,1000.0,0,0.0,1000.0
2026-05-26 17:25:00,157.11000061035156,1000.0,0,0.0,1000.0
2026-05-26 17:30:00,157.35000610351562,1000.0,0,0.0,1000.0
2026-05-26 17:35:00,157.44500732421875,1000.0,0,0.0,1000.0
2026-05-26 17:40:00,157.60000610351562,1000.0,0,0.0,1000.0
2026-05-26 17:45:00,157.6300048828125,1000.0,0,0.0,1000.0
2026-05-26 17:50:00,157.50999450683594,1000.0,0,0.0,1000.0
2026-05-26 17:55:00,157.72000122070312,1000.0,0,0.0,1000.0
2026-05-26 18:00:00,158.02999877929688,1000.0,0,0.0,1000.0
2026-05-26 18:05:00,158.02999877929688,1000.0,0,0.0,1000.0
2026-05-26 18:10:00,158.02499389648438,1000.0,0,0.0,1000.0
2026-05-26 18:15:00,158.24000549316406,1000.0,0,0.0,1000.0
2026-05-26 18:20:00,158.32000732421875,1000.0,0,0.0,1000.0
2026-05-26 18:25:00,158.44000244140625,1000.0,0,0.0,1000.0
2026-05-26 18:30:00,158.60499572753906,1000.0,0,0.0,1000.0
2026-05-26 18:35:00,158.55999755859375,1000.0,0,0.0,1000.0
2026-05-26 18:40:00,158.57000732421875,1000.0,0,0.0,1000.0
2026-05-26 18:45:00,158.64999389648438,1000.0,0,0.0,1000.0
2026-05-26 18:50:00,158.6750030517578,1000.0,0,0.0,1000.0
2026-05-26 18:55:00,158.66000366210938,1000.0,0,0.0,1000.0
2026-05-26 19:00:00,158.5800018310547,1000.0,0,0.0,1000.0
2026-05-26 19:05:00,158.52999877929688,1000.0,0,0.0,1000.0
2026-05-26 19:10:00,158.38999938964844,1000.0,0,0.0,1000.0
2026-05-26 19:15:00,158.6300048828125,1000.0,0,0.0,1000.0
2026-05-26 19:20:00,158.6699981689453,1000.0,0,0.0,1000.0
2026-05-26 19:25:00,158.44000244140625,1000.0,0,0.0,1000.0
2026-05-26 19:30:00,158.6300048828125,1000.0,0,0.0,1000.0
2026-05-26 19:35:00,158.6199951171875,1000.0,0,0.0,1000.0
2026-05-26 19:40:00,158.66000366210938,1000.0,0,0.0,1000.0
2026-05-26 19:45:00,158.63999938964844,1000.0,0,0.0,1000.0
2026-05-26 19:50:00,158.58999633789062,1000.0,0,0.0,1000.0
2026-05-26 19:55:00,158.60000610351562,1000.0,0,0.0,1000.0
2026-05-27 13:30:00,158.8300018310547,1000.0,0,0.0,1000.0
2026-05-27 13:35:00,157.61000061035156,1000.0,0,0.0,1000.0
2026-05-27 13:40:00,155.9199981689453,1000.0,0,0.0,1000.0
2026-05-27 13:45:00,155.94000244140625,1000.0,0,0.0,1000.0
2026-05-27 13:50:00,157.61000061035156,1000.0,0,0.0,1000.0
2026-05-27 13:55:00,156.89999389648438,1000.0,0,0.0,1000.0
2026-05-27 14:00:00,157.07000732421875,1000.0,0,0.0,1000.0
2026-05-27 14:05:00,157.5500030517578,1000.0,0,0.0,1000.0
2026-05-27 14:10:00,157.97000122070312,1000.0,0,0.0,1000.0
2026-05-27 14:15:00,158.5050048828125,1000.0,0,0.0,1000.0
2026-05-27 14:20:00,157.77000427246094,1000.0,0,0.0,1000.0
2026-05-27 14:25:00,158.08999633789062,1000.0,0,0.0,1000.0
2026-05-27 14:30:00,158.11000061035156,1000.0,0,0.0,1000.0
2026-05-27 14:35:00,158.08999633789062,1000.0,0,0.0,1000.0
2026-05-27 14:40:00,157.97000122070312,1000.0,0,0.0,1000.0
2026-05-27 14:45:00,157.7899932861328,1000.0,0,0.0,1000.0
2026-05-27 14:50:00,157.58999633789062,1000.0,0,0.0,1000.0
2026-05-27 14:55:00,157.43499755859375,1000.0,0,0.0,1000.0
2026-05-27 15:00:00,157.8300018310547,1000.0,0,0.0,1000.0
2026-05-27 15:05:00,157.7050018310547,1000.0,0,0.0,1000.0
2026-05-27 15:10:00,157.38499450683594,1000.0,0,0.0,1000.0
2026-05-27 15:15:00,157.34750366210938,1000.0,0,0.0,1000.0
2026-05-27 15:20:00,157.34500122070312,1000.0,0,0.0,1000.0
2026-05-27 15:25:00,157.03500366210938,1000.0,0,0.0,1000.0
2026-05-27 15:30:00,157.36000061035156,1000.0,0,0.0,1000.0
2026-05-27 15:35:00,157.1699981689453,1000.0,0,0.0,1000.0
2026-05-27 15:40:00,157.25,1000.0,0,0.0,1000.0
2026-05-27 15:45:00,157.30499267578125,1000.0,0,0.0,1000.0
2026-05-27 15:50:00,157.49000549316406,1000.0,0,0.0,1000.0
2026-05-27 15:55:00,157.65499877929688,1000.0,0,0.0,1000.0
2026-05-27 16:00:00,157.30999755859375,1000.0,0,0.0,1000.0
2026-05-27 16:05:00,157.30999755859375,1000.0,0,0.0,1000.0
2026-05-27 16:10:00,157.3800048828125,1000.0,0,0.0,1000.0
2026-05-27 16:15:00,157.24000549316406,1000.0,0,0.0,1000.0
2026-05-27 16:20:00,157.25999450683594,1000.0,0,0.0,1000.0
2026-05-27 16:25:00,157.1999969482422,1000.0,0,0.0,1000.0
2026-05-27 16:30:00,157.72000122070312,1000.0,0,0.0,1000.0
2026-05-27 16:35:00,157.4499969482422,1000.0,0,0.0,1000.0
2026-05-27 16:40:00,157.49000549316406,1000.0,0,0.0,1000.0
2026-05-27 16:45:00,157.52999877929688,1000.0,0,0.0,1000.0
2026-05-27 16:50:00,157.5399932861328,1000.0,0,0.0,1000.0
2026-05-27 16:55:00,157.44000244140625,1000.0,0,0.0,1000.0
2026-05-27 17:00:00,157.4600067138672,1000.0,0,0.0,1000.0
2026-05-27 17:05:00,157.2899932861328,1000.0,0,0.0,1000.0
2026-05-27 17:10:00,157.34500122070312,1000.0,0,0.0,1000.0
2026-05-27 17:15:00,157.5800018310547,1000.0,0,0.0,1000.0
2026-05-27 17:20:00,157.78250122070312,1000.0,0,0.0,1000.0
2026-05-27 17:25:00,158.02999877929688,1000.0,0,0.0,1000.0
2026-05-27 17:30:00,158.02000427246094,1000.0,0,0.0,1000.0
2026-05-27 17:35:00,157.5500030517578,1000.0,0,0.0,1000.0
2026-05-27 17:40:00,157.63499450683594,1000.0,0,0.0,1000.0
2026-05-27 17:45:00,157.5850067138672,1000.0,0,0.0,1000.0
2026-05-27 17:50:00,157.64999389648438,1000.0,0,0.0,1000.0
2026-05-27 17:55:00,157.875,1000.0,0,0.0,1000.0
2026-05-27 18:00:00,157.6999969482422,1000.0,0,0.0,1000.0
2026-05-27 18:05:00,157.71499633789062,1000.0,0,0.0,1000.0
2026-05-27 18:10:00,157.5449981689453,1000.0,0,0.0,1000.0
2026-05-27 18:15:00,157.74000549316406,1000.0,0,0.0,1000.0
2026-05-27 18:20:00,157.63999938964844,1000.0,0,0.0,1000.0
2026-05-27 18:25:00,157.71499633789062,1000.0,0,0.0,1000.0
2026-05-27 18:30:00,157.75999450683594,1000.0,0,0.0,1000.0
2026-05-27 18:35:00,157.82000732421875,1000.0,0,0.0,1000.0
2026-05-27 18:40:00,157.89999389648438,1000.0,0,0.0,1000.0
2026-05-27 18:45:00,157.91000366210938,1000.0,0,0.0,1000.0
2026-05-27 18:50:00,157.9499969482422,1000.0,0,0.0,1000.0
2026-05-27 18:55:00,157.96499633789062,1000.0,0,0.0,1000.0
2026-05-27 19:00:00,157.9199981689453,1000.0,0,0.0,1000.0
2026-05-27 19:05:00,157.9600067138672,1000.0,0,0.0,1000.0
2026-05-27 19:10:00,157.88999938964844,1000.0,0,0.0,1000.0
2026-05-27 19:15:00,157.81500244140625,1000.0,0,0.0,1000.0
2026-05-27 19:20:00,157.89999389648438,1000.0,0,0.0,1000.0
2026-05-27 19:25:00,157.77000427246094,1000.0,0,0.0,1000.0
2026-05-27 19:30:00,157.91000366210938,1000.0,0,0.0,1000.0
2026-05-27 19:35:00,157.78500366210938,1000.0,0,0.0,1000.0
2026-05-27 19:40:00,157.5749969482422,1000.0,0,0.0,1000.0
2026-05-27 19:45:00,157.33999633789062,1000.0,0,0.0,1000.0
2026-05-27 19:50:00,157.75,1000.0,0,0.0,1000.0
2026-05-27 19:55:00,157.8800048828125,1000.0,0,0.0,1000.0
2026-05-28 13:30:00,157.55499267578125,1000.0,0,0.0,1000.0
2026-05-28 13:35:00,157.8300018310547,1000.0,0,0.0,1000.0
2026-05-28 13:40:00,158.00999450683594,1000.0,0,0.0,1000.0
2026-05-28 13:45:00,157.97999572753906,1000.0,0,0.0,1000.0
2026-05-28 13:50:00,158.0850067138672,1000.0,0,0.0,1000.0
2026-05-28 13:55:00,157.11000061035156,1000.0,0,0.0,1000.0
2026-05-28 14:00:00,156.8699951171875,1000.0,0,0.0,1000.0
2026-05-28 14:05:00,156.2100067138672,1000.0,0,0.0,1000.0
2026-05-28 14:10:00,158.0500030517578,1000.0,0,0.0,1000.0
2026-05-28 14:15:00,157.07000732421875,1000.0,0,0.0,1000.0
2026-05-28 14:20:00,157.13999938964844,1000.0,0,0.0,1000.0
2026-05-28 14:25:00,157.22999572753906,1000.0,0,0.0,1000.0
2026-05-28 14:30:00,156.63999938964844,1000.0,0,0.0,1000.0
2026-05-28 14:35:00,156.94000244140625,1000.0,0,0.0,1000.0
2026-05-28 14:40:00,156.5500030517578,1000.0,0,0.0,1000.0
2026-05-28 14:45:00,156.52999877929688,1000.0,0,0.0,1000.0
2026-05-28 14:50:00,156.85000610351562,1000.0,0,0.0,1000.0
2026-05-28 14:55:00,156.7100067138672,1000.0,0,0.0,1000.0
2026-05-28 15:00:00,156.81500244140625,1000.0,0,0.0,1000.0
2026-05-28 15:05:00,156.94500732421875,1000.0,0,0.0,1000.0
2026-05-28 15:10:00,156.9774932861328,1000.0,0,0.0,1000.0
2026-05-28 15:15:00,156.8800048828125,1000.0,0,0.0,1000.0
2026-05-28 15:20:00,156.61000061035156,1000.0,0,0.0,1000.0
2026-05-28 15:25:00,156.74000549316406,1000.0,0,0.0,1000.0
2026-05-28 15:30:00,156.55999755859375,1000.0,0,0.0,1000.0
2026-05-28 15:35:00,156.42999267578125,1000.0,0,0.0,1000.0
2026-05-28 15:40:00,156.6699981689453,1000.0,0,0.0,1000.0
2026-05-28 15:45:00,156.64999389648438,1000.0,0,0.0,1000.0
2026-05-28 15:50:00,156.8000030517578,1000.0,0,0.0,1000.0
2026-05-28 15:55:00,156.6649932861328,1000.0,0,0.0,1000.0
2026-05-28 16:00:00,156.75999450683594,1000.0,0,0.0,1000.0
2026-05-28 16:05:00,156.91000366210938,1000.0,0,0.0,1000.0
2026-05-28 16:10:00,156.99000549316406,1000.0,0,0.0,1000.0
2026-05-28 16:15:00,156.97999572753906,1000.0,0,0.0,1000.0
2026-05-28 16:20:00,157.0749969482422,1000.0,0,0.0,1000.0
2026-05-28 16:25:00,157.0800018310547,1000.0,0,0.0,1000.0
2026-05-28 16:30:00,157.7100067138672,1000.0,0,0.0,1000.0
2026-05-28 16:35:00,157.61000061035156,1000.0,0,0.0,1000.0
2026-05-28 16:40:00,157.7100067138672,1000.0,0,0.0,1000.0
2026-05-28 16:45:00,157.9199981689453,1000.0,0,0.0,1000.0
2026-05-28 16:50:00,158.0399932861328,1000.0,0,0.0,1000.0
2026-05-28 16:55:00,157.90499877929688,1000.0,0,0.0,1000.0
2026-05-28 17:00:00,158.0399932861328,1000.0,0,0.0,1000.0
2026-05-28 17:05:00,157.89999389648438,1000.0,0,0.0,1000.0
2026-05-28 17:10:00,158.08999633789062,1000.0,0,0.0,1000.0
2026-05-28 17:15:00,157.99000549316406,1000.0,0,0.0,1000.0
2026-05-28 17:20:00,158.05999755859375,1000.0,0,0.0,1000.0
2026-05-28 17:25:00,158.1199951171875,1000.0,0,0.0,1000.0
2026-05-28 17:30:00,158.1300048828125,1000.0,0,0.0,1000.0
2026-05-28 17:35:00,158.0,1000.0,0,0.0,1000.0
2026-05-28 17:40:00,157.8300018310547,1000.0,0,0.0,1000.0
2026-05-28 17:45:00,157.7899932861328,1000.0,0,0.0,1000.0
2026-05-28 17:50:00,157.8300018310547,1000.0,0,0.0,1000.0
2026-05-28 17:55:00,157.82000732421875,1000.0,0,0.0,1000.0
2026-05-28 18:00:00,157.97999572753906,1000.0,0,0.0,1000.0
2026-05-28 18:05:00,158.01499938964844,1000.0,0,0.0,1000.0
2026-05-28 18:10:00,158.10000610351562,1000.0,0,0.0,1000.0
2026-05-28 18:15:00,158.07000732421875,1000.0,0,0.0,1000.0
2026-05-28 18:20:00,158.24000549316406,1000.0,0,0.0,1000.0
2026-05-28 18:25:00,158.4199981689453,1000.0,0,0.0,1000.0
2026-05-28 18:30:00,158.2100067138672,1000.0,0,0.0,1000.0
2026-05-28 18:35:00,158.24000549316406,1000.0,0,0.0,1000.0
2026-05-28 18:40:00,158.09249877929688,1000.0,0,0.0,1000.0
2026-05-28 18:45:00,157.92999267578125,1000.0,0,0.0,1000.0
2026-05-28 18:50:00,158.19000244140625,1000.0,0,0.0,1000.0
2026-05-28 18:55:00,158.42999267578125,1000.0,0,0.0,1000.0
2026-05-28 19:00:00,158.4199981689453,1000.0,0,0.0,1000.0
2026-05-28 19:05:00,158.4199981689453,1000.0,0,0.0,1000.0
2026-05-28 19:10:00,158.32000732421875,1000.0,0,0.0,1000.0
2026-05-28 19:15:00,158.46499633789062,1000.0,0,0.0,1000.0
2026-05-28 19:20:00,158.40989685058594,1000.0,0,0.0,1000.0
2026-05-28 19:25:00,158.44000244140625,1000.0,0,0.0,1000.0
2026-05-28 19:30:00,158.51499938964844,1000.0,0,0.0,1000.0
2026-05-28 19:35:00,158.3000030517578,1000.0,0,0.0,1000.0
2026-05-28 19:40:00,158.0800018310547,1000.0,0,0.0,1000.0
2026-05-28 19:45:00,157.9199981689453,1000.0,0,0.0,1000.0
2026-05-28 19:50:00,158.4149932861328,1000.0,0,0.0,1000.0
2026-05-28 19:55:00,157.6300048828125,1000.0,0,0.0,1000.0
2026-05-29 13:30:00,157.9250030517578,1000.0,0,0.0,1000.0
2026-05-29 13:35:00,158.28990173339844,1000.0,0,0.0,1000.0
2026-05-29 13:40:00,157.6300048828125,1000.0,0,0.0,1000.0
2026-05-29 13:45:00,158.625,1000.0,0,0.0,1000.0
2026-05-29 13:50:00,158.55999755859375,1000.0,0,0.0,1000.0
2026-05-29 13:55:00,158.22000122070312,1000.0,0,0.0,1000.0
2026-05-29 14:00:00,157.75999450683594,1000.0,0,0.0,1000.0
2026-05-29 14:05:00,157.9600067138672,1000.0,0,0.0,1000.0
2026-05-29 14:10:00,157.6300048828125,1000.0,0,0.0,1000.0
2026-05-29 14:15:00,157.2899932861328,1000.0,0,0.0,1000.0
2026-05-29 14:20:00,156.99000549316406,1000.0,0,0.0,1000.0
2026-05-29 14:25:00,156.91000366210938,1000.0,0,0.0,1000.0
2026-05-29 14:30:00,156.88999938964844,1000.0,0,0.0,1000.0
2026-05-29 14:35:00,156.92999267578125,1000.0,0,0.0,1000.0
2026-05-29 14:40:00,157.00999450683594,1000.0,0,0.0,1000.0
2026-05-29 14:45:00,156.75,1000.0,0,0.0,1000.0
2026-05-29 14:50:00,157.32000732421875,1000.0,0,0.0,1000.0
2026-05-29 14:55:00,157.14999389648438,1000.0,0,0.0,1000.0
2026-05-29 15:00:00,157.40499877929688,1000.0,0,0.0,1000.0
2026-05-29 15:05:00,157.08999633789062,1000.0,0,0.0,1000.0
2026-05-29 15:10:00,157.14999389648438,1000.0,0,0.0,1000.0
2026-05-29 15:15:00,156.6999969482422,1000.0,0,0.0,1000.0
2026-05-29 15:20:00,156.83999633789062,1000.0,0,0.0,1000.0
2026-05-29 15:25:00,156.90499877929688,1000.0,0,0.0,1000.0
2026-05-29 15:30:00,156.86000061035156,1000.0,0,0.0,1000.0
2026-05-29 15:35:00,157.07000732421875,1000.0,0,0.0,1000.0
2026-05-29 15:40:00,156.76499938964844,1000.0,0,0.0,1000.0
2026-05-29 15:45:00,156.61000061035156,1000.0,0,0.0,1000.0
2026-05-29 15:50:00,156.82000732421875,1000.0,0,0.0,1000.0
2026-05-29 15:55:00,156.86500549316406,1000.0,0,0.0,1000.0
2026-05-29 16:00:00,156.60000610351562,1000.0,0,0.0,1000.0
2026-05-29 16:05:00,156.6999969482422,1000.0,0,0.0,1000.0
2026-05-29 16:10:00,156.94000244140625,1000.0,0,0.0,1000.0
2026-05-29 16:15:00,156.6199951171875,1000.0,0,0.0,1000.0
2026-05-29 16:20:00,156.52999877929688,1000.0,0,0.0,1000.0
2026-05-29 16:25:00,156.42999267578125,1000.0,0,0.0,1000.0
2026-05-29 16:30:00,156.82000732421875,1000.0,0,0.0,1000.0
2026-05-29 16:35:00,156.47999572753906,1000.0,0,0.0,1000.0
2026-05-29 16:40:00,156.32000732421875,1000.0,0,0.0,1000.0
2026-05-29 16:45:00,156.44500732421875,1000.0,0,0.0,1000.0
2026-05-29 16:50:00,156.52999877929688,1000.0,0,0.0,1000.0
2026-05-29 16:55:00,156.5399932861328,1000.0,0,0.0,1000.0
2026-05-29 17:00:00,156.64999389648438,1000.0,0,0.0,1000.0
2026-05-29 17:05:00,156.5800018310547,1000.0,0,0.0,1000.0
2026-05-29 17:10:00,156.39999389648438,1000.0,0,0.0,1000.0
2026-05-29 17:15:00,156.73500061035156,1000.0,0,0.0,1000.0
2026-05-29 17:20:00,156.64999389648438,1000.0,0,0.0,1000.0
2026-05-29 17:25:00,156.58999633789062,1000.0,0,0.0,1000.0
2026-05-29 17:30:00,156.82000732421875,1000.0,0,0.0,1000.0
2026-05-29 17:35:00,156.8699951171875,1000.0,0,0.0,1000.0
2026-05-29 17:40:00,156.74000549316406,1000.0,0,0.0,1000.0
2026-05-29 17:45:00,156.69000244140625,1000.0,0,0.0,1000.0
2026-05-29 17:50:00,156.66000366210938,1000.0,0,0.0,1000.0
2026-05-29 17:55:00,156.6999969482422,1000.0,0,0.0,1000.0
2026-05-29 18:00:00,156.7100067138672,1000.0,0,0.0,1000.0
2026-05-29 18:05:00,156.72999572753906,1000.0,0,0.0,1000.0
2026-05-29 18:10:00,156.64999389648438,1000.0,0,0.0,1000.0
2026-05-29 18:15:00,156.73500061035156,1000.0,0,0.0,1000.0
2026-05-29 18:20:00,156.62010192871094,1000.0,0,0.0,1000.0
2026-05-29 18:25:00,156.4199981689453,1000.0,0,0.0,1000.0
2026-05-29 18:30:00,156.49000549316406,1000.0,0,0.0,1000.0
2026-05-29 18:35:00,156.66000366210938,1000.0,0,0.0,1000.0
2026-05-29 18:40:00,156.4499969482422,1000.0,0,0.0,1000.0
2026-05-29 18:45:00,156.4199981689453,1000.0,0,0.0,1000.0
2026-05-29 18:50:00,155.81500244140625,1000.0,0,0.0,1000.0
2026-05-29 18:55:00,155.77999877929688,1000.0,0,0.0,1000.0
2026-05-29 19:00:00,155.64999389648438,1000.0,0,0.0,1000.0
2026-05-29 19:05:00,155.9600067138672,1000.0,0,0.0,1000.0
2026-05-29 19:10:00,155.53500366210938,1000.0,0,0.0,1000.0
2026-05-29 19:15:00,155.63999938964844,1000.0,0,0.0,1000.0
2026-05-29 19:20:00,155.51429748535156,1000.0,0,0.0,1000.0
2026-05-29 19:25:00,155.55999755859375,1000.0,0,0.0,1000.0
2026-05-29 19:30:00,155.64999389648438,1000.0,0,0.0,1000.0
2026-05-29 19:35:00,155.47000122070312,1000.0,0,0.0,1000.0
2026-05-29 19:40:00,155.3249969482422,1000.0,0,0.0,1000.0
2026-05-29 19:45:00,155.1750030517578,1000.0,0,0.0,1000.0
2026-05-29 19:50:00,155.22000122070312,1000.0,0,0.0,1000.0
2026-05-29 19:55:00,155.7100067138672,1000.0,0,0.0,1000.0
2026-06-01 13:30:00,156.67999267578125,1000.0,0,0.0,1000.0
2026-06-01 13:35:00,157.3000030517578,1000.0,0,0.0,1000.0
2026-06-01 13:40:00,157.91000366210938,1000.0,0,0.0,1000.0
2026-06-01 13:45:00,157.47000122070312,1000.0,0,0.0,1000.0
2026-06-01 13:50:00,157.07000732421875,1000.0,0,0.0,1000.0
2026-06-01 13:55:00,157.51499938964844,1000.0,0,0.0,1000.0
2026-06-01 14:00:00,157.30999755859375,1000.0,0,0.0,1000.0
2026-06-01 14:05:00,157.63999938964844,1000.0,0,0.0,1000.0
2026-06-01 14:10:00,157.75,1000.0,0,0.0,1000.0
2026-06-01 14:15:00,157.83999633789062,1000.0,0,0.0,1000.0
2026-06-01 14:20:00,157.7100067138672,1000.0,0,0.0,1000.0
2026-06-01 14:25:00,157.75999450683594,1000.0,0,0.0,1000.0
2026-06-01 14:30:00,157.50999450683594,1000.0,0,0.0,1000.0
2026-06-01 14:35:00,157.21499633789062,1000.0,0,0.0,1000.0
2026-06-01 14:40:00,157.27999877929688,1000.0,0,0.0,1000.0
2026-06-01 14:45:00,156.9600067138672,1000.0,0,0.0,1000.0
2026-06-01 14:50:00,157.0554962158203,1000.0,0,0.0,1000.0
2026-06-01 14:55:00,157.13499450683594,1000.0,0,0.0,1000.0
2026-06-01 15:00:00,157.22000122070312,1000.0,0,0.0,1000.0
2026-06-01 15:05:00,157.22999572753906,1000.0,0,0.0,1000.0
2026-06-01 15:10:00,157.52499389648438,1000.0,0,0.0,1000.0
2026-06-01 15:15:00,157.3000030517578,1000.0,0,0.0,1000.0
2026-06-01 15:20:00,157.32000732421875,1000.0,0,0.0,1000.0
2026-06-01 15:25:00,157.33999633789062,1000.0,0,0.0,1000.0
2026-06-01 15:30:00,157.7899932861328,1000.0,0,0.0,1000.0
2026-06-01 15:35:00,157.83999633789062,1000.0,0,0.0,1000.0
2026-06-01 15:40:00,157.75999450683594,1000.0,0,0.0,1000.0
2026-06-01 15:45:00,157.5850067138672,1000.0,0,0.0,1000.0
2026-06-01 15:50:00,157.5800018310547,1000.0,0,0.0,1000.0
2026-06-01 15:55:00,157.52999877929688,1000.0,0,0.0,1000.0
2026-06-01 16:00:00,157.80999755859375,1000.0,0,0.0,1000.0
2026-06-01 16:05:00,157.875,1000.0,0,0.0,1000.0
2026-06-01 16:10:00,157.75999450683594,1000.0,0,0.0,1000.0
2026-06-01 16:15:00,157.8249969482422,1000.0,0,0.0,1000.0
2026-06-01 16:20:00,157.88999938964844,1000.0,0,0.0,1000.0
2026-06-01 16:25:00,157.64999389648438,1000.0,0,0.0,1000.0
2026-06-01 16:30:00,157.61419677734375,1000.0,0,0.0,1000.0
2026-06-01 16:35:00,157.7899932861328,1000.0,0,0.0,1000.0
2026-06-01 16:40:00,157.99000549316406,1000.0,0,0.0,1000.0
2026-06-01 16:45:00,157.99000549316406,1000.0,0,0.0,1000.0
2026-06-01 16:50:00,158.0800018310547,1000.0,0,0.0,1000.0
2026-06-01 16:55:00,158.1699981689453,1000.0,0,0.0,1000.0
2026-06-01 17:00:00,158.19000244140625,1000.0,0,0.0,1000.0
2026-06-01 17:05:00,158.13999938964844,1000.0,0,0.0,1000.0
2026-06-01 17:10:00,157.97999572753906,1000.0,0,0.0,1000.0
2026-06-01 17:15:00,158.27000427246094,1000.0,0,0.0,1000.0
2026-06-01 17:20:00,158.22000122070312,1000.0,0,0.0,1000.0
2026-06-01 17:25:00,158.39999389648438,1000.0,0,0.0,1000.0
2026-06-01 17:30:00,158.39999389648438,1000.0,0,0.0,1000.0
2026-06-01 17:35:00,158.5,1000.0,0,0.0,1000.0
2026-06-01 17:40:00,158.57000732421875,1000.0,0,0.0,1000.0
2026-06-01 17:45:00,158.61000061035156,1000.0,0,0.0,1000.0
2026-06-01 17:50:00,158.49000549316406,1000.0,0,0.0,1000.0
2026-06-01 17:55:00,158.67999267578125,1000.0,0,0.0,1000.0
2026-06-01 18:00:00,158.68499755859375,1000.0,0,0.0,1000.0
2026-06-01 18:05:00,159.07000732421875,1000.0,0,0.0,1000.0
2026-06-01 18:10:00,158.92999267578125,1000.0,0,0.0,1000.0
2026-06-01 18:15:00,158.98500061035156,1000.0,0,0.0,1000.0
2026-06-01 18:20:00,159.13499450683594,1000.0,0,0.0,1000.0
2026-06-01 18:25:00,159.08999633789062,1000.0,0,0.0,1000.0
2026-06-01 18:30:00,158.9600067138672,1000.0,0,0.0,1000.0
2026-06-01 18:35:00,159.01499938964844,1000.0,0,0.0,1000.0
2026-06-01 18:40:00,159.2100067138672,1000.0,0,0.0,1000.0
2026-06-01 18:45:00,159.22500610351562,1000.0,0,0.0,1000.0
2026-06-01 18:50:00,159.34500122070312,1000.0,0,0.0,1000.0
2026-06-01 18:55:00,159.3300018310547,1000.0,0,0.0,1000.0
2026-06-01 19:00:00,159.27000427246094,1000.0,0,0.0,1000.0
2026-06-01 19:05:00,159.1750030517578,1000.0,0,0.0,1000.0
2026-06-01 19:10:00,159.02499389648438,1000.0,0,0.0,1000.0
2026-06-01 19:15:00,159.30999755859375,1000.0,0,0.0,1000.0
2026-06-01 19:20:00,159.39500427246094,1000.0,0,0.0,1000.0
2026-06-01 19:25:00,159.60000610351562,1000.0,0,0.0,1000.0
2026-06-01 19:30:00,159.69000244140625,1000.0,0,0.0,1000.0
2026-06-01 19:35:00,159.57000732421875,1000.0,0,0.0,1000.0
2026-06-01 19:40:00,160.02000427246094,1000.0,0,0.0,1000.0
2026-06-01 19:45:00,160.02000427246094,1000.0,0,0.0,1000.0
2026-06-01 19:50:00,159.55999755859375,1000.0,0,0.0,1000.0
2026-06-01 19:55:00,159.77999877929688,1000.0,0,0.0,1000.0
2026-06-02 13:30:00,160.52000427246094,1000.0,0,0.0,1000.0
2026-06-02 13:35:00,161.3000030517578,1000.0,0,0.0,1000.0
2026-06-02 13:40:00,161.0800018310547,1000.0,0,0.0,1000.0
2026-06-02 13:45:00,161.02000427246094,1000.0,0,0.0,1000.0
2026-06-02 13:50:00,160.72500610351562,1000.0,0,0.0,1000.0
2026-06-02 13:55:00,160.52000427246094,1000.0,0,0.0,1000.0
2026-06-02 14:00:00,160.29129028320312,1000.0,0,0.0,1000.0
2026-06-02 14:05:00,160.27000427246094,1000.0,0,0.0,1000.0
2026-06-02 14:10:00,159.92999267578125,1000.0,0,0.0,1000.0
2026-06-02 14:15:00,159.22999572753906,1000.0,0,0.0,1000.0
2026-06-02 14:20:00,159.75,1000.0,0,0.0,1000.0
2026-06-02 14:25:00,159.25,1000.0,0,0.0,1000.0
2026-06-02 14:30:00,159.63999938964844,1000.0,0,0.0,1000.0
2026-06-02 14:35:00,159.55999755859375,1000.0,0,0.0,1000.0
2026-06-02 14:40:00,159.4199981689453,1000.0,0,0.0,1000.0
2026-06-02 14:45:00,160.15499877929688,1000.0,0,0.0,1000.0
2026-06-02 14:50:00,160.16000366210938,1000.0,0,0.0,1000.0
2026-06-02 14:55:00,160.39500427246094,1000.0,0,0.0,1000.0
2026-06-02 15:00:00,160.5800018310547,1000.0,0,0.0,1000.0
2026-06-02 15:05:00,160.85000610351562,1000.0,0,0.0,1000.0
2026-06-02 15:10:00,160.9499969482422,1000.0,0,0.0,1000.0
2026-06-02 15:15:00,160.92999267578125,1000.0,0,0.0,1000.0
2026-06-02 15:20:00,160.59500122070312,1000.0,0,0.0,1000.0
2026-06-02 15:25:00,160.6300048828125,1000.0,0,0.0,1000.0
2026-06-02 15:30:00,160.6199951171875,1000.0,0,0.0,1000.0
2026-06-02 15:35:00,160.58999633789062,1000.0,0,0.0,1000.0
2026-06-02 15:40:00,160.49249267578125,1000.0,0,0.0,1000.0
2026-06-02 15:45:00,160.3300018310547,1000.0,0,0.0,1000.0
2026-06-02 15:50:00,160.3000030517578,1000.0,0,0.0,1000.0
2026-06-02 15:55:00,160.38999938964844,1000.0,0,0.0,1000.0
2026-06-02 16:00:00,160.27499389648438,1000.0,0,0.0,1000.0
2026-06-02 16:05:00,160.4550018310547,1000.0,0,0.0,1000.0
2026-06-02 16:10:00,160.35000610351562,1000.0,0,0.0,1000.0
2026-06-02 16:15:00,160.19500732421875,1000.0,0,0.0,1000.0
2026-06-02 16:20:00,160.38999938964844,1000.0,0,0.0,1000.0
2026-06-02 16:25:00,160.2698974609375,1000.0,0,0.0,1000.0
2026-06-02 16:30:00,160.15499877929688,1000.0,0,0.0,1000.0
2026-06-02 16:35:00,160.3800048828125,1000.0,0,0.0,1000.0
2026-06-02 16:40:00,160.58999633789062,1000.0,0,0.0,1000.0
2026-06-02 16:45:00,160.48500061035156,1000.0,0,0.0,1000.0
2026-06-02 16:50:00,160.64999389648438,1000.0,0,0.0,1000.0
2026-06-02 16:55:00,160.8000030517578,1000.0,0,0.0,1000.0
2026-06-02 17:00:00,160.7899932861328,1000.0,0,0.0,1000.0
2026-06-02 17:05:00,160.69500732421875,1000.0,0,0.0,1000.0
2026-06-02 17:10:00,160.6699981689453,1000.0,0,0.0,1000.0
2026-06-02 17:15:00,160.63499450683594,1000.0,0,0.0,1000.0
2026-06-02 17:20:00,160.55999755859375,1000.0,0,0.0,1000.0
2026-06-02 17:25:00,160.44000244140625,1000.0,0,0.0,1000.0
2026-06-02 17:30:00,160.69500732421875,1000.0,0,0.0,1000.0
2026-06-02 17:35:00,160.57000732421875,1000.0,0,0.0,1000.0
2026-06-02 17:40:00,160.4199981689453,1000.0,0,0.0,1000.0
2026-06-02 17:45:00,160.5,1000.0,0,0.0,1000.0
2026-06-02 17:50:00,160.3800048828125,1000.0,0,0.0,1000.0
2026-06-02 17:55:00,160.36500549316406,1000.0,0,0.0,1000.0
2026-06-02 18:00:00,160.32000732421875,1000.0,0,0.0,1000.0
2026-06-02 18:05:00,160.3800048828125,1000.0,0,0.0,1000.0
2026-06-02 18:10:00,160.50999450683594,1000.0,0,0.0,1000.0
2026-06-02 18:15:00,160.6199951171875,1000.0,0,0.0,1000.0
2026-06-02 18:20:00,160.6699981689453,1000.0,0,0.0,1000.0
2026-06-02 18:25:00,160.6999969482422,1000.0,0,0.0,1000.0
2026-06-02 18:30:00,160.6699981689453,1000.0,0,0.0,1000.0
2026-06-02 18:35:00,160.52999877929688,1000.0,0,0.0,1000.0
2026-06-02 18:40:00,160.52999877929688,1000.0,0,0.0,1000.0
2026-06-02 18:45:00,160.47000122070312,1000.0,0,0.0,1000.0
2026-06-02 18:50:00,160.42999267578125,1000.0,0,0.0,1000.0
2026-06-02 18:55:00,160.55499267578125,1000.0,0,0.0,1000.0
2026-06-02 19:00:00,160.4199981689453,1000.0,0,0.0,1000.0
2026-06-02 19:05:00,160.69000244140625,1000.0,0,0.0,1000.0
2026-06-02 19:10:00,160.4499969482422,1000.0,0,0.0,1000.0
2026-06-02 19:15:00,160.39999389648438,1000.0,0,0.0,1000.0
2026-06-02 19:20:00,160.57000732421875,1000.0,0,0.0,1000.0
2026-06-02 19:25:00,160.60000610351562,1000.0,0,0.0,1000.0
2026-06-02 19:30:00,160.77499389648438,1000.0,0,0.0,1000.0
2026-06-02 19:35:00,160.5749969482422,1000.0,0,0.0,1000.0
2026-06-02 19:40:00,160.4499969482422,1000.0,0,0.0,1000.0
2026-06-02 19:45:00,160.36000061035156,1000.0,0,0.0,1000.0
2026-06-02 19:50:00,160.27000427246094,1000.0,0,0.0,1000.0
2026-06-02 19:55:00,159.8000030517578,1000.0,0,0.0,1000.0
2026-06-03 13:30:00,158.02999877929688,1000.0,0,0.0,1000.0
2026-06-03 13:35:00,156.13999938964844,1000.0,0,0.0,1000.0
2026-06-03 13:40:00,156.3300018310547,1000.0,0,0.0,1000.0
2026-06-03 13:45:00,156.55999755859375,1000.0,0,0.0,1000.0
2026-06-03 13:50:00,157.13499450683594,1000.0,0,0.0,1000.0
2026-06-03 13:55:00,157.58999633789062,1000.0,0,0.0,1000.0
2026-06-03 14:00:00,157.6750030517578,1000.0,0,0.0,1000.0
2026-06-03 14:05:00,157.85499572753906,1000.0,0,0.0,1000.0
2026-06-03 14:10:00,157.4499969482422,1000.0,0,0.0,1000.0
2026-06-03 14:15:00,156.63499450683594,1000.0,0,0.0,1000.0
2026-06-03 14:20:00,157.22000122070312,1000.0,0,0.0,1000.0
2026-06-03 14:25:00,157.41000366210938,1000.0,0,0.0,1000.0
2026-06-03 14:30:00,157.66000366210938,1000.0,0,0.0,1000.0
2026-06-03 14:35:00,157.3300018310547,1000.0,0,0.0,1000.0
2026-06-03 14:40:00,157.13999938964844,1000.0,0,0.0,1000.0
2026-06-03 14:45:00,156.9600067138672,1000.0,0,0.0,1000.0
2026-06-03 14:50:00,157.07000732421875,1000.0,0,0.0,1000.0
2026-06-03 14:55:00,157.22999572753906,1000.0,0,0.0,1000.0
2026-06-03 15:00:00,157.1300048828125,1000.0,0,0.0,1000.0
2026-06-03 15:05:00,157.10000610351562,1000.0,0,0.0,1000.0
2026-06-03 15:10:00,157.1300048828125,1000.0,0,0.0,1000.0
2026-06-03 15:15:00,157.21499633789062,1000.0,0,0.0,1000.0
2026-06-03 15:20:00,157.0399932861328,1000.0,0,0.0,1000.0
2026-06-03 15:25:00,157.19000244140625,1000.0,0,0.0,1000.0
2026-06-03 15:30:00,157.19000244140625,1000.0,0,0.0,1000.0
2026-06-03 15:35:00,157.13999938964844,1000.0,0,0.0,1000.0
2026-06-03 15:40:00,157.05999755859375,1000.0,0,0.0,1000.0
2026-06-03 15:45:00,157.05999755859375,1000.0,0,0.0,1000.0
2026-06-03 15:50:00,156.8300018310547,1000.0,0,0.0,1000.0
2026-06-03 15:55:00,156.8800048828125,1000.0,0,0.0,1000.0
2026-06-03 16:00:00,157.14999389648438,1000.0,0,0.0,1000.0
2026-06-03 16:05:00,157.25,1000.0,0,0.0,1000.0
2026-06-03 16:10:00,157.4199981689453,1000.0,0,0.0,1000.0
2026-06-03 16:15:00,157.4550018310547,1000.0,0,0.0,1000.0
2026-06-03 16:20:00,157.47000122070312,1000.0,0,0.0,1000.0
2026-06-03 16:25:00,157.72000122070312,1000.0,0,0.0,1000.0
2026-06-03 16:30:00,157.80999755859375,1000.0,0,0.0,1000.0
2026-06-03 16:35:00,157.74000549316406,1000.0,0,0.0,1000.0
2026-06-03 16:40:00,157.82000732421875,1000.0,0,0.0,1000.0
2026-06-03 16:45:00,157.5800018310547,1000.0,0,0.0,1000.0
2026-06-03 16:50:00,157.72999572753906,1000.0,0,0.0,1000.0
2026-06-03 16:55:00,157.72000122070312,1000.0,0,0.0,1000.0
2026-06-03 17:00:00,157.88999938964844,1000.0,0,0.0,1000.0
2026-06-03 17:05:00,157.8498992919922,1000.0,0,0.0,1000.0
2026-06-03 17:10:00,157.77000427246094,1000.0,0,0.0,1000.0
2026-06-03 17:15:00,158.1199951171875,1000.0,0,0.0,1000.0
2026-06-03 17:20:00,157.9199981689453,1000.0,0,0.0,1000.0
2026-06-03 17:25:00,157.97000122070312,1000.0,0,0.0,1000.0
2026-06-03 17:30:00,158.0500030517578,1000.0,0,0.0,1000.0
2026-06-03 17:35:00,158.25999450683594,1000.0,0,0.0,1000.0
2026-06-03 17:40:00,157.9149932861328,1000.0,0,0.0,1000.0
2026-06-03 17:45:00,157.9250030517578,1000.0,0,0.0,1000.0
2026-06-03 17:50:00,158.10000610351562,1000.0,0,0.0,1000.0
2026-06-03 17:55:00,158.0500030517578,1000.0,0,0.0,1000.0
2026-06-03 18:00:00,158.2100067138672,1000.0,0,0.0,1000.0
2026-06-03 18:05:00,158.0,1000.0,0,0.0,1000.0
2026-06-03 18:10:00,158.16000366210938,1000.0,0,0.0,1000.0
2026-06-03 18:15:00,158.02999877929688,1000.0,0,0.0,1000.0
2026-06-03 18:20:00,158.0,1000.0,0,0.0,1000.0
2026-06-03 18:25:00,158.35000610351562,1000.0,0,0.0,1000.0
2026-06-03 18:30:00,158.42999267578125,1000.0,0,0.0,1000.0
2026-06-03 18:35:00,158.57000732421875,1000.0,0,0.0,1000.0
2026-06-03 18:40:00,158.61000061035156,1000.0,0,0.0,1000.0
2026-06-03 18:45:00,158.5399932861328,1000.0,0,0.0,1000.0
2026-06-03 18:50:00,158.55999755859375,1000.0,0,0.0,1000.0
2026-06-03 18:55:00,158.6999969482422,1000.0,0,0.0,1000.0
2026-06-03 19:00:00,158.52000427246094,1000.0,0,0.0,1000.0
2026-06-03 19:05:00,158.4499969482422,1000.0,0,0.0,1000.0
2026-06-03 19:10:00,158.1999969482422,1000.0,0,0.0,1000.0
2026-06-03 19:15:00,158.4199981689453,1000.0,0,0.0,1000.0
2026-06-03 19:20:00,158.3699951171875,1000.0,0,0.0,1000.0
2026-06-03 19:25:00,158.41000366210938,1000.0,0,0.0,1000.0
2026-06-03 19:30:00,158.27999877929688,1000.0,0,0.0,1000.0
2026-06-03 19:35:00,158.3000030517578,1000.0,0,0.0,1000.0
2026-06-03 19:40:00,158.4199981689453,1000.0,0,0.0,1000.0
2026-06-03 19:45:00,158.47999572753906,1000.0,0,0.0,1000.0
2026-06-03 19:50:00,158.0500030517578,1000.0,0,0.0,1000.0
2026-06-03 19:55:00,157.91000366210938,1000.0,0,0.0,1000.0
2026-06-04 13:30:00,158.47000122070312,1000.0,0,0.0,1000.0
2026-06-04 13:35:00,159.1199951171875,1000.0,0,0.0,1000.0
2026-06-04 13:40:00,159.75,1000.0,0,0.0,1000.0
2026-06-04 13:45:00,159.9600067138672,1000.0,0,0.0,1000.0
2026-06-04 13:50:00,160.02749633789062,1000.0,0,0.0,1000.0
2026-06-04 13:55:00,160.23500061035156,1000.0,0,0.0,1000.0
2026-06-04 14:00:00,160.39999389648438,1000.0,0,0.0,1000.0
2026-06-04 14:05:00,160.8800048828125,1000.0,0,0.0,1000.0
2026-06-04 14:10:00,160.55499267578125,1000.0,0,0.0,1000.0
2026-06-04 14:15:00,161.30999755859375,1000.0,0,0.0,1000.0
2026-06-04 14:20:00,162.11000061035156,1000.0,0,0.0,1000.0
2026-06-04 14:25:00,161.47250366210938,1000.0,0,0.0,1000.0
2026-06-04 14:30:00,161.41000366210938,1000.0,0,0.0,1000.0
2026-06-04 14:35:00,161.63999938964844,1000.0,0,0.0,1000.0
2026-06-04 14:40:00,161.50999450683594,1000.0,0,0.0,1000.0
2026-06-04 14:45:00,161.88499450683594,1000.0,0,0.0,1000.0
2026-06-04 14:50:00,162.11000061035156,1000.0,0,0.0,1000.0
2026-06-04 14:55:00,162.42999267578125,1000.0,0,0.0,1000.0
2026-06-04 15:00:00,162.82000732421875,1000.0,0,0.0,1000.0
2026-06-04 15:05:00,162.97000122070312,1000.0,0,0.0,1000.0
2026-06-04 15:10:00,162.71499633789062,1000.0,0,0.0,1000.0
2026-06-04 15:15:00,162.9250030517578,1000.0,0,0.0,1000.0
2026-06-04 15:20:00,163.1999969482422,1000.0,0,0.0,1000.0
2026-06-04 15:25:00,163.52000427246094,1000.0,0,0.0,1000.0
2026-06-04 15:30:00,163.50999450683594,1000.0,0,0.0,1000.0
2026-06-04 15:35:00,163.4199981689453,1000.0,0,0.0,1000.0
2026-06-04 15:40:00,163.00999450683594,1000.0,0,0.0,1000.0
2026-06-04 15:45:00,162.99000549316406,1000.0,0,0.0,1000.0
2026-06-04 15:50:00,162.9600067138672,1000.0,0,0.0,1000.0
2026-06-04 15:55:00,163.10499572753906,1000.0,0,0.0,1000.0
2026-06-04 16:00:00,162.9550018310547,1000.0,0,0.0,1000.0
2026-06-04 16:05:00,162.91000366210938,1000.0,0,0.0,1000.0
2026-06-04 16:10:00,162.92999267578125,1000.0,0,0.0,1000.0
2026-06-04 16:15:00,163.07000732421875,1000.0,0,0.0,1000.0
2026-06-04 16:20:00,163.11000061035156,1000.0,0,0.0,1000.0
2026-06-04 16:25:00,163.1199951171875,1000.0,0,0.0,1000.0
2026-06-04 16:30:00,163.44500732421875,1000.0,0,0.0,1000.0
2026-06-04 16:35:00,163.53500366210938,1000.0,0,0.0,1000.0
2026-06-04 16:40:00,163.75,1000.0,0,0.0,1000.0
2026-06-04 16:45:00,163.9250030517578,1000.0,0,0.0,1000.0
2026-06-04 16:50:00,163.8699951171875,1000.0,0,0.0,1000.0
2026-06-04 16:55:00,163.7100067138672,1000.0,0,0.0,1000.0
2026-06-04 17:00:00,163.58999633789062,1000.0,0,0.0,1000.0
2026-06-04 17:05:00,163.3000030517578,1000.0,0,0.0,1000.0
2026-06-04 17:10:00,163.24000549316406,1000.0,0,0.0,1000.0
2026-06-04 17:15:00,163.2100067138672,1000.0,0,0.0,1000.0
2026-06-04 17:20:00,163.22999572753906,1000.0,0,0.0,1000.0
2026-06-04 17:25:00,163.13499450683594,1000.0,0,0.0,1000.0
2026-06-04 17:30:00,162.98500061035156,1000.0,0,0.0,1000.0
2026-06-04 17:35:00,163.1199951171875,1000.0,0,0.0,1000.0
2026-06-04 17:40:00,163.27000427246094,1000.0,0,0.0,1000.0
2026-06-04 17:45:00,163.3699951171875,1000.0,0,0.0,1000.0
2026-06-04 17:50:00,163.34500122070312,1000.0,0,0.0,1000.0
2026-06-04 17:55:00,163.66000366210938,1000.0,0,0.0,1000.0
2026-06-04 18:00:00,163.52000427246094,1000.0,0,0.0,1000.0
2026-06-04 18:05:00,163.24000549316406,1000.0,0,0.0,1000.0
2026-06-04 18:10:00,163.35000610351562,1000.0,0,0.0,1000.0
2026-06-04 18:15:00,163.46499633789062,1000.0,0,0.0,1000.0
2026-06-04 18:20:00,163.41000366210938,1000.0,0,0.0,1000.0
2026-06-04 18:25:00,163.33999633789062,1000.0,0,0.0,1000.0
2026-06-04 18:30:00,163.35000610351562,1000.0,0,0.0,1000.0
2026-06-04 18:35:00,163.32000732421875,1000.0,0,0.0,1000.0
2026-06-04 18:40:00,163.27999877929688,1000.0,0,0.0,1000.0
2026-06-04 18:45:00,163.32000732421875,1000.0,0,0.0,1000.0
2026-06-04 18:50:00,163.32000732421875,1000.0,0,0.0,1000.0
2026-06-04 18:55:00,163.32000732421875,1000.0,0,0.0,1000.0
2026-06-04 19:00:00,163.36000061035156,1000.0,0,0.0,1000.0
2026-06-04 19:05:00,163.34500122070312,1000.0,0,0.0,1000.0
2026-06-04 19:10:00,163.09500122070312,1000.0,0,0.0,1000.0
2026-06-04 19:15:00,162.97999572753906,1000.0,0,0.0,1000.0
2026-06-04 19:20:00,163.14999389648438,1000.0,0,0.0,1000.0
2026-06-04 19:25:00,163.11000061035156,1000.0,0,0.0,1000.0
2026-06-04 19:30:00,163.05999755859375,1000.0,0,0.0,1000.0
2026-06-04 19:35:00,162.77999877929688,1000.0,0,0.0,1000.0
2026-06-04 19:40:00,162.5500030517578,1000.0,0,0.0,1000.0
2026-06-04 19:45:00,162.74000549316406,1000.0,0,0.0,1000.0
2026-06-04 19:50:00,162.7100067138672,1000.0,0,0.0,1000.0
2026-06-04 19:55:00,162.75,1000.0,0,0.0,1000.0
2026-06-05 13:30:00,162.8300018310547,1000.0,0,0.0,1000.0
2026-06-05 13:35:00,162.02000427246094,1000.0,0,0.0,1000.0
2026-06-05 13:40:00,161.31500244140625,1000.0,0,0.0,1000.0
2026-06-05 13:45:00,161.15499877929688,1000.0,0,0.0,1000.0
2026-06-05 13:50:00,161.69000244140625,1000.0,0,0.0,1000.0
2026-06-05 13:55:00,161.8300018310547,1000.0,0,0.0,1000.0
2026-06-05 14:00:00,162.2100067138672,1000.0,0,0.0,1000.0
2026-06-05 14:05:00,162.31500244140625,1000.0,0,0.0,1000.0
2026-06-05 14:10:00,162.22000122070312,1000.0,0,0.0,1000.0
2026-06-05 14:15:00,162.75999450683594,1000.0,0,0.0,1000.0
2026-06-05 14:20:00,162.6300048828125,1000.0,0,0.0,1000.0
2026-06-05 14:25:00,162.52999877929688,1000.0,0,0.0,1000.0
2026-06-05 14:30:00,162.72000122070312,1000.0,0,0.0,1000.0
2026-06-05 14:35:00,162.83999633789062,1000.0,0,0.0,1000.0
2026-06-05 14:40:00,162.55999755859375,1000.0,0,0.0,1000.0
2026-06-05 14:45:00,162.9600067138672,1000.0,0,0.0,1000.0
2026-06-05 14:50:00,163.07000732421875,1000.0,0,0.0,1000.0
2026-06-05 14:55:00,163.13999938964844,1000.0,0,0.0,1000.0
2026-06-05 15:00:00,163.2899932861328,1000.0,0,0.0,1000.0
2026-06-05 15:05:00,163.05999755859375,1000.0,0,0.0,1000.0
2026-06-05 15:10:00,163.07000732421875,1000.0,0,0.0,1000.0
2026-06-05 15:15:00,163.02999877929688,1000.0,0,0.0,1000.0
2026-06-05 15:20:00,162.8000030517578,1000.0,0,0.0,1000.0
2026-06-05 15:25:00,162.74000549316406,1000.0,0,0.0,1000.0
2026-06-05 15:30:00,162.65499877929688,1000.0,0,0.0,1000.0
2026-06-05 15:35:00,162.7100067138672,1000.0,0,0.0,1000.0
2026-06-05 15:40:00,162.36000061035156,1000.0,0,0.0,1000.0
2026-06-05 15:45:00,162.47500610351562,1000.0,0,0.0,1000.0
2026-06-05 15:50:00,162.41000366210938,1000.0,0,0.0,1000.0
2026-06-05 15:55:00,162.47000122070312,1000.0,0,0.0,1000.0
2026-06-05 16:00:00,162.3000030517578,1000.0,0,0.0,1000.0
2026-06-05 16:05:00,161.8800048828125,1000.0,0,0.0,1000.0
2026-06-05 16:10:00,161.67999267578125,1000.0,0,0.0,1000.0
2026-06-05 16:15:00,161.57000732421875,1000.0,0,0.0,1000.0
2026-06-05 16:20:00,161.27000427246094,1000.0,0,0.0,1000.0
2026-06-05 16:25:00,161.08999633789062,1000.0,0,0.0,1000.0
2026-06-05 16:30:00,161.0800018310547,1000.0,0,0.0,1000.0
2026-06-05 16:35:00,161.0449981689453,1000.0,0,0.0,1000.0
2026-06-05 16:40:00,160.47999572753906,1000.0,0,0.0,1000.0
2026-06-05 16:45:00,160.63999938964844,1000.0,0,0.0,1000.0
2026-06-05 16:50:00,161.4199981689453,1000.0,0,0.0,1000.0
2026-06-05 16:55:00,161.46499633789062,1000.0,0,0.0,1000.0
2026-06-05 17:00:00,161.27000427246094,1000.0,0,0.0,1000.0
2026-06-05 17:05:00,161.27000427246094,1000.0,0,0.0,1000.0
2026-06-05 17:10:00,161.27999877929688,1000.0,0,0.0,1000.0
2026-06-05 17:15:00,161.2949981689453,1000.0,0,0.0,1000.0
2026-06-05 17:20:00,161.3300018310547,1000.0,0,0.0,1000.0
2026-06-05 17:25:00,161.27000427246094,1000.0,0,0.0,1000.0
2026-06-05 17:30:00,161.3300018310547,1000.0,0,0.0,1000.0
2026-06-05 17:35:00,161.77999877929688,1000.0,0,0.0,1000.0
2026-06-05 17:40:00,161.5399932861328,1000.0,0,0.0,1000.0
2026-06-05 17:45:00,161.49000549316406,1000.0,0,0.0,1000.0
2026-06-05 17:50:00,161.50999450683594,1000.0,0,0.0,1000.0
2026-06-05 17:55:00,161.72999572753906,1000.0,0,0.0,1000.0
2026-06-05 18:00:00,161.47999572753906,1000.0,0,0.0,1000.0
2026-06-05 18:05:00,161.38999938964844,1000.0,0,0.0,1000.0
2026-06-05 18:10:00,161.50999450683594,1000.0,0,0.0,1000.0
2026-06-05 18:15:00,161.47999572753906,1000.0,0,0.0,1000.0
2026-06-05 18:20:00,161.69000244140625,1000.0,0,0.0,1000.0
2026-06-05 18:25:00,161.51939392089844,1000.0,0,0.0,1000.0
2026-06-05 18:30:00,161.6199951171875,1000.0,0,0.0,1000.0
2026-06-05 18:35:00,161.6699981689453,1000.0,0,0.0,1000.0
2026-06-05 18:40:00,161.30999755859375,1000.0,0,0.0,1000.0
2026-06-05 18:45:00,161.33999633789062,1000.0,0,0.0,1000.0
2026-06-05 18:50:00,161.14999389648438,1000.0,0,0.0,1000.0
2026-06-05 18:55:00,161.33999633789062,1000.0,0,0.0,1000.0
2026-06-05 19:00:00,161.21499633789062,1000.0,0,0.0,1000.0
2026-06-05 19:05:00,161.13999938964844,1000.0,0,0.0,1000.0
2026-06-05 19:10:00,160.9425048828125,1000.0,0,0.0,1000.0
2026-06-05 19:15:00,160.67999267578125,1000.0,0,0.0,1000.0
2026-06-05 19:20:00,161.0500030517578,1000.0,0,0.0,1000.0
2026-06-05 19:25:00,161.2050018310547,1000.0,0,0.0,1000.0
2026-06-05 19:30:00,160.86000061035156,1000.0,0,0.0,1000.0
2026-06-05 19:35:00,161.0500030517578,1000.0,0,0.0,1000.0
2026-06-05 19:40:00,160.89500427246094,1000.0,0,0.0,1000.0
2026-06-05 19:45:00,161.25999450683594,1000.0,0,0.0,1000.0
2026-06-05 19:50:00,161.33999633789062,1000.0,0,0.0,1000.0
2026-06-05 19:55:00,161.77999877929688,1000.0,0,0.0,1000.0
2026-06-08 13:30:00,163.07000732421875,1000.0,0,0.0,1000.0
2026-06-08 13:35:00,162.25,1000.0,0,0.0,1000.0
2026-06-08 13:40:00,162.80999755859375,1000.0,0,0.0,1000.0
2026-06-08 13:45:00,162.8000030517578,1000.0,0,0.0,1000.0
2026-06-08 13:50:00,163.02000427246094,1000.0,0,0.0,1000.0
2026-06-08 13:55:00,162.74000549316406,1000.0,0,0.0,1000.0
2026-06-08 14:00:00,162.83999633789062,1000.0,0,0.0,1000.0
2026-06-08 14:05:00,162.88499450683594,1000.0,0,0.0,1000.0
2026-06-08 14:10:00,162.9199981689453,1000.0,0,0.0,1000.0
2026-06-08 14:15:00,163.0500030517578,1000.0,0,0.0,1000.0
2026-06-08 14:20:00,162.5500030517578,1000.0,0,0.0,1000.0
2026-06-08 14:25:00,162.36000061035156,1000.0,0,0.0,1000.0
2026-06-08 14:30:00,162.55999755859375,1000.0,0,0.0,1000.0
2026-06-08 14:35:00,162.63499450683594,1000.0,0,0.0,1000.0
2026-06-08 14:40:00,162.2550048828125,1000.0,0,0.0,1000.0
2026-06-08 14:45:00,162.32000732421875,1000.0,0,0.0,1000.0
2026-06-08 14:50:00,162.33999633789062,1000.0,0,0.0,1000.0
2026-06-08 14:55:00,162.80499267578125,1000.0,0,0.0,1000.0
2026-06-08 15:00:00,162.5800018310547,1000.0,0,0.0,1000.0
2026-06-08 15:05:00,162.61000061035156,1000.0,0,0.0,1000.0
2026-06-08 15:10:00,162.50999450683594,1000.0,0,0.0,1000.0
2026-06-08 15:15:00,162.49000549316406,1000.0,0,0.0,1000.0
2026-06-08 15:20:00,162.50999450683594,1000.0,0,0.0,1000.0
2026-06-08 15:25:00,162.3300018310547,1000.0,0,0.0,1000.0
2026-06-08 15:30:00,162.2899932861328,1000.0,0,0.0,1000.0
2026-06-08 15:35:00,162.44500732421875,1000.0,0,0.0,1000.0
2026-06-08 15:40:00,162.47000122070312,1000.0,0,0.0,1000.0
2026-06-08 15:45:00,162.5,1000.0,0,0.0,1000.0
2026-06-08 15:50:00,162.77499389648438,1000.0,0,0.0,1000.0
2026-06-08 15:55:00,162.69000244140625,1000.0,0,0.0,1000.0
2026-06-08 16:00:00,162.9149932861328,1000.0,0,0.0,1000.0
2026-06-08 16:05:00,162.89500427246094,1000.0,0,0.0,1000.0
2026-06-08 16:10:00,162.89500427246094,1000.0,0,0.0,1000.0
2026-06-08 16:15:00,162.86000061035156,1000.0,0,0.0,1000.0
2026-06-08 16:20:00,162.91000366210938,1000.0,0,0.0,1000.0
2026-06-08 16:25:00,163.02000427246094,1000.0,0,0.0,1000.0
2026-06-08 16:30:00,162.89999389648438,1000.0,0,0.0,1000.0
2026-06-08 16:35:00,162.8300018310547,1000.0,0,0.0,1000.0
2026-06-08 16:40:00,162.57000732421875,1000.0,0,0.0,1000.0
2026-06-08 16:45:00,162.8300018310547,1000.0,0,0.0,1000.0
2026-06-08 16:50:00,162.85000610351562,1000.0,0,0.0,1000.0
2026-06-08 16:55:00,162.78500366210938,1000.0,0,0.0,1000.0
2026-06-08 17:00:00,162.5399932861328,1000.0,0,0.0,1000.0
2026-06-08 17:05:00,162.5,1000.0,0,0.0,1000.0
2026-06-08 17:10:00,162.22250366210938,1000.0,0,0.0,1000.0
2026-06-08 17:15:00,162.22000122070312,1000.0,0,0.0,1000.0
2026-06-08 17:20:00,162.32000732421875,1000.0,0,0.0,1000.0
2026-06-08 17:25:00,162.4600067138672,1000.0,0,0.0,1000.0
2026-06-08 17:30:00,162.25999450683594,1000.0,0,0.0,1000.0
2026-06-08 17:35:00,162.2449951171875,1000.0,0,0.0,1000.0
2026-06-08 17:40:00,162.32000732421875,1000.0,0,0.0,1000.0
2026-06-08 17:45:00,162.36500549316406,1000.0,0,0.0,1000.0
2026-06-08 17:50:00,162.5,1000.0,0,0.0,1000.0
2026-06-08 17:55:00,162.43499755859375,1000.0,0,0.0,1000.0
2026-06-08 18:00:00,162.63999938964844,1000.0,0,0.0,1000.0
2026-06-08 18:05:00,162.69000244140625,1000.0,0,0.0,1000.0
2026-06-08 18:10:00,162.34500122070312,1000.0,0,0.0,1000.0
2026-06-08 18:15:00,162.5500030517578,1000.0,0,0.0,1000.0
2026-06-08 18:20:00,162.5574951171875,1000.0,0,0.0,1000.0
2026-06-08 18:25:00,162.58999633789062,1000.0,0,0.0,1000.0
2026-06-08 18:30:00,162.63999938964844,1000.0,0,0.0,1000.0
2026-06-08 18:35:00,162.49000549316406,1000.0,0,0.0,1000.0
2026-06-08 18:40:00,162.57000732421875,1000.0,0,0.0,1000.0
2026-06-08 18:45:00,162.39999389648438,1000.0,0,0.0,1000.0
2026-06-08 18:50:00,162.5500030517578,1000.0,0,0.0,1000.0
2026-06-08 18:55:00,162.35499572753906,1000.0,0,0.0,1000.0
2026-06-08 19:00:00,162.3800048828125,1000.0,0,0.0,1000.0
2026-06-08 19:05:00,162.2550048828125,1000.0,0,0.0,1000.0
2026-06-08 19:10:00,162.10000610351562,1000.0,0,0.0,1000.0
2026-06-08 19:15:00,162.10000610351562,1000.0,0,0.0,1000.0
2026-06-08 19:20:00,161.9550018310547,1000.0,0,0.0,1000.0
2026-06-08 19:25:00,161.99000549316406,1000.0,0,0.0,1000.0
2026-06-08 19:30:00,161.9250030517578,1000.0,0,0.0,1000.0
2026-06-08 19:35:00,162.0749969482422,1000.0,0,0.0,1000.0
2026-06-08 19:40:00,161.99000549316406,1000.0,0,0.0,1000.0
2026-06-08 19:45:00,161.75,1000.0,0,0.0,1000.0
2026-06-08 19:50:00,161.7899932861328,1000.0,0,0.0,1000.0
2026-06-08 19:55:00,161.85000610351562,1000.0,0,0.0,1000.0
2026-06-09 13:30:00,162.97000122070312,1000.0,0,0.0,1000.0
2026-06-09 13:35:00,163.11000061035156,1000.0,0,0.0,1000.0
2026-06-09 13:40:00,162.6300048828125,1000.0,0,0.0,1000.0
2026-06-09 13:45:00,163.0,1000.0,0,0.0,1000.0
2026-06-09 13:50:00,162.96499633789062,1000.0,0,0.0,1000.0
2026-06-09 13:55:00,163.32000732421875,1000.0,0,0.0,1000.0
2026-06-09 14:00:00,162.5749969482422,1000.0,0,0.0,1000.0
2026-06-09 14:05:00,163.16000366210938,1000.0,0,0.0,1000.0
2026-06-09 14:10:00,162.64999389648438,1000.0,0,0.0,1000.0
2026-06-09 14:15:00,162.02000427246094,1000.0,0,0.0,1000.0
2026-06-09 14:20:00,162.7899932861328,1000.0,0,0.0,1000.0
2026-06-09 14:25:00,162.6199951171875,1000.0,0,0.0,1000.0
2026-06-09 14:30:00,162.72999572753906,1000.0,0,0.0,1000.0
2026-06-09 14:35:00,162.55999755859375,1000.0,0,0.0,1000.0
2026-06-09 14:40:00,162.1750030517578,1000.0,0,0.0,1000.0
2026-06-09 14:45:00,161.10000610351562,1000.0,0,0.0,1000.0
2026-06-09 14:50:00,161.75999450683594,1000.0,0,0.0,1000.0
2026-06-09 14:55:00,162.1999969482422,1000.0,0,0.0,1000.0
2026-06-09 15:00:00,161.80999755859375,1000.0,0,0.0,1000.0
2026-06-09 15:05:00,161.83999633789062,1000.0,0,0.0,1000.0
2026-06-09 15:10:00,161.60000610351562,1000.0,0,0.0,1000.0
2026-06-09 15:15:00,161.1750030517578,1000.0,0,0.0,1000.0
2026-06-09 15:20:00,161.0,1000.0,0,0.0,1000.0
2026-06-09 15:25:00,160.0,1000.0,0,0.0,1000.0
2026-06-09 15:30:00,159.7449951171875,1000.0,0,0.0,1000.0
2026-06-09 15:35:00,159.8000030517578,1000.0,0,0.0,1000.0
2026-06-09 15:40:00,160.3300018310547,1000.0,0,0.0,1000.0
2026-06-09 15:45:00,160.30999755859375,1000.0,0,0.0,1000.0
2026-06-09 15:50:00,160.30499267578125,1000.0,0,0.0,1000.0
2026-06-09 15:55:00,160.05999755859375,1000.0,0,0.0,1000.0
2026-06-09 16:00:00,159.97500610351562,1000.0,0,0.0,1000.0
2026-06-09 16:05:00,159.97000122070312,1000.0,0,0.0,1000.0
2026-06-09 16:10:00,159.92999267578125,1000.0,0,0.0,1000.0
2026-06-09 16:15:00,159.50399780273438,1000.0,0,0.0,1000.0
2026-06-09 16:20:00,159.92999267578125,1000.0,0,0.0,1000.0
2026-06-09 16:25:00,160.16000366210938,1000.0,0,0.0,1000.0
2026-06-09 16:30:00,160.1999969482422,1000.0,0,0.0,1000.0
2026-06-09 16:35:00,159.2899932861328,1000.0,0,0.0,1000.0
2026-06-09 16:40:00,159.55999755859375,1000.0,0,0.0,1000.0
2026-06-09 16:45:00,159.74000549316406,1000.0,0,0.0,1000.0
2026-06-09 16:50:00,159.64500427246094,1000.0,0,0.0,1000.0
2026-06-09 16:55:00,159.7949981689453,1000.0,0,0.0,1000.0
2026-06-09 17:00:00,160.25,1000.0,0,0.0,1000.0
2026-06-09 17:05:00,160.5,1000.0,0,0.0,1000.0
2026-06-09 17:10:00,160.3874969482422,1000.0,0,0.0,1000.0
2026-06-09 17:15:00,160.8000030517578,1000.0,0,0.0,1000.0
2026-06-09 17:20:00,161.35000610351562,1000.0,0,0.0,1000.0
2026-06-09 17:25:00,161.36000061035156,1000.0,0,0.0,1000.0
2026-06-09 17:30:00,161.5500030517578,1000.0,0,0.0,1000.0
2026-06-09 17:35:00,161.72000122070312,1000.0,0,0.0,1000.0
2026-06-09 17:40:00,162.07000732421875,1000.0,0,0.0,1000.0
2026-06-09 17:45:00,161.66000366210938,1000.0,0,0.0,1000.0
2026-06-09 17:50:00,162.16000366210938,1000.0,0,0.0,1000.0
2026-06-09 17:55:00,162.02999877929688,1000.0,0,0.0,1000.0
2026-06-09 18:00:00,161.8699951171875,1000.0,0,0.0,1000.0
2026-06-09 18:05:00,162.05499267578125,1000.0,0,0.0,1000.0
2026-06-09 18:10:00,161.90499877929688,1000.0,0,0.0,1000.0
2026-06-09 18:15:00,162.10000610351562,1000.0,0,0.0,1000.0
2026-06-09 18:20:00,162.1199951171875,1000.0,0,0.0,1000.0
2026-06-09 18:25:00,162.1199951171875,1000.0,0,0.0,1000.0
2026-06-09 18:30:00,162.22999572753906,1000.0,0,0.0,1000.0
2026-06-09 18:35:00,162.3000030517578,1000.0,0,0.0,1000.0
2026-06-09 18:40:00,161.92999267578125,1000.0,0,0.0,1000.0
2026-06-09 18:45:00,162.0850067138672,1000.0,0,0.0,1000.0
2026-06-09 18:50:00,162.24000549316406,1000.0,0,0.0,1000.0
2026-06-09 18:55:00,162.43499755859375,1000.0,0,0.0,1000.0
2026-06-09 19:00:00,162.2949981689453,1000.0,0,0.0,1000.0
2026-06-09 19:05:00,162.47999572753906,1000.0,0,0.0,1000.0
2026-06-09 19:10:00,162.33999633789062,1000.0,0,0.0,1000.0
2026-06-09 19:15:00,162.0800018310547,1000.0,0,0.0,1000.0
2026-06-09 19:20:00,162.02499389648438,1000.0,0,0.0,1000.0
2026-06-09 19:25:00,161.94000244140625,1000.0,0,0.0,1000.0
2026-06-09 19:30:00,161.72000122070312,1000.0,0,0.0,1000.0
2026-06-09 19:35:00,161.6999969482422,1000.0,0,0.0,1000.0
2026-06-09 19:40:00,161.52000427246094,1000.0,0,0.0,1000.0
2026-06-09 19:45:00,161.86000061035156,1000.0,0,0.0,1000.0
2026-06-09 19:50:00,162.5,1000.0,0,0.0,1000.0
2026-06-09 19:55:00,163.2899932861328,1000.0,0,0.0,1000.0
2026-06-10 13:30:00,161.9550018310547,1000.0,0,0.0,1000.0
2026-06-10 13:35:00,162.36000061035156,1000.0,0,0.0,1000.0
2026-06-10 13:40:00,163.13999938964844,1000.0,0,0.0,1000.0
2026-06-10 13:45:00,163.80999755859375,1000.0,0,0.0,1000.0
2026-06-10 13:50:00,163.61500549316406,1000.0,0,0.0,1000.0
2026-06-10 13:55:00,163.1223602294922,1000.0,0,0.0,1000.0
2026-06-10 14:00:00,162.93499755859375,1000.0,0,0.0,1000.0
2026-06-10 14:05:00,162.94000244140625,1000.0,0,0.0,1000.0
2026-06-10 14:10:00,163.05999755859375,1000.0,0,0.0,1000.0
2026-06-10 14:15:00,162.3300018310547,1000.0,0,0.0,1000.0
2026-06-10 14:20:00,162.4600067138672,1000.0,0,0.0,1000.0
2026-06-10 14:25:00,162.27000427246094,1000.0,0,0.0,1000.0
2026-06-10 14:30:00,162.13499450683594,1000.0,0,0.0,1000.0
2026-06-10 14:35:00,161.74000549316406,1000.0,0,0.0,1000.0
2026-06-10 14:40:00,161.36000061035156,1000.0,0,0.0,1000.0
2026-06-10 14:45:00,161.07000732421875,1000.0,0,0.0,1000.0
2026-06-10 14:50:00,160.72000122070312,1000.0,0,0.0,1000.0
2026-06-10 14:55:00,160.74000549316406,1000.0,0,0.0,1000.0
2026-06-10 15:00:00,160.90499877929688,1000.0,0,0.0,1000.0
2026-06-10 15:05:00,160.5500030517578,1000.0,0,0.0,1000.0
2026-06-10 15:10:00,160.10000610351562,1000.0,0,0.0,1000.0
2026-06-10 15:15:00,159.69000244140625,1000.0,0,0.0,1000.0
2026-06-10 15:20:00,159.77000427246094,1000.0,0,0.0,1000.0
2026-06-10 15:25:00,159.94000244140625,1000.0,0,0.0,1000.0
2026-06-10 15:30:00,159.7100067138672,1000.0,0,0.0,1000.0
2026-06-10 15:35:00,159.25999450683594,1000.0,0,0.0,1000.0
2026-06-10 15:40:00,159.61000061035156,1000.0,0,0.0,1000.0
2026-06-10 15:45:00,158.9949951171875,1000.0,0,0.0,1000.0
2026-06-10 15:50:00,159.07000732421875,1000.0,0,0.0,1000.0
2026-06-10 15:55:00,159.56500244140625,1000.0,0,0.0,1000.0
2026-06-10 16:00:00,159.55999755859375,1000.0,0,0.0,1000.0
2026-06-10 16:05:00,159.4600067138672,1000.0,0,0.0,1000.0
2026-06-10 16:10:00,159.6999969482422,1000.0,0,0.0,1000.0
2026-06-10 16:15:00,159.64999389648438,1000.0,0,0.0,1000.0
2026-06-10 16:20:00,159.68499755859375,1000.0,0,0.0,1000.0
2026-06-10 16:25:00,159.6999969482422,1000.0,0,0.0,1000.0
2026-06-10 16:30:00,159.9600067138672,1000.0,0,0.0,1000.0
2026-06-10 16:35:00,159.99000549316406,1000.0,0,0.0,1000.0
2026-06-10 16:40:00,160.0,1000.0,0,0.0,1000.0
2026-06-10 16:45:00,160.1300048828125,1000.0,0,0.0,1000.0
2026-06-10 16:50:00,160.32000732421875,1000.0,0,0.0,1000.0
2026-06-10 16:55:00,160.5800018310547,1000.0,0,0.0,1000.0
2026-06-10 17:00:00,160.97000122070312,1000.0,0,0.0,1000.0
2026-06-10 17:05:00,160.85000610351562,1000.0,0,0.0,1000.0
2026-06-10 17:10:00,160.74000549316406,1000.0,0,0.0,1000.0
2026-06-10 17:15:00,160.83999633789062,1000.0,0,0.0,1000.0
2026-06-10 17:20:00,160.75,1000.0,0,0.0,1000.0
2026-06-10 17:25:00,160.66000366210938,1000.0,0,0.0,1000.0
2026-06-10 17:30:00,160.4600067138672,1000.0,0,0.0,1000.0
2026-06-10 17:35:00,160.22000122070312,1000.0,0,0.0,1000.0
2026-06-10 17:40:00,159.89999389648438,1000.0,0,0.0,1000.0
2026-06-10 17:45:00,161.19000244140625,1000.0,0,0.0,1000.0
2026-06-10 17:50:00,162.72000122070312,1000.0,0,0.0,1000.0
2026-06-10 17:55:00,162.14999389648438,1000.0,0,0.0,1000.0
2026-06-10 18:00:00,163.24749755859375,1000.0,0,0.0,1000.0
2026-06-10 18:05:00,163.5500030517578,1000.0,0,0.0,1000.0
2026-06-10 18:10:00,163.11500549316406,1000.0,0,0.0,1000.0
2026-06-10 18:15:00,162.81280517578125,1000.0,0,0.0,1000.0
2026-06-10 18:20:00,162.6750030517578,1000.0,0,0.0,1000.0
2026-06-10 18:25:00,162.57000732421875,1000.0,0,0.0,1000.0
2026-06-10 18:30:00,162.16000366210938,1000.0,0,0.0,1000.0
2026-06-10 18:35:00,161.7100067138672,1000.0,0,0.0,1000.0
2026-06-10 18:40:00,161.75999450683594,1000.0,0,0.0,1000.0
2026-06-10 18:45:00,162.0399932861328,1000.0,0,0.0,1000.0
2026-06-10 18:50:00,162.64999389648438,1000.0,0,0.0,1000.0
2026-06-10 18:55:00,162.0800018310547,1000.0,0,0.0,1000.0
2026-06-10 19:00:00,161.8699951171875,1000.0,0,0.0,1000.0
2026-06-10 19:05:00,161.61000061035156,1000.0,0,0.0,1000.0
2026-06-10 19:10:00,161.9250030517578,1000.0,0,0.0,1000.0
2026-06-10 19:15:00,161.74000549316406,1000.0,0,0.0,1000.0
2026-06-10 19:20:00,161.47500610351562,1000.0,0,0.0,1000.0
2026-06-10 19:25:00,161.84500122070312,1000.0,0,0.0,1000.0
2026-06-10 19:30:00,162.64500427246094,1000.0,0,0.0,1000.0
2026-06-10 19:35:00,162.89999389648438,1000.0,0,0.0,1000.0
2026-06-10 19:40:00,162.9600067138672,1000.0,0,0.0,1000.0
2026-06-10 19:45:00,162.6699981689453,1000.0,0,0.0,1000.0
2026-06-10 19:50:00,162.0800018310547,1000.0,0,0.0,1000.0
2026-06-10 19:55:00,161.89999389648438,1000.0,0,0.0,1000.0
